Fitter report for PPT_FPGA_CYC_4
Fri Oct 10 14:49:45 2025
Quartus II 64-Bit Version 13.0.1 Build 232 06/12/2013 Service Pack 1 SJ Web Edition


---------------------
; Table of Contents ;
---------------------
  1. Legal Notice
  2. Fitter Summary
  3. Fitter Settings
  4. Parallel Compilation
  5. Ignored Assignments
  6. Incremental Compilation Preservation Summary
  7. Incremental Compilation Partition Settings
  8. Incremental Compilation Placement Preservation
  9. Pin-Out File
 10. Fitter Resource Usage Summary
 11. Fitter Partition Statistics
 12. Input Pins
 13. Output Pins
 14. I/O Bank Usage
 15. All Package Pins
 16. Output Pin Default Load For Reported TCO
 17. Fitter Resource Utilization by Entity
 18. Delay Chain Summary
 19. Pad To Core Delay Chain Fanout
 20. Control Signals
 21. Global & Other Fast Signals
 22. Non-Global High Fan-Out Signals
 23. Other Routing Usage Summary
 24. LAB Logic Elements
 25. LAB-wide Signals
 26. LAB Signals Sourced
 27. LAB Signals Sourced Out
 28. LAB Distinct Inputs
 29. Fitter Device Options
 30. Operating Settings and Conditions
 31. Fitter Messages
 32. Fitter Suppressed Messages



----------------
; Legal Notice ;
----------------
Copyright (C) 1991-2013 Altera Corporation
Your use of Altera Corporation's design tools, logic functions 
and other software and tools, and its AMPP partner logic 
functions, and any output files from any of the foregoing 
(including device programming or simulation files), and any 
associated documentation or information are expressly subject 
to the terms and conditions of the Altera Program License 
Subscription Agreement, Altera MegaCore Function License 
Agreement, or other applicable license agreement, including, 
without limitation, that your use is for the sole purpose of 
programming logic devices manufactured by Altera and sold by 
Altera or its authorized distributors.  Please refer to the 
applicable agreement for further details.



+--------------------------------------------------------------------------------------+
; Fitter Summary                                                                       ;
+------------------------------------+-------------------------------------------------+
; Fitter Status                      ; Successful - Fri Oct 10 14:49:45 2025           ;
; Quartus II 64-Bit Version          ; 13.0.1 Build 232 06/12/2013 SP 1 SJ Web Edition ;
; Revision Name                      ; PPT_FPGA_CYC_4                                  ;
; Top-level Entity Name              ; PPT_FPGA_CYC_4                                  ;
; Family                             ; Cyclone II                                      ;
; Device                             ; EP2C5T144C8                                     ;
; Timing Models                      ; Final                                           ;
; Total logic elements               ; 447 / 4,608 ( 10 % )                            ;
;     Total combinational functions  ; 422 / 4,608 ( 9 % )                             ;
;     Dedicated logic registers      ; 291 / 4,608 ( 6 % )                             ;
; Total registers                    ; 291                                             ;
; Total pins                         ; 25 / 89 ( 28 % )                                ;
; Total virtual pins                 ; 0                                               ;
; Total memory bits                  ; 0 / 119,808 ( 0 % )                             ;
; Embedded Multiplier 9-bit elements ; 0 / 26 ( 0 % )                                  ;
; Total PLLs                         ; 0 / 2 ( 0 % )                                   ;
+------------------------------------+-------------------------------------------------+


+----------------------------------------------------------------------------------------------------------------------------------------------+
; Fitter Settings                                                                                                                              ;
+----------------------------------------------------------------------------+--------------------------------+--------------------------------+
; Option                                                                     ; Setting                        ; Default Value                  ;
+----------------------------------------------------------------------------+--------------------------------+--------------------------------+
; Device                                                                     ; EP2C5T144C8                    ;                                ;
; Minimum Core Junction Temperature                                          ; 0                              ;                                ;
; Maximum Core Junction Temperature                                          ; 85                             ;                                ;
; Fit Attempts to Skip                                                       ; 0                              ; 0.0                            ;
; Device I/O Standard                                                        ; 3.3-V LVCMOS                   ;                                ;
; Use smart compilation                                                      ; Off                            ; Off                            ;
; Enable parallel Assembler and TimeQuest Timing Analyzer during compilation ; On                             ; On                             ;
; Enable compact report table                                                ; Off                            ; Off                            ;
; Auto Merge PLLs                                                            ; On                             ; On                             ;
; Ignore PLL Mode When Merging PLLs                                          ; Off                            ; Off                            ;
; Router Timing Optimization Level                                           ; Normal                         ; Normal                         ;
; Placement Effort Multiplier                                                ; 1.0                            ; 1.0                            ;
; Router Effort Multiplier                                                   ; 1.0                            ; 1.0                            ;
; Always Enable Input Buffers                                                ; Off                            ; Off                            ;
; Optimize Hold Timing                                                       ; IO Paths and Minimum TPD Paths ; IO Paths and Minimum TPD Paths ;
; Optimize Multi-Corner Timing                                               ; On                             ; On                             ;
; PowerPlay Power Optimization                                               ; Normal compilation             ; Normal compilation             ;
; Optimize Timing                                                            ; Normal compilation             ; Normal compilation             ;
; Optimize Timing for ECOs                                                   ; Off                            ; Off                            ;
; Regenerate full fit report during ECO compiles                             ; Off                            ; Off                            ;
; Optimize IOC Register Placement for Timing                                 ; Normal                         ; Normal                         ;
; Limit to One Fitting Attempt                                               ; Off                            ; Off                            ;
; Final Placement Optimizations                                              ; Automatically                  ; Automatically                  ;
; Fitter Aggressive Routability Optimizations                                ; Automatically                  ; Automatically                  ;
; Fitter Initial Placement Seed                                              ; 1                              ; 1                              ;
; PCI I/O                                                                    ; Off                            ; Off                            ;
; Weak Pull-Up Resistor                                                      ; Off                            ; Off                            ;
; Enable Bus-Hold Circuitry                                                  ; Off                            ; Off                            ;
; Auto Global Memory Control Signals                                         ; Off                            ; Off                            ;
; Auto Packed Registers                                                      ; Auto                           ; Auto                           ;
; Auto Delay Chains                                                          ; On                             ; On                             ;
; Auto Delay Chains for High Fanout Input Pins                               ; Off                            ; Off                            ;
; Perform Physical Synthesis for Combinational Logic for Fitting             ; Off                            ; Off                            ;
; Perform Physical Synthesis for Combinational Logic for Performance         ; Off                            ; Off                            ;
; Perform Register Duplication for Performance                               ; Off                            ; Off                            ;
; Perform Logic to Memory Mapping for Fitting                                ; Off                            ; Off                            ;
; Perform Register Retiming for Performance                                  ; Off                            ; Off                            ;
; Perform Asynchronous Signal Pipelining                                     ; Off                            ; Off                            ;
; Fitter Effort                                                              ; Auto Fit                       ; Auto Fit                       ;
; Physical Synthesis Effort Level                                            ; Normal                         ; Normal                         ;
; Auto Global Clock                                                          ; On                             ; On                             ;
; Auto Global Register Control Signals                                       ; On                             ; On                             ;
; Force Fitter to Avoid Periphery Placement Warnings                         ; Off                            ; Off                            ;
+----------------------------------------------------------------------------+--------------------------------+--------------------------------+


Parallel compilation was disabled, but you have multiple processors available. Enable parallel compilation to reduce compilation time.
+-------------------------------------+
; Parallel Compilation                ;
+----------------------------+--------+
; Processors                 ; Number ;
+----------------------------+--------+
; Number detected on machine ; 16     ;
; Maximum allowed            ; 1      ;
+----------------------------+--------+


+----------------------------------------------------------------------------------------------------+
; Ignored Assignments                                                                                ;
+------------------+----------------+--------------+----------------+---------------+----------------+
; Name             ; Ignored Entity ; Ignored From ; Ignored To     ; Ignored Value ; Ignored Source ;
+------------------+----------------+--------------+----------------+---------------+----------------+
; Location         ;                ;              ; RST            ; PIN_144       ; QSF Assignment ;
; Current Strength ; PPT_FPGA_CYC_4 ;              ; B1             ; 4MA           ; QSF Assignment ;
; Current Strength ; PPT_FPGA_CYC_4 ;              ; B2             ; 4MA           ; QSF Assignment ;
; Current Strength ; PPT_FPGA_CYC_4 ;              ; CLK            ; 4MA           ; QSF Assignment ;
; Current Strength ; PPT_FPGA_CYC_4 ;              ; RST            ; 4MA           ; QSF Assignment ;
; Current Strength ; PPT_FPGA_CYC_4 ;              ; cap_done_pin   ; 4MA           ; QSF Assignment ;
; Current Strength ; PPT_FPGA_CYC_4 ;              ; cap_fault_pin  ; 4MA           ; QSF Assignment ;
; Current Strength ; PPT_FPGA_CYC_4 ;              ; rx_pin         ; 4MA           ; QSF Assignment ;
; Current Strength ; PPT_FPGA_CYC_4 ;              ; trig_done_pin  ; 4MA           ; QSF Assignment ;
; Current Strength ; PPT_FPGA_CYC_4 ;              ; trig_fault_pin ; 4MA           ; QSF Assignment ;
+------------------+----------------+--------------+----------------+---------------+----------------+


+----------------------------------------------+
; Incremental Compilation Preservation Summary ;
+---------------------+------------------------+
; Type                ; Value                  ;
+---------------------+------------------------+
; Placement (by node) ;                        ;
;     -- Requested    ; 0 / 741 ( 0.00 % )     ;
;     -- Achieved     ; 0 / 741 ( 0.00 % )     ;
;                     ;                        ;
; Routing (by net)    ;                        ;
;     -- Requested    ; 0 / 0 ( 0.00 % )       ;
;     -- Achieved     ; 0 / 0 ( 0.00 % )       ;
+---------------------+------------------------+


+----------------------------------------------------------------------------------------------------------------------------------------------------------------------------------------+
; Incremental Compilation Partition Settings                                                                                                                                             ;
+--------------------------------+----------------+-------------------+-------------------------+------------------------+------------------------------+--------------------------------+
; Partition Name                 ; Partition Type ; Netlist Type Used ; Preservation Level Used ; Netlist Type Requested ; Preservation Level Requested ; Contents                       ;
+--------------------------------+----------------+-------------------+-------------------------+------------------------+------------------------------+--------------------------------+
; Top                            ; User-created   ; Source File       ; N/A                     ; Source File            ; N/A                          ;                                ;
; hard_block:auto_generated_inst ; Auto-generated ; Source File       ; N/A                     ; Source File            ; N/A                          ; hard_block:auto_generated_inst ;
+--------------------------------+----------------+-------------------+-------------------------+------------------------+------------------------------+--------------------------------+


+------------------------------------------------------------------------------------------------------------+
; Incremental Compilation Placement Preservation                                                             ;
+--------------------------------+---------+-------------------+-------------------------+-------------------+
; Partition Name                 ; # Nodes ; # Preserved Nodes ; Preservation Level Used ; Netlist Type Used ;
+--------------------------------+---------+-------------------+-------------------------+-------------------+
; Top                            ; 739     ; 0                 ; N/A                     ; Source File       ;
; hard_block:auto_generated_inst ; 2       ; 0                 ; N/A                     ; Source File       ;
+--------------------------------+---------+-------------------+-------------------------+-------------------+


+--------------+
; Pin-Out File ;
+--------------+
The pin-out file can be found in C:/Users/gshes/OneDrive/Desktop/PPT_FPGA_CYC_4/output_files/PPT_FPGA_CYC_4.pin.


+--------------------------------------------------------------------+
; Fitter Resource Usage Summary                                      ;
+---------------------------------------------+----------------------+
; Resource                                    ; Usage                ;
+---------------------------------------------+----------------------+
; Total logic elements                        ; 447 / 4,608 ( 10 % ) ;
;     -- Combinational with no register       ; 156                  ;
;     -- Register only                        ; 25                   ;
;     -- Combinational with a register        ; 266                  ;
;                                             ;                      ;
; Logic element usage by number of LUT inputs ;                      ;
;     -- 4 input functions                    ; 171                  ;
;     -- 3 input functions                    ; 59                   ;
;     -- <=2 input functions                  ; 192                  ;
;     -- Register only                        ; 25                   ;
;                                             ;                      ;
; Logic elements by mode                      ;                      ;
;     -- normal mode                          ; 263                  ;
;     -- arithmetic mode                      ; 159                  ;
;                                             ;                      ;
; Total registers*                            ; 291 / 4,851 ( 6 % )  ;
;     -- Dedicated logic registers            ; 291 / 4,608 ( 6 % )  ;
;     -- I/O registers                        ; 0 / 243 ( 0 % )      ;
;                                             ;                      ;
; Total LABs:  partially or completely used   ; 35 / 288 ( 12 % )    ;
; Virtual pins                                ; 0                    ;
; I/O pins                                    ; 25 / 89 ( 28 % )     ;
;     -- Clock pins                           ; 3 / 4 ( 75 % )       ;
;                                             ;                      ;
; Global signals                              ; 1                    ;
; M4Ks                                        ; 0 / 26 ( 0 % )       ;
; Total block memory bits                     ; 0 / 119,808 ( 0 % )  ;
; Total block memory implementation bits      ; 0 / 119,808 ( 0 % )  ;
; Embedded Multiplier 9-bit elements          ; 0 / 26 ( 0 % )       ;
; PLLs                                        ; 0 / 2 ( 0 % )        ;
; Global clocks                               ; 1 / 8 ( 13 % )       ;
; JTAGs                                       ; 0 / 1 ( 0 % )        ;
; ASMI blocks                                 ; 0 / 1 ( 0 % )        ;
; CRC blocks                                  ; 0 / 1 ( 0 % )        ;
; Average interconnect usage (total/H/V)      ; 1% / 1% / 0%         ;
; Peak interconnect usage (total/H/V)         ; 1% / 2% / 0%         ;
; Maximum fan-out                             ; 291                  ;
; Highest non-global fan-out                  ; 25                   ;
; Total fan-out                               ; 2070                 ;
; Average fan-out                             ; 2.73                 ;
+---------------------------------------------+----------------------+
*  Register count does not include registers inside RAM blocks or DSP blocks.



+----------------------------------------------------------------------------------------------------+
; Fitter Partition Statistics                                                                        ;
+---------------------------------------------+---------------------+--------------------------------+
; Statistic                                   ; Top                 ; hard_block:auto_generated_inst ;
+---------------------------------------------+---------------------+--------------------------------+
; Difficulty Clustering Region                ; Low                 ; Low                            ;
;                                             ;                     ;                                ;
; Total logic elements                        ; 447 / 4608 ( 10 % ) ; 0 / 4608 ( 0 % )               ;
;     -- Combinational with no register       ; 156                 ; 0                              ;
;     -- Register only                        ; 25                  ; 0                              ;
;     -- Combinational with a register        ; 266                 ; 0                              ;
;                                             ;                     ;                                ;
; Logic element usage by number of LUT inputs ;                     ;                                ;
;     -- 4 input functions                    ; 171                 ; 0                              ;
;     -- 3 input functions                    ; 59                  ; 0                              ;
;     -- <=2 input functions                  ; 192                 ; 0                              ;
;     -- Register only                        ; 25                  ; 0                              ;
;                                             ;                     ;                                ;
; Logic elements by mode                      ;                     ;                                ;
;     -- normal mode                          ; 263                 ; 0                              ;
;     -- arithmetic mode                      ; 159                 ; 0                              ;
;                                             ;                     ;                                ;
; Total registers                             ; 291                 ; 0                              ;
;     -- Dedicated logic registers            ; 291 / 4608 ( 6 % )  ; 0 / 4608 ( 0 % )               ;
;                                             ;                     ;                                ;
; Total LABs:  partially or completely used   ; 35 / 288 ( 12 % )   ; 0 / 288 ( 0 % )                ;
;                                             ;                     ;                                ;
; Virtual pins                                ; 0                   ; 0                              ;
; I/O pins                                    ; 25                  ; 0                              ;
; Embedded Multiplier 9-bit elements          ; 0 / 26 ( 0 % )      ; 0 / 26 ( 0 % )                 ;
; Total memory bits                           ; 0                   ; 0                              ;
; Total RAM block bits                        ; 0                   ; 0                              ;
; Clock control block                         ; 1 / 10 ( 10 % )     ; 0 / 10 ( 0 % )                 ;
;                                             ;                     ;                                ;
; Connections                                 ;                     ;                                ;
;     -- Input Connections                    ; 0                   ; 0                              ;
;     -- Registered Input Connections         ; 0                   ; 0                              ;
;     -- Output Connections                   ; 0                   ; 0                              ;
;     -- Registered Output Connections        ; 0                   ; 0                              ;
;                                             ;                     ;                                ;
; Internal Connections                        ;                     ;                                ;
;     -- Total Connections                    ; 2070                ; 0                              ;
;     -- Registered Connections               ; 881                 ; 0                              ;
;                                             ;                     ;                                ;
; External Connections                        ;                     ;                                ;
;     -- Top                                  ; 0                   ; 0                              ;
;     -- hard_block:auto_generated_inst       ; 0                   ; 0                              ;
;                                             ;                     ;                                ;
; Partition Interface                         ;                     ;                                ;
;     -- Input Ports                          ; 8                   ; 0                              ;
;     -- Output Ports                         ; 17                  ; 0                              ;
;     -- Bidir Ports                          ; 0                   ; 0                              ;
;                                             ;                     ;                                ;
; Registered Ports                            ;                     ;                                ;
;     -- Registered Input Ports               ; 0                   ; 0                              ;
;     -- Registered Output Ports              ; 0                   ; 0                              ;
;                                             ;                     ;                                ;
; Port Connectivity                           ;                     ;                                ;
;     -- Input Ports driven by GND            ; 0                   ; 0                              ;
;     -- Output Ports driven by GND           ; 0                   ; 0                              ;
;     -- Input Ports driven by VCC            ; 0                   ; 0                              ;
;     -- Output Ports driven by VCC           ; 0                   ; 0                              ;
;     -- Input Ports with no Source           ; 0                   ; 0                              ;
;     -- Output Ports with no Source          ; 0                   ; 0                              ;
;     -- Input Ports with no Fanout           ; 0                   ; 0                              ;
;     -- Output Ports with no Fanout          ; 0                   ; 0                              ;
+---------------------------------------------+---------------------+--------------------------------+


+----------------------------------------------------------------------------------------------------------------------------------------------------------------------------------------------------------------------------------------------------------------------+
; Input Pins                                                                                                                                                                                                                                                           ;
+----------------+-------+----------+--------------+--------------+-------------+-----------------------+--------------------+--------+----------------+---------------+-----------------+----------+--------------+--------------+-------------+----------------------+
; Name           ; Pin # ; I/O Bank ; X coordinate ; Y coordinate ; Cell number ; Combinational Fan-Out ; Registered Fan-Out ; Global ; Input Register ; Power Up High ; PCI I/O Enabled ; Bus Hold ; Weak Pull Up ; I/O Standard ; Termination ; Location assigned by ;
+----------------+-------+----------+--------------+--------------+-------------+-----------------------+--------------------+--------+----------------+---------------+-----------------+----------+--------------+--------------+-------------+----------------------+
; B1             ; 74    ; 3        ; 28           ; 1            ; 0           ; 1                     ; 0                  ; no     ; no             ; no            ; no              ; no       ; Off          ; 3.3-V LVCMOS ; Off         ; User                 ;
; B2             ; 73    ; 3        ; 28           ; 1            ; 1           ; 1                     ; 0                  ; no     ; no             ; no            ; no              ; no       ; Off          ; 3.3-V LVCMOS ; Off         ; User                 ;
; CLK            ; 17    ; 1        ; 0            ; 6            ; 0           ; 1                     ; 0                  ; yes    ; no             ; no            ; no              ; no       ; Off          ; 3.3-V LVCMOS ; Off         ; User                 ;
; cap_done_pin   ; 93    ; 3        ; 28           ; 8            ; 0           ; 1                     ; 0                  ; no     ; no             ; no            ; no              ; no       ; Off          ; 3.3-V LVCMOS ; Off         ; User                 ;
; cap_fault_pin  ; 94    ; 3        ; 28           ; 9            ; 2           ; 1                     ; 0                  ; no     ; no             ; no            ; no              ; no       ; Off          ; 3.3-V LVCMOS ; Off         ; User                 ;
; rx_pin         ; 80    ; 3        ; 28           ; 5            ; 2           ; 1                     ; 0                  ; no     ; no             ; no            ; no              ; no       ; Off          ; 3.3-V LVCMOS ; Off         ; User                 ;
; trig_done_pin  ; 90    ; 3        ; 28           ; 7            ; 1           ; 1                     ; 0                  ; no     ; no             ; no            ; no              ; no       ; Off          ; 3.3-V LVCMOS ; Off         ; User                 ;
; trig_fault_pin ; 89    ; 3        ; 28           ; 7            ; 2           ; 1                     ; 0                  ; no     ; no             ; no            ; no              ; no       ; Off          ; 3.3-V LVCMOS ; Off         ; User                 ;
+----------------+-------+----------+--------------+--------------+-------------+-----------------------+--------------------+--------+----------------+---------------+-----------------+----------+--------------+--------------+-------------+----------------------+


+---------------------------------------------------------------------------------------------------------------------------------------------------------------------------------------------------------------------------------------------------------------------------------------------------------------------------------------------+
; Output Pins                                                                                                                                                                                                                                                                                                                                 ;
+---------------+-------+----------+--------------+--------------+-------------+-----------------+------------------------+---------------+-----------------+------------+---------------+----------+--------------+--------------+------------------+-------------+----------------------+------+----------------------+---------------------+
; Name          ; Pin # ; I/O Bank ; X coordinate ; Y coordinate ; Cell number ; Output Register ; Output Enable Register ; Power Up High ; PCI I/O Enabled ; Open Drain ; TRI Primitive ; Bus Hold ; Weak Pull Up ; I/O Standard ; Current Strength ; Termination ; Location assigned by ; Load ; Output Enable Source ; Output Enable Group ;
+---------------+-------+----------+--------------+--------------+-------------+-----------------+------------------------+---------------+-----------------+------------+---------------+----------+--------------+--------------+------------------+-------------+----------------------+------+----------------------+---------------------+
; D2_LED        ; 3     ; 1        ; 0            ; 13           ; 2           ; no              ; no                     ; no            ; no              ; no         ; no            ; no       ; Off          ; 3.3-V LVCMOS ; 4mA              ; Off         ; User                 ; 0 pF ; -                    ; -                   ;
; D4_LED        ; 7     ; 1        ; 0            ; 11           ; 1           ; no              ; no                     ; no            ; no              ; no         ; no            ; no       ; Off          ; 3.3-V LVCMOS ; 4mA              ; Off         ; User                 ; 0 pF ; -                    ; -                   ;
; D5_LED        ; 9     ; 1        ; 0            ; 11           ; 3           ; no              ; no                     ; no            ; no              ; no         ; no            ; no       ; Off          ; 3.3-V LVCMOS ; 4mA              ; Off         ; User                 ; 0 pF ; -                    ; -                   ;
; LED1          ; 76    ; 3        ; 28           ; 2            ; 0           ; no              ; no                     ; no            ; no              ; no         ; no            ; no       ; Off          ; 3.3-V LVCMOS ; 4mA              ; Off         ; User                 ; 0 pF ; -                    ; -                   ;
; LED2          ; 75    ; 3        ; 28           ; 2            ; 1           ; no              ; no                     ; no            ; no              ; no         ; no            ; no       ; Off          ; 3.3-V LVCMOS ; 4mA              ; Off         ; User                 ; 0 pF ; -                    ; -                   ;
; cap_12V       ; 112   ; 2        ; 26           ; 14           ; 0           ; no              ; no                     ; no            ; no              ; no         ; no            ; no       ; Off          ; 3.3-V LVCMOS ; 4mA              ; Off         ; User                 ; 0 pF ; -                    ; -                   ;
; cap_on_pin    ; 96    ; 3        ; 28           ; 9            ; 1           ; no              ; no                     ; no            ; no              ; no         ; no            ; no       ; Off          ; 3.3-V LVCMOS ; 4mA              ; Off         ; User                 ; 0 pF ; -                    ; -                   ;
; spark_pwr     ; 99    ; 3        ; 28           ; 11           ; 2           ; no              ; no                     ; no            ; no              ; no         ; no            ; no       ; Off          ; 3.3-V LVCMOS ; 4mA              ; Off         ; User                 ; 0 pF ; -                    ; -                   ;
; spark_trig    ; 86    ; 3        ; 28           ; 6            ; 1           ; no              ; no                     ; no            ; no              ; no         ; no            ; no       ; Off          ; 3.3-V LVCMOS ; 4mA              ; Off         ; User                 ; 0 pF ; -                    ; -                   ;
; spi_clk       ; 101   ; 3        ; 28           ; 11           ; 0           ; no              ; no                     ; no            ; no              ; no         ; no            ; no       ; Off          ; 3.3-V LVCMOS ; 12mA             ; Off         ; User                 ; 0 pF ; -                    ; -                   ;
; spi_cs_1      ; 97    ; 3        ; 28           ; 9            ; 0           ; no              ; no                     ; no            ; no              ; no         ; no            ; no       ; Off          ; 3.3-V LVCMOS ; 12mA             ; Off         ; User                 ; 0 pF ; -                    ; -                   ;
; spi_cs_2      ; 103   ; 3        ; 28           ; 12           ; 1           ; no              ; no                     ; no            ; no              ; no         ; no            ; no       ; Off          ; 3.3-V LVCMOS ; 12mA             ; Off         ; User                 ; 0 pF ; -                    ; -                   ;
; spi_sdi       ; 100   ; 3        ; 28           ; 11           ; 1           ; no              ; no                     ; no            ; no              ; no         ; no            ; no       ; Off          ; 3.3-V LVCMOS ; 12mA             ; Off         ; User                 ; 0 pF ; -                    ; -                   ;
; switching_pin ; 104   ; 3        ; 28           ; 12           ; 0           ; no              ; no                     ; no            ; no              ; no         ; no            ; no       ; Off          ; 3.3-V LVCMOS ; 4mA              ; Off         ; User                 ; 0 pF ; -                    ; -                   ;
; trig_12V      ; 114   ; 2        ; 26           ; 14           ; 2           ; no              ; no                     ; no            ; no              ; no         ; no            ; no       ; Off          ; 3.3-V LVCMOS ; 4mA              ; Off         ; User                 ; 0 pF ; -                    ; -                   ;
; trig_on_pin   ; 81    ; 3        ; 28           ; 5            ; 1           ; no              ; no                     ; no            ; no              ; no         ; no            ; no       ; Off          ; 3.3-V LVCMOS ; 4mA              ; Off         ; User                 ; 0 pF ; -                    ; -                   ;
; tx_pin        ; 79    ; 3        ; 28           ; 5            ; 4           ; no              ; no                     ; no            ; no              ; no         ; no            ; no       ; Off          ; 3.3-V LVCMOS ; 4mA              ; Off         ; User                 ; 0 pF ; -                    ; -                   ;
+---------------+-------+----------+--------------+--------------+-------------+-----------------+------------------------+---------------+-----------------+------------+---------------+----------+--------------+--------------+------------------+-------------+----------------------+------+----------------------+---------------------+


+------------------------------------------------------------+
; I/O Bank Usage                                             ;
+----------+------------------+---------------+--------------+
; I/O Bank ; Usage            ; VCCIO Voltage ; VREF Voltage ;
+----------+------------------+---------------+--------------+
; 1        ; 6 / 19 ( 32 % )  ; 3.3V          ; --           ;
; 2        ; 2 / 23 ( 9 % )   ; 3.3V          ; --           ;
; 3        ; 19 / 23 ( 83 % ) ; 3.3V          ; --           ;
; 4        ; 0 / 24 ( 0 % )   ; 3.3V          ; --           ;
+----------+------------------+---------------+--------------+


+------------------------------------------------------------------------------------------------------------------------------------------------------------------------+
; All Package Pins                                                                                                                                                       ;
+----------+------------+----------+------------------------------------------+--------+--------------+---------+------------+-----------------+----------+--------------+
; Location ; Pad Number ; I/O Bank ; Pin Name/Usage                           ; Dir.   ; I/O Standard ; Voltage ; I/O Type   ; User Assignment ; Bus Hold ; Weak Pull Up ;
+----------+------------+----------+------------------------------------------+--------+--------------+---------+------------+-----------------+----------+--------------+
; 1        ; 0          ; 1        ; ~ASDO~ / RESERVED_INPUT_WITH_WEAK_PULLUP ; input  ; 3.3-V LVCMOS ;         ; Row I/O    ; N               ; no       ; On           ;
; 2        ; 1          ; 1        ; ~nCSO~ / RESERVED_INPUT_WITH_WEAK_PULLUP ; input  ; 3.3-V LVCMOS ;         ; Row I/O    ; N               ; no       ; On           ;
; 3        ; 2          ; 1        ; D2_LED                                   ; output ; 3.3-V LVCMOS ;         ; Row I/O    ; Y               ; no       ; Off          ;
; 4        ; 3          ; 1        ; GND*                                     ;        ;              ;         ; Row I/O    ;                 ; no       ; Off          ;
; 5        ;            ; 1        ; VCCIO1                                   ; power  ;              ; 3.3V    ; --         ;                 ; --       ; --           ;
; 6        ;            ;          ; GND                                      ; gnd    ;              ;         ; --         ;                 ; --       ; --           ;
; 7        ; 10         ; 1        ; D4_LED                                   ; output ; 3.3-V LVCMOS ;         ; Row I/O    ; Y               ; no       ; Off          ;
; 8        ; 11         ; 1        ; GND*                                     ;        ;              ;         ; Row I/O    ;                 ; no       ; Off          ;
; 9        ; 12         ; 1        ; D5_LED                                   ; output ; 3.3-V LVCMOS ;         ; Row I/O    ; Y               ; no       ; Off          ;
; 10       ; 13         ; 1        ; #TDO                                     ; output ;              ;         ; --         ;                 ; --       ; --           ;
; 11       ; 14         ; 1        ; #TMS                                     ; input  ;              ;         ; --         ;                 ; --       ; --           ;
; 12       ; 15         ; 1        ; #TCK                                     ; input  ;              ;         ; --         ;                 ; --       ; --           ;
; 13       ; 16         ; 1        ; #TDI                                     ; input  ;              ;         ; --         ;                 ; --       ; --           ;
; 14       ; 17         ; 1        ; ^DATA0                                   ; input  ;              ;         ; --         ;                 ; --       ; --           ;
; 15       ; 18         ; 1        ; ^DCLK                                    ;        ;              ;         ; --         ;                 ; --       ; --           ;
; 16       ; 19         ; 1        ; ^nCE                                     ;        ;              ;         ; --         ;                 ; --       ; --           ;
; 17       ; 20         ; 1        ; CLK                                      ; input  ; 3.3-V LVCMOS ;         ; Row I/O    ; Y               ; no       ; Off          ;
; 18       ; 21         ; 1        ; GND+                                     ;        ;              ;         ; Row I/O    ;                 ; --       ; --           ;
; 19       ;            ;          ; GND                                      ; gnd    ;              ;         ; --         ;                 ; --       ; --           ;
; 20       ; 22         ; 1        ; ^nCONFIG                                 ;        ;              ;         ; --         ;                 ; --       ; --           ;
; 21       ; 23         ; 1        ; GND+                                     ;        ;              ;         ; Row I/O    ;                 ; --       ; --           ;
; 22       ; 24         ; 1        ; GND+                                     ;        ;              ;         ; Row I/O    ;                 ; --       ; --           ;
; 23       ;            ; 1        ; VCCIO1                                   ; power  ;              ; 3.3V    ; --         ;                 ; --       ; --           ;
; 24       ; 25         ; 1        ; GND*                                     ;        ;              ;         ; Row I/O    ;                 ; no       ; Off          ;
; 25       ; 26         ; 1        ; GND*                                     ;        ;              ;         ; Row I/O    ;                 ; no       ; Off          ;
; 26       ; 27         ; 1        ; GND*                                     ;        ;              ;         ; Row I/O    ;                 ; no       ; Off          ;
; 27       ; 28         ; 1        ; GND*                                     ;        ;              ;         ; Row I/O    ;                 ; no       ; Off          ;
; 28       ; 32         ; 1        ; GND*                                     ;        ;              ;         ; Row I/O    ;                 ; --       ; --           ;
; 29       ;            ; 1        ; VCCIO1                                   ; power  ;              ; 3.3V    ; --         ;                 ; --       ; --           ;
; 30       ; 40         ; 1        ; GND*                                     ;        ;              ;         ; Row I/O    ;                 ; no       ; Off          ;
; 31       ; 41         ; 1        ; GND*                                     ;        ;              ;         ; Row I/O    ;                 ; no       ; Off          ;
; 32       ; 42         ; 1        ; GND*                                     ;        ;              ;         ; Row I/O    ;                 ; no       ; Off          ;
; 33       ;            ;          ; GND                                      ; gnd    ;              ;         ; --         ;                 ; --       ; --           ;
; 34       ;            ;          ; GND_PLL1                                 ; gnd    ;              ;         ; --         ;                 ; --       ; --           ;
; 35       ;            ;          ; VCCD_PLL1                                ; power  ;              ; 1.2V    ; --         ;                 ; --       ; --           ;
; 36       ;            ;          ; GND_PLL1                                 ; gnd    ;              ;         ; --         ;                 ; --       ; --           ;
; 37       ;            ;          ; VCCA_PLL1                                ; power  ;              ; 1.2V    ; --         ;                 ; --       ; --           ;
; 38       ;            ;          ; GNDA_PLL1                                ; gnd    ;              ;         ; --         ;                 ; --       ; --           ;
; 39       ;            ;          ; GND                                      ; gnd    ;              ;         ; --         ;                 ; --       ; --           ;
; 40       ; 43         ; 4        ; GND*                                     ;        ;              ;         ; Column I/O ;                 ; no       ; Off          ;
; 41       ; 44         ; 4        ; GND*                                     ;        ;              ;         ; Column I/O ;                 ; no       ; Off          ;
; 42       ; 45         ; 4        ; GND*                                     ;        ;              ;         ; Column I/O ;                 ; no       ; Off          ;
; 43       ; 46         ; 4        ; GND*                                     ;        ;              ;         ; Column I/O ;                 ; no       ; Off          ;
; 44       ; 47         ; 4        ; GND*                                     ;        ;              ;         ; Column I/O ;                 ; no       ; Off          ;
; 45       ; 48         ; 4        ; GND*                                     ;        ;              ;         ; Column I/O ;                 ; no       ; Off          ;
; 46       ;            ; 4        ; VCCIO4                                   ; power  ;              ; 3.3V    ; --         ;                 ; --       ; --           ;
; 47       ; 49         ; 4        ; GND*                                     ;        ;              ;         ; Column I/O ;                 ; no       ; Off          ;
; 48       ; 50         ; 4        ; GND*                                     ;        ;              ;         ; Column I/O ;                 ; no       ; Off          ;
; 49       ;            ;          ; GND                                      ; gnd    ;              ;         ; --         ;                 ; --       ; --           ;
; 50       ;            ;          ; VCCINT                                   ; power  ;              ; 1.2V    ; --         ;                 ; --       ; --           ;
; 51       ; 52         ; 4        ; GND*                                     ;        ;              ;         ; Column I/O ;                 ; --       ; --           ;
; 52       ; 53         ; 4        ; GND*                                     ;        ;              ;         ; Column I/O ;                 ; no       ; Off          ;
; 53       ; 57         ; 4        ; GND*                                     ;        ;              ;         ; Column I/O ;                 ; no       ; Off          ;
; 54       ;            ; 4        ; VCCIO4                                   ; power  ;              ; 3.3V    ; --         ;                 ; --       ; --           ;
; 55       ; 58         ; 4        ; GND*                                     ;        ;              ;         ; Column I/O ;                 ; no       ; Off          ;
; 56       ;            ;          ; GND                                      ; gnd    ;              ;         ; --         ;                 ; --       ; --           ;
; 57       ; 59         ; 4        ; GND*                                     ;        ;              ;         ; Column I/O ;                 ; no       ; Off          ;
; 58       ; 60         ; 4        ; GND*                                     ;        ;              ;         ; Column I/O ;                 ; no       ; Off          ;
; 59       ; 63         ; 4        ; GND*                                     ;        ;              ;         ; Column I/O ;                 ; no       ; Off          ;
; 60       ; 64         ; 4        ; GND*                                     ;        ;              ;         ; Column I/O ;                 ; no       ; Off          ;
; 61       ;            ;          ; GND                                      ; gnd    ;              ;         ; --         ;                 ; --       ; --           ;
; 62       ;            ;          ; VCCINT                                   ; power  ;              ; 1.2V    ; --         ;                 ; --       ; --           ;
; 63       ; 72         ; 4        ; GND*                                     ;        ;              ;         ; Column I/O ;                 ; --       ; --           ;
; 64       ; 75         ; 4        ; GND*                                     ;        ;              ;         ; Column I/O ;                 ; no       ; Off          ;
; 65       ; 76         ; 4        ; GND*                                     ;        ;              ;         ; Column I/O ;                 ; no       ; Off          ;
; 66       ;            ; 4        ; VCCIO4                                   ; power  ;              ; 3.3V    ; --         ;                 ; --       ; --           ;
; 67       ; 79         ; 4        ; GND*                                     ;        ;              ;         ; Column I/O ;                 ; no       ; Off          ;
; 68       ;            ;          ; GND                                      ; gnd    ;              ;         ; --         ;                 ; --       ; --           ;
; 69       ; 80         ; 4        ; GND*                                     ;        ;              ;         ; Column I/O ;                 ; no       ; Off          ;
; 70       ; 81         ; 4        ; GND*                                     ;        ;              ;         ; Column I/O ;                 ; no       ; Off          ;
; 71       ; 82         ; 4        ; GND*                                     ;        ;              ;         ; Column I/O ;                 ; no       ; Off          ;
; 72       ; 83         ; 4        ; GND*                                     ;        ;              ;         ; Column I/O ;                 ; no       ; Off          ;
; 73       ; 84         ; 3        ; B2                                       ; input  ; 3.3-V LVCMOS ;         ; Row I/O    ; Y               ; no       ; Off          ;
; 74       ; 85         ; 3        ; B1                                       ; input  ; 3.3-V LVCMOS ;         ; Row I/O    ; Y               ; no       ; Off          ;
; 75       ; 86         ; 3        ; LED2                                     ; output ; 3.3-V LVCMOS ;         ; Row I/O    ; Y               ; no       ; Off          ;
; 76       ; 87         ; 3        ; LED1                                     ; output ; 3.3-V LVCMOS ;         ; Row I/O    ; Y               ; no       ; Off          ;
; 77       ;            ; 3        ; VCCIO3                                   ; power  ;              ; 3.3V    ; --         ;                 ; --       ; --           ;
; 78       ;            ;          ; GND                                      ; gnd    ;              ;         ; --         ;                 ; --       ; --           ;
; 79       ; 95         ; 3        ; tx_pin                                   ; output ; 3.3-V LVCMOS ;         ; Row I/O    ; Y               ; no       ; Off          ;
; 80       ; 97         ; 3        ; rx_pin                                   ; input  ; 3.3-V LVCMOS ;         ; Row I/O    ; Y               ; no       ; Off          ;
; 81       ; 98         ; 3        ; trig_on_pin                              ; output ; 3.3-V LVCMOS ;         ; Row I/O    ; Y               ; no       ; Off          ;
; 82       ; 99         ; 3        ; ^nSTATUS                                 ;        ;              ;         ; --         ;                 ; --       ; --           ;
; 83       ; 100        ; 3        ; ^CONF_DONE                               ;        ;              ;         ; --         ;                 ; --       ; --           ;
; 84       ; 101        ; 3        ; ^MSEL1                                   ;        ;              ;         ; --         ;                 ; --       ; --           ;
; 85       ; 102        ; 3        ; ^MSEL0                                   ;        ;              ;         ; --         ;                 ; --       ; --           ;
; 86       ; 103        ; 3        ; spark_trig                               ; output ; 3.3-V LVCMOS ;         ; Row I/O    ; Y               ; no       ; Off          ;
; 87       ; 104        ; 3        ; GND*                                     ;        ;              ;         ; Row I/O    ;                 ; no       ; Off          ;
; 88       ; 105        ; 3        ; GND+                                     ;        ;              ;         ; Row I/O    ;                 ; --       ; --           ;
; 89       ; 106        ; 3        ; trig_fault_pin                           ; input  ; 3.3-V LVCMOS ;         ; Row I/O    ; Y               ; no       ; Off          ;
; 90       ; 107        ; 3        ; trig_done_pin                            ; input  ; 3.3-V LVCMOS ;         ; Row I/O    ; Y               ; no       ; Off          ;
; 91       ; 108        ; 3        ; GND+                                     ;        ;              ;         ; Row I/O    ;                 ; --       ; --           ;
; 92       ; 109        ; 3        ; GND*                                     ;        ;              ;         ; Row I/O    ;                 ; no       ; Off          ;
; 93       ; 110        ; 3        ; cap_done_pin                             ; input  ; 3.3-V LVCMOS ;         ; Row I/O    ; Y               ; no       ; Off          ;
; 94       ; 111        ; 3        ; cap_fault_pin                            ; input  ; 3.3-V LVCMOS ;         ; Row I/O    ; Y               ; no       ; Off          ;
; 95       ;            ; 3        ; VCCIO3                                   ; power  ;              ; 3.3V    ; --         ;                 ; --       ; --           ;
; 96       ; 112        ; 3        ; cap_on_pin                               ; output ; 3.3-V LVCMOS ;         ; Row I/O    ; Y               ; no       ; Off          ;
; 97       ; 113        ; 3        ; spi_cs_1                                 ; output ; 3.3-V LVCMOS ;         ; Row I/O    ; Y               ; no       ; Off          ;
; 98       ;            ;          ; GND                                      ; gnd    ;              ;         ; --         ;                 ; --       ; --           ;
; 99       ; 119        ; 3        ; spark_pwr                                ; output ; 3.3-V LVCMOS ;         ; Row I/O    ; Y               ; no       ; Off          ;
; 100      ; 120        ; 3        ; spi_sdi                                  ; output ; 3.3-V LVCMOS ;         ; Row I/O    ; Y               ; no       ; Off          ;
; 101      ; 121        ; 3        ; spi_clk                                  ; output ; 3.3-V LVCMOS ;         ; Row I/O    ; Y               ; no       ; Off          ;
; 102      ;            ; 3        ; VCCIO3                                   ; power  ;              ; 3.3V    ; --         ;                 ; --       ; --           ;
; 103      ; 125        ; 3        ; spi_cs_2                                 ; output ; 3.3-V LVCMOS ;         ; Row I/O    ; Y               ; no       ; Off          ;
; 104      ; 126        ; 3        ; switching_pin                            ; output ; 3.3-V LVCMOS ;         ; Row I/O    ; Y               ; no       ; Off          ;
; 105      ;            ;          ; GND                                      ; gnd    ;              ;         ; --         ;                 ; --       ; --           ;
; 106      ;            ;          ; GND_PLL2                                 ; gnd    ;              ;         ; --         ;                 ; --       ; --           ;
; 107      ;            ;          ; VCCD_PLL2                                ; power  ;              ; 1.2V    ; --         ;                 ; --       ; --           ;
; 108      ;            ;          ; GND_PLL2                                 ; gnd    ;              ;         ; --         ;                 ; --       ; --           ;
; 109      ;            ;          ; VCCA_PLL2                                ; power  ;              ; 1.2V    ; --         ;                 ; --       ; --           ;
; 110      ;            ;          ; GNDA_PLL2                                ; gnd    ;              ;         ; --         ;                 ; --       ; --           ;
; 111      ;            ;          ; GND                                      ; gnd    ;              ;         ; --         ;                 ; --       ; --           ;
; 112      ; 127        ; 2        ; cap_12V                                  ; output ; 3.3-V LVCMOS ;         ; Column I/O ; Y               ; no       ; Off          ;
; 113      ; 128        ; 2        ; GND*                                     ;        ;              ;         ; Column I/O ;                 ; no       ; Off          ;
; 114      ; 129        ; 2        ; trig_12V                                 ; output ; 3.3-V LVCMOS ;         ; Column I/O ; Y               ; no       ; Off          ;
; 115      ; 130        ; 2        ; GND*                                     ;        ;              ;         ; Column I/O ;                 ; no       ; Off          ;
; 116      ;            ; 2        ; VCCIO2                                   ; power  ;              ; 3.3V    ; --         ;                 ; --       ; --           ;
; 117      ;            ;          ; GND                                      ; gnd    ;              ;         ; --         ;                 ; --       ; --           ;
; 118      ; 134        ; 2        ; GND*                                     ;        ;              ;         ; Column I/O ;                 ; no       ; Off          ;
; 119      ; 135        ; 2        ; GND*                                     ;        ;              ;         ; Column I/O ;                 ; no       ; Off          ;
; 120      ; 137        ; 2        ; GND*                                     ;        ;              ;         ; Column I/O ;                 ; --       ; --           ;
; 121      ; 138        ; 2        ; GND*                                     ;        ;              ;         ; Column I/O ;                 ; no       ; Off          ;
; 122      ; 139        ; 2        ; GND*                                     ;        ;              ;         ; Column I/O ;                 ; no       ; Off          ;
; 123      ;            ;          ; GND                                      ; gnd    ;              ;         ; --         ;                 ; --       ; --           ;
; 124      ;            ;          ; VCCINT                                   ; power  ;              ; 1.2V    ; --         ;                 ; --       ; --           ;
; 125      ; 144        ; 2        ; GND*                                     ;        ;              ;         ; Column I/O ;                 ; no       ; Off          ;
; 126      ; 145        ; 2        ; GND*                                     ;        ;              ;         ; Column I/O ;                 ; no       ; Off          ;
; 127      ;            ; 2        ; VCCIO2                                   ; power  ;              ; 3.3V    ; --         ;                 ; --       ; --           ;
; 128      ;            ;          ; GND                                      ; gnd    ;              ;         ; --         ;                 ; --       ; --           ;
; 129      ; 148        ; 2        ; GND*                                     ;        ;              ;         ; Column I/O ;                 ; no       ; Off          ;
; 130      ;            ;          ; GND                                      ; gnd    ;              ;         ; --         ;                 ; --       ; --           ;
; 131      ;            ;          ; VCCINT                                   ; power  ;              ; 1.2V    ; --         ;                 ; --       ; --           ;
; 132      ; 153        ; 2        ; GND*                                     ;        ;              ;         ; Column I/O ;                 ; --       ; --           ;
; 133      ; 154        ; 2        ; GND*                                     ;        ;              ;         ; Column I/O ;                 ; no       ; Off          ;
; 134      ; 155        ; 2        ; GND*                                     ;        ;              ;         ; Column I/O ;                 ; no       ; Off          ;
; 135      ; 162        ; 2        ; GND*                                     ;        ;              ;         ; Column I/O ;                 ; no       ; Off          ;
; 136      ; 163        ; 2        ; GND*                                     ;        ;              ;         ; Column I/O ;                 ; no       ; Off          ;
; 137      ; 164        ; 2        ; GND*                                     ;        ;              ;         ; Column I/O ;                 ; no       ; Off          ;
; 138      ;            ; 2        ; VCCIO2                                   ; power  ;              ; 3.3V    ; --         ;                 ; --       ; --           ;
; 139      ; 165        ; 2        ; GND*                                     ;        ;              ;         ; Column I/O ;                 ; no       ; Off          ;
; 140      ;            ;          ; GND                                      ; gnd    ;              ;         ; --         ;                 ; --       ; --           ;
; 141      ; 166        ; 2        ; GND*                                     ;        ;              ;         ; Column I/O ;                 ; no       ; Off          ;
; 142      ; 167        ; 2        ; GND*                                     ;        ;              ;         ; Column I/O ;                 ; no       ; Off          ;
; 143      ; 168        ; 2        ; GND*                                     ;        ;              ;         ; Column I/O ;                 ; no       ; Off          ;
; 144      ; 169        ; 2        ; GND*                                     ;        ;              ;         ; Column I/O ;                 ; no       ; Off          ;
+----------+------------+----------+------------------------------------------+--------+--------------+---------+------------+-----------------+----------+--------------+
Note: Pin directions (input, output or bidir) are based on device operating in user mode.


+-------------------------------------------------------------------------------+
; Output Pin Default Load For Reported TCO                                      ;
+----------------------------------+-------+------------------------------------+
; I/O Standard                     ; Load  ; Termination Resistance             ;
+----------------------------------+-------+------------------------------------+
; 3.3-V LVTTL                      ; 0 pF  ; Not Available                      ;
; 3.3-V LVCMOS                     ; 0 pF  ; Not Available                      ;
; 2.5 V                            ; 0 pF  ; Not Available                      ;
; 1.8 V                            ; 0 pF  ; Not Available                      ;
; 1.5 V                            ; 0 pF  ; Not Available                      ;
; 3.3-V PCI                        ; 10 pF ; 25 Ohm (Parallel)                  ;
; 3.3-V PCI-X                      ; 10 pF ; 25 Ohm (Parallel)                  ;
; SSTL-2 Class I                   ; 0 pF  ; 50 Ohm (Parallel), 25 Ohm (Serial) ;
; SSTL-2 Class II                  ; 0 pF  ; 25 Ohm (Parallel), 25 Ohm (Serial) ;
; SSTL-18 Class I                  ; 0 pF  ; 50 Ohm (Parallel), 25 Ohm (Serial) ;
; SSTL-18 Class II                 ; 0 pF  ; 25 Ohm (Parallel), 25 Ohm (Serial) ;
; 1.5-V HSTL Class I               ; 0 pF  ; 50 Ohm (Parallel)                  ;
; 1.5-V HSTL Class II              ; 0 pF  ; 25 Ohm (Parallel)                  ;
; 1.8-V HSTL Class I               ; 0 pF  ; 50 Ohm (Parallel)                  ;
; 1.8-V HSTL Class II              ; 0 pF  ; 25 Ohm (Parallel)                  ;
; Differential SSTL-2              ; 0 pF  ; (See SSTL-2)                       ;
; Differential 2.5-V SSTL Class II ; 0 pF  ; (See SSTL-2 Class II)              ;
; Differential 1.8-V SSTL Class I  ; 0 pF  ; (See 1.8-V SSTL Class I)           ;
; Differential 1.8-V SSTL Class II ; 0 pF  ; (See 1.8-V SSTL Class II)          ;
; Differential 1.5-V HSTL Class I  ; 0 pF  ; (See 1.5-V HSTL Class I)           ;
; Differential 1.5-V HSTL Class II ; 0 pF  ; (See 1.5-V HSTL Class II)          ;
; Differential 1.8-V HSTL Class I  ; 0 pF  ; (See 1.8-V HSTL Class I)           ;
; Differential 1.8-V HSTL Class II ; 0 pF  ; (See 1.8-V HSTL Class II)          ;
; LVDS                             ; 0 pF  ; 100 Ohm (Differential)             ;
; mini-LVDS                        ; 0 pF  ; 100 Ohm (Differential)             ;
; RSDS                             ; 0 pF  ; 100 Ohm (Differential)             ;
; Simple RSDS                      ; 0 pF  ; Not Available                      ;
; Differential LVPECL              ; 0 pF  ; 100 Ohm (Differential)             ;
+----------------------------------+-------+------------------------------------+
Note: User assignments will override these defaults. The user specified values are listed in the Output Pins and Bidir Pins tables.


+-------------------------------------------------------------------------------------------------------------------------------------------------------------------------------------------------------------------------------------------------------------------------------------------------------------------------------------------------------------------------------------------------------+
; Fitter Resource Utilization by Entity                                                                                                                                                                                                                                                                                                                                                                 ;
+------------------------------------------------+-------------+---------------------------+---------------+-------------+------+--------------+---------+-----------+------+--------------+--------------+-------------------+------------------+---------------------------------------------------------------------------------------------------------------------------------------+--------------+
; Compilation Hierarchy Node                     ; Logic Cells ; Dedicated Logic Registers ; I/O Registers ; Memory Bits ; M4Ks ; DSP Elements ; DSP 9x9 ; DSP 18x18 ; Pins ; Virtual Pins ; LUT-Only LCs ; Register-Only LCs ; LUT/Register LCs ; Full Hierarchy Name                                                                                                                   ; Library Name ;
+------------------------------------------------+-------------+---------------------------+---------------+-------------+------+--------------+---------+-----------+------+--------------+--------------+-------------------+------------------+---------------------------------------------------------------------------------------------------------------------------------------+--------------+
; |PPT_FPGA_CYC_4                                ; 447 (1)     ; 291 (0)                   ; 0 (0)         ; 0           ; 0    ; 0            ; 0       ; 0         ; 25   ; 0            ; 156 (1)      ; 25 (0)            ; 266 (0)          ; |PPT_FPGA_CYC_4                                                                                                                       ; work         ;
;    |CapacitorCharger:inst27|                   ; 4 (4)       ; 3 (3)                     ; 0 (0)         ; 0           ; 0    ; 0            ; 0       ; 0         ; 0    ; 0            ; 1 (1)        ; 0 (0)             ; 3 (3)            ; |PPT_FPGA_CYC_4|CapacitorCharger:inst27                                                                                               ; work         ;
;    |CapacitorCharger:inst29|                   ; 4 (4)       ; 3 (3)                     ; 0 (0)         ; 0           ; 0    ; 0            ; 0       ; 0         ; 0    ; 0            ; 1 (1)        ; 0 (0)             ; 3 (3)            ; |PPT_FPGA_CYC_4|CapacitorCharger:inst29                                                                                               ; work         ;
;    |FireController:inst30|                     ; 3 (3)       ; 3 (3)                     ; 0 (0)         ; 0           ; 0    ; 0            ; 0       ; 0         ; 0    ; 0            ; 0 (0)        ; 1 (1)             ; 2 (2)            ; |PPT_FPGA_CYC_4|FireController:inst30                                                                                                 ; work         ;
;    |PushButton_Debouncer:inst10|               ; 25 (25)     ; 19 (19)                   ; 0 (0)         ; 0           ; 0    ; 0            ; 0       ; 0         ; 0    ; 0            ; 6 (6)        ; 1 (1)             ; 18 (18)          ; |PPT_FPGA_CYC_4|PushButton_Debouncer:inst10                                                                                           ; work         ;
;    |PushButton_Debouncer:inst11|               ; 24 (24)     ; 19 (19)                   ; 0 (0)         ; 0           ; 0    ; 0            ; 0       ; 0         ; 0    ; 0            ; 5 (5)        ; 0 (0)             ; 19 (19)          ; |PPT_FPGA_CYC_4|PushButton_Debouncer:inst11                                                                                           ; work         ;
;    |PushButton_Debouncer:inst5|                ; 24 (24)     ; 19 (19)                   ; 0 (0)         ; 0           ; 0    ; 0            ; 0       ; 0         ; 0    ; 0            ; 5 (5)        ; 1 (1)             ; 18 (18)          ; |PPT_FPGA_CYC_4|PushButton_Debouncer:inst5                                                                                            ; work         ;
;    |PushButton_Debouncer:inst6|                ; 25 (25)     ; 19 (19)                   ; 0 (0)         ; 0           ; 0    ; 0            ; 0       ; 0         ; 0    ; 0            ; 6 (6)        ; 2 (2)             ; 17 (17)          ; |PPT_FPGA_CYC_4|PushButton_Debouncer:inst6                                                                                            ; work         ;
;    |PushButton_Debouncer:inst8|                ; 24 (24)     ; 19 (19)                   ; 0 (0)         ; 0           ; 0    ; 0            ; 0       ; 0         ; 0    ; 0            ; 5 (5)        ; 0 (0)             ; 19 (19)          ; |PPT_FPGA_CYC_4|PushButton_Debouncer:inst8                                                                                            ; work         ;
;    |PushButton_Debouncer:inst9|                ; 24 (24)     ; 19 (19)                   ; 0 (0)         ; 0           ; 0    ; 0            ; 0       ; 0         ; 0    ; 0            ; 5 (5)        ; 0 (0)             ; 19 (19)          ; |PPT_FPGA_CYC_4|PushButton_Debouncer:inst9                                                                                            ; work         ;
;    |igbt_trigger:inst26|                       ; 75 (54)     ; 19 (19)                   ; 0 (0)         ; 0           ; 0    ; 0            ; 0       ; 0         ; 0    ; 0            ; 52 (35)      ; 0 (0)             ; 23 (19)          ; |PPT_FPGA_CYC_4|igbt_trigger:inst26                                                                                                   ; work         ;
;       |lpm_mult:Mult0|                         ; 21 (0)      ; 0 (0)                     ; 0 (0)         ; 0           ; 0    ; 0            ; 0       ; 0         ; 0    ; 0            ; 17 (0)       ; 0 (0)             ; 4 (0)            ; |PPT_FPGA_CYC_4|igbt_trigger:inst26|lpm_mult:Mult0                                                                                    ; work         ;
;          |multcore:mult_core|                  ; 21 (12)     ; 0 (0)                     ; 0 (0)         ; 0           ; 0    ; 0            ; 0       ; 0         ; 0    ; 0            ; 17 (8)       ; 0 (0)             ; 4 (4)            ; |PPT_FPGA_CYC_4|igbt_trigger:inst26|lpm_mult:Mult0|multcore:mult_core                                                                 ; work         ;
;             |mpar_add:padder|                  ; 9 (0)       ; 0 (0)                     ; 0 (0)         ; 0           ; 0    ; 0            ; 0       ; 0         ; 0    ; 0            ; 9 (0)        ; 0 (0)             ; 0 (0)            ; |PPT_FPGA_CYC_4|igbt_trigger:inst26|lpm_mult:Mult0|multcore:mult_core|mpar_add:padder                                                 ; work         ;
;                |lpm_add_sub:adder[0]|          ; 9 (0)       ; 0 (0)                     ; 0 (0)         ; 0           ; 0    ; 0            ; 0       ; 0         ; 0    ; 0            ; 9 (0)        ; 0 (0)             ; 0 (0)            ; |PPT_FPGA_CYC_4|igbt_trigger:inst26|lpm_mult:Mult0|multcore:mult_core|mpar_add:padder|lpm_add_sub:adder[0]                            ; work         ;
;                   |add_sub_1ch:auto_generated| ; 9 (9)       ; 0 (0)                     ; 0 (0)         ; 0           ; 0    ; 0            ; 0       ; 0         ; 0    ; 0            ; 9 (9)        ; 0 (0)             ; 0 (0)            ; |PPT_FPGA_CYC_4|igbt_trigger:inst26|lpm_mult:Mult0|multcore:mult_core|mpar_add:padder|lpm_add_sub:adder[0]|add_sub_1ch:auto_generated ; work         ;
;    |serialGPIO:inst4|                          ; 183 (101)   ; 124 (60)                  ; 0 (0)         ; 0           ; 0    ; 0            ; 0       ; 0         ; 0    ; 0            ; 59 (41)      ; 14 (13)           ; 110 (52)         ; |PPT_FPGA_CYC_4|serialGPIO:inst4                                                                                                      ; work         ;
;       |async_receiver:RX|                      ; 42 (27)     ; 35 (21)                   ; 0 (0)         ; 0           ; 0    ; 0            ; 0       ; 0         ; 0    ; 0            ; 7 (7)        ; 1 (1)             ; 34 (19)          ; |PPT_FPGA_CYC_4|serialGPIO:inst4|async_receiver:RX                                                                                    ; work         ;
;          |BaudTickGen:tickgen|                 ; 15 (15)     ; 14 (14)                   ; 0 (0)         ; 0           ; 0    ; 0            ; 0       ; 0         ; 0    ; 0            ; 0 (0)        ; 0 (0)             ; 15 (15)          ; |PPT_FPGA_CYC_4|serialGPIO:inst4|async_receiver:RX|BaudTickGen:tickgen                                                                ; work         ;
;       |async_transmitter:TX|                   ; 41 (24)     ; 29 (12)                   ; 0 (0)         ; 0           ; 0    ; 0            ; 0       ; 0         ; 0    ; 0            ; 11 (11)      ; 0 (0)             ; 30 (13)          ; |PPT_FPGA_CYC_4|serialGPIO:inst4|async_transmitter:TX                                                                                 ; work         ;
;          |BaudTickGen:tickgen|                 ; 17 (17)     ; 17 (17)                   ; 0 (0)         ; 0           ; 0    ; 0            ; 0       ; 0         ; 0    ; 0            ; 0 (0)        ; 0 (0)             ; 17 (17)          ; |PPT_FPGA_CYC_4|serialGPIO:inst4|async_transmitter:TX|BaudTickGen:tickgen                                                             ; work         ;
;    |spi_module:inst17|                         ; 35 (35)     ; 25 (25)                   ; 0 (0)         ; 0           ; 0    ; 0            ; 0       ; 0         ; 0    ; 0            ; 10 (10)      ; 6 (6)             ; 19 (19)          ; |PPT_FPGA_CYC_4|spi_module:inst17                                                                                                     ; work         ;
+------------------------------------------------+-------------+---------------------------+---------------+-------------+------+--------------+---------+-----------+------+--------------+--------------+-------------------+------------------+---------------------------------------------------------------------------------------------------------------------------------------+--------------+
Note: For table entries with two numbers listed, the numbers in parentheses indicate the number of resources of the given type used by the specific entity alone. The numbers listed outside of parentheses indicate the total resources of the given type used by the specific entity and all of its sub-entities in the hierarchy.


+-----------------------------------------------------------------------------------------+
; Delay Chain Summary                                                                     ;
+----------------+----------+---------------+---------------+-----------------------+-----+
; Name           ; Pin Type ; Pad to Core 0 ; Pad to Core 1 ; Pad to Input Register ; TCO ;
+----------------+----------+---------------+---------------+-----------------------+-----+
; spark_trig     ; Output   ; --            ; --            ; --                    ; --  ;
; cap_12V        ; Output   ; --            ; --            ; --                    ; --  ;
; cap_on_pin     ; Output   ; --            ; --            ; --                    ; --  ;
; trig_on_pin    ; Output   ; --            ; --            ; --                    ; --  ;
; trig_12V       ; Output   ; --            ; --            ; --                    ; --  ;
; spark_pwr      ; Output   ; --            ; --            ; --                    ; --  ;
; D2_LED         ; Output   ; --            ; --            ; --                    ; --  ;
; D4_LED         ; Output   ; --            ; --            ; --                    ; --  ;
; D5_LED         ; Output   ; --            ; --            ; --                    ; --  ;
; LED1           ; Output   ; --            ; --            ; --                    ; --  ;
; LED2           ; Output   ; --            ; --            ; --                    ; --  ;
; switching_pin  ; Output   ; --            ; --            ; --                    ; --  ;
; tx_pin         ; Output   ; --            ; --            ; --                    ; --  ;
; spi_sdi        ; Output   ; --            ; --            ; --                    ; --  ;
; spi_clk        ; Output   ; --            ; --            ; --                    ; --  ;
; spi_cs_1       ; Output   ; --            ; --            ; --                    ; --  ;
; spi_cs_2       ; Output   ; --            ; --            ; --                    ; --  ;
; CLK            ; Input    ; (0) 171 ps    ; (0) 171 ps    ; --                    ; --  ;
; B2             ; Input    ; (6) 2523 ps   ; (6) 2523 ps   ; --                    ; --  ;
; B1             ; Input    ; (6) 2523 ps   ; (6) 2523 ps   ; --                    ; --  ;
; cap_fault_pin  ; Input    ; (6) 2523 ps   ; (6) 2523 ps   ; --                    ; --  ;
; cap_done_pin   ; Input    ; (6) 2523 ps   ; (6) 2523 ps   ; --                    ; --  ;
; trig_fault_pin ; Input    ; (0) 171 ps    ; (0) 171 ps    ; --                    ; --  ;
; trig_done_pin  ; Input    ; (0) 171 ps    ; (0) 171 ps    ; --                    ; --  ;
; rx_pin         ; Input    ; (6) 2523 ps   ; (6) 2523 ps   ; --                    ; --  ;
+----------------+----------+---------------+---------------+-----------------------+-----+


+---------------------------------------------------------------------------------------+
; Pad To Core Delay Chain Fanout                                                        ;
+---------------------------------------------------------+-------------------+---------+
; Source Pin / Fanout                                     ; Pad To Core Index ; Setting ;
+---------------------------------------------------------+-------------------+---------+
; CLK                                                     ;                   ;         ;
; B2                                                      ;                   ;         ;
;      - PushButton_Debouncer:inst5|PB_sync_0             ; 1                 ; 6       ;
; B1                                                      ;                   ;         ;
;      - PushButton_Debouncer:inst6|PB_sync_0~feeder      ; 1                 ; 6       ;
; cap_fault_pin                                           ;                   ;         ;
;      - PushButton_Debouncer:inst9|PB_sync_0~0           ; 0                 ; 6       ;
; cap_done_pin                                            ;                   ;         ;
;      - PushButton_Debouncer:inst8|PB_sync_0~0           ; 0                 ; 6       ;
; trig_fault_pin                                          ;                   ;         ;
; trig_done_pin                                           ;                   ;         ;
; rx_pin                                                  ;                   ;         ;
;      - serialGPIO:inst4|async_receiver:RX|RxD_sync[0]~0 ; 0                 ; 6       ;
+---------------------------------------------------------+-------------------+---------+


+----------------------------------------------------------------------------------------------------------------------------------------------------------------------------------------------------------------------+
; Control Signals                                                                                                                                                                                                      ;
+----------------------------------------------------------------+--------------------+---------+---------------------------------------+--------+----------------------+------------------+---------------------------+
; Name                                                           ; Location           ; Fan-Out ; Usage                                 ; Global ; Global Resource Used ; Global Line Name ; Enable Signal Source Name ;
+----------------------------------------------------------------+--------------------+---------+---------------------------------------+--------+----------------------+------------------+---------------------------+
; CLK                                                            ; PIN_17             ; 291     ; Clock                                 ; yes    ; Global Clock         ; GCLK2            ; --                        ;
; PushButton_Debouncer:inst10|comb~0                             ; LCCOMB_X15_Y9_N14  ; 16      ; Sync. clear                           ; no     ; --                   ; --               ; --                        ;
; PushButton_Debouncer:inst11|comb~0                             ; LCCOMB_X24_Y7_N26  ; 17      ; Sync. clear                           ; no     ; --                   ; --               ; --                        ;
; PushButton_Debouncer:inst5|comb~0                              ; LCCOMB_X27_Y1_N26  ; 16      ; Sync. clear                           ; no     ; --                   ; --               ; --                        ;
; PushButton_Debouncer:inst6|comb~0                              ; LCCOMB_X27_Y3_N10  ; 16      ; Sync. clear                           ; no     ; --                   ; --               ; --                        ;
; PushButton_Debouncer:inst8|comb~0                              ; LCCOMB_X21_Y9_N10  ; 17      ; Sync. clear                           ; no     ; --                   ; --               ; --                        ;
; PushButton_Debouncer:inst9|comb~0                              ; LCCOMB_X24_Y9_N30  ; 17      ; Sync. clear                           ; no     ; --                   ; --               ; --                        ;
; igbt_trigger:inst26|counter[7]~1                               ; LCCOMB_X14_Y12_N30 ; 14      ; Clock enable                          ; no     ; --                   ; --               ; --                        ;
; serialGPIO:inst4|async_receiver:RX|BaudTickGen:tickgen|Acc[17] ; LCFF_X19_Y9_N27    ; 9       ; Clock enable                          ; no     ; --                   ; --               ; --                        ;
; serialGPIO:inst4|async_receiver:RX|RxD_data_ready              ; LCFF_X14_Y10_N7    ; 21      ; Clock enable                          ; no     ; --                   ; --               ; --                        ;
; serialGPIO:inst4|async_receiver:RX|always4~0                   ; LCCOMB_X14_Y10_N12 ; 8       ; Clock enable                          ; no     ; --                   ; --               ; --                        ;
; serialGPIO:inst4|async_transmitter:TX|Equal0~0                 ; LCCOMB_X18_Y11_N4  ; 25      ; Sync. load                            ; no     ; --                   ; --               ; --                        ;
; serialGPIO:inst4|async_transmitter:TX|TxD_shift[2]~10          ; LCCOMB_X15_Y11_N20 ; 7       ; Clock enable                          ; no     ; --                   ; --               ; --                        ;
; serialGPIO:inst4|charge_rst~2                                  ; LCCOMB_X17_Y11_N12 ; 2       ; Clock enable                          ; no     ; --                   ; --               ; --                        ;
; serialGPIO:inst4|reg_number[2]~0                               ; LCCOMB_X14_Y10_N28 ; 5       ; Clock enable                          ; no     ; --                   ; --               ; --                        ;
; serialGPIO:inst4|resistance[7]~2                               ; LCCOMB_X14_Y10_N14 ; 8       ; Clock enable                          ; no     ; --                   ; --               ; --                        ;
; serialGPIO:inst4|resistance_main_cap[0]~1                      ; LCCOMB_X14_Y10_N2  ; 8       ; Clock enable                          ; no     ; --                   ; --               ; --                        ;
; serialGPIO:inst4|resistance_trigger[0]~0                       ; LCCOMB_X14_Y10_N0  ; 8       ; Clock enable                          ; no     ; --                   ; --               ; --                        ;
; serialGPIO:inst4|spi_write                                     ; LCFF_X14_Y10_N23   ; 24      ; Clock enable, Sync. clear, Sync. load ; no     ; --                   ; --               ; --                        ;
; serialGPIO:inst4|trigger_duration_us[0]~2                      ; LCCOMB_X12_Y12_N22 ; 8       ; Clock enable                          ; no     ; --                   ; --               ; --                        ;
; serialGPIO:inst4|tx_msg[0]~12                                  ; LCCOMB_X13_Y11_N2  ; 8       ; Clock enable                          ; no     ; --                   ; --               ; --                        ;
; serialGPIO:inst4|write_flag                                    ; LCFF_X12_Y10_N1    ; 19      ; Sync. clear                           ; no     ; --                   ; --               ; --                        ;
; spi_module:inst17|r_SPI_Clk_Edges[3]~15                        ; LCCOMB_X18_Y9_N0   ; 5       ; Clock enable                          ; no     ; --                   ; --               ; --                        ;
; spi_module:inst17|r_TX_Bit_Count[1]~1                          ; LCCOMB_X17_Y10_N28 ; 3       ; Clock enable                          ; no     ; --                   ; --               ; --                        ;
+----------------------------------------------------------------+--------------------+---------+---------------------------------------+--------+----------------------+------------------+---------------------------+


+-------------------------------------------------------------------------------------------------+
; Global & Other Fast Signals                                                                     ;
+------+----------+---------+----------------------+------------------+---------------------------+
; Name ; Location ; Fan-Out ; Global Resource Used ; Global Line Name ; Enable Signal Source Name ;
+------+----------+---------+----------------------+------------------+---------------------------+
; CLK  ; PIN_17   ; 291     ; Global Clock         ; GCLK2            ; --                        ;
+------+----------+---------+----------------------+------------------+---------------------------+


+-----------------------------------------------------------------------------------------------------------------------------------------+
; Non-Global High Fan-Out Signals                                                                                                         ;
+-------------------------------------------------------------------------------------------------------------------------------+---------+
; Name                                                                                                                          ; Fan-Out ;
+-------------------------------------------------------------------------------------------------------------------------------+---------+
; serialGPIO:inst4|async_transmitter:TX|Equal0~0                                                                                ; 25      ;
; serialGPIO:inst4|spi_write                                                                                                    ; 24      ;
; serialGPIO:inst4|async_receiver:RX|RxD_data[1]                                                                                ; 21      ;
; serialGPIO:inst4|async_receiver:RX|RxD_data_ready                                                                             ; 21      ;
; serialGPIO:inst4|async_receiver:RX|RxD_data[7]                                                                                ; 20      ;
; igbt_trigger:inst26|LessThan0~26                                                                                              ; 20      ;
; serialGPIO:inst4|async_receiver:RX|RxD_data[2]                                                                                ; 19      ;
; serialGPIO:inst4|write_flag                                                                                                   ; 19      ;
; igbt_trigger:inst26|counter[15]                                                                                               ; 19      ;
; igbt_trigger:inst26|counter[14]                                                                                               ; 19      ;
; PushButton_Debouncer:inst11|comb~0                                                                                            ; 17      ;
; PushButton_Debouncer:inst8|comb~0                                                                                             ; 17      ;
; PushButton_Debouncer:inst9|comb~0                                                                                             ; 17      ;
; ~GND                                                                                                                          ; 16      ;
; PushButton_Debouncer:inst10|comb~0                                                                                            ; 16      ;
; PushButton_Debouncer:inst6|comb~0                                                                                             ; 16      ;
; PushButton_Debouncer:inst5|comb~0                                                                                             ; 16      ;
; serialGPIO:inst4|async_receiver:RX|RxD_data[0]                                                                                ; 15      ;
; serialGPIO:inst4|async_receiver:RX|RxD_data[6]                                                                                ; 15      ;
; igbt_trigger:inst26|counter[7]~1                                                                                              ; 14      ;
; serialGPIO:inst4|async_receiver:RX|RxD_data[3]                                                                                ; 13      ;
; serialGPIO:inst4|async_receiver:RX|RxD_data[4]                                                                                ; 13      ;
; serialGPIO:inst4|async_transmitter:TX|TxD_state[3]                                                                            ; 12      ;
; serialGPIO:inst4|Equal2~0                                                                                                     ; 10      ;
; serialGPIO:inst4|tx_ready                                                                                                     ; 10      ;
; serialGPIO:inst4|Equal1~0                                                                                                     ; 9       ;
; serialGPIO:inst4|async_receiver:RX|BaudTickGen:tickgen|Acc[17]                                                                ; 9       ;
; serialGPIO:inst4|resistance[7]~2                                                                                              ; 8       ;
; serialGPIO:inst4|trigger_duration_us[0]~2                                                                                     ; 8       ;
; serialGPIO:inst4|resistance_trigger[0]~0                                                                                      ; 8       ;
; serialGPIO:inst4|resistance_main_cap[0]~1                                                                                     ; 8       ;
; serialGPIO:inst4|async_receiver:RX|always4~0                                                                                  ; 8       ;
; serialGPIO:inst4|async_receiver:RX|RxD_state[3]                                                                               ; 8       ;
; serialGPIO:inst4|tx_msg[0]~12                                                                                                 ; 8       ;
; serialGPIO:inst4|Equal3~0                                                                                                     ; 8       ;
; serialGPIO:inst4|Equal0~0                                                                                                     ; 8       ;
; serialGPIO:inst4|reg_number[1]                                                                                                ; 8       ;
; serialGPIO:inst4|async_transmitter:TX|TxD_state[0]                                                                            ; 8       ;
; serialGPIO:inst4|trigger_duration_us[0]                                                                                       ; 8       ;
; serialGPIO:inst4|trigger_duration_us[4]                                                                                       ; 8       ;
; serialGPIO:inst4|async_transmitter:TX|TxD_state[2]                                                                            ; 8       ;
; serialGPIO:inst4|async_transmitter:TX|TxD_shift[2]~10                                                                         ; 7       ;
; serialGPIO:inst4|trigger_duration_us[1]                                                                                       ; 7       ;
; serialGPIO:inst4|trigger_duration_us[3]                                                                                       ; 7       ;
; serialGPIO:inst4|trigger_duration_us[5]                                                                                       ; 7       ;
; serialGPIO:inst4|trigger_duration_us[7]                                                                                       ; 7       ;
; serialGPIO:inst4|async_transmitter:TX|BaudTickGen:tickgen|Acc[17]                                                             ; 7       ;
; serialGPIO:inst4|charge_rst                                                                                                   ; 7       ;
; serialGPIO:inst4|async_receiver:RX|RxD_state[2]                                                                               ; 6       ;
; serialGPIO:inst4|async_receiver:RX|RxD_state[0]                                                                               ; 6       ;
; serialGPIO:inst4|async_receiver:RX|RxD_state[1]                                                                               ; 6       ;
; serialGPIO:inst4|Equal3~1                                                                                                     ; 6       ;
; serialGPIO:inst4|op_counter[2]                                                                                                ; 6       ;
; serialGPIO:inst4|op_counter[1]                                                                                                ; 6       ;
; serialGPIO:inst4|async_receiver:RX|RxD_data[5]                                                                                ; 6       ;
; spi_module:inst17|r_TX_Bit_Count[1]                                                                                           ; 6       ;
; spi_module:inst17|o_TX_Ready                                                                                                  ; 6       ;
; serialGPIO:inst4|async_transmitter:TX|TxD_state[1]                                                                            ; 6       ;
; serialGPIO:inst4|trigger_duration_us[2]                                                                                       ; 6       ;
; serialGPIO:inst4|trigger_duration_us[6]                                                                                       ; 6       ;
; spi_module:inst17|r_SPI_Clk_Edges[4]                                                                                          ; 6       ;
; serialGPIO:inst4|op_counter[0]                                                                                                ; 5       ;
; serialGPIO:inst4|async_receiver:RX|sampleNow~0                                                                                ; 5       ;
; serialGPIO:inst4|reg_number[2]~0                                                                                              ; 5       ;
; spi_module:inst17|r_SPI_Clk_Edges[3]~15                                                                                       ; 5       ;
; spi_module:inst17|r_SPI_Clk_Count[0]                                                                                          ; 5       ;
; serialGPIO:inst4|Equal8~1                                                                                                     ; 5       ;
; serialGPIO:inst4|reg_number[0]                                                                                                ; 5       ;
; spi_module:inst17|LessThan0~0                                                                                                 ; 5       ;
; spi_module:inst17|r_TX_Bit_Count[0]                                                                                           ; 5       ;
; spi_module:inst17|r_TX_DV                                                                                                     ; 5       ;
; serialGPIO:inst4|async_receiver:RX|RxD_bit                                                                                    ; 4       ;
; serialGPIO:inst4|async_receiver:RX|OversamplingCnt[0]                                                                         ; 4       ;
; serialGPIO:inst4|spi_counter[1]                                                                                               ; 4       ;
; serialGPIO:inst4|spi_counter[2]                                                                                               ; 4       ;
; spi_module:inst17|r_SPI_Clk_Count[1]                                                                                          ; 4       ;
; serialGPIO:inst4|trig_charge~2                                                                                                ; 4       ;
; serialGPIO:inst4|resistance_main_cap[1]~0                                                                                     ; 4       ;
; PushButton_Debouncer:inst10|PB_state                                                                                          ; 4       ;
; igbt_trigger:inst26|trigger~0                                                                                                 ; 4       ;
; PushButton_Debouncer:inst6|PB_state                                                                                           ; 4       ;
; PushButton_Debouncer:inst5|PB_state                                                                                           ; 4       ;
; serialGPIO:inst4|tx_msg[4]~20                                                                                                 ; 3       ;
; serialGPIO:inst4|async_receiver:RX|Filter_cnt[1]                                                                              ; 3       ;
; serialGPIO:inst4|async_receiver:RX|Filter_cnt[0]                                                                              ; 3       ;
; serialGPIO:inst4|async_receiver:RX|Mux1~0                                                                                     ; 3       ;
; serialGPIO:inst4|async_receiver:RX|Equal4~0                                                                                   ; 3       ;
; serialGPIO:inst4|spi_counter[0]                                                                                               ; 3       ;
; serialGPIO:inst4|op_counter[0]~1                                                                                              ; 3       ;
; serialGPIO:inst4|async_receiver:RX|OversamplingCnt[1]                                                                         ; 3       ;
; spi_module:inst17|r_TX_Bit_Count[1]~1                                                                                         ; 3       ;
; serialGPIO:inst4|trigger_fire                                                                                                 ; 3       ;
; serialGPIO:inst4|trigger_test~0                                                                                               ; 3       ;
; serialGPIO:inst4|tx_msg[0]~4                                                                                                  ; 3       ;
; serialGPIO:inst4|trigger_test                                                                                                 ; 3       ;
; serialGPIO:inst4|reg_number[4]                                                                                                ; 3       ;
; serialGPIO:inst4|reg_number[3]                                                                                                ; 3       ;
; serialGPIO:inst4|reg_number[2]                                                                                                ; 3       ;
; spi_module:inst17|r_SPI_Clk                                                                                                   ; 3       ;
; PushButton_Debouncer:inst11|PB_state                                                                                          ; 3       ;
; PushButton_Debouncer:inst8|PB_state                                                                                           ; 3       ;
; PushButton_Debouncer:inst9|PB_state                                                                                           ; 3       ;
; igbt_trigger:inst26|trigger~1                                                                                                 ; 3       ;
; igbt_trigger:inst26|done                                                                                                      ; 3       ;
; serialGPIO:inst4|select                                                                                                       ; 3       ;
; CapacitorCharger:inst27|done_latch                                                                                            ; 3       ;
; CapacitorCharger:inst27|fault_latch                                                                                           ; 3       ;
; igbt_trigger:inst26|trigger                                                                                                   ; 3       ;
; spi_module:inst17|r_Trailing_Edge                                                                                             ; 3       ;
; spi_module:inst17|cs_enable                                                                                                   ; 3       ;
; serialGPIO:inst4|tx_msg[4]~44                                                                                                 ; 2       ;
; serialGPIO:inst4|async_transmitter:TX|TxD_shift[7]                                                                            ; 2       ;
; serialGPIO:inst4|write_flag~1                                                                                                 ; 2       ;
; serialGPIO:inst4|async_receiver:RX|RxD_sync[1]                                                                                ; 2       ;
; serialGPIO:inst4|tx_msg[2]~22                                                                                                 ; 2       ;
; serialGPIO:inst4|tx_msg[2]~21                                                                                                 ; 2       ;
; serialGPIO:inst4|tx_msg[2]~19                                                                                                 ; 2       ;
; serialGPIO:inst4|async_receiver:RX|BaudTickGen:tickgen|Acc[4]                                                                 ; 2       ;
; serialGPIO:inst4|op_counter[0]~2                                                                                              ; 2       ;
; serialGPIO:inst4|async_receiver:RX|OversamplingCnt[2]                                                                         ; 2       ;
; spi_module:inst17|r_SPI_Clk_Count[2]~0                                                                                        ; 2       ;
; spi_module:inst17|LessThan0~1                                                                                                 ; 2       ;
; serialGPIO:inst4|tx_msg~11                                                                                                    ; 2       ;
; PushButton_Debouncer:inst10|PB_sync_1                                                                                         ; 2       ;
; FireController:inst30|trig_fire_latch                                                                                         ; 2       ;
; serialGPIO:inst4|Equal6~0                                                                                                     ; 2       ;
; serialGPIO:inst4|charge_rst~2                                                                                                 ; 2       ;
; FireController:inst30|trigger                                                                                                 ; 2       ;
; spi_module:inst17|r_TX_Bit_Count[2]                                                                                           ; 2       ;
; spi_module:inst17|r_TX_Byte[7]                                                                                                ; 2       ;
; serialGPIO:inst4|async_transmitter:TX|Mux1~0                                                                                  ; 2       ;
; serialGPIO:inst4|async_transmitter:TX|Mux0~2                                                                                  ; 2       ;
; PushButton_Debouncer:inst6|PB_sync_1                                                                                          ; 2       ;
; PushButton_Debouncer:inst5|PB_sync_1                                                                                          ; 2       ;
; serialGPIO:inst4|trig_charge                                                                                                  ; 2       ;
; FireController:inst30|trig_charge                                                                                             ; 2       ;
; igbt_trigger:inst26|counter[0]                                                                                                ; 2       ;
; igbt_trigger:inst26|counter[1]                                                                                                ; 2       ;
; igbt_trigger:inst26|counter[2]                                                                                                ; 2       ;
; igbt_trigger:inst26|counter[3]                                                                                                ; 2       ;
; igbt_trigger:inst26|counter[4]                                                                                                ; 2       ;
; igbt_trigger:inst26|counter[5]                                                                                                ; 2       ;
; igbt_trigger:inst26|counter[6]                                                                                                ; 2       ;
; igbt_trigger:inst26|counter[7]                                                                                                ; 2       ;
; igbt_trigger:inst26|counter[8]                                                                                                ; 2       ;
; igbt_trigger:inst26|counter[9]                                                                                                ; 2       ;
; igbt_trigger:inst26|counter[10]                                                                                               ; 2       ;
; igbt_trigger:inst26|counter[11]                                                                                               ; 2       ;
; igbt_trigger:inst26|counter[12]                                                                                               ; 2       ;
; igbt_trigger:inst26|counter[13]                                                                                               ; 2       ;
; igbt_trigger:inst26|triggering                                                                                                ; 2       ;
; spi_module:inst17|o_SPI_MOSI                                                                                                  ; 2       ;
; CapacitorCharger:inst27|enable_latch                                                                                          ; 2       ;
; CapacitorCharger:inst29|done_latch                                                                                            ; 2       ;
; CapacitorCharger:inst29|fault_latch                                                                                           ; 2       ;
; CapacitorCharger:inst29|enable_latch                                                                                          ; 2       ;
; PushButton_Debouncer:inst10|PB_cnt[13]                                                                                        ; 2       ;
; PushButton_Debouncer:inst10|PB_cnt[12]                                                                                        ; 2       ;
; PushButton_Debouncer:inst10|PB_cnt[11]                                                                                        ; 2       ;
; PushButton_Debouncer:inst10|PB_cnt[10]                                                                                        ; 2       ;
; PushButton_Debouncer:inst10|PB_cnt[9]                                                                                         ; 2       ;
; PushButton_Debouncer:inst10|PB_cnt[8]                                                                                         ; 2       ;
; PushButton_Debouncer:inst10|PB_cnt[7]                                                                                         ; 2       ;
; PushButton_Debouncer:inst10|PB_cnt[6]                                                                                         ; 2       ;
; PushButton_Debouncer:inst10|PB_cnt[5]                                                                                         ; 2       ;
; PushButton_Debouncer:inst10|PB_cnt[4]                                                                                         ; 2       ;
; PushButton_Debouncer:inst10|PB_cnt[3]                                                                                         ; 2       ;
; PushButton_Debouncer:inst10|PB_cnt[2]                                                                                         ; 2       ;
; PushButton_Debouncer:inst10|PB_cnt[1]                                                                                         ; 2       ;
; PushButton_Debouncer:inst10|PB_cnt[0]                                                                                         ; 2       ;
; PushButton_Debouncer:inst10|PB_cnt[15]                                                                                        ; 2       ;
; PushButton_Debouncer:inst10|PB_cnt[14]                                                                                        ; 2       ;
; PushButton_Debouncer:inst11|PB_cnt[13]                                                                                        ; 2       ;
; PushButton_Debouncer:inst11|PB_cnt[12]                                                                                        ; 2       ;
; PushButton_Debouncer:inst11|PB_cnt[11]                                                                                        ; 2       ;
; PushButton_Debouncer:inst11|PB_cnt[10]                                                                                        ; 2       ;
; PushButton_Debouncer:inst11|PB_cnt[9]                                                                                         ; 2       ;
; PushButton_Debouncer:inst11|PB_cnt[8]                                                                                         ; 2       ;
; PushButton_Debouncer:inst11|PB_cnt[7]                                                                                         ; 2       ;
; PushButton_Debouncer:inst11|PB_cnt[6]                                                                                         ; 2       ;
; PushButton_Debouncer:inst11|PB_cnt[5]                                                                                         ; 2       ;
; PushButton_Debouncer:inst11|PB_cnt[4]                                                                                         ; 2       ;
; PushButton_Debouncer:inst11|PB_cnt[3]                                                                                         ; 2       ;
; PushButton_Debouncer:inst11|PB_cnt[2]                                                                                         ; 2       ;
; PushButton_Debouncer:inst11|PB_cnt[1]                                                                                         ; 2       ;
; PushButton_Debouncer:inst11|PB_cnt[0]                                                                                         ; 2       ;
; PushButton_Debouncer:inst11|PB_cnt[15]                                                                                        ; 2       ;
; PushButton_Debouncer:inst11|PB_cnt[14]                                                                                        ; 2       ;
; PushButton_Debouncer:inst8|PB_cnt[13]                                                                                         ; 2       ;
; PushButton_Debouncer:inst8|PB_cnt[12]                                                                                         ; 2       ;
; PushButton_Debouncer:inst8|PB_cnt[11]                                                                                         ; 2       ;
; PushButton_Debouncer:inst8|PB_cnt[10]                                                                                         ; 2       ;
; PushButton_Debouncer:inst8|PB_cnt[9]                                                                                          ; 2       ;
; PushButton_Debouncer:inst8|PB_cnt[8]                                                                                          ; 2       ;
; PushButton_Debouncer:inst8|PB_cnt[7]                                                                                          ; 2       ;
; PushButton_Debouncer:inst8|PB_cnt[6]                                                                                          ; 2       ;
; PushButton_Debouncer:inst8|PB_cnt[5]                                                                                          ; 2       ;
; PushButton_Debouncer:inst8|PB_cnt[4]                                                                                          ; 2       ;
; PushButton_Debouncer:inst8|PB_cnt[3]                                                                                          ; 2       ;
; PushButton_Debouncer:inst8|PB_cnt[2]                                                                                          ; 2       ;
; PushButton_Debouncer:inst8|PB_cnt[1]                                                                                          ; 2       ;
; PushButton_Debouncer:inst8|PB_cnt[0]                                                                                          ; 2       ;
; PushButton_Debouncer:inst8|PB_cnt[15]                                                                                         ; 2       ;
; PushButton_Debouncer:inst8|PB_cnt[14]                                                                                         ; 2       ;
; PushButton_Debouncer:inst9|PB_cnt[13]                                                                                         ; 2       ;
; PushButton_Debouncer:inst9|PB_cnt[12]                                                                                         ; 2       ;
; PushButton_Debouncer:inst9|PB_cnt[11]                                                                                         ; 2       ;
; PushButton_Debouncer:inst9|PB_cnt[10]                                                                                         ; 2       ;
; PushButton_Debouncer:inst9|PB_cnt[9]                                                                                          ; 2       ;
; PushButton_Debouncer:inst9|PB_cnt[8]                                                                                          ; 2       ;
; PushButton_Debouncer:inst9|PB_cnt[7]                                                                                          ; 2       ;
; PushButton_Debouncer:inst9|PB_cnt[6]                                                                                          ; 2       ;
; PushButton_Debouncer:inst9|PB_cnt[5]                                                                                          ; 2       ;
; PushButton_Debouncer:inst9|PB_cnt[4]                                                                                          ; 2       ;
; PushButton_Debouncer:inst9|PB_cnt[3]                                                                                          ; 2       ;
; PushButton_Debouncer:inst9|PB_cnt[2]                                                                                          ; 2       ;
; PushButton_Debouncer:inst9|PB_cnt[1]                                                                                          ; 2       ;
; PushButton_Debouncer:inst9|PB_cnt[0]                                                                                          ; 2       ;
; PushButton_Debouncer:inst9|PB_cnt[15]                                                                                         ; 2       ;
; PushButton_Debouncer:inst9|PB_cnt[14]                                                                                         ; 2       ;
; spi_module:inst17|r_SPI_Clk_Edges[3]                                                                                          ; 2       ;
; spi_module:inst17|r_SPI_Clk_Edges[2]                                                                                          ; 2       ;
; spi_module:inst17|r_SPI_Clk_Edges[1]                                                                                          ; 2       ;
; spi_module:inst17|r_SPI_Clk_Edges[0]                                                                                          ; 2       ;
; PushButton_Debouncer:inst6|PB_cnt[13]                                                                                         ; 2       ;
; PushButton_Debouncer:inst6|PB_cnt[12]                                                                                         ; 2       ;
; PushButton_Debouncer:inst6|PB_cnt[11]                                                                                         ; 2       ;
; PushButton_Debouncer:inst6|PB_cnt[10]                                                                                         ; 2       ;
; PushButton_Debouncer:inst6|PB_cnt[9]                                                                                          ; 2       ;
; PushButton_Debouncer:inst6|PB_cnt[8]                                                                                          ; 2       ;
; PushButton_Debouncer:inst6|PB_cnt[7]                                                                                          ; 2       ;
; PushButton_Debouncer:inst6|PB_cnt[6]                                                                                          ; 2       ;
; PushButton_Debouncer:inst6|PB_cnt[5]                                                                                          ; 2       ;
; PushButton_Debouncer:inst6|PB_cnt[4]                                                                                          ; 2       ;
; PushButton_Debouncer:inst6|PB_cnt[3]                                                                                          ; 2       ;
; PushButton_Debouncer:inst6|PB_cnt[2]                                                                                          ; 2       ;
; PushButton_Debouncer:inst6|PB_cnt[1]                                                                                          ; 2       ;
; PushButton_Debouncer:inst6|PB_cnt[0]                                                                                          ; 2       ;
; PushButton_Debouncer:inst6|PB_cnt[15]                                                                                         ; 2       ;
; PushButton_Debouncer:inst6|PB_cnt[14]                                                                                         ; 2       ;
; PushButton_Debouncer:inst5|PB_cnt[13]                                                                                         ; 2       ;
; PushButton_Debouncer:inst5|PB_cnt[12]                                                                                         ; 2       ;
; PushButton_Debouncer:inst5|PB_cnt[11]                                                                                         ; 2       ;
; PushButton_Debouncer:inst5|PB_cnt[10]                                                                                         ; 2       ;
; PushButton_Debouncer:inst5|PB_cnt[9]                                                                                          ; 2       ;
; PushButton_Debouncer:inst5|PB_cnt[8]                                                                                          ; 2       ;
; PushButton_Debouncer:inst5|PB_cnt[7]                                                                                          ; 2       ;
; PushButton_Debouncer:inst5|PB_cnt[6]                                                                                          ; 2       ;
; PushButton_Debouncer:inst5|PB_cnt[5]                                                                                          ; 2       ;
; PushButton_Debouncer:inst5|PB_cnt[4]                                                                                          ; 2       ;
; PushButton_Debouncer:inst5|PB_cnt[3]                                                                                          ; 2       ;
; PushButton_Debouncer:inst5|PB_cnt[2]                                                                                          ; 2       ;
; PushButton_Debouncer:inst5|PB_cnt[1]                                                                                          ; 2       ;
; PushButton_Debouncer:inst5|PB_cnt[0]                                                                                          ; 2       ;
; PushButton_Debouncer:inst5|PB_cnt[15]                                                                                         ; 2       ;
; PushButton_Debouncer:inst5|PB_cnt[14]                                                                                         ; 2       ;
; serialGPIO:inst4|cap_charge                                                                                                   ; 2       ;
; rx_pin                                                                                                                        ; 1       ;
; trig_done_pin                                                                                                                 ; 1       ;
; trig_fault_pin                                                                                                                ; 1       ;
; cap_done_pin                                                                                                                  ; 1       ;
; cap_fault_pin                                                                                                                 ; 1       ;
; B1                                                                                                                            ; 1       ;
; B2                                                                                                                            ; 1       ;
; serialGPIO:inst4|resistance_trigger[7]~3                                                                                      ; 1       ;
; serialGPIO:inst4|resistance_main_cap[7]~4                                                                                     ; 1       ;
; serialGPIO:inst4|resistance_trigger[6]~2                                                                                      ; 1       ;
; serialGPIO:inst4|resistance_main_cap[6]~3                                                                                     ; 1       ;
; serialGPIO:inst4|async_receiver:RX|RxD_sync[0]~0                                                                              ; 1       ;
; serialGPIO:inst4|resistance_trigger[3]~1                                                                                      ; 1       ;
; serialGPIO:inst4|resistance_main_cap[3]~2                                                                                     ; 1       ;
; serialGPIO:inst4|async_receiver:RX|BaudTickGen:tickgen|Acc[4]~41                                                              ; 1       ;
; PushButton_Debouncer:inst10|PB_sync_0~0                                                                                       ; 1       ;
; PushButton_Debouncer:inst11|PB_sync_0~0                                                                                       ; 1       ;
; PushButton_Debouncer:inst8|PB_sync_0~0                                                                                        ; 1       ;
; PushButton_Debouncer:inst9|PB_sync_0~0                                                                                        ; 1       ;
; serialGPIO:inst4|async_receiver:RX|RxD_data[7]~0                                                                              ; 1       ;
; spi_module:inst17|o_SPI_MOSI~2                                                                                                ; 1       ;
; spi_module:inst17|o_SPI_MOSI~1                                                                                                ; 1       ;
; serialGPIO:inst4|trig_charge~4                                                                                                ; 1       ;
; serialGPIO:inst4|tx_msg[4]~43                                                                                                 ; 1       ;
; serialGPIO:inst4|charge_rst~4                                                                                                 ; 1       ;
; serialGPIO:inst4|async_transmitter:TX|Mux0~4                                                                                  ; 1       ;
; serialGPIO:inst4|tx_msg~42                                                                                                    ; 1       ;
; serialGPIO:inst4|tx_msg~41                                                                                                    ; 1       ;
; serialGPIO:inst4|resistance_trigger[7]                                                                                        ; 1       ;
; serialGPIO:inst4|resistance_main_cap[7]                                                                                       ; 1       ;
; serialGPIO:inst4|async_transmitter:TX|TxD_shift~9                                                                             ; 1       ;
; serialGPIO:inst4|async_transmitter:TX|always0~1                                                                               ; 1       ;
; serialGPIO:inst4|tx_msg[7]                                                                                                    ; 1       ;
; serialGPIO:inst4|tx_msg[6]~40                                                                                                 ; 1       ;
; serialGPIO:inst4|tx_msg[6]~39                                                                                                 ; 1       ;
; serialGPIO:inst4|tx_msg[6]~38                                                                                                 ; 1       ;
; serialGPIO:inst4|resistance_trigger[6]                                                                                        ; 1       ;
; serialGPIO:inst4|resistance_main_cap[6]                                                                                       ; 1       ;
; serialGPIO:inst4|tx_msg[2]~37                                                                                                 ; 1       ;
; serialGPIO:inst4|async_transmitter:TX|TxD_shift~8                                                                             ; 1       ;
; serialGPIO:inst4|tx_msg[6]                                                                                                    ; 1       ;
; serialGPIO:inst4|tx_msg~36                                                                                                    ; 1       ;
; serialGPIO:inst4|tx_msg~35                                                                                                    ; 1       ;
; serialGPIO:inst4|tx_msg~34                                                                                                    ; 1       ;
; serialGPIO:inst4|resistance_trigger[5]                                                                                        ; 1       ;
; serialGPIO:inst4|tx_msg~33                                                                                                    ; 1       ;
; serialGPIO:inst4|resistance_main_cap[5]                                                                                       ; 1       ;
; serialGPIO:inst4|async_transmitter:TX|TxD_shift~7                                                                             ; 1       ;
; serialGPIO:inst4|async_transmitter:TX|TxD_shift[6]                                                                            ; 1       ;
; serialGPIO:inst4|tx_msg[4]~32                                                                                                 ; 1       ;
; serialGPIO:inst4|tx_msg[4]~31                                                                                                 ; 1       ;
; serialGPIO:inst4|tx_msg[4]~30                                                                                                 ; 1       ;
; serialGPIO:inst4|resistance_main_cap[4]                                                                                       ; 1       ;
; serialGPIO:inst4|resistance_trigger[4]                                                                                        ; 1       ;
; serialGPIO:inst4|tx_msg[4]~29                                                                                                 ; 1       ;
; serialGPIO:inst4|tx_msg[4]~28                                                                                                 ; 1       ;
; serialGPIO:inst4|async_receiver:RX|RxD_sync[0]                                                                                ; 1       ;
; serialGPIO:inst4|async_transmitter:TX|TxD_shift~6                                                                             ; 1       ;
; serialGPIO:inst4|async_transmitter:TX|TxD_shift[5]                                                                            ; 1       ;
; serialGPIO:inst4|tx_msg[4]                                                                                                    ; 1       ;
; serialGPIO:inst4|tx_msg~27                                                                                                    ; 1       ;
; serialGPIO:inst4|tx_msg~26                                                                                                    ; 1       ;
; serialGPIO:inst4|resistance_trigger[3]                                                                                        ; 1       ;
; serialGPIO:inst4|resistance_main_cap[3]                                                                                       ; 1       ;
; serialGPIO:inst4|tx_msg~25                                                                                                    ; 1       ;
; serialGPIO:inst4|async_receiver:RX|Filter_cnt[1]~1                                                                            ; 1       ;
; serialGPIO:inst4|async_receiver:RX|Filter_cnt[0]~0                                                                            ; 1       ;
; serialGPIO:inst4|spi_counter~2                                                                                                ; 1       ;
; serialGPIO:inst4|async_transmitter:TX|TxD_shift~5                                                                             ; 1       ;
; serialGPIO:inst4|async_transmitter:TX|TxD_shift[4]                                                                            ; 1       ;
; serialGPIO:inst4|tx_msg[3]                                                                                                    ; 1       ;
; serialGPIO:inst4|tx_msg~24                                                                                                    ; 1       ;
; serialGPIO:inst4|tx_msg~23                                                                                                    ; 1       ;
; serialGPIO:inst4|resistance_trigger[2]                                                                                        ; 1       ;
; serialGPIO:inst4|tx_msg~18                                                                                                    ; 1       ;
; serialGPIO:inst4|resistance_main_cap[2]                                                                                       ; 1       ;
; serialGPIO:inst4|op_counter[0]~7                                                                                              ; 1       ;
; serialGPIO:inst4|op_counter[0]~6                                                                                              ; 1       ;
; serialGPIO:inst4|async_receiver:RX|Mux0~0                                                                                     ; 1       ;
; serialGPIO:inst4|async_receiver:RX|RxD_bit~0                                                                                  ; 1       ;
; serialGPIO:inst4|async_receiver:RX|Mux1~1                                                                                     ; 1       ;
; serialGPIO:inst4|async_receiver:RX|Mux3~1                                                                                     ; 1       ;
; serialGPIO:inst4|async_receiver:RX|Mux3~0                                                                                     ; 1       ;
; serialGPIO:inst4|async_receiver:RX|Mux2~1                                                                                     ; 1       ;
; serialGPIO:inst4|async_receiver:RX|Mux2~0                                                                                     ; 1       ;
; serialGPIO:inst4|async_receiver:RX|OversamplingCnt~2                                                                          ; 1       ;
; serialGPIO:inst4|async_receiver:RX|OversamplingCnt~1                                                                          ; 1       ;
; serialGPIO:inst4|async_receiver:RX|OversamplingCnt~0                                                                          ; 1       ;
; serialGPIO:inst4|spi_counter~1                                                                                                ; 1       ;
; serialGPIO:inst4|spi_counter~0                                                                                                ; 1       ;
; spi_module:inst17|r_SPI_Clk_Count[0]~2                                                                                        ; 1       ;
; spi_module:inst17|r_SPI_Clk_Count[1]~1                                                                                        ; 1       ;
; serialGPIO:inst4|async_transmitter:TX|TxD_shift~4                                                                             ; 1       ;
; serialGPIO:inst4|async_transmitter:TX|TxD_shift[3]                                                                            ; 1       ;
; serialGPIO:inst4|tx_msg[1]~17                                                                                                 ; 1       ;
; serialGPIO:inst4|tx_msg[1]~16                                                                                                 ; 1       ;
; serialGPIO:inst4|tx_msg[1]~15                                                                                                 ; 1       ;
; serialGPIO:inst4|resistance_main_cap[1]                                                                                       ; 1       ;
; serialGPIO:inst4|resistance_trigger[1]                                                                                        ; 1       ;
; serialGPIO:inst4|tx_msg[1]~14                                                                                                 ; 1       ;
; serialGPIO:inst4|tx_msg[1]~13                                                                                                 ; 1       ;
; PushButton_Debouncer:inst10|PB_sync_0                                                                                         ; 1       ;
; PushButton_Debouncer:inst11|PB_sync_0                                                                                         ; 1       ;
; serialGPIO:inst4|trigger_fire~0                                                                                               ; 1       ;
; PushButton_Debouncer:inst8|PB_sync_0                                                                                          ; 1       ;
; PushButton_Debouncer:inst9|PB_sync_0                                                                                          ; 1       ;
; serialGPIO:inst4|op_counter[2]~5                                                                                              ; 1       ;
; serialGPIO:inst4|op_counter[2]~4                                                                                              ; 1       ;
; serialGPIO:inst4|op_counter[1]~3                                                                                              ; 1       ;
; serialGPIO:inst4|op_counter[1]~0                                                                                              ; 1       ;
; serialGPIO:inst4|trigger_test~1                                                                                               ; 1       ;
; FireController:inst30|always0~0                                                                                               ; 1       ;
; serialGPIO:inst4|async_receiver:RX|RxD_data_ready~1                                                                           ; 1       ;
; serialGPIO:inst4|async_receiver:RX|RxD_data_ready~0                                                                           ; 1       ;
; serialGPIO:inst4|write_flag~0                                                                                                 ; 1       ;
; serialGPIO:inst4|spi_write~1                                                                                                  ; 1       ;
; serialGPIO:inst4|spi_write~0                                                                                                  ; 1       ;
; spi_module:inst17|r_SPI_Clk~0                                                                                                 ; 1       ;
; spi_module:inst17|r_TX_Bit_Count~3                                                                                            ; 1       ;
; spi_module:inst17|Add2~0                                                                                                      ; 1       ;
; serialGPIO:inst4|resistance[3]                                                                                                ; 1       ;
; serialGPIO:inst4|resistance[0]                                                                                                ; 1       ;
; serialGPIO:inst4|resistance[1]                                                                                                ; 1       ;
; serialGPIO:inst4|resistance[2]                                                                                                ; 1       ;
; serialGPIO:inst4|resistance[4]                                                                                                ; 1       ;
; spi_module:inst17|r_TX_Bit_Count~2                                                                                            ; 1       ;
; serialGPIO:inst4|resistance[5]                                                                                                ; 1       ;
; spi_module:inst17|r_TX_Bit_Count~0                                                                                            ; 1       ;
; serialGPIO:inst4|resistance[6]                                                                                                ; 1       ;
; serialGPIO:inst4|resistance[7]                                                                                                ; 1       ;
; spi_module:inst17|r_Trailing_Edge~0                                                                                           ; 1       ;
; spi_module:inst17|o_TX_Ready~0                                                                                                ; 1       ;
; serialGPIO:inst4|async_transmitter:TX|Mux3~1                                                                                  ; 1       ;
; serialGPIO:inst4|async_transmitter:TX|Mux3~0                                                                                  ; 1       ;
; serialGPIO:inst4|async_transmitter:TX|Mux2~1                                                                                  ; 1       ;
; serialGPIO:inst4|async_transmitter:TX|Mux2~0                                                                                  ; 1       ;
; serialGPIO:inst4|async_transmitter:TX|TxD_shift~3                                                                             ; 1       ;
; serialGPIO:inst4|async_transmitter:TX|TxD_shift[2]                                                                            ; 1       ;
; serialGPIO:inst4|tx_msg[1]                                                                                                    ; 1       ;
; serialGPIO:inst4|tx_msg[0]~10                                                                                                 ; 1       ;
; serialGPIO:inst4|tx_msg[0]~9                                                                                                  ; 1       ;
; serialGPIO:inst4|tx_msg[0]~8                                                                                                  ; 1       ;
; serialGPIO:inst4|resistance_trigger[0]                                                                                        ; 1       ;
; serialGPIO:inst4|tx_msg[0]~7                                                                                                  ; 1       ;
; serialGPIO:inst4|tx_msg[0]~6                                                                                                  ; 1       ;
; serialGPIO:inst4|tx_msg[0]~5                                                                                                  ; 1       ;
; serialGPIO:inst4|resistance_main_cap[0]                                                                                       ; 1       ;
; PushButton_Debouncer:inst6|PB_sync_0                                                                                          ; 1       ;
; PushButton_Debouncer:inst5|PB_sync_0                                                                                          ; 1       ;
; PushButton_Debouncer:inst10|PB_state~5                                                                                        ; 1       ;
; PushButton_Debouncer:inst10|PB_state~4                                                                                        ; 1       ;
; PushButton_Debouncer:inst10|PB_state~3                                                                                        ; 1       ;
; PushButton_Debouncer:inst10|PB_state~2                                                                                        ; 1       ;
; PushButton_Debouncer:inst10|PB_state~1                                                                                        ; 1       ;
; PushButton_Debouncer:inst10|PB_state~0                                                                                        ; 1       ;
; PushButton_Debouncer:inst11|PB_state~5                                                                                        ; 1       ;
; PushButton_Debouncer:inst11|PB_state~4                                                                                        ; 1       ;
; PushButton_Debouncer:inst11|PB_state~3                                                                                        ; 1       ;
; PushButton_Debouncer:inst11|PB_state~2                                                                                        ; 1       ;
; PushButton_Debouncer:inst11|PB_state~1                                                                                        ; 1       ;
; PushButton_Debouncer:inst11|PB_state~0                                                                                        ; 1       ;
; PushButton_Debouncer:inst11|PB_sync_1                                                                                         ; 1       ;
; serialGPIO:inst4|trig_charge~3                                                                                                ; 1       ;
; serialGPIO:inst4|Equal0~1                                                                                                     ; 1       ;
; FireController:inst30|trig_charge~0                                                                                           ; 1       ;
; PushButton_Debouncer:inst8|PB_state~5                                                                                         ; 1       ;
; PushButton_Debouncer:inst8|PB_state~4                                                                                         ; 1       ;
; PushButton_Debouncer:inst8|PB_state~3                                                                                         ; 1       ;
; PushButton_Debouncer:inst8|PB_state~2                                                                                         ; 1       ;
; PushButton_Debouncer:inst8|PB_state~1                                                                                         ; 1       ;
; PushButton_Debouncer:inst8|PB_state~0                                                                                         ; 1       ;
; PushButton_Debouncer:inst8|PB_sync_1                                                                                          ; 1       ;
; PushButton_Debouncer:inst9|PB_state~5                                                                                         ; 1       ;
; PushButton_Debouncer:inst9|PB_state~4                                                                                         ; 1       ;
; PushButton_Debouncer:inst9|PB_state~3                                                                                         ; 1       ;
; PushButton_Debouncer:inst9|PB_state~2                                                                                         ; 1       ;
; PushButton_Debouncer:inst9|PB_state~1                                                                                         ; 1       ;
; PushButton_Debouncer:inst9|PB_state~0                                                                                         ; 1       ;
; PushButton_Debouncer:inst9|PB_sync_1                                                                                          ; 1       ;
; serialGPIO:inst4|charge_rst~3                                                                                                 ; 1       ;
; serialGPIO:inst4|cap_charge~1                                                                                                 ; 1       ;
; serialGPIO:inst4|cap_charge~0                                                                                                 ; 1       ;
; igbt_trigger:inst26|counter[15]~16                                                                                            ; 1       ;
; igbt_trigger:inst26|counter[14]~15                                                                                            ; 1       ;
; igbt_trigger:inst26|counter~14                                                                                                ; 1       ;
; igbt_trigger:inst26|counter~13                                                                                                ; 1       ;
; igbt_trigger:inst26|counter~12                                                                                                ; 1       ;
; igbt_trigger:inst26|counter~11                                                                                                ; 1       ;
; igbt_trigger:inst26|counter~10                                                                                                ; 1       ;
; igbt_trigger:inst26|counter~9                                                                                                 ; 1       ;
; igbt_trigger:inst26|counter~8                                                                                                 ; 1       ;
; igbt_trigger:inst26|counter~7                                                                                                 ; 1       ;
; igbt_trigger:inst26|counter~6                                                                                                 ; 1       ;
; igbt_trigger:inst26|counter~5                                                                                                 ; 1       ;
; igbt_trigger:inst26|counter~4                                                                                                 ; 1       ;
; igbt_trigger:inst26|counter~3                                                                                                 ; 1       ;
; igbt_trigger:inst26|counter~2                                                                                                 ; 1       ;
; igbt_trigger:inst26|counter~0                                                                                                 ; 1       ;
; igbt_trigger:inst26|done~1                                                                                                    ; 1       ;
; igbt_trigger:inst26|done~0                                                                                                    ; 1       ;
; igbt_trigger:inst26|triggering~1                                                                                              ; 1       ;
; igbt_trigger:inst26|triggering~0                                                                                              ; 1       ;
; serialGPIO:inst4|select~0                                                                                                     ; 1       ;
; serialGPIO:inst4|Equal8~0                                                                                                     ; 1       ;
; spi_module:inst17|cs_enable~0                                                                                                 ; 1       ;
; spi_module:inst17|o_SPI_MOSI~0                                                                                                ; 1       ;
; spi_module:inst17|Mux0~3                                                                                                      ; 1       ;
; spi_module:inst17|r_TX_Byte[3]                                                                                                ; 1       ;
; spi_module:inst17|Mux0~2                                                                                                      ; 1       ;
; spi_module:inst17|r_TX_Byte[0]                                                                                                ; 1       ;
; spi_module:inst17|r_TX_Byte[1]                                                                                                ; 1       ;
; spi_module:inst17|r_TX_Byte[2]                                                                                                ; 1       ;
; spi_module:inst17|Mux0~1                                                                                                      ; 1       ;
; spi_module:inst17|Mux0~0                                                                                                      ; 1       ;
; spi_module:inst17|r_TX_Byte[4]                                                                                                ; 1       ;
; spi_module:inst17|r_TX_Byte[5]                                                                                                ; 1       ;
; spi_module:inst17|r_TX_Byte[6]                                                                                                ; 1       ;
; serialGPIO:inst4|async_transmitter:TX|Mux1~3                                                                                  ; 1       ;
; serialGPIO:inst4|async_transmitter:TX|Mux1~2                                                                                  ; 1       ;
; serialGPIO:inst4|async_transmitter:TX|Mux1~1                                                                                  ; 1       ;
; serialGPIO:inst4|async_transmitter:TX|Mux0~3                                                                                  ; 1       ;
; serialGPIO:inst4|async_transmitter:TX|always0~0                                                                               ; 1       ;
; serialGPIO:inst4|async_transmitter:TX|TxD_shift~2                                                                             ; 1       ;
; serialGPIO:inst4|async_transmitter:TX|TxD_shift[1]                                                                            ; 1       ;
; serialGPIO:inst4|tx_msg[0]                                                                                                    ; 1       ;
; PushButton_Debouncer:inst6|PB_state~5                                                                                         ; 1       ;
; PushButton_Debouncer:inst6|PB_state~4                                                                                         ; 1       ;
; PushButton_Debouncer:inst6|PB_state~3                                                                                         ; 1       ;
; PushButton_Debouncer:inst6|PB_state~2                                                                                         ; 1       ;
; PushButton_Debouncer:inst6|PB_state~1                                                                                         ; 1       ;
; PushButton_Debouncer:inst6|PB_state~0                                                                                         ; 1       ;
; PushButton_Debouncer:inst5|PB_state~5                                                                                         ; 1       ;
; PushButton_Debouncer:inst5|PB_state~4                                                                                         ; 1       ;
; PushButton_Debouncer:inst5|PB_state~3                                                                                         ; 1       ;
; PushButton_Debouncer:inst5|PB_state~2                                                                                         ; 1       ;
; PushButton_Debouncer:inst5|PB_state~1                                                                                         ; 1       ;
; PushButton_Debouncer:inst5|PB_state~0                                                                                         ; 1       ;
; CapacitorCharger:inst27|done_latch~0                                                                                          ; 1       ;
; CapacitorCharger:inst27|fault_latch~0                                                                                         ; 1       ;
; CapacitorCharger:inst27|enable_latch~0                                                                                        ; 1       ;
; CapacitorCharger:inst29|done_latch~0                                                                                          ; 1       ;
; CapacitorCharger:inst29|fault_latch~0                                                                                         ; 1       ;
; CapacitorCharger:inst29|enable_latch~0                                                                                        ; 1       ;
; igbt_trigger:inst26|trigger~2                                                                                                 ; 1       ;
; igbt_trigger:inst26|lpm_mult:Mult0|multcore:mult_core|romout[0][4]~10                                                         ; 1       ;
; igbt_trigger:inst26|lpm_mult:Mult0|multcore:mult_core|romout[0][5]~9                                                          ; 1       ;
; igbt_trigger:inst26|lpm_mult:Mult0|multcore:mult_core|romout[0][6]~8                                                          ; 1       ;
; igbt_trigger:inst26|lpm_mult:Mult0|multcore:mult_core|romout[0][7]~7                                                          ; 1       ;
; igbt_trigger:inst26|lpm_mult:Mult0|multcore:mult_core|romout[0][8]                                                            ; 1       ;
; igbt_trigger:inst26|lpm_mult:Mult0|multcore:mult_core|romout[1][4]~6                                                          ; 1       ;
; igbt_trigger:inst26|lpm_mult:Mult0|multcore:mult_core|romout[0][9]~5                                                          ; 1       ;
; igbt_trigger:inst26|lpm_mult:Mult0|multcore:mult_core|romout[1][5]~4                                                          ; 1       ;
; igbt_trigger:inst26|lpm_mult:Mult0|multcore:mult_core|romout[1][6]~3                                                          ; 1       ;
; igbt_trigger:inst26|lpm_mult:Mult0|multcore:mult_core|romout[1][7]~2                                                          ; 1       ;
; igbt_trigger:inst26|lpm_mult:Mult0|multcore:mult_core|romout[1][8]~1                                                          ; 1       ;
; igbt_trigger:inst26|lpm_mult:Mult0|multcore:mult_core|romout[1][9]~0                                                          ; 1       ;
; spi_module:inst17|CS_2~0                                                                                                      ; 1       ;
; spi_module:inst17|CS_1~0                                                                                                      ; 1       ;
; spi_module:inst17|o_SPI_Clk                                                                                                   ; 1       ;
; serialGPIO:inst4|async_transmitter:TX|TxD~0                                                                                   ; 1       ;
; serialGPIO:inst4|async_transmitter:TX|TxD_shift[0]                                                                            ; 1       ;
; CapacitorCharger:inst27|on~0                                                                                                  ; 1       ;
; CapacitorCharger:inst29|on~0                                                                                                  ; 1       ;
; serialGPIO:inst4|tx_msg[5]                                                                                                    ; 1       ;
; serialGPIO:inst4|async_receiver:RX|BaudTickGen:tickgen|Acc[17]~39                                                             ; 1       ;
; serialGPIO:inst4|async_receiver:RX|BaudTickGen:tickgen|Acc[16]~38                                                             ; 1       ;
; serialGPIO:inst4|async_receiver:RX|BaudTickGen:tickgen|Acc[16]~37                                                             ; 1       ;
; serialGPIO:inst4|async_receiver:RX|BaudTickGen:tickgen|Acc[15]~36                                                             ; 1       ;
; serialGPIO:inst4|async_receiver:RX|BaudTickGen:tickgen|Acc[15]~35                                                             ; 1       ;
; serialGPIO:inst4|async_receiver:RX|BaudTickGen:tickgen|Acc[14]~34                                                             ; 1       ;
; serialGPIO:inst4|async_receiver:RX|BaudTickGen:tickgen|Acc[14]~33                                                             ; 1       ;
; serialGPIO:inst4|async_receiver:RX|BaudTickGen:tickgen|Acc[13]~32                                                             ; 1       ;
; serialGPIO:inst4|async_receiver:RX|BaudTickGen:tickgen|Acc[13]~31                                                             ; 1       ;
; serialGPIO:inst4|async_receiver:RX|BaudTickGen:tickgen|Acc[12]~30                                                             ; 1       ;
; serialGPIO:inst4|async_receiver:RX|BaudTickGen:tickgen|Acc[12]~29                                                             ; 1       ;
; serialGPIO:inst4|async_receiver:RX|BaudTickGen:tickgen|Acc[11]~28                                                             ; 1       ;
; serialGPIO:inst4|async_receiver:RX|BaudTickGen:tickgen|Acc[11]~27                                                             ; 1       ;
; serialGPIO:inst4|async_receiver:RX|BaudTickGen:tickgen|Acc[10]~26                                                             ; 1       ;
; serialGPIO:inst4|async_receiver:RX|BaudTickGen:tickgen|Acc[10]~25                                                             ; 1       ;
; serialGPIO:inst4|async_receiver:RX|BaudTickGen:tickgen|Acc[9]~24                                                              ; 1       ;
; serialGPIO:inst4|async_receiver:RX|BaudTickGen:tickgen|Acc[9]~23                                                              ; 1       ;
; serialGPIO:inst4|async_receiver:RX|BaudTickGen:tickgen|Acc[8]~22                                                              ; 1       ;
; serialGPIO:inst4|async_receiver:RX|BaudTickGen:tickgen|Acc[8]~21                                                              ; 1       ;
; serialGPIO:inst4|async_receiver:RX|BaudTickGen:tickgen|Acc[7]~20                                                              ; 1       ;
; serialGPIO:inst4|async_receiver:RX|BaudTickGen:tickgen|Acc[7]~19                                                              ; 1       ;
; serialGPIO:inst4|async_receiver:RX|BaudTickGen:tickgen|Acc[6]~18                                                              ; 1       ;
; serialGPIO:inst4|async_receiver:RX|BaudTickGen:tickgen|Acc[6]~17                                                              ; 1       ;
; serialGPIO:inst4|async_receiver:RX|BaudTickGen:tickgen|Acc[5]~16                                                              ; 1       ;
; serialGPIO:inst4|async_receiver:RX|BaudTickGen:tickgen|Acc[5]~15                                                              ; 1       ;
; serialGPIO:inst4|async_receiver:RX|BaudTickGen:tickgen|Acc[5]~14                                                              ; 1       ;
; serialGPIO:inst4|async_receiver:RX|BaudTickGen:tickgen|Acc[5]                                                                 ; 1       ;
; serialGPIO:inst4|async_receiver:RX|BaudTickGen:tickgen|Acc[6]                                                                 ; 1       ;
; serialGPIO:inst4|async_receiver:RX|BaudTickGen:tickgen|Acc[7]                                                                 ; 1       ;
; serialGPIO:inst4|async_receiver:RX|BaudTickGen:tickgen|Acc[8]                                                                 ; 1       ;
; serialGPIO:inst4|async_receiver:RX|BaudTickGen:tickgen|Acc[9]                                                                 ; 1       ;
; serialGPIO:inst4|async_receiver:RX|BaudTickGen:tickgen|Acc[10]                                                                ; 1       ;
; serialGPIO:inst4|async_receiver:RX|BaudTickGen:tickgen|Acc[11]                                                                ; 1       ;
; serialGPIO:inst4|async_receiver:RX|BaudTickGen:tickgen|Acc[12]                                                                ; 1       ;
; serialGPIO:inst4|async_receiver:RX|BaudTickGen:tickgen|Acc[13]                                                                ; 1       ;
; serialGPIO:inst4|async_receiver:RX|BaudTickGen:tickgen|Acc[14]                                                                ; 1       ;
; serialGPIO:inst4|async_receiver:RX|BaudTickGen:tickgen|Acc[15]                                                                ; 1       ;
; serialGPIO:inst4|async_receiver:RX|BaudTickGen:tickgen|Acc[16]                                                                ; 1       ;
; serialGPIO:inst4|tx_msg[2]                                                                                                    ; 1       ;
; PushButton_Debouncer:inst10|PB_cnt[15]~46                                                                                     ; 1       ;
; PushButton_Debouncer:inst10|PB_cnt[14]~45                                                                                     ; 1       ;
; PushButton_Debouncer:inst10|PB_cnt[14]~44                                                                                     ; 1       ;
; PushButton_Debouncer:inst10|PB_cnt[13]~43                                                                                     ; 1       ;
; PushButton_Debouncer:inst10|PB_cnt[13]~42                                                                                     ; 1       ;
; PushButton_Debouncer:inst10|PB_cnt[12]~41                                                                                     ; 1       ;
; PushButton_Debouncer:inst10|PB_cnt[12]~40                                                                                     ; 1       ;
; PushButton_Debouncer:inst10|PB_cnt[11]~39                                                                                     ; 1       ;
; PushButton_Debouncer:inst10|PB_cnt[11]~38                                                                                     ; 1       ;
; PushButton_Debouncer:inst10|PB_cnt[10]~37                                                                                     ; 1       ;
; PushButton_Debouncer:inst10|PB_cnt[10]~36                                                                                     ; 1       ;
; PushButton_Debouncer:inst10|PB_cnt[9]~35                                                                                      ; 1       ;
; PushButton_Debouncer:inst10|PB_cnt[9]~34                                                                                      ; 1       ;
; PushButton_Debouncer:inst10|PB_cnt[8]~33                                                                                      ; 1       ;
; PushButton_Debouncer:inst10|PB_cnt[8]~32                                                                                      ; 1       ;
; PushButton_Debouncer:inst10|PB_cnt[7]~31                                                                                      ; 1       ;
; PushButton_Debouncer:inst10|PB_cnt[7]~30                                                                                      ; 1       ;
; PushButton_Debouncer:inst10|PB_cnt[6]~29                                                                                      ; 1       ;
; PushButton_Debouncer:inst10|PB_cnt[6]~28                                                                                      ; 1       ;
; PushButton_Debouncer:inst10|PB_cnt[5]~27                                                                                      ; 1       ;
; PushButton_Debouncer:inst10|PB_cnt[5]~26                                                                                      ; 1       ;
; PushButton_Debouncer:inst10|PB_cnt[4]~25                                                                                      ; 1       ;
; PushButton_Debouncer:inst10|PB_cnt[4]~24                                                                                      ; 1       ;
; PushButton_Debouncer:inst10|PB_cnt[3]~23                                                                                      ; 1       ;
; PushButton_Debouncer:inst10|PB_cnt[3]~22                                                                                      ; 1       ;
; PushButton_Debouncer:inst10|PB_cnt[2]~21                                                                                      ; 1       ;
; PushButton_Debouncer:inst10|PB_cnt[2]~20                                                                                      ; 1       ;
; PushButton_Debouncer:inst10|PB_cnt[1]~19                                                                                      ; 1       ;
; PushButton_Debouncer:inst10|PB_cnt[1]~18                                                                                      ; 1       ;
; PushButton_Debouncer:inst10|PB_cnt[0]~17                                                                                      ; 1       ;
; PushButton_Debouncer:inst10|PB_cnt[0]~16                                                                                      ; 1       ;
; PushButton_Debouncer:inst11|PB_cnt[15]~46                                                                                     ; 1       ;
; PushButton_Debouncer:inst11|PB_cnt[14]~45                                                                                     ; 1       ;
; PushButton_Debouncer:inst11|PB_cnt[14]~44                                                                                     ; 1       ;
; PushButton_Debouncer:inst11|PB_cnt[13]~43                                                                                     ; 1       ;
; PushButton_Debouncer:inst11|PB_cnt[13]~42                                                                                     ; 1       ;
; PushButton_Debouncer:inst11|PB_cnt[12]~41                                                                                     ; 1       ;
; PushButton_Debouncer:inst11|PB_cnt[12]~40                                                                                     ; 1       ;
; PushButton_Debouncer:inst11|PB_cnt[11]~39                                                                                     ; 1       ;
; PushButton_Debouncer:inst11|PB_cnt[11]~38                                                                                     ; 1       ;
; PushButton_Debouncer:inst11|PB_cnt[10]~37                                                                                     ; 1       ;
; PushButton_Debouncer:inst11|PB_cnt[10]~36                                                                                     ; 1       ;
; PushButton_Debouncer:inst11|PB_cnt[9]~35                                                                                      ; 1       ;
; PushButton_Debouncer:inst11|PB_cnt[9]~34                                                                                      ; 1       ;
; PushButton_Debouncer:inst11|PB_cnt[8]~33                                                                                      ; 1       ;
; PushButton_Debouncer:inst11|PB_cnt[8]~32                                                                                      ; 1       ;
; PushButton_Debouncer:inst11|PB_cnt[7]~31                                                                                      ; 1       ;
; PushButton_Debouncer:inst11|PB_cnt[7]~30                                                                                      ; 1       ;
; PushButton_Debouncer:inst11|PB_cnt[6]~29                                                                                      ; 1       ;
; PushButton_Debouncer:inst11|PB_cnt[6]~28                                                                                      ; 1       ;
; PushButton_Debouncer:inst11|PB_cnt[5]~27                                                                                      ; 1       ;
; PushButton_Debouncer:inst11|PB_cnt[5]~26                                                                                      ; 1       ;
; PushButton_Debouncer:inst11|PB_cnt[4]~25                                                                                      ; 1       ;
; PushButton_Debouncer:inst11|PB_cnt[4]~24                                                                                      ; 1       ;
; PushButton_Debouncer:inst11|PB_cnt[3]~23                                                                                      ; 1       ;
; PushButton_Debouncer:inst11|PB_cnt[3]~22                                                                                      ; 1       ;
; PushButton_Debouncer:inst11|PB_cnt[2]~21                                                                                      ; 1       ;
; PushButton_Debouncer:inst11|PB_cnt[2]~20                                                                                      ; 1       ;
; PushButton_Debouncer:inst11|PB_cnt[1]~19                                                                                      ; 1       ;
; PushButton_Debouncer:inst11|PB_cnt[1]~18                                                                                      ; 1       ;
; PushButton_Debouncer:inst11|PB_cnt[0]~17                                                                                      ; 1       ;
; PushButton_Debouncer:inst11|PB_cnt[0]~16                                                                                      ; 1       ;
; PushButton_Debouncer:inst8|PB_cnt[15]~46                                                                                      ; 1       ;
; PushButton_Debouncer:inst8|PB_cnt[14]~45                                                                                      ; 1       ;
; PushButton_Debouncer:inst8|PB_cnt[14]~44                                                                                      ; 1       ;
; PushButton_Debouncer:inst8|PB_cnt[13]~43                                                                                      ; 1       ;
; PushButton_Debouncer:inst8|PB_cnt[13]~42                                                                                      ; 1       ;
; PushButton_Debouncer:inst8|PB_cnt[12]~41                                                                                      ; 1       ;
; PushButton_Debouncer:inst8|PB_cnt[12]~40                                                                                      ; 1       ;
; PushButton_Debouncer:inst8|PB_cnt[11]~39                                                                                      ; 1       ;
; PushButton_Debouncer:inst8|PB_cnt[11]~38                                                                                      ; 1       ;
; PushButton_Debouncer:inst8|PB_cnt[10]~37                                                                                      ; 1       ;
; PushButton_Debouncer:inst8|PB_cnt[10]~36                                                                                      ; 1       ;
; PushButton_Debouncer:inst8|PB_cnt[9]~35                                                                                       ; 1       ;
; PushButton_Debouncer:inst8|PB_cnt[9]~34                                                                                       ; 1       ;
; PushButton_Debouncer:inst8|PB_cnt[8]~33                                                                                       ; 1       ;
; PushButton_Debouncer:inst8|PB_cnt[8]~32                                                                                       ; 1       ;
; PushButton_Debouncer:inst8|PB_cnt[7]~31                                                                                       ; 1       ;
; PushButton_Debouncer:inst8|PB_cnt[7]~30                                                                                       ; 1       ;
; PushButton_Debouncer:inst8|PB_cnt[6]~29                                                                                       ; 1       ;
; PushButton_Debouncer:inst8|PB_cnt[6]~28                                                                                       ; 1       ;
; PushButton_Debouncer:inst8|PB_cnt[5]~27                                                                                       ; 1       ;
; PushButton_Debouncer:inst8|PB_cnt[5]~26                                                                                       ; 1       ;
; PushButton_Debouncer:inst8|PB_cnt[4]~25                                                                                       ; 1       ;
; PushButton_Debouncer:inst8|PB_cnt[4]~24                                                                                       ; 1       ;
; PushButton_Debouncer:inst8|PB_cnt[3]~23                                                                                       ; 1       ;
; PushButton_Debouncer:inst8|PB_cnt[3]~22                                                                                       ; 1       ;
; PushButton_Debouncer:inst8|PB_cnt[2]~21                                                                                       ; 1       ;
; PushButton_Debouncer:inst8|PB_cnt[2]~20                                                                                       ; 1       ;
; PushButton_Debouncer:inst8|PB_cnt[1]~19                                                                                       ; 1       ;
; PushButton_Debouncer:inst8|PB_cnt[1]~18                                                                                       ; 1       ;
; PushButton_Debouncer:inst8|PB_cnt[0]~17                                                                                       ; 1       ;
; PushButton_Debouncer:inst8|PB_cnt[0]~16                                                                                       ; 1       ;
; PushButton_Debouncer:inst9|PB_cnt[15]~46                                                                                      ; 1       ;
; PushButton_Debouncer:inst9|PB_cnt[14]~45                                                                                      ; 1       ;
; PushButton_Debouncer:inst9|PB_cnt[14]~44                                                                                      ; 1       ;
; PushButton_Debouncer:inst9|PB_cnt[13]~43                                                                                      ; 1       ;
; PushButton_Debouncer:inst9|PB_cnt[13]~42                                                                                      ; 1       ;
; PushButton_Debouncer:inst9|PB_cnt[12]~41                                                                                      ; 1       ;
; PushButton_Debouncer:inst9|PB_cnt[12]~40                                                                                      ; 1       ;
; PushButton_Debouncer:inst9|PB_cnt[11]~39                                                                                      ; 1       ;
; PushButton_Debouncer:inst9|PB_cnt[11]~38                                                                                      ; 1       ;
; PushButton_Debouncer:inst9|PB_cnt[10]~37                                                                                      ; 1       ;
; PushButton_Debouncer:inst9|PB_cnt[10]~36                                                                                      ; 1       ;
; PushButton_Debouncer:inst9|PB_cnt[9]~35                                                                                       ; 1       ;
; PushButton_Debouncer:inst9|PB_cnt[9]~34                                                                                       ; 1       ;
; PushButton_Debouncer:inst9|PB_cnt[8]~33                                                                                       ; 1       ;
; PushButton_Debouncer:inst9|PB_cnt[8]~32                                                                                       ; 1       ;
; PushButton_Debouncer:inst9|PB_cnt[7]~31                                                                                       ; 1       ;
; PushButton_Debouncer:inst9|PB_cnt[7]~30                                                                                       ; 1       ;
; PushButton_Debouncer:inst9|PB_cnt[6]~29                                                                                       ; 1       ;
; PushButton_Debouncer:inst9|PB_cnt[6]~28                                                                                       ; 1       ;
; PushButton_Debouncer:inst9|PB_cnt[5]~27                                                                                       ; 1       ;
; PushButton_Debouncer:inst9|PB_cnt[5]~26                                                                                       ; 1       ;
; PushButton_Debouncer:inst9|PB_cnt[4]~25                                                                                       ; 1       ;
; PushButton_Debouncer:inst9|PB_cnt[4]~24                                                                                       ; 1       ;
; PushButton_Debouncer:inst9|PB_cnt[3]~23                                                                                       ; 1       ;
; PushButton_Debouncer:inst9|PB_cnt[3]~22                                                                                       ; 1       ;
; PushButton_Debouncer:inst9|PB_cnt[2]~21                                                                                       ; 1       ;
; PushButton_Debouncer:inst9|PB_cnt[2]~20                                                                                       ; 1       ;
; PushButton_Debouncer:inst9|PB_cnt[1]~19                                                                                       ; 1       ;
; PushButton_Debouncer:inst9|PB_cnt[1]~18                                                                                       ; 1       ;
; PushButton_Debouncer:inst9|PB_cnt[0]~17                                                                                       ; 1       ;
; PushButton_Debouncer:inst9|PB_cnt[0]~16                                                                                       ; 1       ;
; spi_module:inst17|r_SPI_Clk_Edges[4]~13                                                                                       ; 1       ;
; spi_module:inst17|r_SPI_Clk_Edges[3]~12                                                                                       ; 1       ;
; spi_module:inst17|r_SPI_Clk_Edges[3]~11                                                                                       ; 1       ;
; spi_module:inst17|r_SPI_Clk_Edges[2]~10                                                                                       ; 1       ;
; spi_module:inst17|r_SPI_Clk_Edges[2]~9                                                                                        ; 1       ;
; spi_module:inst17|r_SPI_Clk_Edges[1]~8                                                                                        ; 1       ;
; spi_module:inst17|r_SPI_Clk_Edges[1]~7                                                                                        ; 1       ;
; spi_module:inst17|r_SPI_Clk_Edges[0]~6                                                                                        ; 1       ;
; spi_module:inst17|r_SPI_Clk_Edges[0]~5                                                                                        ; 1       ;
; serialGPIO:inst4|async_transmitter:TX|BaudTickGen:tickgen|Acc[17]~49                                                          ; 1       ;
; serialGPIO:inst4|async_transmitter:TX|BaudTickGen:tickgen|Acc[16]~48                                                          ; 1       ;
; serialGPIO:inst4|async_transmitter:TX|BaudTickGen:tickgen|Acc[16]~47                                                          ; 1       ;
; serialGPIO:inst4|async_transmitter:TX|BaudTickGen:tickgen|Acc[15]~46                                                          ; 1       ;
; serialGPIO:inst4|async_transmitter:TX|BaudTickGen:tickgen|Acc[15]~45                                                          ; 1       ;
; serialGPIO:inst4|async_transmitter:TX|BaudTickGen:tickgen|Acc[14]~44                                                          ; 1       ;
; serialGPIO:inst4|async_transmitter:TX|BaudTickGen:tickgen|Acc[14]~43                                                          ; 1       ;
; serialGPIO:inst4|async_transmitter:TX|BaudTickGen:tickgen|Acc[13]~42                                                          ; 1       ;
; serialGPIO:inst4|async_transmitter:TX|BaudTickGen:tickgen|Acc[13]~41                                                          ; 1       ;
; serialGPIO:inst4|async_transmitter:TX|BaudTickGen:tickgen|Acc[12]~40                                                          ; 1       ;
; serialGPIO:inst4|async_transmitter:TX|BaudTickGen:tickgen|Acc[12]~39                                                          ; 1       ;
; serialGPIO:inst4|async_transmitter:TX|BaudTickGen:tickgen|Acc[11]~38                                                          ; 1       ;
; serialGPIO:inst4|async_transmitter:TX|BaudTickGen:tickgen|Acc[11]~37                                                          ; 1       ;
; serialGPIO:inst4|async_transmitter:TX|BaudTickGen:tickgen|Acc[10]~36                                                          ; 1       ;
; serialGPIO:inst4|async_transmitter:TX|BaudTickGen:tickgen|Acc[10]~35                                                          ; 1       ;
; serialGPIO:inst4|async_transmitter:TX|BaudTickGen:tickgen|Acc[9]~34                                                           ; 1       ;
; serialGPIO:inst4|async_transmitter:TX|BaudTickGen:tickgen|Acc[9]~33                                                           ; 1       ;
; serialGPIO:inst4|async_transmitter:TX|BaudTickGen:tickgen|Acc[8]~32                                                           ; 1       ;
; serialGPIO:inst4|async_transmitter:TX|BaudTickGen:tickgen|Acc[8]~31                                                           ; 1       ;
; serialGPIO:inst4|async_transmitter:TX|BaudTickGen:tickgen|Acc[7]~30                                                           ; 1       ;
; serialGPIO:inst4|async_transmitter:TX|BaudTickGen:tickgen|Acc[7]~29                                                           ; 1       ;
; serialGPIO:inst4|async_transmitter:TX|BaudTickGen:tickgen|Acc[6]~28                                                           ; 1       ;
; serialGPIO:inst4|async_transmitter:TX|BaudTickGen:tickgen|Acc[6]~27                                                           ; 1       ;
; serialGPIO:inst4|async_transmitter:TX|BaudTickGen:tickgen|Acc[5]~26                                                           ; 1       ;
; serialGPIO:inst4|async_transmitter:TX|BaudTickGen:tickgen|Acc[5]~25                                                           ; 1       ;
; serialGPIO:inst4|async_transmitter:TX|BaudTickGen:tickgen|Acc[4]~24                                                           ; 1       ;
; serialGPIO:inst4|async_transmitter:TX|BaudTickGen:tickgen|Acc[4]~23                                                           ; 1       ;
; serialGPIO:inst4|async_transmitter:TX|BaudTickGen:tickgen|Acc[3]~22                                                           ; 1       ;
; serialGPIO:inst4|async_transmitter:TX|BaudTickGen:tickgen|Acc[3]~21                                                           ; 1       ;
; serialGPIO:inst4|async_transmitter:TX|BaudTickGen:tickgen|Acc[2]~20                                                           ; 1       ;
; serialGPIO:inst4|async_transmitter:TX|BaudTickGen:tickgen|Acc[2]~19                                                           ; 1       ;
; serialGPIO:inst4|async_transmitter:TX|BaudTickGen:tickgen|Acc[1]~18                                                           ; 1       ;
; serialGPIO:inst4|async_transmitter:TX|BaudTickGen:tickgen|Acc[1]~17                                                           ; 1       ;
; serialGPIO:inst4|async_transmitter:TX|BaudTickGen:tickgen|Acc[1]                                                              ; 1       ;
; serialGPIO:inst4|async_transmitter:TX|BaudTickGen:tickgen|Acc[2]                                                              ; 1       ;
; serialGPIO:inst4|async_transmitter:TX|BaudTickGen:tickgen|Acc[3]                                                              ; 1       ;
; serialGPIO:inst4|async_transmitter:TX|BaudTickGen:tickgen|Acc[4]                                                              ; 1       ;
; serialGPIO:inst4|async_transmitter:TX|BaudTickGen:tickgen|Acc[5]                                                              ; 1       ;
; serialGPIO:inst4|async_transmitter:TX|BaudTickGen:tickgen|Acc[6]                                                              ; 1       ;
; serialGPIO:inst4|async_transmitter:TX|BaudTickGen:tickgen|Acc[7]                                                              ; 1       ;
; serialGPIO:inst4|async_transmitter:TX|BaudTickGen:tickgen|Acc[8]                                                              ; 1       ;
; serialGPIO:inst4|async_transmitter:TX|BaudTickGen:tickgen|Acc[9]                                                              ; 1       ;
; serialGPIO:inst4|async_transmitter:TX|BaudTickGen:tickgen|Acc[10]                                                             ; 1       ;
; serialGPIO:inst4|async_transmitter:TX|BaudTickGen:tickgen|Acc[11]                                                             ; 1       ;
; serialGPIO:inst4|async_transmitter:TX|BaudTickGen:tickgen|Acc[12]                                                             ; 1       ;
; serialGPIO:inst4|async_transmitter:TX|BaudTickGen:tickgen|Acc[13]                                                             ; 1       ;
; serialGPIO:inst4|async_transmitter:TX|BaudTickGen:tickgen|Acc[14]                                                             ; 1       ;
; serialGPIO:inst4|async_transmitter:TX|BaudTickGen:tickgen|Acc[15]                                                             ; 1       ;
; serialGPIO:inst4|async_transmitter:TX|BaudTickGen:tickgen|Acc[16]                                                             ; 1       ;
; PushButton_Debouncer:inst6|PB_cnt[15]~46                                                                                      ; 1       ;
; PushButton_Debouncer:inst6|PB_cnt[14]~45                                                                                      ; 1       ;
; PushButton_Debouncer:inst6|PB_cnt[14]~44                                                                                      ; 1       ;
; PushButton_Debouncer:inst6|PB_cnt[13]~43                                                                                      ; 1       ;
; PushButton_Debouncer:inst6|PB_cnt[13]~42                                                                                      ; 1       ;
; PushButton_Debouncer:inst6|PB_cnt[12]~41                                                                                      ; 1       ;
; PushButton_Debouncer:inst6|PB_cnt[12]~40                                                                                      ; 1       ;
; PushButton_Debouncer:inst6|PB_cnt[11]~39                                                                                      ; 1       ;
; PushButton_Debouncer:inst6|PB_cnt[11]~38                                                                                      ; 1       ;
; PushButton_Debouncer:inst6|PB_cnt[10]~37                                                                                      ; 1       ;
; PushButton_Debouncer:inst6|PB_cnt[10]~36                                                                                      ; 1       ;
; PushButton_Debouncer:inst6|PB_cnt[9]~35                                                                                       ; 1       ;
; PushButton_Debouncer:inst6|PB_cnt[9]~34                                                                                       ; 1       ;
; PushButton_Debouncer:inst6|PB_cnt[8]~33                                                                                       ; 1       ;
; PushButton_Debouncer:inst6|PB_cnt[8]~32                                                                                       ; 1       ;
; PushButton_Debouncer:inst6|PB_cnt[7]~31                                                                                       ; 1       ;
; PushButton_Debouncer:inst6|PB_cnt[7]~30                                                                                       ; 1       ;
; PushButton_Debouncer:inst6|PB_cnt[6]~29                                                                                       ; 1       ;
; PushButton_Debouncer:inst6|PB_cnt[6]~28                                                                                       ; 1       ;
; PushButton_Debouncer:inst6|PB_cnt[5]~27                                                                                       ; 1       ;
; PushButton_Debouncer:inst6|PB_cnt[5]~26                                                                                       ; 1       ;
; PushButton_Debouncer:inst6|PB_cnt[4]~25                                                                                       ; 1       ;
; PushButton_Debouncer:inst6|PB_cnt[4]~24                                                                                       ; 1       ;
; PushButton_Debouncer:inst6|PB_cnt[3]~23                                                                                       ; 1       ;
; PushButton_Debouncer:inst6|PB_cnt[3]~22                                                                                       ; 1       ;
; PushButton_Debouncer:inst6|PB_cnt[2]~21                                                                                       ; 1       ;
; PushButton_Debouncer:inst6|PB_cnt[2]~20                                                                                       ; 1       ;
; PushButton_Debouncer:inst6|PB_cnt[1]~19                                                                                       ; 1       ;
; PushButton_Debouncer:inst6|PB_cnt[1]~18                                                                                       ; 1       ;
; PushButton_Debouncer:inst6|PB_cnt[0]~17                                                                                       ; 1       ;
; PushButton_Debouncer:inst6|PB_cnt[0]~16                                                                                       ; 1       ;
; PushButton_Debouncer:inst5|PB_cnt[15]~46                                                                                      ; 1       ;
; PushButton_Debouncer:inst5|PB_cnt[14]~45                                                                                      ; 1       ;
; PushButton_Debouncer:inst5|PB_cnt[14]~44                                                                                      ; 1       ;
; PushButton_Debouncer:inst5|PB_cnt[13]~43                                                                                      ; 1       ;
; PushButton_Debouncer:inst5|PB_cnt[13]~42                                                                                      ; 1       ;
; PushButton_Debouncer:inst5|PB_cnt[12]~41                                                                                      ; 1       ;
; PushButton_Debouncer:inst5|PB_cnt[12]~40                                                                                      ; 1       ;
; PushButton_Debouncer:inst5|PB_cnt[11]~39                                                                                      ; 1       ;
; PushButton_Debouncer:inst5|PB_cnt[11]~38                                                                                      ; 1       ;
; PushButton_Debouncer:inst5|PB_cnt[10]~37                                                                                      ; 1       ;
; PushButton_Debouncer:inst5|PB_cnt[10]~36                                                                                      ; 1       ;
; PushButton_Debouncer:inst5|PB_cnt[9]~35                                                                                       ; 1       ;
; PushButton_Debouncer:inst5|PB_cnt[9]~34                                                                                       ; 1       ;
; PushButton_Debouncer:inst5|PB_cnt[8]~33                                                                                       ; 1       ;
; PushButton_Debouncer:inst5|PB_cnt[8]~32                                                                                       ; 1       ;
; PushButton_Debouncer:inst5|PB_cnt[7]~31                                                                                       ; 1       ;
; PushButton_Debouncer:inst5|PB_cnt[7]~30                                                                                       ; 1       ;
; PushButton_Debouncer:inst5|PB_cnt[6]~29                                                                                       ; 1       ;
; PushButton_Debouncer:inst5|PB_cnt[6]~28                                                                                       ; 1       ;
; PushButton_Debouncer:inst5|PB_cnt[5]~27                                                                                       ; 1       ;
; PushButton_Debouncer:inst5|PB_cnt[5]~26                                                                                       ; 1       ;
; PushButton_Debouncer:inst5|PB_cnt[4]~25                                                                                       ; 1       ;
; PushButton_Debouncer:inst5|PB_cnt[4]~24                                                                                       ; 1       ;
; PushButton_Debouncer:inst5|PB_cnt[3]~23                                                                                       ; 1       ;
; PushButton_Debouncer:inst5|PB_cnt[3]~22                                                                                       ; 1       ;
; PushButton_Debouncer:inst5|PB_cnt[2]~21                                                                                       ; 1       ;
; PushButton_Debouncer:inst5|PB_cnt[2]~20                                                                                       ; 1       ;
; PushButton_Debouncer:inst5|PB_cnt[1]~19                                                                                       ; 1       ;
; PushButton_Debouncer:inst5|PB_cnt[1]~18                                                                                       ; 1       ;
; PushButton_Debouncer:inst5|PB_cnt[0]~17                                                                                       ; 1       ;
; PushButton_Debouncer:inst5|PB_cnt[0]~16                                                                                       ; 1       ;
; igbt_trigger:inst26|Add0~30                                                                                                   ; 1       ;
; igbt_trigger:inst26|Add0~29                                                                                                   ; 1       ;
; igbt_trigger:inst26|Add0~28                                                                                                   ; 1       ;
; igbt_trigger:inst26|Add0~27                                                                                                   ; 1       ;
; igbt_trigger:inst26|Add0~26                                                                                                   ; 1       ;
; igbt_trigger:inst26|Add0~25                                                                                                   ; 1       ;
; igbt_trigger:inst26|Add0~24                                                                                                   ; 1       ;
; igbt_trigger:inst26|Add0~23                                                                                                   ; 1       ;
; igbt_trigger:inst26|Add0~22                                                                                                   ; 1       ;
; igbt_trigger:inst26|Add0~21                                                                                                   ; 1       ;
; igbt_trigger:inst26|Add0~20                                                                                                   ; 1       ;
; igbt_trigger:inst26|Add0~19                                                                                                   ; 1       ;
; igbt_trigger:inst26|Add0~18                                                                                                   ; 1       ;
; igbt_trigger:inst26|Add0~17                                                                                                   ; 1       ;
; igbt_trigger:inst26|Add0~16                                                                                                   ; 1       ;
; igbt_trigger:inst26|Add0~15                                                                                                   ; 1       ;
; igbt_trigger:inst26|Add0~14                                                                                                   ; 1       ;
; igbt_trigger:inst26|Add0~13                                                                                                   ; 1       ;
; igbt_trigger:inst26|Add0~12                                                                                                   ; 1       ;
; igbt_trigger:inst26|Add0~11                                                                                                   ; 1       ;
; igbt_trigger:inst26|Add0~10                                                                                                   ; 1       ;
; igbt_trigger:inst26|Add0~9                                                                                                    ; 1       ;
; igbt_trigger:inst26|Add0~8                                                                                                    ; 1       ;
; igbt_trigger:inst26|Add0~7                                                                                                    ; 1       ;
; igbt_trigger:inst26|Add0~6                                                                                                    ; 1       ;
; igbt_trigger:inst26|Add0~5                                                                                                    ; 1       ;
; igbt_trigger:inst26|Add0~4                                                                                                    ; 1       ;
; igbt_trigger:inst26|Add0~3                                                                                                    ; 1       ;
; igbt_trigger:inst26|Add0~2                                                                                                    ; 1       ;
; igbt_trigger:inst26|Add0~1                                                                                                    ; 1       ;
; igbt_trigger:inst26|Add0~0                                                                                                    ; 1       ;
; igbt_trigger:inst26|LessThan0~25                                                                                              ; 1       ;
; igbt_trigger:inst26|LessThan0~23                                                                                              ; 1       ;
; igbt_trigger:inst26|LessThan0~21                                                                                              ; 1       ;
; igbt_trigger:inst26|LessThan0~19                                                                                              ; 1       ;
; igbt_trigger:inst26|LessThan0~17                                                                                              ; 1       ;
; igbt_trigger:inst26|LessThan0~15                                                                                              ; 1       ;
; igbt_trigger:inst26|LessThan0~13                                                                                              ; 1       ;
; igbt_trigger:inst26|LessThan0~11                                                                                              ; 1       ;
; igbt_trigger:inst26|LessThan0~9                                                                                               ; 1       ;
; igbt_trigger:inst26|LessThan0~7                                                                                               ; 1       ;
; igbt_trigger:inst26|LessThan0~5                                                                                               ; 1       ;
; igbt_trigger:inst26|LessThan0~3                                                                                               ; 1       ;
; igbt_trigger:inst26|LessThan0~1                                                                                               ; 1       ;
; igbt_trigger:inst26|lpm_mult:Mult0|multcore:mult_core|mpar_add:padder|lpm_add_sub:adder[0]|add_sub_1ch:auto_generated|op_1~16 ; 1       ;
; igbt_trigger:inst26|lpm_mult:Mult0|multcore:mult_core|mpar_add:padder|lpm_add_sub:adder[0]|add_sub_1ch:auto_generated|op_1~15 ; 1       ;
; igbt_trigger:inst26|lpm_mult:Mult0|multcore:mult_core|mpar_add:padder|lpm_add_sub:adder[0]|add_sub_1ch:auto_generated|op_1~14 ; 1       ;
; igbt_trigger:inst26|lpm_mult:Mult0|multcore:mult_core|mpar_add:padder|lpm_add_sub:adder[0]|add_sub_1ch:auto_generated|op_1~13 ; 1       ;
; igbt_trigger:inst26|lpm_mult:Mult0|multcore:mult_core|mpar_add:padder|lpm_add_sub:adder[0]|add_sub_1ch:auto_generated|op_1~12 ; 1       ;
; igbt_trigger:inst26|lpm_mult:Mult0|multcore:mult_core|mpar_add:padder|lpm_add_sub:adder[0]|add_sub_1ch:auto_generated|op_1~11 ; 1       ;
; igbt_trigger:inst26|lpm_mult:Mult0|multcore:mult_core|mpar_add:padder|lpm_add_sub:adder[0]|add_sub_1ch:auto_generated|op_1~10 ; 1       ;
; igbt_trigger:inst26|lpm_mult:Mult0|multcore:mult_core|mpar_add:padder|lpm_add_sub:adder[0]|add_sub_1ch:auto_generated|op_1~9  ; 1       ;
; igbt_trigger:inst26|lpm_mult:Mult0|multcore:mult_core|mpar_add:padder|lpm_add_sub:adder[0]|add_sub_1ch:auto_generated|op_1~8  ; 1       ;
; igbt_trigger:inst26|lpm_mult:Mult0|multcore:mult_core|mpar_add:padder|lpm_add_sub:adder[0]|add_sub_1ch:auto_generated|op_1~7  ; 1       ;
; igbt_trigger:inst26|lpm_mult:Mult0|multcore:mult_core|mpar_add:padder|lpm_add_sub:adder[0]|add_sub_1ch:auto_generated|op_1~6  ; 1       ;
; igbt_trigger:inst26|lpm_mult:Mult0|multcore:mult_core|mpar_add:padder|lpm_add_sub:adder[0]|add_sub_1ch:auto_generated|op_1~5  ; 1       ;
; igbt_trigger:inst26|lpm_mult:Mult0|multcore:mult_core|mpar_add:padder|lpm_add_sub:adder[0]|add_sub_1ch:auto_generated|op_1~4  ; 1       ;
; igbt_trigger:inst26|lpm_mult:Mult0|multcore:mult_core|mpar_add:padder|lpm_add_sub:adder[0]|add_sub_1ch:auto_generated|op_1~3  ; 1       ;
; igbt_trigger:inst26|lpm_mult:Mult0|multcore:mult_core|mpar_add:padder|lpm_add_sub:adder[0]|add_sub_1ch:auto_generated|op_1~2  ; 1       ;
; igbt_trigger:inst26|lpm_mult:Mult0|multcore:mult_core|mpar_add:padder|lpm_add_sub:adder[0]|add_sub_1ch:auto_generated|op_1~1  ; 1       ;
; igbt_trigger:inst26|lpm_mult:Mult0|multcore:mult_core|mpar_add:padder|lpm_add_sub:adder[0]|add_sub_1ch:auto_generated|op_1~0  ; 1       ;
+-------------------------------------------------------------------------------------------------------------------------------+---------+


+-----------------------------------------------------+
; Other Routing Usage Summary                         ;
+-----------------------------+-----------------------+
; Other Routing Resource Type ; Usage                 ;
+-----------------------------+-----------------------+
; Block interconnects         ; 429 / 15,666 ( 3 % )  ;
; C16 interconnects           ; 1 / 812 ( < 1 % )     ;
; C4 interconnects            ; 87 / 11,424 ( < 1 % ) ;
; Direct links                ; 196 / 15,666 ( 1 % )  ;
; Global clocks               ; 1 / 8 ( 13 % )        ;
; Local interconnects         ; 306 / 4,608 ( 7 % )   ;
; R24 interconnects           ; 7 / 652 ( 1 % )       ;
; R4 interconnects            ; 185 / 13,328 ( 1 % )  ;
+-----------------------------+-----------------------+


+----------------------------------------------------------------------------+
; LAB Logic Elements                                                         ;
+---------------------------------------------+------------------------------+
; Number of Logic Elements  (Average = 12.77) ; Number of LABs  (Total = 35) ;
+---------------------------------------------+------------------------------+
; 1                                           ; 0                            ;
; 2                                           ; 0                            ;
; 3                                           ; 0                            ;
; 4                                           ; 0                            ;
; 5                                           ; 3                            ;
; 6                                           ; 0                            ;
; 7                                           ; 0                            ;
; 8                                           ; 4                            ;
; 9                                           ; 2                            ;
; 10                                          ; 4                            ;
; 11                                          ; 0                            ;
; 12                                          ; 1                            ;
; 13                                          ; 0                            ;
; 14                                          ; 2                            ;
; 15                                          ; 2                            ;
; 16                                          ; 17                           ;
+---------------------------------------------+------------------------------+


+-------------------------------------------------------------------+
; LAB-wide Signals                                                  ;
+------------------------------------+------------------------------+
; LAB-wide Signals  (Average = 1.57) ; Number of LABs  (Total = 35) ;
+------------------------------------+------------------------------+
; 1 Clock                            ; 34                           ;
; 1 Clock enable                     ; 8                            ;
; 1 Sync. clear                      ; 7                            ;
; 1 Sync. load                       ; 3                            ;
; 2 Clock enables                    ; 3                            ;
+------------------------------------+------------------------------+


+-----------------------------------------------------------------------------+
; LAB Signals Sourced                                                         ;
+----------------------------------------------+------------------------------+
; Number of Signals Sourced  (Average = 20.46) ; Number of LABs  (Total = 35) ;
+----------------------------------------------+------------------------------+
; 0                                            ; 0                            ;
; 1                                            ; 0                            ;
; 2                                            ; 0                            ;
; 3                                            ; 0                            ;
; 4                                            ; 1                            ;
; 5                                            ; 0                            ;
; 6                                            ; 1                            ;
; 7                                            ; 0                            ;
; 8                                            ; 1                            ;
; 9                                            ; 1                            ;
; 10                                           ; 1                            ;
; 11                                           ; 2                            ;
; 12                                           ; 1                            ;
; 13                                           ; 2                            ;
; 14                                           ; 1                            ;
; 15                                           ; 0                            ;
; 16                                           ; 3                            ;
; 17                                           ; 0                            ;
; 18                                           ; 0                            ;
; 19                                           ; 1                            ;
; 20                                           ; 0                            ;
; 21                                           ; 3                            ;
; 22                                           ; 2                            ;
; 23                                           ; 1                            ;
; 24                                           ; 2                            ;
; 25                                           ; 1                            ;
; 26                                           ; 2                            ;
; 27                                           ; 0                            ;
; 28                                           ; 1                            ;
; 29                                           ; 0                            ;
; 30                                           ; 0                            ;
; 31                                           ; 1                            ;
; 32                                           ; 7                            ;
+----------------------------------------------+------------------------------+


+--------------------------------------------------------------------------------+
; LAB Signals Sourced Out                                                        ;
+-------------------------------------------------+------------------------------+
; Number of Signals Sourced Out  (Average = 8.09) ; Number of LABs  (Total = 35) ;
+-------------------------------------------------+------------------------------+
; 0                                               ; 1                            ;
; 1                                               ; 0                            ;
; 2                                               ; 8                            ;
; 3                                               ; 4                            ;
; 4                                               ; 4                            ;
; 5                                               ; 1                            ;
; 6                                               ; 0                            ;
; 7                                               ; 2                            ;
; 8                                               ; 1                            ;
; 9                                               ; 0                            ;
; 10                                              ; 1                            ;
; 11                                              ; 0                            ;
; 12                                              ; 1                            ;
; 13                                              ; 1                            ;
; 14                                              ; 1                            ;
; 15                                              ; 1                            ;
; 16                                              ; 8                            ;
; 17                                              ; 0                            ;
; 18                                              ; 0                            ;
; 19                                              ; 0                            ;
; 20                                              ; 1                            ;
+-------------------------------------------------+------------------------------+


+-----------------------------------------------------------------------------+
; LAB Distinct Inputs                                                         ;
+----------------------------------------------+------------------------------+
; Number of Distinct Inputs  (Average = 11.66) ; Number of LABs  (Total = 35) ;
+----------------------------------------------+------------------------------+
; 0                                            ; 0                            ;
; 1                                            ; 0                            ;
; 2                                            ; 7                            ;
; 3                                            ; 3                            ;
; 4                                            ; 2                            ;
; 5                                            ; 0                            ;
; 6                                            ; 1                            ;
; 7                                            ; 2                            ;
; 8                                            ; 1                            ;
; 9                                            ; 0                            ;
; 10                                           ; 1                            ;
; 11                                           ; 0                            ;
; 12                                           ; 0                            ;
; 13                                           ; 1                            ;
; 14                                           ; 1                            ;
; 15                                           ; 1                            ;
; 16                                           ; 2                            ;
; 17                                           ; 1                            ;
; 18                                           ; 4                            ;
; 19                                           ; 3                            ;
; 20                                           ; 1                            ;
; 21                                           ; 1                            ;
; 22                                           ; 1                            ;
; 23                                           ; 0                            ;
; 24                                           ; 0                            ;
; 25                                           ; 1                            ;
; 26                                           ; 0                            ;
; 27                                           ; 0                            ;
; 28                                           ; 0                            ;
; 29                                           ; 0                            ;
; 30                                           ; 0                            ;
; 31                                           ; 1                            ;
+----------------------------------------------+------------------------------+


+-------------------------------------------------------------------------+
; Fitter Device Options                                                   ;
+----------------------------------------------+--------------------------+
; Option                                       ; Setting                  ;
+----------------------------------------------+--------------------------+
; Enable user-supplied start-up clock (CLKUSR) ; Off                      ;
; Enable device-wide reset (DEV_CLRn)          ; Off                      ;
; Enable device-wide output enable (DEV_OE)    ; Off                      ;
; Enable INIT_DONE output                      ; Off                      ;
; Configuration scheme                         ; Active Serial            ;
; Error detection CRC                          ; Off                      ;
; nCEO                                         ; Unreserved               ;
; ASDO,nCSO                                    ; As input tri-stated      ;
; Reserve all unused pins                      ; As output driving ground ;
; Base pin-out file on sameframe device        ; Off                      ;
+----------------------------------------------+--------------------------+


+------------------------------------+
; Operating Settings and Conditions  ;
+---------------------------+--------+
; Setting                   ; Value  ;
+---------------------------+--------+
; Nominal Core Voltage      ; 1.20 V ;
; Low Junction Temperature  ; 0 °C   ;
; High Junction Temperature ; 85 °C  ;
+---------------------------+--------+


+-----------------+
; Fitter Messages ;
+-----------------+
Warning (20028): Parallel compilation is not licensed and has been disabled
Info (119006): Selected device EP2C5T144C8 for design "PPT_FPGA_CYC_4"
Info (21077): Low junction temperature is 0 degrees C
Info (21077): High junction temperature is 85 degrees C
Info (171003): Fitter is performing an Auto Fit compilation, which may decrease Fitter effort to reduce compilation time
Warning (292013): Feature LogicLock is only available with a valid subscription license. You can purchase a software subscription to gain full access to this feature.
Info (176444): Device migration not selected. If you intend to use device migration later, you may need to change the pin assignments as they may be incompatible with other devices
    Info (176445): Device EP2C5T144I8 is compatible
    Info (176445): Device EP2C8T144C8 is compatible
    Info (176445): Device EP2C8T144I8 is compatible
Info (169124): Fitter converted 2 user pins into dedicated programming pins
    Info (169125): Pin ~ASDO~ is reserved at location 1
    Info (169125): Pin ~nCSO~ is reserved at location 2
Critical Warning (332012): Synopsys Design Constraints File file not found: 'PPT_FPGA_CYC_4.sdc'. A Synopsys Design Constraints File is required by the TimeQuest Timing Analyzer to get proper timing constraints. Without it, the Compiler will not properly optimize the design.
Info (332144): No user constrained base clocks found in the design
Info (332130): Timing requirements not specified -- quality metrics such as performance may be sacrificed to reduce compilation time.
Info (176353): Automatically promoted node CLK (placed in PIN 17 (CLK0, LVDSCLK0p, Input))
    Info (176355): Automatically promoted destinations to use location or clock signal Global Clock CLKCTRL_G2
Info (176233): Starting register packing
Info (176235): Finished register packing
    Extra Info (176219): No registers were packed into other blocks
Warning (15705): Ignored locations or region assignments to the following nodes
    Warning (15706): Node "RST" is assigned to location or region, but does not exist in design
Info (171121): Fitter preparation operations ending: elapsed time is 00:00:00
Info (170189): Fitter placement preparation operations beginning
Info (170190): Fitter placement preparation operations ending: elapsed time is 00:00:00
Info (170191): Fitter placement operations beginning
Info (170137): Fitter placement was successful
Info (170192): Fitter placement operations ending: elapsed time is 00:00:01
Info (170193): Fitter routing operations beginning
Info (170195): Router estimated average interconnect usage is 0% of the available device resources
    Info (170196): Router estimated peak interconnect usage is 1% of the available device resources in the region that extends from location X14_Y0 to location X28_Y14
Info (170194): Fitter routing operations ending: elapsed time is 00:00:01
Info (170199): The Fitter performed an Auto Fit compilation.  Optimizations were skipped to reduce compilation time.
    Info (170201): Optimizations that may affect the design's routability were skipped
Info (11888): Total time spent on timing analysis during the Fitter is 0.38 seconds.
Info (306004): Started post-fitting delay annotation
Warning (306006): Found 17 output pins without output pin load capacitance assignment
    Info (306007): Pin "spark_trig" has no specified output pin load capacitance -- assuming default load capacitance of 0 pF for timing analysis
    Info (306007): Pin "cap_12V" has no specified output pin load capacitance -- assuming default load capacitance of 0 pF for timing analysis
    Info (306007): Pin "cap_on_pin" has no specified output pin load capacitance -- assuming default load capacitance of 0 pF for timing analysis
    Info (306007): Pin "trig_on_pin" has no specified output pin load capacitance -- assuming default load capacitance of 0 pF for timing analysis
    Info (306007): Pin "trig_12V" has no specified output pin load capacitance -- assuming default load capacitance of 0 pF for timing analysis
    Info (306007): Pin "spark_pwr" has no specified output pin load capacitance -- assuming default load capacitance of 0 pF for timing analysis
    Info (306007): Pin "D2_LED" has no specified output pin load capacitance -- assuming default load capacitance of 0 pF for timing analysis
    Info (306007): Pin "D4_LED" has no specified output pin load capacitance -- assuming default load capacitance of 0 pF for timing analysis
    Info (306007): Pin "D5_LED" has no specified output pin load capacitance -- assuming default load capacitance of 0 pF for timing analysis
    Info (306007): Pin "LED1" has no specified output pin load capacitance -- assuming default load capacitance of 0 pF for timing analysis
    Info (306007): Pin "LED2" has no specified output pin load capacitance -- assuming default load capacitance of 0 pF for timing analysis
    Info (306007): Pin "switching_pin" has no specified output pin load capacitance -- assuming default load capacitance of 0 pF for timing analysis
    Info (306007): Pin "tx_pin" has no specified output pin load capacitance -- assuming default load capacitance of 0 pF for timing analysis
    Info (306007): Pin "spi_sdi" has no specified output pin load capacitance -- assuming default load capacitance of 0 pF for timing analysis
    Info (306007): Pin "spi_clk" has no specified output pin load capacitance -- assuming default load capacitance of 0 pF for timing analysis
    Info (306007): Pin "spi_cs_1" has no specified output pin load capacitance -- assuming default load capacitance of 0 pF for timing analysis
    Info (306007): Pin "spi_cs_2" has no specified output pin load capacitance -- assuming default load capacitance of 0 pF for timing analysis
Info (306005): Delay annotation completed successfully
Info (306004): Started post-fitting delay annotation
Info (306005): Delay annotation completed successfully
Info (11218): Fitter post-fit operations ending: elapsed time is 00:00:01
Warning (171167): Found invalid Fitter assignments. See the Ignored Assignments panel in the Fitter Compilation Report for more information.
Warning (169174): The Reserve All Unused Pins setting has not been specified, and will default to 'As output driving ground'.
Info (144001): Generated suppressed messages file C:/Users/gshes/OneDrive/Desktop/PPT_FPGA_CYC_4/output_files/PPT_FPGA_CYC_4.fit.smsg
Info: Quartus II 64-Bit Fitter was successful. 0 errors, 8 warnings
    Info: Peak virtual memory: 4806 megabytes
    Info: Processing ended: Fri Oct 10 14:49:45 2025
    Info: Elapsed time: 00:00:04
    Info: Total CPU time (on all processors): 00:00:04


+----------------------------+
; Fitter Suppressed Messages ;
+----------------------------+
The suppressed messages can be found in C:/Users/gshes/OneDrive/Desktop/PPT_FPGA_CYC_4/output_files/PPT_FPGA_CYC_4.fit.smsg.


