Time	Channel A	Channel B
(us)	(V)	(mV)

-10.00799966	-9.96924210	3.95238662
-10.00399966	-9.96924210	0.00000000
-9.99999966	-9.96924210	0.00000000
-9.99599966	-9.96924210	3.95238662
-9.99199966	-9.96924210	3.95238662
-9.98799966	-9.96924210	3.95238662
-9.98399966	-9.96924210	3.95238662
-9.97999966	-9.96924210	0.00000000
-9.97599966	-9.96924210	3.95238662
-9.97199966	-9.96924210	3.95238662
-9.96799966	-9.96924210	0.00000000
-9.96399966	-9.96924210	3.95238662
-9.95999966	-9.96924210	3.95238662
-9.95599966	-9.96924210	3.95238662
-9.95199966	-9.96924210	3.95238662
-9.94799966	-9.96924210	3.95238662
-9.94399966	-9.96924210	3.95238662
-9.93999966	-9.96924210	3.95238662
-9.93599966	-9.96924210	0.00000000
-9.93199966	-9.96924210	3.95238662
-9.92799967	-9.96924210	3.95238662
-9.92399967	-9.96924210	0.00000000
-9.91999967	-9.96924210	3.95238662
-9.91599967	-9.96924210	3.95238662
-9.91199967	-9.96924210	3.95238662
-9.90799967	-9.96924210	3.95238662
-9.90399967	-9.96924210	0.00000000
-9.89999967	-9.96924210	3.95238662
-9.89599967	-9.96924210	3.95238662
-9.89199967	-9.96924210	3.95238662
-9.88799967	-9.96924210	3.95238662
-9.88399967	-9.96924210	3.95238662
-9.87999967	-9.96924210	3.95238662
-9.87599967	-9.96924210	3.95238662
-9.87199967	-9.96924210	3.95238662
-9.86799967	-9.96924210	0.00000000
-9.86399967	-9.96924210	3.95238662
-9.85999967	-9.96924210	3.95238662
-9.85599967	-9.96924210	3.95238662
-9.85199967	-9.96924210	0.00000000
-9.84799967	-9.96924210	0.00000000
-9.84399967	-9.96924210	3.95238662
-9.83999967	-9.96924210	3.95238662
-9.83599967	-9.96924210	3.95238662
-9.83199967	-9.96924210	3.95238662
-9.82799967	-9.96924210	3.95238662
-9.82399967	-9.96924210	3.95238662
-9.81999967	-9.96924210	3.95238662
-9.81599967	-9.96924210	3.95238662
-9.81199967	-9.96924210	3.95238662
-9.80799967	-9.96924210	3.95238662
-9.80399967	-9.96924210	3.95238662
-9.79999967	-9.96924210	0.00000000
-9.79599967	-9.96924210	0.00000000
-9.79199967	-9.96924210	3.95238662
-9.78799967	-9.96924210	3.95238662
-9.78399967	-9.96924210	3.95238662
-9.77999967	-9.96924210	0.00000000
-9.77599967	-9.96924210	3.95238662
-9.77199967	-9.96924210	3.95238662
-9.76799967	-9.96924210	3.95238662
-9.76399967	-9.96924210	3.95238662
-9.75999967	-9.80868626	3.95238662
-9.75599967	-9.96924210	3.95238662
-9.75199967	-9.96924210	3.95238662
-9.74799967	-9.96924210	3.95238662
-9.74399967	-9.96924210	3.95238662
-9.73999967	-9.96924210	3.95238662
-9.73599967	-9.96924210	0.00000000
-9.73199967	-9.96924210	0.00000000
-9.72799967	-9.96924210	3.95238662
-9.72399967	-9.96924210	0.00000000
-9.71999967	-9.96924210	0.00000000
-9.71599967	-9.96924210	3.95238662
-9.71199967	-9.96924210	0.00000000
-9.70799967	-9.96924210	3.95238662
-9.70399967	-9.96924210	3.95238662
-9.69999967	-9.96924210	3.95238662
-9.69599967	-9.96924210	3.95238662
-9.69199967	-9.96924210	3.95238662
-9.68799967	-9.96924210	3.95238662
-9.68399967	-9.96924210	3.95238662
-9.67999967	-9.96924210	3.95238662
-9.67599967	-9.96924210	3.95238662
-9.67199967	-9.96924210	0.00000000
-9.66799967	-9.96924210	3.95238662
-9.66399967	-9.96924210	3.95238662
-9.65999967	-9.96924210	3.95238662
-9.65599967	-9.96924210	3.95238662
-9.65199967	-9.96924210	0.00000000
-9.64799967	-9.96924210	3.95238662
-9.64399967	-9.96924210	3.95238662
-9.63999967	-9.96924210	3.95238662
-9.63599967	-9.96924210	3.95238662
-9.63199967	-9.96924210	3.95238662
-9.62799967	-9.96924210	3.95238662
-9.62399967	-9.96924210	0.00000000
-9.61999967	-9.96924210	3.95238662
-9.61599967	-9.96924210	3.95238662
-9.61199967	-9.96924210	7.90477324
-9.60799967	-9.96924210	0.00000000
-9.60399967	-9.96924210	3.95238662
-9.59999967	-9.96924210	0.00000000
-9.59599967	-9.96924210	0.00000000
-9.59199967	-9.96924210	3.95238662
-9.58799967	-9.96924210	0.00000000
-9.58399967	-9.96924210	3.95238662
-9.57999967	-9.96924210	3.95238662
-9.57599967	-9.96924210	3.95238662
-9.57199968	-9.96924210	3.95238662
-9.56799968	-9.96924210	0.00000000
-9.56399968	-9.96924210	3.95238662
-9.55999968	-9.96924210	3.95238662
-9.55599968	-9.96924210	3.95238662
-9.55199968	-9.96924210	0.00000000
-9.54799968	-9.96924210	3.95238662
-9.54399968	-9.96924210	0.00000000
-9.53999968	-9.96924210	0.00000000
-9.53599968	-9.96924210	3.95238662
-9.53199968	-9.96924210	3.95238662
-9.52799968	-9.96924210	3.95238662
-9.52399968	-9.96924210	0.00000000
-9.51999968	-9.96924210	3.95238662
-9.51599968	-9.96924210	0.00000000
-9.51199968	-9.96924210	3.95238662
-9.50799968	-9.96924210	0.00000000
-9.50399968	-9.96924210	3.95238662
-9.49999968	-9.96924210	3.95238662
-9.49599968	-9.96924210	3.95238662
-9.49199968	-9.96924210	0.00000000
-9.48799968	-9.96924210	0.00000000
-9.48399968	-9.96924210	3.95238662
-9.47999968	-9.96924210	3.95238662
-9.47599968	-9.96924210	3.95238662
-9.47199968	-9.96924210	3.95238662
-9.46799968	-9.96924210	0.00000000
-9.46399968	-9.96924210	3.95238662
-9.45999968	-9.96924210	0.00000000
-9.45599968	-9.96924210	0.00000000
-9.45199968	-9.96924210	0.00000000
-9.44799968	-9.96924210	0.00000000
-9.44399968	-9.96924210	3.95238662
-9.43999968	-9.96924210	3.95238662
-9.43599968	-9.96924210	3.95238662
-9.43199968	-9.96924210	0.00000000
-9.42799968	-9.96924210	3.95238662
-9.42399968	-9.96924210	3.95238662
-9.41999968	-9.96924210	0.00000000
-9.41599968	-9.96924210	3.95238662
-9.41199968	-9.96924210	0.00000000
-9.40799968	-9.96924210	3.95238662
-9.40399968	-9.96924210	3.95238662
-9.39999968	-9.96924210	3.95238662
-9.39599968	-9.96924210	3.95238662
-9.39199968	-9.96924210	3.95238662
-9.38799968	-9.96924210	3.95238662
-9.38399968	-9.96924210	0.00000000
-9.37999968	-9.96924210	3.95238662
-9.37599968	-9.96924210	3.95238662
-9.37199968	-9.96924210	3.95238662
-9.36799968	-9.96924210	3.95238662
-9.36399968	-9.96924210	0.00000000
-9.35999968	-9.96924210	3.95238662
-9.35599968	-9.96924210	3.95238662
-9.35199968	-9.96924210	3.95238662
-9.34799968	-9.96924210	0.00000000
-9.34399968	-9.96924210	3.95238662
-9.33999968	-9.96924210	3.95238662
-9.33599968	-9.96924210	3.95238662
-9.33199968	-9.96924210	0.00000000
-9.32799968	-9.96924210	0.00000000
-9.32399968	-9.96924210	3.95238662
-9.31999968	-9.96924210	3.95238662
-9.31599968	-9.96924210	0.00000000
-9.31199968	-9.96924210	3.95238662
-9.30799968	-9.96924210	3.95238662
-9.30399968	-9.96924210	3.95238662
-9.29999968	-9.96924210	3.95238662
-9.29599968	-9.96924210	3.95238662
-9.29199968	-9.96924210	3.95238662
-9.28799968	-9.96924210	3.95238662
-9.28399968	-9.96924210	3.95238662
-9.27999968	-9.96924210	3.95238662
-9.27599968	-9.96924210	3.95238662
-9.27199968	-9.96924210	0.00000000
-9.26799968	-9.96924210	0.00000000
-9.26399968	-9.96924210	3.95238662
-9.25999968	-9.96924210	3.95238662
-9.25599968	-9.96924210	3.95238662
-9.25199968	-9.96924210	3.95238662
-9.24799968	-9.96924210	3.95238662
-9.24399968	-9.96924210	3.95238662
-9.23999968	-9.96924210	0.00000000
-9.23599968	-9.96924210	0.00000000
-9.23199968	-9.96924210	3.95238662
-9.22799968	-9.96924210	3.95238662
-9.22399968	-9.96924210	3.95238662
-9.21999969	-9.96924210	3.95238662
-9.21599969	-9.96924210	3.95238662
-9.21199969	-9.96924210	3.95238662
-9.20799969	-9.96924210	3.95238662
-9.20399969	-9.96924210	3.95238662
-9.19999969	-9.96924210	3.95238662
-9.19599969	-9.96924210	0.00000000
-9.19199969	-9.96924210	3.95238662
-9.18799969	-9.96924210	0.00000000
-9.18399969	-9.96924210	3.95238662
-9.17999969	-9.96924210	3.95238662
-9.17599969	-9.96924210	3.95238662
-9.17199969	-9.96924210	3.95238662
-9.16799969	-9.96924210	3.95238662
-9.16399969	-9.96924210	3.95238662
-9.15999969	-9.96924210	0.00000000
-9.15599969	-9.96924210	3.95238662
-9.15199969	-9.96924210	3.95238662
-9.14799969	-9.96924210	3.95238662
-9.14399969	-9.96924210	3.95238662
-9.13999969	-9.96924210	0.00000000
-9.13599969	-9.96924210	3.95238662
-9.13199969	-9.96924210	3.95238662
-9.12799969	-9.96924210	3.95238662
-9.12399969	-9.96924210	0.00000000
-9.11999969	-9.96924210	3.95238662
-9.11599969	-9.96924210	3.95238662
-9.11199969	-9.96924210	3.95238662
-9.10799969	-9.96924210	0.00000000
-9.10399969	-9.96924210	0.00000000
-9.09999969	-9.96924210	0.00000000
-9.09599969	-9.96924210	0.00000000
-9.09199969	-9.96924210	0.00000000
-9.08799969	-9.96924210	3.95238662
-9.08399969	-9.96924210	7.90477324
-9.07999969	-9.96924210	3.95238662
-9.07599969	-9.96924210	3.95238662
-9.07199969	-9.96924210	0.00000000
-9.06799969	-9.96924210	3.95238662
-9.06399969	-9.96924210	3.95238662
-9.05999969	-9.96924210	3.95238662
-9.05599969	-9.96924210	0.00000000
-9.05199969	-9.96924210	0.00000000
-9.04799969	-9.96924210	3.95238662
-9.04399969	-9.96924210	3.95238662
-9.03999969	-9.96924210	0.00000000
-9.03599969	-9.96924210	3.95238662
-9.03199969	-9.96924210	0.00000000
-9.02799969	-9.96924210	0.00000000
-9.02399969	-9.96924210	3.95238662
-9.01999969	-9.96924210	0.00000000
-9.01599969	-9.96924210	3.95238662
-9.01199969	-9.96924210	3.95238662
-9.00799969	-9.96924210	0.00000000
-9.00399969	-9.96924210	3.95238662
-8.99999969	-9.96924210	3.95238662
-8.99599969	-9.96924210	3.95238662
-8.99199969	-9.96924210	3.95238662
-8.98799969	-9.96924210	3.95238662
-8.98399969	-9.96924210	3.95238662
-8.97999969	-9.96924210	0.00000000
-8.97599969	-9.96924210	3.95238662
-8.97199969	-9.96924210	3.95238662
-8.96799969	-9.96924210	3.95238662
-8.96399969	-9.96924210	3.95238662
-8.95999969	-9.96924210	0.00000000
-8.95599969	-9.96924210	0.00000000
-8.95199969	-9.96924210	3.95238662
-8.94799969	-9.96924210	0.00000000
-8.94399969	-9.96924210	3.95238662
-8.93999969	-9.96924210	0.00000000
-8.93599969	-9.96924210	7.90477324
-8.93199969	-9.96924210	3.95238662
-8.92799969	-9.96924210	3.95238662
-8.92399969	-9.96924210	3.95238662
-8.91999969	-9.96924210	3.95238662
-8.91599969	-9.96924210	3.95238662
-8.91199969	-9.96924210	3.95238662
-8.90799969	-9.96924210	3.95238662
-8.90399969	-9.96924210	3.95238662
-8.89999969	-9.96924210	3.95238662
-8.89599969	-9.96924210	3.95238662
-8.89199969	-9.96924210	3.95238662
-8.88799969	-9.96924210	3.95238662
-8.88399969	-9.96924210	0.00000000
-8.87999969	-9.96924210	3.95238662
-8.87599969	-9.96924210	3.95238662
-8.87199969	-9.96924210	3.95238662
-8.86799970	-9.96924210	3.95238662
-8.86399970	-9.96924210	3.95238662
-8.85999970	-9.96924210	3.95238662
-8.85599970	-9.96924210	3.95238662
-8.85199970	-9.96924210	3.95238662
-8.84799970	-9.96924210	3.95238662
-8.84399970	-9.96924210	3.95238662
-8.83999970	-9.96924210	3.95238662
-8.83599970	-9.96924210	3.95238662
-8.83199970	-9.96924210	0.00000000
-8.82799970	-9.96924210	0.00000000
-8.82399970	-9.96924210	3.95238662
-8.81999970	-9.96924210	3.95238662
-8.81599970	-9.96924210	0.00000000
-8.81199970	-9.96924210	3.95238662
-8.80799970	-9.96924210	0.00000000
-8.80399970	-9.96924210	0.00000000
-8.79999970	-9.96924210	0.00000000
-8.79599970	-9.96924210	3.95238662
-8.79199970	-9.96924210	3.95238662
-8.78799970	-9.96924210	3.95238662
-8.78399970	-9.96924210	3.95238662
-8.77999970	-9.96924210	3.95238662
-8.77599970	-9.96924210	3.95238662
-8.77199970	-9.96924210	3.95238662
-8.76799970	-9.96924210	3.95238662
-8.76399970	-9.96924210	0.00000000
-8.75999970	-9.96924210	0.00000000
-8.75599970	-9.96924210	0.00000000
-8.75199970	-9.96924210	3.95238662
-8.74799970	-9.96924210	3.95238662
-8.74399970	-9.96924210	3.95238662
-8.73999970	-9.96924210	3.95238662
-8.73599970	-9.96924210	0.00000000
-8.73199970	-9.96924210	0.00000000
-8.72799970	-9.96924210	3.95238662
-8.72399970	-9.96924210	0.00000000
-8.71999970	-9.96924210	3.95238662
-8.71599970	-9.96924210	3.95238662
-8.71199970	-9.96924210	0.00000000
-8.70799970	-9.96924210	0.00000000
-8.70399970	-9.96924210	3.95238662
-8.69999970	-9.96924210	0.00000000
-8.69599970	-9.96924210	3.95238662
-8.69199970	-9.96924210	0.00000000
-8.68799970	-9.96924210	3.95238662
-8.68399970	-9.96924210	3.95238662
-8.67999970	-9.96924210	0.00000000
-8.67599970	-9.96924210	3.95238662
-8.67199970	-9.96924210	3.95238662
-8.66799970	-9.96924210	3.95238662
-8.66399970	-9.96924210	3.95238662
-8.65999970	-9.96924210	0.00000000
-8.65599970	-9.96924210	3.95238662
-8.65199970	-9.96924210	0.00000000
-8.64799970	-9.96924210	3.95238662
-8.64399970	-9.96924210	3.95238662
-8.63999970	-9.96924210	3.95238662
-8.63599970	-9.96924210	3.95238662
-8.63199970	-9.96924210	3.95238662
-8.62799970	-9.96924210	3.95238662
-8.62399970	-9.96924210	3.95238662
-8.61999970	-9.96924210	0.00000000
-8.61599970	-9.96924210	3.95238662
-8.61199970	-9.96924210	0.00000000
-8.60799970	-9.96924210	0.00000000
-8.60399970	-9.96924210	3.95238662
-8.59999970	-9.96924210	3.95238662
-8.59599970	-9.96924210	3.95238662
-8.59199970	-9.96924210	0.00000000
-8.58799970	-9.96924210	3.95238662
-8.58399970	-9.96924210	3.95238662
-8.57999970	-9.96924210	3.95238662
-8.57599970	-9.96924210	3.95238662
-8.57199970	-9.96924210	3.95238662
-8.56799970	-9.96924210	3.95238662
-8.56399970	-9.96924210	3.95238662
-8.55999970	-9.96924210	3.95238662
-8.55599970	-9.96924210	0.00000000
-8.55199970	-9.96924210	3.95238662
-8.54799970	-9.96924210	0.00000000
-8.54399970	-9.96924210	3.95238662
-8.53999970	-9.96924210	3.95238662
-8.53599970	-9.96924210	3.95238662
-8.53199970	-9.96924210	3.95238662
-8.52799970	-9.96924210	3.95238662
-8.52399970	-9.96924210	0.00000000
-8.51999970	-9.96924210	3.95238662
-8.51599970	-9.96924210	3.95238662
-8.51199971	-9.96924210	3.95238662
-8.50799971	-9.96924210	0.00000000
-8.50399971	-9.96924210	0.00000000
-8.49999971	-9.96924210	3.95238662
-8.49599971	-9.96924210	3.95238662
-8.49199971	-9.96924210	0.00000000
-8.48799971	-9.96924210	3.95238662
-8.48399971	-9.96924210	3.95238662
-8.47999971	-9.96924210	3.95238662
-8.47599971	-9.96924210	3.95238662
-8.47199971	-9.96924210	3.95238662
-8.46799971	-9.96924210	3.95238662
-8.46399971	-9.96924210	3.95238662
-8.45999971	-9.96924210	3.95238662
-8.45599971	-9.96924210	0.00000000
-8.45199971	-9.96924210	0.00000000
-8.44799971	-9.96924210	3.95238662
-8.44399971	-9.96924210	0.00000000
-8.43999971	-9.96924210	3.95238662
-8.43599971	-9.96924210	3.95238662
-8.43199971	-9.96924210	3.95238662
-8.42799971	-9.96924210	0.00000000
-8.42399971	-9.96924210	3.95238662
-8.41999971	-9.96924210	0.00000000
-8.41599971	-9.96924210	3.95238662
-8.41199971	-9.96924210	0.00000000
-8.40799971	-9.96924210	3.95238662
-8.40399971	-9.96924210	3.95238662
-8.39999971	-9.96924210	0.00000000
-8.39599971	-9.96924210	3.95238662
-8.39199971	-9.96924210	3.95238662
-8.38799971	-9.96924210	0.00000000
-8.38399971	-9.96924210	3.95238662
-8.37999971	-9.96924210	3.95238662
-8.37599971	-9.96924210	3.95238662
-8.37199971	-9.96924210	3.95238662
-8.36799971	-9.96924210	3.95238662
-8.36399971	-9.96924210	3.95238662
-8.35999971	-9.96924210	3.95238662
-8.35599971	-9.96924210	3.95238662
-8.35199971	-9.96924210	3.95238662
-8.34799971	-9.96924210	3.95238662
-8.34399971	-9.96924210	3.95238662
-8.33999971	-9.96924210	0.00000000
-8.33599971	-9.96924210	0.00000000
-8.33199971	-9.96924210	0.00000000
-8.32799971	-9.96924210	3.95238662
-8.32399971	-9.96924210	3.95238662
-8.31999971	-9.96924210	3.95238662
-8.31599971	-9.96924210	0.00000000
-8.31199971	-9.96924210	3.95238662
-8.30799971	-9.96924210	3.95238662
-8.30399971	-9.96924210	3.95238662
-8.29999971	-9.96924210	3.95238662
-8.29599971	-9.96924210	3.95238662
-8.29199971	-9.96924210	3.95238662
-8.28799971	-9.96924210	3.95238662
-8.28399971	-9.96924210	3.95238662
-8.27999971	-9.96924210	0.00000000
-8.27599971	-9.96924210	3.95238662
-8.27199971	-9.96924210	3.95238662
-8.26799971	-9.96924210	3.95238662
-8.26399971	-9.96924210	3.95238662
-8.25999971	-9.96924210	0.00000000
-8.25599971	-9.96924210	3.95238662
-8.25199971	-9.96924210	0.00000000
-8.24799971	-9.96924210	0.00000000
-8.24399971	-9.96924210	0.00000000
-8.23999971	-9.96924210	3.95238662
-8.23599971	-9.96924210	3.95238662
-8.23199971	-9.96924210	3.95238662
-8.22799971	-9.96924210	3.95238662
-8.22399971	-9.96924210	3.95238662
-8.21999971	-9.96924210	0.00000000
-8.21599971	-9.96924210	3.95238662
-8.21199971	-9.96924210	3.95238662
-8.20799971	-9.96924210	0.00000000
-8.20399971	-9.96924210	3.95238662
-8.19999971	-9.96924210	7.90477324
-8.19599971	-9.96924210	0.00000000
-8.19199971	-9.96924210	3.95238662
-8.18799971	-9.96924210	3.95238662
-8.18399971	-9.96924210	3.95238662
-8.17999971	-9.96924210	3.95238662
-8.17599971	-9.96924210	3.95238662
-8.17199971	-9.96924210	3.95238662
-8.16799971	-9.96924210	0.00000000
-8.16399971	-9.96924210	3.95238662
-8.15999972	-9.96924210	3.95238662
-8.15599972	-9.96924210	0.00000000
-8.15199972	-9.96924210	0.00000000
-8.14799972	-9.96924210	0.00000000
-8.14399972	-9.96924210	3.95238662
-8.13999972	-9.96924210	0.00000000
-8.13599972	-9.96924210	0.00000000
-8.13199972	-9.96924210	0.00000000
-8.12799972	-9.96924210	0.00000000
-8.12399972	-9.96924210	3.95238662
-8.11999972	-9.96924210	3.95238662
-8.11599972	-9.96924210	0.00000000
-8.11199972	-9.96924210	3.95238662
-8.10799972	-9.96924210	3.95238662
-8.10399972	-9.96924210	3.95238662
-8.09999972	-9.96924210	0.00000000
-8.09599972	-9.96924210	3.95238662
-8.09199972	-9.96924210	3.95238662
-8.08799972	-9.96924210	0.00000000
-8.08399972	-9.96924210	0.00000000
-8.07999972	-9.96924210	3.95238662
-8.07599972	-9.96924210	3.95238662
-8.07199972	-9.96924210	0.00000000
-8.06799972	-9.96924210	0.00000000
-8.06399972	-9.96924210	3.95238662
-8.05999972	-9.96924210	0.00000000
-8.05599972	-9.96924210	3.95238662
-8.05199972	-9.96924210	0.00000000
-8.04799972	-9.96924210	3.95238662
-8.04399972	-9.96924210	0.00000000
-8.03999972	-9.96924210	3.95238662
-8.03599972	-9.96924210	0.00000000
-8.03199972	-9.96924210	3.95238662
-8.02799972	-9.96924210	3.95238662
-8.02399972	-9.96924210	0.00000000
-8.01999972	-9.96924210	0.00000000
-8.01599972	-9.96924210	3.95238662
-8.01199972	-9.96924210	3.95238662
-8.00799972	-9.96924210	3.95238662
-8.00399972	-9.96924210	3.95238662
-7.99999972	-9.96924210	3.95238662
-7.99599972	-9.96924210	0.00000000
-7.99199972	-9.96924210	3.95238662
-7.98799972	-9.96924210	3.95238662
-7.98399972	-9.96924210	7.90477324
-7.97999972	-9.96924210	3.95238662
-7.97599972	-9.96924210	3.95238662
-7.97199972	-9.96924210	0.00000000
-7.96799972	-9.96924210	3.95238662
-7.96399972	-9.96924210	3.95238662
-7.95999972	-9.96924210	3.95238662
-7.95599972	-9.96924210	3.95238662
-7.95199972	-9.96924210	3.95238662
-7.94799972	-9.96924210	3.95238662
-7.94399972	-9.96924210	3.95238662
-7.93999972	-9.96924210	0.00000000
-7.93599972	-9.96924210	3.95238662
-7.93199972	-9.96924210	0.00000000
-7.92799972	-9.96924210	3.95238662
-7.92399972	-9.96924210	3.95238662
-7.91999972	-9.96924210	3.95238662
-7.91599972	-9.96924210	0.00000000
-7.91199972	-9.96924210	0.00000000
-7.90799972	-9.96924210	0.00000000
-7.90399972	-9.96924210	3.95238662
-7.89999972	-9.96924210	3.95238662
-7.89599972	-9.96924210	3.95238662
-7.89199972	-9.96924210	0.00000000
-7.88799972	-9.96924210	3.95238662
-7.88399972	-9.96924210	0.00000000
-7.87999972	-9.96924210	0.00000000
-7.87599972	-9.96924210	0.00000000
-7.87199972	-9.96924210	3.95238662
-7.86799972	-9.96924210	3.95238662
-7.86399972	-9.96924210	3.95238662
-7.85999972	-9.96924210	3.95238662
-7.85599972	-9.96924210	3.95238662
-7.85199972	-9.96924210	3.95238662
-7.84799972	-9.96924210	3.95238662
-7.84399972	-9.96924210	0.00000000
-7.83999972	-9.96924210	0.00000000
-7.83599972	-9.96924210	0.00000000
-7.83199972	-9.96924210	3.95238662
-7.82799972	-9.96924210	3.95238662
-7.82399972	-9.96924210	3.95238662
-7.81999972	-9.96924210	3.95238662
-7.81599972	-9.96924210	3.95238662
-7.81199972	-9.96924210	3.95238662
-7.80799972	-9.96924210	3.95238662
-7.80399973	-9.96924210	0.00000000
-7.79999973	-9.96924210	3.95238662
-7.79599973	-9.96924210	0.00000000
-7.79199973	-9.96924210	3.95238662
-7.78799973	-9.96924210	0.00000000
-7.78399973	-9.96924210	3.95238662
-7.77999973	-9.96924210	0.00000000
-7.77599973	-9.96924210	3.95238662
-7.77199973	-9.96924210	3.95238662
-7.76799973	-9.96924210	3.95238662
-7.76399973	-9.96924210	0.00000000
-7.75999973	-9.96924210	3.95238662
-7.75599973	-9.96924210	3.95238662
-7.75199973	-9.96924210	3.95238662
-7.74799973	-9.96924210	0.00000000
-7.74399973	-9.96924210	3.95238662
-7.73999973	-9.96924210	3.95238662
-7.73599973	-9.96924210	3.95238662
-7.73199973	-9.96924210	0.00000000
-7.72799973	-9.96924210	3.95238662
-7.72399973	-9.96924210	3.95238662
-7.71999973	-9.96924210	3.95238662
-7.71599973	-9.96924210	0.00000000
-7.71199973	-9.96924210	0.00000000
-7.70799973	-9.96924210	0.00000000
-7.70399973	-9.96924210	3.95238662
-7.69999973	-9.96924210	0.00000000
-7.69599973	-9.96924210	3.95238662
-7.69199973	-9.96924210	0.00000000
-7.68799973	-9.96924210	3.95238662
-7.68399973	-9.96924210	0.00000000
-7.67999973	-9.96924210	3.95238662
-7.67599973	-9.96924210	3.95238662
-7.67199973	-9.96924210	3.95238662
-7.66799973	-9.96924210	0.00000000
-7.66399973	-9.96924210	3.95238662
-7.65999973	-9.96924210	0.00000000
-7.65599973	-9.96924210	3.95238662
-7.65199973	-9.96924210	3.95238662
-7.64799973	-9.96924210	3.95238662
-7.64399973	-9.96924210	3.95238662
-7.63999973	-9.96924210	3.95238662
-7.63599973	-9.96924210	0.00000000
-7.63199973	-9.96924210	0.00000000
-7.62799973	-9.96924210	3.95238662
-7.62399973	-9.96924210	3.95238662
-7.61999973	-9.96924210	3.95238662
-7.61599973	-9.96924210	0.00000000
-7.61199973	-9.96924210	0.00000000
-7.60799973	-9.96924210	3.95238662
-7.60399973	-9.96924210	3.95238662
-7.59999973	-9.96924210	3.95238662
-7.59599973	-9.96924210	0.00000000
-7.59199973	-9.96924210	3.95238662
-7.58799973	-9.96924210	0.00000000
-7.58399973	-9.96924210	0.00000000
-7.57999973	-9.96924210	3.95238662
-7.57599973	-9.96924210	0.00000000
-7.57199973	-9.96924210	3.95238662
-7.56799973	-9.96924210	0.00000000
-7.56399973	-9.96924210	3.95238662
-7.55999973	-9.96924210	3.95238662
-7.55599973	-9.96924210	3.95238662
-7.55199973	-9.96924210	3.95238662
-7.54799973	-9.96924210	3.95238662
-7.54399973	-9.96924210	0.00000000
-7.53999973	-9.96924210	3.95238662
-7.53599973	-9.96924210	3.95238662
-7.53199973	-9.96924210	3.95238662
-7.52799973	-9.96924210	3.95238662
-7.52399973	-9.96924210	0.00000000
-7.51999973	-9.96924210	3.95238662
-7.51599973	-9.96924210	3.95238662
-7.51199973	-9.96924210	3.95238662
-7.50799973	-9.96924210	3.95238662
-7.50399973	-9.96924210	0.00000000
-7.49999973	-9.96924210	3.95238662
-7.49599973	-9.96924210	3.95238662
-7.49199973	-9.96924210	0.00000000
-7.48799973	-9.96924210	3.95238662
-7.48399973	-9.96924210	0.00000000
-7.47999973	-9.96924210	3.95238662
-7.47599973	-9.96924210	0.00000000
-7.47199973	-9.96924210	3.95238662
-7.46799973	-9.96924210	3.95238662
-7.46399973	-9.96924210	3.95238662
-7.45999973	-9.96924210	3.95238662
-7.45599973	-9.96924210	3.95238662
-7.45199974	-9.96924210	3.95238662
-7.44799974	-9.96924210	3.95238662
-7.44399974	-9.96924210	0.00000000
-7.43999974	-9.96924210	0.00000000
-7.43599974	-9.96924210	3.95238662
-7.43199974	-9.96924210	0.00000000
-7.42799974	-9.96924210	0.00000000
-7.42399974	-9.96924210	3.95238662
-7.41999974	-9.96924210	3.95238662
-7.41599974	-9.96924210	7.90477324
-7.41199974	-9.96924210	7.90477324
-7.40799974	-9.96924210	7.90477324
-7.40399974	-9.96924210	7.90477324
-7.39999974	-9.96924210	3.95238662
-7.39599974	-9.96924210	3.95238662
-7.39199974	-9.96924210	0.00000000
-7.38799974	-9.96924210	0.00000000
-7.38399974	-9.96924210	0.00000000
-7.37999974	-9.96924210	0.00000000
-7.37599974	-9.96924210	0.00000000
-7.37199974	-9.96924210	0.00000000
-7.36799974	-9.96924210	3.95238662
-7.36399974	-9.96924210	3.95238662
-7.35999974	-9.96924210	7.90477324
-7.35599974	-9.96924210	3.95238662
-7.35199974	-9.96924210	3.95238662
-7.34799974	-9.96924210	3.95238662
-7.34399974	-9.96924210	3.95238662
-7.33999974	-9.96924210	3.95238662
-7.33599974	-9.96924210	3.95238662
-7.33199974	-9.96924210	0.00000000
-7.32799974	-9.96924210	3.95238662
-7.32399974	-9.96924210	3.95238662
-7.31999974	-9.96924210	3.95238662
-7.31599974	-9.96924210	3.95238662
-7.31199974	-9.96924210	0.00000000
-7.30799974	-9.96924210	3.95238662
-7.30399974	-9.96924210	3.95238662
-7.29999974	-9.96924210	3.95238662
-7.29599974	-9.96924210	3.95238662
-7.29199974	-9.96924210	3.95238662
-7.28799974	-9.96924210	3.95238662
-7.28399974	-9.96924210	0.00000000
-7.27999974	-9.96924210	0.00000000
-7.27599974	-9.96924210	0.00000000
-7.27199974	-9.96924210	0.00000000
-7.26799974	-9.96924210	3.95238662
-7.26399974	-9.96924210	0.00000000
-7.25999974	-9.96924210	0.00000000
-7.25599974	-9.96924210	3.95238662
-7.25199974	-9.96924210	0.00000000
-7.24799974	-9.96924210	3.95238662
-7.24399974	-9.96924210	3.95238662
-7.23999974	-9.96924210	3.95238662
-7.23599974	-9.96924210	3.95238662
-7.23199974	-9.96924210	3.95238662
-7.22799974	-9.96924210	3.95238662
-7.22399974	-9.96924210	0.00000000
-7.21999974	-9.96924210	0.00000000
-7.21599974	-9.96924210	0.00000000
-7.21199974	-9.96924210	3.95238662
-7.20799974	-9.96924210	3.95238662
-7.20399974	-9.96924210	3.95238662
-7.19999974	-9.96924210	3.95238662
-7.19599974	-9.96924210	3.95238662
-7.19199974	-9.96924210	3.95238662
-7.18799974	-9.96924210	3.95238662
-7.18399974	-9.96924210	7.90477324
-7.17999974	-9.96924210	3.95238662
-7.17599974	-9.96924210	0.00000000
-7.17199974	-9.96924210	0.00000000
-7.16799974	-9.96924210	3.95238662
-7.16399974	-9.96924210	3.95238662
-7.15999974	-9.96924210	0.00000000
-7.15599974	-9.96924210	0.00000000
-7.15199974	-9.96924210	3.95238662
-7.14799974	-9.96924210	0.00000000
-7.14399974	-9.96924210	0.00000000
-7.13999974	-9.96924210	3.95238662
-7.13599974	-9.96924210	3.95238662
-7.13199974	-9.96924210	0.00000000
-7.12799974	-9.96924210	3.95238662
-7.12399974	-9.96924210	0.00000000
-7.11999974	-9.96924210	3.95238662
-7.11599974	-9.96924210	3.95238662
-7.11199974	-9.96924210	3.95238662
-7.10799974	-9.96924210	3.95238662
-7.10399974	-9.96924210	3.95238662
-7.09999975	-9.96924210	3.95238662
-7.09599975	-9.96924210	3.95238662
-7.09199975	-9.96924210	0.00000000
-7.08799975	-9.96924210	0.00000000
-7.08399975	-9.96924210	0.00000000
-7.07999975	-9.96924210	3.95238662
-7.07599975	-9.96924210	3.95238662
-7.07199975	-9.96924210	3.95238662
-7.06799975	-9.96924210	3.95238662
-7.06399975	-9.96924210	3.95238662
-7.05999975	-9.96924210	3.95238662
-7.05599975	-9.96924210	3.95238662
-7.05199975	-9.96924210	3.95238662
-7.04799975	-9.96924210	3.95238662
-7.04399975	-9.96924210	0.00000000
-7.03999975	-9.96924210	3.95238662
-7.03599975	-9.96924210	0.00000000
-7.03199975	-9.96924210	0.00000000
-7.02799975	-9.96924210	0.00000000
-7.02399975	-9.96924210	3.95238662
-7.01999975	-9.96924210	3.95238662
-7.01599975	-9.96924210	3.95238662
-7.01199975	-9.96924210	3.95238662
-7.00799975	-9.96924210	7.90477324
-7.00399975	-9.96924210	3.95238662
-6.99999975	-9.96924210	3.95238662
-6.99599975	-9.96924210	0.00000000
-6.99199975	-9.96924210	3.95238662
-6.98799975	-9.96924210	3.95238662
-6.98399975	-9.96924210	3.95238662
-6.97999975	-9.96924210	0.00000000
-6.97599975	-9.96924210	3.95238662
-6.97199975	-9.96924210	3.95238662
-6.96799975	-9.96924210	3.95238662
-6.96399975	-9.96924210	3.95238662
-6.95999975	-9.96924210	3.95238662
-6.95599975	-9.96924210	3.95238662
-6.95199975	-9.96924210	3.95238662
-6.94799975	-9.96924210	0.00000000
-6.94399975	-9.96924210	0.00000000
-6.93999975	-9.96924210	0.00000000
-6.93599975	-9.96924210	3.95238662
-6.93199975	-9.96924210	0.00000000
-6.92799975	-9.96924210	0.00000000
-6.92399975	-9.96924210	0.00000000
-6.91999975	-9.96924210	3.95238662
-6.91599975	-9.96924210	0.00000000
-6.91199975	-9.96924210	3.95238662
-6.90799975	-9.96924210	0.00000000
-6.90399975	-9.96924210	0.00000000
-6.89999975	-9.96924210	3.95238662
-6.89599975	-9.96924210	3.95238662
-6.89199975	-9.96924210	0.00000000
-6.88799975	-9.96924210	3.95238662
-6.88399975	-9.96924210	3.95238662
-6.87999975	-9.96924210	3.95238662
-6.87599975	-9.96924210	3.95238662
-6.87199975	-9.96924210	3.95238662
-6.86799975	-9.96924210	3.95238662
-6.86399975	-9.96924210	3.95238662
-6.85999975	-9.96924210	7.90477324
-6.85599975	-9.96924210	3.95238662
-6.85199975	-9.96924210	0.00000000
-6.84799975	-9.96924210	3.95238662
-6.84399975	-9.96924210	3.95238662
-6.83999975	-9.96924210	3.95238662
-6.83599975	-9.96924210	0.00000000
-6.83199975	-9.96924210	3.95238662
-6.82799975	-9.96924210	3.95238662
-6.82399975	-9.96924210	3.95238662
-6.81999975	-9.96924210	0.00000000
-6.81599975	-9.96924210	3.95238662
-6.81199975	-9.96924210	0.00000000
-6.80799975	-9.96924210	0.00000000
-6.80399975	-9.96924210	0.00000000
-6.79999975	-9.96924210	3.95238662
-6.79599975	-9.96924210	3.95238662
-6.79199975	-9.96924210	3.95238662
-6.78799975	-9.96924210	3.95238662
-6.78399975	-9.96924210	3.95238662
-6.77999975	-9.96924210	0.00000000
-6.77599975	-9.96924210	0.00000000
-6.77199975	-9.96924210	3.95238662
-6.76799975	-9.96924210	3.95238662
-6.76399975	-9.96924210	3.95238662
-6.75999975	-9.96924210	3.95238662
-6.75599975	-9.96924210	3.95238662
-6.75199975	-9.96924210	3.95238662
-6.74799975	-9.96924210	3.95238662
-6.74399976	-9.96924210	3.95238662
-6.73999976	-9.96924210	0.00000000
-6.73599976	-9.96924210	0.00000000
-6.73199976	-9.96924210	3.95238662
-6.72799976	-9.96924210	3.95238662
-6.72399976	-9.96924210	3.95238662
-6.71999976	-9.96924210	3.95238662
-6.71599976	-9.96924210	0.00000000
-6.71199976	-9.96924210	3.95238662
-6.70799976	-9.96924210	3.95238662
-6.70399976	-9.96924210	3.95238662
-6.69999976	-9.96924210	0.00000000
-6.69599976	-9.96924210	3.95238662
-6.69199976	-9.96924210	0.00000000
-6.68799976	-9.96924210	3.95238662
-6.68399976	-9.96924210	3.95238662
-6.67999976	-9.96924210	3.95238662
-6.67599976	-9.96924210	0.00000000
-6.67199976	-9.96924210	0.00000000
-6.66799976	-9.96924210	0.00000000
-6.66399976	-9.96924210	3.95238662
-6.65999976	-9.96924210	3.95238662
-6.65599976	-9.96924210	3.95238662
-6.65199976	-9.96924210	0.00000000
-6.64799976	-9.96924210	3.95238662
-6.64399976	-9.96924210	3.95238662
-6.63999976	-9.96924210	3.95238662
-6.63599976	-9.96924210	3.95238662
-6.63199976	-9.96924210	3.95238662
-6.62799976	-9.96924210	3.95238662
-6.62399976	-9.96924210	3.95238662
-6.61999976	-9.96924210	0.00000000
-6.61599976	-9.96924210	3.95238662
-6.61199976	-9.96924210	3.95238662
-6.60799976	-9.96924210	3.95238662
-6.60399976	-9.96924210	3.95238662
-6.59999976	-9.96924210	3.95238662
-6.59599976	-9.96924210	3.95238662
-6.59199976	-9.96924210	3.95238662
-6.58799976	-9.96924210	3.95238662
-6.58399976	-9.96924210	0.00000000
-6.57999976	-9.96924210	0.00000000
-6.57599976	-9.96924210	3.95238662
-6.57199976	-9.96924210	0.00000000
-6.56799976	-9.96924210	3.95238662
-6.56399976	-9.96924210	3.95238662
-6.55999976	-9.96924210	0.00000000
-6.55599976	-9.96924210	3.95238662
-6.55199976	-9.96924210	0.00000000
-6.54799976	-9.96924210	0.00000000
-6.54399976	-9.96924210	3.95238662
-6.53999976	-9.96924210	0.00000000
-6.53599976	-9.96924210	3.95238662
-6.53199976	-9.96924210	0.00000000
-6.52799976	-9.96924210	3.95238662
-6.52399976	-9.96924210	3.95238662
-6.51999976	-9.96924210	3.95238662
-6.51599976	-9.96924210	3.95238662
-6.51199976	-9.96924210	3.95238662
-6.50799976	-9.96924210	3.95238662
-6.50399976	-9.96924210	3.95238662
-6.49999976	-9.96924210	3.95238662
-6.49599976	-9.96924210	3.95238662
-6.49199976	-9.96924210	3.95238662
-6.48799976	-9.96924210	3.95238662
-6.48399976	-9.96924210	3.95238662
-6.47999976	-9.96924210	0.00000000
-6.47599976	-9.96924210	3.95238662
-6.47199976	-9.96924210	0.00000000
-6.46799976	-9.96924210	0.00000000
-6.46399976	-9.96924210	3.95238662
-6.45999976	-9.96924210	3.95238662
-6.45599976	-9.96924210	3.95238662
-6.45199976	-9.96924210	3.95238662
-6.44799976	-9.96924210	3.95238662
-6.44399976	-9.96924210	3.95238662
-6.43999976	-9.96924210	3.95238662
-6.43599976	-9.96924210	0.00000000
-6.43199976	-9.96924210	3.95238662
-6.42799976	-9.96924210	3.95238662
-6.42399976	-9.96924210	0.00000000
-6.41999976	-9.96924210	0.00000000
-6.41599976	-9.96924210	3.95238662
-6.41199976	-9.96924210	0.00000000
-6.40799976	-9.96924210	0.00000000
-6.40399976	-9.96924210	0.00000000
-6.39999976	-9.96924210	0.00000000
-6.39599976	-9.96924210	3.95238662
-6.39199977	-9.96924210	3.95238662
-6.38799977	-9.96924210	3.95238662
-6.38399977	-9.96924210	3.95238662
-6.37999977	-9.96924210	3.95238662
-6.37599977	-9.96924210	3.95238662
-6.37199977	-9.96924210	3.95238662
-6.36799977	-9.96924210	3.95238662
-6.36399977	-9.96924210	0.00000000
-6.35999977	-9.96924210	3.95238662
-6.35599977	-9.96924210	0.00000000
-6.35199977	-9.96924210	3.95238662
-6.34799977	-9.96924210	3.95238662
-6.34399977	-9.96924210	3.95238662
-6.33999977	-9.96924210	3.95238662
-6.33599977	-9.96924210	3.95238662
-6.33199977	-9.96924210	0.00000000
-6.32799977	-9.96924210	3.95238662
-6.32399977	-9.96924210	3.95238662
-6.31999977	-9.96924210	0.00000000
-6.31599977	-9.96924210	3.95238662
-6.31199977	-9.96924210	0.00000000
-6.30799977	-9.96924210	7.90477324
-6.30399977	-9.96924210	0.00000000
-6.29999977	-9.96924210	0.00000000
-6.29599977	-9.96924210	3.95238662
-6.29199977	-9.96924210	0.00000000
-6.28799977	-9.96924210	0.00000000
-6.28399977	-9.96924210	3.95238662
-6.27999977	-9.96924210	0.00000000
-6.27599977	-9.96924210	3.95238662
-6.27199977	-9.96924210	3.95238662
-6.26799977	-9.96924210	0.00000000
-6.26399977	-9.96924210	3.95238662
-6.25999977	-9.96924210	3.95238662
-6.25599977	-9.96924210	3.95238662
-6.25199977	-9.96924210	3.95238662
-6.24799977	-9.96924210	3.95238662
-6.24399977	-9.96924210	3.95238662
-6.23999977	-9.96924210	3.95238662
-6.23599977	-9.96924210	3.95238662
-6.23199977	-9.96924210	3.95238662
-6.22799977	-9.96924210	3.95238662
-6.22399977	-9.96924210	3.95238662
-6.21999977	-9.96924210	0.00000000
-6.21599977	-9.96924210	3.95238662
-6.21199977	-9.96924210	3.95238662
-6.20799977	-9.96924210	3.95238662
-6.20399977	-9.96924210	0.00000000
-6.19999977	-9.96924210	3.95238662
-6.19599977	-9.96924210	3.95238662
-6.19199977	-9.96924210	0.00000000
-6.18799977	-9.96924210	0.00000000
-6.18399977	-9.96924210	3.95238662
-6.17999977	-9.96924210	0.00000000
-6.17599977	-9.96924210	3.95238662
-6.17199977	-9.96924210	0.00000000
-6.16799977	-9.96924210	3.95238662
-6.16399977	-9.96924210	3.95238662
-6.15999977	-9.96924210	0.00000000
-6.15599977	-9.96924210	3.95238662
-6.15199977	-9.96924210	3.95238662
-6.14799977	-9.96924210	3.95238662
-6.14399977	-9.96924210	3.95238662
-6.13999977	-9.96924210	3.95238662
-6.13599977	-9.96924210	0.00000000
-6.13199977	-9.96924210	0.00000000
-6.12799977	-9.96924210	3.95238662
-6.12399977	-9.96924210	3.95238662
-6.11999977	-9.96924210	3.95238662
-6.11599977	-9.96924210	3.95238662
-6.11199977	-9.96924210	3.95238662
-6.10799977	-9.96924210	3.95238662
-6.10399977	-9.96924210	3.95238662
-6.09999977	-9.96924210	3.95238662
-6.09599977	-9.96924210	3.95238662
-6.09199977	-9.96924210	3.95238662
-6.08799977	-9.96924210	3.95238662
-6.08399977	-9.96924210	0.00000000
-6.07999977	-9.96924210	3.95238662
-6.07599977	-9.96924210	3.95238662
-6.07199977	-9.96924210	3.95238662
-6.06799977	-9.96924210	0.00000000
-6.06399977	-9.96924210	3.95238662
-6.05999977	-9.96924210	3.95238662
-6.05599977	-9.96924210	0.00000000
-6.05199977	-9.96924210	3.95238662
-6.04799977	-9.96924210	3.95238662
-6.04399977	-9.96924210	0.00000000
-6.03999977	-9.96924210	0.00000000
-6.03599978	-9.96924210	0.00000000
-6.03199978	-9.96924210	0.00000000
-6.02799978	-9.96924210	3.95238662
-6.02399978	-9.96924210	0.00000000
-6.01999978	-9.96924210	3.95238662
-6.01599978	-9.96924210	3.95238662
-6.01199978	-9.96924210	3.95238662
-6.00799978	-9.96924210	3.95238662
-6.00399978	-9.96924210	0.00000000
-5.99999978	-9.96924210	3.95238662
-5.99599978	-9.96924210	3.95238662
-5.99199978	-9.96924210	3.95238662
-5.98799978	-9.96924210	3.95238662
-5.98399978	-9.96924210	7.90477324
-5.97999978	-9.96924210	3.95238662
-5.97599978	-9.96924210	3.95238662
-5.97199978	-9.96924210	0.00000000
-5.96799978	-9.96924210	3.95238662
-5.96399978	-9.96924210	3.95238662
-5.95999978	-9.96924210	0.00000000
-5.95599978	-9.96924210	0.00000000
-5.95199978	-9.96924210	3.95238662
-5.94799978	-9.96924210	3.95238662
-5.94399978	-9.96924210	3.95238662
-5.93999978	-9.96924210	0.00000000
-5.93599978	-9.96924210	3.95238662
-5.93199978	-9.96924210	0.00000000
-5.92799978	-9.96924210	3.95238662
-5.92399978	-9.96924210	0.00000000
-5.91999978	-9.96924210	3.95238662
-5.91599978	-9.96924210	0.00000000
-5.91199978	-9.96924210	3.95238662
-5.90799978	-9.96924210	0.00000000
-5.90399978	-9.96924210	3.95238662
-5.89999978	-9.96924210	3.95238662
-5.89599978	-9.96924210	3.95238662
-5.89199978	-9.96924210	0.00000000
-5.88799978	-9.96924210	0.00000000
-5.88399978	-9.96924210	0.00000000
-5.87999978	-9.96924210	0.00000000
-5.87599978	-9.96924210	3.95238662
-5.87199978	-9.96924210	3.95238662
-5.86799978	-9.96924210	0.00000000
-5.86399978	-9.96924210	3.95238662
-5.85999978	-9.96924210	3.95238662
-5.85599978	-9.96924210	3.95238662
-5.85199978	-9.96924210	3.95238662
-5.84799978	-9.96924210	3.95238662
-5.84399978	-9.96924210	3.95238662
-5.83999978	-9.96924210	3.95238662
-5.83599978	-9.96924210	3.95238662
-5.83199978	-9.96924210	0.00000000
-5.82799978	-9.96924210	3.95238662
-5.82399978	-9.96924210	3.95238662
-5.81999978	-9.96924210	3.95238662
-5.81599978	-9.96924210	3.95238662
-5.81199978	-9.96924210	0.00000000
-5.80799978	-9.96924210	3.95238662
-5.80399978	-9.96924210	3.95238662
-5.79999978	-9.96924210	3.95238662
-5.79599978	-9.96924210	0.00000000
-5.79199978	-9.96924210	3.95238662
-5.78799978	-9.96924210	3.95238662
-5.78399978	-9.96924210	3.95238662
-5.77999978	-9.96924210	3.95238662
-5.77599978	-9.96924210	3.95238662
-5.77199978	-9.96924210	3.95238662
-5.76799978	-9.96924210	3.95238662
-5.76399978	-9.96924210	3.95238662
-5.75999978	-9.96924210	3.95238662
-5.75599978	-9.96924210	3.95238662
-5.75199978	-9.96924210	3.95238662
-5.74799978	-9.96924210	3.95238662
-5.74399978	-9.96924210	3.95238662
-5.73999978	-9.96924210	3.95238662
-5.73599978	-9.96924210	0.00000000
-5.73199978	-9.96924210	0.00000000
-5.72799978	-9.96924210	3.95238662
-5.72399978	-9.96924210	3.95238662
-5.71999978	-9.96924210	3.95238662
-5.71599978	-9.96924210	0.00000000
-5.71199978	-9.96924210	3.95238662
-5.70799978	-9.96924210	0.00000000
-5.70399978	-9.96924210	3.95238662
-5.69999978	-9.96924210	3.95238662
-5.69599978	-9.96924210	3.95238662
-5.69199978	-9.96924210	3.95238662
-5.68799978	-9.96924210	0.00000000
-5.68399979	-9.96924210	0.00000000
-5.67999979	-9.96924210	3.95238662
-5.67599979	-9.96924210	3.95238662
-5.67199979	-9.96924210	3.95238662
-5.66799979	-9.96924210	3.95238662
-5.66399979	-9.96924210	3.95238662
-5.65999979	-9.96924210	3.95238662
-5.65599979	-9.96924210	3.95238662
-5.65199979	-9.96924210	3.95238662
-5.64799979	-9.96924210	3.95238662
-5.64399979	-9.96924210	3.95238662
-5.63999979	-9.96924210	0.00000000
-5.63599979	-9.96924210	0.00000000
-5.63199979	-9.96924210	3.95238662
-5.62799979	-9.96924210	0.00000000
-5.62399979	-9.96924210	7.90477324
-5.61999979	-9.96924210	3.95238662
-5.61599979	-9.96924210	3.95238662
-5.61199979	-9.96924210	3.95238662
-5.60799979	-9.96924210	3.95238662
-5.60399979	-9.96924210	0.00000000
-5.59999979	-9.96924210	3.95238662
-5.59599979	-9.96924210	3.95238662
-5.59199979	-9.96924210	0.00000000
-5.58799979	-9.96924210	0.00000000
-5.58399979	-9.96924210	3.95238662
-5.57999979	-9.96924210	3.95238662
-5.57599979	-9.96924210	3.95238662
-5.57199979	-9.96924210	3.95238662
-5.56799979	-9.96924210	0.00000000
-5.56399979	-9.96924210	3.95238662
-5.55999979	-9.96924210	3.95238662
-5.55599979	-9.96924210	3.95238662
-5.55199979	-9.96924210	3.95238662
-5.54799979	-9.96924210	3.95238662
-5.54399979	-9.96924210	3.95238662
-5.53999979	-9.96924210	3.95238662
-5.53599979	-9.96924210	3.95238662
-5.53199979	-9.96924210	3.95238662
-5.52799979	-9.96924210	3.95238662
-5.52399979	-9.96924210	0.00000000
-5.51999979	-9.96924210	3.95238662
-5.51599979	-9.96924210	3.95238662
-5.51199979	-9.96924210	0.00000000
-5.50799979	-9.96924210	3.95238662
-5.50399979	-9.96924210	3.95238662
-5.49999979	-9.96924210	3.95238662
-5.49599979	-9.96924210	3.95238662
-5.49199979	-9.96924210	0.00000000
-5.48799979	-9.96924210	3.95238662
-5.48399979	-9.96924210	0.00000000
-5.47999979	-9.96924210	0.00000000
-5.47599979	-9.96924210	3.95238662
-5.47199979	-9.96924210	3.95238662
-5.46799979	-9.96924210	3.95238662
-5.46399979	-9.96924210	3.95238662
-5.45999979	-9.96924210	0.00000000
-5.45599979	-9.96924210	3.95238662
-5.45199979	-9.96924210	0.00000000
-5.44799979	-9.96924210	0.00000000
-5.44399979	-9.96924210	3.95238662
-5.43999979	-9.96924210	3.95238662
-5.43599979	-9.96924210	3.95238662
-5.43199979	-9.96924210	3.95238662
-5.42799979	-9.96924210	0.00000000
-5.42399979	-9.96924210	0.00000000
-5.41999979	-9.96924210	3.95238662
-5.41599979	-9.96924210	3.95238662
-5.41199979	-9.96924210	3.95238662
-5.40799979	-9.96924210	3.95238662
-5.40399979	-9.96924210	3.95238662
-5.39999979	-9.96924210	3.95238662
-5.39599979	-9.96924210	0.00000000
-5.39199979	-9.96924210	3.95238662
-5.38799979	-9.96924210	3.95238662
-5.38399979	-9.96924210	3.95238662
-5.37999979	-9.96924210	3.95238662
-5.37599979	-9.96924210	3.95238662
-5.37199979	-9.96924210	0.00000000
-5.36799979	-9.96924210	0.00000000
-5.36399979	-9.96924210	0.00000000
-5.35999979	-9.96924210	0.00000000
-5.35599979	-9.96924210	3.95238662
-5.35199979	-9.96924210	0.00000000
-5.34799979	-9.96924210	3.95238662
-5.34399979	-9.96924210	3.95238662
-5.33999979	-9.96924210	3.95238662
-5.33599979	-9.96924210	3.95238662
-5.33199980	-9.96924210	0.00000000
-5.32799980	-9.96924210	0.00000000
-5.32399980	-9.96924210	0.00000000
-5.31999980	-9.96924210	3.95238662
-5.31599980	-9.96924210	3.95238662
-5.31199980	-9.96924210	3.95238662
-5.30799980	-9.96924210	0.00000000
-5.30399980	-9.96924210	3.95238662
-5.29999980	-9.96924210	0.00000000
-5.29599980	-9.96924210	3.95238662
-5.29199980	-9.96924210	3.95238662
-5.28799980	-9.96924210	3.95238662
-5.28399980	-9.96924210	3.95238662
-5.27999980	-9.96924210	3.95238662
-5.27599980	-9.96924210	3.95238662
-5.27199980	-9.96924210	3.95238662
-5.26799980	-9.96924210	3.95238662
-5.26399980	-9.96924210	3.95238662
-5.25999980	-9.96924210	3.95238662
-5.25599980	-9.96924210	0.00000000
-5.25199980	-9.96924210	3.95238662
-5.24799980	-9.96924210	7.90477324
-5.24399980	-9.96924210	3.95238662
-5.23999980	-9.96924210	3.95238662
-5.23599980	-9.96924210	0.00000000
-5.23199980	-9.96924210	3.95238662
-5.22799980	-9.96924210	3.95238662
-5.22399980	-9.96924210	7.90477324
-5.21999980	-9.96924210	0.00000000
-5.21599980	-9.96924210	3.95238662
-5.21199980	-9.96924210	3.95238662
-5.20799980	-9.96924210	3.95238662
-5.20399980	-9.96924210	3.95238662
-5.19999980	-9.96924210	3.95238662
-5.19599980	-9.96924210	3.95238662
-5.19199980	-9.96924210	0.00000000
-5.18799980	-9.96924210	3.95238662
-5.18399980	-9.96924210	3.95238662
-5.17999980	-9.96924210	3.95238662
-5.17599980	-9.96924210	3.95238662
-5.17199980	-9.96924210	3.95238662
-5.16799980	-9.96924210	3.95238662
-5.16399980	-9.96924210	3.95238662
-5.15999980	-9.96924210	0.00000000
-5.15599980	-9.96924210	0.00000000
-5.15199980	-9.96924210	3.95238662
-5.14799980	-9.96924210	0.00000000
-5.14399980	-9.96924210	3.95238662
-5.13999980	-9.96924210	3.95238662
-5.13599980	-9.96924210	3.95238662
-5.13199980	-9.96924210	0.00000000
-5.12799980	-9.96924210	0.00000000
-5.12399980	-9.96924210	0.00000000
-5.11999980	-9.96924210	3.95238662
-5.11599980	-9.96924210	3.95238662
-5.11199980	-9.96924210	3.95238662
-5.10799980	-9.96924210	0.00000000
-5.10399980	-9.96924210	3.95238662
-5.09999980	-9.96924210	3.95238662
-5.09599980	-9.96924210	3.95238662
-5.09199980	-9.96924210	3.95238662
-5.08799980	-9.96924210	3.95238662
-5.08399980	-9.96924210	3.95238662
-5.07999980	-9.96924210	3.95238662
-5.07599980	-9.96924210	3.95238662
-5.07199980	-9.96924210	3.95238662
-5.06799980	-9.96924210	3.95238662
-5.06399980	-9.96924210	0.00000000
-5.05999980	-9.96924210	3.95238662
-5.05599980	-9.96924210	3.95238662
-5.05199980	-9.96924210	3.95238662
-5.04799980	-9.96924210	3.95238662
-5.04399980	-9.96924210	3.95238662
-5.03999980	-9.96924210	0.00000000
-5.03599980	-9.96924210	3.95238662
-5.03199980	-9.96924210	3.95238662
-5.02799980	-9.96924210	3.95238662
-5.02399980	-9.96924210	3.95238662
-5.01999980	-9.96924210	3.95238662
-5.01599980	-9.96924210	3.95238662
-5.01199980	-9.96924210	3.95238662
-5.00799980	-9.96924210	3.95238662
-5.00399980	-9.96924210	3.95238662
-4.99999980	-9.96924210	3.95238662
-4.99599980	-9.96924210	0.00000000
-4.99199980	-9.96924210	7.90477324
-4.98799980	-9.96924210	0.00000000
-4.98399980	-9.96924210	3.95238662
-4.97999980	-9.96924210	3.95238662
-4.97599981	-9.96924210	0.00000000
-4.97199981	-9.96924210	3.95238662
-4.96799981	-9.96924210	3.95238662
-4.96399981	-9.96924210	3.95238662
-4.95999981	-9.96924210	3.95238662
-4.95599981	-9.96924210	3.95238662
-4.95199981	-9.96924210	3.95238662
-4.94799981	-9.96924210	3.95238662
-4.94399981	-9.96924210	3.95238662
-4.93999981	-9.96924210	3.95238662
-4.93599981	-9.96924210	3.95238662
-4.93199981	-9.96924210	3.95238662
-4.92799981	-9.96924210	3.95238662
-4.92399981	-9.96924210	3.95238662
-4.91999981	-9.96924210	3.95238662
-4.91599981	-9.96924210	3.95238662
-4.91199981	-9.96924210	7.90477324
-4.90799981	-9.96924210	3.95238662
-4.90399981	-9.96924210	3.95238662
-4.89999981	-9.96924210	3.95238662
-4.89599981	-9.96924210	0.00000000
-4.89199981	-9.96924210	3.95238662
-4.88799981	-9.96924210	3.95238662
-4.88399981	-9.96924210	3.95238662
-4.87999981	-9.96924210	3.95238662
-4.87599981	-9.96924210	3.95238662
-4.87199981	-9.96924210	3.95238662
-4.86799981	-9.96924210	3.95238662
-4.86399981	-9.96924210	3.95238662
-4.85999981	-9.96924210	3.95238662
-4.85599981	-9.96924210	3.95238662
-4.85199981	-9.96924210	3.95238662
-4.84799981	-9.96924210	0.00000000
-4.84399981	-9.96924210	0.00000000
-4.83999981	-9.96924210	3.95238662
-4.83599981	-9.96924210	3.95238662
-4.83199981	-9.96924210	3.95238662
-4.82799981	-9.96924210	3.95238662
-4.82399981	-9.96924210	0.00000000
-4.81999981	-9.96924210	0.00000000
-4.81599981	-9.96924210	3.95238662
-4.81199981	-9.96924210	0.00000000
-4.80799981	-9.96924210	3.95238662
-4.80399981	-9.96924210	3.95238662
-4.79999981	-9.96924210	0.00000000
-4.79599981	-9.96924210	0.00000000
-4.79199981	-9.96924210	3.95238662
-4.78799981	-9.96924210	3.95238662
-4.78399981	-9.96924210	3.95238662
-4.77999981	-9.96924210	0.00000000
-4.77599981	-9.96924210	0.00000000
-4.77199981	-9.96924210	0.00000000
-4.76799981	-9.96924210	3.95238662
-4.76399981	-9.96924210	3.95238662
-4.75999981	-9.96924210	3.95238662
-4.75599981	-9.96924210	3.95238662
-4.75199981	-9.96924210	3.95238662
-4.74799981	-9.96924210	3.95238662
-4.74399981	-9.96924210	3.95238662
-4.73999981	-9.96924210	0.00000000
-4.73599981	-9.96924210	3.95238662
-4.73199981	-9.96924210	0.00000000
-4.72799981	-9.96924210	3.95238662
-4.72399981	-9.96924210	0.00000000
-4.71999981	-9.96924210	3.95238662
-4.71599981	-9.96924210	0.00000000
-4.71199981	-9.96924210	3.95238662
-4.70799981	-9.96924210	3.95238662
-4.70399981	-9.96924210	3.95238662
-4.69999981	-9.96924210	0.00000000
-4.69599981	-9.96924210	3.95238662
-4.69199981	-9.96924210	3.95238662
-4.68799981	-9.96924210	3.95238662
-4.68399981	-9.96924210	3.95238662
-4.67999981	-9.96924210	3.95238662
-4.67599981	-9.96924210	0.00000000
-4.67199981	-9.96924210	0.00000000
-4.66799981	-9.96924210	0.00000000
-4.66399981	-9.96924210	3.95238662
-4.65999981	-9.96924210	3.95238662
-4.65599981	-9.96924210	3.95238662
-4.65199981	-9.96924210	3.95238662
-4.64799981	-9.96924210	3.95238662
-4.64399981	-9.96924210	0.00000000
-4.63999981	-9.96924210	3.95238662
-4.63599981	-9.96924210	3.95238662
-4.63199981	-9.96924210	3.95238662
-4.62799981	-9.96924210	3.95238662
-4.62399982	-9.96924210	3.95238662
-4.61999982	-9.96924210	0.00000000
-4.61599982	-9.96924210	3.95238662
-4.61199982	-9.96924210	3.95238662
-4.60799982	-9.96924210	0.00000000
-4.60399982	-9.96924210	3.95238662
-4.59999982	-9.96924210	3.95238662
-4.59599982	-9.96924210	3.95238662
-4.59199982	-9.96924210	0.00000000
-4.58799982	-9.96924210	3.95238662
-4.58399982	-9.96924210	3.95238662
-4.57999982	-9.96924210	3.95238662
-4.57599982	-9.96924210	3.95238662
-4.57199982	-9.96924210	3.95238662
-4.56799982	-9.96924210	3.95238662
-4.56399982	-9.96924210	0.00000000
-4.55999982	-9.96924210	3.95238662
-4.55599982	-9.96924210	3.95238662
-4.55199982	-9.96924210	0.00000000
-4.54799982	-9.96924210	0.00000000
-4.54399982	-9.96924210	3.95238662
-4.53999982	-9.96924210	0.00000000
-4.53599982	-9.96924210	3.95238662
-4.53199982	-9.96924210	0.00000000
-4.52799982	-9.96924210	3.95238662
-4.52399982	-9.96924210	0.00000000
-4.51999982	-9.96924210	3.95238662
-4.51599982	-9.96924210	0.00000000
-4.51199982	-9.96924210	3.95238662
-4.50799982	-9.96924210	3.95238662
-4.50399982	-9.96924210	3.95238662
-4.49999982	-9.96924210	3.95238662
-4.49599982	-9.96924210	3.95238662
-4.49199982	-9.96924210	3.95238662
-4.48799982	-9.96924210	3.95238662
-4.48399982	-9.96924210	3.95238662
-4.47999982	-9.96924210	3.95238662
-4.47599982	-9.96924210	3.95238662
-4.47199982	-9.96924210	3.95238662
-4.46799982	-9.96924210	3.95238662
-4.46399982	-9.96924210	3.95238662
-4.45999982	-9.96924210	0.00000000
-4.45599982	-9.96924210	0.00000000
-4.45199982	-9.96924210	3.95238662
-4.44799982	-9.96924210	3.95238662
-4.44399982	-9.96924210	3.95238662
-4.43999982	-9.96924210	3.95238662
-4.43599982	-9.96924210	0.00000000
-4.43199982	-9.96924210	3.95238662
-4.42799982	-9.96924210	3.95238662
-4.42399982	-9.96924210	3.95238662
-4.41999982	-9.96924210	3.95238662
-4.41599982	-9.96924210	0.00000000
-4.41199982	-9.96924210	3.95238662
-4.40799982	-9.96924210	3.95238662
-4.40399982	-9.96924210	3.95238662
-4.39999982	-9.96924210	3.95238662
-4.39599982	-9.96924210	0.00000000
-4.39199982	-9.96924210	3.95238662
-4.38799982	-9.96924210	0.00000000
-4.38399982	-9.96924210	0.00000000
-4.37999982	-9.96924210	3.95238662
-4.37599982	-9.96924210	3.95238662
-4.37199982	-9.96924210	3.95238662
-4.36799982	-9.96924210	3.95238662
-4.36399982	-9.96924210	0.00000000
-4.35999982	-9.96924210	3.95238662
-4.35599982	-9.96924210	3.95238662
-4.35199982	-9.96924210	0.00000000
-4.34799982	-9.96924210	3.95238662
-4.34399982	-9.96924210	3.95238662
-4.33999982	-9.96924210	0.00000000
-4.33599982	-9.96924210	3.95238662
-4.33199982	-9.96924210	0.00000000
-4.32799982	-9.96924210	3.95238662
-4.32399982	-9.96924210	3.95238662
-4.31999982	-9.96924210	3.95238662
-4.31599982	-9.96924210	0.00000000
-4.31199982	-9.96924210	3.95238662
-4.30799982	-9.96924210	3.95238662
-4.30399982	-9.96924210	3.95238662
-4.29999982	-9.96924210	3.95238662
-4.29599982	-9.96924210	3.95238662
-4.29199982	-9.96924210	0.00000000
-4.28799982	-9.96924210	0.00000000
-4.28399982	-9.96924210	0.00000000
-4.27999982	-9.96924210	7.90477324
-4.27599982	-9.96924210	3.95238662
-4.27199983	-9.96924210	3.95238662
-4.26799983	-9.96924210	3.95238662
-4.26399983	-9.96924210	3.95238662
-4.25999983	-9.96924210	0.00000000
-4.25599983	-9.96924210	0.00000000
-4.25199983	-9.96924210	3.95238662
-4.24799983	-9.96924210	3.95238662
-4.24399983	-9.96924210	0.00000000
-4.23999983	-9.96924210	3.95238662
-4.23599983	-9.96924210	3.95238662
-4.23199983	-9.96924210	0.00000000
-4.22799983	-9.96924210	3.95238662
-4.22399983	-9.96924210	3.95238662
-4.21999983	-9.96924210	0.00000000
-4.21599983	-9.96924210	3.95238662
-4.21199983	-9.96924210	3.95238662
-4.20799983	-9.96924210	3.95238662
-4.20399983	-9.96924210	3.95238662
-4.19999983	-9.96924210	0.00000000
-4.19599983	-9.96924210	3.95238662
-4.19199983	-9.96924210	3.95238662
-4.18799983	-9.96924210	0.00000000
-4.18399983	-9.96924210	0.00000000
-4.17999983	-9.96924210	3.95238662
-4.17599983	-9.96924210	7.90477324
-4.17199983	-9.96924210	3.95238662
-4.16799983	-9.96924210	0.00000000
-4.16399983	-9.96924210	3.95238662
-4.15999983	-9.96924210	3.95238662
-4.15599983	-9.96924210	3.95238662
-4.15199983	-9.96924210	3.95238662
-4.14799983	-9.96924210	3.95238662
-4.14399983	-9.96924210	3.95238662
-4.13999983	-9.96924210	3.95238662
-4.13599983	-9.96924210	3.95238662
-4.13199983	-9.96924210	3.95238662
-4.12799983	-9.96924210	3.95238662
-4.12399983	-9.96924210	0.00000000
-4.11999983	-9.96924210	3.95238662
-4.11599983	-9.96924210	3.95238662
-4.11199983	-9.96924210	3.95238662
-4.10799983	-9.96924210	3.95238662
-4.10399983	-9.96924210	0.00000000
-4.09999983	-9.96924210	3.95238662
-4.09599983	-9.96924210	3.95238662
-4.09199983	-9.96924210	3.95238662
-4.08799983	-9.96924210	3.95238662
-4.08399983	-9.96924210	3.95238662
-4.07999983	-9.96924210	3.95238662
-4.07599983	-9.96924210	0.00000000
-4.07199983	-9.96924210	3.95238662
-4.06799983	-9.96924210	3.95238662
-4.06399983	-9.96924210	3.95238662
-4.05999983	-9.96924210	3.95238662
-4.05599983	-9.96924210	3.95238662
-4.05199983	-9.96924210	0.00000000
-4.04799983	-9.96924210	3.95238662
-4.04399983	-9.96924210	3.95238662
-4.03999983	-9.96924210	3.95238662
-4.03599983	-9.96924210	3.95238662
-4.03199983	-9.96924210	3.95238662
-4.02799983	-9.96924210	0.00000000
-4.02399983	-9.96924210	0.00000000
-4.01999983	-9.96924210	0.00000000
-4.01599983	-9.96924210	3.95238662
-4.01199983	-9.96924210	3.95238662
-4.00799983	-9.96924210	3.95238662
-4.00399983	-9.96924210	3.95238662
-3.99999983	-9.96924210	3.95238662
-3.99599983	-9.96924210	3.95238662
-3.99199983	-9.96924210	3.95238662
-3.98799983	-9.96924210	0.00000000
-3.98399983	-9.96924210	3.95238662
-3.97999983	-9.96924210	0.00000000
-3.97599983	-9.96924210	3.95238662
-3.97199983	-9.96924210	0.00000000
-3.96799983	-9.96924210	3.95238662
-3.96399983	-9.96924210	3.95238662
-3.95999983	-9.96924210	0.00000000
-3.95599983	-9.96924210	0.00000000
-3.95199983	-9.96924210	3.95238662
-3.94799983	-9.96924210	3.95238662
-3.94399983	-9.96924210	3.95238662
-3.93999983	-9.96924210	3.95238662
-3.93599983	-9.96924210	3.95238662
-3.93199983	-9.96924210	3.95238662
-3.92799983	-9.96924210	3.95238662
-3.92399983	-9.96924210	3.95238662
-3.91999983	-9.96924210	3.95238662
-3.91599984	-9.96924210	3.95238662
-3.91199984	-9.96924210	3.95238662
-3.90799984	-9.96924210	3.95238662
-3.90399984	-9.96924210	0.00000000
-3.89999984	-9.96924210	3.95238662
-3.89599984	-9.96924210	3.95238662
-3.89199984	-9.96924210	0.00000000
-3.88799984	-9.96924210	0.00000000
-3.88399984	-9.96924210	7.90477324
-3.87999984	-9.96924210	3.95238662
-3.87599984	-9.96924210	3.95238662
-3.87199984	-9.96924210	7.90477324
-3.86799984	-9.96924210	-3.95238662
-3.86399984	-9.96924210	-3.95238662
-3.85999984	-9.96924210	11.85715961
-3.85599984	-9.96924210	3.95238662
-3.85199984	-9.96924210	-3.95238662
-3.84799984	-9.96924210	11.85715961
-3.84399984	-9.96924210	3.95238662
-3.83999984	-9.96924210	-7.90477324
-3.83599984	-9.96924210	7.90477324
-3.83199984	-9.96924210	7.90477324
-3.82799984	-9.96924210	-3.95238662
-3.82399984	-9.96924210	7.90477324
-3.81999984	-9.96924210	11.85715961
-3.81599984	-9.96924210	-11.85715961
-3.81199984	-9.96924210	3.95238662
-3.80799984	-9.96924210	19.77731133
-3.80399984	-9.96924210	-7.90477324
-3.79999984	-9.96924210	0.00000000
-3.79599984	-9.96924210	19.77731133
-3.79199984	-9.96924210	-7.90477324
-3.78799984	-9.96924210	0.00000000
-3.78399984	-9.96924210	19.77731133
-3.77999984	-9.96924210	-7.90477324
-3.77599984	-9.96924210	0.00000000
-3.77199984	-9.96924210	15.82492638
-3.76799984	-9.96924210	-7.90477324
-3.76399984	-9.96924210	-3.95238662
-3.75999984	-9.96924210	19.77731133
-3.75599984	-9.96924210	-3.95238662
-3.75199984	-9.96924210	-7.90477324
-3.74799984	-9.96924210	19.77731133
-3.74399984	-9.96924210	-3.95238662
-3.73999984	-9.96924210	-3.95238662
-3.73599984	-9.96924210	15.82492638
-3.73199984	-9.96924210	-3.95238662
-3.72799984	-9.96924210	0.00000000
-3.72399984	-9.96924210	15.82492638
-3.71999984	-9.96924210	-7.90477324
-3.71599984	-9.96924210	-11.85715961
-3.71199984	-9.96924210	19.77731133
-3.70799984	-9.96924210	7.90477324
-3.70399984	-9.96924210	3.95238662
-3.69999984	-9.96924210	3.95238662
-3.69599984	-9.96924210	-3.95238662
-3.69199984	-9.96924210	0.00000000
-3.68799984	-9.96924210	11.85715961
-3.68399984	-9.96924210	11.85715961
-3.67999984	-9.96924210	3.95238662
-3.67599984	-9.96924210	-11.85715961
-3.67199984	-9.96924210	3.95238662
-3.66799984	-9.96924210	3.95238662
-3.66399984	-9.96924210	3.95238662
-3.65999984	-9.96924210	3.95238662
-3.65599984	-9.96924210	-3.95238662
-3.65199984	-9.96924210	0.00000000
-3.64799984	-9.96924210	0.00000000
-3.64399984	-9.96924210	0.00000000
-3.63999984	-9.96924210	0.00000000
-3.63599984	-9.96924210	7.90477324
-3.63199984	-9.96924210	7.90477324
-3.62799984	-9.96924210	0.00000000
-3.62399984	-9.96924210	0.00000000
-3.61999984	-9.96924210	0.00000000
-3.61599984	-9.96924210	3.95238662
-3.61199984	-9.96924210	7.90477324
-3.60799984	-9.96924210	3.95238662
-3.60399984	-9.96924210	0.00000000
-3.59999984	-9.96924210	7.90477324
-3.59599984	-9.96924210	3.95238662
-3.59199984	-9.96924210	3.95238662
-3.58799984	-9.96924210	3.95238662
-3.58399984	-9.96924210	7.90477324
-3.57999984	-9.96924210	3.95238662
-3.57599984	-9.96924210	3.95238662
-3.57199984	-9.96924210	0.00000000
-3.56799984	-9.96924210	3.95238662
-3.56399985	-9.96924210	7.90477324
-3.55999985	-9.96924210	3.95238662
-3.55599985	-9.96924210	-3.95238662
-3.55199985	-9.96924210	3.95238662
-3.54799985	-9.96924210	3.95238662
-3.54399985	-9.96924210	7.90477324
-3.53999985	-9.96924210	0.00000000
-3.53599985	-9.96924210	-7.90477324
-3.53199985	-9.96924210	0.00000000
-3.52799985	-9.96924210	7.90477324
-3.52399985	-9.96924210	7.90477324
-3.51999985	-9.96924210	3.95238662
-3.51599985	-9.96924210	-3.95238662
-3.51199985	-9.96924210	0.00000000
-3.50799985	-9.96924210	0.00000000
-3.50399985	-9.96924210	7.90477324
-3.49999985	-9.96924210	3.95238662
-3.49599985	-9.96924210	7.90477324
-3.49199985	-9.96924210	11.85715961
-3.48799985	-9.96924210	0.00000000
-3.48399985	-9.96924210	7.90477324
-3.47999985	-9.96924210	-3.95238662
-3.47599985	-9.96924210	0.00000000
-3.47199985	-9.96924210	11.85715961
-3.46799985	-9.96924210	0.00000000
-3.46399985	-9.96924210	-3.95238662
-3.45999985	-9.96924210	7.90477324
-3.45599985	-9.96924210	0.00000000
-3.45199985	-9.96924210	0.00000000
-3.44799985	-9.96924210	7.90477324
-3.44399985	-9.96924210	0.00000000
-3.43999985	-9.96924210	-7.90477324
-3.43599985	-9.96924210	7.90477324
-3.43199985	-9.96924210	0.00000000
-3.42799985	-9.96924210	-3.95238662
-3.42399985	-9.96924210	3.95238662
-3.41999985	-9.96924210	3.95238662
-3.41599985	-9.96924210	0.00000000
-3.41199985	-9.96924210	3.95238662
-3.40799985	-9.96924210	-3.95238662
-3.40399985	-9.96924210	-7.90477324
-3.39999985	-9.96924210	0.00000000
-3.39599985	-9.96924210	23.72970009
-3.39199985	-9.96924210	7.90477324
-3.38799985	-9.96924210	-7.90477324
-3.38399985	-9.96924210	-11.85715961
-3.37999985	-9.96924210	-3.95238662
-3.37599985	-9.96924210	19.77731133
-3.37199985	-9.96924210	11.85715961
-3.36799985	-9.96924210	0.00000000
-3.36399985	-9.96924210	-11.85715961
-3.35999985	-9.96924210	3.95238662
-3.35599985	-9.96924210	7.90477324
-3.35199985	-9.96924210	7.90477324
-3.34799985	-9.96924210	0.00000000
-3.34399985	-9.96924210	3.95238662
-3.33999985	-9.96924210	3.95238662
-3.33599985	-9.96924210	3.95238662
-3.33199985	-9.96924210	3.95238662
-3.32799985	-9.96924210	-3.95238662
-3.32399985	-9.96924210	11.85715961
-3.31999985	-9.96924210	3.95238662
-3.31599985	-9.96924210	0.00000000
-3.31199985	-9.96924210	0.00000000
-3.30799985	-9.96924210	0.00000000
-3.30399985	-9.96924210	0.00000000
-3.29999985	-9.96924210	0.00000000
-3.29599985	-9.96924210	3.95238662
-3.29199985	-9.96924210	3.95238662
-3.28799985	-9.96924210	3.95238662
-3.28399985	-9.96924210	0.00000000
-3.27999985	-9.96924210	0.00000000
-3.27599985	-9.96924210	0.00000000
-3.27199985	-9.96924210	11.85715961
-3.26799985	-9.96924210	3.95238662
-3.26399985	-9.96924210	0.00000000
-3.25999985	-9.96924210	0.00000000
-3.25599985	-9.96924210	3.95238662
-3.25199985	-9.96924210	3.95238662
-3.24799985	-9.96924210	11.85715961
-3.24399985	-9.96924210	3.95238662
-3.23999985	-9.96924210	-3.95238662
-3.23599985	-9.96924210	0.00000000
-3.23199985	-9.96924210	3.95238662
-3.22799985	-9.96924210	3.95238662
-3.22399985	-9.96924210	0.00000000
-3.21999985	-9.96924210	0.00000000
-3.21599985	-9.96924210	0.00000000
-3.21199985	-9.96924210	3.95238662
-3.20799986	-9.96924210	0.00000000
-3.20399986	-9.96924210	0.00000000
-3.19999986	-9.96924210	3.95238662
-3.19599986	-9.96924210	3.95238662
-3.19199986	-9.96924210	3.95238662
-3.18799986	-9.96924210	7.90477324
-3.18399986	-9.96924210	3.95238662
-3.17999986	-9.96924210	3.95238662
-3.17599986	-9.96924210	0.00000000
-3.17199986	-9.96924210	3.95238662
-3.16799986	-9.96924210	3.95238662
-3.16399986	-9.96924210	3.95238662
-3.15999986	-9.96924210	0.00000000
-3.15599986	-9.96924210	0.00000000
-3.15199986	-9.96924210	3.95238662
-3.14799986	-9.96924210	3.95238662
-3.14399986	-9.96924210	7.90477324
-3.13999986	-9.96924210	0.00000000
-3.13599986	-9.96924210	3.95238662
-3.13199986	-9.96924210	3.95238662
-3.12799986	-9.96924210	3.95238662
-3.12399986	-9.96924210	0.00000000
-3.11999986	-9.96924210	3.95238662
-3.11599986	-9.96924210	3.95238662
-3.11199986	-9.96924210	0.00000000
-3.10799986	-9.96924210	0.00000000
-3.10399986	-9.96924210	3.95238662
-3.09999986	-9.96924210	3.95238662
-3.09599986	-9.96924210	0.00000000
-3.09199986	-9.96924210	3.95238662
-3.08799986	-9.96924210	3.95238662
-3.08399986	-9.96924210	3.95238662
-3.07999986	-9.96924210	0.00000000
-3.07599986	-9.96924210	3.95238662
-3.07199986	-9.96924210	3.95238662
-3.06799986	-9.96924210	0.00000000
-3.06399986	-9.96924210	3.95238662
-3.05999986	-9.96924210	0.00000000
-3.05599986	-9.96924210	3.95238662
-3.05199986	-9.96924210	3.95238662
-3.04799986	-9.96924210	0.00000000
-3.04399986	-9.96924210	0.00000000
-3.03999986	-9.96924210	3.95238662
-3.03599986	-9.96924210	0.00000000
-3.03199986	-9.96924210	3.95238662
-3.02799986	-9.96924210	0.00000000
-3.02399986	-9.96924210	3.95238662
-3.01999986	-9.96924210	3.95238662
-3.01599986	-9.96924210	3.95238662
-3.01199986	-9.96924210	3.95238662
-3.00799986	-9.96924210	3.95238662
-3.00399986	-9.96924210	3.95238662
-2.99999986	-9.96924210	0.00000000
-2.99599986	-9.96924210	3.95238662
-2.99199986	-9.96924210	3.95238662
-2.98799986	-9.96924210	0.00000000
-2.98399986	-9.96924210	3.95238662
-2.97999986	-9.96924210	0.00000000
-2.97599986	-9.96924210	3.95238662
-2.97199986	-9.96924210	3.95238662
-2.96799986	-9.96924210	0.00000000
-2.96399986	-9.96924210	0.00000000
-2.95999986	-9.96924210	3.95238662
-2.95599986	-9.96924210	0.00000000
-2.95199986	-9.96924210	3.95238662
-2.94799986	-9.96924210	3.95238662
-2.94399986	-9.96924210	0.00000000
-2.93999986	-9.96924210	0.00000000
-2.93599986	-9.96924210	3.95238662
-2.93199986	-9.96924210	3.95238662
-2.92799986	-9.96924210	3.95238662
-2.92399986	-9.96924210	3.95238662
-2.91999986	-9.96924210	3.95238662
-2.91599986	-9.96924210	3.95238662
-2.91199986	-9.96924210	3.95238662
-2.90799986	-9.96924210	3.95238662
-2.90399986	-9.96924210	3.95238662
-2.89999986	-9.96924210	3.95238662
-2.89599986	-9.96924210	3.95238662
-2.89199986	-9.96924210	0.00000000
-2.88799986	-9.96924210	3.95238662
-2.88399986	-9.96924210	0.00000000
-2.87999986	-9.96924210	3.95238662
-2.87599986	-9.96924210	0.00000000
-2.87199986	-9.96924210	3.95238662
-2.86799986	-9.96924210	0.00000000
-2.86399986	-9.96924210	3.95238662
-2.85999986	-9.96924210	3.95238662
-2.85599987	-9.96924210	3.95238662
-2.85199987	-9.96924210	0.00000000
-2.84799987	-9.96924210	3.95238662
-2.84399987	-9.96924210	0.00000000
-2.83999987	-9.96924210	3.95238662
-2.83599987	-9.96924210	0.00000000
-2.83199987	-9.96924210	3.95238662
-2.82799987	-9.96924210	3.95238662
-2.82399987	-9.96924210	0.00000000
-2.81999987	-9.96924210	3.95238662
-2.81599987	-9.96924210	3.95238662
-2.81199987	-9.96924210	3.95238662
-2.80799987	-9.96924210	3.95238662
-2.80399987	-9.96924210	0.00000000
-2.79999987	-9.96924210	0.00000000
-2.79599987	-9.96924210	3.95238662
-2.79199987	-9.96924210	0.00000000
-2.78799987	-9.96924210	3.95238662
-2.78399987	-9.96924210	3.95238662
-2.77999987	-9.96924210	0.00000000
-2.77599987	-9.96924210	0.00000000
-2.77199987	-9.96924210	3.95238662
-2.76799987	-9.96924210	3.95238662
-2.76399987	-9.96924210	0.00000000
-2.75999987	-9.96924210	3.95238662
-2.75599987	-9.96924210	3.95238662
-2.75199987	-9.96924210	3.95238662
-2.74799987	-9.96924210	3.95238662
-2.74399987	-9.96924210	3.95238662
-2.73999987	-9.96924210	3.95238662
-2.73599987	-9.96924210	3.95238662
-2.73199987	-9.96924210	3.95238662
-2.72799987	-9.96924210	3.95238662
-2.72399987	-9.96924210	3.95238662
-2.71999987	-9.96924210	3.95238662
-2.71599987	-9.96924210	3.95238662
-2.71199987	-9.96924210	3.95238662
-2.70799987	-9.96924210	3.95238662
-2.70399987	-9.96924210	3.95238662
-2.69999987	-9.96924210	3.95238662
-2.69599987	-9.96924210	7.90477324
-2.69199987	-9.96924210	0.00000000
-2.68799987	-9.96924210	0.00000000
-2.68399987	-9.96924210	0.00000000
-2.67999987	-9.96924210	0.00000000
-2.67599987	-9.96924210	3.95238662
-2.67199987	-9.96924210	3.95238662
-2.66799987	-9.96924210	3.95238662
-2.66399987	-9.96924210	3.95238662
-2.65999987	-9.96924210	0.00000000
-2.65599987	-9.96924210	3.95238662
-2.65199987	-9.96924210	0.00000000
-2.64799987	-9.96924210	3.95238662
-2.64399987	-9.96924210	3.95238662
-2.63999987	-9.96924210	3.95238662
-2.63599987	-9.96924210	0.00000000
-2.63199987	-9.96924210	0.00000000
-2.62799987	-9.96924210	3.95238662
-2.62399987	-9.96924210	3.95238662
-2.61999987	-9.96924210	3.95238662
-2.61599987	-9.96924210	3.95238662
-2.61199987	-9.96924210	3.95238662
-2.60799987	-9.96924210	7.90477324
-2.60399987	-9.96924210	3.95238662
-2.59999987	-9.96924210	3.95238662
-2.59599987	-9.96924210	0.00000000
-2.59199987	-9.96924210	3.95238662
-2.58799987	-9.96924210	0.00000000
-2.58399987	-9.96924210	3.95238662
-2.57999987	-9.96924210	0.00000000
-2.57599987	-9.96924210	3.95238662
-2.57199987	-9.96924210	3.95238662
-2.56799987	-9.96924210	3.95238662
-2.56399987	-9.96924210	3.95238662
-2.55999987	-9.96924210	0.00000000
-2.55599987	-9.96924210	3.95238662
-2.55199987	-9.96924210	0.00000000
-2.54799987	-9.96924210	0.00000000
-2.54399987	-9.96924210	3.95238662
-2.53999987	-9.96924210	3.95238662
-2.53599987	-9.96924210	3.95238662
-2.53199987	-9.96924210	0.00000000
-2.52799987	-9.96924210	3.95238662
-2.52399987	-9.96924210	3.95238662
-2.51999987	-9.96924210	3.95238662
-2.51599987	-9.96924210	3.95238662
-2.51199987	-9.96924210	3.95238662
-2.50799987	-9.96924210	0.00000000
-2.50399988	-9.96924210	0.00000000
-2.49999988	-9.96924210	3.95238662
-2.49599988	-9.96924210	3.95238662
-2.49199988	-9.96924210	3.95238662
-2.48799988	-9.96924210	3.95238662
-2.48399988	-9.96924210	0.00000000
-2.47999988	-9.96924210	3.95238662
-2.47599988	-9.96924210	3.95238662
-2.47199988	-9.96924210	3.95238662
-2.46799988	-9.96924210	0.00000000
-2.46399988	-9.96924210	0.00000000
-2.45999988	-9.96924210	3.95238662
-2.45599988	-9.96924210	0.00000000
-2.45199988	-9.96924210	0.00000000
-2.44799988	-9.96924210	3.95238662
-2.44399988	-9.96924210	3.95238662
-2.43999988	-9.96924210	3.95238662
-2.43599988	-9.96924210	3.95238662
-2.43199988	-9.96924210	3.95238662
-2.42799988	-9.96924210	3.95238662
-2.42399988	-9.96924210	3.95238662
-2.41999988	-9.96924210	3.95238662
-2.41599988	-9.96924210	3.95238662
-2.41199988	-9.96924210	3.95238662
-2.40799988	-9.96924210	3.95238662
-2.40399988	-9.96924210	0.00000000
-2.39999988	-9.96924210	3.95238662
-2.39599988	-9.96924210	3.95238662
-2.39199988	-9.96924210	3.95238662
-2.38799988	-9.96924210	0.00000000
-2.38399988	-9.96924210	0.00000000
-2.37999988	-9.96924210	0.00000000
-2.37599988	-9.96924210	3.95238662
-2.37199988	-9.96924210	0.00000000
-2.36799988	-9.96924210	0.00000000
-2.36399988	-9.96924210	3.95238662
-2.35999988	-9.96924210	3.95238662
-2.35599988	-9.96924210	3.95238662
-2.35199988	-9.96924210	3.95238662
-2.34799988	-9.96924210	3.95238662
-2.34399988	-9.96924210	0.00000000
-2.33999988	-9.96924210	0.00000000
-2.33599988	-9.96924210	3.95238662
-2.33199988	-9.96924210	3.95238662
-2.32799988	-9.96924210	3.95238662
-2.32399988	-9.96924210	0.00000000
-2.31999988	-9.96924210	3.95238662
-2.31599988	-9.96924210	3.95238662
-2.31199988	-9.96924210	0.00000000
-2.30799988	-9.96924210	0.00000000
-2.30399988	-9.96924210	0.00000000
-2.29999988	-9.96924210	3.95238662
-2.29599988	-9.96924210	0.00000000
-2.29199988	-9.96924210	3.95238662
-2.28799988	-9.96924210	3.95238662
-2.28399988	-9.96924210	3.95238662
-2.27999988	-9.96924210	0.00000000
-2.27599988	-9.96924210	0.00000000
-2.27199988	-9.96924210	3.95238662
-2.26799988	-9.96924210	0.00000000
-2.26399988	-9.96924210	3.95238662
-2.25999988	-9.96924210	0.00000000
-2.25599988	-9.96924210	3.95238662
-2.25199988	-9.96924210	3.95238662
-2.24799988	-9.96924210	3.95238662
-2.24399988	-9.96924210	3.95238662
-2.23999988	-9.96924210	0.00000000
-2.23599988	-9.96924210	3.95238662
-2.23199988	-9.96924210	0.00000000
-2.22799988	-9.96924210	3.95238662
-2.22399988	-9.96924210	0.00000000
-2.21999988	-9.96924210	3.95238662
-2.21599988	-9.96924210	0.00000000
-2.21199988	-9.96924210	0.00000000
-2.20799988	-9.96924210	3.95238662
-2.20399988	-9.96924210	3.95238662
-2.19999988	-9.96924210	7.90477324
-2.19599988	-9.96924210	0.00000000
-2.19199988	-9.96924210	3.95238662
-2.18799988	-9.96924210	0.00000000
-2.18399988	-9.96924210	3.95238662
-2.17999988	-9.96924210	0.00000000
-2.17599988	-9.96924210	3.95238662
-2.17199988	-9.96924210	0.00000000
-2.16799988	-9.96924210	3.95238662
-2.16399988	-9.96924210	3.95238662
-2.15999988	-9.96924210	3.95238662
-2.15599988	-9.96924210	3.95238662
-2.15199988	-9.96924210	0.00000000
-2.14799989	-9.96924210	0.00000000
-2.14399989	-9.96924210	0.00000000
-2.13999989	-9.96924210	3.95238662
-2.13599989	-9.96924210	3.95238662
-2.13199989	-9.96924210	3.95238662
-2.12799989	-9.96924210	0.00000000
-2.12399989	-9.96924210	3.95238662
-2.11999989	-9.96924210	3.95238662
-2.11599989	-9.96924210	3.95238662
-2.11199989	-9.96924210	3.95238662
-2.10799989	-9.96924210	3.95238662
-2.10399989	-9.96924210	0.00000000
-2.09999989	-9.96924210	3.95238662
-2.09599989	-9.96924210	3.95238662
-2.09199989	-9.96924210	3.95238662
-2.08799989	-9.96924210	0.00000000
-2.08399989	-9.96924210	3.95238662
-2.07999989	-9.96924210	3.95238662
-2.07599989	-9.96924210	7.90477324
-2.07199989	-9.96924210	3.95238662
-2.06799989	-9.96924210	3.95238662
-2.06399989	-9.96924210	7.90477324
-2.05999989	-9.96924210	0.00000000
-2.05599989	-9.96924210	3.95238662
-2.05199989	-9.96924210	0.00000000
-2.04799989	-9.96924210	3.95238662
-2.04399989	-9.96924210	0.00000000
-2.03999989	-9.96924210	3.95238662
-2.03599989	-9.96924210	3.95238662
-2.03199989	-9.96924210	0.00000000
-2.02799989	-9.96924210	0.00000000
-2.02399989	-9.96924210	3.95238662
-2.01999989	-9.96924210	0.00000000
-2.01599989	-9.96924210	3.95238662
-2.01199989	-9.96924210	3.95238662
-2.00799989	-9.96924210	0.00000000
-2.00399989	-9.96924210	3.95238662
-1.99999989	-9.96924210	3.95238662
-1.99599989	-9.96924210	0.00000000
-1.99199989	-9.96924210	3.95238662
-1.98799989	-9.96924210	0.00000000
-1.98399989	-9.96924210	3.95238662
-1.97999989	-9.96924210	3.95238662
-1.97599989	-9.96924210	3.95238662
-1.97199989	-9.96924210	3.95238662
-1.96799989	-9.96924210	3.95238662
-1.96399989	-9.96924210	3.95238662
-1.95999989	-9.96924210	3.95238662
-1.95599989	-9.96924210	0.00000000
-1.95199989	-9.96924210	0.00000000
-1.94799989	-9.96924210	3.95238662
-1.94399989	-9.96924210	3.95238662
-1.93999989	-9.96924210	3.95238662
-1.93599989	-9.96924210	3.95238662
-1.93199989	-9.96924210	3.95238662
-1.92799989	-9.96924210	3.95238662
-1.92399989	-9.96924210	0.00000000
-1.91999989	-9.96924210	3.95238662
-1.91599989	-9.96924210	3.95238662
-1.91199989	-9.96924210	3.95238662
-1.90799989	-9.96924210	3.95238662
-1.90399989	-9.96924210	3.95238662
-1.89999989	-9.96924210	3.95238662
-1.89599989	-9.96924210	0.00000000
-1.89199989	-9.96924210	3.95238662
-1.88799989	-9.96924210	3.95238662
-1.88399989	-9.96924210	3.95238662
-1.87999989	-9.96924210	0.00000000
-1.87599989	-9.96924210	3.95238662
-1.87199989	-9.96924210	0.00000000
-1.86799989	-9.96924210	3.95238662
-1.86399989	-9.96924210	3.95238662
-1.85999989	-9.96924210	3.95238662
-1.85599989	-9.96924210	3.95238662
-1.85199989	-9.96924210	0.00000000
-1.84799989	-9.96924210	3.95238662
-1.84399989	-9.96924210	3.95238662
-1.83999989	-9.96924210	0.00000000
-1.83599989	-9.96924210	3.95238662
-1.83199989	-9.96924210	0.00000000
-1.82799989	-9.96924210	3.95238662
-1.82399989	-9.96924210	3.95238662
-1.81999989	-9.96924210	3.95238662
-1.81599989	-9.96924210	0.00000000
-1.81199989	-9.96924210	0.00000000
-1.80799989	-9.96924210	3.95238662
-1.80399989	-9.96924210	3.95238662
-1.79999989	-9.96924210	3.95238662
-1.79599990	-9.96924210	3.95238662
-1.79199990	-9.96924210	3.95238662
-1.78799990	-9.96924210	3.95238662
-1.78399990	-9.96924210	3.95238662
-1.77999990	-9.96924210	0.00000000
-1.77599990	-9.96924210	3.95238662
-1.77199990	-9.96924210	0.00000000
-1.76799990	-9.96924210	3.95238662
-1.76399990	-9.96924210	0.00000000
-1.75999990	-9.96924210	3.95238662
-1.75599990	-9.96924210	3.95238662
-1.75199990	-9.96924210	3.95238662
-1.74799990	-9.96924210	3.95238662
-1.74399990	-9.96924210	0.00000000
-1.73999990	-9.96924210	3.95238662
-1.73599990	-9.96924210	3.95238662
-1.73199990	-9.96924210	3.95238662
-1.72799990	-9.96924210	3.95238662
-1.72399990	-9.96924210	0.00000000
-1.71999990	-9.96924210	3.95238662
-1.71599990	-9.96924210	3.95238662
-1.71199990	-9.96924210	3.95238662
-1.70799990	-9.96924210	3.95238662
-1.70399990	-9.96924210	3.95238662
-1.69999990	-9.96924210	3.95238662
-1.69599990	-9.96924210	3.95238662
-1.69199990	-9.96924210	3.95238662
-1.68799990	-9.96924210	3.95238662
-1.68399990	-9.96924210	3.95238662
-1.67999990	-9.96924210	3.95238662
-1.67599990	-9.96924210	3.95238662
-1.67199990	-9.96924210	3.95238662
-1.66799990	-9.96924210	3.95238662
-1.66399990	-9.96924210	0.00000000
-1.65999990	-9.96924210	0.00000000
-1.65599990	-9.96924210	0.00000000
-1.65199990	-9.96924210	3.95238662
-1.64799990	-9.96924210	3.95238662
-1.64399990	-9.96924210	3.95238662
-1.63999990	-9.96924210	3.95238662
-1.63599990	-9.96924210	0.00000000
-1.63199990	-9.96924210	3.95238662
-1.62799990	-9.96924210	0.00000000
-1.62399990	-9.96924210	3.95238662
-1.61999990	-9.96924210	3.95238662
-1.61599990	-9.96924210	3.95238662
-1.61199990	-9.96924210	3.95238662
-1.60799990	-9.96924210	0.00000000
-1.60399990	-9.96924210	3.95238662
-1.59999990	-9.96924210	3.95238662
-1.59599990	-9.96924210	3.95238662
-1.59199990	-9.96924210	3.95238662
-1.58799990	-9.96924210	0.00000000
-1.58399990	-9.96924210	0.00000000
-1.57999990	-9.96924210	3.95238662
-1.57599990	-9.96924210	3.95238662
-1.57199990	-9.96924210	0.00000000
-1.56799990	-9.96924210	3.95238662
-1.56399990	-9.96924210	0.00000000
-1.55999990	-9.96924210	0.00000000
-1.55599990	-9.96924210	3.95238662
-1.55199990	-9.96924210	3.95238662
-1.54799990	-9.96924210	0.00000000
-1.54399990	-9.96924210	3.95238662
-1.53999990	-9.96924210	3.95238662
-1.53599990	-9.96924210	0.00000000
-1.53199990	-9.96924210	0.00000000
-1.52799990	-9.96924210	3.95238662
-1.52399990	-9.96924210	3.95238662
-1.51999990	-9.96924210	0.00000000
-1.51599990	-9.96924210	3.95238662
-1.51199990	-9.96924210	0.00000000
-1.50799990	-9.96924210	3.95238662
-1.50399990	-9.96924210	3.95238662
-1.49999990	-9.96924210	3.95238662
-1.49599990	-9.96924210	3.95238662
-1.49199990	-9.96924210	3.95238662
-1.48799990	-9.96924210	3.95238662
-1.48399990	-9.96924210	3.95238662
-1.47999990	-9.96924210	3.95238662
-1.47599990	-9.96924210	0.00000000
-1.47199990	-9.96924210	3.95238662
-1.46799990	-9.96924210	3.95238662
-1.46399990	-9.96924210	3.95238662
-1.45999990	-9.96924210	3.95238662
-1.45599990	-9.96924210	0.00000000
-1.45199990	-9.96924210	0.00000000
-1.44799990	-9.96924210	3.95238662
-1.44399990	-9.96924210	0.00000000
-1.43999991	-9.96924210	3.95238662
-1.43599991	-9.96924210	3.95238662
-1.43199991	-9.96924210	3.95238662
-1.42799991	-9.96924210	3.95238662
-1.42399991	-9.96924210	3.95238662
-1.41999991	-9.96924210	3.95238662
-1.41599991	-9.96924210	3.95238662
-1.41199991	-9.96924210	0.00000000
-1.40799991	-9.96924210	3.95238662
-1.40399991	-9.96924210	0.00000000
-1.39999991	-9.96924210	3.95238662
-1.39599991	-9.96924210	0.00000000
-1.39199991	-9.96924210	0.00000000
-1.38799991	-9.96924210	3.95238662
-1.38399991	-9.96924210	3.95238662
-1.37999991	-9.96924210	0.00000000
-1.37599991	-9.96924210	0.00000000
-1.37199991	-9.96924210	0.00000000
-1.36799991	-9.96924210	0.00000000
-1.36399991	-9.96924210	0.00000000
-1.35999991	-9.96924210	3.95238662
-1.35599991	-9.96924210	0.00000000
-1.35199991	-9.96924210	3.95238662
-1.34799991	-9.96924210	3.95238662
-1.34399991	-9.96924210	0.00000000
-1.33999991	-9.96924210	3.95238662
-1.33599991	-9.96924210	3.95238662
-1.33199991	-9.96924210	0.00000000
-1.32799991	-9.96924210	0.00000000
-1.32399991	-9.96924210	3.95238662
-1.31999991	-9.96924210	3.95238662
-1.31599991	-9.96924210	3.95238662
-1.31199991	-9.96924210	0.00000000
-1.30799991	-9.96924210	0.00000000
-1.30399991	-9.96924210	0.00000000
-1.29999991	-9.96924210	0.00000000
-1.29599991	-9.96924210	3.95238662
-1.29199991	-9.96924210	3.95238662
-1.28799991	-9.96924210	0.00000000
-1.28399991	-9.96924210	3.95238662
-1.27999991	-9.96924210	3.95238662
-1.27599991	-9.96924210	3.95238662
-1.27199991	-9.96924210	0.00000000
-1.26799991	-9.96924210	3.95238662
-1.26399991	-9.96924210	3.95238662
-1.25999991	-9.96924210	0.00000000
-1.25599991	-9.96924210	0.00000000
-1.25199991	-9.96924210	3.95238662
-1.24799991	-9.96924210	3.95238662
-1.24399991	-9.96924210	7.90477324
-1.23999991	-9.96924210	3.95238662
-1.23599991	-9.96924210	3.95238662
-1.23199991	-9.96924210	0.00000000
-1.22799991	-9.96924210	0.00000000
-1.22399991	-9.96924210	3.95238662
-1.21999991	-9.96924210	3.95238662
-1.21599991	-9.96924210	3.95238662
-1.21199991	-9.96924210	3.95238662
-1.20799991	-9.96924210	3.95238662
-1.20399991	-9.96924210	3.95238662
-1.19999991	-9.96924210	0.00000000
-1.19599991	-9.96924210	7.90477324
-1.19199991	-9.96924210	3.95238662
-1.18799991	-9.96924210	3.95238662
-1.18399991	-9.96924210	3.95238662
-1.17999991	-9.96924210	0.00000000
-1.17599991	-9.96924210	3.95238662
-1.17199991	-9.96924210	3.95238662
-1.16799991	-9.96924210	3.95238662
-1.16399991	-9.96924210	3.95238662
-1.15999991	-9.96924210	3.95238662
-1.15599991	-9.96924210	0.00000000
-1.15199991	-9.96924210	0.00000000
-1.14799991	-9.96924210	0.00000000
-1.14399991	-9.96924210	3.95238662
-1.13999991	-9.96924210	3.95238662
-1.13599991	-9.96924210	3.95238662
-1.13199991	-9.96924210	3.95238662
-1.12799991	-9.96924210	3.95238662
-1.12399991	-9.96924210	3.95238662
-1.11999991	-9.96924210	3.95238662
-1.11599991	-9.96924210	3.95238662
-1.11199991	-9.96924210	0.00000000
-1.10799991	-9.96924210	0.00000000
-1.10399991	-9.96924210	0.00000000
-1.09999991	-9.96924210	0.00000000
-1.09599991	-9.96924210	0.00000000
-1.09199991	-9.96924210	3.95238662
-1.08799992	-9.96924210	3.95238662
-1.08399992	-9.96924210	3.95238662
-1.07999992	-9.96924210	3.95238662
-1.07599992	-9.96924210	3.95238662
-1.07199992	-9.96924210	3.95238662
-1.06799992	-9.96924210	0.00000000
-1.06399992	-9.96924210	0.00000000
-1.05999992	-9.96924210	3.95238662
-1.05599992	-9.96924210	3.95238662
-1.05199992	-9.96924210	3.95238662
-1.04799992	-9.96924210	0.00000000
-1.04399992	-9.96924210	3.95238662
-1.03999992	-9.96924210	3.95238662
-1.03599992	-9.96924210	3.95238662
-1.03199992	-9.96924210	3.95238662
-1.02799992	-9.96924210	3.95238662
-1.02399992	-9.96924210	3.95238662
-1.01999992	-9.96924210	3.95238662
-1.01599992	-9.96924210	3.95238662
-1.01199992	-9.96924210	0.00000000
-1.00799992	-9.96924210	3.95238662
-1.00399992	-9.96924210	3.95238662
-0.99999992	-9.96924210	3.95238662
-0.99599992	-9.96924210	0.00000000
-0.99199992	-9.96924210	7.90477324
-0.98799992	-9.96924210	3.95238662
-0.98399992	-9.96924210	3.95238662
-0.97999992	-9.96924210	3.95238662
-0.97599992	-9.96924210	3.95238662
-0.97199992	-9.96924210	3.95238662
-0.96799992	-9.96924210	3.95238662
-0.96399992	-9.96924210	0.00000000
-0.95999992	-9.96924210	3.95238662
-0.95599992	-9.96924210	3.95238662
-0.95199992	-9.96924210	3.95238662
-0.94799992	-9.96924210	0.00000000
-0.94399992	-9.96924210	3.95238662
-0.93999992	-9.96924210	3.95238662
-0.93599992	-9.96924210	3.95238662
-0.93199992	-9.96924210	3.95238662
-0.92799992	-9.96924210	0.00000000
-0.92399992	-9.96924210	0.00000000
-0.91999992	-9.96924210	0.00000000
-0.91599992	-9.96924210	3.95238662
-0.91199992	-9.96924210	0.00000000
-0.90799992	-9.96924210	3.95238662
-0.90399992	-9.96924210	3.95238662
-0.89999992	-9.96924210	3.95238662
-0.89599992	-9.96924210	3.95238662
-0.89199992	-9.96924210	3.95238662
-0.88799992	-9.96924210	0.00000000
-0.88399992	-9.96924210	0.00000000
-0.87999992	-9.96924210	3.95238662
-0.87599992	-9.96924210	3.95238662
-0.87199992	-9.96924210	3.95238662
-0.86799992	-9.96924210	3.95238662
-0.86399992	-9.96924210	3.95238662
-0.85999992	-9.96924210	3.95238662
-0.85599992	-9.96924210	0.00000000
-0.85199992	-9.96924210	0.00000000
-0.84799992	-9.96924210	3.95238662
-0.84399992	-9.96924210	3.95238662
-0.83999992	-9.96924210	0.00000000
-0.83599992	-9.96924210	0.00000000
-0.83199992	-9.96924210	3.95238662
-0.82799992	-9.96924210	3.95238662
-0.82399992	-9.96924210	3.95238662
-0.81999992	-9.96924210	0.00000000
-0.81599992	-9.96924210	3.95238662
-0.81199992	-9.96924210	3.95238662
-0.80799992	-9.96924210	3.95238662
-0.80399992	-9.96924210	0.00000000
-0.79999992	-9.96924210	3.95238662
-0.79599992	-9.96924210	0.00000000
-0.79199992	-9.96924210	3.95238662
-0.78799992	-9.96924210	0.00000000
-0.78399992	-9.96924210	0.00000000
-0.77999992	-9.96924210	3.95238662
-0.77599992	-9.96924210	3.95238662
-0.77199992	-9.96924210	0.00000000
-0.76799992	-9.96924210	3.95238662
-0.76399992	-9.96924210	3.95238662
-0.75999992	-9.96924210	3.95238662
-0.75599992	-9.96924210	0.00000000
-0.75199992	-9.96924210	3.95238662
-0.74799992	-9.96924210	3.95238662
-0.74399992	-9.96924210	0.00000000
-0.73999992	-9.96924210	3.95238662
-0.73599993	-9.96924210	3.95238662
-0.73199993	-9.96924210	0.00000000
-0.72799993	-9.96924210	3.95238662
-0.72399993	-9.96924210	3.95238662
-0.71999993	-9.96924210	3.95238662
-0.71599993	-9.96924210	3.95238662
-0.71199993	-9.96924210	3.95238662
-0.70799993	-9.96924210	0.00000000
-0.70399993	-9.96924210	3.95238662
-0.69999993	-9.96924210	3.95238662
-0.69599993	-9.96924210	0.00000000
-0.69199993	-9.96924210	3.95238662
-0.68799993	-9.96924210	0.00000000
-0.68399993	-9.96924210	3.95238662
-0.67999993	-9.96924210	3.95238662
-0.67599993	-9.96924210	0.00000000
-0.67199993	-9.96924210	3.95238662
-0.66799993	-9.96924210	0.00000000
-0.66399993	-9.96924210	3.95238662
-0.65999993	-9.96924210	0.00000000
-0.65599993	-9.96924210	0.00000000
-0.65199993	-9.96924210	3.95238662
-0.64799993	-9.96924210	3.95238662
-0.64399993	-9.96924210	0.00000000
-0.63999993	-9.96924210	0.00000000
-0.63599993	-9.96924210	3.95238662
-0.63199993	-9.96924210	3.95238662
-0.62799993	-9.96924210	3.95238662
-0.62399993	-9.96924210	3.95238662
-0.61999993	-9.96924210	0.00000000
-0.61599993	-9.96924210	3.95238662
-0.61199993	-9.96924210	3.95238662
-0.60799993	-9.96924210	3.95238662
-0.60399993	-9.96924210	3.95238662
-0.59999993	-9.96924210	3.95238662
-0.59599993	-9.96924210	0.00000000
-0.59199993	-9.96924210	3.95238662
-0.58799993	-9.96924210	3.95238662
-0.58399993	-9.96924210	3.95238662
-0.57999993	-9.96924210	3.95238662
-0.57599993	-9.96924210	3.95238662
-0.57199993	-9.96924210	3.95238662
-0.56799993	-9.96924210	3.95238662
-0.56399993	-9.96924210	3.95238662
-0.55999993	-9.96924210	3.95238662
-0.55599993	-9.96924210	3.95238662
-0.55199993	-9.96924210	3.95238662
-0.54799993	-9.96924210	3.95238662
-0.54399993	-9.96924210	0.00000000
-0.53999993	-9.96924210	0.00000000
-0.53599993	-9.96924210	3.95238662
-0.53199993	-9.96924210	0.00000000
-0.52799993	-9.96924210	3.95238662
-0.52399993	-9.96924210	3.95238662
-0.51999993	-9.96924210	3.95238662
-0.51599993	-9.96924210	3.95238662
-0.51199993	-9.96924210	7.90477324
-0.50799993	-9.96924210	0.00000000
-0.50399993	-9.96924210	3.95238662
-0.49999993	-9.96924210	0.00000000
-0.49599993	-9.96924210	3.95238662
-0.49199993	-9.96924210	0.00000000
-0.48799993	-9.96924210	3.95238662
-0.48399993	-9.96924210	0.00000000
-0.47999993	-9.96924210	3.95238662
-0.47599993	-9.96924210	3.95238662
-0.47199993	-9.96924210	0.00000000
-0.46799993	-9.96924210	3.95238662
-0.46399993	-9.96924210	3.95238662
-0.45999993	-9.96924210	3.95238662
-0.45599993	-9.96924210	3.95238662
-0.45199993	-9.96924210	3.95238662
-0.44799993	-9.96924210	3.95238662
-0.44399993	-9.96924210	3.95238662
-0.43999993	-9.96924210	3.95238662
-0.43599993	-9.96924210	0.00000000
-0.43199993	-9.96924210	3.95238662
-0.42799993	-9.96924210	3.95238662
-0.42399993	-9.96924210	0.00000000
-0.41999993	-9.96924210	0.00000000
-0.41599993	-9.96924210	3.95238662
-0.41199993	-9.96924210	3.95238662
-0.40799993	-9.96924210	3.95238662
-0.40399993	-9.96924210	3.95238662
-0.39999993	-9.96924210	7.90477324
-0.39599993	-9.96924210	3.95238662
-0.39199993	-9.96924210	3.95238662
-0.38799993	-9.96924210	3.95238662
-0.38399993	-9.96924210	3.95238662
-0.37999994	-9.96924210	3.95238662
-0.37599994	-9.96924210	3.95238662
-0.37199994	-9.96924210	3.95238662
-0.36799994	-9.96924210	3.95238662
-0.36399994	-9.96924210	3.95238662
-0.35999994	-9.96924210	0.00000000
-0.35599994	-9.96924210	0.00000000
-0.35199994	-9.96924210	3.95238662
-0.34799994	-9.96924210	0.00000000
-0.34399994	-9.96924210	3.95238662
-0.33999994	-9.96924210	3.95238662
-0.33599994	-9.96924210	3.95238662
-0.33199994	-9.96924210	3.95238662
-0.32799994	-9.96924210	3.95238662
-0.32399994	-9.96924210	0.00000000
-0.31999994	-9.96924210	3.95238662
-0.31599994	-9.96924210	3.95238662
-0.31199994	-9.96924210	3.95238662
-0.30799994	-9.96924210	0.00000000
-0.30399994	-9.96924210	3.95238662
-0.29999994	-9.96924210	3.95238662
-0.29599994	-9.96924210	3.95238662
-0.29199994	-9.96924210	0.00000000
-0.28799994	-9.96924210	3.95238662
-0.28399994	-9.96924210	0.00000000
-0.27999994	-9.96924210	0.00000000
-0.27599994	-9.96924210	0.00000000
-0.27199994	-9.96924210	3.95238662
-0.26799994	-9.96924210	3.95238662
-0.26399994	-9.96924210	3.95238662
-0.25999994	-9.96924210	3.95238662
-0.25599994	-9.96924210	3.95238662
-0.25199994	-9.96924210	3.95238662
-0.24799994	-9.96924210	0.00000000
-0.24399994	-9.96924210	3.95238662
-0.23999994	-9.96924210	3.95238662
-0.23599994	-9.96924210	3.95238662
-0.23199994	-9.96924210	3.95238662
-0.22799994	-9.96924210	0.00000000
-0.22399994	-9.96924210	3.95238662
-0.21999994	-9.96924210	3.95238662
-0.21599994	-9.96924210	3.95238662
-0.21199994	-9.96924210	3.95238662
-0.20799994	-9.96924210	3.95238662
-0.20399994	-9.96924210	3.95238662
-0.19999994	-9.96924210	3.95238662
-0.19599994	-9.96924210	0.00000000
-0.19199994	-9.96924210	3.95238662
-0.18799994	-9.96924210	0.00000000
-0.18399994	-9.96924210	3.95238662
-0.17999994	-9.96924210	3.95238662
-0.17599994	-9.96924210	3.95238662
-0.17199994	-9.96924210	3.95238662
-0.16799994	-9.96924210	0.00000000
-0.16399994	-9.96924210	0.00000000
-0.15999994	-9.96924210	3.95238662
-0.15599994	-9.96924210	0.00000000
-0.15199994	-9.96924210	3.95238662
-0.14799994	-9.96924210	3.95238662
-0.14399994	-9.96924210	3.95238662
-0.13999994	-9.96924210	3.95238662
-0.13599994	-9.96924210	3.95238662
-0.13199994	-9.96924210	3.95238662
-0.12799994	-9.96924210	0.00000000
-0.12399994	-9.96924210	3.95238662
-0.11999994	-9.96924210	3.95238662
-0.11599994	-9.96924210	0.00000000
-0.11199994	-9.96924210	0.00000000
-0.10799994	-9.96924210	3.95238662
-0.10399994	-9.96924210	3.95238662
-0.09999994	-9.96924210	3.95238662
-0.09599994	-9.96924210	3.95238662
-0.09199994	-9.96924210	0.00000000
-0.08799994	-9.96924210	3.95238662
-0.08399994	-9.96924210	3.95238662
-0.07999994	-9.96924210	3.95238662
-0.07599994	-9.96924210	0.00000000
-0.07199994	-9.96924210	3.95238662
-0.06799994	-9.96924210	3.95238662
-0.06399994	-9.96924210	3.95238662
-0.05999994	-9.96924210	3.95238662
-0.05599994	-9.96924210	3.95238662
-0.05199994	-9.96924210	0.00000000
-0.04799994	-9.96924210	3.95238662
-0.04399994	-9.96924210	3.95238662
-0.03999994	-9.96924210	3.95238662
-0.03599994	-9.96924210	0.00000000
-0.03199994	-9.96924210	3.95238662
-0.02799995	-9.96924210	3.95238662
-0.02399995	-9.96924210	3.95238662
-0.01999995	-9.96924210	0.00000000
-0.01599995	-9.96924210	3.95238662
-0.01199995	-9.96924210	0.00000000
-0.00799995	-9.96924210	7.90477324
-0.00399995	-9.96924210	7.90477324
0.00000005	-9.96924210	7.90477324
0.00400005	-9.96924210	3.95238662
0.00800005	-9.96924210	-7.90477324
0.01200005	-9.96924210	-3.95238662
0.01600005	-9.96924210	-7.90477324
0.02000005	-9.96924210	-3.95238662
0.02400005	-9.96924210	3.95238662
0.02800005	-9.96924210	3.95238662
0.03200005	-9.80868626	11.85715961
0.03600005	-9.96924210	7.90477324
0.04000005	-9.96924210	7.90477324
0.04400005	-9.96924210	11.85715961
0.04800005	-9.96924210	11.85715961
0.05200005	-9.96924210	7.90477324
0.05600005	-9.96924210	-3.95238662
0.06000005	-9.96924210	-7.90477324
0.06400005	-9.96924210	-7.90477324
0.06800005	-9.80868626	0.00000000
0.07200005	-9.96924210	3.95238662
0.07600005	-9.96924210	3.95238662
0.08000005	-9.96924210	7.90477324
0.08400005	-9.96924210	3.95238662
0.08800005	-9.96924210	3.95238662
0.09200005	-9.96924210	-3.95238662
0.09600005	-9.96924210	-3.95238662
0.10000005	-9.96924210	0.00000000
0.10400005	-9.96924210	0.00000000
0.10800005	-9.96924210	0.00000000
0.11200005	-9.96924210	3.95238662
0.11600005	-9.96924210	7.90477324
0.12000005	-9.96924210	7.90477324
0.12400005	-9.96924210	3.95238662
0.12800005	-9.96924210	3.95238662
0.13200005	-9.96924210	-3.95238662
0.13600005	-9.96924210	-7.90477324
0.14000005	-9.96924210	0.00000000
0.14400005	-9.96924210	3.95238662
0.14800005	-9.96924210	7.90477324
0.15200005	-9.96924210	7.90477324
0.15600005	-9.96924210	7.90477324
0.16000005	-9.96924210	7.90477324
0.16400005	-9.96924210	7.90477324
0.16800005	-9.96924210	3.95238662
0.17200005	-9.80868626	0.00000000
0.17600005	-9.96924210	0.00000000
0.18000005	-9.96924210	-3.95238662
0.18400005	-9.96924210	0.00000000
0.18800005	-9.96924210	0.00000000
0.19200005	-9.96924210	7.90477324
0.19600005	-9.96924210	7.90477324
0.20000005	-9.96924210	7.90477324
0.20400005	-9.96924210	3.95238662
0.20800005	-9.96924210	0.00000000
0.21200005	-9.96924210	0.00000000
0.21600005	-9.96924210	-3.95238662
0.22000005	-9.96924210	0.00000000
0.22400005	-9.96924210	3.95238662
0.22800005	-9.96924210	3.95238662
0.23200005	-9.80868626	7.90477324
0.23600005	-9.96924210	7.90477324
0.24000005	-9.96924210	7.90477324
0.24400005	-9.96924210	3.95238662
0.24800005	-9.96924210	0.00000000
0.25200005	-9.96924210	0.00000000
0.25600005	-9.96924210	0.00000000
0.26000005	-9.96924210	0.00000000
0.26400005	-9.96924210	0.00000000
0.26800005	-9.96924210	3.95238662
0.27200005	-9.80868626	3.95238662
0.27600005	-9.80868626	7.90477324
0.28000005	-9.96924210	7.90477324
0.28400005	-9.96924210	0.00000000
0.28800005	-9.96924210	3.95238662
0.29200005	-9.96924210	0.00000000
0.29600005	-9.96924210	0.00000000
0.30000005	-9.80868626	0.00000000
0.30400005	-9.80868626	3.95238662
0.30800005	-9.80868626	3.95238662
0.31200005	-9.80868626	7.90477324
0.31600005	-9.80868626	3.95238662
0.32000005	-9.80868626	3.95238662
0.32400005	-9.80868626	3.95238662
0.32800004	-9.80868626	3.95238662
0.33200004	-9.80868626	0.00000000
0.33600004	-9.80868626	0.00000000
0.34000004	-9.80868626	0.00000000
0.34400004	-9.80868626	0.00000000
0.34800004	-9.80868626	3.95238662
0.35200004	-9.80868626	0.00000000
0.35600004	-9.80868626	3.95238662
0.36000004	-9.80868626	0.00000000
0.36400004	-9.80868626	0.00000000
0.36800004	-9.80868626	0.00000000
0.37200004	-9.80868626	0.00000000
0.37600004	-9.80868626	0.00000000
0.38000004	-9.80868626	3.95238662
0.38400004	-9.80868626	3.95238662
0.38800004	-9.80868626	0.00000000
0.39200004	-9.80868626	3.95238662
0.39600004	-9.80868626	7.90477324
0.40000004	-9.80868626	3.95238662
0.40400004	-9.80868626	3.95238662
0.40800004	-9.80868626	3.95238662
0.41200004	-9.80868626	3.95238662
0.41600004	-9.80868626	3.95238662
0.42000004	-9.80868626	0.00000000
0.42400004	-9.64751434	3.95238662
0.42800004	-9.80868626	0.00000000
0.43200004	-9.64751434	3.95238662
0.43600004	-9.80868626	3.95238662
0.44000004	-9.80868626	3.95238662
0.44400004	-9.64751434	0.00000000
0.44800004	-9.64751434	0.00000000
0.45200004	-9.80868626	0.00000000
0.45600004	-9.64751434	0.00000000
0.46000004	-9.64751434	3.95238662
0.46400004	-9.64751434	3.95238662
0.46800004	-9.64751434	3.95238662
0.47200004	-9.64751434	7.90477324
0.47600004	-9.64751434	3.95238662
0.48000004	-9.64751434	3.95238662
0.48400004	-9.64751434	3.95238662
0.48800004	-9.64751434	3.95238662
0.49200004	-9.64751434	3.95238662
0.49600004	-9.64751434	0.00000000
0.50000004	-9.64751434	0.00000000
0.50400004	-9.64751434	3.95238662
0.50800004	-9.64751434	3.95238662
0.51200004	-9.64751434	3.95238662
0.51600004	-9.64751434	3.95238662
0.52000004	-9.64751434	3.95238662
0.52400004	-9.64751434	0.00000000
0.52800004	-9.64751434	3.95238662
0.53200004	-9.48695850	3.95238662
0.53600004	-9.64751434	3.95238662
0.54000004	-9.64751434	3.95238662
0.54400004	-9.48695850	3.95238662
0.54800004	-9.48695850	0.00000000
0.55200004	-9.48695850	3.95238662
0.55600004	-9.48695850	3.95238662
0.56000004	-9.48695850	3.95238662
0.56400004	-9.48695850	3.95238662
0.56800004	-9.48695850	3.95238662
0.57200004	-9.48695850	3.95238662
0.57600004	-9.48695850	3.95238662
0.58000004	-9.48695850	3.95238662
0.58400004	-9.48695850	3.95238662
0.58800004	-9.48695850	3.95238662
0.59200004	-9.48695850	3.95238662
0.59600004	-9.48695850	3.95238662
0.60000004	-9.48695850	3.95238662
0.60400004	-9.48695850	3.95238662
0.60800004	-9.48695850	3.95238662
0.61200004	-9.48695850	0.00000000
0.61600004	-9.48695850	3.95238662
0.62000004	-9.32640266	0.00000000
0.62400004	-9.32640266	3.95238662
0.62800004	-9.48695850	0.00000000
0.63200004	-9.32640266	3.95238662
0.63600004	-9.32640266	0.00000000
0.64000004	-9.32640266	3.95238662
0.64400004	-9.32640266	3.95238662
0.64800004	-9.32640266	0.00000000
0.65200004	-9.32640266	3.95238662
0.65600004	-9.32640266	3.95238662
0.66000004	-9.32640266	0.00000000
0.66400004	-9.32640266	3.95238662
0.66800004	-9.32640266	3.95238662
0.67200004	-9.32640266	3.95238662
0.67600004	-9.16523170	3.95238662
0.68000003	-9.16523170	0.00000000
0.68400003	-9.16523170	0.00000000
0.68800003	-9.16523170	0.00000000
0.69200003	-9.16523170	0.00000000
0.69600003	-9.16523170	0.00000000
0.70000003	-9.16523170	3.95238662
0.70400003	-9.16523170	3.95238662
0.70800003	-9.16523170	3.95238662
0.71200003	-9.16523170	3.95238662
0.71600003	-9.00467491	3.95238662
0.72000003	-9.00467491	0.00000000
0.72400003	-9.00467491	3.95238662
0.72800003	-9.00467491	0.00000000
0.73200003	-9.00467491	0.00000000
0.73600003	-9.00467491	3.95238662
0.74000003	-9.00467491	3.95238662
0.74400003	-8.84350395	3.95238662
0.74800003	-8.84350395	3.95238662
0.75200003	-8.84350395	3.95238662
0.75600003	-8.84350395	3.95238662
0.76000003	-8.84350395	3.95238662
0.76400003	-8.68294811	3.95238662
0.76800003	-8.68294811	3.95238662
0.77200003	-8.68294811	3.95238662
0.77600003	-8.52239132	0.00000000
0.78000003	-8.52239132	0.00000000
0.78400003	-8.36122036	3.95238662
0.78800003	-8.20066452	3.95238662
0.79200003	-8.03949261	7.90477324
0.79600003	-7.87893677	7.90477324
0.80000003	-7.39665365	7.90477324
0.80400003	-7.07492638	11.85715961
0.80800003	-6.43147135	19.77731133
0.81200003	-5.62746048	31.64985275
0.81600003	-4.66289377	43.52238846
0.82000003	-3.69832683	47.47477722
0.82400003	-2.73314476	39.55462265
0.82800003	-2.09030509	11.85715961
0.83200003	-1.92913389	-31.64985275
0.83600003	-1.76857769	-51.42716217
0.84000003	-1.28629434	-39.55462265
0.84400003	-0.96456695	-3.95238662
0.84800003	-1.12512302	27.69746399
0.85200003	-1.60740650	35.60223770
0.85600003	-1.44685042	31.64985275
0.86000003	-0.64283955	3.95238662
0.86400003	0.16055611	-27.69746399
0.86800003	0.32111222	-59.34731293
0.87200003	0.00000000	-71.21984863
0.87600003	0.16055611	-55.39492798
0.88000003	0.96456695	-19.77731133
0.88400003	1.76857769	0.00000000
0.88800003	1.44685042	15.82492638
0.89200003	0.16055611	39.55462265
0.89600003	-0.48228347	55.39492798
0.90000003	0.00000000	47.47477722
0.90400003	0.00000000	31.64985275
0.90800003	-0.64283955	3.95238662
0.91200003	-1.12512302	-35.60223770
0.91600003	-0.96456695	-51.42716217
0.92000003	-0.48228347	-39.55462265
0.92400003	0.32111222	3.95238662
0.92800003	0.64283955	55.39492798
0.93200003	0.64283955	87.04477692
0.93600003	0.80339569	79.12462616
0.94000003	1.28629434	55.39492798
0.94400003	1.76857769	11.85715961
0.94800003	2.09030509	-23.72970009
0.95200003	2.09030509	-39.55462265
0.95600003	1.60740650	-43.52238846
0.96000003	1.44685042	-43.52238846
0.96400003	1.44685042	-11.85715961
0.96800003	1.44685042	3.95238662
0.97200003	1.28629434	7.90477324
0.97600003	0.96456695	19.77731133
0.98000003	0.80339569	11.85715961
0.98400003	1.12512302	-15.82492638
0.98800003	1.12512302	-35.60223770
0.99200003	0.96456695	-43.52238846
0.99600003	1.12512302	-43.52238846
1.00000003	1.76857769	-27.69746399
1.00400003	1.92913389	19.77731133
1.00800003	1.76857769	51.42716217
1.01200003	2.09030509	43.52238846
1.01600003	3.05487204	27.69746399
1.02000003	3.21542811	35.60223770
1.02400003	2.73314476	35.60223770
1.02800003	2.73314476	11.85715961
1.03200002	3.69832683	-3.95238662
1.03600002	3.69832683	0.00000000
1.04000002	2.57258868	0.00000000
1.04400002	2.25086117	3.95238662
1.04800002	2.57258868	7.90477324
1.05200002	3.37659931	3.95238662
1.05600002	3.05487204	0.00000000
1.06000002	2.57258868	-15.82492638
1.06400002	2.89431596	-35.60223770
1.06800002	3.53715539	-31.64985275
1.07200002	3.37659931	-23.72970009
1.07600002	3.05487204	-11.85715961
1.08000002	3.69832683	7.90477324
1.08400002	4.01943874	27.69746399
1.08800002	4.01943874	51.42716217
1.09200002	4.18061018	51.42716217
1.09600002	4.50233746	47.47477722
1.10000002	4.98462105	31.64985275
1.10400002	4.98462105	11.85715961
1.10800002	5.30634832	-11.85715961
1.11200002	5.46690464	-27.69746399
1.11600002	5.94918776	-19.77731133
1.12000002	6.59264278	-15.82492638
1.12400002	6.59264278	-3.95238662
1.12800002	6.91437006	15.82492638
1.13200002	7.39665365	15.82492638
1.13600002	9.48695850	-15.82492638
1.14000002	10.77325249	-23.72970009
1.14400002	9.64751434	15.82492638
1.14800002	9.32640266	19.77731133
1.15200002	10.77325249	-15.82492638
1.15600002	13.82874012	-11.85715961
1.16000002	13.18528557	0.00000000
1.16400002	11.09498024	23.72970009
1.16800002	11.25553608	27.69746399
1.17200002	12.54244614	7.90477324
1.17600002	13.50701237	3.95238662
1.18000002	12.38127422	-19.77731133
1.18400002	12.05954742	-47.47477722
1.18800002	12.86355782	-39.55462265
1.19200002	13.34645653	-7.90477324
1.19600002	12.54244614	15.82492638
1.20000002	12.05954742	35.60223770
1.20400002	12.70300198	35.60223770
1.20800002	13.02472973	35.60223770
1.21200002	12.70300198	31.64985275
1.21600002	12.86355782	19.77731133
1.22000002	14.47157955	0.00000000
1.22400002	14.63275051	11.85715961
1.22800002	13.50701237	23.72970009
1.23200002	12.86355782	3.95238662
1.23600002	13.02472973	3.95238662
1.24000002	13.66756916	0.00000000
1.24400002	12.86355782	-11.85715961
1.24800002	11.89899063	3.95238662
1.25200002	11.73843479	0.00000000
1.25600002	12.38127422	-27.69746399
1.26000002	12.54244614	-23.72970009
1.26400002	12.22071838	-23.72970009
1.26800002	12.05954742	-19.77731133
1.27200002	12.22071838	27.69746399
1.27600002	12.38127422	51.42716217
1.28000002	12.38127422	51.42716217
1.28400002	12.05954742	55.39492798
1.28800002	12.22071838	23.72970009
1.29200002	12.05954742	-7.90477324
1.29600002	11.73843479	7.90477324
1.30000002	11.25553608	0.00000000
1.30400002	11.09498024	-27.69746399
1.30800002	11.25553608	-27.69746399
1.31200002	11.09498024	-11.85715961
1.31600002	10.61269665	0.00000000
1.32000002	10.45152569	15.82492638
1.32400002	10.61269665	23.72970009
1.32800002	10.45152569	19.77731133
1.33200002	9.64751434	19.77731133
1.33600002	9.48695850	7.90477324
1.34000002	9.32640266	-3.95238662
1.34400002	9.00467491	0.00000000
1.34800002	8.68294811	-3.95238662
1.35200002	8.52239132	0.00000000
1.35600002	8.84350395	15.82492638
1.36000002	8.84350395	27.69746399
1.36400002	8.03949261	35.60223770
1.36800002	7.07492638	31.64985275
1.37200002	6.91437006	15.82492638
1.37600002	6.91437006	11.85715961
1.38000002	6.75319862	7.90477324
1.38400002	6.27091551	3.95238662
1.38800001	5.62746048	7.90477324
1.39200001	5.14517736	23.72970009
1.39600001	4.50233746	27.69746399
1.40000001	3.69832683	15.82492638
1.40400001	3.21542811	11.85715961
1.40800001	2.89431596	7.90477324
1.41200001	2.25086117	7.90477324
1.41600001	1.76857769	7.90477324
1.42000001	1.28629434	0.00000000
1.42400001	0.96456695	0.00000000
1.42800001	0.00000000	7.90477324
1.43200001	-1.12512302	15.82492638
1.43600001	-1.76857769	19.77731133
1.44000001	-1.92913389	19.77731133
1.44400001	-2.25086117	23.72970009
1.44800001	-3.69832683	23.72970009
1.45200001	-4.66289377	11.85715961
1.45600001	-4.82344961	3.95238662
1.46000001	-4.82344961	3.95238662
1.46400001	-4.66289377	0.00000000
1.46800001	-5.30634832	3.95238662
1.47200001	-6.59264278	31.64985275
1.47600001	-7.55720949	59.34731293
1.48000001	-8.20066452	47.47477722
1.48400001	-8.68294811	35.60223770
1.48800001	-9.80868626	23.72970009
1.49200001	-10.77325249	7.90477324
1.49600001	-11.09498024	0.00000000
1.50000001	-10.45152569	3.95238662
1.50400001	-9.48695850	0.00000000
1.50800001	-9.80868626	23.72970009
1.51200001	-10.45152569	43.52238846
1.51600001	-11.09498024	51.42716217
1.52000001	-10.77325249	51.42716217
1.52400001	-9.96924210	35.60223770
1.52800001	-10.29096985	23.72970009
1.53200001	-11.09498024	19.77731133
1.53600001	-11.41670799	11.85715961
1.54000001	-10.61269665	-7.90477324
1.54400001	-9.96924210	-11.85715961
1.54800001	-9.96924210	3.95238662
1.55200001	-10.29096985	19.77731133
1.55600001	-10.61269665	47.47477722
1.56000001	-10.61269665	55.39492798
1.56400001	-10.77325249	35.60223770
1.56800001	-10.61269665	19.77731133
1.57200001	-9.64751434	-3.95238662
1.57600001	-9.32640266	-7.90477324
1.58000001	-9.96924210	19.77731133
1.58400001	-11.41670799	35.60223770
1.58800001	-11.57726383	27.69746399
1.59200001	-10.29096985	23.72970009
1.59600001	-9.16523170	31.64985275
1.60000001	-9.32640266	59.34731293
1.60400001	-10.29096985	79.12462616
1.60800001	-10.93442440	71.21984863
1.61200001	-11.09498024	43.52238846
1.61600001	-10.93442440	15.82492638
1.62000001	-10.77325249	-3.95238662
1.62400001	-10.45152569	7.90477324
1.62800001	-10.13041306	39.55462265
1.63200001	-10.13041306	55.39492798
1.63600001	-10.77325249	43.52238846
1.64000001	-11.41670799	27.69746399
1.64400001	-11.41670799	3.95238662
1.64800001	-10.77325249	7.90477324
1.65200001	-10.13041306	27.69746399
1.65600001	-10.13041306	27.69746399
1.66000001	-10.61269665	19.77731133
1.66400001	-10.93442440	11.85715961
1.66800001	-10.93442440	7.90477324
1.67200001	-10.93442440	23.72970009
1.67600001	-10.77325249	43.52238846
1.68000001	-10.45152569	55.39492798
1.68400001	-10.13041306	59.34731293
1.68800001	-10.29096985	59.34731293
1.69200001	-10.61269665	35.60223770
1.69600001	-11.25553608	27.69746399
1.70000001	-11.25553608	27.69746399
1.70400001	-10.45152569	39.55462265
1.70800001	-9.96924210	47.47477722
1.71200001	-9.96924210	59.34731293
1.71600001	-10.45152569	51.42716217
1.72000001	-11.09498024	51.42716217
1.72400001	-11.09498024	51.42716217
1.72800001	-10.77325249	39.55462265
1.73200001	-10.29096985	27.69746399
1.73600001	-10.13041306	23.72970009
1.74000000	-10.29096985	15.82492638
1.74400000	-10.61269665	27.69746399
1.74800000	-10.77325249	39.55462265
1.75200000	-10.61269665	31.64985275
1.75600000	-10.45152569	31.64985275
1.76000000	-10.13041306	39.55462265
1.76400000	-9.80868626	39.55462265
1.76800000	-9.80868626	39.55462265
1.77200000	-10.77325249	43.52238846
1.77600000	-11.09498024	31.64985275
1.78000000	-10.61269665	15.82492638
1.78400000	-9.96924210	23.72970009
1.78800000	-9.64751434	31.64985275
1.79200000	-9.64751434	43.52238846
1.79600000	-10.29096985	63.29970551
1.80000000	-11.09498024	71.21984863
1.80400000	-11.09498024	55.39492798
1.80800000	-10.77325249	39.55462265
1.81200000	-10.45152569	31.64985275
1.81600000	-10.13041306	43.52238846
1.82000000	-10.29096985	63.29970551
1.82400000	-10.61269665	75.17224121
1.82800000	-11.25553608	67.26746368
1.83200000	-11.57726383	55.39492798
1.83600000	-11.25553608	35.60223770
1.84000000	-10.29096985	31.64985275
1.84400000	-9.96924210	51.42716217
1.84800000	-10.45152569	59.34731293
1.85200000	-11.41670799	43.52238846
1.85600000	-11.73843479	31.64985275
1.86000000	-11.25553608	15.82492638
1.86400000	-10.45152569	11.85715961
1.86800000	-10.13041306	35.60223770
1.87200000	-10.29096985	63.29970551
1.87600000	-10.77325249	71.21984863
1.88000000	-11.25553608	63.29970551
1.88400000	-11.25553608	43.52238846
1.88800000	-11.09498024	23.72970009
1.89200000	-10.29096985	15.82492638
1.89600000	-9.80868626	39.55462265
1.90000000	-10.13041306	59.34731293
1.90400000	-10.93442440	59.34731293
1.90800000	-11.41670799	39.55462265
1.91200000	-11.09498024	27.69746399
1.91600000	-10.29096985	35.60223770
1.92000000	-9.96924210	59.34731293
1.92400000	-10.13041306	79.12462616
1.92800000	-10.61269665	83.09239197
1.93200000	-11.09498024	59.34731293
1.93600000	-11.41670799	47.47477722
1.94000000	-11.09498024	39.55462265
1.94400000	-10.45152569	43.52238846
1.94800000	-10.13041306	63.29970551
1.95200000	-10.45152569	79.12462616
1.95600000	-11.25553608	71.21984863
1.96000000	-11.57726383	55.39492798
1.96400000	-11.25553608	35.60223770
1.96800000	-10.61269665	35.60223770
1.97200000	-10.45152569	51.42716217
1.97600000	-10.61269665	63.29970551
1.98000000	-10.77325249	59.34731293
1.98400000	-11.09498024	51.42716217
1.98800000	-11.09498024	39.55462265
1.99200000	-11.09498024	39.55462265
1.99600000	-10.93442440	55.39492798
2.00000000	-10.45152569	67.26746368
2.00400000	-10.29096985	63.29970551
2.00800000	-10.77325249	51.42716217
2.01200000	-11.09498024	39.55462265
2.01600000	-11.09498024	35.60223770
2.02000000	-10.93442440	47.47477722
2.02400000	-10.61269665	63.29970551
2.02800000	-10.61269665	63.29970551
2.03200000	-10.45152569	63.29970551
2.03600000	-10.61269665	59.34731293
2.04000000	-10.77325249	59.34731293
2.04400000	-10.77325249	63.29970551
2.04800000	-10.77325249	67.26746368
2.05200000	-10.61269665	67.26746368
2.05600000	-10.61269665	59.34731293
2.06000000	-10.45152569	55.39492798
2.06400000	-10.61269665	55.39492798
2.06800000	-10.77325249	63.29970551
2.07200000	-10.93442440	71.21984863
2.07600000	-10.93442440	71.21984863
2.08000000	-10.61269665	67.26746368
2.08400000	-10.45152569	55.39492798
2.08800000	-10.61269665	59.34731293
2.09200000	-10.77325249	59.34731293
2.09599999	-10.93442440	67.26746368
2.09999999	-10.93442440	63.29970551
2.10399999	-10.93442440	51.42716217
2.10799999	-10.77325249	43.52238846
2.11199999	-10.61269665	55.39492798
2.11599999	-10.61269665	59.34731293
2.11999999	-10.77325249	63.29970551
2.12399999	-11.09498024	67.26746368
2.12799999	-11.09498024	59.34731293
2.13199999	-10.77325249	51.42716217
2.13599999	-10.45152569	59.34731293
2.13999999	-10.45152569	63.29970551
2.14399999	-10.61269665	75.17224121
2.14799999	-10.93442440	79.12462616
2.15199999	-10.93442440	71.21984863
2.15599999	-10.77325249	55.39492798
2.15999999	-10.77325249	59.34731293
2.16399999	-10.61269665	63.29970551
2.16799999	-10.61269665	75.17224121
2.17199999	-10.77325249	79.12462616
2.17599999	-10.77325249	71.21984863
2.17999999	-11.09498024	59.34731293
2.18399999	-10.93442440	59.34731293
2.18799999	-10.77325249	63.29970551
2.19199999	-10.61269665	75.17224121
2.19599999	-10.77325249	83.09239197
2.19999999	-10.77325249	71.21984863
2.20399999	-10.93442440	63.29970551
2.20799999	-10.93442440	63.29970551
2.21199999	-10.93442440	67.26746368
2.21599999	-10.77325249	71.21984863
2.21999999	-10.61269665	75.17224121
2.22399999	-10.61269665	71.21984863
2.22799999	-10.93442440	67.26746368
2.23199999	-10.93442440	63.29970551
2.23599999	-10.77325249	59.34731293
2.23999999	-10.61269665	63.29970551
2.24399999	-10.61269665	67.26746368
2.24799999	-10.77325249	67.26746368
2.25199999	-10.61269665	67.26746368
2.25599999	-10.77325249	67.26746368
2.25999999	-10.93442440	67.26746368
2.26399999	-11.09498024	71.21984863
2.26799999	-10.77325249	75.17224121
2.27199999	-10.45152569	79.12462616
2.27599999	-10.45152569	79.12462616
2.27999999	-10.93442440	79.12462616
2.28399999	-11.09498024	75.17224121
2.28799999	-10.93442440	75.17224121
2.29199999	-10.93442440	79.12462616
2.29599999	-10.77325249	71.21984863
2.29999999	-10.61269665	75.17224121
2.30399999	-10.61269665	75.17224121
2.30799999	-10.61269665	75.17224121
2.31199999	-10.93442440	79.12462616
2.31599999	-11.09498024	71.21984863
2.31999999	-11.09498024	75.17224121
2.32399999	-10.93442440	75.17224121
2.32799999	-10.61269665	79.12462616
2.33199999	-10.77325249	79.12462616
2.33599999	-10.93442440	79.12462616
2.33999999	-10.93442440	75.17224121
2.34399999	-10.93442440	71.21984863
2.34799999	-10.77325249	67.26746368
2.35199999	-10.93442440	67.26746368
2.35599999	-10.77325249	67.26746368
2.35999999	-10.77325249	71.21984863
2.36399999	-10.77325249	71.21984863
2.36799999	-10.93442440	79.12462616
2.37199999	-11.09498024	79.12462616
2.37599999	-10.77325249	75.17224121
2.37999999	-10.61269665	79.12462616
2.38399999	-10.45152569	87.04477692
2.38799999	-10.61269665	87.04477692
2.39199999	-10.77325249	83.09239197
2.39599999	-10.77325249	79.12462616
2.39999999	-10.77325249	75.17224121
2.40399999	-10.61269665	79.12462616
2.40799999	-10.61269665	75.17224121
2.41199999	-10.61269665	79.12462616
2.41599999	-10.77325249	83.09239197
2.41999999	-10.77325249	83.09239197
2.42399999	-10.77325249	79.12462616
2.42799999	-10.61269665	79.12462616
2.43199999	-10.61269665	83.09239197
2.43599999	-10.61269665	79.12462616
2.43999999	-10.61269665	79.12462616
2.44399999	-10.61269665	83.09239197
2.44799998	-10.77325249	79.12462616
2.45199998	-10.77325249	79.12462616
2.45599998	-10.77325249	79.12462616
2.45999998	-10.77325249	87.04477692
2.46399998	-10.61269665	94.96492767
2.46799998	-10.77325249	94.96492767
2.47199998	-10.93442440	90.99716187
2.47599998	-10.93442440	87.04477692
2.47999998	-10.77325249	83.09239197
2.48399998	-10.61269665	83.09239197
2.48799998	-10.61269665	83.09239197
2.49199998	-10.77325249	79.12462616
2.49599998	-10.93442440	79.12462616
2.49999998	-10.93442440	79.12462616
2.50399998	-10.93442440	83.09239197
2.50799998	-10.77325249	87.04477692
2.51199998	-10.61269665	90.99716187
2.51599998	-10.61269665	94.96492767
2.51999998	-10.61269665	90.99716187
2.52399998	-10.77325249	90.99716187
2.52799998	-10.93442440	87.04477692
2.53199998	-10.77325249	79.12462616
2.53599998	-10.61269665	79.12462616
2.53999998	-10.61269665	79.12462616
2.54399998	-10.61269665	83.09239197
2.54799998	-10.61269665	87.04477692
2.55199998	-10.77325249	87.04477692
2.55599998	-10.61269665	87.04477692
2.55999998	-10.61269665	87.04477692
2.56399998	-10.45152569	94.96492767
2.56799998	-10.61269665	98.91731262
2.57199998	-10.61269665	98.91731262
2.57599998	-10.61269665	90.99716187
2.57999998	-10.61269665	87.04477692
2.58399998	-10.61269665	87.04477692
2.58799998	-10.61269665	87.04477692
2.59199998	-10.61269665	87.04477692
2.59599998	-10.77325249	94.96492767
2.59999998	-10.93442440	94.96492767
2.60399998	-10.77325249	87.04477692
2.60799998	-10.45152569	87.04477692
2.61199998	-10.45152569	90.99716187
2.61599998	-10.61269665	94.96492767
2.61999998	-10.77325249	94.96492767
2.62399998	-10.93442440	94.96492767
2.62799998	-10.77325249	87.04477692
2.63199998	-10.61269665	79.12462616
2.63599998	-10.45152569	87.04477692
2.63999998	-10.45152569	98.91731262
2.64399998	-10.61269665	98.91731262
2.64799998	-10.77325249	94.96492767
2.65199998	-10.77325249	94.96492767
2.65599998	-10.77325249	87.04477692
2.65999998	-10.61269665	90.99716187
2.66399998	-10.45152569	94.96492767
2.66799998	-10.45152569	98.91731262
2.67199998	-10.77325249	98.91731262
2.67599998	-10.77325249	94.96492767
2.67999998	-10.77325249	87.04477692
2.68399998	-10.61269665	90.99716187
2.68799998	-10.45152569	98.91731262
2.69199998	-10.45152569	102.86970520
2.69599998	-10.61269665	102.86970520
2.69999998	-10.77325249	98.91731262
2.70399998	-10.77325249	94.96492767
2.70799998	-10.77325249	90.99716187
2.71199998	-10.77325249	98.91731262
2.71599998	-10.61269665	98.91731262
2.71999998	-10.45152569	102.86970520
2.72399998	-10.61269665	102.86970520
2.72799998	-10.77325249	98.91731262
2.73199998	-10.93442440	94.96492767
2.73599998	-10.77325249	98.91731262
2.73999998	-10.61269665	98.91731262
2.74399998	-10.45152569	98.91731262
2.74799998	-10.45152569	98.91731262
2.75199998	-10.77325249	94.96492767
2.75599998	-10.93442440	94.96492767
2.75999998	-10.93442440	94.96492767
2.76399998	-10.61269665	94.96492767
2.76799998	-10.61269665	94.96492767
2.77199998	-10.61269665	94.96492767
2.77599998	-10.61269665	98.91731262
2.77999998	-10.61269665	98.91731262
2.78399998	-10.77325249	102.86970520
2.78799998	-10.93442440	102.86970520
2.79199998	-10.93442440	102.86970520
2.79599998	-10.61269665	102.86970520
2.79999997	-10.45152569	102.86970520
2.80399997	-10.61269665	106.83747101
2.80799997	-10.93442440	106.83747101
2.81199997	-10.93442440	102.86970520
2.81599997	-10.93442440	102.86970520
2.81999997	-10.77325249	98.91731262
2.82399997	-10.61269665	94.96492767
2.82799997	-10.61269665	98.91731262
2.83199997	-10.77325249	106.83747101
2.83599997	-10.93442440	106.83747101
2.83999997	-11.09498024	106.83747101
2.84399997	-10.93442440	102.86970520
2.84799997	-10.61269665	102.86970520
2.85199997	-10.29096985	106.83747101
2.85599997	-10.29096985	110.78985596
2.85999997	-10.61269665	106.83747101
2.86399997	-10.93442440	102.86970520
2.86799997	-10.93442440	94.96492767
2.87199997	-10.77325249	87.04477692
2.87599997	-10.45152569	87.04477692
2.87999997	-10.29096985	98.91731262
2.88399997	-10.61269665	106.83747101
2.88799997	-10.93442440	110.78985596
2.89199997	-11.09498024	110.78985596
2.89599997	-10.93442440	106.83747101
2.89999997	-10.93442440	106.83747101
2.90399997	-10.77325249	110.78985596
2.90799997	-10.61269665	114.74224091
2.91199997	-10.45152569	118.69462585
2.91599997	-10.77325249	118.69462585
2.91999997	-11.25553608	110.78985596
2.92399997	-11.25553608	102.86970520
2.92799997	-10.93442440	102.86970520
2.93199997	-10.61269665	106.83747101
2.93599997	-10.61269665	110.78985596
2.93999997	-10.77325249	110.78985596
2.94399997	-10.93442440	106.83747101
2.94799997	-11.09498024	102.86970520
2.95199997	-11.09498024	106.83747101
2.95599997	-10.93442440	106.83747101
2.95999997	-10.61269665	110.78985596
2.96399997	-10.45152569	110.78985596
2.96799997	-10.61269665	110.78985596
2.97199997	-10.93442440	110.78985596
2.97599997	-10.93442440	106.83747101
2.97999997	-10.93442440	102.86970520
2.98399997	-10.77325249	110.78985596
2.98799997	-10.61269665	106.83747101
2.99199997	-10.61269665	110.78985596
2.99599997	-10.61269665	110.78985596
2.99999997	-10.77325249	110.78985596
3.00399997	-10.93442440	110.78985596
3.00799997	-10.77325249	114.74224091
3.01199997	-10.61269665	114.74224091
3.01599997	-10.61269665	114.74224091
3.01999997	-10.77325249	118.69462585
3.02399997	-10.77325249	118.69462585
3.02799997	-10.93442440	118.69462585
3.03199997	-10.93442440	114.74224091
3.03599997	-10.93442440	114.74224091
3.03999997	-10.77325249	114.74224091
3.04399997	-10.77325249	118.69462585
3.04799997	-10.77325249	114.74224091
3.05199997	-10.77325249	106.83747101
3.05599997	-10.93442440	106.83747101
3.05999997	-10.93442440	102.86970520
3.06399997	-10.93442440	102.86970520
3.06799997	-10.61269665	106.83747101
3.07199997	-10.45152569	106.83747101
3.07599997	-10.61269665	114.74224091
3.07999997	-10.77325249	118.69462585
3.08399997	-10.93442440	122.66239166
3.08799997	-10.93442440	122.66239166
3.09199997	-10.77325249	118.69462585
3.09599997	-10.61269665	118.69462585
3.09999997	-10.61269665	122.66239166
3.10399997	-10.61269665	122.66239166
3.10799997	-10.77325249	122.66239166
3.11199997	-10.77325249	118.69462585
3.11599997	-10.93442440	110.78985596
3.11999997	-10.77325249	110.78985596
3.12399997	-10.61269665	110.78985596
3.12799997	-10.45152569	118.69462585
3.13199997	-10.61269665	122.66239166
3.13599997	-10.93442440	126.61478424
3.13999997	-11.09498024	118.69462585
3.14399997	-10.77325249	118.69462585
3.14799997	-10.61269665	114.74224091
3.15199997	-10.77325249	118.69462585
3.15599996	-10.93442440	118.69462585
3.15999996	-10.77325249	122.66239166
3.16399996	-10.77325249	114.74224091
3.16799996	-10.93442440	110.78985596
3.17199996	-11.09498024	110.78985596
3.17599996	-10.93442440	110.78985596
3.17999996	-10.61269665	114.74224091
3.18399996	-10.61269665	122.66239166
3.18799996	-10.77325249	122.66239166
3.19199996	-10.93442440	122.66239166
3.19599996	-10.93442440	114.74224091
3.19999996	-10.77325249	122.66239166
3.20399996	-10.77325249	126.61478424
3.20799996	-10.77325249	126.61478424
3.21199996	-10.77325249	122.66239166
3.21599996	-10.61269665	126.61478424
3.21999996	-10.61269665	122.66239166
3.22399996	-10.93442440	122.66239166
3.22799996	-10.93442440	118.69462585
3.23199996	-10.61269665	118.69462585
3.23599996	-10.61269665	122.66239166
3.23999996	-10.61269665	126.61478424
3.24399996	-10.77325249	126.61478424
3.24799996	-10.93442440	122.66239166
3.25199996	-10.77325249	126.61478424
3.25599996	-10.77325249	122.66239166
3.25999996	-10.77325249	122.66239166
3.26399996	-10.77325249	118.69462585
3.26799996	-10.77325249	118.69462585
3.27199996	-10.77325249	122.66239166
3.27599996	-10.77325249	122.66239166
3.27999996	-10.77325249	122.66239166
3.28399996	-10.77325249	122.66239166
3.28799996	-10.77325249	122.66239166
3.29199996	-10.77325249	130.56716919
3.29599996	-10.77325249	134.53492737
3.29999996	-10.77325249	130.56716919
3.30399996	-10.93442440	126.61478424
3.30799996	-10.93442440	122.66239166
3.31199996	-10.77325249	126.61478424
3.31599996	-10.77325249	122.66239166
3.31999996	-10.93442440	126.61478424
3.32399996	-10.93442440	122.66239166
3.32799996	-10.77325249	122.66239166
3.33199996	-10.93442440	126.61478424
3.33599996	-10.93442440	130.56716919
3.33999996	-10.93442440	130.56716919
3.34399996	-10.93442440	134.53492737
3.34799996	-10.77325249	134.53492737
3.35199996	-10.77325249	134.53492737
3.35599996	-10.93442440	134.53492737
3.35999996	-10.93442440	130.56716919
3.36399996	-10.93442440	126.61478424
3.36799996	-10.93442440	126.61478424
3.37199996	-10.93442440	118.69462585
3.37599996	-10.93442440	122.66239166
3.37999996	-10.93442440	122.66239166
3.38399996	-10.77325249	126.61478424
3.38799996	-10.77325249	126.61478424
3.39199996	-10.93442440	134.53492737
3.39599996	-10.93442440	130.56716919
3.39999996	-10.93442440	138.48731995
3.40399996	-10.93442440	134.53492737
3.40799996	-10.93442440	138.48731995
3.41199996	-10.93442440	134.53492737
3.41599996	-10.93442440	130.56716919
3.41999996	-10.93442440	126.61478424
3.42399996	-10.77325249	126.61478424
3.42799996	-10.77325249	126.61478424
3.43199996	-10.77325249	122.66239166
3.43599996	-10.77325249	122.66239166
3.43999996	-10.77325249	126.61478424
3.44399996	-10.77325249	126.61478424
3.44799996	-10.93442440	130.56716919
3.45199996	-10.93442440	130.56716919
3.45599996	-10.61269665	134.53492737
3.45999996	-10.77325249	142.43969727
3.46399996	-10.93442440	146.39210510
3.46799996	-11.09498024	138.48731995
3.47199996	-10.93442440	134.53492737
3.47599996	-10.77325249	134.53492737
3.47999996	-10.77325249	130.56716919
3.48399996	-10.93442440	134.53492737
3.48799996	-10.93442440	134.53492737
3.49199996	-10.93442440	130.56716919
3.49599996	-11.09498024	134.53492737
3.49999996	-11.09498024	130.56716919
3.50399996	-11.09498024	134.53492737
3.50799995	-10.93442440	142.43969727
3.51199995	-10.77325249	142.43969727
3.51599995	-10.77325249	142.43969727
3.51999995	-10.93442440	146.39210510
3.52399995	-11.09498024	134.53492737
3.52799995	-10.93442440	134.53492737
3.53199995	-10.77325249	134.53492737
3.53599995	-10.77325249	134.53492737
3.53999995	-10.93442440	130.56716919
3.54399995	-10.93442440	130.56716919
3.54799995	-10.93442440	126.61478424
3.55199995	-10.93442440	126.61478424
3.55599995	-10.77325249	130.56716919
3.55999995	-10.93442440	138.48731995
3.56399995	-10.77325249	138.48731995
3.56799995	-10.77325249	142.43969727
3.57199995	-10.77325249	146.39210510
3.57599995	-10.93442440	142.43969727
3.57999995	-11.09498024	138.48731995
3.58399995	-10.93442440	142.43969727
3.58799995	-10.93442440	142.43969727
3.59199995	-10.93442440	142.43969727
3.59599995	-10.93442440	142.43969727
3.59999995	-10.93442440	134.53492737
3.60399995	-10.93442440	142.43969727
3.60799995	-10.93442440	138.48731995
3.61199995	-10.93442440	138.48731995
3.61599995	-10.93442440	142.43969727
3.61999995	-10.77325249	138.48731995
3.62399995	-10.77325249	138.48731995
3.62799995	-10.93442440	142.43969727
3.63199995	-11.09498024	142.43969727
3.63599995	-10.93442440	142.43969727
3.63999995	-10.93442440	142.43969727
3.64399995	-10.93442440	138.48731995
3.64799995	-10.77325249	138.48731995
3.65199995	-10.93442440	134.53492737
3.65599995	-10.93442440	138.48731995
3.65999995	-11.09498024	138.48731995
3.66399995	-11.09498024	138.48731995
3.66799995	-11.09498024	138.48731995
3.67199995	-10.93442440	134.53492737
3.67599995	-10.77325249	138.48731995
3.67999995	-10.77325249	146.39210510
3.68399995	-10.93442440	146.39210510
3.68799995	-11.09498024	150.35986328
3.69199995	-11.09498024	150.35986328
3.69599995	-11.09498024	142.43969727
3.69999995	-10.93442440	142.43969727
3.70399995	-10.93442440	142.43969727
3.70799995	-10.93442440	138.48731995
3.71199995	-10.93442440	142.43969727
3.71599995	-10.93442440	142.43969727
3.71999995	-11.09498024	138.48731995
3.72399995	-11.09498024	138.48731995
3.72799995	-10.93442440	142.43969727
3.73199995	-10.77325249	146.39210510
3.73599995	-10.61269665	146.39210510
3.73999995	-10.93442440	154.31224060
3.74399995	-11.09498024	150.35986328
3.74799995	-11.25553608	150.35986328
3.75199995	-10.93442440	142.43969727
3.75599995	-10.77325249	138.48731995
3.75999995	-10.77325249	142.43969727
3.76399995	-10.93442440	146.39210510
3.76799995	-11.09498024	146.39210510
3.77199995	-11.09498024	142.43969727
3.77599995	-11.09498024	142.43969727
3.77999995	-11.09498024	138.48731995
3.78399995	-10.93442440	146.39210510
3.78799995	-10.77325249	150.35986328
3.79199995	-10.77325249	150.35986328
3.79599995	-11.09498024	154.31224060
3.79999995	-11.25553608	146.39210510
3.80399995	-11.09498024	142.43969727
3.80799995	-10.93442440	146.39210510
3.81199995	-10.77325249	146.39210510
3.81599995	-10.93442440	146.39210510
3.81999995	-11.09498024	146.39210510
3.82399995	-11.09498024	150.35986328
3.82799995	-11.25553608	146.39210510
3.83199995	-11.09498024	146.39210510
3.83599995	-10.93442440	150.35986328
3.83999995	-10.93442440	150.35986328
3.84399995	-10.77325249	154.31224060
3.84799995	-10.93442440	158.26463318
3.85199995	-11.09498024	150.35986328
3.85599995	-11.09498024	146.39210510
3.85999995	-10.93442440	142.43969727
3.86399994	-10.77325249	142.43969727
3.86799994	-10.77325249	146.39210510
3.87199994	-10.77325249	150.35986328
3.87599994	-11.09498024	150.35986328
3.87999994	-11.09498024	150.35986328
3.88399994	-11.09498024	150.35986328
3.88799994	-10.93442440	150.35986328
3.89199994	-10.77325249	150.35986328
3.89599994	-10.77325249	154.31224060
3.89999994	-10.77325249	154.31224060
3.90399994	-11.09498024	154.31224060
3.90799994	-11.09498024	150.35986328
3.91199994	-11.09498024	150.35986328
3.91599994	-10.93442440	150.35986328
3.91999994	-10.93442440	154.31224060
3.92399994	-10.93442440	158.26463318
3.92799994	-10.93442440	154.31224060
3.93199994	-10.93442440	150.35986328
3.93599994	-11.09498024	150.35986328
3.93999994	-10.93442440	150.35986328
3.94399994	-10.93442440	150.35986328
3.94799994	-10.93442440	154.31224060
3.95199994	-10.93442440	158.26463318
3.95599994	-11.09498024	154.31224060
3.95999994	-10.93442440	150.35986328
3.96399994	-10.93442440	150.35986328
3.96799994	-10.93442440	158.26463318
3.97199994	-11.09498024	158.26463318
3.97599994	-11.09498024	158.26463318
3.97999994	-10.93442440	154.31224060
3.98399994	-10.93442440	150.35986328
3.98799994	-10.93442440	154.31224060
3.99199994	-10.93442440	154.31224060
3.99599994	-10.93442440	154.31224060
3.99999994	-10.93442440	154.31224060
4.00399994	-11.09498024	154.31224060
4.00799994	-10.93442440	150.35986328
4.01199994	-10.77325249	154.31224060
4.01599994	-10.77325249	162.23239136
4.01999994	-10.93442440	162.23239136
4.02399994	-11.09498024	166.18478394
4.02799994	-11.09498024	162.23239136
4.03199994	-11.09498024	158.26463318
4.03599994	-10.93442440	154.31224060
4.03999994	-10.77325249	158.26463318
4.04399994	-10.61269665	154.31224060
4.04799994	-10.77325249	158.26463318
4.05199994	-11.09498024	154.31224060
4.05599994	-11.09498024	154.31224060
4.05999994	-11.09498024	150.35986328
4.06399994	-10.93442440	154.31224060
4.06799994	-10.77325249	158.26463318
4.07199994	-10.93442440	166.18478394
4.07599994	-11.09498024	166.18478394
4.07999994	-11.09498024	162.23239136
4.08399994	-10.93442440	158.26463318
4.08799994	-11.09498024	162.23239136
4.09199994	-10.93442440	158.26463318
4.09599994	-10.93442440	162.23239136
4.09999994	-10.77325249	158.26463318
4.10399994	-10.93442440	158.26463318
4.10799994	-11.09498024	154.31224060
4.11199994	-11.25553608	158.26463318
4.11599994	-11.09498024	158.26463318
4.11999994	-10.93442440	158.26463318
4.12399994	-10.77325249	166.18478394
4.12799994	-10.93442440	166.18478394
4.13199994	-11.09498024	162.23239136
4.13599994	-11.09498024	162.23239136
4.13999994	-10.93442440	158.26463318
4.14399994	-11.09498024	162.23239136
4.14799994	-11.09498024	158.26463318
4.15199994	-10.93442440	158.26463318
4.15599994	-10.93442440	158.26463318
4.15999994	-10.93442440	158.26463318
4.16399994	-11.09498024	158.26463318
4.16799994	-11.09498024	158.26463318
4.17199994	-11.09498024	166.18478394
4.17599994	-10.93442440	166.18478394
4.17999994	-10.93442440	166.18478394
4.18399994	-10.93442440	162.23239136
4.18799994	-11.09498024	158.26463318
4.19199994	-11.09498024	162.23239136
4.19599994	-11.09498024	162.23239136
4.19999994	-10.93442440	162.23239136
4.20399994	-10.93442440	162.23239136
4.20799994	-10.93442440	162.23239136
4.21199994	-10.93442440	162.23239136
4.21599993	-10.93442440	166.18478394
4.21999993	-11.09498024	170.13717651
4.22399993	-11.09498024	166.18478394
4.22799993	-11.09498024	162.23239136
4.23199993	-10.93442440	162.23239136
4.23599993	-10.93442440	158.26463318
4.23999993	-10.93442440	162.23239136
4.24399993	-11.09498024	166.18478394
4.24799993	-11.09498024	162.23239136
4.25199993	-11.09498024	162.23239136
4.25599993	-11.09498024	166.18478394
4.25999993	-10.93442440	166.18478394
4.26399993	-10.77325249	166.18478394
4.26799993	-10.77325249	170.13717651
4.27199993	-11.09498024	174.10493469
4.27599993	-11.25553608	170.13717651
4.27999993	-11.25553608	170.13717651
4.28399993	-11.09498024	162.23239136
4.28799993	-10.77325249	166.18478394
4.29199993	-10.77325249	170.13717651
4.29599993	-10.93442440	170.13717651
4.29999993	-11.09498024	174.10493469
4.30399993	-11.25553608	170.13717651
4.30799993	-11.25553608	162.23239136
4.31199993	-11.09498024	162.23239136
4.31599993	-10.77325249	166.18478394
4.31999993	-10.77325249	174.10493469
4.32399993	-10.93442440	170.13717651
4.32799993	-11.25553608	170.13717651
4.33199993	-11.25553608	162.23239136
4.33599993	-11.09498024	162.23239136
4.33999993	-10.93442440	162.23239136
4.34399993	-10.77325249	170.13717651
4.34799993	-10.93442440	174.10493469
4.35199993	-11.09498024	174.10493469
4.35599993	-11.09498024	166.18478394
4.35999993	-11.09498024	162.23239136
4.36399993	-11.09498024	162.23239136
4.36799993	-10.93442440	166.18478394
4.37199993	-10.77325249	170.13717651
4.37599993	-10.93442440	178.05731201
4.37999993	-11.09498024	174.10493469
4.38399993	-11.25553608	170.13717651
4.38799993	-11.25553608	166.18478394
4.39199993	-10.93442440	170.13717651
4.39599993	-10.77325249	174.10493469
4.39999993	-10.77325249	178.05731201
4.40399993	-10.93442440	174.10493469
4.40799993	-11.09498024	170.13717651
4.41199993	-11.09498024	170.13717651
4.41599993	-11.09498024	170.13717651
4.41999993	-11.09498024	170.13717651
4.42399993	-10.93442440	170.13717651
4.42799993	-10.77325249	170.13717651
4.43199993	-10.93442440	174.10493469
4.43599993	-11.25553608	170.13717651
4.43999993	-11.25553608	170.13717651
4.44399993	-11.09498024	170.13717651
4.44799993	-10.77325249	174.10493469
4.45199993	-10.93442440	174.10493469
4.45599993	-10.93442440	170.13717651
4.45999993	-10.93442440	170.13717651
4.46399993	-10.93442440	170.13717651
4.46799993	-11.09498024	170.13717651
4.47199993	-11.09498024	170.13717651
4.47599993	-10.77325249	170.13717651
4.47999993	-10.61269665	170.13717651
4.48399993	-10.77325249	174.10493469
4.48799993	-11.09498024	178.05731201
4.49199993	-11.25553608	178.05731201
4.49599993	-11.09498024	178.05731201
4.49999993	-10.93442440	174.10493469
4.50399993	-10.77325249	174.10493469
4.50799993	-10.77325249	174.10493469
4.51199993	-10.93442440	178.05731201
4.51599993	-11.09498024	174.10493469
4.51999993	-11.09498024	174.10493469
4.52399993	-11.09498024	170.13717651
4.52799993	-10.93442440	170.13717651
4.53199993	-10.77325249	174.10493469
4.53599993	-10.77325249	178.05731201
4.53999993	-10.93442440	182.00970459
4.54399993	-11.09498024	178.05731201
4.54799993	-11.25553608	174.10493469
4.55199993	-11.09498024	170.13717651
4.55599993	-10.77325249	170.13717651
4.55999993	-10.77325249	178.05731201
4.56399993	-10.77325249	182.00970459
4.56799992	-11.09498024	178.05731201
4.57199992	-11.09498024	174.10493469
4.57599992	-11.09498024	174.10493469
4.57999992	-10.93442440	170.13717651
4.58399992	-10.77325249	174.10493469
4.58799992	-10.77325249	178.05731201
4.59199992	-10.77325249	178.05731201
4.59599992	-10.93442440	182.00970459
4.59999992	-11.09498024	178.05731201
4.60399992	-11.09498024	174.10493469
4.60799992	-10.93442440	174.10493469
4.61199992	-10.61269665	178.05731201
4.61599992	-10.61269665	178.05731201
4.61999992	-10.93442440	182.00970459
4.62399992	-11.09498024	178.05731201
4.62799992	-11.09498024	174.10493469
4.63199992	-10.93442440	174.10493469
4.63599992	-10.77325249	174.10493469
4.63999992	-10.77325249	178.05731201
4.64399992	-10.77325249	182.00970459
4.64799992	-10.93442440	182.00970459
4.65199992	-11.09498024	182.00970459
4.65599992	-11.25553608	178.05731201
4.65999992	-10.93442440	174.10493469
4.66399992	-10.77325249	178.05731201
4.66799992	-10.77325249	182.00970459
4.67199992	-10.93442440	182.00970459
4.67599992	-11.09498024	182.00970459
4.67999992	-11.09498024	178.05731201
4.68399992	-11.09498024	178.05731201
4.68799992	-11.09498024	178.05731201
4.69199992	-10.93442440	182.00970459
4.69599992	-10.77325249	182.00970459
4.69999992	-10.77325249	182.00970459
4.70399992	-11.09498024	182.00970459
4.70799992	-11.09498024	178.05731201
4.71199992	-11.09498024	178.05731201
4.71599992	-10.93442440	178.05731201
4.71999992	-10.77325249	185.96209717
4.72399992	-10.77325249	182.00970459
4.72799992	-10.93442440	182.00970459
4.73199992	-10.93442440	185.96209717
4.73599992	-11.09498024	185.96209717
4.73999992	-11.09498024	182.00970459
4.74399992	-10.93442440	182.00970459
4.74799992	-10.77325249	182.00970459
4.75199992	-10.77325249	185.96209717
4.75599992	-10.93442440	185.96209717
4.75999992	-11.09498024	185.96209717
4.76399992	-11.09498024	182.00970459
4.76799992	-11.09498024	182.00970459
4.77199992	-10.93442440	182.00970459
4.77599992	-10.93442440	185.96209717
4.77999992	-10.77325249	185.96209717
4.78399992	-10.77325249	185.96209717
4.78799992	-10.93442440	189.92985535
4.79199992	-11.25553608	185.96209717
4.79599992	-11.09498024	182.00970459
4.79999992	-10.93442440	178.05731201
4.80399992	-10.77325249	182.00970459
4.80799992	-10.77325249	182.00970459
4.81199992	-10.93442440	182.00970459
4.81599992	-11.09498024	185.96209717
4.81999992	-11.09498024	182.00970459
4.82399992	-11.09498024	182.00970459
4.82799992	-10.93442440	178.05731201
4.83199992	-10.77325249	185.96209717
4.83599992	-10.77325249	189.92985535
4.83999992	-10.93442440	189.92985535
4.84399992	-11.09498024	189.92985535
4.84799992	-11.09498024	185.96209717
4.85199992	-10.93442440	182.00970459
4.85599992	-10.77325249	182.00970459
4.85999992	-10.77325249	185.96209717
4.86399992	-10.93442440	189.92985535
4.86799992	-10.93442440	189.92985535
4.87199992	-11.09498024	189.92985535
4.87599992	-11.25553608	185.96209717
4.87999992	-11.09498024	185.96209717
4.88399992	-10.93442440	185.96209717
4.88799992	-10.77325249	189.92985535
4.89199992	-10.93442440	193.88224792
4.89599992	-11.09498024	193.88224792
4.89999992	-11.09498024	185.96209717
4.90399992	-11.09498024	182.00970459
4.90799992	-11.09498024	185.96209717
4.91199992	-10.93442440	185.96209717
4.91599992	-10.77325249	189.92985535
4.91999992	-10.77325249	189.92985535
4.92399991	-10.93442440	185.96209717
4.92799991	-11.09498024	185.96209717
4.93199991	-11.09498024	189.92985535
4.93599991	-11.09498024	185.96209717
4.93999991	-10.93442440	185.96209717
4.94399991	-10.77325249	189.92985535
4.94799991	-10.77325249	189.92985535
4.95199991	-10.93442440	189.92985535
4.95599991	-11.09498024	185.96209717
4.95999991	-11.09498024	189.92985535
4.96399991	-10.93442440	189.92985535
4.96799991	-10.77325249	189.92985535
4.97199991	-10.77325249	193.88224792
4.97599991	-10.77325249	193.88224792
4.97999991	-11.09498024	193.88224792
4.98399991	-11.09498024	193.88224792
4.98799991	-10.93442440	189.92985535
4.99199991	-10.93442440	189.92985535
4.99599991	-10.77325249	189.92985535
4.99999991	-10.93442440	189.92985535
5.00399991	-10.93442440	193.88224792
5.00799991	-10.93442440	193.88224792
5.01199991	-11.09498024	189.92985535
5.01599991	-10.93442440	193.88224792
5.01999991	-10.93442440	193.88224792
5.02399991	-10.77325249	201.80239868
5.02799991	-10.77325249	193.88224792
5.03199991	-10.93442440	193.88224792
5.03599991	-11.09498024	189.92985535
5.03999991	-11.09498024	185.96209717
5.04399991	-10.93442440	185.96209717
5.04799991	-10.93442440	193.88224792
5.05199991	-10.93442440	189.92985535
5.05599991	-10.93442440	189.92985535
5.05999991	-10.93442440	193.88224792
5.06399991	-11.09498024	193.88224792
5.06799991	-11.09498024	193.88224792
5.07199991	-11.09498024	193.88224792
5.07599991	-10.93442440	193.88224792
5.07999991	-10.93442440	197.83462524
5.08399991	-10.93442440	193.88224792
5.08799991	-10.93442440	193.88224792
5.09199991	-11.09498024	193.88224792
5.09599991	-11.09498024	193.88224792
5.09999991	-10.93442440	193.88224792
5.10399991	-10.93442440	193.88224792
5.10799991	-10.77325249	189.92985535
5.11199991	-10.93442440	189.92985535
5.11599991	-10.93442440	193.88224792
5.11999991	-11.09498024	193.88224792
5.12399991	-11.09498024	193.88224792
5.12799991	-10.93442440	197.83462524
5.13199991	-10.93442440	193.88224792
5.13599991	-10.77325249	197.83462524
5.13999991	-10.93442440	205.75479126
5.14399991	-11.09498024	197.83462524
5.14799991	-11.09498024	197.83462524
5.15199991	-11.09498024	193.88224792
5.15599991	-10.93442440	189.92985535
5.15999991	-10.77325249	193.88224792
5.16399991	-10.93442440	193.88224792
5.16799991	-10.93442440	197.83462524
5.17199991	-11.09498024	197.83462524
5.17599991	-11.09498024	193.88224792
5.17999991	-11.09498024	193.88224792
5.18399991	-10.93442440	197.83462524
5.18799991	-10.93442440	193.88224792
5.19199991	-10.93442440	201.80239868
5.19599991	-11.09498024	201.80239868
5.19999991	-11.09498024	197.83462524
5.20399991	-11.09498024	197.83462524
5.20799991	-10.93442440	197.83462524
5.21199991	-10.77325249	197.83462524
5.21599991	-10.93442440	197.83462524
5.21999991	-10.93442440	201.80239868
5.22399991	-11.09498024	197.83462524
5.22799991	-11.09498024	197.83462524
5.23199991	-11.09498024	193.88224792
5.23599991	-10.93442440	193.88224792
5.23999991	-10.77325249	197.83462524
5.24399991	-10.77325249	201.80239868
5.24799991	-11.09498024	201.80239868
5.25199991	-11.09498024	201.80239868
5.25599991	-11.09498024	197.83462524
5.25999991	-10.93442440	197.83462524
5.26399991	-10.77325249	201.80239868
5.26799991	-10.93442440	201.80239868
5.27199991	-11.09498024	201.80239868
5.27599990	-11.09498024	201.80239868
5.27999990	-11.09498024	197.83462524
5.28399990	-11.09498024	193.88224792
5.28799990	-10.93442440	197.83462524
5.29199990	-10.93442440	197.83462524
5.29599990	-10.93442440	201.80239868
5.29999990	-10.93442440	201.80239868
5.30399990	-11.09498024	201.80239868
5.30799990	-11.09498024	197.83462524
5.31199990	-11.09498024	197.83462524
5.31599990	-10.93442440	201.80239868
5.31999990	-10.93442440	205.75479126
5.32399990	-10.93442440	205.75479126
5.32799990	-11.09498024	205.75479126
5.33199990	-11.09498024	197.83462524
5.33599990	-10.93442440	201.80239868
5.33999990	-10.93442440	201.80239868
5.34399990	-10.93442440	201.80239868
5.34799990	-10.93442440	201.80239868
5.35199990	-10.77325249	197.83462524
5.35599990	-10.93442440	197.83462524
5.35999990	-11.09498024	201.80239868
5.36399990	-11.09498024	201.80239868
5.36799990	-10.93442440	201.80239868
5.37199990	-10.77325249	201.80239868
5.37599990	-10.93442440	201.80239868
5.37999990	-10.93442440	201.80239868
5.38399990	-10.93442440	201.80239868
5.38799990	-10.93442440	201.80239868
5.39199990	-10.93442440	201.80239868
5.39599990	-10.93442440	201.80239868
5.39999990	-10.93442440	197.83462524
5.40399990	-10.77325249	197.83462524
5.40799990	-10.93442440	201.80239868
5.41199990	-10.93442440	205.75479126
5.41599990	-11.09498024	201.80239868
5.41999990	-11.09498024	201.80239868
5.42399990	-10.93442440	201.80239868
5.42799990	-10.93442440	205.75479126
5.43199990	-10.93442440	205.75479126
5.43599990	-10.93442440	205.75479126
5.43999990	-10.93442440	205.75479126
5.44399990	-11.09498024	205.75479126
5.44799990	-11.09498024	205.75479126
5.45199990	-10.93442440	201.80239868
5.45599990	-10.93442440	201.80239868
5.45999990	-10.77325249	201.80239868
5.46399990	-10.93442440	205.75479126
5.46799990	-10.93442440	205.75479126
5.47199990	-10.93442440	201.80239868
5.47599990	-10.93442440	205.75479126
5.47999990	-10.93442440	205.75479126
5.48399990	-10.93442440	205.75479126
5.48799990	-10.93442440	205.75479126
5.49199990	-10.93442440	205.75479126
5.49599990	-10.93442440	205.75479126
5.49999990	-11.09498024	201.80239868
5.50399990	-10.93442440	205.75479126
5.50799990	-10.93442440	201.80239868
5.51199990	-10.93442440	205.75479126
5.51599990	-10.93442440	205.75479126
5.51999990	-10.93442440	205.75479126
5.52399990	-11.09498024	205.75479126
5.52799990	-10.93442440	205.75479126
5.53199990	-10.93442440	201.80239868
5.53599990	-10.93442440	205.75479126
5.53999990	-10.93442440	205.75479126
5.54399990	-10.93442440	205.75479126
5.54799990	-10.93442440	205.75479126
5.55199990	-10.93442440	205.75479126
5.55599990	-10.93442440	205.75479126
5.55999990	-11.09498024	209.70716858
5.56399990	-10.93442440	205.75479126
5.56799990	-10.93442440	205.75479126
5.57199990	-10.77325249	205.75479126
5.57599990	-10.77325249	205.75479126
5.57999990	-10.93442440	205.75479126
5.58399990	-10.93442440	209.70716858
5.58799990	-11.09498024	209.70716858
5.59199990	-10.93442440	205.75479126
5.59599990	-10.77325249	205.75479126
5.59999990	-10.93442440	209.70716858
5.60399990	-10.93442440	209.70716858
5.60799990	-11.09498024	213.67494202
5.61199990	-11.09498024	209.70716858
5.61599990	-10.93442440	209.70716858
5.61999990	-10.93442440	205.75479126
5.62399990	-10.77325249	205.75479126
5.62799990	-10.77325249	205.75479126
5.63199989	-10.93442440	213.67494202
5.63599989	-10.93442440	209.70716858
5.63999989	-11.09498024	205.75479126
5.64399989	-10.93442440	205.75479126
5.64799989	-10.93442440	205.75479126
5.65199989	-10.93442440	205.75479126
5.65599989	-10.93442440	209.70716858
5.65999989	-10.93442440	209.70716858
5.66399989	-10.93442440	209.70716858
5.66799989	-10.93442440	209.70716858
5.67199989	-10.93442440	209.70716858
5.67599989	-10.93442440	209.70716858
5.67999989	-10.93442440	213.67494202
5.68399989	-10.77325249	209.70716858
5.68799989	-10.93442440	209.70716858
5.69199989	-10.93442440	209.70716858
5.69599989	-10.93442440	205.75479126
5.69999989	-10.93442440	209.70716858
5.70399989	-10.93442440	213.67494202
5.70799989	-10.93442440	209.70716858
5.71199989	-10.77325249	213.67494202
5.71599989	-10.77325249	209.70716858
5.71999989	-10.93442440	213.67494202
5.72399989	-10.93442440	209.70716858
5.72799989	-11.09498024	213.67494202
5.73199989	-11.09498024	213.67494202
5.73599989	-10.93442440	209.70716858
5.73999989	-10.77325249	209.70716858
5.74399989	-10.77325249	213.67494202
5.74799989	-10.77325249	209.70716858
5.75199989	-10.93442440	213.67494202
5.75599989	-10.93442440	213.67494202
5.75999989	-10.93442440	209.70716858
5.76399989	-10.93442440	209.70716858
5.76799989	-10.77325249	209.70716858
5.77199989	-10.61269665	213.67494202
5.77599989	-10.77325249	217.62731934
5.77999989	-11.09498024	217.62731934
5.78399989	-11.09498024	209.70716858
5.78799989	-10.93442440	209.70716858
5.79199989	-10.77325249	209.70716858
5.79599989	-10.77325249	213.67494202
5.79999989	-10.77325249	217.62731934
5.80399989	-10.93442440	217.62731934
5.80799989	-11.09498024	217.62731934
5.81199989	-11.09498024	213.67494202
5.81599989	-10.93442440	205.75479126
5.81999989	-10.77325249	209.70716858
5.82399989	-10.77325249	213.67494202
5.82799989	-10.77325249	217.62731934
5.83199989	-10.93442440	217.62731934
5.83599989	-10.93442440	213.67494202
5.83999989	-10.93442440	209.70716858
5.84399989	-10.93442440	213.67494202
5.84799989	-10.77325249	213.67494202
5.85199989	-10.77325249	213.67494202
5.85599989	-10.77325249	217.62731934
5.85999989	-10.93442440	213.67494202
5.86399989	-10.93442440	213.67494202
5.86799989	-10.93442440	213.67494202
5.87199989	-10.93442440	213.67494202
5.87599989	-10.77325249	213.67494202
5.87999989	-10.77325249	217.62731934
5.88399989	-10.77325249	213.67494202
5.88799989	-10.93442440	213.67494202
5.89199989	-10.93442440	209.70716858
5.89599989	-10.93442440	217.62731934
5.89999989	-10.93442440	213.67494202
5.90399989	-10.93442440	217.62731934
5.90799989	-10.93442440	217.62731934
5.91199989	-10.77325249	217.62731934
5.91599989	-10.93442440	213.67494202
5.91999989	-11.09498024	217.62731934
5.92399989	-10.93442440	213.67494202
5.92799989	-10.93442440	217.62731934
5.93199989	-10.77325249	217.62731934
5.93599989	-10.77325249	217.62731934
5.93999989	-10.93442440	217.62731934
5.94399989	-10.93442440	213.67494202
5.94799989	-10.77325249	217.62731934
5.95199989	-10.93442440	217.62731934
5.95599989	-10.93442440	213.67494202
5.95999989	-10.93442440	213.67494202
5.96399989	-10.77325249	217.62731934
5.96799989	-10.77325249	217.62731934
5.97199989	-10.93442440	221.57971191
5.97599989	-10.93442440	217.62731934
5.97999989	-10.93442440	217.62731934
5.98399988	-10.77325249	217.62731934
5.98799988	-10.93442440	217.62731934
5.99199988	-10.93442440	217.62731934
5.99599988	-10.77325249	217.62731934
5.99999988	-10.77325249	221.57971191
6.00399988	-10.93442440	217.62731934
6.00799988	-10.93442440	217.62731934
6.01199988	-10.93442440	217.62731934
6.01599988	-10.77325249	217.62731934
6.01999988	-10.77325249	217.62731934
6.02399988	-10.93442440	221.57971191
6.02799988	-10.93442440	221.57971191
6.03199988	-10.93442440	217.62731934
6.03599988	-10.77325249	213.67494202
6.03999988	-10.77325249	217.62731934
6.04399988	-10.93442440	217.62731934
6.04799988	-10.93442440	217.62731934
6.05199988	-10.93442440	221.57971191
6.05599988	-10.77325249	217.62731934
6.05999988	-10.93442440	217.62731934
6.06399988	-10.93442440	221.57971191
6.06799988	-10.93442440	217.62731934
6.07199988	-10.77325249	217.62731934
6.07599988	-10.77325249	217.62731934
6.07999988	-10.93442440	217.62731934
6.08399988	-10.93442440	217.62731934
6.08799988	-10.93442440	221.57971191
6.09199988	-10.93442440	221.57971191
6.09599988	-10.93442440	221.57971191
6.09999988	-10.93442440	221.57971191
6.10399988	-10.93442440	221.57971191
6.10799988	-10.77325249	221.57971191
6.11199988	-10.77325249	221.57971191
6.11599988	-10.77325249	221.57971191
6.11999988	-10.93442440	221.57971191
6.12399988	-10.77325249	221.57971191
6.12799988	-10.93442440	221.57971191
6.13199988	-10.93442440	221.57971191
6.13599988	-10.93442440	221.57971191
6.13999988	-10.93442440	221.57971191
6.14399988	-10.93442440	221.57971191
6.14799988	-10.77325249	221.57971191
6.15199988	-10.93442440	217.62731934
6.15599988	-10.77325249	221.57971191
6.15999988	-10.77325249	221.57971191
6.16399988	-10.77325249	221.57971191
6.16799988	-10.93442440	225.53210449
6.17199988	-10.93442440	221.57971191
6.17599988	-10.93442440	221.57971191
6.17999988	-10.77325249	221.57971191
6.18399988	-10.77325249	221.57971191
6.18799988	-10.77325249	221.57971191
6.19199988	-10.93442440	225.53210449
6.19599988	-10.93442440	221.57971191
6.19999988	-10.77325249	221.57971191
6.20399988	-10.77325249	221.57971191
6.20799988	-10.77325249	221.57971191
6.21199988	-10.77325249	225.53210449
6.21599988	-10.77325249	225.53210449
6.21999988	-10.93442440	221.57971191
6.22399988	-10.77325249	221.57971191
6.22799988	-10.77325249	221.57971191
6.23199988	-10.77325249	221.57971191
6.23599988	-10.77325249	221.57971191
6.23999988	-10.77325249	225.53210449
6.24399988	-10.77325249	225.53210449
6.24799988	-10.93442440	221.57971191
6.25199988	-10.77325249	221.57971191
6.25599988	-10.77325249	221.57971191
6.25999988	-10.77325249	221.57971191
6.26399988	-10.77325249	225.53210449
6.26799988	-10.93442440	221.57971191
6.27199988	-10.93442440	229.49986267
6.27599988	-10.93442440	225.53210449
6.27999988	-10.77325249	221.57971191
6.28399988	-10.61269665	221.57971191
6.28799988	-10.77325249	229.49986267
6.29199988	-10.93442440	225.53210449
6.29599988	-10.93442440	221.57971191
6.29999988	-10.93442440	221.57971191
6.30399988	-10.77325249	221.57971191
6.30799988	-10.77325249	221.57971191
6.31199988	-10.77325249	221.57971191
6.31599988	-10.93442440	225.53210449
6.31999988	-10.93442440	225.53210449
6.32399988	-10.93442440	225.53210449
6.32799988	-10.93442440	221.57971191
6.33199988	-10.77325249	221.57971191
6.33599987	-10.77325249	225.53210449
6.33999987	-10.77325249	229.49986267
6.34399987	-10.93442440	229.49986267
6.34799987	-10.93442440	225.53210449
6.35199987	-10.93442440	225.53210449
6.35599987	-10.93442440	221.57971191
6.35999987	-10.77325249	225.53210449
6.36399987	-10.77325249	229.49986267
6.36799987	-10.77325249	225.53210449
6.37199987	-10.77325249	229.49986267
6.37599987	-10.93442440	225.53210449
6.37999987	-10.93442440	225.53210449
6.38399987	-10.77325249	225.53210449
6.38799987	-10.77325249	225.53210449
6.39199987	-10.77325249	229.49986267
6.39599987	-10.77325249	225.53210449
6.39999987	-10.93442440	225.53210449
6.40399987	-10.93442440	225.53210449
6.40799987	-10.93442440	225.53210449
6.41199987	-10.93442440	225.53210449
6.41599987	-10.77325249	225.53210449
6.41999987	-10.77325249	229.49986267
6.42399987	-10.77325249	225.53210449
6.42799987	-10.93442440	225.53210449
6.43199987	-10.77325249	225.53210449
6.43599987	-10.77325249	225.53210449
6.43999987	-10.93442440	225.53210449
6.44399987	-10.93442440	229.49986267
6.44799987	-10.93442440	229.49986267
6.45199987	-10.77325249	225.53210449
6.45599987	-10.77325249	225.53210449
6.45999987	-10.77325249	225.53210449
6.46399987	-10.93442440	229.49986267
6.46799987	-10.93442440	225.53210449
6.47199987	-10.93442440	225.53210449
6.47599987	-10.77325249	225.53210449
6.47999987	-10.77325249	225.53210449
6.48399987	-10.77325249	225.53210449
6.48799987	-10.93442440	229.49986267
6.49199987	-10.93442440	229.49986267
6.49599987	-10.93442440	229.49986267
6.49999987	-10.77325249	225.53210449
6.50399987	-10.77325249	225.53210449
6.50799987	-10.77325249	225.53210449
6.51199987	-10.77325249	229.49986267
6.51599987	-10.93442440	233.45223999
6.51999987	-10.93442440	225.53210449
6.52399987	-10.77325249	225.53210449
6.52799987	-10.77325249	229.49986267
6.53199987	-10.77325249	229.49986267
6.53599987	-10.77325249	229.49986267
6.53999987	-10.93442440	233.45223999
6.54399987	-10.93442440	229.49986267
6.54799987	-10.93442440	229.49986267
6.55199987	-10.93442440	225.53210449
6.55599987	-10.77325249	229.49986267
6.55999987	-10.77325249	229.49986267
6.56399987	-10.93442440	233.45223999
6.56799987	-10.93442440	229.49986267
6.57199987	-10.93442440	225.53210449
6.57599987	-10.77325249	225.53210449
6.57999987	-10.77325249	225.53210449
6.58399987	-10.77325249	229.49986267
6.58799987	-10.77325249	233.45223999
6.59199987	-10.93442440	233.45223999
6.59599987	-10.93442440	229.49986267
6.59999987	-10.93442440	225.53210449
6.60399987	-10.77325249	225.53210449
6.60799987	-10.77325249	229.49986267
6.61199987	-10.77325249	233.45223999
6.61599987	-10.93442440	233.45223999
6.61999987	-10.93442440	229.49986267
6.62399987	-10.93442440	229.49986267
6.62799987	-10.77325249	229.49986267
6.63199987	-10.77325249	229.49986267
6.63599987	-10.77325249	229.49986267
6.63999987	-10.77325249	233.45223999
6.64399987	-10.93442440	233.45223999
6.64799987	-10.93442440	229.49986267
6.65199987	-10.93442440	225.53210449
6.65599987	-10.93442440	229.49986267
6.65999987	-10.77325249	229.49986267
6.66399987	-10.77325249	233.45223999
6.66799987	-10.77325249	233.45223999
6.67199987	-10.93442440	229.49986267
6.67599987	-10.93442440	229.49986267
6.67999987	-10.77325249	229.49986267
6.68399987	-10.77325249	233.45223999
6.68799987	-10.77325249	233.45223999
6.69199986	-10.77325249	233.45223999
6.69599986	-10.77325249	233.45223999
6.69999986	-10.93442440	233.45223999
6.70399986	-10.93442440	229.49986267
6.70799986	-10.77325249	229.49986267
6.71199986	-10.77325249	233.45223999
6.71599986	-10.77325249	233.45223999
6.71999986	-10.77325249	233.45223999
6.72399986	-10.77325249	233.45223999
6.72799986	-10.93442440	233.45223999
6.73199986	-10.93442440	229.49986267
6.73599986	-10.93442440	229.49986267
6.73999986	-10.77325249	229.49986267
6.74399986	-10.77325249	233.45223999
6.74799986	-10.77325249	233.45223999
6.75199986	-10.77325249	233.45223999
6.75599986	-10.93442440	233.45223999
6.75999986	-10.77325249	233.45223999
6.76399986	-10.93442440	233.45223999
6.76799986	-10.77325249	233.45223999
6.77199986	-10.77325249	229.49986267
6.77599986	-10.77325249	233.45223999
6.77999986	-10.77325249	229.49986267
6.78399986	-10.77325249	237.40463257
6.78799986	-10.93442440	233.45223999
6.79199986	-10.77325249	233.45223999
6.79599986	-10.77325249	229.49986267
6.79999986	-10.77325249	229.49986267
6.80399986	-10.77325249	233.45223999
6.80799986	-10.77325249	233.45223999
6.81199986	-10.77325249	233.45223999
6.81599986	-10.77325249	233.45223999
6.81999986	-10.93442440	233.45223999
6.82399986	-10.77325249	229.49986267
6.82799986	-10.77325249	233.45223999
6.83199986	-10.77325249	237.40463257
6.83599986	-10.77325249	233.45223999
6.83999986	-10.77325249	237.40463257
6.84399986	-10.77325249	233.45223999
6.84799986	-10.93442440	237.40463257
6.85199986	-10.77325249	233.45223999
6.85599986	-10.77325249	233.45223999
6.85999986	-10.77325249	233.45223999
6.86399986	-10.77325249	233.45223999
6.86799986	-10.77325249	237.40463257
6.87199986	-10.93442440	233.45223999
6.87599986	-10.77325249	229.49986267
6.87999986	-10.77325249	233.45223999
6.88399986	-10.77325249	233.45223999
6.88799986	-10.77325249	237.40463257
6.89199986	-10.77325249	237.40463257
6.89599986	-10.77325249	237.40463257
6.89999986	-10.93442440	237.40463257
6.90399986	-10.93442440	233.45223999
6.90799986	-10.77325249	233.45223999
6.91199986	-10.61269665	233.45223999
6.91599986	-10.61269665	237.40463257
6.91999986	-10.77325249	241.37240601
6.92399986	-10.77325249	237.40463257
6.92799986	-10.77325249	233.45223999
6.93199986	-10.77325249	233.45223999
6.93599986	-10.77325249	237.40463257
6.93999986	-10.77325249	237.40463257
6.94399986	-10.77325249	237.40463257
6.94799986	-10.77325249	237.40463257
6.95199986	-10.77325249	233.45223999
6.95599986	-10.77325249	233.45223999
6.95999986	-10.77325249	233.45223999
6.96399986	-10.77325249	233.45223999
6.96799986	-10.77325249	233.45223999
6.97199986	-10.61269665	237.40463257
6.97599986	-10.77325249	233.45223999
6.97999986	-10.77325249	233.45223999
6.98399986	-10.77325249	237.40463257
6.98799986	-10.77325249	233.45223999
6.99199986	-10.77325249	237.40463257
6.99599986	-10.77325249	237.40463257
6.99999986	-10.77325249	233.45223999
7.00399986	-10.77325249	233.45223999
7.00799986	-10.77325249	237.40463257
7.01199986	-10.77325249	237.40463257
7.01599986	-10.77325249	237.40463257
7.01999986	-10.77325249	237.40463257
7.02399986	-10.77325249	237.40463257
7.02799986	-10.77325249	237.40463257
7.03199986	-10.77325249	237.40463257
7.03599986	-10.77325249	237.40463257
7.03999986	-10.77325249	241.37240601
7.04399985	-10.77325249	241.37240601
7.04799985	-10.77325249	237.40463257
7.05199985	-10.77325249	237.40463257
7.05599985	-10.77325249	237.40463257
7.05999985	-10.77325249	237.40463257
7.06399985	-10.77325249	237.40463257
7.06799985	-10.77325249	237.40463257
7.07199985	-10.77325249	237.40463257
7.07599985	-10.77325249	237.40463257
7.07999985	-10.77325249	237.40463257
7.08399985	-10.77325249	237.40463257
7.08799985	-10.77325249	237.40463257
7.09199985	-10.61269665	237.40463257
7.09599985	-10.77325249	237.40463257
7.09999985	-10.77325249	237.40463257
7.10399985	-10.77325249	237.40463257
7.10799985	-10.77325249	233.45223999
7.11199985	-10.77325249	237.40463257
7.11599985	-10.77325249	233.45223999
7.11999985	-10.61269665	237.40463257
7.12399985	-10.61269665	237.40463257
7.12799985	-10.77325249	237.40463257
7.13199985	-10.77325249	237.40463257
7.13599985	-10.77325249	237.40463257
7.13999985	-10.77325249	237.40463257
7.14399985	-10.61269665	241.37240601
7.14799985	-10.61269665	237.40463257
7.15199985	-10.61269665	237.40463257
7.15599985	-10.77325249	241.37240601
7.15999985	-10.77325249	237.40463257
7.16399985	-10.77325249	241.37240601
7.16799985	-10.77325249	237.40463257
7.17199985	-10.61269665	237.40463257
7.17599985	-10.61269665	241.37240601
7.17999985	-10.61269665	237.40463257
7.18399985	-10.77325249	241.37240601
7.18799985	-10.77325249	237.40463257
7.19199985	-10.77325249	237.40463257
7.19599985	-10.61269665	237.40463257
7.19999985	-10.61269665	241.37240601
7.20399985	-10.77325249	237.40463257
7.20799985	-10.77325249	241.37240601
7.21199985	-10.77325249	237.40463257
7.21599985	-10.77325249	237.40463257
7.21999985	-10.77325249	237.40463257
7.22399985	-10.77325249	237.40463257
7.22799985	-10.77325249	241.37240601
7.23199985	-10.77325249	237.40463257
7.23599985	-10.77325249	237.40463257
7.23999985	-10.77325249	237.40463257
7.24399985	-10.77325249	237.40463257
7.24799985	-10.61269665	241.37240601
7.25199985	-10.77325249	241.37240601
7.25599985	-10.77325249	241.37240601
7.25999985	-10.77325249	237.40463257
7.26399985	-10.61269665	241.37240601
7.26799985	-10.77325249	241.37240601
7.27199985	-10.77325249	237.40463257
7.27599985	-10.77325249	237.40463257
7.27999985	-10.61269665	241.37240601
7.28399985	-10.77325249	241.37240601
7.28799985	-10.77325249	241.37240601
7.29199985	-10.77325249	237.40463257
7.29599985	-10.61269665	241.37240601
7.29999985	-10.61269665	241.37240601
7.30399985	-10.77325249	241.37240601
7.30799985	-10.77325249	241.37240601
7.31199985	-10.61269665	237.40463257
7.31599985	-10.61269665	237.40463257
7.31999985	-10.61269665	241.37240601
7.32399985	-10.61269665	241.37240601
7.32799985	-10.77325249	245.32478333
7.33199985	-10.77325249	241.37240601
7.33599985	-10.77325249	241.37240601
7.33999985	-10.77325249	237.40463257
7.34399985	-10.61269665	237.40463257
7.34799985	-10.61269665	237.40463257
7.35199985	-10.61269665	241.37240601
7.35599985	-10.77325249	241.37240601
7.35999985	-10.77325249	241.37240601
7.36399985	-10.77325249	241.37240601
7.36799985	-10.61269665	237.40463257
7.37199985	-10.61269665	241.37240601
7.37599985	-10.61269665	241.37240601
7.37999985	-10.77325249	241.37240601
7.38399985	-10.77325249	241.37240601
7.38799985	-10.77325249	241.37240601
7.39199985	-10.77325249	241.37240601
7.39599985	-10.61269665	241.37240601
7.39999984	-10.61269665	241.37240601
7.40399984	-10.77325249	241.37240601
7.40799984	-10.77325249	241.37240601
7.41199984	-10.77325249	241.37240601
7.41599984	-10.77325249	237.40463257
7.41999984	-10.61269665	237.40463257
7.42399984	-10.61269665	241.37240601
7.42799984	-10.77325249	245.32478333
7.43199984	-10.77325249	241.37240601
7.43599984	-10.77325249	241.37240601
7.43999984	-10.77325249	241.37240601
7.44399984	-10.61269665	241.37240601
7.44799984	-10.61269665	241.37240601
7.45199984	-10.61269665	241.37240601
7.45599984	-10.77325249	241.37240601
7.45999984	-10.61269665	241.37240601
7.46399984	-10.77325249	241.37240601
7.46799984	-10.61269665	237.40463257
7.47199984	-10.61269665	241.37240601
7.47599984	-10.61269665	241.37240601
7.47999984	-10.61269665	241.37240601
7.48399984	-10.61269665	241.37240601
7.48799984	-10.77325249	241.37240601
7.49199984	-10.77325249	237.40463257
7.49599984	-10.61269665	241.37240601
7.49999984	-10.61269665	241.37240601
7.50399984	-10.61269665	241.37240601
7.50799984	-10.77325249	237.40463257
7.51199984	-10.77325249	241.37240601
7.51599984	-10.61269665	241.37240601
7.51999984	-10.61269665	245.32478333
7.52399984	-10.77325249	245.32478333
7.52799984	-10.77325249	245.32478333
7.53199984	-10.61269665	241.37240601
7.53599984	-10.61269665	241.37240601
7.53999984	-10.77325249	241.37240601
7.54399984	-10.77325249	241.37240601
7.54799984	-10.77325249	241.37240601
7.55199984	-10.61269665	237.40463257
7.55599984	-10.61269665	241.37240601
7.55999984	-10.77325249	241.37240601
7.56399984	-10.61269665	241.37240601
7.56799984	-10.61269665	245.32478333
7.57199984	-10.61269665	245.32478333
7.57599984	-10.77325249	245.32478333
7.57999984	-10.77325249	241.37240601
7.58399984	-10.61269665	245.32478333
7.58799984	-10.61269665	241.37240601
7.59199984	-10.77325249	245.32478333
7.59599984	-10.77325249	241.37240601
7.59999984	-10.61269665	241.37240601
7.60399984	-10.77325249	245.32478333
7.60799984	-10.77325249	237.40463257
7.61199984	-10.77325249	241.37240601
7.61599984	-10.61269665	245.32478333
7.61999984	-10.61269665	241.37240601
7.62399984	-10.77325249	241.37240601
7.62799984	-10.77325249	241.37240601
7.63199984	-10.61269665	241.37240601
7.63599984	-10.61269665	241.37240601
7.63999984	-10.61269665	241.37240601
7.64399984	-10.77325249	245.32478333
7.64799984	-10.61269665	241.37240601
7.65199984	-10.61269665	245.32478333
7.65599984	-10.61269665	245.32478333
7.65999984	-10.77325249	241.37240601
7.66399984	-10.77325249	241.37240601
7.66799984	-10.61269665	241.37240601
7.67199984	-10.61269665	245.32478333
7.67599984	-10.77325249	245.32478333
7.67999984	-10.77325249	245.32478333
7.68399984	-10.77325249	241.37240601
7.68799984	-10.61269665	241.37240601
7.69199984	-10.61269665	245.32478333
7.69599984	-10.61269665	245.32478333
7.69999984	-10.77325249	245.32478333
7.70399984	-10.77325249	245.32478333
7.70799984	-10.77325249	241.37240601
7.71199984	-10.77325249	241.37240601
7.71599984	-10.61269665	241.37240601
7.71999984	-10.61269665	241.37240601
7.72399984	-10.61269665	245.32478333
7.72799984	-10.77325249	245.32478333
7.73199984	-10.77325249	245.32478333
7.73599984	-10.77325249	241.37240601
7.73999984	-10.61269665	241.37240601
7.74399984	-10.61269665	241.37240601
7.74799984	-10.61269665	241.37240601
7.75199983	-10.77325249	245.32478333
7.75599983	-10.77325249	241.37240601
7.75999983	-10.77325249	245.32478333
7.76399983	-10.61269665	241.37240601
7.76799983	-10.61269665	241.37240601
7.77199983	-10.61269665	241.37240601
7.77599983	-10.61269665	245.32478333
7.77999983	-10.77325249	245.32478333
7.78399983	-10.77325249	245.32478333
7.78799983	-10.77325249	241.37240601
7.79199983	-10.61269665	245.32478333
7.79599983	-10.61269665	245.32478333
7.79999983	-10.61269665	245.32478333
7.80399983	-10.61269665	245.32478333
7.80799983	-10.77325249	245.32478333
7.81199983	-10.77325249	241.37240601
7.81599983	-10.61269665	237.40463257
7.81999983	-10.61269665	241.37240601
7.82399983	-10.61269665	245.32478333
7.82799983	-10.61269665	245.32478333
7.83199983	-10.77325249	245.32478333
7.83599983	-10.77325249	241.37240601
7.83999983	-10.61269665	241.37240601
7.84399983	-10.61269665	241.37240601
7.84799983	-10.61269665	245.32478333
7.85199983	-10.61269665	249.27717590
7.85599983	-10.61269665	245.32478333
7.85999983	-10.77325249	241.37240601
7.86399983	-10.61269665	241.37240601
7.86799983	-10.61269665	241.37240601
7.87199983	-10.61269665	245.32478333
7.87599983	-10.61269665	245.32478333
7.87999983	-10.77325249	245.32478333
7.88399983	-10.77325249	245.32478333
7.88799983	-10.77325249	241.37240601
7.89199983	-10.61269665	241.37240601
7.89599983	-10.61269665	245.32478333
7.89999983	-10.61269665	245.32478333
7.90399983	-10.61269665	249.27717590
7.90799983	-10.77325249	245.32478333
7.91199983	-10.77325249	241.37240601
7.91599983	-10.61269665	241.37240601
7.91999983	-10.61269665	245.32478333
7.92399983	-10.61269665	245.32478333
7.92799983	-10.61269665	245.32478333
7.93199983	-10.61269665	245.32478333
7.93599983	-10.61269665	241.37240601
7.93999983	-10.61269665	241.37240601
7.94399983	-10.61269665	241.37240601
7.94799983	-10.61269665	245.32478333
7.95199983	-10.45152569	245.32478333
7.95599983	-10.61269665	249.27717590
7.95999983	-10.77325249	245.32478333
7.96399983	-10.77325249	241.37240601
7.96799983	-10.61269665	245.32478333
7.97199983	-10.61269665	245.32478333
7.97599983	-10.61269665	245.32478333
7.97999983	-10.61269665	245.32478333
7.98399983	-10.61269665	245.32478333
7.98799983	-10.61269665	245.32478333
7.99199983	-10.77325249	245.32478333
7.99599983	-10.61269665	245.32478333
7.99999983	-10.61269665	249.27717590
8.00399983	-10.61269665	245.32478333
8.00799983	-10.61269665	245.32478333
8.01199983	-10.61269665	245.32478333
8.01599983	-10.61269665	245.32478333
8.01999983	-10.61269665	245.32478333
8.02399983	-10.61269665	245.32478333
8.02799983	-10.61269665	245.32478333
8.03199983	-10.61269665	245.32478333
8.03599983	-10.61269665	245.32478333
8.03999983	-10.77325249	245.32478333
8.04399983	-10.77325249	241.37240601
8.04799983	-10.61269665	245.32478333
8.05199983	-10.61269665	241.37240601
8.05599983	-10.61269665	245.32478333
8.05999983	-10.61269665	245.32478333
8.06399983	-10.61269665	249.27717590
8.06799983	-10.61269665	245.32478333
8.07199983	-10.61269665	249.27717590
8.07599983	-10.77325249	245.32478333
8.07999983	-10.61269665	245.32478333
8.08399983	-10.45152569	245.32478333
8.08799983	-10.45152569	245.32478333
8.09199983	-10.61269665	245.32478333
8.09599983	-10.61269665	245.32478333
8.09999983	-10.77325249	245.32478333
8.10399982	-10.61269665	241.37240601
8.10799982	-10.61269665	241.37240601
8.11199982	-10.61269665	245.32478333
8.11599982	-10.61269665	245.32478333
8.11999982	-10.61269665	245.32478333
8.12399982	-10.61269665	245.32478333
8.12799982	-10.61269665	245.32478333
8.13199982	-10.61269665	241.37240601
8.13599982	-10.61269665	245.32478333
8.13999982	-10.61269665	241.37240601
8.14399982	-10.61269665	245.32478333
8.14799982	-10.61269665	245.32478333
8.15199982	-10.61269665	245.32478333
8.15599982	-10.61269665	245.32478333
8.15999982	-10.61269665	245.32478333
8.16399982	-10.61269665	245.32478333
8.16799982	-10.61269665	245.32478333
8.17199982	-10.61269665	245.32478333
8.17599982	-10.61269665	245.32478333
8.17999982	-10.61269665	241.37240601
8.18399982	-10.61269665	245.32478333
8.18799982	-10.61269665	245.32478333
8.19199982	-10.61269665	245.32478333
8.19599982	-10.61269665	245.32478333
8.19999982	-10.61269665	245.32478333
8.20399982	-10.61269665	245.32478333
8.20799982	-10.61269665	245.32478333
8.21199982	-10.61269665	245.32478333
8.21599982	-10.61269665	245.32478333
8.21999982	-10.61269665	245.32478333
8.22399982	-10.61269665	245.32478333
8.22799982	-10.61269665	245.32478333
8.23199982	-10.61269665	245.32478333
8.23599982	-10.61269665	249.27717590
8.23999982	-10.61269665	249.27717590
8.24399982	-10.61269665	245.32478333
8.24799982	-10.61269665	245.32478333
8.25199982	-10.61269665	245.32478333
8.25599982	-10.61269665	245.32478333
8.25999982	-10.61269665	245.32478333
8.26399982	-10.61269665	245.32478333
8.26799982	-10.61269665	241.37240601
8.27199982	-10.61269665	245.32478333
8.27599982	-10.61269665	245.32478333
8.27999982	-10.61269665	241.37240601
8.28399982	-10.61269665	245.32478333
8.28799982	-10.61269665	245.32478333
8.29199982	-10.61269665	249.27717590
8.29599982	-10.77325249	245.32478333
8.29999982	-10.61269665	245.32478333
8.30399982	-10.61269665	245.32478333
8.30799982	-10.61269665	245.32478333
8.31199982	-10.61269665	249.27717590
8.31599982	-10.61269665	249.27717590
8.31999982	-10.61269665	245.32478333
8.32399982	-10.61269665	245.32478333
8.32799982	-10.61269665	245.32478333
8.33199982	-10.45152569	245.32478333
8.33599982	-10.45152569	245.32478333
8.33999982	-10.61269665	249.27717590
8.34399982	-10.77325249	245.32478333
8.34799982	-10.77325249	245.32478333
8.35199982	-10.61269665	241.37240601
8.35599982	-10.61269665	245.32478333
8.35999982	-10.61269665	245.32478333
8.36399982	-10.61269665	245.32478333
8.36799982	-10.61269665	249.27717590
8.37199982	-10.61269665	249.27717590
8.37599982	-10.77325249	245.32478333
8.37999982	-10.61269665	245.32478333
8.38399982	-10.61269665	245.32478333
8.38799982	-10.45152569	245.32478333
8.39199982	-10.61269665	249.27717590
8.39599982	-10.61269665	245.32478333
8.39999982	-10.77325249	245.32478333
8.40399982	-10.61269665	241.37240601
8.40799982	-10.61269665	245.32478333
8.41199982	-10.61269665	241.37240601
8.41599982	-10.61269665	249.27717590
8.41999982	-10.61269665	249.27717590
8.42399982	-10.61269665	245.32478333
8.42799982	-10.61269665	245.32478333
8.43199982	-10.61269665	245.32478333
8.43599982	-10.61269665	245.32478333
8.43999982	-10.45152569	245.32478333
8.44399982	-10.61269665	249.27717590
8.44799982	-10.61269665	249.27717590
8.45199982	-10.77325249	249.27717590
8.45599982	-10.61269665	241.37240601
8.45999981	-10.45152569	241.37240601
8.46399981	-10.45152569	245.32478333
8.46799981	-10.61269665	245.32478333
8.47199981	-10.61269665	245.32478333
8.47599981	-10.61269665	245.32478333
8.47999981	-10.61269665	245.32478333
8.48399981	-10.61269665	245.32478333
8.48799981	-10.61269665	249.27717590
8.49199981	-10.45152569	245.32478333
8.49599981	-10.45152569	249.27717590
8.49999981	-10.61269665	245.32478333
8.50399981	-10.61269665	245.32478333
8.50799981	-10.77325249	245.32478333
8.51199981	-10.61269665	245.32478333
8.51599981	-10.45152569	245.32478333
8.51999981	-10.45152569	245.32478333
8.52399981	-10.61269665	245.32478333
8.52799981	-10.61269665	245.32478333
8.53199981	-10.61269665	249.27717590
8.53599981	-10.61269665	245.32478333
8.53999981	-10.61269665	245.32478333
8.54399981	-10.61269665	245.32478333
8.54799981	-10.45152569	241.37240601
8.55199981	-10.45152569	245.32478333
8.55599981	-10.61269665	245.32478333
8.55999981	-10.77325249	245.32478333
8.56399981	-10.61269665	245.32478333
8.56799981	-10.61269665	241.37240601
8.57199981	-10.61269665	245.32478333
8.57599981	-10.61269665	245.32478333
8.57999981	-10.45152569	245.32478333
8.58399981	-10.61269665	245.32478333
8.58799981	-10.61269665	245.32478333
8.59199981	-10.77325249	245.32478333
8.59599981	-10.61269665	245.32478333
8.59999981	-10.61269665	245.32478333
8.60399981	-10.45152569	245.32478333
8.60799981	-10.61269665	245.32478333
8.61199981	-10.61269665	245.32478333
8.61599981	-10.61269665	245.32478333
8.61999981	-10.61269665	245.32478333
8.62399981	-10.61269665	245.32478333
8.62799981	-10.61269665	245.32478333
8.63199981	-10.45152569	245.32478333
8.63599981	-10.61269665	249.27717590
8.63999981	-10.61269665	245.32478333
8.64399981	-10.61269665	245.32478333
8.64799981	-10.61269665	241.37240601
8.65199981	-10.45152569	241.37240601
8.65599981	-10.61269665	245.32478333
8.65999981	-10.61269665	245.32478333
8.66399981	-10.61269665	245.32478333
8.66799981	-10.61269665	245.32478333
8.67199981	-10.61269665	249.27717590
8.67599981	-10.61269665	245.32478333
8.67999981	-10.61269665	245.32478333
8.68399981	-10.45152569	249.27717590
8.68799981	-10.45152569	245.32478333
8.69199981	-10.61269665	245.32478333
8.69599981	-10.61269665	241.37240601
8.69999981	-10.61269665	241.37240601
8.70399981	-10.61269665	245.32478333
8.70799981	-10.61269665	245.32478333
8.71199981	-10.61269665	249.27717590
8.71599981	-10.61269665	245.32478333
8.71999981	-10.61269665	245.32478333
8.72399981	-10.61269665	245.32478333
8.72799981	-10.61269665	245.32478333
8.73199981	-10.61269665	245.32478333
8.73599981	-10.61269665	245.32478333
8.73999981	-10.61269665	245.32478333
8.74399981	-10.61269665	245.32478333
8.74799981	-10.61269665	245.32478333
8.75199981	-10.61269665	245.32478333
8.75599981	-10.61269665	245.32478333
8.75999981	-10.61269665	245.32478333
8.76399981	-10.61269665	245.32478333
8.76799981	-10.61269665	245.32478333
8.77199981	-10.45152569	245.32478333
8.77599981	-10.61269665	245.32478333
8.77999981	-10.61269665	245.32478333
8.78399981	-10.61269665	249.27717590
8.78799981	-10.61269665	245.32478333
8.79199981	-10.61269665	241.37240601
8.79599981	-10.45152569	245.32478333
8.79999981	-10.45152569	245.32478333
8.80399981	-10.61269665	245.32478333
8.80799981	-10.61269665	241.37240601
8.81199980	-10.61269665	245.32478333
8.81599980	-10.61269665	245.32478333
8.81999980	-10.61269665	245.32478333
8.82399980	-10.61269665	245.32478333
8.82799980	-10.61269665	245.32478333
8.83199980	-10.61269665	245.32478333
8.83599980	-10.61269665	249.27717590
8.83999980	-10.61269665	245.32478333
8.84399980	-10.45152569	241.37240601
8.84799980	-10.61269665	245.32478333
8.85199980	-10.61269665	245.32478333
8.85599980	-10.61269665	245.32478333
8.85999980	-10.61269665	245.32478333
8.86399980	-10.61269665	241.37240601
8.86799980	-10.61269665	241.37240601
8.87199980	-10.61269665	245.32478333
8.87599980	-10.61269665	241.37240601
8.87999980	-10.61269665	245.32478333
8.88399980	-10.61269665	249.27717590
8.88799980	-10.61269665	245.32478333
8.89199980	-10.61269665	241.37240601
8.89599980	-10.45152569	245.32478333
8.89999980	-10.45152569	245.32478333
8.90399980	-10.61269665	249.27717590
8.90799980	-10.61269665	245.32478333
8.91199980	-10.61269665	245.32478333
8.91599980	-10.45152569	245.32478333
8.91999980	-10.61269665	245.32478333
8.92399980	-10.61269665	245.32478333
8.92799980	-10.61269665	245.32478333
8.93199980	-10.61269665	249.27717590
8.93599980	-10.61269665	245.32478333
8.93999980	-10.61269665	245.32478333
8.94399980	-10.61269665	245.32478333
8.94799980	-10.45152569	245.32478333
8.95199980	-10.61269665	245.32478333
8.95599980	-10.61269665	245.32478333
8.95999980	-10.61269665	245.32478333
8.96399980	-10.61269665	245.32478333
8.96799980	-10.61269665	245.32478333
8.97199980	-10.61269665	245.32478333
8.97599980	-10.45152569	245.32478333
8.97999980	-10.45152569	245.32478333
8.98399980	-10.45152569	241.37240601
8.98799980	-10.61269665	245.32478333
8.99199980	-10.61269665	245.32478333
8.99599980	-10.61269665	241.37240601
8.99999980	-10.45152569	241.37240601
9.00399980	-10.45152569	245.32478333
9.00799980	-10.61269665	245.32478333
9.01199980	-10.61269665	245.32478333
9.01599980	-10.61269665	245.32478333
9.01999980	-10.45152569	241.37240601
9.02399980	-10.61269665	241.37240601
9.02799980	-10.61269665	245.32478333
9.03199980	-10.45152569	245.32478333
9.03599980	-10.45152569	249.27717590
9.03999980	-10.61269665	245.32478333
9.04399980	-10.61269665	241.37240601
9.04799980	-10.61269665	237.40463257
9.05199980	-10.45152569	241.37240601
9.05599980	-10.45152569	245.32478333
9.05999980	-10.61269665	245.32478333
9.06399980	-10.61269665	245.32478333
9.06799980	-10.61269665	241.37240601
9.07199980	-10.61269665	241.37240601
9.07599980	-10.61269665	245.32478333
9.07999980	-10.45152569	245.32478333
9.08399980	-10.45152569	241.37240601
9.08799980	-10.61269665	245.32478333
9.09199980	-10.61269665	245.32478333
9.09599980	-10.77325249	241.37240601
9.09999980	-10.61269665	237.40463257
9.10399980	-10.45152569	237.40463257
9.10799980	-10.45152569	245.32478333
9.11199980	-10.61269665	245.32478333
9.11599980	-10.61269665	241.37240601
9.11999980	-10.61269665	245.32478333
9.12399980	-10.61269665	241.37240601
9.12799980	-10.45152569	241.37240601
9.13199980	-10.45152569	241.37240601
9.13599980	-10.45152569	241.37240601
9.13999980	-10.61269665	241.37240601
9.14399980	-10.61269665	241.37240601
9.14799980	-10.61269665	245.32478333
9.15199980	-10.45152569	241.37240601
9.15599980	-10.61269665	241.37240601
9.15999980	-10.45152569	245.32478333
9.16399980	-10.45152569	245.32478333
9.16799979	-10.45152569	241.37240601
9.17199979	-10.61269665	245.32478333
9.17599979	-10.61269665	241.37240601
9.17999979	-10.61269665	241.37240601
9.18399979	-10.45152569	241.37240601
9.18799979	-10.61269665	245.32478333
9.19199979	-10.61269665	245.32478333
9.19599979	-10.61269665	245.32478333
9.19999979	-10.61269665	245.32478333
9.20399979	-10.45152569	241.37240601
9.20799979	-10.45152569	241.37240601
9.21199979	-10.45152569	245.32478333
9.21599979	-10.61269665	245.32478333
9.21999979	-10.61269665	245.32478333
9.22399979	-10.61269665	241.37240601
9.22799979	-10.61269665	241.37240601
9.23199979	-10.61269665	245.32478333
9.23599979	-10.45152569	241.37240601
9.23999979	-10.45152569	241.37240601
9.24399979	-10.45152569	245.32478333
9.24799979	-10.61269665	241.37240601
9.25199979	-10.61269665	241.37240601
9.25599979	-10.61269665	237.40463257
9.25999979	-10.45152569	241.37240601
9.26399979	-10.45152569	245.32478333
9.26799979	-10.45152569	245.32478333
9.27199979	-10.45152569	245.32478333
9.27599979	-10.61269665	241.37240601
9.27999979	-10.61269665	241.37240601
9.28399979	-10.45152569	241.37240601
9.28799979	-10.45152569	245.32478333
9.29199979	-10.45152569	245.32478333
9.29599979	-10.45152569	245.32478333
9.29999979	-10.61269665	245.32478333
9.30399979	-10.61269665	241.37240601
9.30799979	-10.61269665	241.37240601
9.31199979	-10.45152569	241.37240601
9.31599979	-10.45152569	241.37240601
9.31999979	-10.45152569	241.37240601
9.32399979	-10.45152569	241.37240601
9.32799979	-10.61269665	245.32478333
9.33199979	-10.61269665	241.37240601
9.33599979	-10.61269665	241.37240601
9.33999979	-10.45152569	241.37240601
9.34399979	-10.45152569	241.37240601
9.34799979	-10.45152569	241.37240601
9.35199979	-10.45152569	241.37240601
9.35599979	-10.45152569	241.37240601
9.35999979	-10.61269665	241.37240601
9.36399979	-10.61269665	241.37240601
9.36799979	-10.61269665	241.37240601
9.37199979	-10.45152569	241.37240601
9.37599979	-10.29096985	241.37240601
9.37999979	-10.45152569	241.37240601
9.38399979	-10.61269665	245.32478333
9.38799979	-10.61269665	241.37240601
9.39199979	-10.45152569	241.37240601
9.39599979	-10.45152569	241.37240601
9.39999979	-10.45152569	241.37240601
9.40399979	-10.45152569	241.37240601
9.40799979	-10.45152569	245.32478333
9.41199979	-10.45152569	245.32478333
9.41599979	-10.61269665	241.37240601
9.41999979	-10.45152569	237.40463257
9.42399979	-10.45152569	241.37240601
9.42799979	-10.45152569	241.37240601
9.43199979	-10.45152569	245.32478333
9.43599979	-10.45152569	241.37240601
9.43999979	-10.61269665	241.37240601
9.44399979	-10.45152569	237.40463257
9.44799979	-10.45152569	237.40463257
9.45199979	-10.45152569	241.37240601
9.45599979	-10.45152569	241.37240601
9.45999979	-10.45152569	241.37240601
9.46399979	-10.45152569	241.37240601
9.46799979	-10.61269665	241.37240601
9.47199979	-10.45152569	241.37240601
9.47599979	-10.45152569	241.37240601
9.47999979	-10.45152569	241.37240601
9.48399979	-10.45152569	241.37240601
9.48799979	-10.61269665	245.32478333
9.49199979	-10.45152569	241.37240601
9.49599979	-10.45152569	237.40463257
9.49999979	-10.45152569	241.37240601
9.50399979	-10.45152569	241.37240601
9.50799979	-10.45152569	241.37240601
9.51199979	-10.45152569	237.40463257
9.51599979	-10.45152569	241.37240601
9.51999978	-10.45152569	241.37240601
9.52399978	-10.45152569	241.37240601
9.52799978	-10.45152569	241.37240601
9.53199978	-10.45152569	245.32478333
9.53599978	-10.45152569	241.37240601
9.53999978	-10.45152569	241.37240601
9.54399978	-10.45152569	237.40463257
9.54799978	-10.61269665	241.37240601
9.55199978	-10.45152569	241.37240601
9.55599978	-10.45152569	241.37240601
9.55999978	-10.45152569	241.37240601
9.56399978	-10.45152569	241.37240601
9.56799978	-10.45152569	241.37240601
9.57199978	-10.61269665	241.37240601
9.57599978	-10.61269665	241.37240601
9.57999978	-10.61269665	237.40463257
9.58399978	-10.45152569	237.40463257
9.58799978	-10.29096985	241.37240601
9.59199978	-10.45152569	237.40463257
9.59599978	-10.45152569	241.37240601
9.59999978	-10.61269665	241.37240601
9.60399978	-10.45152569	241.37240601
9.60799978	-10.45152569	241.37240601
9.61199978	-10.45152569	237.40463257
9.61599978	-10.45152569	241.37240601
9.61999978	-10.45152569	241.37240601
9.62399978	-10.45152569	241.37240601
9.62799978	-10.45152569	241.37240601
9.63199978	-10.45152569	237.40463257
9.63599978	-10.45152569	241.37240601
9.63999978	-10.45152569	237.40463257
9.64399978	-10.45152569	241.37240601
9.64799978	-10.45152569	241.37240601
9.65199978	-10.45152569	241.37240601
9.65599978	-10.61269665	237.40463257
9.65999978	-10.45152569	237.40463257
9.66399978	-10.45152569	237.40463257
9.66799978	-10.45152569	237.40463257
9.67199978	-10.45152569	241.37240601
9.67599978	-10.45152569	237.40463257
9.67999978	-10.61269665	241.37240601
9.68399978	-10.61269665	241.37240601
9.68799978	-10.45152569	237.40463257
9.69199978	-10.45152569	237.40463257
9.69599978	-10.45152569	241.37240601
9.69999978	-10.45152569	241.37240601
9.70399978	-10.61269665	241.37240601
9.70799978	-10.61269665	237.40463257
9.71199978	-10.45152569	237.40463257
9.71599978	-10.45152569	237.40463257
9.71999978	-10.45152569	237.40463257
9.72399978	-10.45152569	241.37240601
9.72799978	-10.45152569	241.37240601
9.73199978	-10.45152569	237.40463257
9.73599978	-10.61269665	237.40463257
9.73999978	-10.45152569	233.45223999
9.74399978	-10.45152569	237.40463257
9.74799978	-10.45152569	237.40463257
9.75199978	-10.45152569	241.37240601
9.75599978	-10.45152569	237.40463257
9.75999978	-10.45152569	237.40463257
9.76399978	-10.61269665	237.40463257
9.76799978	-10.45152569	237.40463257
9.77199978	-10.45152569	237.40463257
9.77599978	-10.45152569	241.37240601
9.77999978	-10.45152569	241.37240601
9.78399978	-10.45152569	237.40463257
9.78799978	-10.45152569	237.40463257
9.79199978	-10.61269665	241.37240601
9.79599978	-10.61269665	237.40463257
9.79999978	-10.45152569	237.40463257
9.80399978	-10.45152569	237.40463257
9.80799978	-10.45152569	237.40463257
9.81199978	-10.29096985	233.45223999
9.81599978	-10.45152569	241.37240601
9.81999978	-10.45152569	241.37240601
9.82399978	-10.45152569	241.37240601
9.82799978	-10.45152569	237.40463257
9.83199978	-10.45152569	233.45223999
9.83599978	-10.45152569	237.40463257
9.83999978	-10.29096985	233.45223999
9.84399978	-10.45152569	237.40463257
9.84799978	-10.45152569	237.40463257
9.85199978	-10.45152569	237.40463257
9.85599978	-10.45152569	237.40463257
9.85999978	-10.45152569	237.40463257
9.86399978	-10.45152569	233.45223999
9.86799978	-10.45152569	237.40463257
9.87199977	-10.45152569	237.40463257
9.87599977	-10.45152569	237.40463257
9.87999977	-10.45152569	237.40463257
9.88399977	-10.45152569	237.40463257
9.88799977	-10.45152569	237.40463257
9.89199977	-10.29096985	233.45223999
9.89599977	-10.45152569	241.37240601
9.89999977	-10.45152569	241.37240601
9.90399977	-10.45152569	237.40463257
9.90799977	-10.45152569	237.40463257
9.91199977	-10.45152569	233.45223999
9.91599977	-10.45152569	233.45223999
9.91999977	-10.45152569	237.40463257
9.92399977	-10.45152569	237.40463257
9.92799977	-10.45152569	237.40463257
9.93199977	-10.45152569	237.40463257
9.93599977	-10.45152569	237.40463257
9.93999977	-10.45152569	233.45223999
9.94399977	-10.29096985	233.45223999
9.94799977	-10.29096985	237.40463257
9.95199977	-10.45152569	237.40463257
9.95599977	-10.45152569	233.45223999
9.95999977	-10.45152569	233.45223999
9.96399977	-10.29096985	233.45223999
9.96799977	-10.45152569	233.45223999
9.97199977	-10.45152569	237.40463257
9.97599977	-10.45152569	233.45223999
9.97999977	-10.29096985	237.40463257
9.98399977	-10.45152569	237.40463257
9.98799977	-10.45152569	237.40463257
9.99199977	-10.45152569	237.40463257
9.99599977	-10.45152569	233.45223999
9.99999977	-10.29096985	233.45223999
10.00399977	-10.45152569	237.40463257
10.00799977	-10.45152569	237.40463257
10.01199977	-10.45152569	233.45223999
10.01599977	-10.45152569	237.40463257
10.01999977	-10.29096985	233.45223999
10.02399977	-10.29096985	233.45223999
10.02799977	-10.45152569	233.45223999
10.03199977	-10.29096985	233.45223999
10.03599977	-10.45152569	237.40463257
10.03999977	-10.45152569	233.45223999
10.04399977	-10.45152569	237.40463257
10.04799977	-10.29096985	233.45223999
10.05199977	-10.29096985	233.45223999
10.05599977	-10.29096985	233.45223999
10.05999977	-10.45152569	237.40463257
10.06399977	-10.45152569	237.40463257
10.06799977	-10.45152569	237.40463257
10.07199977	-10.45152569	233.45223999
10.07599977	-10.45152569	229.49986267
10.07999977	-10.29096985	237.40463257
10.08399977	-10.29096985	233.45223999
10.08799977	-10.29096985	237.40463257
10.09199977	-10.45152569	237.40463257
10.09599977	-10.61269665	237.40463257
10.09999977	-10.45152569	229.49986267
10.10399977	-10.29096985	233.45223999
10.10799977	-10.29096985	233.45223999
10.11199977	-10.45152569	237.40463257
10.11599977	-10.45152569	237.40463257
10.11999977	-10.45152569	237.40463257
10.12399977	-10.45152569	229.49986267
10.12799977	-10.45152569	233.45223999
10.13199977	-10.29096985	229.49986267
10.13599977	-10.29096985	233.45223999
10.13999977	-10.29096985	237.40463257
10.14399977	-10.45152569	241.37240601
10.14799977	-10.61269665	233.45223999
10.15199977	-10.45152569	229.49986267
10.15599977	-10.29096985	229.49986267
10.15999977	-10.29096985	233.45223999
10.16399977	-10.29096985	233.45223999
10.16799977	-10.29096985	233.45223999
10.17199977	-10.45152569	233.45223999
10.17599977	-10.45152569	233.45223999
10.17999977	-10.61269665	229.49986267
10.18399977	-10.45152569	229.49986267
10.18799977	-10.13041306	233.45223999
10.19199977	-10.13041306	233.45223999
10.19599977	-10.29096985	237.40463257
10.19999977	-10.45152569	233.45223999
10.20399977	-10.45152569	233.45223999
10.20799977	-10.45152569	229.49986267
10.21199977	-10.29096985	229.49986267
10.21599977	-10.29096985	233.45223999
10.21999977	-10.13041306	237.40463257
10.22399977	-10.29096985	233.45223999
10.22799976	-10.45152569	237.40463257
10.23199976	-10.61269665	233.45223999
10.23599976	-10.45152569	225.53210449
10.23999976	-10.29096985	225.53210449
10.24399976	-10.13041306	233.45223999
10.24799976	-10.29096985	237.40463257
10.25199976	-10.45152569	237.40463257
10.25599976	-10.45152569	233.45223999
10.25999976	-10.45152569	229.49986267
10.26399976	-10.45152569	229.49986267
10.26799976	-10.29096985	229.49986267
10.27199976	-10.13041306	233.45223999
10.27599976	-10.13041306	233.45223999
10.27999976	-10.45152569	233.45223999
10.28399976	-10.61269665	229.49986267
10.28799976	-10.45152569	229.49986267
10.29199976	-10.29096985	225.53210449
10.29599976	-10.13041306	229.49986267
10.29999976	-10.13041306	233.45223999
10.30399976	-10.29096985	237.40463257
10.30799976	-10.45152569	233.45223999
10.31199976	-10.45152569	233.45223999
10.31599976	-10.61269665	229.49986267
10.31999976	-10.45152569	225.53210449
10.32399976	-10.29096985	229.49986267
10.32799976	-10.13041306	229.49986267
10.33199976	-10.13041306	233.45223999
10.33599976	-10.45152569	229.49986267
10.33999976	-10.45152569	229.49986267
10.34399976	-10.45152569	225.53210449
10.34799976	-10.29096985	229.49986267
10.35199976	-10.29096985	233.45223999
10.35599976	-10.29096985	233.45223999
10.35999976	-10.29096985	233.45223999
10.36399976	-10.29096985	229.49986267
10.36799976	-10.45152569	229.49986267
10.37199976	-10.45152569	229.49986267
10.37599976	-10.29096985	229.49986267
10.37999976	-10.13041306	229.49986267
10.38399976	-10.13041306	233.45223999
10.38799976	-10.29096985	233.45223999
10.39199976	-10.45152569	229.49986267
10.39599976	-10.45152569	225.53210449
10.39999976	-10.45152569	229.49986267
10.40399976	-10.29096985	225.53210449
10.40799976	-10.29096985	229.49986267
10.41199976	-10.29096985	229.49986267
10.41599976	-10.29096985	229.49986267
10.41999976	-10.45152569	233.45223999
10.42399976	-10.45152569	229.49986267
10.42799976	-10.29096985	229.49986267
10.43199976	-10.29096985	229.49986267
10.43599976	-10.29096985	229.49986267
10.43999976	-10.29096985	229.49986267
10.44399976	-10.29096985	229.49986267
10.44799976	-10.29096985	233.45223999
10.45199976	-10.45152569	229.49986267
10.45599976	-10.45152569	225.53210449
10.45999976	-10.29096985	225.53210449
10.46399976	-10.29096985	229.49986267
10.46799976	-10.29096985	233.45223999
10.47199976	-10.29096985	229.49986267
10.47599976	-10.45152569	229.49986267
10.47999976	-10.45152569	229.49986267
10.48399976	-10.29096985	225.53210449
10.48799976	-10.29096985	229.49986267
10.49199976	-10.29096985	225.53210449
10.49599976	-10.29096985	229.49986267
10.49999976	-10.29096985	229.49986267
10.50399976	-10.29096985	229.49986267
10.50799976	-10.45152569	229.49986267
10.51199976	-10.45152569	225.53210449
10.51599976	-10.29096985	225.53210449
10.51999976	-10.29096985	225.53210449
10.52399976	-10.45152569	229.49986267
10.52799976	-10.45152569	225.53210449
10.53199976	-10.45152569	225.53210449
10.53599976	-10.29096985	225.53210449
10.53999976	-10.29096985	225.53210449
10.54399976	-10.29096985	229.49986267
10.54799976	-10.29096985	229.49986267
10.55199976	-10.45152569	229.49986267
10.55599976	-10.45152569	229.49986267
10.55999976	-10.45152569	225.53210449
10.56399976	-10.29096985	221.57971191
10.56799976	-10.29096985	225.53210449
10.57199976	-10.29096985	225.53210449
10.57599976	-10.45152569	229.49986267
10.57999975	-10.45152569	229.49986267
10.58399975	-10.45152569	225.53210449
10.58799975	-10.29096985	221.57971191
10.59199975	-10.29096985	225.53210449
10.59599975	-10.29096985	229.49986267
10.59999975	-10.29096985	229.49986267
10.60399975	-10.29096985	229.49986267
10.60799975	-10.45152569	225.53210449
10.61199975	-10.45152569	225.53210449
10.61599975	-10.29096985	225.53210449
10.61999975	-10.29096985	229.49986267
10.62399975	-10.29096985	229.49986267
10.62799975	-10.29096985	229.49986267
10.63199975	-10.45152569	229.49986267
10.63599975	-10.45152569	225.53210449
10.63999975	-10.29096985	225.53210449
10.64399975	-10.29096985	225.53210449
10.64799975	-10.29096985	229.49986267
10.65199975	-10.29096985	229.49986267
10.65599975	-10.29096985	229.49986267
10.65999975	-10.45152569	225.53210449
10.66399975	-10.45152569	221.57971191
10.66799975	-10.29096985	221.57971191
10.67199975	-10.13041306	225.53210449
10.67599975	-10.29096985	229.49986267
10.67999975	-10.45152569	225.53210449
10.68399975	-10.45152569	225.53210449
10.68799975	-10.29096985	225.53210449
10.69199975	-10.29096985	217.62731934
10.69599975	-10.29096985	225.53210449
10.69999975	-10.13041306	225.53210449
10.70399975	-10.29096985	229.49986267
10.70799975	-10.29096985	229.49986267
10.71199975	-10.45152569	225.53210449
10.71599975	-10.29096985	225.53210449
10.71999975	-10.29096985	221.57971191
10.72399975	-10.29096985	225.53210449
10.72799975	-10.29096985	225.53210449
10.73199975	-10.45152569	225.53210449
10.73599975	-10.45152569	225.53210449
10.73999975	-10.29096985	221.57971191
10.74399975	-10.29096985	225.53210449
10.74799975	-10.29096985	221.57971191
10.75199975	-10.29096985	229.49986267
10.75599975	-10.29096985	225.53210449
10.75999975	-10.29096985	221.57971191
10.76399975	-10.29096985	221.57971191
10.76799975	-10.29096985	221.57971191
10.77199975	-10.29096985	221.57971191
10.77599975	-10.29096985	225.53210449
10.77999975	-10.29096985	221.57971191
10.78399975	-10.29096985	225.53210449
10.78799975	-10.45152569	221.57971191
10.79199975	-10.29096985	221.57971191
10.79599975	-10.29096985	221.57971191
10.79999975	-10.29096985	225.53210449
10.80399975	-10.29096985	225.53210449
10.80799975	-10.29096985	221.57971191
10.81199975	-10.29096985	221.57971191
10.81599975	-10.29096985	221.57971191
10.81999975	-10.29096985	221.57971191
10.82399975	-10.29096985	225.53210449
10.82799975	-10.29096985	221.57971191
10.83199975	-10.29096985	221.57971191
10.83599975	-10.29096985	225.53210449
10.83999975	-10.29096985	221.57971191
10.84399975	-10.29096985	221.57971191
10.84799975	-10.45152569	221.57971191
10.85199975	-10.29096985	225.53210449
10.85599975	-10.29096985	221.57971191
10.85999975	-10.29096985	221.57971191
10.86399975	-10.29096985	221.57971191
10.86799975	-10.29096985	225.53210449
10.87199975	-10.29096985	225.53210449
10.87599975	-10.29096985	221.57971191
10.87999975	-10.29096985	225.53210449
10.88399975	-10.29096985	221.57971191
10.88799975	-10.29096985	221.57971191
10.89199975	-10.29096985	221.57971191
10.89599975	-10.29096985	225.53210449
10.89999975	-10.45152569	221.57971191
10.90399975	-10.29096985	221.57971191
10.90799975	-10.29096985	221.57971191
10.91199975	-10.29096985	221.57971191
10.91599975	-10.29096985	221.57971191
10.91999975	-10.29096985	221.57971191
10.92399975	-10.29096985	221.57971191
10.92799975	-10.29096985	221.57971191
10.93199975	-10.29096985	221.57971191
10.93599974	-10.29096985	217.62731934
10.93999974	-10.13041306	217.62731934
10.94399974	-10.13041306	221.57971191
10.94799974	-10.29096985	221.57971191
10.95199974	-10.45152569	221.57971191
10.95599974	-10.29096985	221.57971191
10.95999974	-10.29096985	217.62731934
10.96399974	-10.29096985	217.62731934
10.96799974	-10.29096985	221.57971191
10.97199974	-10.29096985	217.62731934
10.97599974	-10.29096985	225.53210449
10.97999974	-10.29096985	221.57971191
10.98399974	-10.29096985	221.57971191
10.98799974	-10.29096985	217.62731934
10.99199974	-10.29096985	217.62731934
10.99599974	-10.13041306	221.57971191
10.99999974	-10.29096985	221.57971191
11.00399974	-10.29096985	221.57971191
11.00799974	-10.29096985	217.62731934
11.01199974	-10.29096985	217.62731934
11.01599974	-10.29096985	217.62731934
11.01999974	-10.29096985	217.62731934
11.02399974	-10.29096985	221.57971191
11.02799974	-10.13041306	221.57971191
11.03199974	-10.29096985	221.57971191
11.03599974	-10.45152569	217.62731934
11.03999974	-10.29096985	217.62731934
11.04399974	-10.29096985	217.62731934
11.04799974	-10.13041306	217.62731934
11.05199974	-10.29096985	217.62731934
11.05599974	-10.29096985	217.62731934
11.05999974	-10.29096985	217.62731934
11.06399974	-10.29096985	217.62731934
11.06799974	-10.29096985	217.62731934
11.07199974	-10.29096985	217.62731934
11.07599974	-10.29096985	217.62731934
11.07999974	-10.29096985	217.62731934
11.08399974	-10.29096985	217.62731934
11.08799974	-10.29096985	217.62731934
11.09199974	-10.29096985	217.62731934
11.09599974	-10.29096985	217.62731934
11.09999974	-10.29096985	217.62731934
11.10399974	-10.29096985	221.57971191
11.10799974	-10.29096985	217.62731934
11.11199974	-10.29096985	217.62731934
11.11599974	-10.29096985	217.62731934
11.11999974	-10.29096985	217.62731934
11.12399974	-10.29096985	217.62731934
11.12799974	-10.29096985	217.62731934
11.13199974	-10.29096985	217.62731934
11.13599974	-10.29096985	217.62731934
11.13999974	-10.29096985	213.67494202
11.14399974	-10.29096985	217.62731934
11.14799974	-10.29096985	217.62731934
11.15199974	-10.29096985	217.62731934
11.15599974	-10.29096985	213.67494202
11.15999974	-10.29096985	217.62731934
11.16399974	-10.13041306	213.67494202
11.16799974	-10.29096985	217.62731934
11.17199974	-10.29096985	213.67494202
11.17599974	-10.29096985	213.67494202
11.17999974	-10.29096985	213.67494202
11.18399974	-10.29096985	213.67494202
11.18799974	-10.29096985	213.67494202
11.19199974	-10.29096985	217.62731934
11.19599974	-10.29096985	213.67494202
11.19999974	-10.13041306	217.62731934
11.20399974	-10.29096985	217.62731934
11.20799974	-10.29096985	213.67494202
11.21199974	-10.29096985	213.67494202
11.21599974	-10.13041306	217.62731934
11.21999974	-10.13041306	213.67494202
11.22399974	-10.29096985	217.62731934
11.22799974	-10.29096985	217.62731934
11.23199974	-10.29096985	217.62731934
11.23599974	-10.29096985	217.62731934
11.23999974	-10.29096985	213.67494202
11.24399974	-10.29096985	217.62731934
11.24799974	-10.13041306	213.67494202
11.25199974	-10.13041306	217.62731934
11.25599974	-10.29096985	217.62731934
11.25999974	-10.29096985	217.62731934
11.26399974	-10.29096985	209.70716858
11.26799974	-10.13041306	213.67494202
11.27199974	-10.13041306	213.67494202
11.27599974	-10.29096985	213.67494202
11.27999974	-10.29096985	213.67494202
11.28399974	-10.29096985	213.67494202
11.28799973	-10.29096985	213.67494202
11.29199973	-10.29096985	213.67494202
11.29599973	-10.29096985	209.70716858
11.29999973	-10.13041306	213.67494202
11.30399973	-10.13041306	213.67494202
11.30799973	-10.29096985	217.62731934
11.31199973	-10.29096985	217.62731934
11.31599973	-10.29096985	213.67494202
11.31999973	-10.29096985	213.67494202
11.32399973	-10.13041306	209.70716858
11.32799973	-10.13041306	213.67494202
11.33199973	-10.29096985	213.67494202
11.33599973	-10.29096985	213.67494202
11.33999973	-10.29096985	213.67494202
11.34399973	-10.29096985	213.67494202
11.34799973	-10.29096985	213.67494202
11.35199973	-10.13041306	209.70716858
11.35599973	-10.13041306	213.67494202
11.35999973	-10.29096985	213.67494202
11.36399973	-10.29096985	213.67494202
11.36799973	-10.29096985	209.70716858
11.37199973	-10.29096985	209.70716858
11.37599973	-10.13041306	209.70716858
11.37999973	-10.13041306	213.67494202
11.38399973	-10.29096985	213.67494202
11.38799973	-10.29096985	213.67494202
11.39199973	-10.29096985	209.70716858
11.39599973	-10.29096985	209.70716858
11.39999973	-10.13041306	205.75479126
11.40399973	-10.13041306	213.67494202
11.40799973	-10.13041306	213.67494202
11.41199973	-10.29096985	213.67494202
11.41599973	-10.29096985	209.70716858
11.41999973	-10.29096985	209.70716858
11.42399973	-10.29096985	209.70716858
11.42799973	-10.13041306	209.70716858
11.43199973	-10.13041306	209.70716858
11.43599973	-10.13041306	209.70716858
11.43999973	-10.13041306	213.67494202
11.44399973	-10.29096985	209.70716858
11.44799973	-10.29096985	205.75479126
11.45199973	-10.29096985	209.70716858
11.45599973	-10.13041306	213.67494202
11.45999973	-10.13041306	209.70716858
11.46399973	-10.13041306	209.70716858
11.46799973	-10.13041306	213.67494202
11.47199973	-10.29096985	209.70716858
11.47599973	-10.29096985	209.70716858
11.47999973	-10.29096985	209.70716858
11.48399973	-9.96924210	205.75479126
11.48799973	-9.96924210	209.70716858
11.49199973	-10.13041306	213.67494202
11.49599973	-10.29096985	213.67494202
11.49999973	-10.45152569	209.70716858
11.50399973	-10.29096985	205.75479126
11.50799973	-10.13041306	205.75479126
11.51199973	-10.13041306	209.70716858
11.51599973	-10.13041306	209.70716858
11.51999973	-10.13041306	209.70716858
11.52399973	-10.29096985	213.67494202
11.52799973	-10.45152569	205.75479126
11.53199973	-10.45152569	205.75479126
11.53599973	-10.29096985	205.75479126
11.53999973	-10.13041306	209.70716858
11.54399973	-10.13041306	213.67494202
11.54799973	-10.13041306	209.70716858
11.55199973	-10.29096985	209.70716858
11.55599973	-10.29096985	209.70716858
11.55999973	-10.29096985	201.80239868
11.56399973	-10.29096985	209.70716858
11.56799973	-9.96924210	209.70716858
11.57199973	-10.13041306	209.70716858
11.57599973	-10.13041306	209.70716858
11.57999973	-10.45152569	209.70716858
11.58399973	-10.45152569	205.75479126
11.58799973	-10.13041306	201.80239868
11.59199973	-9.96924210	205.75479126
11.59599973	-10.13041306	209.70716858
11.59999973	-10.29096985	213.67494202
11.60399973	-10.29096985	205.75479126
11.60799973	-10.29096985	209.70716858
11.61199973	-10.29096985	201.80239868
11.61599973	-10.29096985	205.75479126
11.61999973	-10.13041306	205.75479126
11.62399973	-9.96924210	205.75479126
11.62799973	-10.13041306	209.70716858
11.63199973	-10.29096985	209.70716858
11.63599973	-10.45152569	205.75479126
11.63999972	-10.29096985	201.80239868
11.64399972	-10.13041306	205.75479126
11.64799972	-10.13041306	205.75479126
11.65199972	-10.13041306	209.70716858
11.65599972	-10.13041306	209.70716858
11.65999972	-10.29096985	205.75479126
11.66399972	-10.29096985	205.75479126
11.66799972	-10.29096985	201.80239868
11.67199972	-10.13041306	205.75479126
11.67599972	-9.96924210	201.80239868
11.67999972	-9.96924210	209.70716858
11.68399972	-10.29096985	205.75479126
11.68799972	-10.29096985	201.80239868
11.69199972	-10.29096985	201.80239868
11.69599972	-10.13041306	201.80239868
11.69999972	-10.13041306	205.75479126
11.70399972	-10.13041306	205.75479126
11.70799972	-10.13041306	205.75479126
11.71199972	-10.13041306	205.75479126
11.71599972	-10.29096985	201.80239868
11.71999972	-10.29096985	201.80239868
11.72399972	-10.29096985	201.80239868
11.72799972	-10.13041306	201.80239868
11.73199972	-9.96924210	209.70716858
11.73599972	-10.13041306	205.75479126
11.73999972	-10.29096985	205.75479126
11.74399972	-10.29096985	205.75479126
11.74799972	-10.13041306	201.80239868
11.75199972	-10.13041306	201.80239868
11.75599972	-10.13041306	201.80239868
11.75999972	-10.13041306	205.75479126
11.76399972	-10.29096985	205.75479126
11.76799972	-10.29096985	205.75479126
11.77199972	-10.29096985	201.80239868
11.77599972	-10.29096985	201.80239868
11.77999972	-10.13041306	201.80239868
11.78399972	-10.13041306	201.80239868
11.78799972	-10.13041306	201.80239868
11.79199972	-10.29096985	201.80239868
11.79599972	-10.29096985	201.80239868
11.79999972	-10.29096985	201.80239868
11.80399972	-10.29096985	197.83462524
11.80799972	-10.13041306	205.75479126
11.81199972	-10.13041306	201.80239868
11.81599972	-10.13041306	201.80239868
11.81999972	-10.13041306	201.80239868
11.82399972	-10.29096985	205.75479126
11.82799972	-10.29096985	201.80239868
11.83199972	-10.13041306	201.80239868
11.83599972	-10.13041306	201.80239868
11.83999972	-10.13041306	201.80239868
11.84399972	-10.13041306	201.80239868
11.84799972	-10.13041306	201.80239868
11.85199972	-10.13041306	201.80239868
11.85599972	-10.29096985	197.83462524
11.85999972	-10.29096985	201.80239868
11.86399972	-10.13041306	197.83462524
11.86799972	-10.13041306	197.83462524
11.87199972	-10.13041306	205.75479126
11.87599972	-10.13041306	205.75479126
11.87999972	-10.29096985	201.80239868
11.88399972	-10.29096985	201.80239868
11.88799972	-10.13041306	201.80239868
11.89199972	-10.13041306	197.83462524
11.89599972	-10.13041306	197.83462524
11.89999972	-10.13041306	201.80239868
11.90399972	-10.13041306	201.80239868
11.90799972	-10.29096985	201.80239868
11.91199972	-10.29096985	201.80239868
11.91599972	-10.29096985	197.83462524
11.91999972	-10.13041306	197.83462524
11.92399972	-9.96924210	197.83462524
11.92799972	-9.96924210	201.80239868
11.93199972	-10.29096985	201.80239868
11.93599972	-10.29096985	205.75479126
11.93999972	-10.29096985	193.88224792
11.94399972	-10.29096985	197.83462524
11.94799972	-10.13041306	197.83462524
11.95199972	-9.96924210	201.80239868
11.95599972	-9.96924210	205.75479126
11.95999972	-10.13041306	205.75479126
11.96399972	-10.29096985	201.80239868
11.96799972	-10.29096985	197.83462524
11.97199972	-10.29096985	197.83462524
11.97599972	-9.96924210	193.88224792
11.97999972	-9.96924210	197.83462524
11.98399972	-9.96924210	201.80239868
11.98799972	-10.29096985	197.83462524
11.99199972	-10.29096985	193.88224792
11.99599971	-10.29096985	189.92985535
11.99999971	-10.13041306	193.88224792
12.00399971	-9.96924210	197.83462524
12.00799971	-9.96924210	197.83462524
12.01199971	-10.13041306	201.80239868
12.01599971	-10.29096985	201.80239868
12.01999971	-10.45152569	197.83462524
12.02399971	-10.45152569	193.88224792
12.02799971	-10.13041306	193.88224792
12.03199971	-9.96924210	193.88224792
12.03599971	-9.96924210	197.83462524
12.03999971	-10.13041306	201.80239868
12.04399971	-10.29096985	197.83462524
12.04799971	-10.29096985	197.83462524
12.05199971	-10.29096985	193.88224792
12.05599971	-10.13041306	193.88224792
12.05999971	-9.96924210	193.88224792
12.06399971	-9.80868626	197.83462524
12.06799971	-9.96924210	201.80239868
12.07199971	-10.29096985	193.88224792
12.07599971	-10.45152569	193.88224792
12.07999971	-10.29096985	193.88224792
12.08399971	-9.96924210	193.88224792
12.08799971	-9.96924210	197.83462524
12.09199971	-9.96924210	201.80239868
12.09599971	-10.29096985	201.80239868
12.09999971	-10.29096985	197.83462524
12.10399971	-10.29096985	193.88224792
12.10799971	-10.13041306	193.88224792
12.11199971	-10.13041306	193.88224792
12.11599971	-9.96924210	197.83462524
12.11999971	-9.96924210	197.83462524
12.12399971	-10.13041306	197.83462524
12.12799971	-10.45152569	193.88224792
12.13199971	-10.45152569	189.92985535
12.13599971	-10.13041306	189.92985535
12.13999971	-9.96924210	189.92985535
12.14399971	-9.96924210	193.88224792
12.14799971	-9.96924210	197.83462524
12.15199971	-10.13041306	197.83462524
12.15599971	-10.29096985	193.88224792
12.15999971	-10.29096985	189.92985535
12.16399971	-10.29096985	189.92985535
12.16799971	-9.96924210	193.88224792
12.17199971	-9.80868626	193.88224792
12.17599971	-9.96924210	197.83462524
12.17999971	-10.29096985	193.88224792
12.18399971	-10.29096985	193.88224792
12.18799971	-10.13041306	189.92985535
12.19199971	-10.13041306	193.88224792
12.19599971	-10.13041306	193.88224792
12.19999971	-10.13041306	193.88224792
12.20399971	-9.96924210	189.92985535
12.20799971	-9.96924210	197.83462524
12.21199971	-10.29096985	193.88224792
12.21599971	-10.45152569	189.92985535
12.21999971	-10.13041306	189.92985535
12.22399971	-9.96924210	189.92985535
12.22799971	-9.96924210	193.88224792
12.23199971	-10.13041306	197.83462524
12.23599971	-10.29096985	197.83462524
12.23999971	-10.29096985	193.88224792
12.24399971	-10.13041306	189.92985535
12.24799971	-10.13041306	189.92985535
12.25199971	-10.13041306	189.92985535
12.25599971	-9.96924210	193.88224792
12.25999971	-10.13041306	193.88224792
12.26399971	-10.29096985	193.88224792
12.26799971	-10.29096985	189.92985535
12.27199971	-10.13041306	185.96209717
12.27599971	-10.13041306	189.92985535
12.27999971	-9.96924210	189.92985535
12.28399971	-9.96924210	193.88224792
12.28799971	-10.13041306	193.88224792
12.29199971	-10.13041306	189.92985535
12.29599971	-10.13041306	185.96209717
12.29999971	-10.13041306	189.92985535
12.30399971	-10.13041306	189.92985535
12.30799971	-9.96924210	193.88224792
12.31199971	-10.13041306	185.96209717
12.31599971	-10.13041306	189.92985535
12.31999971	-10.29096985	189.92985535
12.32399971	-10.13041306	189.92985535
12.32799971	-10.13041306	189.92985535
12.33199971	-10.13041306	189.92985535
12.33599971	-10.13041306	189.92985535
12.33999971	-10.13041306	189.92985535
12.34399971	-10.13041306	189.92985535
12.34799970	-10.29096985	189.92985535
12.35199970	-10.13041306	185.96209717
12.35599970	-10.13041306	189.92985535
12.35999970	-9.96924210	189.92985535
12.36399970	-9.96924210	189.92985535
12.36799970	-10.13041306	193.88224792
12.37199970	-10.29096985	189.92985535
12.37599970	-10.13041306	185.96209717
12.37999970	-9.96924210	185.96209717
12.38399970	-9.96924210	189.92985535
12.38799970	-10.13041306	185.96209717
12.39199970	-10.13041306	185.96209717
12.39599970	-10.13041306	185.96209717
12.39999970	-10.13041306	189.92985535
12.40399970	-10.13041306	189.92985535
12.40799970	-10.13041306	185.96209717
12.41199970	-9.96924210	185.96209717
12.41599970	-9.96924210	185.96209717
12.41999970	-10.13041306	189.92985535
12.42399970	-10.29096985	189.92985535
12.42799970	-10.29096985	182.00970459
12.43199970	-10.13041306	185.96209717
12.43599970	-9.96924210	189.92985535
12.43999970	-10.13041306	185.96209717
12.44399970	-10.13041306	185.96209717
12.44799970	-10.13041306	185.96209717
12.45199970	-10.13041306	185.96209717
12.45599970	-10.13041306	185.96209717
12.45999970	-10.13041306	185.96209717
12.46399970	-10.13041306	185.96209717
12.46799970	-9.96924210	185.96209717
12.47199970	-10.13041306	189.92985535
12.47599970	-10.13041306	185.96209717
12.47999970	-10.13041306	185.96209717
12.48399970	-10.13041306	185.96209717
12.48799970	-10.13041306	185.96209717
12.49199970	-10.13041306	185.96209717
12.49599970	-9.96924210	182.00970459
12.49999970	-9.96924210	185.96209717
12.50399970	-9.96924210	185.96209717
12.50799970	-10.13041306	185.96209717
12.51199970	-10.29096985	185.96209717
12.51599970	-10.13041306	185.96209717
12.51999970	-10.13041306	182.00970459
12.52399970	-9.96924210	182.00970459
12.52799970	-9.96924210	185.96209717
12.53199970	-10.13041306	185.96209717
12.53599970	-10.13041306	182.00970459
12.53999970	-10.13041306	182.00970459
12.54399970	-10.13041306	185.96209717
12.54799970	-10.13041306	185.96209717
12.55199970	-9.96924210	182.00970459
12.55599970	-9.96924210	185.96209717
12.55999970	-10.13041306	185.96209717
12.56399970	-10.13041306	182.00970459
12.56799970	-10.13041306	182.00970459
12.57199970	-10.13041306	182.00970459
12.57599970	-10.13041306	182.00970459
12.57999970	-10.13041306	185.96209717
12.58399970	-9.96924210	182.00970459
12.58799970	-10.13041306	185.96209717
12.59199970	-10.13041306	182.00970459
12.59599970	-10.13041306	182.00970459
12.59999970	-10.13041306	182.00970459
12.60399970	-10.13041306	182.00970459
12.60799970	-10.13041306	185.96209717
12.61199970	-10.13041306	185.96209717
12.61599970	-10.13041306	182.00970459
12.61999970	-9.96924210	182.00970459
12.62399970	-10.13041306	182.00970459
12.62799970	-10.13041306	182.00970459
12.63199970	-10.29096985	185.96209717
12.63599970	-10.13041306	182.00970459
12.63999970	-9.96924210	178.05731201
12.64399970	-10.13041306	182.00970459
12.64799970	-10.13041306	182.00970459
12.65199970	-10.13041306	182.00970459
12.65599970	-10.13041306	182.00970459
12.65999970	-10.13041306	182.00970459
12.66399970	-10.13041306	182.00970459
12.66799970	-10.13041306	178.05731201
12.67199970	-10.13041306	182.00970459
12.67599970	-10.13041306	182.00970459
12.67999970	-10.13041306	182.00970459
12.68399970	-10.13041306	178.05731201
12.68799970	-10.13041306	178.05731201
12.69199970	-10.13041306	182.00970459
12.69599970	-10.13041306	178.05731201
12.69999969	-10.13041306	182.00970459
12.70399969	-10.13041306	182.00970459
12.70799969	-10.13041306	178.05731201
12.71199969	-10.13041306	178.05731201
12.71599969	-10.13041306	178.05731201
12.71999969	-10.13041306	178.05731201
12.72399969	-10.13041306	178.05731201
12.72799969	-10.13041306	178.05731201
12.73199969	-10.13041306	178.05731201
12.73599969	-10.13041306	182.00970459
12.73999969	-10.13041306	174.10493469
12.74399969	-10.13041306	174.10493469
12.74799969	-9.96924210	182.00970459
12.75199969	-10.13041306	178.05731201
12.75599969	-10.13041306	178.05731201
12.75999969	-10.13041306	174.10493469
12.76399969	-9.96924210	178.05731201
12.76799969	-9.96924210	178.05731201
12.77199969	-10.13041306	182.00970459
12.77599969	-10.13041306	178.05731201
12.77999969	-10.13041306	178.05731201
12.78399969	-9.96924210	178.05731201
12.78799969	-10.13041306	178.05731201
12.79199969	-10.13041306	178.05731201
12.79599969	-10.13041306	182.00970459
12.79999969	-10.13041306	178.05731201
12.80399969	-9.96924210	174.10493469
12.80799969	-10.13041306	174.10493469
12.81199969	-10.13041306	178.05731201
12.81599969	-10.13041306	178.05731201
12.81999969	-10.13041306	178.05731201
12.82399969	-10.13041306	178.05731201
12.82799969	-10.13041306	178.05731201
12.83199969	-10.13041306	178.05731201
12.83599969	-10.13041306	174.10493469
12.83999969	-10.13041306	178.05731201
12.84399969	-10.13041306	178.05731201
12.84799969	-10.13041306	174.10493469
12.85199969	-9.96924210	174.10493469
12.85599969	-10.13041306	174.10493469
12.85999969	-10.13041306	174.10493469
12.86399969	-10.13041306	178.05731201
12.86799969	-10.13041306	178.05731201
12.87199969	-10.13041306	178.05731201
12.87599969	-9.96924210	174.10493469
12.87999969	-9.96924210	170.13717651
12.88399969	-9.96924210	178.05731201
12.88799969	-10.13041306	178.05731201
12.89199969	-10.13041306	174.10493469
12.89599969	-10.13041306	174.10493469
12.89999969	-10.13041306	174.10493469
12.90399969	-10.13041306	174.10493469
12.90799969	-10.13041306	174.10493469
12.91199969	-9.96924210	174.10493469
12.91599969	-9.96924210	174.10493469
12.91999969	-10.13041306	174.10493469
12.92399969	-10.29096985	174.10493469
12.92799969	-10.13041306	174.10493469
12.93199969	-9.96924210	170.13717651
12.93599969	-9.96924210	174.10493469
12.93999969	-10.13041306	178.05731201
12.94399969	-10.13041306	174.10493469
12.94799969	-10.13041306	174.10493469
12.95199969	-10.13041306	174.10493469
12.95599969	-10.13041306	170.13717651
12.95999969	-10.13041306	174.10493469
12.96399969	-9.96924210	170.13717651
12.96799969	-9.96924210	174.10493469
12.97199969	-10.13041306	174.10493469
12.97599969	-10.29096985	174.10493469
12.97999969	-10.29096985	170.13717651
12.98399969	-9.96924210	170.13717651
12.98799969	-9.80868626	170.13717651
12.99199969	-9.96924210	174.10493469
12.99599969	-10.13041306	174.10493469
12.99999969	-10.13041306	170.13717651
13.00399969	-10.13041306	174.10493469
13.00799969	-9.96924210	170.13717651
13.01199969	-9.96924210	174.10493469
13.01599969	-9.96924210	170.13717651
13.01999969	-10.13041306	174.10493469
13.02399969	-9.96924210	174.10493469
13.02799969	-10.13041306	174.10493469
13.03199969	-10.29096985	170.13717651
13.03599969	-10.13041306	166.18478394
13.03999969	-9.96924210	166.18478394
13.04399969	-9.96924210	174.10493469
13.04799969	-10.13041306	174.10493469
13.05199969	-10.13041306	170.13717651
13.05599968	-10.13041306	170.13717651
13.05999968	-10.13041306	170.13717651
13.06399968	-10.13041306	170.13717651
13.06799968	-9.96924210	170.13717651
13.07199968	-9.96924210	174.10493469
13.07599968	-9.96924210	170.13717651
13.07999968	-10.13041306	170.13717651
13.08399968	-10.29096985	170.13717651
13.08799968	-10.13041306	170.13717651
13.09199968	-9.96924210	170.13717651
13.09599968	-10.13041306	170.13717651
13.09999968	-10.13041306	170.13717651
13.10399968	-10.13041306	166.18478394
13.10799968	-9.96924210	166.18478394
13.11199968	-10.13041306	170.13717651
13.11599968	-10.13041306	166.18478394
13.11999968	-10.13041306	170.13717651
13.12399968	-9.96924210	166.18478394
13.12799968	-9.96924210	170.13717651
13.13199968	-10.13041306	170.13717651
13.13599968	-10.13041306	170.13717651
13.13999968	-10.13041306	170.13717651
13.14399968	-10.13041306	170.13717651
13.14799968	-9.96924210	166.18478394
13.15199968	-10.13041306	170.13717651
13.15599968	-9.96924210	166.18478394
13.15999968	-9.96924210	170.13717651
13.16399968	-9.96924210	166.18478394
13.16799968	-10.13041306	170.13717651
13.17199968	-10.13041306	170.13717651
13.17599968	-9.96924210	166.18478394
13.17999968	-9.96924210	162.23239136
13.18399968	-9.96924210	166.18478394
13.18799968	-10.13041306	166.18478394
13.19199968	-10.13041306	170.13717651
13.19599968	-9.96924210	166.18478394
13.19999968	-9.96924210	170.13717651
13.20399968	-9.96924210	166.18478394
13.20799968	-10.13041306	166.18478394
13.21199968	-9.96924210	166.18478394
13.21599968	-9.96924210	170.13717651
13.21999968	-10.13041306	166.18478394
13.22399968	-9.96924210	162.23239136
13.22799968	-9.96924210	166.18478394
13.23199968	-9.96924210	166.18478394
13.23599968	-10.13041306	166.18478394
13.23999968	-10.13041306	166.18478394
13.24399968	-9.96924210	166.18478394
13.24799968	-9.96924210	166.18478394
13.25199968	-9.96924210	166.18478394
13.25599968	-9.96924210	166.18478394
13.25999968	-9.96924210	166.18478394
13.26399968	-10.13041306	166.18478394
13.26799968	-10.13041306	166.18478394
13.27199968	-10.13041306	162.23239136
13.27599968	-10.13041306	162.23239136
13.27999968	-9.96924210	162.23239136
13.28399968	-9.96924210	166.18478394
13.28799968	-10.13041306	166.18478394
13.29199968	-10.13041306	162.23239136
13.29599968	-10.13041306	162.23239136
13.29999968	-9.96924210	162.23239136
13.30399968	-9.96924210	162.23239136
13.30799968	-9.96924210	166.18478394
13.31199968	-9.96924210	162.23239136
13.31599968	-10.13041306	166.18478394
13.31999968	-10.13041306	162.23239136
13.32399968	-10.13041306	162.23239136
13.32799968	-10.13041306	162.23239136
13.33199968	-9.96924210	162.23239136
13.33599968	-9.96924210	166.18478394
13.33999968	-9.96924210	166.18478394
13.34399968	-10.13041306	166.18478394
13.34799968	-10.13041306	166.18478394
13.35199968	-10.13041306	158.26463318
13.35599968	-9.96924210	162.23239136
13.35999968	-10.13041306	166.18478394
13.36399968	-9.96924210	166.18478394
13.36799968	-9.96924210	162.23239136
13.37199968	-9.96924210	162.23239136
13.37599968	-10.13041306	162.23239136
13.37999968	-10.13041306	162.23239136
13.38399968	-10.13041306	162.23239136
13.38799968	-9.96924210	162.23239136
13.39199968	-9.96924210	162.23239136
13.39599968	-9.96924210	162.23239136
13.39999968	-10.13041306	162.23239136
13.40399968	-10.13041306	162.23239136
13.40799967	-10.13041306	158.26463318
13.41199967	-10.13041306	162.23239136
13.41599967	-9.96924210	162.23239136
13.41999967	-9.96924210	158.26463318
13.42399967	-9.96924210	158.26463318
13.42799967	-9.96924210	166.18478394
13.43199967	-10.13041306	162.23239136
13.43599967	-10.13041306	162.23239136
13.43999967	-10.13041306	158.26463318
13.44399967	-10.13041306	158.26463318
13.44799967	-9.96924210	158.26463318
13.45199967	-9.96924210	162.23239136
13.45599967	-9.96924210	162.23239136
13.45999967	-10.13041306	158.26463318
13.46399967	-10.13041306	154.31224060
13.46799967	-10.13041306	158.26463318
13.47199967	-10.13041306	158.26463318
13.47599967	-9.96924210	158.26463318
13.47999967	-9.96924210	158.26463318
13.48399967	-9.96924210	158.26463318
13.48799967	-10.13041306	158.26463318
13.49199967	-10.13041306	162.23239136
13.49599967	-10.13041306	154.31224060
13.49999967	-9.96924210	158.26463318
13.50399967	-9.96924210	162.23239136
13.50799967	-10.13041306	162.23239136
13.51199967	-9.96924210	158.26463318
13.51599967	-9.96924210	158.26463318
13.51999967	-10.13041306	158.26463318
13.52399967	-10.13041306	158.26463318
13.52799967	-10.13041306	158.26463318
13.53199967	-9.96924210	158.26463318
13.53599967	-9.96924210	162.23239136
13.53999967	-10.13041306	158.26463318
13.54399967	-10.13041306	158.26463318
13.54799967	-10.13041306	154.31224060
13.55199967	-10.13041306	158.26463318
13.55599967	-9.96924210	154.31224060
13.55999967	-10.13041306	158.26463318
13.56399967	-10.13041306	154.31224060
13.56799967	-9.96924210	154.31224060
13.57199967	-10.13041306	154.31224060
13.57599967	-10.13041306	150.35986328
13.57999967	-10.13041306	154.31224060
13.58399967	-9.96924210	154.31224060
13.58799967	-9.96924210	158.26463318
13.59199967	-10.13041306	154.31224060
13.59599967	-10.13041306	154.31224060
13.59999967	-10.13041306	154.31224060
13.60399967	-10.13041306	154.31224060
13.60799967	-9.96924210	154.31224060
13.61199967	-9.96924210	154.31224060
13.61599967	-10.13041306	158.26463318
13.61999967	-10.13041306	154.31224060
13.62399967	-10.13041306	154.31224060
13.62799967	-10.13041306	150.35986328
13.63199967	-10.13041306	154.31224060
13.63599967	-10.13041306	154.31224060
13.63999967	-10.13041306	154.31224060
13.64399967	-9.96924210	154.31224060
13.64799967	-10.13041306	154.31224060
13.65199967	-10.13041306	150.35986328
13.65599967	-10.13041306	154.31224060
13.65999967	-10.13041306	154.31224060
13.66399967	-9.96924210	154.31224060
13.66799967	-9.96924210	154.31224060
13.67199967	-9.96924210	150.35986328
13.67599967	-10.13041306	150.35986328
13.67999967	-10.13041306	154.31224060
13.68399967	-10.13041306	150.35986328
13.68799967	-9.96924210	154.31224060
13.69199967	-9.96924210	150.35986328
13.69599967	-9.96924210	154.31224060
13.69999967	-9.96924210	154.31224060
13.70399967	-10.13041306	154.31224060
13.70799967	-10.13041306	154.31224060
13.71199967	-10.13041306	150.35986328
13.71599967	-9.96924210	150.35986328
13.71999967	-9.96924210	150.35986328
13.72399967	-9.96924210	150.35986328
13.72799967	-9.96924210	154.31224060
13.73199967	-10.13041306	154.31224060
13.73599967	-10.29096985	150.35986328
13.73999967	-10.13041306	150.35986328
13.74399967	-9.96924210	150.35986328
13.74799967	-9.96924210	150.35986328
13.75199967	-10.13041306	154.31224060
13.75599967	-10.13041306	154.31224060
13.75999967	-10.13041306	150.35986328
13.76399966	-10.13041306	150.35986328
13.76799966	-10.13041306	150.35986328
13.77199966	-10.13041306	146.39210510
13.77599966	-9.96924210	150.35986328
13.77999966	-9.96924210	154.31224060
13.78399966	-10.13041306	150.35986328
13.78799966	-10.29096985	150.35986328
13.79199966	-10.13041306	146.39210510
13.79599966	-9.96924210	150.35986328
13.79999966	-9.96924210	146.39210510
13.80399966	-9.96924210	150.35986328
13.80799966	-9.96924210	154.31224060
13.81199966	-9.96924210	150.35986328
13.81599966	-10.13041306	150.35986328
13.81999966	-10.13041306	150.35986328
13.82399966	-10.13041306	150.35986328
13.82799966	-9.96924210	150.35986328
13.83199966	-9.96924210	150.35986328
13.83599966	-9.96924210	150.35986328
13.83999966	-10.13041306	146.39210510
13.84399966	-10.13041306	150.35986328
13.84799966	-10.13041306	150.35986328
13.85199966	-10.13041306	150.35986328
13.85599966	-9.96924210	146.39210510
13.85999966	-9.96924210	150.35986328
13.86399966	-9.96924210	150.35986328
13.86799966	-9.96924210	150.35986328
13.87199966	-10.13041306	150.35986328
13.87599966	-10.13041306	146.39210510
13.87999966	-10.13041306	146.39210510
13.88399966	-9.96924210	146.39210510
13.88799966	-9.96924210	150.35986328
13.89199966	-9.96924210	150.35986328
13.89599966	-10.13041306	150.35986328
13.89999966	-10.13041306	146.39210510
13.90399966	-10.13041306	146.39210510
13.90799966	-10.13041306	146.39210510
13.91199966	-9.96924210	142.43969727
13.91599966	-9.96924210	146.39210510
13.91999966	-9.96924210	150.35986328
13.92399966	-10.13041306	146.39210510
13.92799966	-10.13041306	146.39210510
13.93199966	-10.13041306	146.39210510
13.93599966	-9.96924210	146.39210510
13.93999966	-9.96924210	146.39210510
13.94399966	-9.96924210	150.35986328
13.94799966	-9.96924210	150.35986328
13.95199966	-10.13041306	150.35986328
13.95599966	-10.13041306	142.43969727
13.95999966	-10.13041306	142.43969727
13.96399966	-9.96924210	142.43969727
13.96799966	-9.96924210	146.39210510
13.97199966	-9.96924210	150.35986328
13.97599966	-10.13041306	150.35986328
13.97999966	-10.13041306	146.39210510
13.98399966	-10.13041306	142.43969727
13.98799966	-10.13041306	142.43969727
13.99199966	-10.13041306	142.43969727
13.99599966	-9.96924210	146.39210510
13.99999966	-9.96924210	150.35986328
14.00399966	-10.13041306	146.39210510
14.00799966	-10.29096985	146.39210510
14.01199966	-10.13041306	142.43969727
14.01599966	-10.13041306	142.43969727
14.01999966	-9.96924210	142.43969727
14.02399966	-9.96924210	146.39210510
14.02799966	-9.96924210	142.43969727
14.03199966	-10.13041306	146.39210510
14.03599966	-10.13041306	142.43969727
14.03999966	-10.13041306	146.39210510
14.04399966	-10.13041306	142.43969727
14.04799966	-9.96924210	142.43969727
14.05199966	-9.96924210	146.39210510
14.05599966	-9.96924210	142.43969727
14.05999966	-10.13041306	142.43969727
14.06399966	-10.13041306	142.43969727
14.06799966	-9.96924210	142.43969727
14.07199966	-10.13041306	142.43969727
14.07599966	-9.96924210	142.43969727
14.07999966	-9.96924210	146.39210510
14.08399966	-10.13041306	142.43969727
14.08799966	-9.96924210	146.39210510
14.09199966	-10.13041306	142.43969727
14.09599966	-10.13041306	142.43969727
14.09999966	-10.13041306	146.39210510
14.10399966	-9.96924210	142.43969727
14.10799966	-9.96924210	142.43969727
14.11199966	-10.13041306	142.43969727
14.11599965	-10.29096985	142.43969727
14.11999965	-10.13041306	138.48731995
14.12399965	-10.13041306	138.48731995
14.12799965	-10.13041306	142.43969727
14.13199965	-10.13041306	142.43969727
14.13599965	-10.13041306	142.43969727
14.13999965	-9.96924210	142.43969727
14.14399965	-10.13041306	142.43969727
14.14799965	-10.13041306	138.48731995
14.15199965	-10.13041306	138.48731995
14.15599965	-10.13041306	138.48731995
14.15999965	-9.96924210	138.48731995
14.16399965	-10.13041306	142.43969727
14.16799965	-10.13041306	142.43969727
14.17199965	-9.96924210	142.43969727
14.17599965	-9.96924210	138.48731995
14.17999965	-9.96924210	142.43969727
14.18399965	-10.13041306	142.43969727
14.18799965	-10.13041306	142.43969727
14.19199965	-10.13041306	138.48731995
14.19599965	-9.96924210	138.48731995
14.19999965	-9.96924210	142.43969727
14.20399965	-10.13041306	134.53492737
14.20799965	-9.96924210	138.48731995
14.21199965	-10.13041306	138.48731995
14.21599965	-10.13041306	138.48731995
14.21999965	-10.13041306	142.43969727
14.22399965	-9.96924210	142.43969727
14.22799965	-9.96924210	142.43969727
14.23199965	-9.96924210	142.43969727
14.23599965	-10.13041306	146.39210510
14.23999965	-10.13041306	142.43969727
14.24399965	-9.96924210	134.53492737
14.24799965	-9.96924210	138.48731995
14.25199965	-10.13041306	134.53492737
14.25599965	-10.13041306	138.48731995
14.25999965	-9.96924210	138.48731995
14.26399965	-9.96924210	134.53492737
14.26799965	-9.96924210	134.53492737
14.27199965	-10.13041306	134.53492737
14.27599965	-10.13041306	134.53492737
14.27999965	-9.96924210	138.48731995
14.28399965	-10.13041306	142.43969727
14.28799965	-10.13041306	138.48731995
14.29199965	-9.96924210	138.48731995
14.29599965	-9.96924210	142.43969727
14.29999965	-9.96924210	138.48731995
14.30399965	-10.13041306	138.48731995
14.30799965	-10.13041306	138.48731995
14.31199965	-9.96924210	130.56716919
14.31599965	-9.96924210	134.53492737
14.31999965	-9.96924210	134.53492737
14.32399965	-10.13041306	130.56716919
14.32799965	-10.13041306	138.48731995
14.33199965	-10.13041306	138.48731995
14.33599965	-10.13041306	134.53492737
14.33999965	-9.96924210	134.53492737
14.34399965	-9.96924210	138.48731995
14.34799965	-9.96924210	138.48731995
14.35199965	-10.13041306	138.48731995
14.35599965	-10.13041306	142.43969727
14.35999965	-10.13041306	134.53492737
14.36399965	-9.96924210	130.56716919
14.36799965	-9.96924210	134.53492737
14.37199965	-9.96924210	138.48731995
14.37599965	-10.13041306	138.48731995
14.37999965	-9.96924210	134.53492737
14.38399965	-9.96924210	130.56716919
14.38799965	-10.13041306	130.56716919
14.39199965	-10.13041306	130.56716919
14.39599965	-9.96924210	134.53492737
14.39999965	-9.96924210	142.43969727
14.40399965	-10.13041306	138.48731995
14.40799965	-10.13041306	138.48731995
14.41199965	-10.13041306	134.53492737
14.41599965	-9.96924210	134.53492737
14.41999965	-9.96924210	134.53492737
14.42399965	-10.13041306	134.53492737
14.42799965	-10.13041306	134.53492737
14.43199965	-9.96924210	134.53492737
14.43599965	-9.96924210	134.53492737
14.43999965	-10.13041306	134.53492737
14.44399965	-10.13041306	134.53492737
14.44799965	-9.96924210	134.53492737
14.45199965	-9.96924210	134.53492737
14.45599965	-9.96924210	134.53492737
14.45999965	-10.13041306	134.53492737
14.46399965	-10.13041306	134.53492737
14.46799964	-9.96924210	134.53492737
14.47199964	-9.96924210	134.53492737
14.47599964	-10.13041306	134.53492737
14.47999964	-10.13041306	134.53492737
14.48399964	-9.96924210	134.53492737
14.48799964	-9.96924210	134.53492737
14.49199964	-10.13041306	134.53492737
14.49599964	-10.13041306	134.53492737
14.49999964	-10.13041306	130.56716919
14.50399964	-9.96924210	130.56716919
14.50799964	-9.96924210	130.56716919
14.51199964	-10.13041306	130.56716919
14.51599964	-10.13041306	130.56716919
14.51999964	-10.13041306	134.53492737
14.52399964	-9.96924210	134.53492737
14.52799964	-10.13041306	134.53492737
14.53199964	-9.96924210	130.56716919
14.53599964	-9.96924210	130.56716919
14.53999964	-9.96924210	134.53492737
14.54399964	-10.13041306	134.53492737
14.54799964	-10.13041306	130.56716919
14.55199964	-10.13041306	130.56716919
14.55599964	-9.96924210	126.61478424
14.55999964	-9.96924210	130.56716919
14.56399964	-9.96924210	130.56716919
14.56799964	-10.13041306	134.53492737
14.57199964	-10.13041306	134.53492737
14.57599964	-10.13041306	130.56716919
14.57999964	-10.13041306	126.61478424
14.58399964	-9.96924210	134.53492737
14.58799964	-9.96924210	130.56716919
14.59199964	-10.13041306	134.53492737
14.59599964	-10.13041306	130.56716919
14.59999964	-10.13041306	130.56716919
14.60399964	-10.13041306	130.56716919
14.60799964	-10.13041306	130.56716919
14.61199964	-10.13041306	126.61478424
14.61599964	-10.13041306	130.56716919
14.61999964	-10.13041306	130.56716919
14.62399964	-10.13041306	130.56716919
14.62799964	-10.13041306	130.56716919
14.63199964	-10.13041306	130.56716919
14.63599964	-10.13041306	130.56716919
14.63999964	-10.13041306	134.53492737
14.64399964	-9.96924210	130.56716919
14.64799964	-9.96924210	130.56716919
14.65199964	-10.13041306	126.61478424
14.65599964	-10.13041306	126.61478424
14.65999964	-10.13041306	126.61478424
14.66399964	-10.13041306	126.61478424
14.66799964	-9.96924210	126.61478424
14.67199964	-10.13041306	130.56716919
14.67599964	-10.13041306	130.56716919
14.67999964	-10.13041306	130.56716919
14.68399964	-10.13041306	126.61478424
14.68799964	-10.13041306	126.61478424
14.69199964	-10.13041306	130.56716919
14.69599964	-10.13041306	126.61478424
14.69999964	-9.96924210	130.56716919
14.70399964	-10.13041306	130.56716919
14.70799964	-10.13041306	130.56716919
14.71199964	-10.29096985	130.56716919
14.71599964	-10.13041306	126.61478424
14.71999964	-9.96924210	126.61478424
14.72399964	-9.96924210	126.61478424
14.72799964	-9.96924210	130.56716919
14.73199964	-10.13041306	130.56716919
14.73599964	-10.13041306	126.61478424
14.73999964	-10.13041306	126.61478424
14.74399964	-9.96924210	126.61478424
14.74799964	-9.96924210	126.61478424
14.75199964	-9.96924210	126.61478424
14.75599964	-10.13041306	126.61478424
14.75999964	-10.13041306	126.61478424
14.76399964	-10.13041306	122.66239166
14.76799964	-10.13041306	126.61478424
14.77199964	-10.13041306	126.61478424
14.77599964	-9.96924210	126.61478424
14.77999964	-9.96924210	126.61478424
14.78399964	-10.13041306	130.56716919
14.78799964	-10.13041306	126.61478424
14.79199964	-10.13041306	122.66239166
14.79599964	-10.13041306	122.66239166
14.79999964	-9.96924210	122.66239166
14.80399964	-9.96924210	126.61478424
14.80799964	-9.96924210	126.61478424
14.81199964	-9.96924210	130.56716919
14.81599964	-10.13041306	130.56716919
14.81999964	-10.13041306	130.56716919
14.82399963	-10.13041306	130.56716919
14.82799963	-9.96924210	126.61478424
14.83199963	-9.96924210	126.61478424
14.83599963	-9.96924210	122.66239166
14.83999963	-10.13041306	126.61478424
14.84399963	-10.13041306	122.66239166
14.84799963	-10.13041306	122.66239166
14.85199963	-10.13041306	122.66239166
14.85599963	-9.96924210	122.66239166
14.85999963	-9.96924210	126.61478424
14.86399963	-9.96924210	126.61478424
14.86799963	-10.13041306	130.56716919
14.87199963	-10.29096985	130.56716919
14.87599963	-10.13041306	126.61478424
14.87999963	-9.96924210	122.66239166
14.88399963	-9.96924210	122.66239166
14.88799963	-9.96924210	122.66239166
14.89199963	-10.13041306	122.66239166
14.89599963	-10.13041306	126.61478424
14.89999963	-10.13041306	122.66239166
14.90399963	-10.13041306	122.66239166
14.90799963	-9.96924210	122.66239166
14.91199963	-9.96924210	126.61478424
14.91599963	-9.96924210	126.61478424
14.91999963	-9.96924210	126.61478424
14.92399963	-10.13041306	122.66239166
14.92799963	-10.13041306	122.66239166
14.93199963	-10.13041306	118.69462585
14.93599963	-10.13041306	122.66239166
14.93999963	-9.96924210	122.66239166
14.94399963	-9.80868626	126.61478424
14.94799963	-9.96924210	126.61478424
14.95199963	-10.13041306	126.61478424
14.95599963	-10.13041306	122.66239166
14.95999963	-10.13041306	118.69462585
14.96399963	-9.96924210	122.66239166
14.96799963	-9.96924210	122.66239166
14.97199963	-9.96924210	122.66239166
14.97599963	-9.96924210	122.66239166
14.97999963	-10.13041306	122.66239166
14.98399963	-10.13041306	122.66239166
14.98799963	-10.13041306	122.66239166
14.99199963	-9.96924210	122.66239166
14.99599963	-9.96924210	122.66239166
14.99999963	-9.96924210	126.61478424
15.00399963	-10.13041306	122.66239166
15.00799963	-10.13041306	118.69462585
15.01199963	-10.13041306	118.69462585
15.01599963	-9.96924210	122.66239166
15.01999963	-9.96924210	126.61478424
15.02399963	-9.96924210	126.61478424
15.02799963	-10.13041306	126.61478424
15.03199963	-10.13041306	122.66239166
15.03599963	-10.13041306	118.69462585
15.03999963	-9.96924210	118.69462585
15.04399963	-9.96924210	118.69462585
15.04799963	-10.13041306	122.66239166
15.05199963	-9.96924210	122.66239166
15.05599963	-9.96924210	122.66239166
15.05999963	-10.13041306	122.66239166
15.06399963	-10.13041306	122.66239166
15.06799963	-9.96924210	122.66239166
15.07199963	-9.96924210	122.66239166
15.07599963	-9.96924210	122.66239166
15.07999963	-10.13041306	122.66239166
15.08399963	-10.13041306	122.66239166
15.08799963	-9.96924210	118.69462585
15.09199963	-9.96924210	122.66239166
15.09599963	-10.13041306	122.66239166
15.09999963	-10.13041306	122.66239166
15.10399963	-9.96924210	126.61478424
15.10799963	-9.96924210	122.66239166
15.11199963	-10.13041306	122.66239166
15.11599963	-10.13041306	122.66239166
15.11999963	-10.13041306	118.69462585
15.12399963	-9.96924210	118.69462585
15.12799963	-9.80868626	118.69462585
15.13199963	-10.13041306	122.66239166
15.13599963	-10.29096985	122.66239166
15.13999963	-10.13041306	122.66239166
15.14399963	-9.96924210	118.69462585
15.14799963	-9.96924210	118.69462585
15.15199963	-10.13041306	118.69462585
15.15599963	-9.96924210	122.66239166
15.15999963	-9.96924210	118.69462585
15.16399963	-10.13041306	122.66239166
15.16799963	-10.13041306	118.69462585
15.17199963	-10.13041306	118.69462585
15.17599962	-9.96924210	114.74224091
15.17999962	-9.96924210	122.66239166
15.18399962	-9.96924210	122.66239166
15.18799962	-10.13041306	122.66239166
15.19199962	-10.13041306	118.69462585
15.19599962	-9.96924210	118.69462585
15.19999962	-10.13041306	118.69462585
15.20399962	-10.13041306	118.69462585
15.20799962	-9.96924210	118.69462585
15.21199962	-9.96924210	118.69462585
15.21599962	-9.96924210	118.69462585
15.21999962	-10.13041306	122.66239166
15.22399962	-10.13041306	114.74224091
15.22799962	-9.96924210	114.74224091
15.23199962	-9.96924210	118.69462585
15.23599962	-9.96924210	118.69462585
15.23999962	-10.13041306	118.69462585
15.24399962	-10.13041306	114.74224091
15.24799962	-9.96924210	118.69462585
15.25199962	-9.96924210	118.69462585
15.25599962	-9.96924210	118.69462585
15.25999962	-9.96924210	118.69462585
15.26399962	-9.96924210	122.66239166
15.26799962	-10.13041306	118.69462585
15.27199962	-10.13041306	114.74224091
15.27599962	-10.13041306	114.74224091
15.27999962	-9.96924210	114.74224091
15.28399962	-9.96924210	118.69462585
15.28799962	-9.96924210	118.69462585
15.29199962	-9.96924210	118.69462585
15.29599962	-10.13041306	118.69462585
15.29999962	-10.13041306	118.69462585
15.30399962	-9.96924210	118.69462585
15.30799962	-9.96924210	114.74224091
15.31199962	-9.96924210	118.69462585
15.31599962	-9.96924210	118.69462585
15.31999962	-10.13041306	114.74224091
15.32399962	-10.13041306	114.74224091
15.32799962	-10.13041306	114.74224091
15.33199962	-9.96924210	114.74224091
15.33599962	-9.96924210	118.69462585
15.33999962	-9.96924210	118.69462585
15.34399962	-10.13041306	118.69462585
15.34799962	-10.13041306	118.69462585
15.35199962	-10.13041306	114.74224091
15.35599962	-10.13041306	114.74224091
15.35999962	-9.96924210	114.74224091
15.36399962	-9.96924210	114.74224091
15.36799962	-9.96924210	114.74224091
15.37199962	-9.96924210	118.69462585
15.37599962	-10.13041306	114.74224091
15.37999962	-10.13041306	114.74224091
15.38399962	-10.13041306	118.69462585
15.38799962	-9.96924210	114.74224091
15.39199962	-9.96924210	118.69462585
15.39599962	-9.96924210	114.74224091
15.39999962	-10.13041306	114.74224091
15.40399962	-10.13041306	114.74224091
15.40799962	-10.13041306	114.74224091
15.41199962	-9.96924210	114.74224091
15.41599962	-9.96924210	114.74224091
15.41999962	-9.96924210	110.78985596
15.42399962	-10.13041306	118.69462585
15.42799962	-9.96924210	114.74224091
15.43199962	-10.13041306	114.74224091
15.43599962	-10.13041306	114.74224091
15.43999962	-9.96924210	114.74224091
15.44399962	-9.96924210	114.74224091
15.44799962	-9.96924210	110.78985596
15.45199962	-9.96924210	114.74224091
15.45599962	-9.96924210	114.74224091
15.45999962	-9.96924210	114.74224091
15.46399962	-10.13041306	114.74224091
15.46799962	-10.13041306	114.74224091
15.47199962	-9.96924210	114.74224091
15.47599962	-9.96924210	110.78985596
15.47999962	-9.96924210	114.74224091
15.48399962	-10.13041306	114.74224091
15.48799962	-10.13041306	118.69462585
15.49199962	-10.13041306	110.78985596
15.49599962	-9.96924210	110.78985596
15.49999962	-9.96924210	114.74224091
15.50399962	-9.96924210	114.74224091
15.50799962	-9.96924210	114.74224091
15.51199962	-10.13041306	114.74224091
15.51599962	-9.96924210	114.74224091
15.51999962	-10.13041306	110.78985596
15.52399962	-9.96924210	110.78985596
15.52799962	-9.96924210	114.74224091
15.53199961	-9.96924210	114.74224091
15.53599961	-9.96924210	114.74224091
15.53999961	-10.13041306	110.78985596
15.54399961	-10.13041306	110.78985596
15.54799961	-9.96924210	110.78985596
15.55199961	-9.96924210	114.74224091
15.55599961	-9.96924210	114.74224091
15.55999961	-10.13041306	114.74224091
15.56399961	-10.13041306	110.78985596
15.56799961	-10.13041306	110.78985596
15.57199961	-10.13041306	110.78985596
15.57599961	-9.96924210	110.78985596
15.57999961	-9.96924210	110.78985596
15.58399961	-9.96924210	114.74224091
15.58799961	-9.96924210	114.74224091
15.59199961	-10.13041306	114.74224091
15.59599961	-10.13041306	110.78985596
15.59999961	-10.13041306	110.78985596
15.60399961	-9.96924210	110.78985596
15.60799961	-9.96924210	110.78985596
15.61199961	-9.96924210	114.74224091
15.61599961	-9.96924210	110.78985596
15.61999961	-10.13041306	110.78985596
15.62399961	-9.96924210	106.83747101
15.62799961	-9.96924210	110.78985596
15.63199961	-9.96924210	110.78985596
15.63599961	-9.96924210	110.78985596
15.63999961	-9.96924210	110.78985596
15.64399961	-10.13041306	110.78985596
15.64799961	-10.13041306	110.78985596
15.65199961	-9.96924210	110.78985596
15.65599961	-9.96924210	110.78985596
15.65999961	-9.96924210	110.78985596
15.66399961	-9.96924210	110.78985596
15.66799961	-10.13041306	110.78985596
15.67199961	-10.13041306	106.83747101
15.67599961	-9.96924210	110.78985596
15.67999961	-9.96924210	110.78985596
15.68399961	-9.96924210	110.78985596
15.68799961	-10.13041306	114.74224091
15.69199961	-9.96924210	110.78985596
15.69599961	-9.96924210	110.78985596
15.69999961	-9.96924210	106.83747101
15.70399961	-10.13041306	110.78985596
15.70799961	-10.13041306	110.78985596
15.71199961	-9.96924210	110.78985596
15.71599961	-9.96924210	110.78985596
15.71999961	-9.96924210	110.78985596
15.72399961	-10.13041306	106.83747101
15.72799961	-10.13041306	110.78985596
15.73199961	-9.96924210	106.83747101
15.73599961	-9.96924210	106.83747101
15.73999961	-9.96924210	106.83747101
15.74399961	-9.96924210	110.78985596
15.74799961	-9.96924210	110.78985596
15.75199961	-10.13041306	106.83747101
15.75599961	-10.13041306	110.78985596
15.75999961	-9.96924210	106.83747101
15.76399961	-9.96924210	106.83747101
15.76799961	-9.96924210	106.83747101
15.77199961	-10.13041306	110.78985596
15.77599961	-10.13041306	110.78985596
15.77999961	-10.13041306	106.83747101
15.78399961	-9.96924210	106.83747101
15.78799961	-10.13041306	106.83747101
15.79199961	-9.96924210	106.83747101
15.79599961	-9.96924210	106.83747101
15.79999961	-9.96924210	110.78985596
15.80399961	-10.13041306	110.78985596
15.80799961	-10.13041306	106.83747101
15.81199961	-9.96924210	106.83747101
15.81599961	-9.96924210	106.83747101
15.81999961	-9.96924210	106.83747101
15.82399961	-10.13041306	110.78985596
15.82799961	-9.96924210	106.83747101
15.83199961	-10.13041306	106.83747101
15.83599961	-10.13041306	106.83747101
15.83999961	-10.13041306	106.83747101
15.84399961	-9.96924210	106.83747101
15.84799961	-9.96924210	110.78985596
15.85199961	-9.96924210	106.83747101
15.85599961	-9.96924210	106.83747101
15.85999961	-10.13041306	106.83747101
15.86399961	-10.13041306	106.83747101
15.86799961	-9.96924210	106.83747101
15.87199961	-9.96924210	106.83747101
15.87599961	-9.96924210	106.83747101
15.87999961	-9.96924210	106.83747101
15.88399960	-9.96924210	106.83747101
15.88799960	-10.13041306	106.83747101
15.89199960	-10.13041306	106.83747101
15.89599960	-10.13041306	102.86970520
15.89999960	-9.96924210	102.86970520
15.90399960	-9.96924210	106.83747101
15.90799960	-9.96924210	106.83747101
15.91199960	-10.13041306	106.83747101
15.91599960	-10.13041306	102.86970520
15.91999960	-10.13041306	106.83747101
15.92399960	-9.96924210	102.86970520
15.92799960	-9.96924210	102.86970520
15.93199960	-9.96924210	106.83747101
15.93599960	-9.96924210	102.86970520
15.93999960	-9.96924210	106.83747101
15.94399960	-10.13041306	106.83747101
15.94799960	-10.13041306	102.86970520
15.95199960	-10.13041306	102.86970520
15.95599960	-9.96924210	102.86970520
15.95999960	-9.96924210	106.83747101
15.96399960	-9.96924210	106.83747101
15.96799960	-10.13041306	106.83747101
15.97199960	-10.13041306	102.86970520
15.97599960	-10.13041306	106.83747101
15.97999960	-9.96924210	102.86970520
15.98399960	-9.96924210	106.83747101
15.98799960	-9.96924210	106.83747101
15.99199960	-9.96924210	106.83747101
15.99599960	-10.13041306	110.78985596
15.99999960	-10.13041306	102.86970520
16.00399960	-10.13041306	102.86970520
16.00799960	-9.96924210	102.86970520
16.01199960	-9.96924210	106.83747101
16.01599960	-9.96924210	106.83747101
16.01999960	-9.96924210	102.86970520
16.02399960	-10.13041306	102.86970520
16.02799960	-10.13041306	102.86970520
16.03199960	-10.13041306	102.86970520
16.03599960	-9.96924210	102.86970520
16.03999960	-9.96924210	106.83747101
16.04399960	-9.96924210	106.83747101
16.04799960	-9.96924210	102.86970520
16.05199960	-10.13041306	106.83747101
16.05599960	-10.13041306	102.86970520
16.05999960	-9.96924210	98.91731262
16.06399960	-9.96924210	102.86970520
16.06799960	-9.96924210	102.86970520
16.07199960	-9.96924210	106.83747101
16.07599960	-10.13041306	102.86970520
16.07999960	-10.13041306	102.86970520
16.08399960	-9.96924210	102.86970520
16.08799960	-9.96924210	102.86970520
16.09199960	-9.96924210	102.86970520
16.09599960	-9.96924210	102.86970520
16.09999960	-9.96924210	102.86970520
16.10399960	-10.13041306	102.86970520
16.10799960	-10.13041306	98.91731262
16.11199960	-9.96924210	98.91731262
16.11599960	-9.96924210	102.86970520
16.11999960	-9.96924210	102.86970520
16.12399960	-9.96924210	102.86970520
16.12799960	-10.13041306	102.86970520
16.13199960	-10.13041306	102.86970520
16.13599960	-9.96924210	102.86970520
16.13999960	-10.13041306	98.91731262
16.14399960	-9.96924210	102.86970520
16.14799960	-9.96924210	102.86970520
16.15199960	-9.96924210	102.86970520
16.15599960	-10.13041306	98.91731262
16.15999960	-10.13041306	102.86970520
16.16399960	-9.96924210	102.86970520
16.16799960	-9.96924210	102.86970520
16.17199960	-9.96924210	102.86970520
16.17599960	-10.13041306	102.86970520
16.17999960	-9.96924210	98.91731262
16.18399960	-9.96924210	102.86970520
16.18799960	-9.96924210	102.86970520
16.19199960	-9.96924210	98.91731262
16.19599960	-9.96924210	102.86970520
16.19999960	-9.96924210	98.91731262
16.20399960	-9.96924210	98.91731262
16.20799960	-10.13041306	102.86970520
16.21199960	-10.13041306	102.86970520
16.21599960	-9.96924210	102.86970520
16.21999960	-9.96924210	98.91731262
16.22399960	-9.96924210	102.86970520
16.22799960	-9.96924210	102.86970520
16.23199960	-9.96924210	98.91731262
16.23599959	-9.96924210	98.91731262
16.23999959	-9.96924210	102.86970520
16.24399959	-9.96924210	102.86970520
16.24799959	-9.96924210	98.91731262
16.25199959	-9.96924210	98.91731262
16.25599959	-9.96924210	102.86970520
16.25999959	-10.13041306	98.91731262
16.26399959	-10.13041306	98.91731262
16.26799959	-9.96924210	98.91731262
16.27199959	-9.96924210	102.86970520
16.27599959	-9.96924210	102.86970520
16.27999959	-10.13041306	98.91731262
16.28399959	-9.96924210	98.91731262
16.28799959	-9.96924210	98.91731262
16.29199959	-9.96924210	98.91731262
16.29599959	-9.96924210	102.86970520
16.29999959	-9.96924210	102.86970520
16.30399959	-9.96924210	98.91731262
16.30799959	-9.96924210	102.86970520
16.31199959	-10.13041306	98.91731262
16.31599959	-10.13041306	98.91731262
16.31999959	-9.96924210	98.91731262
16.32399959	-9.96924210	98.91731262
16.32799959	-9.96924210	98.91731262
16.33199959	-10.13041306	98.91731262
16.33599959	-10.13041306	98.91731262
16.33999959	-9.96924210	98.91731262
16.34399959	-9.96924210	94.96492767
16.34799959	-9.96924210	94.96492767
16.35199959	-9.96924210	98.91731262
16.35599959	-9.96924210	106.83747101
16.35999959	-9.96924210	98.91731262
16.36399959	-10.13041306	98.91731262
16.36799959	-10.13041306	102.86970520
16.37199959	-9.96924210	94.96492767
16.37599959	-9.96924210	94.96492767
16.37999959	-9.96924210	102.86970520
16.38399959	-10.13041306	98.91731262
16.38799959	-10.13041306	98.91731262
16.39199959	-9.96924210	102.86970520
16.39599959	-9.96924210	94.96492767
16.39999959	-9.96924210	98.91731262
16.40399959	-9.96924210	98.91731262
16.40799959	-9.96924210	94.96492767
16.41199959	-9.96924210	98.91731262
16.41599959	-10.13041306	98.91731262
16.41999959	-10.13041306	94.96492767
16.42399959	-9.96924210	94.96492767
16.42799959	-9.96924210	98.91731262
16.43199959	-9.96924210	98.91731262
16.43599959	-9.96924210	98.91731262
16.43999959	-10.13041306	98.91731262
16.44399959	-9.96924210	94.96492767
16.44799959	-9.96924210	98.91731262
16.45199959	-9.96924210	94.96492767
16.45599959	-9.96924210	94.96492767
16.45999959	-9.96924210	94.96492767
16.46399959	-9.96924210	94.96492767
16.46799959	-9.96924210	94.96492767
16.47199959	-9.96924210	94.96492767
16.47599959	-9.96924210	98.91731262
16.47999959	-9.96924210	94.96492767
16.48399959	-9.96924210	94.96492767
16.48799959	-9.96924210	98.91731262
16.49199959	-10.13041306	98.91731262
16.49599959	-10.13041306	94.96492767
16.49999959	-9.96924210	90.99716187
16.50399959	-9.96924210	94.96492767
16.50799959	-9.96924210	94.96492767
16.51199959	-9.96924210	98.91731262
16.51599959	-9.96924210	98.91731262
16.51999959	-9.96924210	94.96492767
16.52399959	-9.96924210	94.96492767
16.52799959	-9.96924210	90.99716187
16.53199959	-9.96924210	94.96492767
16.53599959	-9.96924210	94.96492767
16.53999959	-9.96924210	94.96492767
16.54399959	-10.13041306	98.91731262
16.54799959	-10.13041306	90.99716187
16.55199959	-9.96924210	94.96492767
16.55599959	-9.80868626	90.99716187
16.55999959	-9.96924210	98.91731262
16.56399959	-9.96924210	98.91731262
16.56799959	-10.13041306	94.96492767
16.57199959	-10.13041306	94.96492767
16.57599959	-9.96924210	94.96492767
16.57999959	-9.96924210	94.96492767
16.58399959	-9.96924210	94.96492767
16.58799959	-9.96924210	94.96492767
16.59199958	-9.96924210	94.96492767
16.59599958	-9.96924210	94.96492767
16.59999958	-10.13041306	94.96492767
16.60399958	-10.13041306	90.99716187
16.60799958	-9.96924210	98.91731262
16.61199958	-9.96924210	94.96492767
16.61599958	-9.96924210	98.91731262
16.61999958	-10.13041306	98.91731262
16.62399958	-10.13041306	94.96492767
16.62799958	-9.96924210	90.99716187
16.63199958	-9.96924210	90.99716187
16.63599958	-9.96924210	94.96492767
16.63999958	-9.96924210	94.96492767
16.64399958	-9.96924210	94.96492767
16.64799958	-9.96924210	94.96492767
16.65199958	-10.13041306	94.96492767
16.65599958	-10.13041306	94.96492767
16.65999958	-9.96924210	90.99716187
16.66399958	-9.96924210	94.96492767
16.66799958	-9.96924210	90.99716187
16.67199958	-9.96924210	94.96492767
16.67599958	-9.96924210	94.96492767
16.67999958	-10.13041306	90.99716187
16.68399958	-9.96924210	87.04477692
16.68799958	-9.96924210	90.99716187
16.69199958	-9.96924210	94.96492767
16.69599958	-9.96924210	94.96492767
16.69999958	-9.96924210	90.99716187
16.70399958	-10.13041306	94.96492767
16.70799958	-9.96924210	94.96492767
16.71199958	-9.96924210	90.99716187
16.71599958	-9.96924210	94.96492767
16.71999958	-9.96924210	90.99716187
16.72399958	-9.96924210	90.99716187
16.72799958	-9.96924210	94.96492767
16.73199958	-9.96924210	90.99716187
16.73599958	-9.96924210	94.96492767
16.73999958	-9.96924210	90.99716187
16.74399958	-9.96924210	90.99716187
16.74799958	-9.96924210	90.99716187
16.75199958	-9.96924210	94.96492767
16.75599958	-9.96924210	90.99716187
16.75999958	-9.96924210	90.99716187
16.76399958	-9.96924210	90.99716187
16.76799958	-9.96924210	90.99716187
16.77199958	-9.96924210	90.99716187
16.77599958	-9.96924210	90.99716187
16.77999958	-9.96924210	90.99716187
16.78399958	-9.96924210	90.99716187
16.78799958	-10.13041306	94.96492767
16.79199958	-9.96924210	87.04477692
16.79599958	-9.96924210	87.04477692
16.79999958	-9.96924210	90.99716187
16.80399958	-9.96924210	90.99716187
16.80799958	-9.96924210	90.99716187
16.81199958	-9.96924210	90.99716187
16.81599958	-9.96924210	90.99716187
16.81999958	-9.96924210	90.99716187
16.82399958	-9.96924210	90.99716187
16.82799958	-9.96924210	87.04477692
16.83199958	-9.96924210	94.96492767
16.83599958	-9.96924210	90.99716187
16.83999958	-10.13041306	90.99716187
16.84399958	-10.13041306	90.99716187
16.84799958	-9.96924210	90.99716187
16.85199958	-9.96924210	87.04477692
16.85599958	-9.96924210	90.99716187
16.85999958	-9.96924210	94.96492767
16.86399958	-9.96924210	90.99716187
16.86799958	-9.96924210	90.99716187
16.87199958	-10.13041306	90.99716187
16.87599958	-9.96924210	83.09239197
16.87999958	-9.96924210	90.99716187
16.88399958	-9.80868626	90.99716187
16.88799958	-9.96924210	90.99716187
16.89199958	-10.13041306	90.99716187
16.89599958	-10.13041306	90.99716187
16.89999958	-9.96924210	87.04477692
16.90399958	-9.80868626	90.99716187
16.90799958	-9.80868626	87.04477692
16.91199958	-9.96924210	90.99716187
16.91599958	-9.96924210	94.96492767
16.91999958	-10.13041306	90.99716187
16.92399958	-9.96924210	87.04477692
16.92799958	-10.13041306	90.99716187
16.93199958	-9.96924210	87.04477692
16.93599958	-9.80868626	87.04477692
16.93999958	-9.80868626	90.99716187
16.94399957	-9.96924210	94.96492767
16.94799957	-10.13041306	90.99716187
16.95199957	-10.13041306	87.04477692
16.95599957	-9.96924210	83.09239197
16.95999957	-9.80868626	90.99716187
16.96399957	-9.96924210	90.99716187
16.96799957	-9.96924210	90.99716187
16.97199957	-9.96924210	90.99716187
16.97599957	-9.96924210	90.99716187
16.97999957	-10.13041306	87.04477692
16.98399957	-10.13041306	87.04477692
16.98799957	-9.96924210	87.04477692
16.99199957	-9.80868626	87.04477692
16.99599957	-9.96924210	90.99716187
16.99999957	-10.13041306	90.99716187
17.00399957	-10.13041306	87.04477692
17.00799957	-9.96924210	87.04477692
17.01199957	-9.96924210	87.04477692
17.01599957	-9.96924210	90.99716187
17.01999957	-9.96924210	90.99716187
17.02399957	-9.96924210	90.99716187
17.02799957	-9.96924210	87.04477692
17.03199957	-10.13041306	87.04477692
17.03599957	-10.13041306	90.99716187
17.03999957	-9.96924210	87.04477692
17.04399957	-9.80868626	87.04477692
17.04799957	-9.96924210	90.99716187
17.05199957	-9.96924210	87.04477692
17.05599957	-10.13041306	87.04477692
17.05999957	-9.96924210	87.04477692
17.06399957	-9.96924210	87.04477692
17.06799957	-9.96924210	87.04477692
17.07199957	-9.96924210	90.99716187
17.07599957	-9.96924210	87.04477692
17.07999957	-9.96924210	87.04477692
17.08399957	-10.13041306	87.04477692
17.08799957	-10.13041306	87.04477692
17.09199957	-9.96924210	87.04477692
17.09599957	-9.96924210	87.04477692
17.09999957	-9.96924210	87.04477692
17.10399957	-9.96924210	90.99716187
17.10799957	-9.96924210	87.04477692
17.11199957	-10.13041306	83.09239197
17.11599957	-9.96924210	87.04477692
17.11999957	-9.96924210	83.09239197
17.12399957	-9.96924210	87.04477692
17.12799957	-9.96924210	87.04477692
17.13199957	-9.96924210	87.04477692
17.13599957	-9.96924210	87.04477692
17.13999957	-10.13041306	87.04477692
17.14399957	-10.13041306	87.04477692
17.14799957	-9.96924210	83.09239197
17.15199957	-9.96924210	87.04477692
17.15599957	-9.96924210	87.04477692
17.15999957	-9.96924210	87.04477692
17.16399957	-9.96924210	87.04477692
17.16799957	-10.13041306	87.04477692
17.17199957	-9.96924210	87.04477692
17.17599957	-9.96924210	83.09239197
17.17999957	-9.96924210	83.09239197
17.18399957	-9.96924210	87.04477692
17.18799957	-9.96924210	87.04477692
17.19199957	-9.96924210	83.09239197
17.19599957	-10.13041306	83.09239197
17.19999957	-10.13041306	83.09239197
17.20399957	-9.96924210	87.04477692
17.20799957	-9.96924210	83.09239197
17.21199957	-9.96924210	83.09239197
17.21599957	-9.96924210	87.04477692
17.21999957	-10.13041306	87.04477692
17.22399957	-10.13041306	83.09239197
17.22799957	-9.96924210	83.09239197
17.23199957	-9.96924210	87.04477692
17.23599957	-9.96924210	83.09239197
17.23999957	-9.96924210	87.04477692
17.24399957	-9.96924210	87.04477692
17.24799957	-9.96924210	83.09239197
17.25199957	-9.96924210	83.09239197
17.25599957	-9.96924210	87.04477692
17.25999957	-10.13041306	83.09239197
17.26399957	-9.96924210	87.04477692
17.26799957	-9.96924210	83.09239197
17.27199957	-9.96924210	87.04477692
17.27599957	-9.96924210	87.04477692
17.27999957	-9.96924210	83.09239197
17.28399957	-9.96924210	83.09239197
17.28799957	-9.96924210	83.09239197
17.29199957	-9.96924210	83.09239197
17.29599957	-9.96924210	87.04477692
17.29999956	-9.96924210	83.09239197
17.30399956	-9.96924210	87.04477692
17.30799956	-9.96924210	83.09239197
17.31199956	-10.13041306	83.09239197
17.31599956	-9.96924210	83.09239197
17.31999956	-9.96924210	83.09239197
17.32399956	-9.96924210	83.09239197
17.32799956	-9.96924210	87.04477692
17.33199956	-9.96924210	83.09239197
17.33599956	-9.96924210	87.04477692
17.33999956	-9.96924210	79.12462616
17.34399956	-9.96924210	83.09239197
17.34799956	-9.96924210	83.09239197
17.35199956	-10.13041306	83.09239197
17.35599956	-9.96924210	83.09239197
17.35999956	-9.96924210	87.04477692
17.36399956	-9.96924210	83.09239197
17.36799956	-9.96924210	83.09239197
17.37199956	-9.96924210	83.09239197
17.37599956	-9.96924210	83.09239197
17.37999956	-9.96924210	83.09239197
17.38399956	-9.96924210	83.09239197
17.38799956	-9.96924210	83.09239197
17.39199956	-9.96924210	83.09239197
17.39599956	-9.96924210	83.09239197
17.39999956	-10.13041306	83.09239197
17.40399956	-9.96924210	79.12462616
17.40799956	-9.96924210	83.09239197
17.41199956	-9.96924210	83.09239197
17.41599956	-9.96924210	83.09239197
17.41999956	-9.96924210	79.12462616
17.42399956	-9.96924210	83.09239197
17.42799956	-9.96924210	83.09239197
17.43199956	-10.13041306	83.09239197
17.43599956	-10.13041306	83.09239197
17.43999956	-9.96924210	83.09239197
17.44399956	-9.96924210	83.09239197
17.44799956	-9.96924210	83.09239197
17.45199956	-9.96924210	83.09239197
17.45599956	-9.96924210	83.09239197
17.45999956	-9.96924210	83.09239197
17.46399956	-10.13041306	79.12462616
17.46799956	-10.13041306	79.12462616
17.47199956	-9.96924210	79.12462616
17.47599956	-9.80868626	83.09239197
17.47999956	-9.80868626	83.09239197
17.48399956	-10.13041306	87.04477692
17.48799956	-10.13041306	83.09239197
17.49199956	-10.13041306	79.12462616
17.49599956	-9.96924210	83.09239197
17.49999956	-9.80868626	79.12462616
17.50399956	-9.96924210	79.12462616
17.50799956	-9.96924210	83.09239197
17.51199956	-9.96924210	83.09239197
17.51599956	-10.13041306	79.12462616
17.51999956	-10.13041306	79.12462616
17.52399956	-9.96924210	79.12462616
17.52799956	-9.80868626	79.12462616
17.53199956	-9.96924210	83.09239197
17.53599956	-9.96924210	83.09239197
17.53999956	-10.13041306	79.12462616
17.54399956	-9.96924210	79.12462616
17.54799956	-9.96924210	79.12462616
17.55199956	-9.96924210	79.12462616
17.55599956	-9.96924210	79.12462616
17.55999956	-9.96924210	83.09239197
17.56399956	-9.96924210	83.09239197
17.56799956	-10.13041306	79.12462616
17.57199956	-10.13041306	79.12462616
17.57599956	-9.96924210	79.12462616
17.57999956	-9.96924210	79.12462616
17.58399956	-9.96924210	83.09239197
17.58799956	-9.96924210	79.12462616
17.59199956	-9.96924210	83.09239197
17.59599956	-9.96924210	79.12462616
17.59999956	-10.13041306	79.12462616
17.60399956	-9.96924210	79.12462616
17.60799956	-9.96924210	79.12462616
17.61199956	-9.96924210	79.12462616
17.61599956	-9.96924210	79.12462616
17.61999956	-9.96924210	83.09239197
17.62399956	-10.13041306	79.12462616
17.62799956	-9.96924210	75.17224121
17.63199956	-9.96924210	79.12462616
17.63599956	-9.96924210	79.12462616
17.63999956	-9.96924210	79.12462616
17.64399956	-9.96924210	79.12462616
17.64799956	-9.96924210	83.09239197
17.65199955	-9.96924210	79.12462616
17.65599955	-10.13041306	75.17224121
17.65999955	-9.96924210	79.12462616
17.66399955	-9.96924210	79.12462616
17.66799955	-9.96924210	79.12462616
17.67199955	-9.96924210	79.12462616
17.67599955	-10.13041306	75.17224121
17.67999955	-9.96924210	79.12462616
17.68399955	-9.96924210	75.17224121
17.68799955	-9.96924210	79.12462616
17.69199955	-9.96924210	79.12462616
17.69599955	-9.96924210	79.12462616
17.69999955	-9.96924210	79.12462616
17.70399955	-9.96924210	79.12462616
17.70799955	-10.13041306	79.12462616
17.71199955	-9.96924210	79.12462616
17.71599955	-9.80868626	79.12462616
17.71999955	-9.80868626	79.12462616
17.72399955	-9.96924210	75.17224121
17.72799955	-10.13041306	79.12462616
17.73199955	-10.13041306	79.12462616
17.73599955	-9.96924210	79.12462616
17.73999955	-9.96924210	75.17224121
17.74399955	-9.96924210	79.12462616
17.74799955	-9.96924210	79.12462616
17.75199955	-9.96924210	75.17224121
17.75599955	-9.96924210	75.17224121
17.75999955	-9.96924210	75.17224121
17.76399955	-9.96924210	75.17224121
17.76799955	-9.96924210	75.17224121
17.77199955	-9.96924210	75.17224121
17.77599955	-9.96924210	79.12462616
17.77999955	-9.96924210	75.17224121
17.78399955	-10.13041306	79.12462616
17.78799955	-9.96924210	75.17224121
17.79199955	-9.96924210	79.12462616
17.79599955	-9.96924210	79.12462616
17.79999955	-9.96924210	79.12462616
17.80399955	-9.96924210	79.12462616
17.80799955	-9.96924210	75.17224121
17.81199955	-9.96924210	75.17224121
17.81599955	-9.96924210	75.17224121
17.81999955	-9.96924210	71.21984863
17.82399955	-9.80868626	79.12462616
17.82799955	-9.96924210	79.12462616
17.83199955	-10.13041306	79.12462616
17.83599955	-10.13041306	75.17224121
17.83999955	-9.96924210	75.17224121
17.84399955	-9.96924210	75.17224121
17.84799955	-9.96924210	79.12462616
17.85199955	-9.96924210	75.17224121
17.85599955	-9.96924210	79.12462616
17.85999955	-9.96924210	75.17224121
17.86399955	-9.96924210	75.17224121
17.86799955	-9.96924210	75.17224121
17.87199955	-9.96924210	75.17224121
17.87599955	-9.96924210	79.12462616
17.87999955	-9.96924210	79.12462616
17.88399955	-9.96924210	79.12462616
17.88799955	-9.96924210	75.17224121
17.89199955	-9.96924210	75.17224121
17.89599955	-9.96924210	75.17224121
17.89999955	-9.96924210	75.17224121
17.90399955	-9.96924210	75.17224121
17.90799955	-9.96924210	75.17224121
17.91199955	-9.96924210	75.17224121
17.91599955	-10.13041306	75.17224121
17.91999955	-10.13041306	75.17224121
17.92399955	-9.96924210	75.17224121
17.92799955	-9.80868626	75.17224121
17.93199955	-9.96924210	75.17224121
17.93599955	-9.96924210	79.12462616
17.93999955	-10.13041306	75.17224121
17.94399955	-10.13041306	75.17224121
17.94799955	-9.96924210	75.17224121
17.95199955	-9.96924210	75.17224121
17.95599955	-9.96924210	75.17224121
17.95999955	-9.96924210	79.12462616
17.96399955	-9.96924210	75.17224121
17.96799955	-10.13041306	75.17224121
17.97199955	-10.13041306	71.21984863
17.97599955	-9.96924210	71.21984863
17.97999955	-9.96924210	71.21984863
17.98399955	-9.96924210	75.17224121
17.98799955	-9.96924210	75.17224121
17.99199955	-9.96924210	79.12462616
17.99599955	-10.13041306	75.17224121
17.99999955	-9.96924210	79.12462616
18.00399954	-9.96924210	71.21984863
18.00799954	-9.96924210	71.21984863
18.01199954	-9.96924210	71.21984863
18.01599954	-9.96924210	75.17224121
18.01999954	-10.13041306	75.17224121
18.02399954	-10.13041306	75.17224121
18.02799954	-9.96924210	67.26746368
18.03199954	-9.96924210	71.21984863
18.03599954	-9.96924210	75.17224121
18.03999954	-9.96924210	75.17224121
18.04399954	-9.96924210	75.17224121
18.04799954	-9.96924210	75.17224121
18.05199954	-9.96924210	71.21984863
18.05599954	-9.96924210	71.21984863
18.05999954	-9.96924210	71.21984863
18.06399954	-9.80868626	75.17224121
18.06799954	-9.96924210	71.21984863
18.07199954	-10.13041306	75.17224121
18.07599954	-10.13041306	75.17224121
18.07999954	-10.13041306	71.21984863
18.08399954	-9.96924210	67.26746368
18.08799954	-9.96924210	75.17224121
18.09199954	-9.96924210	71.21984863
18.09599954	-9.96924210	75.17224121
18.09999954	-9.96924210	71.21984863
18.10399954	-10.13041306	71.21984863
18.10799954	-9.96924210	67.26746368
18.11199954	-9.96924210	71.21984863
18.11599954	-9.96924210	75.17224121
18.11999954	-9.96924210	71.21984863
18.12399954	-9.96924210	71.21984863
18.12799954	-9.96924210	75.17224121
18.13199954	-9.96924210	71.21984863
18.13599954	-9.96924210	71.21984863
18.13999954	-9.96924210	71.21984863
18.14399954	-9.96924210	75.17224121
18.14799954	-9.96924210	75.17224121
18.15199954	-9.96924210	75.17224121
18.15599954	-10.13041306	71.21984863
18.15999954	-9.96924210	71.21984863
18.16399954	-9.96924210	67.26746368
18.16799954	-9.96924210	71.21984863
18.17199954	-9.96924210	71.21984863
18.17599954	-9.96924210	75.17224121
18.17999954	-9.96924210	71.21984863
18.18399954	-9.96924210	71.21984863
18.18799954	-9.96924210	67.26746368
18.19199954	-9.96924210	71.21984863
18.19599954	-9.80868626	71.21984863
18.19999954	-9.80868626	71.21984863
18.20399954	-9.96924210	71.21984863
18.20799954	-10.13041306	75.17224121
18.21199954	-9.96924210	71.21984863
18.21599954	-9.96924210	67.26746368
18.21999954	-9.96924210	67.26746368
18.22399954	-9.96924210	71.21984863
18.22799954	-9.96924210	71.21984863
18.23199954	-9.96924210	71.21984863
18.23599954	-9.96924210	67.26746368
18.23999954	-9.96924210	71.21984863
18.24399954	-9.96924210	71.21984863
18.24799954	-9.96924210	71.21984863
18.25199954	-9.96924210	71.21984863
18.25599954	-9.96924210	71.21984863
18.25999954	-9.96924210	71.21984863
18.26399954	-9.96924210	71.21984863
18.26799954	-9.96924210	71.21984863
18.27199954	-10.13041306	71.21984863
18.27599954	-9.96924210	71.21984863
18.27999954	-9.96924210	71.21984863
18.28399954	-9.80868626	71.21984863
18.28799954	-9.96924210	75.17224121
18.29199954	-10.13041306	71.21984863
18.29599954	-9.96924210	67.26746368
18.29999954	-9.96924210	67.26746368
18.30399954	-9.96924210	67.26746368
18.30799954	-9.96924210	71.21984863
18.31199954	-9.96924210	67.26746368
18.31599954	-9.96924210	71.21984863
18.31999954	-9.96924210	75.17224121
18.32399954	-10.13041306	67.26746368
18.32799954	-9.96924210	67.26746368
18.33199954	-9.80868626	63.29970551
18.33599954	-9.96924210	67.26746368
18.33999954	-9.96924210	71.21984863
18.34399954	-9.96924210	71.21984863
18.34799954	-9.96924210	67.26746368
18.35199954	-9.96924210	71.21984863
18.35599954	-9.96924210	71.21984863
18.35999953	-9.96924210	67.26746368
18.36399953	-9.96924210	71.21984863
18.36799953	-9.80868626	67.26746368
18.37199953	-9.96924210	71.21984863
18.37599953	-9.96924210	67.26746368
18.37999953	-9.96924210	67.26746368
18.38399953	-9.96924210	67.26746368
18.38799953	-9.96924210	71.21984863
18.39199953	-9.96924210	71.21984863
18.39599953	-9.96924210	71.21984863
18.39999953	-9.96924210	71.21984863
18.40399953	-9.96924210	71.21984863
18.40799953	-9.96924210	67.26746368
18.41199953	-10.13041306	67.26746368
18.41599953	-9.96924210	67.26746368
18.41999953	-9.96924210	67.26746368
18.42399953	-9.96924210	71.21984863
18.42799953	-9.96924210	67.26746368
18.43199953	-9.96924210	71.21984863
18.43599953	-9.96924210	71.21984863
18.43999953	-9.96924210	67.26746368
18.44399953	-9.96924210	67.26746368
18.44799953	-9.96924210	71.21984863
18.45199953	-9.80868626	67.26746368
18.45599953	-9.96924210	67.26746368
18.45999953	-9.96924210	67.26746368
18.46399953	-9.96924210	67.26746368
18.46799953	-9.96924210	67.26746368
18.47199953	-9.96924210	67.26746368
18.47599953	-9.96924210	67.26746368
18.47999953	-9.96924210	71.21984863
18.48399953	-9.96924210	71.21984863
18.48799953	-9.96924210	67.26746368
18.49199953	-9.96924210	63.29970551
18.49599953	-9.96924210	67.26746368
18.49999953	-9.96924210	67.26746368
18.50399953	-9.96924210	71.21984863
18.50799953	-9.96924210	67.26746368
18.51199953	-9.96924210	71.21984863
18.51599953	-9.96924210	67.26746368
18.51999953	-9.96924210	67.26746368
18.52399953	-9.96924210	63.29970551
18.52799953	-9.96924210	67.26746368
18.53199953	-9.96924210	67.26746368
18.53599953	-9.96924210	67.26746368
18.53999953	-9.96924210	67.26746368
18.54399953	-9.96924210	67.26746368
18.54799953	-9.96924210	67.26746368
18.55199953	-9.96924210	67.26746368
18.55599953	-9.96924210	67.26746368
18.55999953	-9.96924210	67.26746368
18.56399953	-9.96924210	67.26746368
18.56799953	-9.96924210	67.26746368
18.57199953	-10.13041306	67.26746368
18.57599953	-9.96924210	67.26746368
18.57999953	-9.96924210	63.29970551
18.58399953	-9.96924210	67.26746368
18.58799953	-9.96924210	67.26746368
18.59199953	-9.96924210	67.26746368
18.59599953	-9.96924210	67.26746368
18.59999953	-9.96924210	67.26746368
18.60399953	-9.96924210	67.26746368
18.60799953	-9.96924210	63.29970551
18.61199953	-9.96924210	67.26746368
18.61599953	-9.96924210	67.26746368
18.61999953	-9.96924210	67.26746368
18.62399953	-9.96924210	63.29970551
18.62799953	-9.96924210	63.29970551
18.63199953	-9.96924210	67.26746368
18.63599953	-9.80868626	63.29970551
18.63999953	-9.96924210	67.26746368
18.64399953	-9.96924210	67.26746368
18.64799953	-10.13041306	67.26746368
18.65199953	-9.96924210	63.29970551
18.65599953	-9.96924210	63.29970551
18.65999953	-9.96924210	67.26746368
18.66399953	-9.96924210	67.26746368
18.66799953	-9.96924210	67.26746368
18.67199953	-9.96924210	67.26746368
18.67599953	-9.96924210	63.29970551
18.67999953	-9.96924210	63.29970551
18.68399953	-9.96924210	63.29970551
18.68799953	-9.80868626	63.29970551
18.69199953	-9.96924210	67.26746368
18.69599953	-9.96924210	67.26746368
18.69999953	-9.96924210	67.26746368
18.70399953	-9.96924210	63.29970551
18.70799953	-9.96924210	63.29970551
18.71199952	-9.96924210	63.29970551
18.71599952	-9.96924210	67.26746368
18.71999952	-9.96924210	67.26746368
18.72399952	-9.96924210	67.26746368
18.72799952	-10.13041306	67.26746368
18.73199952	-10.13041306	59.34731293
18.73599952	-9.96924210	63.29970551
18.73999952	-9.80868626	63.29970551
18.74399952	-9.96924210	63.29970551
18.74799952	-9.96924210	67.26746368
18.75199952	-9.96924210	63.29970551
18.75599952	-9.96924210	63.29970551
18.75999952	-9.96924210	63.29970551
18.76399952	-9.96924210	63.29970551
18.76799952	-9.96924210	63.29970551
18.77199952	-9.96924210	67.26746368
18.77599952	-9.96924210	63.29970551
18.77999952	-9.96924210	63.29970551
18.78399952	-9.96924210	63.29970551
18.78799952	-9.96924210	63.29970551
18.79199952	-9.96924210	63.29970551
18.79599952	-9.96924210	63.29970551
18.79999952	-9.96924210	67.26746368
18.80399952	-9.96924210	63.29970551
18.80799952	-9.96924210	63.29970551
18.81199952	-9.96924210	63.29970551
18.81599952	-9.96924210	63.29970551
18.81999952	-9.96924210	63.29970551
18.82399952	-9.96924210	63.29970551
18.82799952	-9.96924210	63.29970551
18.83199952	-9.96924210	63.29970551
18.83599952	-9.96924210	63.29970551
18.83999952	-9.96924210	63.29970551
18.84399952	-9.96924210	63.29970551
18.84799952	-9.96924210	67.26746368
18.85199952	-9.96924210	67.26746368
18.85599952	-9.96924210	63.29970551
18.85999952	-9.96924210	63.29970551
18.86399952	-9.96924210	63.29970551
18.86799952	-9.96924210	59.34731293
18.87199952	-9.96924210	63.29970551
18.87599952	-9.96924210	63.29970551
18.87999952	-9.96924210	63.29970551
18.88399952	-9.96924210	63.29970551
18.88799952	-9.96924210	63.29970551
18.89199952	-9.96924210	59.34731293
18.89599952	-9.80868626	63.29970551
18.89999952	-9.96924210	63.29970551
18.90399952	-9.96924210	63.29970551
18.90799952	-9.96924210	63.29970551
18.91199952	-9.96924210	59.34731293
18.91599952	-9.96924210	63.29970551
18.91999952	-9.96924210	63.29970551
18.92399952	-9.96924210	59.34731293
18.92799952	-9.96924210	63.29970551
18.93199952	-9.96924210	63.29970551
18.93599952	-9.96924210	63.29970551
18.93999952	-9.96924210	59.34731293
18.94399952	-9.96924210	63.29970551
18.94799952	-9.96924210	63.29970551
18.95199952	-9.96924210	63.29970551
18.95599952	-9.96924210	63.29970551
18.95999952	-9.96924210	63.29970551
18.96399952	-9.96924210	63.29970551
18.96799952	-9.96924210	59.34731293
18.97199952	-9.96924210	59.34731293
18.97599952	-9.96924210	63.29970551
18.97999952	-9.96924210	59.34731293
18.98399952	-9.96924210	63.29970551
18.98799952	-9.96924210	59.34731293
18.99199952	-9.96924210	63.29970551
18.99599952	-9.96924210	63.29970551
18.99999952	-9.96924210	59.34731293
19.00399952	-9.96924210	63.29970551
19.00799952	-9.96924210	59.34731293
19.01199952	-9.96924210	63.29970551
19.01599952	-9.96924210	63.29970551
19.01999952	-9.96924210	59.34731293
19.02399952	-9.96924210	63.29970551
19.02799952	-9.96924210	63.29970551
19.03199952	-10.13041306	59.34731293
19.03599952	-9.96924210	59.34731293
19.03999952	-9.80868626	59.34731293
19.04399952	-9.96924210	59.34731293
19.04799952	-9.96924210	63.29970551
19.05199952	-9.96924210	59.34731293
19.05599952	-9.96924210	63.29970551
19.05999952	-9.96924210	59.34731293
19.06399952	-9.96924210	59.34731293
19.06799951	-9.96924210	55.39492798
19.07199951	-9.80868626	59.34731293
19.07599951	-9.96924210	63.29970551
19.07999951	-9.96924210	63.29970551
19.08399951	-9.96924210	63.29970551
19.08799951	-9.96924210	59.34731293
19.09199951	-9.80868626	59.34731293
19.09599951	-9.96924210	63.29970551
19.09999951	-9.96924210	59.34731293
19.10399951	-9.96924210	63.29970551
19.10799951	-9.96924210	59.34731293
19.11199951	-9.96924210	59.34731293
19.11599951	-9.96924210	59.34731293
19.11999951	-9.96924210	59.34731293
19.12399951	-9.80868626	59.34731293
19.12799951	-9.96924210	59.34731293
19.13199951	-9.96924210	59.34731293
19.13599951	-9.96924210	59.34731293
19.13999951	-9.96924210	55.39492798
19.14399951	-9.96924210	59.34731293
19.14799951	-9.80868626	55.39492798
19.15199951	-9.96924210	63.29970551
19.15599951	-9.96924210	63.29970551
19.15999951	-9.96924210	59.34731293
19.16399951	-9.96924210	59.34731293
19.16799951	-9.96924210	59.34731293
19.17199951	-9.96924210	59.34731293
19.17599951	-9.96924210	63.29970551
19.17999951	-9.96924210	59.34731293
19.18399951	-9.96924210	63.29970551
19.18799951	-9.96924210	59.34731293
19.19199951	-9.96924210	59.34731293
19.19599951	-9.96924210	59.34731293
19.19999951	-9.96924210	59.34731293
19.20399951	-9.96924210	59.34731293
19.20799951	-9.96924210	55.39492798
19.21199951	-9.96924210	55.39492798
19.21599951	-9.96924210	59.34731293
19.21999951	-9.96924210	59.34731293
19.22399951	-9.96924210	59.34731293
19.22799951	-9.96924210	63.29970551
19.23199951	-9.96924210	59.34731293
19.23599951	-9.96924210	63.29970551
19.23999951	-9.96924210	59.34731293
19.24399951	-9.96924210	59.34731293
19.24799951	-9.96924210	59.34731293
19.25199951	-9.96924210	55.39492798
19.25599951	-9.96924210	59.34731293
19.25999951	-9.96924210	59.34731293
19.26399951	-9.96924210	59.34731293
19.26799951	-9.96924210	59.34731293
19.27199951	-9.96924210	59.34731293
19.27599951	-9.96924210	59.34731293
19.27999951	-9.96924210	63.29970551
19.28399951	-9.96924210	59.34731293
19.28799951	-9.96924210	59.34731293
19.29199951	-9.96924210	59.34731293
19.29599951	-9.96924210	59.34731293
19.29999951	-9.96924210	59.34731293
19.30399951	-9.96924210	59.34731293
19.30799951	-9.96924210	59.34731293
19.31199951	-9.80868626	55.39492798
19.31599951	-9.96924210	59.34731293
19.31999951	-9.96924210	55.39492798
19.32399951	-9.96924210	55.39492798
19.32799951	-9.96924210	59.34731293
19.33199951	-9.96924210	55.39492798
19.33599951	-9.96924210	55.39492798
19.33999951	-9.96924210	55.39492798
19.34399951	-9.96924210	59.34731293
19.34799951	-9.80868626	55.39492798
19.35199951	-9.96924210	59.34731293
19.35599951	-9.96924210	55.39492798
19.35999951	-10.13041306	55.39492798
19.36399951	-9.96924210	55.39492798
19.36799951	-9.80868626	55.39492798
19.37199951	-9.96924210	59.34731293
19.37599951	-9.96924210	59.34731293
19.37999951	-9.96924210	55.39492798
19.38399951	-9.96924210	59.34731293
19.38799951	-9.96924210	55.39492798
19.39199951	-9.96924210	55.39492798
19.39599951	-9.80868626	59.34731293
19.39999951	-9.80868626	59.34731293
19.40399951	-9.96924210	59.34731293
19.40799951	-9.96924210	59.34731293
19.41199951	-9.96924210	55.39492798
19.41599951	-9.96924210	55.39492798
19.41999950	-9.80868626	55.39492798
19.42399950	-9.80868626	59.34731293
19.42799950	-9.96924210	59.34731293
19.43199950	-9.96924210	55.39492798
19.43599950	-9.96924210	55.39492798
19.43999950	-9.96924210	55.39492798
19.44399950	-9.96924210	55.39492798
19.44799950	-9.96924210	55.39492798
19.45199950	-9.96924210	59.34731293
19.45599950	-9.96924210	59.34731293
19.45999950	-9.96924210	59.34731293
19.46399950	-9.96924210	55.39492798
19.46799950	-9.96924210	55.39492798
19.47199950	-9.80868626	55.39492798
19.47599950	-9.96924210	59.34731293
19.47999950	-9.96924210	55.39492798
19.48399950	-9.96924210	55.39492798
19.48799950	-9.96924210	55.39492798
19.49199950	-9.96924210	51.42716217
19.49599950	-9.96924210	55.39492798
19.49999950	-9.80868626	55.39492798
19.50399950	-9.80868626	55.39492798
19.50799950	-9.96924210	55.39492798
19.51199950	-10.13041306	59.34731293
19.51599950	-9.96924210	51.42716217
19.51999950	-9.96924210	55.39492798
19.52399950	-9.80868626	55.39492798
19.52799950	-9.80868626	55.39492798
19.53199950	-9.96924210	55.39492798
19.53599950	-9.96924210	55.39492798
19.53999950	-9.96924210	55.39492798
19.54399950	-9.96924210	51.42716217
19.54799950	-9.80868626	51.42716217
19.55199950	-9.80868626	55.39492798
19.55599950	-9.96924210	59.34731293
19.55999950	-9.96924210	55.39492798
19.56399950	-9.96924210	55.39492798
19.56799950	-9.96924210	51.42716217
19.57199950	-9.96924210	55.39492798
19.57599950	-9.80868626	55.39492798
19.57999950	-9.80868626	55.39492798
19.58399950	-9.96924210	55.39492798
19.58799950	-9.96924210	55.39492798
19.59199950	-10.13041306	55.39492798
19.59599950	-9.96924210	51.42716217
19.59999950	-9.96924210	51.42716217
19.60399950	-9.96924210	55.39492798
19.60799950	-9.96924210	55.39492798
19.61199950	-9.80868626	51.42716217
19.61599950	-9.80868626	55.39492798
19.61999950	-9.96924210	55.39492798
19.62399950	-10.13041306	51.42716217
19.62799950	-9.96924210	55.39492798
19.63199950	-9.80868626	55.39492798
19.63599950	-9.80868626	55.39492798
19.63999950	-9.96924210	55.39492798
19.64399950	-9.96924210	55.39492798
19.64799950	-9.96924210	55.39492798
19.65199950	-9.96924210	55.39492798
19.65599950	-9.96924210	55.39492798
19.65999950	-9.96924210	51.42716217
19.66399950	-9.80868626	51.42716217
19.66799950	-9.80868626	55.39492798
19.67199950	-9.96924210	55.39492798
19.67599950	-10.13041306	55.39492798
19.67999950	-9.96924210	55.39492798
19.68399950	-9.80868626	55.39492798
19.68799950	-9.80868626	55.39492798
19.69199950	-9.96924210	55.39492798
19.69599950	-9.96924210	55.39492798
19.69999950	-9.96924210	55.39492798
19.70399950	-9.96924210	55.39492798
19.70799950	-9.96924210	51.42716217
19.71199950	-9.96924210	51.42716217
19.71599950	-9.80868626	51.42716217
19.71999950	-9.80868626	55.39492798
19.72399950	-9.96924210	55.39492798
19.72799950	-9.96924210	51.42716217
19.73199950	-9.96924210	51.42716217
19.73599950	-9.96924210	51.42716217
19.73999950	-9.96924210	51.42716217
19.74399950	-9.96924210	55.39492798
19.74799950	-9.96924210	55.39492798
19.75199950	-9.96924210	51.42716217
19.75599950	-9.96924210	51.42716217
19.75999950	-9.96924210	51.42716217
19.76399950	-9.96924210	51.42716217
19.76799950	-9.96924210	51.42716217
19.77199949	-9.80868626	51.42716217
19.77599949	-9.96924210	55.39492798
19.77999949	-9.96924210	51.42716217
19.78399949	-9.96924210	51.42716217
19.78799949	-9.96924210	55.39492798
19.79199949	-9.96924210	55.39492798
19.79599949	-9.96924210	55.39492798
19.79999949	-9.96924210	51.42716217
19.80399949	-9.96924210	55.39492798
19.80799949	-9.96924210	51.42716217
19.81199949	-9.96924210	51.42716217
19.81599949	-9.96924210	51.42716217
19.81999949	-9.96924210	51.42716217
19.82399949	-9.96924210	55.39492798
19.82799949	-9.96924210	55.39492798
19.83199949	-9.96924210	51.42716217
19.83599949	-9.96924210	51.42716217
19.83999949	-9.96924210	51.42716217
19.84399949	-9.96924210	55.39492798
19.84799949	-9.96924210	51.42716217
19.85199949	-9.96924210	51.42716217
19.85599949	-9.96924210	51.42716217
19.85999949	-9.96924210	51.42716217
19.86399949	-9.96924210	51.42716217
19.86799949	-9.96924210	51.42716217
19.87199949	-9.96924210	51.42716217
19.87599949	-9.96924210	47.47477722
19.87999949	-9.96924210	51.42716217
19.88399949	-9.96924210	51.42716217
19.88799949	-9.96924210	51.42716217
19.89199949	-9.96924210	51.42716217
19.89599949	-9.80868626	51.42716217
19.89999949	-9.96924210	51.42716217
19.90399949	-9.96924210	51.42716217
19.90799949	-9.96924210	51.42716217
19.91199949	-9.96924210	51.42716217
19.91599949	-9.80868626	47.47477722
19.91999949	-9.96924210	51.42716217
19.92399949	-9.96924210	51.42716217
19.92799949	-9.96924210	51.42716217
19.93199949	-9.96924210	51.42716217
19.93599949	-9.96924210	51.42716217
19.93999949	-9.96924210	51.42716217
19.94399949	-9.96924210	51.42716217
19.94799949	-9.80868626	51.42716217
19.95199949	-9.96924210	51.42716217
19.95599949	-9.96924210	51.42716217
19.95999949	-9.96924210	51.42716217
19.96399949	-9.96924210	51.42716217
19.96799949	-9.96924210	51.42716217
19.97199949	-9.96924210	51.42716217
19.97599949	-9.96924210	47.47477722
19.97999949	-9.80868626	51.42716217
19.98399949	-9.96924210	51.42716217
19.98799949	-10.13041306	51.42716217
19.99199949	-9.96924210	51.42716217
19.99599949	-9.96924210	47.47477722
19.99999949	-9.96924210	51.42716217
20.00399949	-9.96924210	47.47477722
20.00799949	-9.96924210	51.42716217
20.01199949	-9.96924210	51.42716217
20.01599949	-9.96924210	51.42716217
20.01999949	-9.96924210	51.42716217
20.02399949	-9.96924210	47.47477722
20.02799949	-9.96924210	51.42716217
20.03199949	-9.96924210	51.42716217
20.03599949	-9.96924210	51.42716217
20.03999949	-9.96924210	51.42716217
20.04399949	-9.96924210	51.42716217
20.04799949	-9.96924210	47.47477722
20.05199949	-9.96924210	47.47477722
20.05599949	-9.96924210	47.47477722
20.05999949	-9.80868626	51.42716217
20.06399949	-9.96924210	51.42716217
20.06799949	-9.96924210	51.42716217
20.07199949	-9.96924210	51.42716217
20.07599949	-9.96924210	47.47477722
20.07999949	-9.96924210	51.42716217
20.08399949	-9.80868626	51.42716217
20.08799949	-9.96924210	51.42716217
20.09199949	-9.96924210	51.42716217
20.09599949	-9.96924210	51.42716217
20.09999949	-9.96924210	47.47477722
20.10399949	-9.96924210	51.42716217
20.10799949	-9.96924210	51.42716217
20.11199949	-9.96924210	51.42716217
20.11599949	-9.96924210	51.42716217
20.11999949	-9.96924210	51.42716217
20.12399949	-9.96924210	47.47477722
20.12799948	-9.96924210	43.52238846
20.13199948	-9.80868626	47.47477722
20.13599948	-9.80868626	47.47477722
20.13999948	-9.96924210	47.47477722
20.14399948	-9.96924210	51.42716217
20.14799948	-9.96924210	47.47477722
20.15199948	-9.96924210	47.47477722
20.15599948	-9.96924210	47.47477722
20.15999948	-9.80868626	43.52238846
20.16399948	-9.80868626	51.42716217
20.16799948	-9.96924210	51.42716217
20.17199948	-9.96924210	51.42716217
20.17599948	-10.13041306	51.42716217
20.17999948	-9.96924210	47.47477722
20.18399948	-9.96924210	47.47477722
20.18799948	-9.80868626	47.47477722
20.19199948	-9.80868626	51.42716217
20.19599948	-9.96924210	51.42716217
20.19999948	-9.96924210	47.47477722
20.20399948	-10.13041306	47.47477722
20.20799948	-9.96924210	47.47477722
20.21199948	-9.96924210	47.47477722
20.21599948	-9.80868626	51.42716217
20.21999948	-9.80868626	51.42716217
20.22399948	-9.96924210	51.42716217
20.22799948	-10.13041306	51.42716217
20.23199948	-10.13041306	47.47477722
20.23599948	-9.96924210	47.47477722
20.23999948	-9.80868626	47.47477722
20.24399948	-9.80868626	51.42716217
20.24799948	-9.80868626	51.42716217
20.25199948	-9.96924210	47.47477722
20.25599948	-10.13041306	47.47477722
20.25999948	-9.96924210	43.52238846
20.26399948	-9.80868626	47.47477722
20.26799948	-9.80868626	47.47477722
20.27199948	-9.80868626	47.47477722
20.27599948	-9.96924210	51.42716217
20.27999948	-9.96924210	47.47477722
20.28399948	-10.13041306	47.47477722
20.28799948	-9.96924210	47.47477722
20.29199948	-9.80868626	47.47477722
20.29599948	-9.80868626	51.42716217
20.29999948	-9.80868626	47.47477722
20.30399948	-9.96924210	51.42716217
20.30799948	-9.96924210	51.42716217
20.31199948	-10.13041306	43.52238846
20.31599948	-9.96924210	43.52238846
20.31999948	-9.80868626	47.47477722
20.32399948	-9.80868626	47.47477722
20.32799948	-9.96924210	47.47477722
20.33199948	-9.96924210	47.47477722
20.33599948	-10.13041306	47.47477722
20.33999948	-9.96924210	43.52238846
20.34399948	-9.96924210	43.52238846
20.34799948	-9.80868626	43.52238846
20.35199948	-9.80868626	47.47477722
20.35599948	-9.96924210	47.47477722
20.35999948	-10.13041306	47.47477722
20.36399948	-10.13041306	43.52238846
20.36799948	-9.96924210	43.52238846
20.37199948	-9.80868626	43.52238846
20.37599948	-9.80868626	47.47477722
20.37999948	-9.80868626	47.47477722
20.38399948	-9.96924210	51.42716217
20.38799948	-10.13041306	47.47477722
20.39199948	-9.96924210	43.52238846
20.39599948	-9.80868626	39.55462265
20.39999948	-9.80868626	51.42716217
20.40399948	-9.80868626	51.42716217
20.40799948	-9.96924210	51.42716217
20.41199948	-9.96924210	43.52238846
20.41599948	-9.96924210	43.52238846
20.41999948	-9.96924210	43.52238846
20.42399948	-9.96924210	43.52238846
20.42799948	-9.80868626	47.47477722
20.43199948	-9.96924210	51.42716217
20.43599948	-9.96924210	47.47477722
20.43999948	-9.96924210	43.52238846
20.44399948	-9.96924210	43.52238846
20.44799948	-9.96924210	43.52238846
20.45199948	-9.80868626	47.47477722
20.45599948	-9.96924210	47.47477722
20.45999948	-9.96924210	47.47477722
20.46399948	-9.96924210	43.52238846
20.46799948	-9.96924210	43.52238846
20.47199948	-9.96924210	47.47477722
20.47599948	-9.96924210	47.47477722
20.47999947	-9.80868626	47.47477722
20.48399947	-9.80868626	47.47477722
20.48799947	-9.96924210	43.52238846
20.49199947	-10.13041306	43.52238846
20.49599947	-9.96924210	43.52238846
20.49999947	-9.80868626	43.52238846
20.50399947	-9.80868626	47.47477722
20.50799947	-9.96924210	47.47477722
20.51199947	-9.96924210	47.47477722
20.51599947	-9.96924210	43.52238846
20.51999947	-9.96924210	43.52238846
20.52399947	-9.96924210	43.52238846
20.52799947	-9.80868626	43.52238846
20.53199947	-9.80868626	47.47477722
20.53599947	-9.80868626	43.52238846
20.53999947	-9.96924210	43.52238846
20.54399947	-9.96924210	47.47477722
20.54799947	-10.13041306	43.52238846
20.55199947	-9.96924210	43.52238846
20.55599947	-9.80868626	43.52238846
20.55999947	-9.80868626	47.47477722
20.56399947	-9.96924210	47.47477722
20.56799947	-9.96924210	47.47477722
20.57199947	-9.96924210	39.55462265
20.57599947	-9.96924210	43.52238846
20.57999947	-9.96924210	47.47477722
20.58399947	-9.80868626	43.52238846
20.58799947	-9.80868626	43.52238846
20.59199947	-9.96924210	47.47477722
20.59599947	-9.96924210	47.47477722
20.59999947	-10.13041306	43.52238846
20.60399947	-9.96924210	43.52238846
20.60799947	-9.96924210	43.52238846
20.61199947	-9.80868626	43.52238846
20.61599947	-9.80868626	47.47477722
20.61999947	-9.96924210	47.47477722
20.62399947	-9.96924210	47.47477722
20.62799947	-9.96924210	43.52238846
20.63199947	-9.96924210	43.52238846
20.63599947	-9.96924210	43.52238846
20.63999947	-9.80868626	47.47477722
20.64399947	-9.80868626	43.52238846
20.64799947	-9.96924210	47.47477722
20.65199947	-9.96924210	47.47477722
20.65599947	-9.96924210	43.52238846
20.65999947	-9.96924210	43.52238846
20.66399947	-9.80868626	43.52238846
20.66799947	-9.80868626	43.52238846
20.67199947	-9.96924210	43.52238846
20.67599947	-9.96924210	47.47477722
20.67999947	-9.96924210	47.47477722
20.68399947	-9.96924210	43.52238846
20.68799947	-9.96924210	43.52238846
20.69199947	-9.96924210	39.55462265
20.69599947	-9.80868626	43.52238846
20.69999947	-9.80868626	43.52238846
20.70399947	-9.96924210	47.47477722
20.70799947	-10.13041306	47.47477722
20.71199947	-9.96924210	39.55462265
20.71599947	-9.96924210	39.55462265
20.71999947	-9.80868626	43.52238846
20.72399947	-9.80868626	43.52238846
20.72799947	-9.96924210	47.47477722
20.73199947	-9.96924210	43.52238846
20.73599947	-10.13041306	43.52238846
20.73999947	-9.96924210	43.52238846
20.74399947	-9.96924210	43.52238846
20.74799947	-9.80868626	39.55462265
20.75199947	-9.80868626	47.47477722
20.75599947	-9.96924210	43.52238846
20.75999947	-9.96924210	43.52238846
20.76399947	-9.96924210	43.52238846
20.76799947	-9.96924210	43.52238846
20.77199947	-9.96924210	43.52238846
20.77599947	-9.96924210	43.52238846
20.77999947	-9.80868626	43.52238846
20.78399947	-9.80868626	43.52238846
20.78799947	-9.96924210	43.52238846
20.79199947	-9.96924210	43.52238846
20.79599947	-9.96924210	39.55462265
20.79999947	-9.96924210	43.52238846
20.80399947	-9.80868626	43.52238846
20.80799947	-9.96924210	43.52238846
20.81199947	-9.96924210	43.52238846
20.81599947	-9.96924210	43.52238846
20.81999947	-9.96924210	43.52238846
20.82399947	-9.96924210	39.55462265
20.82799947	-9.80868626	39.55462265
20.83199947	-9.80868626	43.52238846
20.83599946	-9.96924210	47.47477722
20.83999946	-9.96924210	43.52238846
20.84399946	-9.96924210	43.52238846
20.84799946	-9.96924210	43.52238846
20.85199946	-9.96924210	43.52238846
20.85599946	-9.96924210	39.55462265
20.85999946	-9.96924210	43.52238846
20.86399946	-9.80868626	39.55462265
20.86799946	-9.96924210	43.52238846
20.87199946	-9.96924210	43.52238846
20.87599946	-9.96924210	39.55462265
20.87999946	-9.96924210	39.55462265
20.88399946	-9.80868626	43.52238846
20.88799946	-9.80868626	43.52238846
20.89199946	-9.96924210	43.52238846
20.89599946	-9.96924210	43.52238846
20.89999946	-9.96924210	43.52238846
20.90399946	-9.96924210	43.52238846
20.90799946	-9.80868626	39.55462265
20.91199946	-9.96924210	39.55462265
20.91599946	-9.96924210	39.55462265
20.91999946	-9.80868626	43.52238846
20.92399946	-9.96924210	43.52238846
20.92799946	-9.96924210	39.55462265
20.93199946	-9.96924210	43.52238846
20.93599946	-9.96924210	39.55462265
20.93999946	-9.80868626	39.55462265
20.94399946	-9.80868626	43.52238846
20.94799946	-9.96924210	43.52238846
20.95199946	-9.96924210	43.52238846
20.95599946	-9.96924210	39.55462265
20.95999946	-9.80868626	39.55462265
20.96399946	-9.80868626	43.52238846
20.96799946	-9.96924210	43.52238846
20.97199946	-9.96924210	39.55462265
20.97599946	-9.96924210	43.52238846
20.97999946	-9.96924210	39.55462265
20.98399946	-9.96924210	43.52238846
20.98799946	-9.96924210	43.52238846
20.99199946	-9.80868626	39.55462265
20.99599946	-9.80868626	43.52238846
20.99999946	-9.96924210	39.55462265
21.00399946	-9.96924210	43.52238846
21.00799946	-9.96924210	39.55462265
21.01199946	-9.96924210	35.60223770
21.01599946	-9.80868626	39.55462265
21.01999946	-9.96924210	39.55462265
21.02399946	-9.80868626	39.55462265
21.02799946	-9.80868626	39.55462265
21.03199946	-9.96924210	39.55462265
21.03599946	-9.96924210	39.55462265
21.03999946	-9.96924210	39.55462265
21.04399946	-9.96924210	39.55462265
21.04799946	-9.80868626	39.55462265
21.05199946	-9.80868626	39.55462265
21.05599946	-9.96924210	43.52238846
21.05999946	-9.96924210	43.52238846
21.06399946	-9.96924210	39.55462265
21.06799946	-9.96924210	39.55462265
21.07199946	-9.96924210	39.55462265
21.07599946	-9.96924210	43.52238846
21.07999946	-9.96924210	39.55462265
21.08399946	-9.80868626	39.55462265
21.08799946	-9.96924210	39.55462265
21.09199946	-9.96924210	39.55462265
21.09599946	-9.96924210	39.55462265
21.09999946	-9.96924210	39.55462265
21.10399946	-9.96924210	39.55462265
21.10799946	-9.96924210	39.55462265
21.11199946	-9.96924210	39.55462265
21.11599946	-9.80868626	39.55462265
21.11999946	-9.80868626	39.55462265
21.12399946	-9.96924210	43.52238846
21.12799946	-9.96924210	39.55462265
21.13199946	-9.96924210	39.55462265
21.13599946	-9.96924210	39.55462265
21.13999946	-9.96924210	39.55462265
21.14399946	-9.80868626	39.55462265
21.14799946	-9.80868626	39.55462265
21.15199946	-9.96924210	39.55462265
21.15599946	-9.96924210	39.55462265
21.15999946	-9.96924210	39.55462265
21.16399946	-9.96924210	39.55462265
21.16799946	-9.80868626	39.55462265
21.17199946	-9.80868626	39.55462265
21.17599946	-9.96924210	39.55462265
21.17999946	-9.96924210	39.55462265
21.18399946	-9.96924210	39.55462265
21.18799945	-9.96924210	39.55462265
21.19199945	-9.96924210	35.60223770
21.19599945	-9.80868626	39.55462265
21.19999945	-9.80868626	43.52238846
21.20399945	-9.96924210	35.60223770
21.20799945	-9.96924210	39.55462265
21.21199945	-9.96924210	39.55462265
21.21599945	-9.96924210	39.55462265
21.21999945	-9.80868626	39.55462265
21.22399945	-9.80868626	39.55462265
21.22799945	-9.80868626	39.55462265
21.23199945	-9.96924210	39.55462265
21.23599945	-9.96924210	39.55462265
21.23999945	-9.96924210	39.55462265
21.24399945	-9.96924210	39.55462265
21.24799945	-9.80868626	39.55462265
21.25199945	-9.80868626	35.60223770
21.25599945	-9.96924210	39.55462265
21.25999945	-9.96924210	39.55462265
21.26399945	-9.96924210	39.55462265
21.26799945	-9.96924210	35.60223770
21.27199945	-9.96924210	35.60223770
21.27599945	-9.80868626	39.55462265
21.27999945	-9.80868626	39.55462265
21.28399945	-9.96924210	39.55462265
21.28799945	-9.96924210	39.55462265
21.29199945	-9.96924210	35.60223770
21.29599945	-9.96924210	35.60223770
21.29999945	-9.96924210	35.60223770
21.30399945	-9.80868626	39.55462265
21.30799945	-9.96924210	39.55462265
21.31199945	-9.96924210	35.60223770
21.31599945	-9.96924210	39.55462265
21.31999945	-9.96924210	35.60223770
21.32399945	-9.96924210	35.60223770
21.32799945	-9.96924210	39.55462265
21.33199945	-9.80868626	39.55462265
21.33599945	-9.96924210	39.55462265
21.33999945	-9.96924210	35.60223770
21.34399945	-9.96924210	39.55462265
21.34799945	-9.96924210	39.55462265
21.35199945	-9.96924210	39.55462265
21.35599945	-9.80868626	39.55462265
21.35999945	-9.96924210	39.55462265
21.36399945	-9.96924210	39.55462265
21.36799945	-9.96924210	35.60223770
21.37199945	-9.96924210	35.60223770
21.37599945	-9.96924210	35.60223770
21.37999945	-9.96924210	35.60223770
21.38399945	-9.96924210	39.55462265
21.38799945	-9.96924210	39.55462265
21.39199945	-9.96924210	39.55462265
21.39599945	-9.96924210	39.55462265
21.39999945	-9.96924210	35.60223770
21.40399945	-9.80868626	39.55462265
21.40799945	-9.80868626	35.60223770
21.41199945	-9.96924210	39.55462265
21.41599945	-9.96924210	39.55462265
21.41999945	-9.96924210	39.55462265
21.42399945	-9.96924210	35.60223770
21.42799945	-9.96924210	39.55462265
21.43199945	-9.96924210	39.55462265
21.43599945	-9.80868626	35.60223770
21.43999945	-9.80868626	39.55462265
21.44399945	-9.96924210	35.60223770
21.44799945	-9.96924210	35.60223770
21.45199945	-9.96924210	35.60223770
21.45599945	-9.96924210	35.60223770
21.45999945	-9.80868626	35.60223770
21.46399945	-9.96924210	39.55462265
21.46799945	-9.96924210	35.60223770
21.47199945	-9.96924210	35.60223770
21.47599945	-9.96924210	35.60223770
21.47999945	-9.96924210	35.60223770
21.48399945	-9.96924210	31.64985275
21.48799945	-9.80868626	39.55462265
21.49199945	-9.80868626	35.60223770
21.49599945	-9.80868626	35.60223770
21.49999945	-9.96924210	35.60223770
21.50399945	-9.96924210	35.60223770
21.50799945	-9.96924210	35.60223770
21.51199945	-9.96924210	35.60223770
21.51599945	-9.80868626	35.60223770
21.51999945	-9.80868626	35.60223770
21.52399945	-9.96924210	35.60223770
21.52799945	-9.96924210	31.64985275
21.53199945	-9.96924210	35.60223770
21.53599945	-9.96924210	35.60223770
21.53999944	-9.96924210	31.64985275
21.54399944	-9.80868626	35.60223770
21.54799944	-9.80868626	35.60223770
21.55199944	-9.96924210	35.60223770
21.55599944	-9.96924210	35.60223770
21.55999944	-9.96924210	35.60223770
21.56399944	-9.96924210	31.64985275
21.56799944	-9.80868626	35.60223770
21.57199944	-9.80868626	35.60223770
21.57599944	-9.96924210	39.55462265
21.57999944	-9.96924210	35.60223770
21.58399944	-9.96924210	35.60223770
21.58799944	-9.96924210	35.60223770
21.59199944	-9.96924210	35.60223770
21.59599944	-9.80868626	35.60223770
21.59999944	-9.80868626	39.55462265
21.60399944	-9.96924210	35.60223770
21.60799944	-9.96924210	35.60223770
21.61199944	-9.96924210	35.60223770
21.61599944	-9.96924210	31.64985275
21.61999944	-9.80868626	35.60223770
21.62399944	-9.96924210	35.60223770
21.62799944	-9.96924210	35.60223770
21.63199944	-9.96924210	35.60223770
21.63599944	-9.80868626	31.64985275
21.63999944	-9.96924210	35.60223770
21.64399944	-9.96924210	35.60223770
21.64799944	-9.96924210	35.60223770
21.65199944	-9.80868626	35.60223770
21.65599944	-9.96924210	35.60223770
21.65999944	-9.96924210	31.64985275
21.66399944	-9.96924210	31.64985275
21.66799944	-9.96924210	35.60223770
21.67199944	-9.96924210	39.55462265
21.67599944	-9.96924210	31.64985275
21.67999944	-9.96924210	31.64985275
21.68399944	-9.80868626	35.60223770
21.68799944	-9.80868626	35.60223770
21.69199944	-9.96924210	35.60223770
21.69599944	-9.96924210	39.55462265
21.69999944	-9.96924210	35.60223770
21.70399944	-9.80868626	35.60223770
21.70799944	-9.80868626	35.60223770
21.71199944	-9.96924210	39.55462265
21.71599944	-9.96924210	39.55462265
21.71999944	-9.96924210	35.60223770
21.72399944	-9.96924210	31.64985275
21.72799944	-9.96924210	35.60223770
21.73199944	-9.96924210	35.60223770
21.73599944	-9.96924210	31.64985275
21.73999944	-9.80868626	31.64985275
21.74399944	-9.96924210	35.60223770
21.74799944	-9.96924210	35.60223770
21.75199944	-9.96924210	31.64985275
21.75599944	-9.96924210	31.64985275
21.75999944	-9.96924210	31.64985275
21.76399944	-9.80868626	35.60223770
21.76799944	-9.96924210	35.60223770
21.77199944	-9.96924210	35.60223770
21.77599944	-9.96924210	31.64985275
21.77999944	-9.96924210	31.64985275
21.78399944	-9.96924210	27.69746399
21.78799944	-9.80868626	31.64985275
21.79199944	-9.80868626	35.60223770
21.79599944	-9.96924210	35.60223770
21.79999944	-9.96924210	39.55462265
21.80399944	-9.96924210	31.64985275
21.80799944	-9.96924210	31.64985275
21.81199944	-9.96924210	31.64985275
21.81599944	-9.96924210	35.60223770
21.81999944	-9.96924210	35.60223770
21.82399944	-9.80868626	35.60223770
21.82799944	-9.96924210	35.60223770
21.83199944	-9.96924210	35.60223770
21.83599944	-9.96924210	35.60223770
21.83999944	-9.96924210	31.64985275
21.84399944	-9.80868626	35.60223770
21.84799944	-9.80868626	31.64985275
21.85199944	-9.96924210	31.64985275
21.85599944	-9.96924210	31.64985275
21.85999944	-9.96924210	31.64985275
21.86399944	-9.96924210	31.64985275
21.86799944	-9.96924210	35.60223770
21.87199944	-9.96924210	35.60223770
21.87599944	-9.80868626	31.64985275
21.87999944	-9.96924210	35.60223770
21.88399944	-9.96924210	31.64985275
21.88799944	-9.96924210	31.64985275
21.89199944	-9.96924210	31.64985275
21.89599943	-9.96924210	31.64985275
21.89999943	-9.80868626	31.64985275
21.90399943	-9.96924210	35.60223770
21.90799943	-9.96924210	35.60223770
21.91199943	-9.96924210	35.60223770
21.91599943	-9.96924210	31.64985275
21.91999943	-9.80868626	31.64985275
21.92399943	-9.96924210	31.64985275
21.92799943	-9.96924210	35.60223770
21.93199943	-9.96924210	31.64985275
21.93599943	-9.80868626	31.64985275
21.93999943	-9.96924210	31.64985275
21.94399943	-9.96924210	35.60223770
21.94799943	-9.96924210	31.64985275
21.95199943	-9.80868626	31.64985275
21.95599943	-9.80868626	35.60223770
21.95999943	-9.96924210	35.60223770
21.96399943	-9.96924210	31.64985275
21.96799943	-9.96924210	31.64985275
21.97199943	-9.96924210	31.64985275
21.97599943	-9.96924210	31.64985275
21.97999943	-9.96924210	31.64985275
21.98399943	-9.96924210	31.64985275
21.98799943	-9.96924210	35.60223770
21.99199943	-9.96924210	27.69746399
21.99599943	-9.96924210	27.69746399
21.99999943	-9.96924210	31.64985275
22.00399943	-9.96924210	31.64985275
22.00799943	-9.96924210	31.64985275
22.01199943	-9.96924210	31.64985275
22.01599943	-9.80868626	27.69746399
22.01999943	-9.80868626	35.60223770
22.02399943	-9.96924210	27.69746399
22.02799943	-9.96924210	31.64985275
22.03199943	-9.96924210	35.60223770
22.03599943	-9.80868626	31.64985275
22.03999943	-9.80868626	31.64985275
22.04399943	-9.96924210	31.64985275
22.04799943	-9.96924210	31.64985275
22.05199943	-9.96924210	31.64985275
22.05599943	-9.96924210	31.64985275
22.05999943	-9.96924210	27.69746399
22.06399943	-9.96924210	31.64985275
22.06799943	-9.80868626	31.64985275
22.07199943	-9.96924210	31.64985275
22.07599943	-9.96924210	35.60223770
22.07999943	-9.96924210	31.64985275
22.08399943	-9.96924210	31.64985275
22.08799943	-9.96924210	31.64985275
22.09199943	-9.96924210	31.64985275
22.09599943	-9.96924210	31.64985275
22.09999943	-9.96924210	31.64985275
22.10399943	-9.80868626	31.64985275
22.10799943	-9.96924210	27.69746399
22.11199943	-9.96924210	31.64985275
22.11599943	-9.96924210	31.64985275
22.11999943	-9.80868626	31.64985275
22.12399943	-9.80868626	31.64985275
22.12799943	-9.96924210	31.64985275
22.13199943	-9.96924210	31.64985275
22.13599943	-9.96924210	31.64985275
22.13999943	-9.80868626	31.64985275
22.14399943	-9.96924210	31.64985275
22.14799943	-9.96924210	31.64985275
22.15199943	-9.96924210	31.64985275
22.15599943	-9.80868626	27.69746399
22.15999943	-9.80868626	27.69746399
22.16399943	-9.96924210	31.64985275
22.16799943	-9.96924210	27.69746399
22.17199943	-9.96924210	31.64985275
22.17599943	-9.96924210	31.64985275
22.17999943	-9.80868626	31.64985275
22.18399943	-9.96924210	31.64985275
22.18799943	-9.80868626	27.69746399
22.19199943	-9.96924210	35.60223770
22.19599943	-9.96924210	35.60223770
22.19999943	-9.96924210	31.64985275
22.20399943	-9.96924210	31.64985275
22.20799943	-9.80868626	31.64985275
22.21199943	-9.96924210	31.64985275
22.21599943	-9.96924210	31.64985275
22.21999943	-9.96924210	31.64985275
22.22399943	-9.80868626	31.64985275
22.22799943	-9.96924210	31.64985275
22.23199943	-9.96924210	27.69746399
22.23599943	-9.96924210	27.69746399
22.23999943	-9.80868626	27.69746399
22.24399943	-9.96924210	31.64985275
22.24799942	-9.96924210	27.69746399
22.25199942	-9.96924210	31.64985275
22.25599942	-9.96924210	27.69746399
22.25999942	-9.80868626	31.64985275
22.26399942	-9.96924210	31.64985275
22.26799942	-9.96924210	31.64985275
22.27199942	-9.96924210	31.64985275
22.27599942	-9.96924210	27.69746399
22.27999942	-9.96924210	31.64985275
22.28399942	-9.80868626	27.69746399
22.28799942	-9.80868626	27.69746399
22.29199942	-9.80868626	31.64985275
22.29599942	-9.96924210	31.64985275
22.29999942	-9.96924210	31.64985275
22.30399942	-9.96924210	27.69746399
22.30799942	-9.80868626	27.69746399
22.31199942	-9.96924210	27.69746399
22.31599942	-9.96924210	31.64985275
22.31999942	-9.96924210	27.69746399
22.32399942	-9.80868626	27.69746399
22.32799942	-9.96924210	31.64985275
22.33199942	-9.80868626	27.69746399
22.33599942	-9.96924210	31.64985275
22.33999942	-9.96924210	31.64985275
22.34399942	-9.96924210	31.64985275
22.34799942	-9.96924210	27.69746399
22.35199942	-9.96924210	27.69746399
22.35599942	-9.96924210	27.69746399
22.35999942	-9.80868626	27.69746399
22.36399942	-9.96924210	31.64985275
22.36799942	-9.96924210	31.64985275
22.37199942	-9.96924210	27.69746399
22.37599942	-9.80868626	27.69746399
22.37999942	-9.80868626	27.69746399
22.38399942	-9.96924210	31.64985275
22.38799942	-9.96924210	31.64985275
22.39199942	-9.80868626	27.69746399
22.39599942	-9.80868626	27.69746399
22.39999942	-9.96924210	27.69746399
22.40399942	-9.96924210	27.69746399
22.40799942	-9.96924210	27.69746399
22.41199942	-9.80868626	31.64985275
22.41599942	-9.96924210	31.64985275
22.41999942	-9.96924210	31.64985275
22.42399942	-9.96924210	27.69746399
22.42799942	-9.80868626	27.69746399
22.43199942	-9.80868626	27.69746399
22.43599942	-9.96924210	31.64985275
22.43999942	-9.96924210	31.64985275
22.44399942	-9.80868626	23.72970009
22.44799942	-9.80868626	27.69746399
22.45199942	-9.96924210	27.69746399
22.45599942	-9.96924210	31.64985275
22.45999942	-9.96924210	31.64985275
22.46399942	-9.80868626	27.69746399
22.46799942	-9.80868626	31.64985275
22.47199942	-9.96924210	27.69746399
22.47599942	-9.96924210	27.69746399
22.47999942	-9.80868626	27.69746399
22.48399942	-9.80868626	31.64985275
22.48799942	-9.80868626	27.69746399
22.49199942	-9.96924210	27.69746399
22.49599942	-9.96924210	27.69746399
22.49999942	-9.80868626	27.69746399
22.50399942	-9.80868626	27.69746399
22.50799942	-9.96924210	31.64985275
22.51199942	-9.96924210	27.69746399
22.51599942	-9.80868626	23.72970009
22.51999942	-9.80868626	23.72970009
22.52399942	-9.80868626	27.69746399
22.52799942	-9.96924210	31.64985275
22.53199942	-9.96924210	31.64985275
22.53599942	-9.96924210	27.69746399
22.53999942	-9.80868626	27.69746399
22.54399942	-9.96924210	31.64985275
22.54799942	-9.96924210	31.64985275
22.55199942	-9.96924210	27.69746399
22.55599942	-9.80868626	27.69746399
22.55999942	-9.80868626	31.64985275
22.56399942	-9.96924210	31.64985275
22.56799942	-9.96924210	27.69746399
22.57199942	-9.96924210	27.69746399
22.57599942	-9.96924210	27.69746399
22.57999942	-9.96924210	27.69746399
22.58399942	-9.96924210	27.69746399
22.58799942	-9.96924210	27.69746399
22.59199942	-9.80868626	27.69746399
22.59599942	-9.80868626	27.69746399
22.59999942	-9.80868626	31.64985275
22.60399941	-9.96924210	31.64985275
22.60799941	-9.96924210	27.69746399
22.61199941	-9.80868626	27.69746399
22.61599941	-9.80868626	27.69746399
22.61999941	-9.80868626	27.69746399
22.62399941	-9.96924210	27.69746399
22.62799941	-9.96924210	27.69746399
22.63199941	-9.96924210	27.69746399
22.63599941	-9.80868626	23.72970009
22.63999941	-9.80868626	31.64985275
22.64399941	-9.80868626	27.69746399
22.64799941	-9.96924210	27.69746399
22.65199941	-9.96924210	31.64985275
22.65599941	-9.96924210	31.64985275
22.65999941	-9.96924210	23.72970009
22.66399941	-9.80868626	23.72970009
22.66799941	-9.80868626	27.69746399
22.67199941	-9.80868626	27.69746399
22.67599941	-9.96924210	31.64985275
22.67999941	-9.96924210	27.69746399
22.68399941	-9.96924210	23.72970009
22.68799941	-9.96924210	23.72970009
22.69199941	-9.80868626	27.69746399
22.69599941	-9.80868626	27.69746399
22.69999941	-9.80868626	27.69746399
22.70399941	-9.96924210	27.69746399
22.70799941	-9.96924210	23.72970009
22.71199941	-9.96924210	23.72970009
22.71599941	-9.96924210	23.72970009
22.71999941	-9.80868626	27.69746399
22.72399941	-9.80868626	27.69746399
22.72799941	-9.80868626	27.69746399
22.73199941	-9.96924210	27.69746399
22.73599941	-9.96924210	27.69746399
22.73999941	-9.96924210	23.72970009
22.74399941	-9.80868626	27.69746399
22.74799941	-9.80868626	27.69746399
22.75199941	-9.80868626	27.69746399
22.75599941	-9.96924210	27.69746399
22.75999941	-9.96924210	23.72970009
22.76399941	-9.96924210	23.72970009
22.76799941	-9.96924210	23.72970009
22.77199941	-9.80868626	27.69746399
22.77599941	-9.80868626	27.69746399
22.77999941	-9.80868626	23.72970009
22.78399941	-9.96924210	27.69746399
22.78799941	-9.96924210	23.72970009
22.79199941	-9.80868626	27.69746399
22.79599941	-9.80868626	27.69746399
22.79999941	-9.96924210	31.64985275
22.80399941	-9.96924210	27.69746399
22.80799941	-9.96924210	27.69746399
22.81199941	-9.96924210	23.72970009
22.81599941	-9.96924210	23.72970009
22.81999941	-9.96924210	27.69746399
22.82399941	-9.80868626	23.72970009
22.82799941	-9.80868626	27.69746399
22.83199941	-9.96924210	27.69746399
22.83599941	-10.13041306	27.69746399
22.83999941	-10.13041306	23.72970009
22.84399941	-9.80868626	23.72970009
22.84799941	-9.64751434	27.69746399
22.85199941	-9.96924210	31.64985275
22.85599941	-9.96924210	27.69746399
22.85999941	-9.96924210	23.72970009
22.86399941	-9.80868626	23.72970009
22.86799941	-9.96924210	23.72970009
22.87199941	-9.96924210	23.72970009
22.87599941	-9.80868626	23.72970009
22.87999941	-9.80868626	23.72970009
22.88399941	-9.96924210	31.64985275
22.88799941	-10.13041306	27.69746399
22.89199941	-10.13041306	23.72970009
22.89599941	-9.96924210	23.72970009
22.89999941	-9.80868626	23.72970009
22.90399941	-9.80868626	27.69746399
22.90799941	-10.13041306	31.64985275
22.91199941	-9.96924210	27.69746399
22.91599941	-9.96924210	27.69746399
22.91999941	-9.96924210	27.69746399
22.92399941	-9.96924210	27.69746399
22.92799941	-9.96924210	27.69746399
22.93199941	-9.80868626	23.72970009
22.93599941	-9.96924210	27.69746399
22.93999941	-9.96924210	23.72970009
22.94399941	-9.96924210	23.72970009
22.94799941	-9.96924210	23.72970009
22.95199941	-9.96924210	27.69746399
22.95599940	-9.80868626	23.72970009
22.95999940	-9.96924210	27.69746399
22.96399940	-9.96924210	27.69746399
22.96799940	-9.96924210	23.72970009
22.97199940	-9.80868626	19.77731133
22.97599940	-9.96924210	23.72970009
22.97999940	-9.96924210	27.69746399
22.98399940	-9.96924210	23.72970009
22.98799940	-9.96924210	19.77731133
22.99199940	-9.96924210	19.77731133
22.99599940	-9.80868626	19.77731133
22.99999940	-9.80868626	23.72970009
23.00399940	-9.80868626	27.69746399
23.00799940	-9.96924210	31.64985275
23.01199940	-10.13041306	27.69746399
23.01599940	-9.96924210	23.72970009
23.01999940	-9.96924210	23.72970009
23.02399940	-9.80868626	27.69746399
23.02799940	-9.80868626	23.72970009
23.03199940	-9.80868626	27.69746399
23.03599940	-9.96924210	27.69746399
23.03999940	-10.13041306	23.72970009
23.04399940	-9.96924210	23.72970009
23.04799940	-9.80868626	23.72970009
23.05199940	-9.80868626	23.72970009
23.05599940	-9.80868626	27.69746399
23.05999940	-9.96924210	27.69746399
23.06399940	-9.96924210	23.72970009
23.06799940	-9.96924210	19.77731133
23.07199940	-9.96924210	19.77731133
23.07599940	-9.80868626	19.77731133
23.07999940	-9.80868626	23.72970009
23.08399940	-9.80868626	27.69746399
23.08799940	-9.96924210	23.72970009
23.09199940	-9.96924210	23.72970009
23.09599940	-9.96924210	23.72970009
23.09999940	-9.96924210	19.77731133
23.10399940	-9.96924210	31.64985275
23.10799940	-9.96924210	31.64985275
23.11199940	-9.80868626	23.72970009
23.11599940	-9.96924210	23.72970009
23.11999940	-9.96924210	23.72970009
23.12399940	-9.96924210	23.72970009
23.12799940	-9.96924210	23.72970009
23.13199940	-9.80868626	23.72970009
23.13599940	-9.80868626	23.72970009
23.13999940	-9.96924210	23.72970009
23.14399940	-9.96924210	19.77731133
23.14799940	-9.96924210	19.77731133
23.15199940	-9.96924210	23.72970009
23.15599940	-9.96924210	23.72970009
23.15999940	-9.96924210	23.72970009
23.16399940	-9.96924210	23.72970009
23.16799940	-9.96924210	23.72970009
23.17199940	-9.96924210	23.72970009
23.17599940	-9.96924210	23.72970009
23.17999940	-9.96924210	23.72970009
23.18399940	-9.80868626	23.72970009
23.18799940	-9.80868626	23.72970009
23.19199940	-9.96924210	23.72970009
23.19599940	-10.13041306	23.72970009
23.19999940	-9.96924210	19.77731133
23.20399940	-9.80868626	19.77731133
23.20799940	-9.80868626	23.72970009
23.21199940	-9.96924210	19.77731133
23.21599940	-9.96924210	19.77731133
23.21999940	-9.96924210	23.72970009
23.22399940	-9.96924210	23.72970009
23.22799940	-9.96924210	19.77731133
23.23199940	-9.96924210	23.72970009
23.23599940	-9.80868626	23.72970009
23.23999940	-9.80868626	19.77731133
23.24399940	-9.96924210	23.72970009
23.24799940	-9.96924210	23.72970009
23.25199940	-9.96924210	23.72970009
23.25599940	-9.96924210	23.72970009
23.25999940	-9.96924210	19.77731133
23.26399940	-9.96924210	19.77731133
23.26799940	-9.96924210	23.72970009
23.27199940	-9.80868626	23.72970009
23.27599940	-9.96924210	23.72970009
23.27999940	-9.96924210	23.72970009
23.28399940	-9.96924210	23.72970009
23.28799940	-9.96924210	23.72970009
23.29199940	-9.96924210	23.72970009
23.29599940	-9.80868626	23.72970009
23.29999940	-9.80868626	19.77731133
23.30399940	-9.96924210	23.72970009
23.30799939	-9.96924210	23.72970009
23.31199939	-10.13041306	23.72970009
23.31599939	-9.96924210	23.72970009
23.31999939	-9.80868626	23.72970009
23.32399939	-9.80868626	23.72970009
23.32799939	-9.96924210	23.72970009
23.33199939	-9.96924210	23.72970009
23.33599939	-9.96924210	23.72970009
23.33999939	-9.96924210	19.77731133
23.34399939	-9.96924210	19.77731133
23.34799939	-9.96924210	23.72970009
23.35199939	-9.80868626	23.72970009
23.35599939	-9.80868626	23.72970009
23.35999939	-9.96924210	23.72970009
23.36399939	-9.96924210	23.72970009
23.36799939	-9.96924210	23.72970009
23.37199939	-9.96924210	19.77731133
23.37599939	-9.80868626	19.77731133
23.37999939	-9.80868626	23.72970009
23.38399939	-9.96924210	23.72970009
23.38799939	-9.96924210	23.72970009
23.39199939	-9.96924210	23.72970009
23.39599939	-9.96924210	23.72970009
23.39999939	-9.96924210	19.77731133
23.40399939	-9.80868626	19.77731133
23.40799939	-9.80868626	23.72970009
23.41199939	-9.80868626	23.72970009
23.41599939	-9.96924210	23.72970009
23.41999939	-9.96924210	19.77731133
23.42399939	-9.96924210	19.77731133
23.42799939	-9.80868626	19.77731133
23.43199939	-9.80868626	23.72970009
23.43599939	-9.80868626	23.72970009
23.43999939	-9.96924210	27.69746399
23.44399939	-9.96924210	23.72970009
23.44799939	-9.96924210	15.82492638
23.45199939	-9.96924210	19.77731133
23.45599939	-9.80868626	19.77731133
23.45999939	-9.80868626	23.72970009
23.46399939	-9.96924210	23.72970009
23.46799939	-9.96924210	23.72970009
23.47199939	-9.96924210	23.72970009
23.47599939	-9.96924210	19.77731133
23.47999939	-9.96924210	19.77731133
23.48399939	-9.80868626	19.77731133
23.48799939	-9.80868626	19.77731133
23.49199939	-9.80868626	23.72970009
23.49599939	-9.96924210	23.72970009
23.49999939	-9.96924210	23.72970009
23.50399939	-9.96924210	19.77731133
23.50799939	-9.96924210	15.82492638
23.51199939	-9.80868626	23.72970009
23.51599939	-9.80868626	23.72970009
23.51999939	-9.96924210	23.72970009
23.52399939	-9.96924210	23.72970009
23.52799939	-9.96924210	19.77731133
23.53199939	-9.96924210	19.77731133
23.53599939	-9.80868626	23.72970009
23.53999939	-9.80868626	23.72970009
23.54399939	-9.80868626	23.72970009
23.54799939	-9.96924210	19.77731133
23.55199939	-9.96924210	19.77731133
23.55599939	-9.96924210	19.77731133
23.55999939	-9.96924210	19.77731133
23.56399939	-9.80868626	19.77731133
23.56799939	-9.80868626	23.72970009
23.57199939	-9.80868626	23.72970009
23.57599939	-9.96924210	23.72970009
23.57999939	-9.96924210	19.77731133
23.58399939	-9.96924210	19.77731133
23.58799939	-9.96924210	19.77731133
23.59199939	-9.80868626	19.77731133
23.59599939	-9.96924210	23.72970009
23.59999939	-9.96924210	23.72970009
23.60399939	-9.96924210	23.72970009
23.60799939	-9.96924210	19.77731133
23.61199939	-9.96924210	23.72970009
23.61599939	-9.96924210	23.72970009
23.61999939	-9.96924210	19.77731133
23.62399939	-9.96924210	23.72970009
23.62799939	-9.80868626	19.77731133
23.63199939	-9.96924210	23.72970009
23.63599939	-9.96924210	19.77731133
23.63999939	-9.96924210	23.72970009
23.64399939	-9.96924210	19.77731133
23.64799939	-9.80868626	23.72970009
23.65199939	-9.96924210	19.77731133
23.65599939	-9.96924210	19.77731133
23.65999939	-9.96924210	19.77731133
23.66399938	-9.96924210	23.72970009
23.66799938	-9.96924210	19.77731133
23.67199938	-9.96924210	23.72970009
23.67599938	-9.96924210	19.77731133
23.67999938	-9.80868626	19.77731133
23.68399938	-9.96924210	23.72970009
23.68799938	-9.96924210	23.72970009
23.69199938	-9.96924210	19.77731133
23.69599938	-9.96924210	19.77731133
23.69999938	-9.96924210	15.82492638
23.70399938	-9.96924210	19.77731133
23.70799938	-9.96924210	19.77731133
23.71199938	-9.80868626	19.77731133
23.71599938	-9.96924210	19.77731133
23.71999938	-9.96924210	19.77731133
23.72399938	-9.96924210	19.77731133
23.72799938	-9.96924210	19.77731133
23.73199938	-9.80868626	19.77731133
23.73599938	-9.96924210	23.72970009
23.73999938	-9.96924210	19.77731133
23.74399938	-9.96924210	19.77731133
23.74799938	-9.96924210	19.77731133
23.75199938	-9.96924210	19.77731133
23.75599938	-9.96924210	19.77731133
23.75999938	-9.80868626	19.77731133
23.76399938	-9.80868626	19.77731133
23.76799938	-9.96924210	19.77731133
23.77199938	-9.96924210	19.77731133
23.77599938	-9.96924210	19.77731133
23.77999938	-9.96924210	19.77731133
23.78399938	-9.80868626	19.77731133
23.78799938	-9.96924210	19.77731133
23.79199938	-9.96924210	19.77731133
23.79599938	-9.96924210	23.72970009
23.79999938	-9.96924210	15.82492638
23.80399938	-9.96924210	19.77731133
23.80799938	-9.96924210	19.77731133
23.81199938	-9.80868626	19.77731133
23.81599938	-9.80868626	19.77731133
23.81999938	-9.96924210	23.72970009
23.82399938	-9.96924210	19.77731133
23.82799938	-9.96924210	15.82492638
23.83199938	-9.96924210	19.77731133
23.83599938	-9.96924210	15.82492638
23.83999938	-9.96924210	19.77731133
23.84399938	-9.96924210	19.77731133
23.84799938	-9.80868626	19.77731133
23.85199938	-9.80868626	15.82492638
23.85599938	-9.96924210	23.72970009
23.85999938	-9.96924210	19.77731133
23.86399938	-9.96924210	15.82492638
23.86799938	-9.80868626	19.77731133
23.87199938	-9.80868626	19.77731133
23.87599938	-9.96924210	19.77731133
23.87999938	-9.96924210	19.77731133
23.88399938	-9.96924210	15.82492638
23.88799938	-9.96924210	19.77731133
23.89199938	-9.96924210	19.77731133
23.89599938	-9.96924210	19.77731133
23.89999938	-9.96924210	19.77731133
23.90399938	-9.96924210	19.77731133
23.90799938	-9.96924210	19.77731133
23.91199938	-9.96924210	15.82492638
23.91599938	-9.96924210	19.77731133
23.91999938	-9.96924210	19.77731133
23.92399938	-9.96924210	23.72970009
23.92799938	-9.96924210	19.77731133
23.93199938	-9.96924210	19.77731133
23.93599938	-9.96924210	19.77731133
23.93999938	-9.96924210	19.77731133
23.94399938	-9.96924210	15.82492638
23.94799938	-9.96924210	15.82492638
23.95199938	-9.80868626	19.77731133
23.95599938	-9.96924210	15.82492638
23.95999938	-10.13041306	19.77731133
23.96399938	-9.96924210	15.82492638
23.96799938	-9.80868626	19.77731133
23.97199938	-9.80868626	15.82492638
23.97599938	-9.96924210	19.77731133
23.97999938	-10.13041306	15.82492638
23.98399938	-10.13041306	19.77731133
23.98799938	-9.96924210	15.82492638
23.99199938	-9.96924210	15.82492638
23.99599938	-9.96924210	15.82492638
23.99999938	-9.96924210	15.82492638
24.00399938	-9.96924210	15.82492638
24.00799938	-9.96924210	19.77731133
24.01199938	-9.96924210	19.77731133
24.01599937	-9.96924210	15.82492638
24.01999937	-9.96924210	15.82492638
24.02399937	-9.96924210	19.77731133
24.02799937	-9.96924210	19.77731133
24.03199937	-9.96924210	19.77731133
24.03599937	-9.96924210	15.82492638
24.03999937	-9.96924210	19.77731133
24.04399937	-9.96924210	15.82492638
24.04799937	-9.96924210	19.77731133
24.05199937	-9.96924210	19.77731133
24.05599937	-9.80868626	15.82492638
24.05999937	-9.80868626	19.77731133
24.06399937	-9.96924210	19.77731133
24.06799937	-10.13041306	19.77731133
24.07199937	-9.96924210	15.82492638
24.07599937	-9.80868626	15.82492638
24.07999937	-9.80868626	19.77731133
24.08399937	-9.96924210	19.77731133
24.08799937	-10.13041306	19.77731133
24.09199937	-9.96924210	19.77731133
24.09599937	-9.96924210	15.82492638
24.09999937	-9.96924210	15.82492638
24.10399937	-9.96924210	15.82492638
24.10799937	-9.80868626	15.82492638
24.11199937	-9.96924210	15.82492638
24.11599937	-9.96924210	15.82492638
24.11999937	-10.13041306	15.82492638
24.12399937	-9.96924210	15.82492638
24.12799937	-9.80868626	15.82492638
24.13199937	-9.80868626	15.82492638
24.13599937	-9.96924210	15.82492638
24.13999937	-9.96924210	19.77731133
24.14399937	-9.96924210	15.82492638
24.14799937	-9.96924210	11.85715961
24.15199937	-9.96924210	15.82492638
24.15599937	-9.96924210	15.82492638
24.15999937	-9.80868626	19.77731133
24.16399937	-9.80868626	19.77731133
24.16799937	-9.96924210	15.82492638
24.17199937	-9.96924210	15.82492638
24.17599937	-9.96924210	19.77731133
24.17999937	-9.96924210	15.82492638
24.18399937	-9.96924210	19.77731133
24.18799937	-9.96924210	15.82492638
24.19199937	-9.80868626	19.77731133
24.19599937	-9.96924210	19.77731133
24.19999937	-10.13041306	15.82492638
24.20399937	-9.96924210	15.82492638
24.20799937	-9.96924210	15.82492638
24.21199937	-9.80868626	11.85715961
24.21599937	-9.80868626	19.77731133
24.21999937	-9.96924210	19.77731133
24.22399937	-10.13041306	15.82492638
24.22799937	-9.96924210	15.82492638
24.23199937	-9.96924210	15.82492638
24.23599937	-9.96924210	19.77731133
24.23999937	-9.96924210	19.77731133
24.24399937	-9.96924210	19.77731133
24.24799937	-9.96924210	15.82492638
24.25199937	-9.96924210	15.82492638
24.25599937	-10.13041306	15.82492638
24.25999937	-10.13041306	15.82492638
24.26399937	-9.96924210	15.82492638
24.26799937	-9.80868626	19.77731133
24.27199937	-9.96924210	19.77731133
24.27599937	-10.13041306	15.82492638
24.27999937	-9.96924210	15.82492638
24.28399937	-9.80868626	15.82492638
24.28799937	-9.96924210	15.82492638
24.29199937	-9.96924210	19.77731133
24.29599937	-9.96924210	19.77731133
24.29999937	-9.96924210	15.82492638
24.30399937	-9.96924210	15.82492638
24.30799937	-9.96924210	19.77731133
24.31199937	-9.96924210	15.82492638
24.31599937	-9.96924210	15.82492638
24.31999937	-9.96924210	15.82492638
24.32399937	-9.96924210	15.82492638
24.32799937	-9.96924210	15.82492638
24.33199937	-9.96924210	15.82492638
24.33599937	-9.96924210	15.82492638
24.33999937	-9.96924210	19.77731133
24.34399937	-9.96924210	19.77731133
24.34799937	-10.13041306	15.82492638
24.35199937	-9.96924210	11.85715961
24.35599937	-9.96924210	15.82492638
24.35999937	-9.96924210	15.82492638
24.36399937	-9.96924210	19.77731133
24.36799937	-9.96924210	15.82492638
24.37199936	-9.96924210	15.82492638
24.37599936	-9.96924210	15.82492638
24.37999936	-9.96924210	15.82492638
24.38399936	-9.80868626	15.82492638
24.38799936	-9.80868626	19.77731133
24.39199936	-9.96924210	19.77731133
24.39599936	-10.13041306	15.82492638
24.39999936	-9.96924210	11.85715961
24.40399936	-9.96924210	11.85715961
24.40799936	-9.80868626	15.82492638
24.41199936	-9.80868626	15.82492638
24.41599936	-9.96924210	19.77731133
24.41999936	-9.96924210	15.82492638
24.42399936	-9.96924210	15.82492638
24.42799936	-9.96924210	11.85715961
24.43199936	-9.96924210	15.82492638
24.43599936	-9.96924210	15.82492638
24.43999936	-9.96924210	19.77731133
24.44399936	-9.96924210	15.82492638
24.44799936	-10.13041306	15.82492638
24.45199936	-10.13041306	15.82492638
24.45599936	-9.96924210	11.85715961
24.45999936	-9.80868626	15.82492638
24.46399936	-9.80868626	19.77731133
24.46799936	-9.96924210	19.77731133
24.47199936	-10.13041306	15.82492638
24.47599936	-9.96924210	11.85715961
24.47999936	-9.96924210	15.82492638
24.48399936	-9.96924210	11.85715961
24.48799936	-9.96924210	15.82492638
24.49199936	-9.80868626	19.77731133
24.49599936	-9.96924210	15.82492638
24.49999936	-9.96924210	15.82492638
24.50399936	-10.13041306	15.82492638
24.50799936	-9.96924210	15.82492638
24.51199936	-9.96924210	15.82492638
24.51599936	-9.80868626	15.82492638
24.51999936	-9.80868626	15.82492638
24.52399936	-9.96924210	15.82492638
24.52799936	-10.13041306	15.82492638
24.53199936	-10.13041306	11.85715961
24.53599936	-9.96924210	15.82492638
24.53999936	-9.80868626	15.82492638
24.54399936	-9.80868626	19.77731133
24.54799936	-9.80868626	15.82492638
24.55199936	-9.96924210	15.82492638
24.55599936	-10.13041306	15.82492638
24.55999936	-9.96924210	11.85715961
24.56399936	-9.96924210	11.85715961
24.56799936	-9.80868626	15.82492638
24.57199936	-9.96924210	15.82492638
24.57599936	-9.96924210	15.82492638
24.57999936	-9.96924210	15.82492638
24.58399936	-10.13041306	15.82492638
24.58799936	-9.96924210	11.85715961
24.59199936	-9.96924210	11.85715961
24.59599936	-9.80868626	15.82492638
24.59999936	-9.96924210	15.82492638
24.60399936	-9.96924210	15.82492638
24.60799936	-9.96924210	15.82492638
24.61199936	-9.96924210	15.82492638
24.61599936	-9.96924210	11.85715961
24.61999936	-9.96924210	15.82492638
24.62399936	-9.96924210	15.82492638
24.62799936	-9.96924210	19.77731133
24.63199936	-9.96924210	15.82492638
24.63599936	-10.13041306	11.85715961
24.63999936	-9.96924210	15.82492638
24.64399936	-9.96924210	11.85715961
24.64799936	-9.96924210	15.82492638
24.65199936	-9.96924210	15.82492638
24.65599936	-9.96924210	15.82492638
24.65999936	-9.96924210	11.85715961
24.66399936	-9.96924210	11.85715961
24.66799936	-9.96924210	15.82492638
24.67199936	-9.96924210	11.85715961
24.67599936	-9.96924210	15.82492638
24.67999936	-9.96924210	15.82492638
24.68399936	-9.96924210	11.85715961
24.68799936	-9.96924210	15.82492638
24.69199936	-9.96924210	11.85715961
24.69599936	-9.96924210	11.85715961
24.69999936	-9.96924210	15.82492638
24.70399936	-9.96924210	15.82492638
24.70799936	-9.96924210	11.85715961
24.71199936	-9.96924210	11.85715961
24.71599936	-9.96924210	11.85715961
24.71999936	-10.13041306	15.82492638
24.72399935	-9.96924210	15.82492638
24.72799935	-9.96924210	11.85715961
24.73199935	-9.80868626	11.85715961
24.73599935	-9.96924210	15.82492638
24.73999935	-10.13041306	15.82492638
24.74399935	-9.96924210	15.82492638
24.74799935	-9.96924210	15.82492638
24.75199935	-9.96924210	15.82492638
24.75599935	-10.13041306	11.85715961
24.75999935	-9.96924210	11.85715961
24.76399935	-9.80868626	11.85715961
24.76799935	-9.96924210	11.85715961
24.77199935	-10.13041306	11.85715961
24.77599935	-10.13041306	11.85715961
24.77999935	-9.96924210	11.85715961
24.78399935	-9.96924210	15.82492638
24.78799935	-9.96924210	15.82492638
24.79199935	-10.13041306	11.85715961
24.79599935	-9.96924210	11.85715961
24.79999935	-9.96924210	11.85715961
24.80399935	-9.96924210	15.82492638
24.80799935	-10.13041306	15.82492638
24.81199935	-9.96924210	11.85715961
24.81599935	-9.96924210	15.82492638
24.81999935	-9.96924210	15.82492638
24.82399935	-10.13041306	11.85715961
24.82799935	-10.13041306	11.85715961
24.83199935	-9.96924210	11.85715961
24.83599935	-9.80868626	15.82492638
24.83999935	-9.96924210	11.85715961
24.84399935	-10.13041306	15.82492638
24.84799935	-9.96924210	19.77731133
24.85199935	-9.96924210	11.85715961
24.85599935	-9.96924210	15.82492638
24.85999935	-9.96924210	11.85715961
24.86399935	-9.96924210	15.82492638
24.86799935	-9.96924210	11.85715961
24.87199935	-9.96924210	15.82492638
24.87599935	-9.96924210	11.85715961
24.87999935	-9.96924210	11.85715961
24.88399935	-9.96924210	11.85715961
24.88799935	-9.96924210	11.85715961
24.89199935	-9.96924210	15.82492638
24.89599935	-10.13041306	11.85715961
24.89999935	-10.13041306	15.82492638
24.90399935	-9.96924210	7.90477324
24.90799935	-9.96924210	11.85715961
24.91199935	-9.96924210	11.85715961
24.91599935	-10.13041306	15.82492638
24.91999935	-9.96924210	11.85715961
24.92399935	-9.96924210	11.85715961
24.92799935	-9.96924210	15.82492638
24.93199935	-10.13041306	7.90477324
24.93599935	-10.13041306	15.82492638
24.93999935	-9.96924210	15.82492638
24.94399935	-9.96924210	15.82492638
24.94799935	-10.13041306	11.85715961
24.95199935	-9.96924210	11.85715961
24.95599935	-9.80868626	11.85715961
24.95999935	-9.96924210	15.82492638
24.96399935	-10.13041306	19.77731133
24.96799935	-10.13041306	11.85715961
24.97199935	-9.96924210	11.85715961
24.97599935	-9.96924210	15.82492638
24.97999935	-9.96924210	11.85715961
24.98399935	-10.13041306	15.82492638
24.98799935	-9.96924210	11.85715961
24.99199935	-9.96924210	15.82492638
24.99599935	-9.96924210	11.85715961
24.99999935	-10.13041306	11.85715961
25.00399935	-10.13041306	7.90477324
25.00799935	-9.96924210	11.85715961
25.01199935	-9.80868626	15.82492638
25.01599935	-10.13041306	15.82492638
25.01999935	-10.13041306	11.85715961
25.02399935	-9.96924210	7.90477324
25.02799935	-9.96924210	11.85715961
25.03199935	-9.96924210	11.85715961
25.03599935	-10.13041306	15.82492638
25.03999935	-9.96924210	11.85715961
25.04399935	-9.96924210	11.85715961
25.04799935	-9.80868626	11.85715961
25.05199935	-10.13041306	11.85715961
25.05599935	-10.13041306	15.82492638
25.05999935	-10.13041306	11.85715961
25.06399935	-9.80868626	11.85715961
25.06799935	-9.96924210	11.85715961
25.07199935	-10.13041306	11.85715961
25.07599934	-10.13041306	11.85715961
25.07999934	-9.96924210	11.85715961
25.08399934	-9.96924210	11.85715961
25.08799934	-9.96924210	11.85715961
25.09199934	-9.96924210	11.85715961
25.09599934	-9.96924210	11.85715961
25.09999934	-9.96924210	11.85715961
25.10399934	-10.13041306	11.85715961
25.10799934	-10.13041306	11.85715961
25.11199934	-9.96924210	11.85715961
25.11599934	-9.96924210	11.85715961
25.11999934	-9.96924210	11.85715961
25.12399934	-10.13041306	11.85715961
25.12799934	-10.13041306	11.85715961
25.13199934	-9.96924210	11.85715961
25.13599934	-9.96924210	11.85715961
25.13999934	-9.96924210	11.85715961
25.14399934	-9.96924210	11.85715961
25.14799934	-9.96924210	11.85715961
25.15199934	-9.96924210	11.85715961
25.15599934	-10.13041306	11.85715961
25.15999934	-10.13041306	11.85715961
25.16399934	-9.96924210	11.85715961
25.16799934	-9.80868626	11.85715961
25.17199934	-9.96924210	15.82492638
25.17599934	-10.13041306	11.85715961
25.17999934	-10.13041306	7.90477324
25.18399934	-9.96924210	11.85715961
25.18799934	-9.96924210	11.85715961
25.19199934	-10.13041306	11.85715961
25.19599934	-9.96924210	11.85715961
25.19999934	-9.96924210	11.85715961
25.20399934	-9.96924210	15.82492638
25.20799934	-10.13041306	11.85715961
25.21199934	-10.13041306	7.90477324
25.21599934	-9.96924210	7.90477324
25.21999934	-9.80868626	7.90477324
25.22399934	-9.96924210	15.82492638
25.22799934	-10.29096985	11.85715961
25.23199934	-10.29096985	11.85715961
25.23599934	-9.96924210	7.90477324
25.23999934	-9.80868626	11.85715961
25.24399934	-9.96924210	7.90477324
25.24799934	-10.13041306	15.82492638
25.25199934	-10.13041306	11.85715961
25.25599934	-9.96924210	11.85715961
25.25999934	-9.96924210	11.85715961
25.26399934	-10.13041306	11.85715961
25.26799934	-10.13041306	7.90477324
25.27199934	-9.96924210	11.85715961
25.27599934	-9.80868626	11.85715961
25.27999934	-10.13041306	11.85715961
25.28399934	-10.13041306	11.85715961
25.28799934	-10.13041306	11.85715961
25.29199934	-9.96924210	7.90477324
25.29599934	-9.96924210	11.85715961
25.29999934	-10.13041306	15.82492638
25.30399934	-10.13041306	11.85715961
25.30799934	-9.96924210	7.90477324
25.31199934	-9.96924210	11.85715961
25.31599934	-10.13041306	11.85715961
25.31999934	-10.13041306	7.90477324
25.32399934	-9.96924210	11.85715961
25.32799934	-9.96924210	11.85715961
25.33199934	-9.80868626	7.90477324
25.33599934	-9.96924210	15.82492638
25.33999934	-10.13041306	15.82492638
25.34399934	-10.13041306	11.85715961
25.34799934	-9.96924210	11.85715961
25.35199934	-9.96924210	11.85715961
25.35599934	-10.13041306	7.90477324
25.35999934	-9.96924210	11.85715961
25.36399934	-9.96924210	11.85715961
25.36799934	-9.96924210	11.85715961
25.37199934	-10.13041306	11.85715961
25.37599934	-10.13041306	11.85715961
25.37999934	-9.96924210	11.85715961
25.38399934	-9.96924210	11.85715961
25.38799934	-9.96924210	11.85715961
25.39199934	-10.13041306	11.85715961
25.39599934	-10.13041306	11.85715961
25.39999934	-10.13041306	7.90477324
25.40399934	-9.96924210	7.90477324
25.40799934	-10.13041306	7.90477324
25.41199934	-9.96924210	7.90477324
25.41599934	-9.96924210	11.85715961
25.41999934	-9.96924210	11.85715961
25.42399934	-10.13041306	11.85715961
25.42799934	-10.13041306	7.90477324
25.43199933	-10.13041306	11.85715961
25.43599933	-9.96924210	7.90477324
25.43999933	-9.96924210	11.85715961
25.44399933	-9.96924210	11.85715961
25.44799933	-9.96924210	11.85715961
25.45199933	-10.13041306	11.85715961
25.45599933	-10.13041306	7.90477324
25.45999933	-10.13041306	7.90477324
25.46399933	-9.96924210	7.90477324
25.46799933	-9.96924210	11.85715961
25.47199933	-9.96924210	15.82492638
25.47599933	-10.13041306	11.85715961
25.47999933	-10.13041306	7.90477324
25.48399933	-10.13041306	7.90477324
25.48799933	-9.96924210	7.90477324
25.49199933	-9.96924210	11.85715961
25.49599933	-9.96924210	11.85715961
25.49999933	-10.13041306	11.85715961
25.50399933	-9.96924210	7.90477324
25.50799933	-9.96924210	7.90477324
25.51199933	-10.13041306	7.90477324
25.51599933	-10.13041306	7.90477324
25.51999933	-10.13041306	7.90477324
25.52399933	-9.96924210	11.85715961
25.52799933	-9.96924210	11.85715961
25.53199933	-9.96924210	11.85715961
25.53599933	-10.13041306	7.90477324
25.53999933	-10.13041306	11.85715961
25.54399933	-9.96924210	11.85715961
25.54799933	-10.13041306	11.85715961
25.55199933	-10.13041306	7.90477324
25.55599933	-9.96924210	7.90477324
25.55999933	-10.13041306	11.85715961
25.56399933	-9.96924210	11.85715961
25.56799933	-9.96924210	7.90477324
25.57199933	-9.96924210	11.85715961
25.57599933	-9.96924210	7.90477324
25.57999933	-10.13041306	11.85715961
25.58399933	-10.13041306	11.85715961
25.58799933	-9.96924210	7.90477324
25.59199933	-9.96924210	7.90477324
25.59599933	-9.96924210	11.85715961
25.59999933	-10.13041306	11.85715961
25.60399933	-10.13041306	7.90477324
25.60799933	-10.13041306	7.90477324
25.61199933	-9.96924210	7.90477324
25.61599933	-9.96924210	7.90477324
25.61999933	-9.96924210	11.85715961
25.62399933	-10.13041306	11.85715961
25.62799933	-10.13041306	7.90477324
25.63199933	-10.13041306	7.90477324
25.63599933	-10.13041306	7.90477324
25.63999933	-9.96924210	11.85715961
25.64399933	-9.96924210	11.85715961
25.64799933	-9.96924210	11.85715961
25.65199933	-10.13041306	7.90477324
25.65599933	-10.13041306	11.85715961
25.65999933	-10.13041306	3.95238662
25.66399933	-9.96924210	7.90477324
25.66799933	-9.96924210	11.85715961
25.67199933	-9.96924210	11.85715961
25.67599933	-9.96924210	7.90477324
25.67999933	-10.13041306	11.85715961
25.68399933	-10.13041306	7.90477324
25.68799933	-10.13041306	7.90477324
25.69199933	-10.13041306	7.90477324
25.69599933	-9.96924210	11.85715961
25.69999933	-9.96924210	7.90477324
25.70399933	-10.13041306	11.85715961
25.70799933	-10.13041306	7.90477324
25.71199933	-10.13041306	11.85715961
25.71599933	-10.13041306	11.85715961
25.71999933	-9.96924210	7.90477324
25.72399933	-9.96924210	7.90477324
25.72799933	-9.96924210	7.90477324
25.73199933	-9.96924210	11.85715961
25.73599933	-10.13041306	7.90477324
25.73999933	-10.13041306	11.85715961
25.74399933	-10.13041306	3.95238662
25.74799933	-9.96924210	7.90477324
25.75199933	-9.96924210	11.85715961
25.75599933	-10.13041306	7.90477324
25.75999933	-10.13041306	7.90477324
25.76399933	-10.13041306	7.90477324
25.76799933	-10.13041306	7.90477324
25.77199933	-10.13041306	7.90477324
25.77599933	-9.96924210	11.85715961
25.77999933	-9.96924210	7.90477324
25.78399932	-9.96924210	11.85715961
25.78799932	-10.13041306	7.90477324
25.79199932	-10.13041306	11.85715961
25.79599932	-10.13041306	7.90477324
25.79999932	-10.13041306	7.90477324
25.80399932	-9.96924210	3.95238662
25.80799932	-9.96924210	7.90477324
25.81199932	-9.96924210	11.85715961
25.81599932	-10.13041306	7.90477324
25.81999932	-10.13041306	7.90477324
25.82399932	-10.13041306	7.90477324
25.82799932	-10.13041306	7.90477324
25.83199932	-9.96924210	7.90477324
25.83599932	-9.96924210	11.85715961
25.83999932	-10.13041306	7.90477324
25.84399932	-10.13041306	7.90477324
25.84799932	-9.96924210	7.90477324
25.85199932	-10.13041306	7.90477324
25.85599932	-10.13041306	7.90477324
25.85999932	-10.13041306	7.90477324
25.86399932	-9.96924210	3.95238662
25.86799932	-9.96924210	7.90477324
25.87199932	-9.96924210	7.90477324
25.87599932	-10.13041306	11.85715961
25.87999932	-10.13041306	11.85715961
25.88399932	-9.96924210	7.90477324
25.88799932	-9.96924210	7.90477324
25.89199932	-10.13041306	7.90477324
25.89599932	-9.96924210	7.90477324
25.89999932	-10.13041306	7.90477324
25.90399932	-9.96924210	7.90477324
25.90799932	-10.13041306	11.85715961
25.91199932	-10.13041306	3.95238662
25.91599932	-10.13041306	3.95238662
25.91999932	-9.96924210	3.95238662
25.92399932	-9.96924210	7.90477324
25.92799932	-9.96924210	11.85715961
25.93199932	-10.13041306	7.90477324
25.93599932	-10.29096985	7.90477324
25.93999932	-10.13041306	3.95238662
25.94399932	-10.13041306	7.90477324
25.94799932	-9.96924210	7.90477324
25.95199932	-9.96924210	7.90477324
25.95599932	-9.96924210	7.90477324
25.95999932	-9.96924210	7.90477324
25.96399932	-10.13041306	7.90477324
25.96799932	-10.29096985	7.90477324
25.97199932	-10.13041306	3.95238662
25.97599932	-9.96924210	7.90477324
25.97999932	-9.96924210	7.90477324
25.98399932	-9.96924210	11.85715961
25.98799932	-10.13041306	7.90477324
25.99199932	-10.13041306	7.90477324
25.99599932	-10.13041306	3.95238662
25.99999932	-10.13041306	7.90477324
26.00399932	-10.13041306	3.95238662
26.00799932	-9.96924210	7.90477324
26.01199932	-9.96924210	7.90477324
26.01599932	-10.13041306	7.90477324
26.01999932	-10.13041306	7.90477324
26.02399932	-10.13041306	7.90477324
26.02799932	-10.13041306	7.90477324
26.03199932	-10.13041306	3.95238662
26.03599932	-10.13041306	3.95238662
26.03999932	-10.13041306	7.90477324
26.04399932	-10.13041306	7.90477324
26.04799932	-10.13041306	7.90477324
26.05199932	-10.13041306	7.90477324
26.05599932	-10.13041306	7.90477324
26.05999932	-10.13041306	7.90477324
26.06399932	-10.13041306	7.90477324
26.06799932	-10.13041306	7.90477324
26.07199932	-10.13041306	7.90477324
26.07599932	-10.29096985	3.95238662
26.07999932	-10.13041306	3.95238662
26.08399932	-10.13041306	3.95238662
26.08799932	-10.13041306	7.90477324
26.09199932	-10.13041306	7.90477324
26.09599932	-10.13041306	7.90477324
26.09999932	-10.13041306	7.90477324
26.10399932	-10.13041306	11.85715961
26.10799932	-10.29096985	7.90477324
26.11199932	-10.29096985	3.95238662
26.11599932	-9.96924210	7.90477324
26.11999932	-9.96924210	7.90477324
26.12399932	-10.13041306	7.90477324
26.12799932	-10.29096985	7.90477324
26.13199932	-10.29096985	7.90477324
26.13599932	-10.13041306	7.90477324
26.13999931	-10.13041306	3.95238662
26.14399931	-10.13041306	7.90477324
26.14799931	-10.13041306	7.90477324
26.15199931	-9.96924210	7.90477324
26.15599931	-10.13041306	11.85715961
26.15999931	-10.29096985	15.82492638
26.16399931	-10.45152569	3.95238662
26.16799931	-10.13041306	0.00000000
26.17199931	-9.80868626	3.95238662
26.17599931	-9.96924210	7.90477324
26.17999931	-10.29096985	7.90477324
26.18399931	-10.29096985	7.90477324
26.18799931	-10.13041306	3.95238662
26.19199931	-10.29096985	7.90477324
26.19599931	-10.13041306	3.95238662
26.19999931	-10.13041306	3.95238662
26.20399931	-9.80868626	7.90477324
26.20799931	-9.96924210	11.85715961
26.21199931	-10.29096985	11.85715961
26.21599931	-10.45152569	3.95238662
26.21999931	-10.13041306	0.00000000
26.22399931	-9.96924210	3.95238662
26.22799931	-10.13041306	7.90477324
26.23199931	-10.13041306	11.85715961
26.23599931	-10.13041306	7.90477324
26.23999931	-10.13041306	7.90477324
26.24399931	-10.13041306	3.95238662
26.24799931	-10.29096985	7.90477324
26.25199931	-10.13041306	3.95238662
26.25599931	-9.96924210	7.90477324
26.25999931	-10.13041306	11.85715961
26.26399931	-10.29096985	11.85715961
26.26799931	-10.29096985	3.95238662
26.27199931	-10.13041306	3.95238662
26.27599931	-10.13041306	3.95238662
26.27999931	-10.13041306	7.90477324
26.28399931	-10.13041306	7.90477324
26.28799931	-10.13041306	7.90477324
26.29199931	-10.13041306	3.95238662
26.29599931	-10.45152569	7.90477324
26.29999931	-10.61269665	3.95238662
26.30399931	-10.29096985	3.95238662
26.30799931	-9.96924210	3.95238662
26.31199931	-9.96924210	7.90477324
26.31599931	-10.29096985	7.90477324
26.31999931	-10.45152569	7.90477324
26.32399931	-10.45152569	7.90477324
26.32799931	-10.13041306	3.95238662
26.33199931	-10.13041306	3.95238662
26.33599931	-10.13041306	7.90477324
26.33999931	-10.13041306	7.90477324
26.34399931	-10.13041306	7.90477324
26.34799931	-10.45152569	11.85715961
26.35199931	-10.45152569	3.95238662
26.35599931	-10.13041306	0.00000000
26.35999931	-9.96924210	3.95238662
26.36399931	-10.13041306	11.85715961
26.36799931	-10.13041306	11.85715961
26.37199931	-10.29096985	7.90477324
26.37599931	-10.29096985	3.95238662
26.37999931	-10.29096985	0.00000000
26.38399931	-10.13041306	3.95238662
26.38799931	-10.13041306	3.95238662
26.39199931	-10.13041306	7.90477324
26.39599931	-10.13041306	7.90477324
26.39999931	-10.29096985	3.95238662
26.40399931	-10.29096985	3.95238662
26.40799931	-10.29096985	3.95238662
26.41199931	-10.13041306	3.95238662
26.41599931	-10.13041306	3.95238662
26.41999931	-10.13041306	7.90477324
26.42399931	-10.29096985	7.90477324
26.42799931	-10.45152569	3.95238662
26.43199931	-10.29096985	3.95238662
26.43599931	-10.13041306	3.95238662
26.43999931	-10.13041306	7.90477324
26.44399931	-10.29096985	7.90477324
26.44799931	-10.45152569	7.90477324
26.45199931	-10.13041306	3.95238662
26.45599931	-10.13041306	3.95238662
26.45999931	-10.29096985	3.95238662
26.46399931	-10.45152569	3.95238662
26.46799931	-10.29096985	7.90477324
26.47199931	-10.13041306	3.95238662
26.47599931	-10.13041306	7.90477324
26.47999931	-10.45152569	7.90477324
26.48399931	-10.61269665	11.85715961
26.48799931	-10.29096985	3.95238662
26.49199930	-9.96924210	0.00000000
26.49599930	-10.13041306	7.90477324
26.49999930	-10.45152569	7.90477324
26.50399930	-10.45152569	7.90477324
26.50799930	-10.29096985	3.95238662
26.51199930	-10.13041306	7.90477324
26.51599930	-10.45152569	3.95238662
26.51999930	-10.29096985	0.00000000
26.52399930	-10.13041306	3.95238662
26.52799930	-10.13041306	11.85715961
26.53199930	-10.45152569	7.90477324
26.53599930	-10.45152569	3.95238662
26.53999930	-10.29096985	3.95238662
26.54399930	-10.29096985	3.95238662
26.54799930	-10.29096985	0.00000000
26.55199930	-10.29096985	7.90477324
26.55599930	-10.13041306	7.90477324
26.55999930	-10.13041306	3.95238662
26.56399930	-10.29096985	7.90477324
26.56799930	-10.45152569	11.85715961
26.57199930	-10.29096985	0.00000000
26.57599930	-10.13041306	3.95238662
26.57999930	-10.13041306	7.90477324
26.58399930	-10.45152569	7.90477324
26.58799930	-10.29096985	3.95238662
26.59199930	-10.29096985	7.90477324
26.59599930	-10.29096985	7.90477324
26.59999930	-10.45152569	3.95238662
26.60399930	-10.29096985	3.95238662
26.60799930	-10.29096985	7.90477324
26.61199930	-10.45152569	7.90477324
26.61599930	-10.29096985	3.95238662
26.61999930	-10.29096985	3.95238662
26.62399930	-10.13041306	3.95238662
26.62799930	-10.29096985	3.95238662
26.63199930	-10.61269665	7.90477324
26.63599930	-10.29096985	3.95238662
26.63999930	-10.13041306	3.95238662
26.64399930	-9.96924210	3.95238662
26.64799930	-10.45152569	7.90477324
26.65199930	-10.61269665	3.95238662
26.65599930	-10.45152569	7.90477324
26.65999930	-10.13041306	3.95238662
26.66399930	-10.29096985	3.95238662
26.66799930	-10.29096985	3.95238662
26.67199930	-10.13041306	3.95238662
26.67599930	-10.13041306	7.90477324
26.67999930	-10.45152569	11.85715961
26.68399930	-10.61269665	7.90477324
26.68799930	-10.45152569	0.00000000
26.69199930	-10.29096985	3.95238662
26.69599930	-10.13041306	3.95238662
26.69999930	-10.13041306	3.95238662
26.70399930	-10.29096985	7.90477324
26.70799930	-10.45152569	3.95238662
26.71199930	-10.61269665	3.95238662
26.71599930	-10.61269665	3.95238662
26.71999930	-10.29096985	0.00000000
26.72399930	-9.96924210	3.95238662
26.72799930	-9.96924210	7.90477324
26.73199930	-10.45152569	7.90477324
26.73599930	-10.61269665	7.90477324
26.73999930	-10.45152569	0.00000000
26.74399930	-10.29096985	-3.95238662
26.74799930	-10.13041306	0.00000000
26.75199930	-10.13041306	3.95238662
26.75599930	-10.45152569	11.85715961
26.75999930	-10.45152569	7.90477324
26.76399930	-10.29096985	0.00000000
26.76799930	-10.45152569	3.95238662
26.77199930	-10.29096985	0.00000000
26.77599930	-10.45152569	7.90477324
26.77999930	-10.29096985	11.85715961
26.78399930	-10.29096985	3.95238662
26.78799930	-10.45152569	0.00000000
26.79199930	-12.54244614	11.85715961
26.79599930	-11.89899063	-19.77731133
26.79999930	-7.71838093	-43.52238846
26.80399930	-6.91437006	15.82492638
26.80799930	-10.29096985	55.39492798
26.81199930	-13.50701237	35.60223770
26.81599930	-12.22071838	-3.95238662
26.81999930	-9.80868626	-15.82492638
26.82399930	-9.80868626	-23.72970009
26.82799930	-10.45152569	-11.85715961
26.83199930	-9.64751434	3.95238662
26.83599930	-8.84350395	31.64985275
26.83999930	-11.09498024	39.55462265
26.84399929	-14.15046787	11.85715961
26.84799929	-13.18528557	-35.60223770
26.85199929	-7.55720949	-63.29970551
26.85599929	-6.11035919	11.85715961
26.85999929	-10.93442440	87.04477692
26.86399929	-13.02472973	43.52238846
26.86799929	-11.89899063	-15.82492638
26.87199929	-9.48695850	-47.47477722
26.87599929	-9.80868626	-27.69746399
26.87999929	-11.25553608	19.77731133
26.88399929	-10.61269665	19.77731133
26.88799929	-12.05954742	55.39492798
26.89199929	-14.95447826	47.47477722
26.89599929	-14.15046787	-55.39492798
26.89999929	-9.64751434	-106.83747101
26.90399929	-7.55720949	-19.77731133
26.90799929	-10.61269665	71.21984863
26.91199929	-13.50701237	75.17224121
26.91599929	-11.89899063	23.72970009
26.91999929	-9.64751434	-19.77731133
26.92399929	-9.80868626	-35.60223770
26.92799929	-11.73843479	7.90477324
26.93199929	-11.09498024	43.52238846
26.93599929	-10.29096985	39.55462265
26.93999929	-11.41670799	15.82492638
26.94399929	-13.18528557	-51.42716217
26.94799929	-12.54244614	-90.99716187
26.95199929	-10.13041306	-39.55462265
26.95599929	-10.13041306	47.47477722
26.95999929	-12.38127422	79.12462616
26.96399929	-13.18528557	35.60223770
26.96799929	-11.73843479	-31.64985275
26.97199929	-10.61269665	-47.47477722
26.97599929	-11.25553608	-3.95238662
26.97999929	-11.73843479	39.55462265
26.98399929	-11.25553608	35.60223770
26.98799929	-10.93442440	11.85715961
26.99199929	-11.57726383	-11.85715961
26.99599929	-12.05954742	-27.69746399
26.99999929	-11.09498024	-7.90477324
27.00399929	-10.61269665	31.64985275
27.00799929	-11.25553608	55.39492798
27.01199929	-12.22071838	27.69746399
27.01599929	-12.05954742	-31.64985275
27.01999929	-11.25553608	-59.34731293
27.02399929	-11.57726383	-27.69746399
27.02799929	-12.05954742	23.72970009
27.03199929	-11.89899063	31.64985275
27.03599929	-11.25553608	7.90477324
27.03999929	-11.41670799	-7.90477324
27.04399929	-12.22071838	-11.85715961
27.04799929	-12.05954742	-11.85715961
27.05199929	-11.25553608	11.85715961
27.05599929	-10.77325249	39.55462265
27.05999929	-11.09498024	31.64985275
27.06399929	-11.73843479	0.00000000
27.06799929	-11.57726383	-23.72970009
27.07199929	-11.25553608	-7.90477324
27.07599929	-11.25553608	23.72970009
27.07999929	-11.25553608	35.60223770
27.08399929	-10.93442440	15.82492638
27.08799929	-10.93442440	-15.82492638
27.09199929	-11.57726383	-23.72970009
27.09599929	-12.05954742	-19.77731133
27.09999929	-11.57726383	-7.90477324
27.10399929	-10.77325249	3.95238662
27.10799929	-10.77325249	11.85715961
27.11199929	-11.41670799	3.95238662
27.11599929	-11.57726383	-7.90477324
27.11999929	-11.25553608	0.00000000
27.12399929	-10.93442440	11.85715961
27.12799929	-10.93442440	19.77731133
27.13199929	-10.77325249	11.85715961
27.13599929	-10.61269665	0.00000000
27.13999929	-10.77325249	-3.95238662
27.14399929	-11.25553608	-3.95238662
27.14799929	-11.09498024	0.00000000
27.15199929	-10.61269665	11.85715961
27.15599929	-10.29096985	15.82492638
27.15999929	-10.61269665	7.90477324
27.16399929	-10.93442440	0.00000000
27.16799929	-11.09498024	-7.90477324
27.17199929	-10.77325249	-3.95238662
27.17599929	-10.61269665	3.95238662
27.17999929	-10.45152569	3.95238662
27.18399929	-10.45152569	0.00000000
27.18799929	-10.61269665	0.00000000
27.19199929	-10.77325249	0.00000000
27.19599929	-10.77325249	3.95238662
27.19999928	-10.45152569	3.95238662
27.20399928	-10.13041306	7.90477324
27.20799928	-10.13041306	7.90477324
27.21199928	-10.45152569	3.95238662
27.21599928	-10.61269665	-7.90477324
27.21999928	-10.45152569	-3.95238662
27.22399928	-10.29096985	-3.95238662
27.22799928	-10.13041306	3.95238662
27.23199928	-10.13041306	7.90477324
27.23599928	-10.13041306	7.90477324
27.23999928	-10.29096985	3.95238662
27.24399928	-10.29096985	3.95238662
27.24799928	-10.29096985	3.95238662
27.25199928	-10.13041306	3.95238662
27.25599928	-9.96924210	3.95238662
27.25999928	-9.96924210	3.95238662
27.26399928	-10.29096985	0.00000000
27.26799928	-10.29096985	-3.95238662
27.27199928	-10.13041306	-3.95238662
27.27599928	-10.13041306	0.00000000
27.27999928	-9.96924210	3.95238662
27.28399928	-9.96924210	7.90477324
27.28799928	-9.96924210	3.95238662
27.29199928	-10.13041306	0.00000000
27.29599928	-10.13041306	0.00000000
27.29999928	-10.13041306	3.95238662
27.30399928	-10.13041306	3.95238662
27.30799928	-9.96924210	3.95238662
27.31199928	-9.96924210	3.95238662
27.31599928	-10.13041306	3.95238662
27.31999928	-10.13041306	7.90477324
27.32399928	-10.13041306	3.95238662
27.32799928	-10.13041306	3.95238662
27.33199928	-9.96924210	3.95238662
27.33599928	-9.96924210	-3.95238662
27.33999928	-9.96924210	-3.95238662
27.34399928	-10.13041306	0.00000000
27.34799928	-10.13041306	3.95238662
27.35199928	-10.13041306	7.90477324
27.35599928	-10.13041306	3.95238662
27.35999928	-9.96924210	3.95238662
27.36399928	-9.96924210	3.95238662
27.36799928	-10.13041306	3.95238662
27.37199928	-10.13041306	3.95238662
27.37599928	-10.13041306	7.90477324
27.37999928	-10.13041306	3.95238662
27.38399928	-9.96924210	0.00000000
27.38799928	-9.96924210	3.95238662
27.39199928	-9.96924210	0.00000000
27.39599928	-10.13041306	3.95238662
27.39999928	-10.13041306	7.90477324
27.40399928	-10.13041306	3.95238662
27.40799928	-10.13041306	0.00000000
27.41199928	-9.96924210	0.00000000
27.41599928	-9.96924210	0.00000000
27.41999928	-10.13041306	3.95238662
27.42399928	-10.13041306	3.95238662
27.42799928	-10.13041306	3.95238662
27.43199928	-10.13041306	3.95238662
27.43599928	-9.96924210	-3.95238662
27.43999928	-9.96924210	0.00000000
27.44399928	-9.96924210	7.90477324
27.44799928	-10.13041306	3.95238662
27.45199928	-10.13041306	3.95238662
27.45599928	-10.13041306	0.00000000
27.45999928	-10.13041306	0.00000000
27.46399928	-9.96924210	0.00000000
27.46799928	-9.96924210	0.00000000
27.47199928	-10.13041306	7.90477324
27.47599928	-10.13041306	3.95238662
27.47999928	-10.13041306	3.95238662
27.48399928	-10.13041306	3.95238662
27.48799928	-9.96924210	3.95238662
27.49199928	-10.13041306	3.95238662
27.49599928	-9.96924210	3.95238662
27.49999928	-10.13041306	3.95238662
27.50399928	-10.13041306	3.95238662
27.50799928	-10.13041306	3.95238662
27.51199928	-10.13041306	0.00000000
27.51599928	-10.13041306	0.00000000
27.51999928	-9.96924210	3.95238662
27.52399928	-9.96924210	3.95238662
27.52799928	-10.13041306	3.95238662
27.53199928	-10.13041306	3.95238662
27.53599928	-10.13041306	3.95238662
27.53999928	-10.13041306	0.00000000
27.54399928	-10.13041306	0.00000000
27.54799928	-10.13041306	3.95238662
27.55199927	-9.96924210	3.95238662
27.55599927	-10.13041306	3.95238662
27.55999927	-10.13041306	0.00000000
27.56399927	-10.13041306	3.95238662
27.56799927	-10.13041306	0.00000000
27.57199927	-9.96924210	3.95238662
27.57599927	-9.96924210	3.95238662
27.57999927	-9.96924210	0.00000000
27.58399927	-9.96924210	3.95238662
27.58799927	-10.13041306	0.00000000
27.59199927	-10.13041306	3.95238662
27.59599927	-10.13041306	3.95238662
27.59999927	-10.13041306	3.95238662
27.60399927	-10.13041306	7.90477324
27.60799927	-10.13041306	3.95238662
27.61199927	-10.13041306	3.95238662
27.61599927	-10.13041306	3.95238662
27.61999927	-10.13041306	3.95238662
27.62399927	-10.13041306	3.95238662
27.62799927	-10.13041306	0.00000000
27.63199927	-10.13041306	3.95238662
27.63599927	-10.13041306	0.00000000
27.63999927	-10.13041306	3.95238662
27.64399927	-9.96924210	0.00000000
27.64799927	-9.96924210	3.95238662
27.65199927	-10.13041306	0.00000000
27.65599927	-10.13041306	3.95238662
27.65999927	-10.13041306	3.95238662
27.66399927	-10.13041306	3.95238662
27.66799927	-9.96924210	3.95238662
27.67199927	-10.13041306	3.95238662
27.67599927	-10.13041306	3.95238662
27.67999927	-9.96924210	0.00000000
27.68399927	-10.13041306	3.95238662
27.68799927	-10.13041306	7.90477324
27.69199927	-9.96924210	0.00000000
27.69599927	-9.96924210	0.00000000
27.69999927	-10.13041306	3.95238662
27.70399927	-10.13041306	0.00000000
27.70799927	-9.96924210	0.00000000
27.71199927	-9.96924210	0.00000000
27.71599927	-10.13041306	3.95238662
27.71999927	-9.96924210	3.95238662
27.72399927	-10.13041306	3.95238662
27.72799927	-9.96924210	3.95238662
27.73199927	-9.96924210	3.95238662
27.73599927	-9.96924210	3.95238662
27.73999927	-9.96924210	0.00000000
27.74399927	-9.96924210	3.95238662
27.74799927	-10.13041306	3.95238662
27.75199927	-9.96924210	3.95238662
27.75599927	-10.13041306	0.00000000
27.75999927	-10.13041306	3.95238662
27.76399927	-9.96924210	0.00000000
27.76799927	-9.96924210	3.95238662
27.77199927	-9.96924210	0.00000000
27.77599927	-9.96924210	0.00000000
27.77999927	-9.96924210	3.95238662
27.78399927	-10.13041306	0.00000000
27.78799927	-9.96924210	3.95238662
27.79199927	-9.96924210	3.95238662
27.79599927	-9.96924210	3.95238662
27.79999927	-9.96924210	3.95238662
27.80399927	-9.96924210	3.95238662
27.80799927	-9.96924210	3.95238662
27.81199927	-9.96924210	3.95238662
27.81599927	-9.96924210	0.00000000
27.81999927	-9.96924210	3.95238662
27.82399927	-9.96924210	3.95238662
27.82799927	-9.96924210	3.95238662
27.83199927	-9.96924210	3.95238662
27.83599927	-9.96924210	3.95238662
27.83999927	-9.96924210	3.95238662
27.84399927	-9.96924210	3.95238662
27.84799927	-9.96924210	3.95238662
27.85199927	-9.96924210	0.00000000
27.85599927	-10.13041306	3.95238662
27.85999927	-10.13041306	3.95238662
27.86399927	-10.13041306	3.95238662
27.86799927	-9.96924210	0.00000000
27.87199927	-9.96924210	3.95238662
27.87599927	-9.96924210	3.95238662
27.87999927	-10.13041306	0.00000000
27.88399927	-9.96924210	3.95238662
27.88799927	-10.13041306	3.95238662
27.89199927	-10.13041306	3.95238662
27.89599927	-10.13041306	3.95238662
27.89999927	-9.96924210	0.00000000
27.90399926	-9.96924210	3.95238662
27.90799926	-9.96924210	3.95238662
27.91199926	-10.13041306	3.95238662
27.91599926	-10.13041306	0.00000000
27.91999926	-10.13041306	3.95238662
27.92399926	-10.13041306	3.95238662
27.92799926	-10.13041306	0.00000000
27.93199926	-10.13041306	0.00000000
27.93599926	-10.13041306	3.95238662
27.93999926	-10.13041306	3.95238662
27.94399926	-10.13041306	3.95238662
27.94799926	-10.13041306	0.00000000
27.95199926	-9.96924210	3.95238662
27.95599926	-10.13041306	3.95238662
27.95999926	-10.13041306	3.95238662
27.96399926	-9.96924210	3.95238662
27.96799926	-10.13041306	3.95238662
27.97199926	-10.13041306	3.95238662
27.97599926	-10.13041306	3.95238662
27.97999926	-9.96924210	3.95238662
27.98399926	-9.96924210	3.95238662
27.98799926	-10.13041306	3.95238662
27.99199926	-10.13041306	3.95238662
27.99599926	-9.96924210	0.00000000
27.99999926	-9.96924210	3.95238662
28.00399926	-9.96924210	3.95238662
28.00799926	-9.96924210	3.95238662
28.01199926	-9.96924210	3.95238662
28.01599926	-9.96924210	3.95238662
28.01999926	-9.96924210	3.95238662
28.02399926	-9.96924210	3.95238662
28.02799926	-9.96924210	0.00000000
28.03199926	-9.96924210	3.95238662
28.03599926	-9.96924210	3.95238662
28.03999926	-9.96924210	3.95238662
28.04399926	-9.96924210	3.95238662
28.04799926	-9.96924210	3.95238662
28.05199926	-10.13041306	0.00000000
28.05599926	-9.96924210	3.95238662
28.05999926	-9.96924210	0.00000000
28.06399926	-9.96924210	3.95238662
28.06799926	-9.96924210	3.95238662
28.07199926	-9.96924210	3.95238662
28.07599926	-9.96924210	3.95238662
28.07999926	-9.96924210	3.95238662
28.08399926	-9.96924210	3.95238662
28.08799926	-9.96924210	3.95238662
28.09199926	-9.96924210	3.95238662
28.09599926	-9.96924210	3.95238662
28.09999926	-9.96924210	3.95238662
28.10399926	-9.96924210	3.95238662
28.10799926	-9.96924210	3.95238662
28.11199926	-9.96924210	3.95238662
28.11599926	-9.96924210	3.95238662
28.11999926	-9.96924210	3.95238662
28.12399926	-9.96924210	3.95238662
28.12799926	-9.96924210	3.95238662
28.13199926	-9.96924210	0.00000000
28.13599926	-9.96924210	0.00000000
28.13999926	-9.96924210	3.95238662
28.14399926	-9.96924210	3.95238662
28.14799926	-9.96924210	3.95238662
28.15199926	-9.96924210	3.95238662
28.15599926	-9.96924210	3.95238662
28.15999926	-9.96924210	3.95238662
28.16399926	-9.96924210	3.95238662
28.16799926	-9.96924210	3.95238662
28.17199926	-9.96924210	0.00000000
28.17599926	-9.96924210	3.95238662
28.17999926	-9.96924210	3.95238662
28.18399926	-10.13041306	3.95238662
28.18799926	-9.96924210	0.00000000
28.19199926	-9.96924210	3.95238662
28.19599926	-9.96924210	3.95238662
28.19999926	-9.96924210	3.95238662
28.20399926	-9.96924210	0.00000000
28.20799926	-10.13041306	0.00000000
28.21199926	-9.96924210	3.95238662
28.21599926	-9.96924210	0.00000000
28.21999926	-9.96924210	3.95238662
28.22399926	-9.96924210	3.95238662
28.22799926	-9.96924210	3.95238662
28.23199926	-9.96924210	3.95238662
28.23599926	-9.96924210	0.00000000
28.23999926	-9.96924210	3.95238662
28.24399926	-9.96924210	3.95238662
28.24799926	-9.96924210	0.00000000
28.25199926	-9.96924210	0.00000000
28.25599926	-9.96924210	3.95238662
28.25999925	-9.96924210	0.00000000
28.26399925	-9.96924210	3.95238662
28.26799925	-9.96924210	3.95238662
28.27199925	-9.96924210	3.95238662
28.27599925	-9.96924210	3.95238662
28.27999925	-9.96924210	0.00000000
28.28399925	-9.96924210	3.95238662
28.28799925	-9.96924210	3.95238662
28.29199925	-9.96924210	7.90477324
28.29599925	-9.96924210	3.95238662
28.29999925	-9.96924210	0.00000000
28.30399925	-9.96924210	3.95238662
28.30799925	-9.96924210	0.00000000
28.31199925	-9.96924210	0.00000000
28.31599925	-9.96924210	0.00000000
28.31999925	-9.96924210	0.00000000
28.32399925	-9.96924210	3.95238662
28.32799925	-9.96924210	7.90477324
28.33199925	-9.96924210	0.00000000
28.33599925	-9.96924210	3.95238662
28.33999925	-9.96924210	3.95238662
28.34399925	-9.96924210	3.95238662
28.34799925	-9.96924210	3.95238662
28.35199925	-9.96924210	3.95238662
28.35599925	-9.96924210	3.95238662
28.35999925	-9.96924210	3.95238662
28.36399925	-9.96924210	3.95238662
28.36799925	-9.96924210	3.95238662
28.37199925	-9.96924210	0.00000000
28.37599925	-9.96924210	3.95238662
28.37999925	-9.96924210	3.95238662
28.38399925	-9.96924210	7.90477324
28.38799925	-9.96924210	3.95238662
28.39199925	-9.96924210	3.95238662
28.39599925	-9.96924210	3.95238662
28.39999925	-9.96924210	7.90477324
28.40399925	-9.96924210	0.00000000
28.40799925	-9.96924210	0.00000000
28.41199925	-9.96924210	0.00000000
28.41599925	-9.96924210	3.95238662
28.41999925	-9.96924210	0.00000000
28.42399925	-9.96924210	3.95238662
28.42799925	-9.96924210	0.00000000
28.43199925	-9.96924210	3.95238662
28.43599925	-9.96924210	3.95238662
28.43999925	-9.96924210	3.95238662
28.44399925	-9.96924210	0.00000000
28.44799925	-9.96924210	3.95238662
28.45199925	-9.96924210	3.95238662
28.45599925	-9.96924210	3.95238662
28.45999925	-9.96924210	0.00000000
28.46399925	-9.96924210	3.95238662
28.46799925	-9.96924210	3.95238662
28.47199925	-9.96924210	7.90477324
28.47599925	-9.96924210	0.00000000
28.47999925	-9.96924210	3.95238662
28.48399925	-9.96924210	3.95238662
28.48799925	-10.13041306	3.95238662
28.49199925	-9.96924210	3.95238662
28.49599925	-9.96924210	3.95238662
28.49999925	-9.96924210	0.00000000
28.50399925	-9.96924210	3.95238662
28.50799925	-9.96924210	3.95238662
28.51199925	-10.13041306	3.95238662
28.51599925	-10.13041306	3.95238662
28.51999925	-9.96924210	3.95238662
28.52399925	-10.13041306	0.00000000
28.52799925	-10.13041306	3.95238662
28.53199925	-9.96924210	3.95238662
28.53599925	-9.96924210	3.95238662
28.53999925	-10.13041306	0.00000000
28.54399925	-9.96924210	3.95238662
28.54799925	-10.13041306	0.00000000
28.55199925	-9.96924210	0.00000000
28.55599925	-9.96924210	3.95238662
28.55999925	-10.13041306	3.95238662
28.56399925	-9.96924210	3.95238662
28.56799925	-9.96924210	3.95238662
28.57199925	-9.96924210	0.00000000
28.57599925	-10.13041306	3.95238662
28.57999925	-9.96924210	0.00000000
28.58399925	-9.96924210	3.95238662
28.58799925	-9.96924210	3.95238662
28.59199925	-10.13041306	3.95238662
28.59599925	-9.96924210	0.00000000
28.59999925	-10.13041306	3.95238662
28.60399925	-9.96924210	3.95238662
28.60799925	-9.96924210	3.95238662
28.61199924	-9.96924210	0.00000000
28.61599924	-9.96924210	3.95238662
28.61999924	-9.96924210	3.95238662
28.62399924	-9.96924210	3.95238662
28.62799924	-9.96924210	3.95238662
28.63199924	-9.96924210	3.95238662
28.63599924	-9.96924210	3.95238662
28.63999924	-9.96924210	3.95238662
28.64399924	-9.96924210	3.95238662
28.64799924	-9.96924210	0.00000000
28.65199924	-9.96924210	3.95238662
28.65599924	-9.96924210	7.90477324
28.65999924	-9.96924210	7.90477324
28.66399924	-9.96924210	3.95238662
28.66799924	-9.96924210	3.95238662
28.67199924	-9.96924210	3.95238662
28.67599924	-10.13041306	0.00000000
28.67999924	-10.13041306	3.95238662
28.68399924	-9.96924210	3.95238662
28.68799924	-9.96924210	7.90477324
28.69199924	-9.96924210	3.95238662
28.69599924	-10.13041306	3.95238662
28.69999924	-9.96924210	0.00000000
28.70399924	-9.96924210	3.95238662
28.70799924	-9.96924210	0.00000000
28.71199924	-9.96924210	0.00000000
28.71599924	-10.13041306	0.00000000
28.71999924	-10.13041306	3.95238662
28.72399924	-9.96924210	3.95238662
28.72799924	-9.96924210	3.95238662
28.73199924	-9.96924210	3.95238662
28.73599924	-9.96924210	3.95238662
28.73999924	-9.96924210	3.95238662
28.74399924	-9.96924210	3.95238662
28.74799924	-9.96924210	0.00000000
28.75199924	-9.96924210	3.95238662
28.75599924	-9.96924210	3.95238662
28.75999924	-10.13041306	3.95238662
28.76399924	-9.96924210	3.95238662
28.76799924	-9.96924210	3.95238662
28.77199924	-9.96924210	3.95238662
28.77599924	-9.96924210	3.95238662
28.77999924	-9.96924210	3.95238662
28.78399924	-9.96924210	3.95238662
28.78799924	-9.96924210	0.00000000
28.79199924	-9.96924210	3.95238662
28.79599924	-9.96924210	3.95238662
28.79999924	-9.96924210	3.95238662
28.80399924	-9.96924210	3.95238662
28.80799924	-9.96924210	3.95238662
28.81199924	-9.96924210	0.00000000
28.81599924	-9.96924210	3.95238662
28.81999924	-9.96924210	3.95238662
28.82399924	-9.96924210	3.95238662
28.82799924	-9.96924210	0.00000000
28.83199924	-9.96924210	0.00000000
28.83599924	-9.96924210	3.95238662
28.83999924	-9.96924210	3.95238662
28.84399924	-9.96924210	3.95238662
28.84799924	-9.96924210	3.95238662
28.85199924	-9.96924210	3.95238662
28.85599924	-9.96924210	3.95238662
28.85999924	-9.96924210	3.95238662
28.86399924	-9.96924210	0.00000000
28.86799924	-9.96924210	3.95238662
28.87199924	-9.96924210	3.95238662
28.87599924	-9.96924210	0.00000000
28.87999924	-9.96924210	7.90477324
28.88399924	-9.96924210	3.95238662
28.88799924	-9.96924210	3.95238662
28.89199924	-9.96924210	3.95238662
28.89599924	-9.96924210	7.90477324
28.89999924	-9.96924210	3.95238662
28.90399924	-9.96924210	0.00000000
28.90799924	-9.96924210	0.00000000
28.91199924	-9.96924210	7.90477324
28.91599924	-9.96924210	3.95238662
28.91999924	-9.96924210	3.95238662
28.92399924	-9.96924210	0.00000000
28.92799924	-9.96924210	3.95238662
28.93199924	-9.96924210	3.95238662
28.93599924	-9.96924210	3.95238662
28.93999924	-9.96924210	3.95238662
28.94399924	-9.96924210	0.00000000
28.94799924	-9.96924210	3.95238662
28.95199924	-9.96924210	3.95238662
28.95599924	-9.96924210	3.95238662
28.95999924	-9.96924210	3.95238662
28.96399924	-9.96924210	3.95238662
28.96799923	-9.96924210	3.95238662
28.97199923	-9.96924210	3.95238662
28.97599923	-9.96924210	7.90477324
28.97999923	-9.96924210	3.95238662
28.98399923	-9.96924210	3.95238662
28.98799923	-9.96924210	3.95238662
28.99199923	-9.96924210	3.95238662
28.99599923	-9.96924210	3.95238662
28.99999923	-9.96924210	3.95238662
29.00399923	-9.96924210	3.95238662
29.00799923	-9.96924210	3.95238662
29.01199923	-9.96924210	3.95238662
29.01599923	-9.96924210	0.00000000
29.01999923	-9.96924210	3.95238662
29.02399923	-9.96924210	3.95238662
29.02799923	-9.96924210	3.95238662
29.03199923	-9.96924210	0.00000000
29.03599923	-9.96924210	3.95238662
29.03999923	-9.96924210	3.95238662
29.04399923	-9.96924210	3.95238662
29.04799923	-9.96924210	3.95238662
29.05199923	-9.96924210	3.95238662
29.05599923	-9.96924210	3.95238662
29.05999923	-9.96924210	3.95238662
29.06399923	-9.96924210	3.95238662
29.06799923	-9.96924210	0.00000000
29.07199923	-9.96924210	3.95238662
29.07599923	-9.96924210	3.95238662
29.07999923	-9.96924210	3.95238662
29.08399923	-9.96924210	0.00000000
29.08799923	-9.96924210	3.95238662
29.09199923	-9.96924210	0.00000000
29.09599923	-9.96924210	3.95238662
29.09999923	-9.96924210	0.00000000
29.10399923	-9.96924210	3.95238662
29.10799923	-9.96924210	3.95238662
29.11199923	-9.96924210	3.95238662
29.11599923	-9.96924210	0.00000000
29.11999923	-9.96924210	3.95238662
29.12399923	-9.96924210	3.95238662
29.12799923	-9.96924210	3.95238662
29.13199923	-9.96924210	3.95238662
29.13599923	-9.96924210	0.00000000
29.13999923	-9.96924210	3.95238662
29.14399923	-9.96924210	3.95238662
29.14799923	-9.96924210	0.00000000
29.15199923	-9.96924210	3.95238662
29.15599923	-9.96924210	3.95238662
29.15999923	-9.96924210	3.95238662
29.16399923	-9.96924210	3.95238662
29.16799923	-9.96924210	3.95238662
29.17199923	-9.96924210	3.95238662
29.17599923	-9.96924210	3.95238662
29.17999923	-9.96924210	0.00000000
29.18399923	-9.96924210	0.00000000
29.18799923	-9.96924210	3.95238662
29.19199923	-9.96924210	3.95238662
29.19599923	-9.96924210	0.00000000
29.19999923	-9.96924210	0.00000000
29.20399923	-9.96924210	3.95238662
29.20799923	-9.96924210	3.95238662
29.21199923	-9.96924210	0.00000000
29.21599923	-9.96924210	3.95238662
29.21999923	-9.96924210	3.95238662
29.22399923	-9.96924210	3.95238662
29.22799923	-9.96924210	0.00000000
29.23199923	-9.96924210	3.95238662
29.23599923	-9.96924210	3.95238662
29.23999923	-9.96924210	3.95238662
29.24399923	-9.96924210	3.95238662
29.24799923	-9.96924210	0.00000000
29.25199923	-9.96924210	3.95238662
29.25599923	-9.96924210	3.95238662
29.25999923	-9.96924210	0.00000000
29.26399923	-9.96924210	3.95238662
29.26799923	-9.96924210	3.95238662
29.27199923	-9.96924210	3.95238662
29.27599923	-9.96924210	3.95238662
29.27999923	-9.96924210	3.95238662
29.28399923	-9.96924210	0.00000000
29.28799923	-9.96924210	3.95238662
29.29199923	-9.96924210	3.95238662
29.29599923	-9.96924210	3.95238662
29.29999923	-9.96924210	0.00000000
29.30399923	-9.96924210	3.95238662
29.30799923	-9.96924210	0.00000000
29.31199923	-9.96924210	3.95238662
29.31599923	-9.96924210	3.95238662
29.31999922	-9.96924210	3.95238662
29.32399922	-9.96924210	3.95238662
29.32799922	-9.96924210	3.95238662
29.33199922	-9.96924210	3.95238662
29.33599922	-9.96924210	0.00000000
29.33999922	-9.96924210	3.95238662
29.34399922	-9.96924210	3.95238662
29.34799922	-9.96924210	3.95238662
29.35199922	-9.96924210	3.95238662
29.35599922	-9.96924210	3.95238662
29.35999922	-9.96924210	0.00000000
29.36399922	-9.96924210	3.95238662
29.36799922	-9.96924210	0.00000000
29.37199922	-9.96924210	0.00000000
29.37599922	-9.96924210	3.95238662
29.37999922	-9.96924210	3.95238662
29.38399922	-9.96924210	3.95238662
29.38799922	-9.96924210	0.00000000
29.39199922	-9.96924210	3.95238662
29.39599922	-9.96924210	3.95238662
29.39999922	-9.96924210	0.00000000
29.40399922	-9.96924210	3.95238662
29.40799922	-9.96924210	3.95238662
29.41199922	-9.96924210	3.95238662
29.41599922	-9.96924210	3.95238662
29.41999922	-9.96924210	3.95238662
29.42399922	-9.96924210	3.95238662
29.42799922	-9.96924210	3.95238662
29.43199922	-9.96924210	0.00000000
29.43599922	-9.96924210	3.95238662
29.43999922	-9.96924210	3.95238662
29.44399922	-9.96924210	0.00000000
29.44799922	-9.96924210	3.95238662
29.45199922	-9.96924210	3.95238662
29.45599922	-9.96924210	3.95238662
29.45999922	-9.96924210	3.95238662
29.46399922	-9.96924210	3.95238662
29.46799922	-9.96924210	3.95238662
29.47199922	-9.96924210	3.95238662
29.47599922	-9.96924210	3.95238662
29.47999922	-9.96924210	3.95238662
29.48399922	-9.96924210	0.00000000
29.48799922	-9.96924210	3.95238662
29.49199922	-9.96924210	3.95238662
29.49599922	-9.96924210	3.95238662
29.49999922	-9.96924210	0.00000000
29.50399922	-9.96924210	3.95238662
29.50799922	-9.96924210	3.95238662
29.51199922	-9.96924210	3.95238662
29.51599922	-9.96924210	3.95238662
29.51999922	-9.96924210	3.95238662
29.52399922	-9.96924210	3.95238662
29.52799922	-9.96924210	3.95238662
29.53199922	-9.96924210	3.95238662
29.53599922	-9.96924210	3.95238662
29.53999922	-9.96924210	3.95238662
29.54399922	-9.96924210	0.00000000
29.54799922	-9.96924210	0.00000000
29.55199922	-9.96924210	3.95238662
29.55599922	-9.96924210	3.95238662
29.55999922	-9.96924210	3.95238662
29.56399922	-9.96924210	3.95238662
29.56799922	-9.96924210	3.95238662
29.57199922	-9.96924210	0.00000000
29.57599922	-9.96924210	3.95238662
29.57999922	-9.96924210	3.95238662
29.58399922	-9.96924210	3.95238662
29.58799922	-9.96924210	0.00000000
29.59199922	-9.96924210	3.95238662
29.59599922	-9.96924210	3.95238662
29.59999922	-9.96924210	0.00000000
29.60399922	-9.96924210	3.95238662
29.60799922	-10.13041306	3.95238662
29.61199922	-9.96924210	3.95238662
29.61599922	-10.13041306	3.95238662
29.61999922	-9.96924210	3.95238662
29.62399922	-10.13041306	0.00000000
29.62799922	-9.96924210	0.00000000
29.63199922	-10.13041306	3.95238662
29.63599922	-10.13041306	3.95238662
29.63999922	-10.13041306	3.95238662
29.64399922	-10.13041306	3.95238662
29.64799922	-10.13041306	3.95238662
29.65199922	-10.13041306	0.00000000
29.65599922	-10.13041306	0.00000000
29.65999922	-10.13041306	3.95238662
29.66399922	-10.13041306	3.95238662
29.66799922	-10.13041306	3.95238662
29.67199921	-10.13041306	3.95238662
29.67599921	-10.13041306	3.95238662
29.67999921	-10.13041306	3.95238662
29.68399921	-10.13041306	3.95238662
29.68799921	-10.13041306	3.95238662
29.69199921	-10.13041306	3.95238662
29.69599921	-10.13041306	3.95238662
29.69999921	-10.13041306	3.95238662
29.70399921	-10.13041306	3.95238662
29.70799921	-10.13041306	3.95238662
29.71199921	-10.13041306	3.95238662
29.71599921	-10.13041306	3.95238662
29.71999921	-10.13041306	3.95238662
29.72399921	-10.13041306	0.00000000
29.72799921	-10.13041306	3.95238662
29.73199921	-10.13041306	3.95238662
29.73599921	-10.13041306	3.95238662
29.73999921	-10.13041306	3.95238662
29.74399921	-10.13041306	3.95238662
29.74799921	-10.13041306	3.95238662
29.75199921	-10.13041306	3.95238662
29.75599921	-10.13041306	3.95238662
29.75999921	-10.13041306	3.95238662
29.76399921	-10.13041306	0.00000000
29.76799921	-10.13041306	3.95238662
29.77199921	-10.13041306	3.95238662
29.77599921	-10.13041306	0.00000000
29.77999921	-9.96924210	3.95238662
29.78399921	-10.13041306	3.95238662
29.78799921	-10.13041306	3.95238662
29.79199921	-10.13041306	3.95238662
29.79599921	-10.13041306	3.95238662
29.79999921	-10.13041306	3.95238662
29.80399921	-9.96924210	3.95238662
29.80799921	-9.96924210	3.95238662
29.81199921	-10.13041306	3.95238662
29.81599921	-10.13041306	3.95238662
29.81999921	-10.13041306	3.95238662
29.82399921	-9.96924210	3.95238662
29.82799921	-10.13041306	3.95238662
29.83199921	-10.13041306	3.95238662
29.83599921	-9.96924210	3.95238662
29.83999921	-9.96924210	3.95238662
29.84399921	-9.96924210	3.95238662
29.84799921	-9.96924210	0.00000000
29.85199921	-9.96924210	3.95238662
29.85599921	-9.96924210	3.95238662
29.85999921	-9.96924210	3.95238662
29.86399921	-9.96924210	3.95238662
29.86799921	-9.96924210	3.95238662
29.87199921	-9.96924210	3.95238662
29.87599921	-9.96924210	3.95238662
29.87999921	-9.96924210	3.95238662
29.88399921	-9.96924210	3.95238662
29.88799921	-9.96924210	0.00000000
29.89199921	-9.96924210	3.95238662
29.89599921	-9.96924210	3.95238662
29.89999921	-9.96924210	3.95238662
29.90399921	-9.96924210	0.00000000
29.90799921	-9.96924210	3.95238662
29.91199921	-9.96924210	7.90477324
29.91599921	-9.96924210	3.95238662
29.91999921	-9.96924210	3.95238662
29.92399921	-9.96924210	3.95238662
29.92799921	-9.96924210	3.95238662
29.93199921	-9.96924210	3.95238662
29.93599921	-9.96924210	3.95238662
29.93999921	-9.96924210	0.00000000
29.94399921	-9.96924210	3.95238662
29.94799921	-9.96924210	0.00000000
29.95199921	-9.96924210	3.95238662
29.95599921	-9.96924210	3.95238662
29.95999921	-9.96924210	0.00000000
29.96399921	-9.96924210	3.95238662
29.96799921	-9.96924210	3.95238662
29.97199921	-9.96924210	3.95238662
29.97599921	-9.96924210	3.95238662
29.97999921	-9.96924210	3.95238662
29.98399921	-9.96924210	3.95238662
29.98799921	-9.96924210	3.95238662
29.99199921	-9.96924210	3.95238662
29.99599921	-9.96924210	0.00000000
29.99999921	-9.96924210	3.95238662
30.00399921	-9.96924210	3.95238662
30.00799921	-9.96924210	3.95238662
30.01199921	-9.96924210	3.95238662
30.01599921	-9.96924210	3.95238662
30.01999921	-9.96924210	3.95238662
30.02399921	-9.96924210	3.95238662
30.02799920	-9.96924210	3.95238662
30.03199920	-9.96924210	3.95238662
30.03599920	-9.96924210	3.95238662
30.03999920	-9.96924210	3.95238662
30.04399920	-9.96924210	0.00000000
30.04799920	-9.96924210	3.95238662
30.05199920	-9.96924210	3.95238662
30.05599920	-9.96924210	3.95238662
30.05999920	-9.96924210	0.00000000
30.06399920	-9.96924210	3.95238662
30.06799920	-9.80868626	3.95238662
30.07199920	-9.80868626	0.00000000
30.07599920	-9.80868626	0.00000000
30.07999920	-9.80868626	3.95238662
30.08399920	-9.80868626	3.95238662
30.08799920	-9.96924210	3.95238662
30.09199920	-9.80868626	3.95238662
30.09599920	-9.80868626	3.95238662
30.09999920	-9.80868626	3.95238662
30.10399920	-9.80868626	3.95238662
30.10799920	-9.80868626	0.00000000
30.11199920	-9.80868626	0.00000000
30.11599920	-9.80868626	3.95238662
30.11999920	-9.80868626	0.00000000
30.12399920	-9.80868626	0.00000000
30.12799920	-9.80868626	3.95238662
30.13199920	-9.80868626	3.95238662
30.13599920	-9.80868626	3.95238662
30.13999920	-9.80868626	3.95238662
30.14399920	-9.96924210	0.00000000
30.14799920	-9.96924210	3.95238662
30.15199920	-9.96924210	3.95238662
30.15599920	-9.96924210	3.95238662
30.15999920	-9.96924210	3.95238662
30.16399920	-9.96924210	3.95238662
30.16799920	-9.96924210	3.95238662
30.17199920	-9.96924210	0.00000000
30.17599920	-9.96924210	3.95238662
30.17999920	-9.96924210	3.95238662
30.18399920	-9.96924210	3.95238662
30.18799920	-9.96924210	3.95238662
30.19199920	-9.96924210	0.00000000
30.19599920	-9.96924210	0.00000000
30.19999920	-9.96924210	3.95238662
30.20399920	-9.96924210	0.00000000
30.20799920	-9.96924210	7.90477324
30.21199920	-9.96924210	3.95238662
30.21599920	-9.96924210	3.95238662
30.21999920	-9.96924210	0.00000000
30.22399920	-9.96924210	3.95238662
30.22799920	-9.96924210	3.95238662
30.23199920	-9.96924210	3.95238662
30.23599920	-9.96924210	3.95238662
30.23999920	-9.96924210	3.95238662
30.24399920	-9.96924210	3.95238662
30.24799920	-9.96924210	3.95238662
30.25199920	-9.96924210	3.95238662
30.25599920	-9.96924210	3.95238662
30.25999920	-9.96924210	3.95238662
30.26399920	-9.96924210	0.00000000
30.26799920	-9.96924210	0.00000000
30.27199920	-9.96924210	3.95238662
30.27599920	-9.96924210	3.95238662
30.27999920	-9.96924210	3.95238662
30.28399920	-9.96924210	3.95238662
30.28799920	-9.96924210	3.95238662
30.29199920	-9.96924210	3.95238662
30.29599920	-10.13041306	3.95238662
30.29999920	-9.96924210	3.95238662
30.30399920	-9.96924210	3.95238662
30.30799920	-9.96924210	7.90477324
30.31199920	-9.96924210	3.95238662
30.31599920	-9.96924210	0.00000000
30.31999920	-9.96924210	3.95238662
30.32399920	-9.96924210	3.95238662
30.32799920	-9.96924210	3.95238662
30.33199920	-9.96924210	0.00000000
30.33599920	-9.96924210	3.95238662
30.33999920	-9.96924210	3.95238662
30.34399920	-9.96924210	3.95238662
30.34799920	-9.96924210	0.00000000
30.35199920	-9.96924210	3.95238662
30.35599920	-9.96924210	0.00000000
30.35999920	-9.96924210	0.00000000
30.36399920	-9.96924210	3.95238662
30.36799920	-9.96924210	3.95238662
30.37199920	-9.96924210	3.95238662
30.37599920	-9.96924210	3.95238662
30.37999919	-9.96924210	0.00000000
30.38399919	-9.80868626	3.95238662
30.38799919	-9.96924210	3.95238662
30.39199919	-9.96924210	3.95238662
30.39599919	-9.96924210	3.95238662
30.39999919	-9.96924210	3.95238662
30.40399919	-9.96924210	3.95238662
30.40799919	-9.96924210	3.95238662
30.41199919	-9.96924210	3.95238662
30.41599919	-9.96924210	3.95238662
30.41999919	-9.96924210	3.95238662
30.42399919	-9.96924210	3.95238662
30.42799919	-9.96924210	3.95238662
30.43199919	-9.96924210	3.95238662
30.43599919	-9.96924210	3.95238662
30.43999919	-9.96924210	3.95238662
30.44399919	-9.96924210	3.95238662
30.44799919	-9.96924210	0.00000000
30.45199919	-9.96924210	3.95238662
30.45599919	-9.96924210	3.95238662
30.45999919	-9.96924210	0.00000000
30.46399919	-9.96924210	3.95238662
30.46799919	-9.96924210	3.95238662
30.47199919	-9.96924210	3.95238662
30.47599919	-9.96924210	3.95238662
30.47999919	-9.96924210	3.95238662
30.48399919	-9.96924210	3.95238662
30.48799919	-9.96924210	3.95238662
30.49199919	-9.96924210	0.00000000
30.49599919	-9.96924210	3.95238662
30.49999919	-9.96924210	0.00000000
30.50399919	-9.96924210	3.95238662
30.50799919	-9.96924210	3.95238662
30.51199919	-9.96924210	3.95238662
30.51599919	-9.96924210	3.95238662
30.51999919	-9.96924210	3.95238662
30.52399919	-9.96924210	3.95238662
30.52799919	-9.96924210	3.95238662
30.53199919	-9.96924210	3.95238662
30.53599919	-9.96924210	3.95238662
30.53999919	-9.96924210	3.95238662
30.54399919	-9.96924210	3.95238662
30.54799919	-9.96924210	3.95238662
30.55199919	-9.96924210	3.95238662
30.55599919	-10.13041306	0.00000000
30.55999919	-9.96924210	3.95238662
30.56399919	-9.96924210	0.00000000
30.56799919	-10.13041306	3.95238662
30.57199919	-10.13041306	3.95238662
30.57599919	-9.96924210	3.95238662
30.57999919	-10.13041306	3.95238662
30.58399919	-9.96924210	0.00000000
30.58799919	-9.96924210	3.95238662
30.59199919	-10.13041306	3.95238662
30.59599919	-9.96924210	3.95238662
30.59999919	-10.13041306	3.95238662
30.60399919	-9.96924210	0.00000000
30.60799919	-10.13041306	3.95238662
30.61199919	-10.13041306	3.95238662
30.61599919	-10.13041306	3.95238662
30.61999919	-9.96924210	3.95238662
30.62399919	-10.13041306	3.95238662
30.62799919	-10.13041306	3.95238662
30.63199919	-10.13041306	3.95238662
30.63599919	-10.13041306	3.95238662
30.63999919	-10.13041306	3.95238662
30.64399919	-10.13041306	3.95238662
30.64799919	-10.13041306	3.95238662
30.65199919	-9.96924210	3.95238662
30.65599919	-10.13041306	0.00000000
30.65999919	-9.96924210	3.95238662
30.66399919	-9.96924210	3.95238662
30.66799919	-9.96924210	0.00000000
30.67199919	-9.96924210	3.95238662
30.67599919	-10.13041306	3.95238662
30.67999919	-9.96924210	3.95238662
30.68399919	-9.96924210	0.00000000
30.68799919	-10.13041306	3.95238662
30.69199919	-9.96924210	0.00000000
30.69599919	-10.13041306	3.95238662
30.69999919	-9.96924210	3.95238662
30.70399919	-10.13041306	3.95238662
30.70799919	-9.96924210	3.95238662
30.71199919	-9.96924210	3.95238662
30.71599919	-9.96924210	0.00000000
30.71999919	-9.96924210	3.95238662
30.72399919	-9.96924210	3.95238662
30.72799919	-9.96924210	3.95238662
30.73199919	-9.96924210	3.95238662
30.73599918	-9.96924210	3.95238662
30.73999918	-9.96924210	3.95238662
30.74399918	-9.96924210	0.00000000
30.74799918	-9.96924210	3.95238662
30.75199918	-9.96924210	3.95238662
30.75599918	-9.96924210	3.95238662
30.75999918	-9.96924210	0.00000000
30.76399918	-9.96924210	3.95238662
30.76799918	-9.96924210	3.95238662
30.77199918	-9.96924210	3.95238662
30.77599918	-9.96924210	0.00000000
30.77999918	-9.96924210	3.95238662
30.78399918	-9.96924210	3.95238662
30.78799918	-9.96924210	3.95238662
30.79199918	-9.96924210	3.95238662
30.79599918	-9.96924210	0.00000000
30.79999918	-9.96924210	3.95238662
30.80399918	-9.96924210	3.95238662
30.80799918	-9.96924210	3.95238662
30.81199918	-9.80868626	3.95238662
30.81599918	-9.96924210	3.95238662
30.81999918	-9.96924210	3.95238662
30.82399918	-9.80868626	3.95238662
30.82799918	-9.80868626	3.95238662
30.83199918	-9.96924210	0.00000000
30.83599918	-9.96924210	3.95238662
30.83999918	-9.80868626	3.95238662
30.84399918	-9.80868626	0.00000000
30.84799918	-9.80868626	0.00000000
30.85199918	-9.96924210	3.95238662
30.85599918	-9.96924210	3.95238662
30.85999918	-9.80868626	0.00000000
30.86399918	-9.80868626	3.95238662
30.86799918	-9.96924210	0.00000000
30.87199918	-9.96924210	0.00000000
30.87599918	-9.96924210	3.95238662
30.87999918	-9.96924210	3.95238662
30.88399918	-9.96924210	3.95238662
30.88799918	-9.96924210	3.95238662
30.89199918	-9.96924210	3.95238662
30.89599918	-9.96924210	3.95238662
30.89999918	-9.96924210	3.95238662
30.90399918	-9.96924210	3.95238662
30.90799918	-9.96924210	0.00000000
30.91199918	-9.96924210	3.95238662
30.91599918	-9.96924210	3.95238662
30.91999918	-9.96924210	3.95238662
30.92399918	-9.96924210	3.95238662
30.92799918	-9.96924210	3.95238662
30.93199918	-9.96924210	3.95238662
30.93599918	-9.96924210	3.95238662
30.93999918	-9.96924210	3.95238662
30.94399918	-9.96924210	0.00000000
30.94799918	-9.96924210	3.95238662
30.95199918	-9.96924210	0.00000000
30.95599918	-9.96924210	3.95238662
30.95999918	-9.96924210	7.90477324
30.96399918	-9.96924210	3.95238662
30.96799918	-9.96924210	0.00000000
30.97199918	-9.96924210	3.95238662
30.97599918	-9.96924210	3.95238662
30.97999918	-9.96924210	3.95238662
30.98399918	-9.96924210	3.95238662
30.98799918	-9.96924210	0.00000000
30.99199918	-9.96924210	3.95238662
30.99599918	-9.96924210	3.95238662
30.99999918	-9.96924210	3.95238662
31.00399918	-9.80868626	0.00000000
31.00799918	-9.96924210	3.95238662
31.01199918	-9.96924210	3.95238662
31.01599918	-9.96924210	3.95238662
31.01999918	-9.96924210	3.95238662
31.02399918	-9.96924210	0.00000000
31.02799918	-9.96924210	3.95238662
31.03199918	-9.96924210	3.95238662
31.03599918	-9.96924210	3.95238662
31.03999918	-9.96924210	3.95238662
31.04399918	-9.96924210	3.95238662
31.04799918	-9.96924210	3.95238662
31.05199918	-9.96924210	0.00000000
31.05599918	-9.96924210	3.95238662
31.05999918	-9.96924210	3.95238662
31.06399918	-9.96924210	0.00000000
31.06799918	-9.96924210	3.95238662
31.07199918	-9.96924210	3.95238662
31.07599918	-9.96924210	3.95238662
31.07999918	-9.96924210	3.95238662
31.08399918	-9.96924210	0.00000000
31.08799917	-9.96924210	3.95238662
31.09199917	-9.96924210	3.95238662
31.09599917	-9.96924210	3.95238662
31.09999917	-9.96924210	0.00000000
31.10399917	-9.96924210	3.95238662
31.10799917	-9.96924210	3.95238662
31.11199917	-9.96924210	3.95238662
31.11599917	-9.96924210	0.00000000
31.11999917	-9.96924210	3.95238662
31.12399917	-9.96924210	3.95238662
31.12799917	-9.96924210	3.95238662
31.13199917	-9.96924210	0.00000000
31.13599917	-9.96924210	3.95238662
31.13999917	-9.96924210	3.95238662
31.14399917	-9.96924210	3.95238662
31.14799917	-9.96924210	3.95238662
31.15199917	-9.96924210	3.95238662
31.15599917	-9.96924210	3.95238662
31.15999917	-9.96924210	3.95238662
31.16399917	-9.96924210	3.95238662
31.16799917	-9.96924210	3.95238662
31.17199917	-9.96924210	3.95238662
31.17599917	-9.96924210	3.95238662
31.17999917	-9.96924210	3.95238662
31.18399917	-9.96924210	3.95238662
31.18799917	-9.96924210	3.95238662
31.19199917	-9.96924210	3.95238662
31.19599917	-9.96924210	0.00000000
31.19999917	-9.96924210	0.00000000
31.20399917	-9.96924210	3.95238662
31.20799917	-9.96924210	0.00000000
31.21199917	-9.96924210	3.95238662
31.21599917	-9.96924210	3.95238662
31.21999917	-9.96924210	3.95238662
31.22399917	-9.96924210	3.95238662
31.22799917	-9.96924210	3.95238662
31.23199917	-9.96924210	0.00000000
31.23599917	-9.96924210	3.95238662
31.23999917	-9.96924210	3.95238662
31.24399917	-9.96924210	3.95238662
31.24799917	-9.96924210	3.95238662
31.25199917	-9.96924210	3.95238662
31.25599917	-9.96924210	3.95238662
31.25999917	-9.96924210	0.00000000
31.26399917	-9.96924210	3.95238662
31.26799917	-9.96924210	3.95238662
31.27199917	-9.96924210	3.95238662
31.27599917	-9.96924210	3.95238662
31.27999917	-9.96924210	3.95238662
31.28399917	-9.96924210	3.95238662
31.28799917	-9.96924210	0.00000000
31.29199917	-9.96924210	0.00000000
31.29599917	-9.96924210	3.95238662
31.29999917	-9.96924210	0.00000000
31.30399917	-9.96924210	3.95238662
31.30799917	-9.96924210	3.95238662
31.31199917	-9.96924210	3.95238662
31.31599917	-9.96924210	3.95238662
31.31999917	-9.96924210	3.95238662
31.32399917	-9.96924210	3.95238662
31.32799917	-9.96924210	3.95238662
31.33199917	-9.96924210	3.95238662
31.33599917	-9.96924210	3.95238662
31.33999917	-9.96924210	0.00000000
31.34399917	-9.96924210	3.95238662
31.34799917	-9.96924210	3.95238662
31.35199917	-9.96924210	3.95238662
31.35599917	-9.96924210	0.00000000
31.35999917	-9.96924210	3.95238662
31.36399917	-9.96924210	3.95238662
31.36799917	-9.96924210	3.95238662
31.37199917	-9.96924210	3.95238662
31.37599917	-9.96924210	0.00000000
31.37999917	-9.96924210	0.00000000
31.38399917	-9.96924210	3.95238662
31.38799917	-9.96924210	0.00000000
31.39199917	-9.96924210	0.00000000
31.39599917	-9.96924210	0.00000000
31.39999917	-9.96924210	3.95238662
31.40399917	-9.96924210	3.95238662
31.40799917	-9.96924210	3.95238662
31.41199917	-9.96924210	3.95238662
31.41599917	-9.96924210	3.95238662
31.41999917	-9.96924210	0.00000000
31.42399917	-9.96924210	3.95238662
31.42799917	-9.96924210	3.95238662
31.43199917	-9.96924210	3.95238662
31.43599917	-9.96924210	3.95238662
31.43999916	-9.96924210	3.95238662
31.44399916	-9.96924210	3.95238662
31.44799916	-9.96924210	3.95238662
31.45199916	-9.96924210	3.95238662
31.45599916	-9.96924210	3.95238662
31.45999916	-9.96924210	3.95238662
31.46399916	-9.96924210	3.95238662
31.46799916	-9.96924210	3.95238662
31.47199916	-9.96924210	3.95238662
31.47599916	-9.96924210	3.95238662
31.47999916	-9.96924210	3.95238662
31.48399916	-9.96924210	3.95238662
31.48799916	-9.96924210	3.95238662
31.49199916	-9.96924210	0.00000000
31.49599916	-9.96924210	3.95238662
31.49999916	-9.96924210	3.95238662
31.50399916	-9.96924210	3.95238662
31.50799916	-9.96924210	3.95238662
31.51199916	-9.96924210	3.95238662
31.51599916	-9.96924210	3.95238662
31.51999916	-9.96924210	0.00000000
31.52399916	-9.96924210	3.95238662
31.52799916	-9.96924210	3.95238662
31.53199916	-9.96924210	3.95238662
31.53599916	-9.96924210	3.95238662
31.53999916	-9.96924210	3.95238662
31.54399916	-9.96924210	3.95238662
31.54799916	-9.96924210	3.95238662
31.55199916	-9.96924210	0.00000000
31.55599916	-9.96924210	0.00000000
31.55999916	-9.96924210	3.95238662
31.56399916	-9.96924210	3.95238662
31.56799916	-9.96924210	3.95238662
31.57199916	-9.96924210	3.95238662
31.57599916	-9.96924210	3.95238662
31.57999916	-10.13041306	0.00000000
31.58399916	-9.96924210	3.95238662
31.58799916	-10.13041306	0.00000000
31.59199916	-10.13041306	3.95238662
31.59599916	-10.13041306	0.00000000
31.59999916	-10.13041306	0.00000000
31.60399916	-10.13041306	3.95238662
31.60799916	-10.13041306	3.95238662
31.61199916	-10.13041306	0.00000000
31.61599916	-10.13041306	3.95238662
31.61999916	-10.13041306	3.95238662
31.62399916	-10.13041306	3.95238662
31.62799916	-10.13041306	0.00000000
31.63199916	-10.13041306	3.95238662
31.63599916	-10.13041306	3.95238662
31.63999916	-10.13041306	0.00000000
31.64399916	-10.13041306	0.00000000
31.64799916	-10.13041306	3.95238662
31.65199916	-10.13041306	0.00000000
31.65599916	-10.13041306	3.95238662
31.65999916	-10.13041306	3.95238662
31.66399916	-10.13041306	3.95238662
31.66799916	-10.13041306	0.00000000
31.67199916	-10.13041306	3.95238662
31.67599916	-10.13041306	3.95238662
31.67999916	-10.13041306	3.95238662
31.68399916	-10.13041306	3.95238662
31.68799916	-10.13041306	3.95238662
31.69199916	-10.13041306	0.00000000
31.69599916	-10.13041306	0.00000000
31.69999916	-10.13041306	0.00000000
31.70399916	-10.13041306	0.00000000
31.70799916	-10.13041306	3.95238662
31.71199916	-10.13041306	0.00000000
31.71599916	-10.13041306	0.00000000
31.71999916	-10.13041306	3.95238662
31.72399916	-10.13041306	0.00000000
31.72799916	-10.13041306	3.95238662
31.73199916	-10.13041306	0.00000000
31.73599916	-10.13041306	3.95238662
31.73999916	-10.13041306	3.95238662
31.74399916	-10.13041306	3.95238662
31.74799916	-10.13041306	0.00000000
31.75199916	-10.13041306	3.95238662
31.75599916	-10.13041306	3.95238662
31.75999916	-10.13041306	3.95238662
31.76399916	-10.13041306	3.95238662
31.76799916	-10.13041306	3.95238662
31.77199916	-10.13041306	3.95238662
31.77599916	-10.13041306	3.95238662
31.77999916	-10.13041306	3.95238662
31.78399916	-10.13041306	3.95238662
31.78799916	-10.13041306	3.95238662
31.79199916	-10.13041306	3.95238662
31.79599915	-10.13041306	3.95238662
31.79999915	-10.13041306	3.95238662
31.80399915	-10.13041306	0.00000000
31.80799915	-10.13041306	7.90477324
31.81199915	-10.13041306	3.95238662
31.81599915	-10.13041306	3.95238662
31.81999915	-10.13041306	0.00000000
31.82399915	-10.13041306	3.95238662
31.82799915	-10.13041306	3.95238662
31.83199915	-10.13041306	3.95238662
31.83599915	-10.13041306	3.95238662
31.83999915	-10.13041306	3.95238662
31.84399915	-10.13041306	3.95238662
31.84799915	-10.13041306	3.95238662
31.85199915	-10.13041306	3.95238662
31.85599915	-10.13041306	3.95238662
31.85999915	-10.13041306	3.95238662
31.86399915	-10.13041306	3.95238662
31.86799915	-10.13041306	0.00000000
31.87199915	-10.13041306	3.95238662
31.87599915	-10.13041306	3.95238662
31.87999915	-10.13041306	0.00000000
31.88399915	-9.96924210	0.00000000
31.88799915	-9.96924210	0.00000000
31.89199915	-9.96924210	3.95238662
31.89599915	-10.13041306	3.95238662
31.89999915	-9.96924210	3.95238662
31.90399915	-9.96924210	3.95238662
31.90799915	-9.96924210	3.95238662
31.91199915	-9.96924210	0.00000000
31.91599915	-9.96924210	3.95238662
31.91999915	-9.96924210	3.95238662
31.92399915	-9.96924210	3.95238662
31.92799915	-9.96924210	0.00000000
31.93199915	-9.96924210	3.95238662
31.93599915	-9.96924210	3.95238662
31.93999915	-9.96924210	3.95238662
31.94399915	-9.96924210	0.00000000
31.94799915	-9.96924210	3.95238662
31.95199915	-9.96924210	3.95238662
31.95599915	-9.96924210	3.95238662
31.95999915	-9.96924210	3.95238662
31.96399915	-9.96924210	3.95238662
31.96799915	-9.96924210	3.95238662
31.97199915	-9.96924210	0.00000000
31.97599915	-9.96924210	3.95238662
31.97999915	-9.80868626	0.00000000
31.98399915	-9.80868626	3.95238662
31.98799915	-9.80868626	3.95238662
31.99199915	-9.80868626	0.00000000
31.99599915	-9.80868626	0.00000000
31.99999915	-9.80868626	3.95238662
32.00399915	-9.80868626	3.95238662
32.00799915	-9.80868626	3.95238662
32.01199915	-9.80868626	3.95238662
32.01599915	-9.80868626	0.00000000
32.01999915	-9.80868626	0.00000000
32.02399915	-9.80868626	0.00000000
32.02799915	-9.80868626	0.00000000
32.03199915	-9.80868626	3.95238662
32.03599915	-9.80868626	0.00000000
32.03999915	-9.80868626	3.95238662
32.04399915	-9.80868626	3.95238662
32.04799915	-9.80868626	3.95238662
32.05199915	-9.80868626	3.95238662
32.05599915	-9.80868626	3.95238662
32.05999915	-9.80868626	3.95238662
32.06399915	-9.80868626	3.95238662
32.06799915	-9.80868626	3.95238662
32.07199915	-9.80868626	3.95238662
32.07599915	-9.80868626	3.95238662
32.07999915	-9.80868626	3.95238662
32.08399915	-9.80868626	0.00000000
32.08799915	-9.80868626	3.95238662
32.09199915	-9.80868626	3.95238662
32.09599915	-9.80868626	3.95238662
32.09999915	-9.80868626	3.95238662
32.10399915	-9.80868626	3.95238662
32.10799915	-9.80868626	3.95238662
32.11199915	-9.80868626	3.95238662
32.11599915	-9.80868626	3.95238662
32.11999915	-9.80868626	0.00000000
32.12399915	-9.80868626	3.95238662
32.12799915	-9.80868626	3.95238662
32.13199915	-9.80868626	0.00000000
32.13599915	-9.80868626	3.95238662
32.13999915	-9.80868626	0.00000000
32.14399915	-9.80868626	3.95238662
32.14799914	-9.80868626	3.95238662
32.15199914	-9.80868626	0.00000000
32.15599914	-9.80868626	3.95238662
32.15999914	-9.80868626	3.95238662
32.16399914	-9.80868626	3.95238662
32.16799914	-9.80868626	0.00000000
32.17199914	-9.80868626	3.95238662
32.17599914	-9.80868626	3.95238662
32.17999914	-9.80868626	3.95238662
32.18399914	-9.80868626	3.95238662
32.18799914	-9.80868626	3.95238662
32.19199914	-9.80868626	3.95238662
32.19599914	-9.80868626	3.95238662
32.19999914	-9.80868626	3.95238662
32.20399914	-9.80868626	3.95238662
32.20799914	-9.80868626	0.00000000
32.21199914	-9.80868626	3.95238662
32.21599914	-9.80868626	0.00000000
32.21999914	-9.96924210	0.00000000
32.22399914	-9.96924210	3.95238662
32.22799914	-9.96924210	3.95238662
32.23199914	-9.96924210	3.95238662
32.23599914	-9.96924210	3.95238662
32.23999914	-9.96924210	3.95238662
32.24399914	-9.96924210	3.95238662
32.24799914	-9.96924210	3.95238662
32.25199914	-9.96924210	0.00000000
32.25599914	-9.96924210	3.95238662
32.25999914	-9.96924210	0.00000000
32.26399914	-9.96924210	3.95238662
32.26799914	-9.80868626	3.95238662
32.27199914	-9.96924210	3.95238662
32.27599914	-9.96924210	3.95238662
32.27999914	-9.96924210	3.95238662
32.28399914	-9.96924210	3.95238662
32.28799914	-9.96924210	0.00000000
32.29199914	-9.96924210	3.95238662
32.29599914	-9.96924210	3.95238662
32.29999914	-9.96924210	3.95238662
32.30399914	-9.96924210	3.95238662
32.30799914	-9.96924210	3.95238662
32.31199914	-9.96924210	3.95238662
32.31599914	-9.96924210	3.95238662
32.31999914	-9.96924210	0.00000000
32.32399914	-9.96924210	0.00000000
32.32799914	-9.96924210	3.95238662
32.33199914	-9.96924210	3.95238662
32.33599914	-9.96924210	3.95238662
32.33999914	-9.96924210	3.95238662
32.34399914	-9.96924210	3.95238662
32.34799914	-9.96924210	3.95238662
32.35199914	-9.96924210	3.95238662
32.35599914	-9.96924210	3.95238662
32.35999914	-9.96924210	0.00000000
32.36399914	-9.96924210	3.95238662
32.36799914	-9.96924210	3.95238662
32.37199914	-9.96924210	3.95238662
32.37599914	-9.96924210	3.95238662
32.37999914	-9.96924210	3.95238662
32.38399914	-9.96924210	3.95238662
32.38799914	-9.96924210	7.90477324
32.39199914	-9.96924210	3.95238662
32.39599914	-9.96924210	3.95238662
32.39999914	-9.96924210	3.95238662
32.40399914	-9.96924210	3.95238662
32.40799914	-9.96924210	3.95238662
32.41199914	-9.96924210	0.00000000
32.41599914	-9.96924210	0.00000000
32.41999914	-9.96924210	3.95238662
32.42399914	-9.96924210	3.95238662
32.42799914	-9.96924210	3.95238662
32.43199914	-9.96924210	3.95238662
32.43599914	-9.96924210	3.95238662
32.43999914	-9.96924210	3.95238662
32.44399914	-9.96924210	3.95238662
32.44799914	-9.96924210	3.95238662
32.45199914	-9.96924210	3.95238662
32.45599914	-9.96924210	3.95238662
32.45999914	-9.96924210	3.95238662
32.46399914	-9.96924210	3.95238662
32.46799914	-9.96924210	3.95238662
32.47199914	-9.96924210	3.95238662
32.47599914	-9.96924210	0.00000000
32.47999914	-9.96924210	0.00000000
32.48399914	-9.96924210	3.95238662
32.48799914	-9.96924210	3.95238662
32.49199914	-9.96924210	3.95238662
32.49599914	-9.96924210	3.95238662
32.49999914	-9.96924210	0.00000000
32.50399913	-9.96924210	0.00000000
32.50799913	-9.96924210	0.00000000
32.51199913	-9.96924210	0.00000000
32.51599913	-9.96924210	0.00000000
32.51999913	-9.96924210	3.95238662
32.52399913	-9.96924210	3.95238662
32.52799913	-9.96924210	3.95238662
32.53199913	-9.96924210	3.95238662
32.53599913	-9.96924210	0.00000000
32.53999913	-9.96924210	0.00000000
32.54399913	-9.96924210	0.00000000
32.54799913	-9.96924210	3.95238662
32.55199913	-9.96924210	3.95238662
32.55599913	-9.96924210	3.95238662
32.55999913	-9.96924210	3.95238662
32.56399913	-9.96924210	3.95238662
32.56799913	-9.96924210	3.95238662
32.57199913	-9.96924210	3.95238662
32.57599913	-9.96924210	3.95238662
32.57999913	-9.96924210	0.00000000
32.58399913	-9.96924210	0.00000000
32.58799913	-9.96924210	3.95238662
32.59199913	-9.96924210	0.00000000
32.59599913	-9.96924210	3.95238662
32.59999913	-9.96924210	3.95238662
32.60399913	-9.96924210	3.95238662
32.60799913	-9.96924210	3.95238662
32.61199913	-9.96924210	3.95238662
32.61599913	-9.96924210	3.95238662
32.61999913	-9.96924210	3.95238662
32.62399913	-9.96924210	7.90477324
32.62799913	-9.96924210	0.00000000
32.63199913	-9.96924210	3.95238662
32.63599913	-9.96924210	3.95238662
32.63999913	-9.96924210	3.95238662
32.64399913	-9.96924210	3.95238662
32.64799913	-9.96924210	0.00000000
32.65199913	-9.96924210	3.95238662
32.65599913	-9.96924210	0.00000000
32.65999913	-9.96924210	3.95238662
32.66399913	-9.96924210	3.95238662
32.66799913	-9.96924210	3.95238662
32.67199913	-9.96924210	3.95238662
32.67599913	-9.96924210	0.00000000
32.67999913	-10.13041306	0.00000000
32.68399913	-9.96924210	0.00000000
32.68799913	-9.96924210	3.95238662
32.69199913	-9.96924210	0.00000000
32.69599913	-9.96924210	3.95238662
32.69999913	-9.96924210	0.00000000
32.70399913	-9.96924210	3.95238662
32.70799913	-9.96924210	0.00000000
32.71199913	-9.96924210	0.00000000
32.71599913	-9.96924210	3.95238662
32.71999913	-10.13041306	3.95238662
32.72399913	-9.96924210	3.95238662
32.72799913	-9.96924210	3.95238662
32.73199913	-9.96924210	3.95238662
32.73599913	-9.96924210	0.00000000
32.73999913	-10.13041306	3.95238662
32.74399913	-10.13041306	3.95238662
32.74799913	-9.96924210	3.95238662
32.75199913	-10.13041306	0.00000000
32.75599913	-10.13041306	3.95238662
32.75999913	-10.13041306	0.00000000
32.76399913	-9.96924210	3.95238662
32.76799913	-9.96924210	3.95238662
32.77199913	-9.96924210	0.00000000
32.77599913	-9.96924210	3.95238662
32.77999913	-9.96924210	0.00000000
32.78399913	-9.96924210	3.95238662
32.78799913	-9.96924210	3.95238662
32.79199913	-9.96924210	0.00000000
32.79599913	-9.96924210	3.95238662
32.79999913	-9.96924210	3.95238662
32.80399913	-9.96924210	0.00000000
32.80799913	-9.96924210	0.00000000
32.81199913	-9.96924210	3.95238662
32.81599913	-9.96924210	7.90477324
32.81999913	-9.96924210	3.95238662
32.82399913	-9.96924210	3.95238662
32.82799913	-9.96924210	0.00000000
32.83199913	-9.96924210	3.95238662
32.83599913	-9.96924210	3.95238662
32.83999913	-9.96924210	3.95238662
32.84399913	-9.96924210	0.00000000
32.84799913	-9.96924210	3.95238662
32.85199913	-9.96924210	3.95238662
32.85599912	-9.96924210	0.00000000
32.85999912	-9.96924210	3.95238662
32.86399912	-9.96924210	3.95238662
32.86799912	-9.96924210	3.95238662
32.87199912	-9.96924210	0.00000000
32.87599912	-9.96924210	0.00000000
32.87999912	-9.80868626	0.00000000
32.88399912	-9.96924210	3.95238662
32.88799912	-9.96924210	3.95238662
32.89199912	-9.96924210	0.00000000
32.89599912	-9.96924210	0.00000000
32.89999912	-9.96924210	3.95238662
32.90399912	-9.96924210	3.95238662
32.90799912	-9.96924210	3.95238662
32.91199912	-9.96924210	3.95238662
32.91599912	-9.96924210	0.00000000
32.91999912	-9.96924210	3.95238662
32.92399912	-9.96924210	3.95238662
32.92799912	-9.96924210	3.95238662
32.93199912	-9.96924210	0.00000000
32.93599912	-9.96924210	3.95238662
32.93999912	-9.96924210	0.00000000
32.94399912	-9.96924210	3.95238662
32.94799912	-9.96924210	3.95238662
32.95199912	-9.96924210	3.95238662
32.95599912	-9.96924210	3.95238662
32.95999912	-9.96924210	3.95238662
32.96399912	-9.96924210	0.00000000
32.96799912	-9.96924210	3.95238662
32.97199912	-9.96924210	3.95238662
32.97599912	-9.96924210	3.95238662
32.97999912	-9.96924210	3.95238662
32.98399912	-9.96924210	3.95238662
32.98799912	-9.96924210	3.95238662
32.99199912	-9.96924210	3.95238662
32.99599912	-9.96924210	3.95238662
32.99999912	-9.96924210	3.95238662
33.00399912	-9.96924210	3.95238662
33.00799912	-9.96924210	0.00000000
33.01199912	-9.96924210	3.95238662
33.01599912	-9.96924210	3.95238662
33.01999912	-9.96924210	0.00000000
33.02399912	-9.96924210	0.00000000
33.02799912	-9.96924210	3.95238662
33.03199912	-9.96924210	3.95238662
33.03599912	-9.96924210	3.95238662
33.03999912	-9.96924210	3.95238662
33.04399912	-9.96924210	3.95238662
33.04799912	-9.96924210	3.95238662
33.05199912	-9.96924210	0.00000000
33.05599912	-9.96924210	3.95238662
33.05999912	-9.96924210	3.95238662
33.06399912	-9.96924210	3.95238662
33.06799912	-9.96924210	3.95238662
33.07199912	-9.96924210	0.00000000
33.07599912	-9.96924210	3.95238662
33.07999912	-9.96924210	3.95238662
33.08399912	-9.96924210	3.95238662
33.08799912	-9.96924210	3.95238662
33.09199912	-9.96924210	0.00000000
33.09599912	-9.96924210	3.95238662
33.09999912	-9.96924210	0.00000000
33.10399912	-9.96924210	0.00000000
33.10799912	-9.96924210	3.95238662
33.11199912	-9.96924210	3.95238662
33.11599912	-9.96924210	3.95238662
33.11999912	-9.96924210	0.00000000
33.12399912	-9.96924210	3.95238662
33.12799912	-9.96924210	3.95238662
33.13199912	-9.96924210	0.00000000
33.13599912	-9.96924210	3.95238662
33.13999912	-9.96924210	3.95238662
33.14399912	-9.96924210	0.00000000
33.14799912	-9.96924210	3.95238662
33.15199912	-9.96924210	7.90477324
33.15599912	-9.96924210	3.95238662
33.15999912	-9.96924210	3.95238662
33.16399912	-9.96924210	0.00000000
33.16799912	-9.96924210	3.95238662
33.17199912	-9.96924210	3.95238662
33.17599912	-9.96924210	3.95238662
33.17999912	-9.96924210	3.95238662
33.18399912	-9.96924210	3.95238662
33.18799912	-9.96924210	0.00000000
33.19199912	-9.96924210	3.95238662
33.19599912	-9.96924210	3.95238662
33.19999912	-9.96924210	3.95238662
33.20399912	-9.96924210	3.95238662
33.20799911	-9.96924210	3.95238662
33.21199911	-9.96924210	3.95238662
33.21599911	-9.96924210	3.95238662
33.21999911	-9.96924210	0.00000000
33.22399911	-9.96924210	3.95238662
33.22799911	-9.96924210	3.95238662
33.23199911	-9.96924210	3.95238662
33.23599911	-9.96924210	3.95238662
33.23999911	-9.96924210	3.95238662
33.24399911	-9.96924210	3.95238662
33.24799911	-9.96924210	3.95238662
33.25199911	-9.96924210	3.95238662
33.25599911	-9.96924210	7.90477324
33.25999911	-9.96924210	0.00000000
33.26399911	-9.96924210	3.95238662
33.26799911	-9.96924210	0.00000000
33.27199911	-9.96924210	3.95238662
33.27599911	-9.96924210	0.00000000
33.27999911	-9.96924210	3.95238662
33.28399911	-9.96924210	3.95238662
33.28799911	-9.96924210	3.95238662
33.29199911	-9.96924210	3.95238662
33.29599911	-9.96924210	3.95238662
33.29999911	-9.96924210	3.95238662
33.30399911	-9.96924210	3.95238662
33.30799911	-9.96924210	3.95238662
33.31199911	-9.96924210	3.95238662
33.31599911	-9.96924210	3.95238662
33.31999911	-9.96924210	3.95238662
33.32399911	-9.96924210	0.00000000
33.32799911	-9.96924210	3.95238662
33.33199911	-9.96924210	3.95238662
33.33599911	-9.96924210	3.95238662
33.33999911	-9.96924210	0.00000000
33.34399911	-9.96924210	3.95238662
33.34799911	-9.96924210	0.00000000
33.35199911	-9.96924210	7.90477324
33.35599911	-9.96924210	3.95238662
33.35999911	-9.96924210	0.00000000
33.36399911	-9.96924210	7.90477324
33.36799911	-9.96924210	3.95238662
33.37199911	-9.96924210	0.00000000
33.37599911	-9.96924210	3.95238662
33.37999911	-9.96924210	3.95238662
33.38399911	-9.96924210	3.95238662
33.38799911	-9.96924210	3.95238662
33.39199911	-9.96924210	3.95238662
33.39599911	-9.96924210	3.95238662
33.39999911	-9.96924210	3.95238662
33.40399911	-9.96924210	3.95238662
33.40799911	-9.96924210	3.95238662
33.41199911	-9.96924210	3.95238662
33.41599911	-9.96924210	0.00000000
33.41999911	-9.96924210	3.95238662
33.42399911	-9.96924210	3.95238662
33.42799911	-9.96924210	3.95238662
33.43199911	-10.13041306	3.95238662
33.43599911	-9.96924210	3.95238662
33.43999911	-9.96924210	3.95238662
33.44399911	-10.13041306	3.95238662
33.44799911	-10.13041306	3.95238662
33.45199911	-10.13041306	0.00000000
33.45599911	-10.13041306	3.95238662
33.45999911	-10.13041306	3.95238662
33.46399911	-10.13041306	3.95238662
33.46799911	-10.13041306	3.95238662
33.47199911	-10.13041306	3.95238662
33.47599911	-10.13041306	3.95238662
33.47999911	-10.13041306	3.95238662
33.48399911	-10.13041306	0.00000000
33.48799911	-10.13041306	0.00000000
33.49199911	-10.13041306	0.00000000
33.49599911	-10.13041306	0.00000000
33.49999911	-10.13041306	0.00000000
33.50399911	-10.13041306	0.00000000
33.50799911	-10.13041306	3.95238662
33.51199911	-10.13041306	3.95238662
33.51599911	-10.13041306	3.95238662
33.51999911	-10.13041306	3.95238662
33.52399911	-10.13041306	3.95238662
33.52799911	-10.13041306	3.95238662
33.53199911	-10.13041306	3.95238662
33.53599911	-10.13041306	3.95238662
33.53999911	-10.13041306	3.95238662
33.54399911	-10.13041306	3.95238662
33.54799911	-10.13041306	0.00000000
33.55199911	-10.13041306	3.95238662
33.55599911	-10.13041306	3.95238662
33.55999911	-10.13041306	3.95238662
33.56399910	-10.13041306	3.95238662
33.56799910	-10.13041306	3.95238662
33.57199910	-10.13041306	3.95238662
33.57599910	-10.13041306	3.95238662
33.57999910	-10.13041306	3.95238662
33.58399910	-10.13041306	0.00000000
33.58799910	-10.13041306	3.95238662
33.59199910	-10.13041306	3.95238662
33.59599910	-10.13041306	3.95238662
33.59999910	-10.13041306	3.95238662
33.60399910	-10.13041306	3.95238662
33.60799910	-10.13041306	3.95238662
33.61199910	-10.13041306	0.00000000
33.61599910	-10.13041306	3.95238662
33.61999910	-10.13041306	0.00000000
33.62399910	-10.13041306	3.95238662
33.62799910	-10.13041306	3.95238662
33.63199910	-10.13041306	3.95238662
33.63599910	-9.96924210	3.95238662
33.63999910	-9.96924210	3.95238662
33.64399910	-9.96924210	3.95238662
33.64799910	-9.96924210	0.00000000
33.65199910	-9.96924210	3.95238662
33.65599910	-9.96924210	3.95238662
33.65999910	-9.96924210	3.95238662
33.66399910	-9.96924210	3.95238662
33.66799910	-9.96924210	3.95238662
33.67199910	-9.96924210	3.95238662
33.67599910	-9.96924210	0.00000000
33.67999910	-9.96924210	3.95238662
33.68399910	-9.96924210	3.95238662
33.68799910	-9.96924210	0.00000000
33.69199910	-9.96924210	0.00000000
33.69599910	-9.96924210	3.95238662
33.69999910	-9.96924210	3.95238662
33.70399910	-9.96924210	3.95238662
33.70799910	-9.96924210	3.95238662
33.71199910	-9.96924210	3.95238662
33.71599910	-9.96924210	3.95238662
33.71999910	-9.96924210	3.95238662
33.72399910	-9.80868626	3.95238662
33.72799910	-9.96924210	3.95238662
33.73199910	-9.80868626	3.95238662
33.73599910	-9.80868626	3.95238662
33.73999910	-9.96924210	3.95238662
33.74399910	-9.80868626	3.95238662
33.74799910	-9.80868626	3.95238662
33.75199910	-9.96924210	0.00000000
33.75599910	-9.80868626	3.95238662
33.75999910	-9.80868626	3.95238662
33.76399910	-9.80868626	3.95238662
33.76799910	-9.80868626	3.95238662
33.77199910	-9.80868626	3.95238662
33.77599910	-9.96924210	3.95238662
33.77999910	-9.96924210	0.00000000
33.78399910	-9.96924210	3.95238662
33.78799910	-9.96924210	3.95238662
33.79199910	-9.96924210	3.95238662
33.79599910	-9.96924210	0.00000000
33.79999910	-9.96924210	0.00000000
33.80399910	-9.96924210	3.95238662
33.80799910	-9.96924210	3.95238662
33.81199910	-9.80868626	3.95238662
33.81599910	-9.96924210	7.90477324
33.81999910	-9.96924210	3.95238662
33.82399910	-9.96924210	3.95238662
33.82799910	-9.80868626	3.95238662
33.83199910	-9.80868626	3.95238662
33.83599910	-9.80868626	0.00000000
33.83999910	-9.80868626	3.95238662
33.84399910	-9.80868626	0.00000000
33.84799910	-9.80868626	3.95238662
33.85199910	-9.80868626	3.95238662
33.85599910	-9.96924210	3.95238662
33.85999910	-9.80868626	3.95238662
33.86399910	-9.80868626	3.95238662
33.86799910	-9.80868626	3.95238662
33.87199910	-9.96924210	3.95238662
33.87599910	-9.96924210	0.00000000
33.87999910	-9.96924210	3.95238662
33.88399910	-9.80868626	0.00000000
33.88799910	-9.80868626	7.90477324
33.89199910	-9.96924210	0.00000000
33.89599910	-9.80868626	0.00000000
33.89999910	-9.96924210	3.95238662
33.90399910	-9.80868626	3.95238662
33.90799910	-9.80868626	3.95238662
33.91199910	-9.80868626	0.00000000
33.91599909	-9.80868626	3.95238662
33.91999909	-9.80868626	3.95238662
33.92399909	-9.80868626	3.95238662
33.92799909	-9.80868626	3.95238662
33.93199909	-9.80868626	0.00000000
33.93599909	-9.80868626	3.95238662
33.93999909	-9.80868626	3.95238662
33.94399909	-9.80868626	3.95238662
33.94799909	-9.80868626	3.95238662
33.95199909	-9.96924210	3.95238662
33.95599909	-9.96924210	0.00000000
33.95999909	-9.80868626	3.95238662
33.96399909	-9.96924210	3.95238662
33.96799909	-9.96924210	0.00000000
33.97199909	-9.96924210	3.95238662
33.97599909	-9.96924210	0.00000000
33.97999909	-9.80868626	3.95238662
33.98399909	-9.80868626	3.95238662
33.98799909	-9.96924210	0.00000000
33.99199909	-9.80868626	3.95238662
33.99599909	-9.80868626	3.95238662
33.99999909	-9.80868626	3.95238662
34.00399909	-9.96924210	3.95238662
34.00799909	-9.80868626	0.00000000
34.01199909	-9.80868626	0.00000000
34.01599909	-9.80868626	0.00000000
34.01999909	-9.96924210	0.00000000
34.02399909	-9.80868626	3.95238662
34.02799909	-9.96924210	3.95238662
34.03199909	-9.96924210	3.95238662
34.03599909	-9.96924210	3.95238662
34.03999909	-9.96924210	0.00000000
34.04399909	-9.96924210	3.95238662
34.04799909	-9.80868626	3.95238662
34.05199909	-9.96924210	3.95238662
34.05599909	-9.96924210	0.00000000
34.05999909	-9.80868626	0.00000000
34.06399909	-9.96924210	3.95238662
34.06799909	-9.96924210	3.95238662
34.07199909	-9.96924210	3.95238662
34.07599909	-9.96924210	3.95238662
34.07999909	-9.96924210	3.95238662
34.08399909	-9.96924210	3.95238662
34.08799909	-9.96924210	3.95238662
34.09199909	-9.96924210	0.00000000
34.09599909	-9.80868626	3.95238662
34.09999909	-9.80868626	0.00000000
34.10399909	-9.96924210	3.95238662
34.10799909	-9.80868626	3.95238662
34.11199909	-9.96924210	0.00000000
34.11599909	-9.80868626	3.95238662
34.11999909	-9.96924210	3.95238662
34.12399909	-9.80868626	3.95238662
34.12799909	-9.80868626	3.95238662
34.13199909	-9.80868626	0.00000000
34.13599909	-9.80868626	3.95238662
34.13999909	-9.80868626	0.00000000
34.14399909	-9.80868626	3.95238662
34.14799909	-9.96924210	0.00000000
34.15199909	-9.96924210	3.95238662
34.15599909	-9.96924210	3.95238662
34.15999909	-9.96924210	3.95238662
34.16399909	-9.80868626	0.00000000
34.16799909	-9.80868626	0.00000000
34.17199909	-9.96924210	3.95238662
34.17599909	-9.96924210	0.00000000
34.17999909	-9.96924210	3.95238662
34.18399909	-9.96924210	3.95238662
34.18799909	-9.80868626	3.95238662
34.19199909	-9.80868626	3.95238662
34.19599909	-9.96924210	3.95238662
34.19999909	-9.96924210	0.00000000
34.20399909	-9.96924210	0.00000000
34.20799909	-9.96924210	3.95238662
34.21199909	-9.96924210	3.95238662
34.21599909	-9.96924210	3.95238662
34.21999909	-9.80868626	0.00000000
34.22399909	-9.96924210	3.95238662
34.22799909	-9.80868626	0.00000000
34.23199909	-9.96924210	3.95238662
34.23599909	-9.96924210	3.95238662
34.23999909	-9.80868626	3.95238662
34.24399909	-9.96924210	3.95238662
34.24799909	-9.96924210	3.95238662
34.25199909	-9.96924210	3.95238662
34.25599909	-9.96924210	3.95238662
34.25999909	-9.96924210	3.95238662
34.26399909	-9.96924210	3.95238662
34.26799909	-9.96924210	3.95238662
34.27199908	-9.96924210	3.95238662
34.27599908	-9.96924210	3.95238662
34.27999908	-9.96924210	0.00000000
34.28399908	-9.96924210	3.95238662
34.28799908	-9.96924210	3.95238662
34.29199908	-9.96924210	0.00000000
34.29599908	-9.96924210	0.00000000
34.29999908	-9.96924210	3.95238662
34.30399908	-9.96924210	3.95238662
34.30799908	-9.96924210	3.95238662
34.31199908	-9.96924210	3.95238662
34.31599908	-9.96924210	0.00000000
34.31999908	-9.96924210	3.95238662
34.32399908	-9.96924210	3.95238662
34.32799908	-9.96924210	0.00000000
34.33199908	-9.96924210	0.00000000
34.33599908	-9.96924210	0.00000000
34.33999908	-9.96924210	3.95238662
34.34399908	-9.96924210	0.00000000
34.34799908	-9.96924210	3.95238662
34.35199908	-9.96924210	0.00000000
34.35599908	-9.96924210	0.00000000
34.35999908	-9.96924210	3.95238662
34.36399908	-9.96924210	3.95238662
34.36799908	-9.96924210	3.95238662
34.37199908	-9.96924210	0.00000000
34.37599908	-9.96924210	0.00000000
34.37999908	-9.96924210	0.00000000
34.38399908	-9.96924210	3.95238662
34.38799908	-9.96924210	3.95238662
34.39199908	-9.96924210	7.90477324
34.39599908	-9.96924210	3.95238662
34.39999908	-9.96924210	3.95238662
34.40399908	-9.96924210	3.95238662
34.40799908	-9.96924210	3.95238662
34.41199908	-9.96924210	3.95238662
34.41599908	-9.96924210	3.95238662
34.41999908	-9.96924210	0.00000000
34.42399908	-9.96924210	3.95238662
34.42799908	-9.96924210	3.95238662
34.43199908	-9.96924210	3.95238662
34.43599908	-9.96924210	3.95238662
34.43999908	-9.96924210	3.95238662
34.44399908	-9.96924210	0.00000000
34.44799908	-9.96924210	3.95238662
34.45199908	-9.96924210	0.00000000
34.45599908	-9.96924210	0.00000000
34.45999908	-9.96924210	3.95238662
34.46399908	-9.96924210	3.95238662
34.46799908	-9.96924210	0.00000000
34.47199908	-9.96924210	3.95238662
34.47599908	-9.96924210	3.95238662
34.47999908	-9.96924210	3.95238662
34.48399908	-9.96924210	3.95238662
34.48799908	-9.96924210	3.95238662
34.49199908	-9.96924210	3.95238662
34.49599908	-9.96924210	3.95238662
34.49999908	-9.96924210	3.95238662
34.50399908	-9.96924210	3.95238662
34.50799908	-9.96924210	3.95238662
34.51199908	-9.96924210	3.95238662
34.51599908	-9.96924210	3.95238662
34.51999908	-10.13041306	3.95238662
34.52399908	-9.96924210	3.95238662
34.52799908	-10.13041306	3.95238662
34.53199908	-10.13041306	3.95238662
34.53599908	-10.13041306	0.00000000
34.53999908	-10.13041306	3.95238662
34.54399908	-10.13041306	3.95238662
34.54799908	-10.13041306	3.95238662
34.55199908	-10.13041306	0.00000000
34.55599908	-10.13041306	3.95238662
34.55999908	-10.13041306	3.95238662
34.56399908	-10.13041306	3.95238662
34.56799908	-10.13041306	3.95238662
34.57199908	-10.13041306	3.95238662
34.57599908	-10.13041306	3.95238662
34.57999908	-10.13041306	3.95238662
34.58399908	-10.13041306	3.95238662
34.58799908	-10.13041306	3.95238662
34.59199908	-10.13041306	3.95238662
34.59599908	-10.13041306	3.95238662
34.59999908	-10.13041306	3.95238662
34.60399908	-10.13041306	0.00000000
34.60799908	-10.13041306	3.95238662
34.61199908	-10.13041306	0.00000000
34.61599908	-10.13041306	0.00000000
34.61999908	-10.13041306	3.95238662
34.62399907	-10.13041306	0.00000000
34.62799907	-10.13041306	3.95238662
34.63199907	-10.13041306	3.95238662
34.63599907	-10.13041306	0.00000000
34.63999907	-10.13041306	3.95238662
34.64399907	-9.96924210	0.00000000
34.64799907	-10.13041306	3.95238662
34.65199907	-9.96924210	3.95238662
34.65599907	-9.96924210	3.95238662
34.65999907	-9.96924210	0.00000000
34.66399907	-9.96924210	3.95238662
34.66799907	-9.96924210	0.00000000
34.67199907	-9.96924210	3.95238662
34.67599907	-9.96924210	3.95238662
34.67999907	-9.96924210	3.95238662
34.68399907	-9.96924210	0.00000000
34.68799907	-9.96924210	3.95238662
34.69199907	-9.96924210	3.95238662
34.69599907	-9.96924210	3.95238662
34.69999907	-9.96924210	3.95238662
34.70399907	-9.96924210	3.95238662
34.70799907	-9.96924210	3.95238662
34.71199907	-9.96924210	3.95238662
34.71599907	-9.96924210	0.00000000
34.71999907	-9.96924210	3.95238662
34.72399907	-9.96924210	0.00000000
34.72799907	-9.96924210	0.00000000
34.73199907	-9.96924210	3.95238662
34.73599907	-9.96924210	3.95238662
34.73999907	-9.96924210	3.95238662
34.74399907	-9.96924210	3.95238662
34.74799907	-9.80868626	0.00000000
34.75199907	-9.96924210	0.00000000
34.75599907	-9.96924210	3.95238662
34.75999907	-9.80868626	3.95238662
34.76399907	-9.80868626	0.00000000
34.76799907	-9.80868626	3.95238662
34.77199907	-9.96924210	3.95238662
34.77599907	-9.96924210	3.95238662
34.77999907	-9.96924210	3.95238662
34.78399907	-9.80868626	3.95238662
34.78799907	-9.80868626	3.95238662
34.79199907	-9.80868626	0.00000000
34.79599907	-9.80868626	0.00000000
34.79999907	-9.80868626	3.95238662
34.80399907	-9.80868626	3.95238662
34.80799907	-9.80868626	3.95238662
34.81199907	-9.80868626	3.95238662
34.81599907	-9.80868626	3.95238662
34.81999907	-9.80868626	3.95238662
34.82399907	-9.80868626	3.95238662
34.82799907	-9.80868626	0.00000000
34.83199907	-9.80868626	3.95238662
34.83599907	-9.80868626	3.95238662
34.83999907	-9.80868626	3.95238662
34.84399907	-9.80868626	0.00000000
34.84799907	-9.80868626	3.95238662
34.85199907	-9.96924210	0.00000000
34.85599907	-9.80868626	3.95238662
34.85999907	-9.80868626	3.95238662
34.86399907	-9.80868626	3.95238662
34.86799907	-9.96924210	3.95238662
34.87199907	-9.96924210	3.95238662
34.87599907	-9.80868626	0.00000000
34.87999907	-9.96924210	0.00000000
34.88399907	-9.96924210	3.95238662
34.88799907	-9.96924210	0.00000000
34.89199907	-9.80868626	3.95238662
34.89599907	-9.96924210	0.00000000
34.89999907	-9.96924210	3.95238662
34.90399907	-9.96924210	3.95238662
34.90799907	-9.96924210	0.00000000
34.91199907	-9.96924210	3.95238662
34.91599907	-9.96924210	0.00000000
34.91999907	-9.96924210	3.95238662
34.92399907	-9.96924210	0.00000000
34.92799907	-9.96924210	3.95238662
34.93199907	-9.96924210	0.00000000
34.93599907	-9.96924210	0.00000000
34.93999907	-9.96924210	0.00000000
34.94399907	-9.96924210	3.95238662
34.94799907	-9.96924210	3.95238662
34.95199907	-9.96924210	3.95238662
34.95599907	-9.96924210	3.95238662
34.95999907	-9.96924210	3.95238662
34.96399907	-9.96924210	3.95238662
34.96799907	-9.96924210	3.95238662
34.97199907	-9.96924210	0.00000000
34.97599906	-9.96924210	3.95238662
34.97999906	-9.96924210	0.00000000
34.98399906	-9.96924210	3.95238662
34.98799906	-9.96924210	0.00000000
34.99199906	-9.96924210	3.95238662
34.99599906	-9.96924210	3.95238662
34.99999906	-9.96924210	3.95238662
35.00399906	-9.96924210	0.00000000
35.00799906	-9.96924210	3.95238662
35.01199906	-9.96924210	3.95238662
35.01599906	-9.96924210	0.00000000
35.01999906	-9.96924210	3.95238662
35.02399906	-9.96924210	3.95238662
35.02799906	-9.96924210	0.00000000
35.03199906	-9.96924210	3.95238662
35.03599906	-9.96924210	0.00000000
35.03999906	-9.96924210	3.95238662
35.04399906	-9.96924210	0.00000000
35.04799906	-9.96924210	0.00000000
35.05199906	-9.96924210	0.00000000
35.05599906	-9.96924210	3.95238662
35.05999906	-9.96924210	3.95238662
35.06399906	-9.96924210	0.00000000
35.06799906	-9.96924210	0.00000000
35.07199906	-9.96924210	3.95238662
35.07599906	-9.96924210	3.95238662
35.07999906	-9.96924210	3.95238662
35.08399906	-9.96924210	3.95238662
35.08799906	-9.96924210	3.95238662
35.09199906	-9.96924210	3.95238662
35.09599906	-9.96924210	0.00000000
35.09999906	-9.96924210	0.00000000
35.10399906	-9.96924210	3.95238662
35.10799906	-9.96924210	3.95238662
35.11199906	-9.96924210	0.00000000
35.11599906	-9.96924210	0.00000000
35.11999906	-9.96924210	3.95238662
35.12399906	-9.96924210	0.00000000
35.12799906	-9.96924210	3.95238662
35.13199906	-9.96924210	0.00000000
35.13599906	-9.96924210	7.90477324
35.13999906	-9.96924210	3.95238662
35.14399906	-9.96924210	3.95238662
35.14799906	-9.96924210	0.00000000
35.15199906	-9.96924210	3.95238662
35.15599906	-9.96924210	3.95238662
35.15999906	-9.96924210	3.95238662
35.16399906	-9.96924210	3.95238662
35.16799906	-9.96924210	0.00000000
35.17199906	-9.96924210	3.95238662
35.17599906	-9.96924210	3.95238662
35.17999906	-9.80868626	3.95238662
35.18399906	-9.80868626	3.95238662
35.18799906	-9.96924210	3.95238662
35.19199906	-9.96924210	0.00000000
35.19599906	-9.80868626	0.00000000
35.19999906	-9.96924210	3.95238662
35.20399906	-9.96924210	3.95238662
35.20799906	-9.96924210	3.95238662
35.21199906	-9.96924210	3.95238662
35.21599906	-9.96924210	0.00000000
35.21999906	-9.96924210	3.95238662
35.22399906	-9.96924210	3.95238662
35.22799906	-9.96924210	3.95238662
35.23199906	-9.96924210	3.95238662
35.23599906	-9.96924210	3.95238662
35.23999906	-9.96924210	0.00000000
35.24399906	-9.96924210	3.95238662
35.24799906	-9.96924210	3.95238662
35.25199906	-9.96924210	0.00000000
35.25599906	-9.96924210	3.95238662
35.25999906	-9.96924210	3.95238662
35.26399906	-9.96924210	3.95238662
35.26799906	-9.96924210	3.95238662
35.27199906	-9.96924210	3.95238662
35.27599906	-9.96924210	3.95238662
35.27999906	-9.96924210	3.95238662
35.28399906	-9.96924210	0.00000000
35.28799906	-9.96924210	0.00000000
35.29199906	-9.96924210	3.95238662
35.29599906	-9.96924210	3.95238662
35.29999906	-9.96924210	0.00000000
35.30399906	-9.96924210	3.95238662
35.30799906	-9.96924210	0.00000000
35.31199906	-9.96924210	3.95238662
35.31599906	-9.96924210	3.95238662
35.31999906	-9.96924210	3.95238662
35.32399906	-9.80868626	3.95238662
35.32799906	-9.96924210	3.95238662
35.33199905	-9.96924210	3.95238662
35.33599905	-9.96924210	0.00000000
35.33999905	-9.96924210	3.95238662
35.34399905	-9.96924210	0.00000000
35.34799905	-9.96924210	3.95238662
35.35199905	-9.96924210	3.95238662
35.35599905	-9.96924210	3.95238662
35.35999905	-9.96924210	0.00000000
35.36399905	-9.96924210	3.95238662
35.36799905	-9.96924210	3.95238662
35.37199905	-9.96924210	3.95238662
35.37599905	-9.96924210	3.95238662
35.37999905	-9.96924210	3.95238662
35.38399905	-9.96924210	3.95238662
35.38799905	-9.96924210	3.95238662
35.39199905	-9.96924210	0.00000000
35.39599905	-9.96924210	3.95238662
35.39999905	-9.96924210	3.95238662
35.40399905	-9.96924210	3.95238662
35.40799905	-9.96924210	3.95238662
35.41199905	-9.96924210	3.95238662
35.41599905	-9.96924210	3.95238662
35.41999905	-9.96924210	3.95238662
35.42399905	-9.96924210	3.95238662
35.42799905	-9.96924210	3.95238662
35.43199905	-9.96924210	3.95238662
35.43599905	-9.96924210	0.00000000
35.43999905	-9.96924210	3.95238662
35.44399905	-9.96924210	3.95238662
35.44799905	-9.96924210	0.00000000
35.45199905	-9.96924210	3.95238662
35.45599905	-9.96924210	0.00000000
35.45999905	-9.96924210	3.95238662
35.46399905	-9.96924210	3.95238662
35.46799905	-9.96924210	0.00000000
35.47199905	-9.96924210	3.95238662
35.47599905	-9.96924210	3.95238662
35.47999905	-9.96924210	0.00000000
35.48399905	-9.96924210	0.00000000
35.48799905	-9.96924210	3.95238662
35.49199905	-9.96924210	3.95238662
35.49599905	-9.96924210	0.00000000
35.49999905	-9.96924210	0.00000000
35.50399905	-10.13041306	0.00000000
35.50799905	-10.13041306	0.00000000
35.51199905	-9.96924210	3.95238662
35.51599905	-10.13041306	3.95238662
35.51999905	-9.96924210	3.95238662
35.52399905	-9.96924210	3.95238662
35.52799905	-10.13041306	3.95238662
35.53199905	-10.13041306	0.00000000
35.53599905	-10.13041306	0.00000000
35.53999905	-10.13041306	3.95238662
35.54399905	-10.13041306	3.95238662
35.54799905	-10.13041306	0.00000000
35.55199905	-10.13041306	0.00000000
35.55599905	-10.13041306	3.95238662
35.55999905	-10.13041306	3.95238662
35.56399905	-10.13041306	3.95238662
35.56799905	-10.13041306	0.00000000
35.57199905	-10.13041306	3.95238662
35.57599905	-10.13041306	3.95238662
35.57999905	-10.13041306	3.95238662
35.58399905	-10.13041306	3.95238662
35.58799905	-10.13041306	0.00000000
35.59199905	-10.13041306	3.95238662
35.59599905	-10.13041306	3.95238662
35.59999905	-10.13041306	3.95238662
35.60399905	-10.13041306	3.95238662
35.60799905	-10.13041306	0.00000000
35.61199905	-10.13041306	0.00000000
35.61599905	-10.13041306	3.95238662
35.61999905	-10.13041306	3.95238662
35.62399905	-10.13041306	3.95238662
35.62799905	-10.13041306	0.00000000
35.63199905	-10.13041306	3.95238662
35.63599905	-10.13041306	3.95238662
35.63999905	-10.13041306	3.95238662
35.64399905	-10.13041306	0.00000000
35.64799905	-9.96924210	3.95238662
35.65199905	-9.96924210	3.95238662
35.65599905	-9.96924210	3.95238662
35.65999905	-9.96924210	3.95238662
35.66399905	-9.96924210	3.95238662
35.66799905	-9.96924210	3.95238662
35.67199905	-9.96924210	3.95238662
35.67599905	-9.96924210	3.95238662
35.67999905	-9.96924210	0.00000000
35.68399904	-9.96924210	3.95238662
35.68799904	-9.96924210	0.00000000
35.69199904	-9.96924210	0.00000000
35.69599904	-9.96924210	3.95238662
35.69999904	-9.96924210	3.95238662
35.70399904	-9.96924210	3.95238662
35.70799904	-9.96924210	0.00000000
35.71199904	-9.96924210	0.00000000
35.71599904	-9.96924210	3.95238662
35.71999904	-9.96924210	0.00000000
35.72399904	-9.96924210	3.95238662
35.72799904	-9.96924210	3.95238662
35.73199904	-9.96924210	3.95238662
35.73599904	-9.96924210	3.95238662
35.73999904	-9.96924210	0.00000000
35.74399904	-9.96924210	3.95238662
35.74799904	-9.80868626	3.95238662
35.75199904	-9.96924210	0.00000000
35.75599904	-9.80868626	0.00000000
35.75999904	-9.80868626	3.95238662
35.76399904	-9.96924210	0.00000000
35.76799904	-9.96924210	0.00000000
35.77199904	-9.80868626	3.95238662
35.77599904	-9.80868626	0.00000000
35.77999904	-9.80868626	3.95238662
35.78399904	-9.80868626	3.95238662
35.78799904	-9.80868626	3.95238662
35.79199904	-9.80868626	0.00000000
35.79599904	-9.80868626	0.00000000
35.79999904	-9.80868626	3.95238662
35.80399904	-9.80868626	3.95238662
35.80799904	-9.80868626	3.95238662
35.81199904	-9.80868626	3.95238662
35.81599904	-9.80868626	3.95238662
35.81999904	-9.80868626	0.00000000
35.82399904	-9.80868626	3.95238662
35.82799904	-9.80868626	0.00000000
35.83199904	-9.80868626	0.00000000
35.83599904	-9.80868626	0.00000000
35.83999904	-9.80868626	0.00000000
35.84399904	-9.96924210	3.95238662
35.84799904	-9.80868626	0.00000000
35.85199904	-9.80868626	3.95238662
35.85599904	-9.80868626	3.95238662
35.85999904	-9.80868626	3.95238662
35.86399904	-9.80868626	3.95238662
35.86799904	-9.80868626	3.95238662
35.87199904	-9.80868626	7.90477324
35.87599904	-9.96924210	3.95238662
35.87999904	-9.80868626	3.95238662
35.88399904	-9.80868626	0.00000000
35.88799904	-9.80868626	0.00000000
35.89199904	-9.96924210	0.00000000
35.89599904	-9.80868626	0.00000000
35.89999904	-9.80868626	0.00000000
35.90399904	-9.80868626	0.00000000
35.90799904	-9.80868626	3.95238662
35.91199904	-9.80868626	3.95238662
35.91599904	-9.80868626	3.95238662
35.91999904	-9.80868626	7.90477324
35.92399904	-9.80868626	7.90477324
35.92799904	-9.96924210	3.95238662
35.93199904	-9.80868626	0.00000000
35.93599904	-9.80868626	3.95238662
35.93999904	-9.80868626	0.00000000
35.94399904	-9.80868626	0.00000000
35.94799904	-9.80868626	0.00000000
35.95199904	-9.80868626	0.00000000
35.95599904	-9.80868626	0.00000000
35.95999904	-9.80868626	0.00000000
35.96399904	-9.80868626	3.95238662
35.96799904	-9.96924210	3.95238662
35.97199904	-9.80868626	3.95238662
35.97599904	-9.80868626	3.95238662
35.97999904	-9.80868626	3.95238662
35.98399904	-9.80868626	7.90477324
35.98799904	-9.80868626	3.95238662
35.99199904	-9.80868626	3.95238662
35.99599904	-9.80868626	0.00000000
35.99999904	-9.80868626	3.95238662
36.00399904	-9.80868626	3.95238662
36.00799904	-9.80868626	0.00000000
36.01199904	-9.80868626	0.00000000
36.01599904	-9.80868626	3.95238662
36.01999904	-9.80868626	3.95238662
36.02399904	-9.80868626	3.95238662
36.02799904	-9.80868626	3.95238662
36.03199904	-9.80868626	0.00000000
36.03599904	-9.80868626	3.95238662
36.03999903	-9.80868626	3.95238662
36.04399903	-9.80868626	3.95238662
36.04799903	-9.80868626	3.95238662
36.05199903	-9.80868626	0.00000000
36.05599903	-9.80868626	0.00000000
36.05999903	-9.80868626	0.00000000
36.06399903	-9.80868626	0.00000000
36.06799903	-9.80868626	0.00000000
36.07199903	-9.80868626	3.95238662
36.07599903	-9.80868626	3.95238662
36.07999903	-9.80868626	3.95238662
36.08399903	-9.80868626	3.95238662
36.08799903	-9.80868626	3.95238662
36.09199903	-9.80868626	3.95238662
36.09599903	-9.80868626	0.00000000
36.09999903	-9.80868626	3.95238662
36.10399903	-9.80868626	3.95238662
36.10799903	-9.80868626	0.00000000
36.11199903	-9.80868626	3.95238662
36.11599903	-9.80868626	0.00000000
36.11999903	-9.80868626	-3.95238662
36.12399903	-9.80868626	3.95238662
36.12799903	-9.80868626	3.95238662
36.13199903	-9.80868626	3.95238662
36.13599903	-9.80868626	0.00000000
36.13999903	-9.80868626	3.95238662
36.14399903	-9.80868626	3.95238662
36.14799903	-9.80868626	0.00000000
36.15199903	-9.80868626	3.95238662
36.15599903	-9.80868626	3.95238662
36.15999903	-9.80868626	3.95238662
36.16399903	-9.80868626	3.95238662
36.16799903	-9.80868626	3.95238662
36.17199903	-9.80868626	3.95238662
36.17599903	-9.80868626	3.95238662
36.17999903	-9.80868626	0.00000000
36.18399903	-9.80868626	3.95238662
36.18799903	-9.80868626	3.95238662
36.19199903	-9.80868626	7.90477324
36.19599903	-9.80868626	0.00000000
36.19999903	-9.80868626	3.95238662
36.20399903	-9.80868626	3.95238662
36.20799903	-9.80868626	0.00000000
36.21199903	-9.80868626	3.95238662
36.21599903	-9.80868626	3.95238662
36.21999903	-9.80868626	3.95238662
36.22399903	-9.80868626	3.95238662
36.22799903	-9.80868626	3.95238662
36.23199903	-9.80868626	3.95238662
36.23599903	-9.80868626	3.95238662
36.23999903	-9.80868626	3.95238662
36.24399903	-9.80868626	0.00000000
36.24799903	-9.80868626	0.00000000
36.25199903	-9.80868626	3.95238662
36.25599903	-9.80868626	3.95238662
36.25999903	-9.80868626	3.95238662
36.26399903	-9.80868626	0.00000000
36.26799903	-9.80868626	0.00000000
36.27199903	-9.80868626	3.95238662
36.27599903	-9.80868626	0.00000000
36.27999903	-9.80868626	3.95238662
36.28399903	-9.80868626	0.00000000
36.28799903	-9.80868626	3.95238662
36.29199903	-9.80868626	0.00000000
36.29599903	-9.80868626	0.00000000
36.29999903	-9.80868626	3.95238662
36.30399903	-9.80868626	0.00000000
36.30799903	-9.80868626	3.95238662
36.31199903	-9.80868626	3.95238662
36.31599903	-9.80868626	3.95238662
36.31999903	-9.80868626	3.95238662
36.32399903	-9.96924210	7.90477324
36.32799903	-9.80868626	7.90477324
36.33199903	-9.80868626	3.95238662
36.33599903	-9.80868626	3.95238662
36.33999903	-9.80868626	3.95238662
36.34399903	-9.80868626	3.95238662
36.34799903	-9.80868626	3.95238662
36.35199903	-9.80868626	3.95238662
36.35599903	-9.80868626	0.00000000
36.35999903	-9.80868626	3.95238662
36.36399903	-9.80868626	0.00000000
36.36799903	-9.80868626	3.95238662
36.37199903	-9.80868626	0.00000000
36.37599903	-9.80868626	3.95238662
36.37999903	-9.80868626	0.00000000
36.38399903	-9.80868626	0.00000000
36.38799903	-9.80868626	3.95238662
36.39199902	-9.80868626	3.95238662
36.39599902	-9.80868626	3.95238662
36.39999902	-9.80868626	3.95238662
36.40399902	-9.80868626	3.95238662
36.40799902	-9.80868626	3.95238662
36.41199902	-9.80868626	0.00000000
36.41599902	-9.80868626	3.95238662
36.41999902	-9.80868626	3.95238662
36.42399902	-9.80868626	3.95238662
36.42799902	-9.80868626	0.00000000
36.43199902	-9.80868626	3.95238662
36.43599902	-9.80868626	3.95238662
36.43999902	-9.80868626	3.95238662
36.44399902	-9.80868626	3.95238662
36.44799902	-9.80868626	0.00000000
36.45199902	-9.80868626	3.95238662
36.45599902	-9.80868626	0.00000000
36.45999902	-9.80868626	0.00000000
36.46399902	-9.80868626	3.95238662
36.46799902	-9.96924210	3.95238662
36.47199902	-9.80868626	0.00000000
36.47599902	-9.80868626	3.95238662
36.47999902	-9.80868626	3.95238662
36.48399902	-9.80868626	0.00000000
36.48799902	-9.80868626	0.00000000
36.49199902	-9.80868626	3.95238662
36.49599902	-9.80868626	3.95238662
36.49999902	-9.96924210	3.95238662
36.50399902	-9.80868626	3.95238662
36.50799902	-9.80868626	3.95238662
36.51199902	-9.80868626	3.95238662
36.51599902	-9.96924210	3.95238662
36.51999902	-9.96924210	3.95238662
36.52399902	-9.80868626	3.95238662
36.52799902	-9.80868626	0.00000000
36.53199902	-9.80868626	3.95238662
36.53599902	-9.80868626	3.95238662
36.53999902	-9.80868626	3.95238662
36.54399902	-9.80868626	3.95238662
36.54799902	-9.80868626	0.00000000
36.55199902	-9.80868626	0.00000000
36.55599902	-9.80868626	0.00000000
36.55999902	-9.80868626	0.00000000
36.56399902	-9.96924210	3.95238662
36.56799902	-9.80868626	3.95238662
36.57199902	-9.96924210	0.00000000
36.57599902	-9.80868626	3.95238662
36.57999902	-9.80868626	3.95238662
36.58399902	-9.96924210	3.95238662
36.58799902	-9.80868626	0.00000000
36.59199902	-9.80868626	3.95238662
36.59599902	-9.96924210	3.95238662
36.59999902	-9.80868626	3.95238662
36.60399902	-9.96924210	0.00000000
36.60799902	-9.80868626	3.95238662
36.61199902	-9.96924210	0.00000000
36.61599902	-9.96924210	3.95238662
36.61999902	-9.80868626	3.95238662
36.62399902	-9.80868626	0.00000000
36.62799902	-9.96924210	3.95238662
36.63199902	-9.96924210	3.95238662
36.63599902	-9.80868626	3.95238662
36.63999902	-9.96924210	3.95238662
36.64399902	-9.96924210	3.95238662
36.64799902	-9.96924210	3.95238662
36.65199902	-9.96924210	0.00000000
36.65599902	-9.96924210	3.95238662
36.65999902	-9.96924210	3.95238662
36.66399902	-9.96924210	0.00000000
36.66799902	-9.96924210	0.00000000
36.67199902	-9.96924210	3.95238662
36.67599902	-9.96924210	0.00000000
36.67999902	-9.96924210	3.95238662
36.68399902	-9.96924210	0.00000000
36.68799902	-9.96924210	3.95238662
36.69199902	-9.96924210	3.95238662
36.69599902	-9.96924210	3.95238662
36.69999902	-9.96924210	3.95238662
36.70399902	-9.96924210	3.95238662
36.70799902	-9.96924210	3.95238662
36.71199902	-9.96924210	3.95238662
36.71599902	-9.96924210	0.00000000
36.71999902	-9.96924210	3.95238662
36.72399902	-9.96924210	3.95238662
36.72799902	-9.96924210	0.00000000
36.73199902	-9.96924210	3.95238662
36.73599902	-9.96924210	3.95238662
36.73999902	-9.96924210	0.00000000
36.74399901	-9.96924210	3.95238662
36.74799901	-9.96924210	3.95238662
36.75199901	-9.96924210	3.95238662
36.75599901	-9.96924210	3.95238662
36.75999901	-9.96924210	0.00000000
36.76399901	-9.96924210	0.00000000
36.76799901	-9.96924210	3.95238662
36.77199901	-9.96924210	3.95238662
36.77599901	-9.96924210	3.95238662
36.77999901	-9.96924210	0.00000000
36.78399901	-9.96924210	3.95238662
36.78799901	-9.96924210	3.95238662
36.79199901	-9.96924210	0.00000000
36.79599901	-10.13041306	3.95238662
36.79999901	-10.13041306	0.00000000
36.80399901	-10.13041306	0.00000000
36.80799901	-10.13041306	3.95238662
36.81199901	-10.13041306	0.00000000
36.81599901	-10.13041306	3.95238662
36.81999901	-10.13041306	3.95238662
36.82399901	-10.13041306	0.00000000
36.82799901	-9.96924210	3.95238662
36.83199901	-10.13041306	0.00000000
36.83599901	-10.13041306	0.00000000
36.83999901	-10.13041306	3.95238662
36.84399901	-10.13041306	3.95238662
36.84799901	-10.13041306	3.95238662
36.85199901	-10.13041306	3.95238662
36.85599901	-10.13041306	3.95238662
36.85999901	-10.13041306	0.00000000
36.86399901	-9.96924210	0.00000000
36.86799901	-10.13041306	3.95238662
36.87199901	-10.13041306	3.95238662
36.87599901	-9.96924210	3.95238662
36.87999901	-9.96924210	3.95238662
36.88399901	-9.96924210	0.00000000
36.88799901	-9.96924210	3.95238662
36.89199901	-9.96924210	3.95238662
36.89599901	-9.96924210	3.95238662
36.89999901	-9.96924210	3.95238662
36.90399901	-9.96924210	3.95238662
36.90799901	-9.96924210	0.00000000
36.91199901	-9.96924210	3.95238662
36.91599901	-9.96924210	3.95238662
36.91999901	-9.96924210	0.00000000
36.92399901	-9.96924210	0.00000000
36.92799901	-9.96924210	0.00000000
36.93199901	-9.96924210	0.00000000
36.93599901	-9.96924210	0.00000000
36.93999901	-9.96924210	3.95238662
36.94399901	-9.96924210	3.95238662
36.94799901	-9.96924210	3.95238662
36.95199901	-9.96924210	0.00000000
36.95599901	-9.96924210	3.95238662
36.95999901	-9.80868626	0.00000000
36.96399901	-9.80868626	3.95238662
36.96799901	-9.80868626	3.95238662
36.97199901	-9.80868626	0.00000000
36.97599901	-9.80868626	3.95238662
36.97999901	-9.80868626	3.95238662
36.98399901	-9.80868626	0.00000000
36.98799901	-9.80868626	0.00000000
36.99199901	-9.80868626	3.95238662
36.99599901	-9.80868626	3.95238662
36.99999901	-9.80868626	3.95238662
37.00399901	-9.80868626	0.00000000
37.00799901	-9.80868626	3.95238662
37.01199901	-9.80868626	3.95238662
37.01599901	-9.80868626	3.95238662
37.01999901	-9.80868626	0.00000000
37.02399901	-9.80868626	0.00000000
37.02799901	-9.80868626	3.95238662
37.03199901	-9.80868626	3.95238662
37.03599901	-9.80868626	0.00000000
37.03999901	-9.80868626	7.90477324
37.04399901	-9.80868626	3.95238662
37.04799901	-9.80868626	3.95238662
37.05199901	-9.80868626	0.00000000
37.05599901	-9.80868626	3.95238662
37.05999901	-9.80868626	3.95238662
37.06399901	-9.80868626	0.00000000
37.06799901	-9.80868626	3.95238662
37.07199901	-9.80868626	3.95238662
37.07599901	-9.80868626	3.95238662
37.07999901	-9.80868626	0.00000000
37.08399901	-9.80868626	3.95238662
37.08799901	-9.80868626	3.95238662
37.09199901	-9.80868626	3.95238662
37.09599901	-9.80868626	3.95238662
37.09999900	-9.80868626	3.95238662
37.10399900	-9.80868626	0.00000000
37.10799900	-9.80868626	0.00000000
37.11199900	-9.64751434	3.95238662
37.11599900	-9.80868626	0.00000000
37.11999900	-9.80868626	3.95238662
37.12399900	-9.80868626	0.00000000
37.12799900	-9.80868626	0.00000000
37.13199900	-9.80868626	0.00000000
37.13599900	-9.80868626	0.00000000
37.13999900	-9.80868626	0.00000000
37.14399900	-9.80868626	0.00000000
37.14799900	-9.80868626	3.95238662
37.15199900	-9.80868626	3.95238662
37.15599900	-9.80868626	0.00000000
37.15999900	-9.80868626	3.95238662
37.16399900	-9.80868626	3.95238662
37.16799900	-9.80868626	3.95238662
37.17199900	-9.80868626	0.00000000
37.17599900	-9.64751434	0.00000000
37.17999900	-9.80868626	0.00000000
37.18399900	-9.80868626	3.95238662
37.18799900	-9.80868626	3.95238662
37.19199900	-9.80868626	3.95238662
37.19599900	-9.80868626	0.00000000
37.19999900	-9.80868626	3.95238662
37.20399900	-9.80868626	0.00000000
37.20799900	-9.80868626	3.95238662
37.21199900	-9.80868626	3.95238662
37.21599900	-9.80868626	3.95238662
37.21999900	-9.80868626	0.00000000
37.22399900	-9.80868626	0.00000000
37.22799900	-9.80868626	0.00000000
37.23199900	-9.80868626	3.95238662
37.23599900	-9.80868626	3.95238662
37.23999900	-9.80868626	3.95238662
37.24399900	-9.80868626	3.95238662
37.24799900	-9.80868626	3.95238662
37.25199900	-9.80868626	0.00000000
37.25599900	-9.80868626	3.95238662
37.25999900	-9.80868626	3.95238662
37.26399900	-9.80868626	3.95238662
37.26799900	-9.80868626	0.00000000
37.27199900	-9.80868626	3.95238662
37.27599900	-9.80868626	3.95238662
37.27999900	-9.80868626	3.95238662
37.28399900	-9.80868626	3.95238662
37.28799900	-9.80868626	3.95238662
37.29199900	-9.80868626	3.95238662
37.29599900	-9.80868626	0.00000000
37.29999900	-9.80868626	3.95238662
37.30399900	-9.80868626	3.95238662
37.30799900	-9.80868626	0.00000000
37.31199900	-9.80868626	3.95238662
37.31599900	-9.80868626	3.95238662
37.31999900	-9.80868626	0.00000000
37.32399900	-9.80868626	3.95238662
37.32799900	-9.80868626	3.95238662
37.33199900	-9.80868626	3.95238662
37.33599900	-9.80868626	3.95238662
37.33999900	-9.80868626	3.95238662
37.34399900	-9.80868626	3.95238662
37.34799900	-9.80868626	3.95238662
37.35199900	-9.80868626	3.95238662
37.35599900	-9.80868626	3.95238662
37.35999900	-9.80868626	3.95238662
37.36399900	-9.80868626	0.00000000
37.36799900	-9.80868626	3.95238662
37.37199900	-9.80868626	3.95238662
37.37599900	-9.80868626	3.95238662
37.37999900	-9.80868626	0.00000000
37.38399900	-9.80868626	0.00000000
37.38799900	-9.80868626	0.00000000
37.39199900	-9.80868626	0.00000000
37.39599900	-9.80868626	0.00000000
37.39999900	-9.80868626	0.00000000
37.40399900	-9.80868626	0.00000000
37.40799900	-9.80868626	0.00000000
37.41199900	-9.80868626	3.95238662
37.41599900	-9.80868626	0.00000000
37.41999900	-9.80868626	0.00000000
37.42399900	-9.80868626	3.95238662
37.42799900	-9.80868626	3.95238662
37.43199900	-9.80868626	3.95238662
37.43599900	-9.80868626	0.00000000
37.43999900	-9.80868626	3.95238662
37.44399900	-9.80868626	3.95238662
37.44799900	-9.80868626	3.95238662
37.45199899	-9.80868626	3.95238662
37.45599899	-9.80868626	3.95238662
37.45999899	-9.80868626	3.95238662
37.46399899	-9.80868626	0.00000000
37.46799899	-9.80868626	3.95238662
37.47199899	-9.80868626	3.95238662
37.47599899	-9.80868626	0.00000000
37.47999899	-9.96924210	3.95238662
37.48399899	-9.80868626	0.00000000
37.48799899	-9.80868626	0.00000000
37.49199899	-9.80868626	0.00000000
37.49599899	-9.80868626	3.95238662
37.49999899	-9.96924210	0.00000000
37.50399899	-9.96924210	0.00000000
37.50799899	-9.96924210	3.95238662
37.51199899	-9.96924210	3.95238662
37.51599899	-9.80868626	3.95238662
37.51999899	-9.96924210	3.95238662
37.52399899	-9.96924210	3.95238662
37.52799899	-9.96924210	3.95238662
37.53199899	-9.96924210	3.95238662
37.53599899	-9.96924210	0.00000000
37.53999899	-9.96924210	3.95238662
37.54399899	-9.96924210	3.95238662
37.54799899	-9.96924210	0.00000000
37.55199899	-9.96924210	3.95238662
37.55599899	-9.96924210	3.95238662
37.55999899	-9.96924210	3.95238662
37.56399899	-9.96924210	0.00000000
37.56799899	-9.96924210	3.95238662
37.57199899	-9.96924210	3.95238662
37.57599899	-9.96924210	3.95238662
37.57999899	-9.96924210	3.95238662
37.58399899	-9.96924210	3.95238662
37.58799899	-9.96924210	3.95238662
37.59199899	-9.96924210	3.95238662
37.59599899	-9.96924210	0.00000000
37.59999899	-9.96924210	3.95238662
37.60399899	-9.96924210	3.95238662
37.60799899	-9.96924210	3.95238662
37.61199899	-9.96924210	0.00000000
37.61599899	-9.96924210	3.95238662
37.61999899	-9.96924210	0.00000000
37.62399899	-9.96924210	3.95238662
37.62799899	-9.96924210	0.00000000
37.63199899	-9.96924210	3.95238662
37.63599899	-9.96924210	0.00000000
37.63999899	-9.96924210	3.95238662
37.64399899	-9.96924210	3.95238662
37.64799899	-9.96924210	3.95238662
37.65199899	-9.96924210	3.95238662
37.65599899	-9.96924210	0.00000000
37.65999899	-9.96924210	0.00000000
37.66399899	-9.96924210	3.95238662
37.66799899	-9.96924210	3.95238662
37.67199899	-9.96924210	0.00000000
37.67599899	-10.13041306	0.00000000
37.67999899	-10.13041306	3.95238662
37.68399899	-10.13041306	3.95238662
37.68799899	-10.13041306	3.95238662
37.69199899	-10.13041306	0.00000000
37.69599899	-10.13041306	3.95238662
37.69999899	-10.13041306	3.95238662
37.70399899	-10.13041306	0.00000000
37.70799899	-10.13041306	3.95238662
37.71199899	-10.13041306	3.95238662
37.71599899	-10.13041306	3.95238662
37.71999899	-10.13041306	0.00000000
37.72399899	-10.13041306	3.95238662
37.72799899	-10.13041306	3.95238662
37.73199899	-10.13041306	3.95238662
37.73599899	-10.13041306	3.95238662
37.73999899	-10.13041306	3.95238662
37.74399899	-10.13041306	3.95238662
37.74799899	-10.13041306	0.00000000
37.75199899	-10.13041306	3.95238662
37.75599899	-10.13041306	3.95238662
37.75999899	-10.13041306	3.95238662
37.76399899	-10.13041306	3.95238662
37.76799899	-10.13041306	3.95238662
37.77199899	-10.13041306	3.95238662
37.77599899	-10.13041306	3.95238662
37.77999899	-10.13041306	3.95238662
37.78399899	-10.13041306	0.00000000
37.78799899	-10.13041306	3.95238662
37.79199899	-10.13041306	3.95238662
37.79599899	-10.13041306	0.00000000
37.79999899	-10.13041306	0.00000000
37.80399899	-10.13041306	0.00000000
37.80799898	-10.13041306	0.00000000
37.81199898	-10.13041306	3.95238662
37.81599898	-10.13041306	0.00000000
37.81999898	-10.13041306	0.00000000
37.82399898	-10.13041306	3.95238662
37.82799898	-10.13041306	3.95238662
37.83199898	-10.13041306	3.95238662
37.83599898	-10.13041306	3.95238662
37.83999898	-10.13041306	3.95238662
37.84399898	-10.13041306	3.95238662
37.84799898	-10.13041306	3.95238662
37.85199898	-10.13041306	0.00000000
37.85599898	-10.13041306	0.00000000
37.85999898	-10.13041306	0.00000000
37.86399898	-10.13041306	3.95238662
37.86799898	-9.96924210	0.00000000
37.87199898	-9.96924210	3.95238662
37.87599898	-9.96924210	0.00000000
37.87999898	-9.96924210	3.95238662
37.88399898	-9.96924210	0.00000000
37.88799898	-9.96924210	3.95238662
37.89199898	-9.96924210	3.95238662
37.89599898	-9.96924210	0.00000000
37.89999898	-9.96924210	0.00000000
37.90399898	-9.96924210	3.95238662
37.90799898	-9.96924210	3.95238662
37.91199898	-9.96924210	0.00000000
37.91599898	-9.96924210	3.95238662
37.91999898	-9.96924210	3.95238662
37.92399898	-9.96924210	3.95238662
37.92799898	-9.96924210	3.95238662
37.93199898	-9.96924210	3.95238662
37.93599898	-9.96924210	3.95238662
37.93999898	-9.96924210	3.95238662
37.94399898	-9.96924210	3.95238662
37.94799898	-9.96924210	0.00000000
37.95199898	-9.80868626	3.95238662
37.95599898	-9.96924210	3.95238662
37.95999898	-9.80868626	3.95238662
37.96399898	-9.80868626	0.00000000
37.96799898	-9.80868626	3.95238662
37.97199898	-9.80868626	3.95238662
37.97599898	-9.80868626	3.95238662
37.97999898	-9.80868626	0.00000000
37.98399898	-9.80868626	3.95238662
37.98799898	-9.80868626	0.00000000
37.99199898	-9.80868626	3.95238662
37.99599898	-9.80868626	0.00000000
37.99999898	-9.80868626	3.95238662
38.00399898	-9.80868626	3.95238662
38.00799898	-9.80868626	3.95238662
38.01199898	-9.80868626	0.00000000
38.01599898	-9.80868626	3.95238662
38.01999898	-9.80868626	0.00000000
38.02399898	-9.80868626	0.00000000
38.02799898	-9.80868626	3.95238662
38.03199898	-9.80868626	3.95238662
38.03599898	-9.80868626	0.00000000
38.03999898	-9.80868626	3.95238662
38.04399898	-9.80868626	0.00000000
38.04799898	-9.80868626	0.00000000
38.05199898	-9.80868626	3.95238662
38.05599898	-9.80868626	3.95238662
38.05999898	-9.80868626	0.00000000
38.06399898	-9.80868626	3.95238662
38.06799898	-9.80868626	0.00000000
38.07199898	-9.80868626	3.95238662
38.07599898	-9.80868626	3.95238662
38.07999898	-9.80868626	3.95238662
38.08399898	-9.80868626	3.95238662
38.08799898	-9.80868626	3.95238662
38.09199898	-9.80868626	3.95238662
38.09599898	-9.80868626	3.95238662
38.09999898	-9.64751434	3.95238662
38.10399898	-9.80868626	0.00000000
38.10799898	-9.80868626	3.95238662
38.11199898	-9.80868626	3.95238662
38.11599898	-9.80868626	3.95238662
38.11999898	-9.64751434	3.95238662
38.12399898	-9.80868626	0.00000000
38.12799898	-9.80868626	3.95238662
38.13199898	-9.80868626	3.95238662
38.13599898	-9.64751434	3.95238662
38.13999898	-9.64751434	3.95238662
38.14399898	-9.80868626	3.95238662
38.14799898	-9.80868626	3.95238662
38.15199898	-9.80868626	0.00000000
38.15599898	-9.64751434	0.00000000
38.15999897	-9.80868626	0.00000000
38.16399897	-9.80868626	3.95238662
38.16799897	-9.80868626	3.95238662
38.17199897	-9.80868626	0.00000000
38.17599897	-9.80868626	3.95238662
38.17999897	-9.80868626	3.95238662
38.18399897	-9.80868626	3.95238662
38.18799897	-9.80868626	0.00000000
38.19199897	-9.80868626	3.95238662
38.19599897	-9.80868626	3.95238662
38.19999897	-9.80868626	0.00000000
38.20399897	-9.80868626	3.95238662
38.20799897	-9.80868626	3.95238662
38.21199897	-9.80868626	0.00000000
38.21599897	-9.80868626	3.95238662
38.21999897	-9.80868626	0.00000000
38.22399897	-9.80868626	3.95238662
38.22799897	-9.80868626	3.95238662
38.23199897	-9.80868626	3.95238662
38.23599897	-9.80868626	3.95238662
38.23999897	-9.80868626	3.95238662
38.24399897	-9.80868626	3.95238662
38.24799897	-9.80868626	0.00000000
38.25199897	-9.80868626	3.95238662
38.25599897	-9.80868626	3.95238662
38.25999897	-9.80868626	3.95238662
38.26399897	-9.80868626	0.00000000
38.26799897	-9.80868626	0.00000000
38.27199897	-9.80868626	3.95238662
38.27599897	-9.80868626	3.95238662
38.27999897	-9.80868626	3.95238662
38.28399897	-9.80868626	0.00000000
38.28799897	-9.80868626	3.95238662
38.29199897	-9.80868626	3.95238662
38.29599897	-9.80868626	3.95238662
38.29999897	-9.80868626	0.00000000
38.30399897	-9.80868626	3.95238662
38.30799897	-9.80868626	3.95238662
38.31199897	-9.80868626	3.95238662
38.31599897	-9.80868626	0.00000000
38.31999897	-9.80868626	3.95238662
38.32399897	-9.80868626	3.95238662
38.32799897	-9.80868626	3.95238662
38.33199897	-9.80868626	3.95238662
38.33599897	-9.80868626	3.95238662
38.33999897	-9.80868626	3.95238662
38.34399897	-9.80868626	3.95238662
38.34799897	-9.80868626	3.95238662
38.35199897	-9.80868626	3.95238662
38.35599897	-9.80868626	3.95238662
38.35999897	-9.80868626	3.95238662
38.36399897	-9.80868626	3.95238662
38.36799897	-9.80868626	3.95238662
38.37199897	-9.80868626	0.00000000
38.37599897	-9.80868626	3.95238662
38.37999897	-9.80868626	3.95238662
38.38399897	-9.80868626	0.00000000
38.38799897	-9.80868626	3.95238662
38.39199897	-9.80868626	3.95238662
38.39599897	-9.80868626	3.95238662
38.39999897	-9.80868626	3.95238662
38.40399897	-9.80868626	3.95238662
38.40799897	-9.80868626	3.95238662
38.41199897	-9.80868626	0.00000000
38.41599897	-9.80868626	0.00000000
38.41999897	-9.80868626	3.95238662
38.42399897	-9.80868626	3.95238662
38.42799897	-9.80868626	0.00000000
38.43199897	-9.80868626	3.95238662
38.43599897	-9.80868626	3.95238662
38.43999897	-9.80868626	3.95238662
38.44399897	-9.80868626	0.00000000
38.44799897	-9.80868626	0.00000000
38.45199897	-9.80868626	0.00000000
38.45599897	-9.80868626	0.00000000
38.45999897	-9.80868626	3.95238662
38.46399897	-9.80868626	0.00000000
38.46799897	-9.80868626	3.95238662
38.47199897	-9.80868626	3.95238662
38.47599897	-9.80868626	3.95238662
38.47999897	-9.80868626	0.00000000
38.48399897	-9.80868626	3.95238662
38.48799897	-9.80868626	0.00000000
38.49199897	-9.80868626	3.95238662
38.49599897	-9.80868626	7.90477324
38.49999897	-9.80868626	3.95238662
38.50399897	-9.80868626	3.95238662
38.50799897	-9.80868626	0.00000000
38.51199896	-9.80868626	3.95238662
38.51599896	-9.80868626	3.95238662
38.51999896	-9.80868626	3.95238662
38.52399896	-9.80868626	3.95238662
38.52799896	-9.80868626	3.95238662
38.53199896	-9.80868626	3.95238662
38.53599896	-9.80868626	0.00000000
38.53999896	-9.80868626	0.00000000
38.54399896	-9.80868626	0.00000000
38.54799896	-9.80868626	3.95238662
38.55199896	-9.80868626	3.95238662
38.55599896	-9.80868626	0.00000000
38.55999896	-9.80868626	3.95238662
38.56399896	-9.80868626	0.00000000
38.56799896	-9.80868626	3.95238662
38.57199896	-9.80868626	3.95238662
38.57599896	-9.80868626	3.95238662
38.57999896	-9.80868626	3.95238662
38.58399896	-9.80868626	0.00000000
38.58799896	-9.80868626	0.00000000
38.59199896	-9.80868626	0.00000000
38.59599896	-9.80868626	3.95238662
38.59999896	-9.80868626	3.95238662
38.60399896	-9.80868626	3.95238662
38.60799896	-9.80868626	3.95238662
38.61199896	-9.80868626	0.00000000
38.61599896	-9.80868626	3.95238662
38.61999896	-9.80868626	3.95238662
38.62399896	-9.80868626	3.95238662
38.62799896	-9.80868626	3.95238662
38.63199896	-9.80868626	3.95238662
38.63599896	-9.80868626	3.95238662
38.63999896	-9.80868626	3.95238662
38.64399896	-9.80868626	3.95238662
38.64799896	-9.80868626	3.95238662
38.65199896	-9.80868626	0.00000000
38.65599896	-9.80868626	3.95238662
38.65999896	-9.80868626	3.95238662
38.66399896	-9.80868626	3.95238662
38.66799896	-9.80868626	3.95238662
38.67199896	-9.80868626	3.95238662
38.67599896	-9.80868626	0.00000000
38.67999896	-9.80868626	3.95238662
38.68399896	-9.80868626	3.95238662
38.68799896	-9.80868626	3.95238662
38.69199896	-9.80868626	0.00000000
38.69599896	-9.80868626	3.95238662
38.69999896	-9.80868626	0.00000000
38.70399896	-9.80868626	7.90477324
38.70799896	-9.80868626	3.95238662
38.71199896	-9.80868626	0.00000000
38.71599896	-9.80868626	3.95238662
38.71999896	-9.80868626	3.95238662
38.72399896	-9.80868626	0.00000000
38.72799896	-9.80868626	0.00000000
38.73199896	-9.80868626	0.00000000
38.73599896	-9.80868626	3.95238662
38.73999896	-9.80868626	3.95238662
38.74399896	-9.80868626	3.95238662
38.74799896	-9.80868626	3.95238662
38.75199896	-9.80868626	3.95238662
38.75599896	-9.80868626	3.95238662
38.75999896	-9.80868626	0.00000000
38.76399896	-9.80868626	0.00000000
38.76799896	-9.80868626	3.95238662
38.77199896	-9.80868626	0.00000000
38.77599896	-9.80868626	3.95238662
38.77999896	-9.80868626	0.00000000
38.78399896	-9.80868626	0.00000000
38.78799896	-9.80868626	0.00000000
38.79199896	-9.80868626	3.95238662
38.79599896	-9.80868626	0.00000000
38.79999896	-9.80868626	3.95238662
38.80399896	-9.80868626	3.95238662
38.80799896	-9.80868626	3.95238662
38.81199896	-9.80868626	3.95238662
38.81599896	-9.80868626	3.95238662
38.81999896	-9.80868626	0.00000000
38.82399896	-9.80868626	0.00000000
38.82799896	-9.80868626	0.00000000
38.83199896	-9.80868626	0.00000000
38.83599896	-9.80868626	3.95238662
38.83999896	-9.80868626	3.95238662
38.84399896	-9.80868626	0.00000000
38.84799896	-9.80868626	0.00000000
38.85199896	-9.80868626	3.95238662
38.85599896	-9.80868626	3.95238662
38.85999896	-9.80868626	0.00000000
38.86399896	-9.80868626	3.95238662
38.86799895	-9.80868626	0.00000000
38.87199895	-9.80868626	0.00000000
38.87599895	-9.80868626	3.95238662
38.87999895	-9.80868626	3.95238662
38.88399895	-9.80868626	3.95238662
38.88799895	-9.80868626	3.95238662
38.89199895	-9.80868626	0.00000000
38.89599895	-9.80868626	3.95238662
38.89999895	-9.80868626	0.00000000
38.90399895	-9.80868626	3.95238662
38.90799895	-9.80868626	0.00000000
38.91199895	-9.80868626	0.00000000
38.91599895	-9.80868626	0.00000000
38.91999895	-9.80868626	3.95238662
38.92399895	-9.80868626	0.00000000
38.92799895	-9.80868626	0.00000000
38.93199895	-9.80868626	3.95238662
38.93599895	-9.80868626	0.00000000
38.93999895	-9.80868626	3.95238662
38.94399895	-9.96924210	3.95238662
38.94799895	-9.96924210	3.95238662
38.95199895	-9.80868626	3.95238662
38.95599895	-9.80868626	3.95238662
38.95999895	-9.80868626	0.00000000
38.96399895	-9.96924210	0.00000000
38.96799895	-9.96924210	3.95238662
38.97199895	-9.80868626	3.95238662
38.97599895	-9.96924210	3.95238662
38.97999895	-9.80868626	3.95238662
38.98399895	-9.96924210	3.95238662
38.98799895	-9.96924210	3.95238662
38.99199895	-9.96924210	3.95238662
38.99599895	-9.96924210	3.95238662
38.99999895	-9.96924210	3.95238662
39.00399895	-9.96924210	3.95238662
39.00799895	-9.96924210	3.95238662
39.01199895	-9.96924210	3.95238662
39.01599895	-9.96924210	0.00000000
39.01999895	-9.96924210	0.00000000
39.02399895	-9.96924210	3.95238662
39.02799895	-9.96924210	0.00000000
39.03199895	-9.96924210	3.95238662
39.03599895	-9.96924210	3.95238662
39.03999895	-9.96924210	3.95238662
39.04399895	-9.96924210	3.95238662
39.04799895	-9.96924210	3.95238662
39.05199895	-9.96924210	3.95238662
39.05599895	-9.96924210	3.95238662
39.05999895	-9.96924210	0.00000000
39.06399895	-9.96924210	3.95238662
39.06799895	-9.96924210	3.95238662
39.07199895	-9.96924210	3.95238662
39.07599895	-9.96924210	0.00000000
39.07999895	-9.96924210	0.00000000
39.08399895	-9.96924210	3.95238662
39.08799895	-9.96924210	3.95238662
39.09199895	-9.96924210	3.95238662
39.09599895	-9.96924210	3.95238662
39.09999895	-9.96924210	3.95238662
39.10399895	-9.96924210	3.95238662
39.10799895	-9.96924210	0.00000000
39.11199895	-9.96924210	3.95238662
39.11599895	-9.96924210	3.95238662
39.11999895	-9.96924210	3.95238662
39.12399895	-9.96924210	3.95238662
39.12799895	-9.96924210	3.95238662
39.13199895	-9.96924210	3.95238662
39.13599895	-9.96924210	0.00000000
39.13999895	-9.96924210	3.95238662
39.14399895	-9.96924210	3.95238662
39.14799895	-9.80868626	3.95238662
39.15199895	-9.96924210	3.95238662
39.15599895	-9.96924210	0.00000000
39.15999895	-9.80868626	3.95238662
39.16399895	-9.80868626	3.95238662
39.16799895	-9.80868626	0.00000000
39.17199895	-9.80868626	3.95238662
39.17599895	-9.80868626	0.00000000
39.17999895	-9.80868626	3.95238662
39.18399895	-9.80868626	3.95238662
39.18799895	-9.80868626	3.95238662
39.19199895	-9.80868626	3.95238662
39.19599895	-9.80868626	3.95238662
39.19999895	-9.80868626	3.95238662
39.20399895	-9.80868626	3.95238662
39.20799895	-9.80868626	3.95238662
39.21199895	-9.80868626	3.95238662
39.21599895	-9.80868626	0.00000000
39.21999894	-9.80868626	3.95238662
39.22399894	-9.80868626	3.95238662
39.22799894	-9.80868626	3.95238662
39.23199894	-9.80868626	3.95238662
39.23599894	-9.80868626	3.95238662
39.23999894	-9.80868626	0.00000000
39.24399894	-9.80868626	0.00000000
39.24799894	-9.80868626	3.95238662
39.25199894	-9.80868626	3.95238662
39.25599894	-9.80868626	3.95238662
39.25999894	-9.80868626	3.95238662
39.26399894	-9.80868626	3.95238662
39.26799894	-9.80868626	0.00000000
39.27199894	-9.80868626	0.00000000
39.27599894	-9.80868626	3.95238662
39.27999894	-9.80868626	3.95238662
39.28399894	-9.80868626	3.95238662
39.28799894	-9.80868626	3.95238662
39.29199894	-9.80868626	3.95238662
39.29599894	-9.80868626	3.95238662
39.29999894	-9.80868626	3.95238662
39.30399894	-9.80868626	3.95238662
39.30799894	-9.80868626	3.95238662
39.31199894	-9.80868626	3.95238662
39.31599894	-9.80868626	3.95238662
39.31999894	-9.80868626	0.00000000
39.32399894	-9.80868626	0.00000000
39.32799894	-9.80868626	3.95238662
39.33199894	-9.80868626	3.95238662
39.33599894	-9.80868626	3.95238662
39.33999894	-9.80868626	3.95238662
39.34399894	-9.80868626	3.95238662
39.34799894	-9.80868626	0.00000000
39.35199894	-9.80868626	3.95238662
39.35599894	-9.80868626	3.95238662
39.35999894	-9.80868626	3.95238662
39.36399894	-9.80868626	3.95238662
39.36799894	-9.80868626	3.95238662
39.37199894	-9.80868626	0.00000000
39.37599894	-9.80868626	3.95238662
39.37999894	-9.80868626	3.95238662
39.38399894	-9.80868626	3.95238662
39.38799894	-9.80868626	3.95238662
39.39199894	-9.80868626	3.95238662
39.39599894	-9.80868626	3.95238662
39.39999894	-9.80868626	3.95238662
39.40399894	-9.96924210	3.95238662
39.40799894	-9.96924210	0.00000000
39.41199894	-9.80868626	0.00000000
39.41599894	-9.96924210	3.95238662
39.41999894	-9.96924210	0.00000000
39.42399894	-9.96924210	3.95238662
39.42799894	-9.96924210	0.00000000
39.43199894	-9.96924210	3.95238662
39.43599894	-9.96924210	3.95238662
39.43999894	-9.96924210	0.00000000
39.44399894	-9.96924210	3.95238662
39.44799894	-9.96924210	0.00000000
39.45199894	-9.96924210	0.00000000
39.45599894	-9.96924210	3.95238662
39.45999894	-9.96924210	3.95238662
39.46399894	-9.96924210	3.95238662
39.46799894	-9.96924210	3.95238662
39.47199894	-9.96924210	3.95238662
39.47599894	-9.96924210	3.95238662
39.47999894	-9.96924210	3.95238662
39.48399894	-9.96924210	3.95238662
39.48799894	-9.96924210	3.95238662
39.49199894	-9.96924210	3.95238662
39.49599894	-9.96924210	3.95238662
39.49999894	-9.96924210	0.00000000
39.50399894	-9.96924210	3.95238662
39.50799894	-9.96924210	0.00000000
39.51199894	-9.96924210	3.95238662
39.51599894	-9.96924210	0.00000000
39.51999894	-9.80868626	3.95238662
39.52399894	-9.96924210	3.95238662
39.52799894	-9.96924210	0.00000000
39.53199894	-9.80868626	0.00000000
39.53599894	-9.80868626	3.95238662
39.53999894	-9.80868626	3.95238662
39.54399894	-9.80868626	3.95238662
39.54799894	-9.80868626	0.00000000
39.55199894	-9.96924210	3.95238662
39.55599894	-9.80868626	3.95238662
39.55999894	-9.80868626	3.95238662
39.56399894	-9.80868626	3.95238662
39.56799894	-9.80868626	3.95238662
39.57199894	-9.80868626	3.95238662
39.57599893	-9.80868626	3.95238662
39.57999893	-9.80868626	3.95238662
39.58399893	-9.80868626	0.00000000
39.58799893	-9.80868626	3.95238662
39.59199893	-9.80868626	3.95238662
39.59599893	-9.80868626	3.95238662
39.59999893	-9.80868626	3.95238662
39.60399893	-9.80868626	3.95238662
39.60799893	-9.80868626	3.95238662
39.61199893	-9.80868626	0.00000000
39.61599893	-9.80868626	3.95238662
39.61999893	-9.80868626	3.95238662
39.62399893	-9.80868626	3.95238662
39.62799893	-9.80868626	3.95238662
39.63199893	-9.80868626	0.00000000
39.63599893	-9.80868626	0.00000000
39.63999893	-9.80868626	3.95238662
39.64399893	-9.80868626	0.00000000
39.64799893	-9.80868626	3.95238662
39.65199893	-9.80868626	0.00000000
39.65599893	-9.80868626	0.00000000
39.65999893	-9.80868626	3.95238662
39.66399893	-9.80868626	3.95238662
39.66799893	-9.80868626	0.00000000
39.67199893	-9.80868626	3.95238662
39.67599893	-9.80868626	3.95238662
39.67999893	-9.80868626	3.95238662
39.68399893	-9.80868626	3.95238662
39.68799893	-9.80868626	3.95238662
39.69199893	-9.80868626	0.00000000
39.69599893	-9.80868626	3.95238662
39.69999893	-9.80868626	3.95238662
39.70399893	-9.80868626	0.00000000
39.70799893	-9.80868626	3.95238662
39.71199893	-9.80868626	3.95238662
39.71599893	-9.80868626	0.00000000
39.71999893	-9.80868626	3.95238662
39.72399893	-9.80868626	0.00000000
39.72799893	-9.80868626	0.00000000
39.73199893	-9.80868626	0.00000000
39.73599893	-9.80868626	3.95238662
39.73999893	-9.80868626	3.95238662
39.74399893	-9.80868626	3.95238662
39.74799893	-9.80868626	0.00000000
39.75199893	-9.80868626	3.95238662
39.75599893	-9.80868626	3.95238662
39.75999893	-9.80868626	3.95238662
39.76399893	-9.80868626	3.95238662
39.76799893	-9.80868626	0.00000000
39.77199893	-9.80868626	3.95238662
39.77599893	-9.80868626	0.00000000
39.77999893	-9.80868626	3.95238662
39.78399893	-9.80868626	3.95238662
39.78799893	-9.80868626	3.95238662
39.79199893	-9.80868626	3.95238662
39.79599893	-9.80868626	3.95238662
39.79999893	-9.80868626	3.95238662
39.80399893	-9.80868626	3.95238662
39.80799893	-9.80868626	3.95238662
39.81199893	-9.80868626	3.95238662
39.81599893	-9.80868626	3.95238662
39.81999893	-9.80868626	0.00000000
39.82399893	-9.80868626	3.95238662
39.82799893	-9.80868626	3.95238662
39.83199893	-9.80868626	3.95238662
39.83599893	-9.80868626	3.95238662
39.83999893	-9.80868626	3.95238662
39.84399893	-9.80868626	3.95238662
39.84799893	-9.80868626	0.00000000
39.85199893	-9.80868626	0.00000000
39.85599893	-9.80868626	3.95238662
39.85999893	-9.80868626	0.00000000
39.86399893	-9.80868626	3.95238662
39.86799893	-9.80868626	3.95238662
39.87199893	-9.80868626	0.00000000
39.87599893	-9.80868626	0.00000000
39.87999893	-9.80868626	3.95238662
39.88399893	-9.80868626	3.95238662
39.88799893	-9.80868626	3.95238662
39.89199893	-9.80868626	3.95238662
39.89599893	-9.80868626	3.95238662
39.89999893	-9.80868626	3.95238662
39.90399893	-9.80868626	0.00000000
39.90799893	-9.80868626	3.95238662
39.91199893	-9.80868626	3.95238662
39.91599893	-9.80868626	3.95238662
39.91999893	-9.80868626	3.95238662
39.92399893	-9.80868626	3.95238662
39.92799892	-9.80868626	3.95238662
39.93199892	-9.80868626	3.95238662
39.93599892	-9.80868626	3.95238662
39.93999892	-9.80868626	3.95238662
39.94399892	-9.80868626	3.95238662
39.94799892	-9.80868626	0.00000000
39.95199892	-9.96924210	3.95238662
39.95599892	-9.80868626	3.95238662
39.95999892	-9.80868626	3.95238662
39.96399892	-9.80868626	3.95238662
39.96799892	-9.80868626	0.00000000
39.97199892	-9.96924210	3.95238662
39.97599892	-9.96924210	3.95238662
39.97999892	-9.96924210	3.95238662
39.98399892	-9.96924210	0.00000000
39.98799892	-9.96924210	3.95238662
39.99199892	-9.96924210	3.95238662
39.99599892	-9.96924210	3.95238662
39.99999892	-9.96924210	3.95238662
40.00399892	-9.96924210	3.95238662
40.00799892	-9.96924210	3.95238662
40.01199892	-9.96924210	0.00000000
40.01599892	-9.96924210	3.95238662
40.01999892	-9.96924210	3.95238662
40.02399892	-9.96924210	3.95238662
40.02799892	-9.96924210	3.95238662
40.03199892	-9.96924210	3.95238662
40.03599892	-9.96924210	3.95238662
40.03999892	-9.96924210	3.95238662
40.04399892	-9.96924210	0.00000000
40.04799892	-9.96924210	0.00000000
40.05199892	-9.96924210	3.95238662
40.05599892	-9.96924210	3.95238662
40.05999892	-9.96924210	3.95238662
40.06399892	-9.96924210	3.95238662
40.06799892	-9.96924210	3.95238662
40.07199892	-9.96924210	3.95238662
40.07599892	-9.96924210	3.95238662
40.07999892	-9.96924210	3.95238662
40.08399892	-9.96924210	3.95238662
40.08799892	-9.96924210	3.95238662
40.09199892	-9.96924210	0.00000000
40.09599892	-9.96924210	3.95238662
40.09999892	-9.96924210	3.95238662
40.10399892	-9.96924210	0.00000000
40.10799892	-9.96924210	3.95238662
40.11199892	-9.96924210	3.95238662
40.11599892	-9.96924210	3.95238662
40.11999892	-9.96924210	3.95238662
40.12399892	-9.96924210	3.95238662
40.12799892	-9.96924210	0.00000000
40.13199892	-9.96924210	3.95238662
40.13599892	-9.96924210	7.90477324
40.13999892	-9.96924210	0.00000000
40.14399892	-9.96924210	3.95238662
40.14799892	-9.96924210	3.95238662
40.15199892	-9.96924210	3.95238662
40.15599892	-9.96924210	0.00000000
40.15999892	-9.96924210	7.90477324
40.16399892	-9.96924210	3.95238662
40.16799892	-9.96924210	3.95238662
40.17199892	-9.96924210	3.95238662
40.17599892	-9.96924210	3.95238662
40.17999892	-9.96924210	3.95238662
40.18399892	-9.96924210	3.95238662
40.18799892	-9.96924210	3.95238662
40.19199892	-9.96924210	3.95238662
40.19599892	-9.96924210	0.00000000
40.19999892	-9.96924210	3.95238662
40.20399892	-9.96924210	3.95238662
40.20799892	-9.96924210	3.95238662
40.21199892	-9.96924210	3.95238662
40.21599892	-9.96924210	3.95238662
40.21999892	-9.96924210	0.00000000
40.22399892	-9.96924210	3.95238662
40.22799892	-9.96924210	3.95238662
40.23199892	-9.96924210	3.95238662
40.23599892	-9.96924210	3.95238662
40.23999892	-9.96924210	0.00000000
40.24399892	-9.96924210	3.95238662
40.24799892	-9.96924210	3.95238662
40.25199892	-9.96924210	0.00000000
40.25599892	-9.96924210	3.95238662
40.25999892	-9.96924210	3.95238662
40.26399892	-9.96924210	3.95238662
40.26799892	-9.80868626	3.95238662
40.27199892	-9.96924210	3.95238662
40.27599892	-9.80868626	3.95238662
40.27999891	-9.80868626	3.95238662
40.28399891	-9.80868626	3.95238662
40.28799891	-9.80868626	3.95238662
40.29199891	-9.80868626	0.00000000
40.29599891	-9.80868626	3.95238662
40.29999891	-9.80868626	0.00000000
40.30399891	-9.80868626	0.00000000
40.30799891	-9.80868626	3.95238662
40.31199891	-9.80868626	3.95238662
40.31599891	-9.80868626	3.95238662
40.31999891	-9.80868626	3.95238662
40.32399891	-9.80868626	0.00000000
40.32799891	-9.80868626	3.95238662
40.33199891	-9.80868626	3.95238662
40.33599891	-9.80868626	3.95238662
40.33999891	-9.80868626	3.95238662
40.34399891	-9.80868626	3.95238662
40.34799891	-9.80868626	0.00000000
40.35199891	-9.80868626	0.00000000
40.35599891	-9.80868626	3.95238662
40.35999891	-9.80868626	3.95238662
40.36399891	-9.80868626	3.95238662
40.36799891	-9.80868626	0.00000000
40.37199891	-9.80868626	0.00000000
40.37599891	-9.80868626	0.00000000
40.37999891	-9.80868626	3.95238662
40.38399891	-9.80868626	0.00000000
40.38799891	-9.80868626	3.95238662
40.39199891	-9.80868626	3.95238662
40.39599891	-9.80868626	0.00000000
40.39999891	-9.80868626	3.95238662
40.40399891	-9.80868626	3.95238662
40.40799891	-9.80868626	3.95238662
40.41199891	-9.80868626	3.95238662
40.41599891	-9.80868626	3.95238662
40.41999891	-9.64751434	0.00000000
40.42399891	-9.80868626	0.00000000
40.42799891	-9.80868626	0.00000000
40.43199891	-9.80868626	0.00000000
40.43599891	-9.80868626	3.95238662
40.43999891	-9.80868626	3.95238662
40.44399891	-9.80868626	0.00000000
40.44799891	-9.80868626	3.95238662
40.45199891	-9.80868626	3.95238662
40.45599891	-9.64751434	0.00000000
40.45999891	-9.80868626	3.95238662
40.46399891	-9.80868626	0.00000000
40.46799891	-9.64751434	7.90477324
40.47199891	-9.80868626	3.95238662
40.47599891	-9.64751434	3.95238662
40.47999891	-9.80868626	3.95238662
40.48399891	-9.64751434	3.95238662
40.48799891	-9.80868626	3.95238662
40.49199891	-9.80868626	3.95238662
40.49599891	-9.64751434	3.95238662
40.49999891	-9.64751434	3.95238662
40.50399891	-9.64751434	3.95238662
40.50799891	-9.64751434	3.95238662
40.51199891	-9.64751434	3.95238662
40.51599891	-9.80868626	3.95238662
40.51999891	-9.64751434	3.95238662
40.52399891	-9.64751434	3.95238662
40.52799891	-9.64751434	3.95238662
40.53199891	-9.64751434	3.95238662
40.53599891	-9.64751434	3.95238662
40.53999891	-9.64751434	0.00000000
40.54399891	-9.64751434	3.95238662
40.54799891	-9.64751434	3.95238662
40.55199891	-9.80868626	3.95238662
40.55599891	-9.80868626	0.00000000
40.55999891	-9.80868626	0.00000000
40.56399891	-9.80868626	3.95238662
40.56799891	-9.64751434	0.00000000
40.57199891	-9.64751434	0.00000000
40.57599891	-9.64751434	0.00000000
40.57999891	-9.80868626	3.95238662
40.58399891	-9.80868626	0.00000000
40.58799891	-9.80868626	3.95238662
40.59199891	-9.80868626	3.95238662
40.59599891	-9.64751434	3.95238662
40.59999891	-9.80868626	3.95238662
40.60399891	-9.64751434	3.95238662
40.60799891	-9.64751434	3.95238662
40.61199891	-9.64751434	7.90477324
40.61599891	-9.64751434	3.95238662
40.61999891	-9.64751434	3.95238662
40.62399891	-9.80868626	3.95238662
40.62799891	-9.64751434	3.95238662
40.63199891	-9.64751434	0.00000000
40.63599890	-9.64751434	0.00000000
40.63999890	-9.64751434	0.00000000
40.64399890	-9.80868626	3.95238662
40.64799890	-9.64751434	3.95238662
40.65199890	-9.64751434	3.95238662
40.65599890	-9.64751434	3.95238662
40.65999890	-9.64751434	3.95238662
40.66399890	-9.64751434	3.95238662
40.66799890	-9.80868626	3.95238662
40.67199890	-9.80868626	3.95238662
40.67599890	-9.64751434	3.95238662
40.67999890	-9.80868626	0.00000000
40.68399890	-9.80868626	3.95238662
40.68799890	-9.80868626	3.95238662
40.69199890	-9.80868626	3.95238662
40.69599890	-9.80868626	0.00000000
40.69999890	-9.64751434	0.00000000
40.70399890	-9.64751434	3.95238662
40.70799890	-9.80868626	3.95238662
40.71199890	-9.80868626	3.95238662
40.71599890	-9.80868626	3.95238662
40.71999890	-9.80868626	3.95238662
40.72399890	-9.80868626	3.95238662
40.72799890	-9.80868626	0.00000000
40.73199890	-9.80868626	3.95238662
40.73599890	-9.80868626	3.95238662
40.73999890	-9.80868626	3.95238662
40.74399890	-9.80868626	3.95238662
40.74799890	-9.80868626	3.95238662
40.75199890	-9.80868626	0.00000000
40.75599890	-9.80868626	3.95238662
40.75999890	-9.64751434	0.00000000
40.76399890	-9.80868626	0.00000000
40.76799890	-9.80868626	3.95238662
40.77199890	-9.80868626	3.95238662
40.77599890	-9.80868626	3.95238662
40.77999890	-9.80868626	3.95238662
40.78399890	-9.80868626	3.95238662
40.78799890	-9.80868626	0.00000000
40.79199890	-9.80868626	3.95238662
40.79599890	-9.80868626	3.95238662
40.79999890	-9.80868626	3.95238662
40.80399890	-9.80868626	3.95238662
40.80799890	-9.80868626	3.95238662
40.81199890	-9.80868626	3.95238662
40.81599890	-9.80868626	3.95238662
40.81999890	-9.80868626	3.95238662
40.82399890	-9.80868626	3.95238662
40.82799890	-9.80868626	0.00000000
40.83199890	-9.80868626	3.95238662
40.83599890	-9.80868626	3.95238662
40.83999890	-9.80868626	3.95238662
40.84399890	-9.80868626	0.00000000
40.84799890	-9.80868626	0.00000000
40.85199890	-9.80868626	3.95238662
40.85599890	-9.80868626	0.00000000
40.85999890	-9.80868626	3.95238662
40.86399890	-9.80868626	3.95238662
40.86799890	-9.80868626	3.95238662
40.87199890	-9.80868626	0.00000000
40.87599890	-9.80868626	0.00000000
40.87999890	-9.80868626	3.95238662
40.88399890	-9.80868626	3.95238662
40.88799890	-9.80868626	0.00000000
40.89199890	-9.80868626	0.00000000
40.89599890	-9.80868626	3.95238662
40.89999890	-9.80868626	3.95238662
40.90399890	-9.80868626	3.95238662
40.90799890	-9.80868626	3.95238662
40.91199890	-9.80868626	0.00000000
40.91599890	-9.80868626	3.95238662
40.91999890	-9.80868626	3.95238662
40.92399890	-9.80868626	3.95238662
40.92799890	-9.80868626	3.95238662
40.93199890	-9.80868626	3.95238662
40.93599890	-9.80868626	3.95238662
40.93999890	-9.80868626	0.00000000
40.94399890	-9.80868626	3.95238662
40.94799890	-9.80868626	3.95238662
40.95199890	-9.80868626	3.95238662
40.95599890	-9.80868626	3.95238662
40.95999890	-9.80868626	3.95238662
40.96399890	-9.80868626	3.95238662
40.96799890	-9.80868626	3.95238662
40.97199890	-9.80868626	0.00000000
40.97599890	-9.80868626	3.95238662
40.97999890	-9.80868626	3.95238662
40.98399890	-9.80868626	3.95238662
40.98799889	-9.80868626	0.00000000
40.99199889	-9.80868626	3.95238662
40.99599889	-9.80868626	3.95238662
40.99999889	-9.80868626	0.00000000
41.00399889	-9.80868626	0.00000000
41.00799889	-9.80868626	3.95238662
41.01199889	-9.80868626	3.95238662
41.01599889	-9.80868626	3.95238662
41.01999889	-9.80868626	0.00000000
41.02399889	-9.80868626	0.00000000
41.02799889	-9.80868626	3.95238662
41.03199889	-9.80868626	3.95238662
41.03599889	-9.80868626	3.95238662
41.03999889	-9.80868626	0.00000000
41.04399889	-9.80868626	3.95238662
41.04799889	-9.80868626	3.95238662
41.05199889	-9.80868626	3.95238662
41.05599889	-9.80868626	3.95238662
41.05999889	-9.80868626	3.95238662
41.06399889	-9.80868626	3.95238662
41.06799889	-9.80868626	3.95238662
41.07199889	-9.80868626	3.95238662
41.07599889	-9.80868626	3.95238662
41.07999889	-9.80868626	3.95238662
41.08399889	-9.80868626	3.95238662
41.08799889	-9.80868626	3.95238662
41.09199889	-9.80868626	3.95238662
41.09599889	-9.80868626	3.95238662
41.09999889	-9.80868626	3.95238662
41.10399889	-9.80868626	3.95238662
41.10799889	-9.80868626	3.95238662
41.11199889	-9.80868626	3.95238662
41.11599889	-9.80868626	0.00000000
41.11999889	-9.80868626	3.95238662
41.12399889	-9.80868626	0.00000000
41.12799889	-9.80868626	0.00000000
41.13199889	-9.80868626	3.95238662
41.13599889	-9.80868626	3.95238662
41.13999889	-9.80868626	3.95238662
41.14399889	-9.80868626	0.00000000
41.14799889	-9.80868626	0.00000000
41.15199889	-9.80868626	3.95238662
41.15599889	-9.80868626	3.95238662
41.15999889	-9.80868626	0.00000000
41.16399889	-9.80868626	0.00000000
41.16799889	-9.80868626	3.95238662
41.17199889	-9.80868626	3.95238662
41.17599889	-9.80868626	3.95238662
41.17999889	-9.80868626	3.95238662
41.18399889	-9.80868626	0.00000000
41.18799889	-9.80868626	3.95238662
41.19199889	-9.80868626	3.95238662
41.19599889	-9.80868626	7.90477324
41.19999889	-9.96924210	3.95238662
41.20399889	-9.80868626	3.95238662
41.20799889	-9.96924210	3.95238662
41.21199889	-9.96924210	3.95238662
41.21599889	-9.96924210	3.95238662
41.21999889	-9.96924210	0.00000000
41.22399889	-9.96924210	3.95238662
41.22799889	-9.96924210	3.95238662
41.23199889	-9.96924210	3.95238662
41.23599889	-9.96924210	3.95238662
41.23999889	-9.96924210	3.95238662
41.24399889	-9.96924210	3.95238662
41.24799889	-9.96924210	3.95238662
41.25199889	-9.96924210	3.95238662
41.25599889	-9.96924210	3.95238662
41.25999889	-9.96924210	0.00000000
41.26399889	-9.96924210	0.00000000
41.26799889	-9.96924210	0.00000000
41.27199889	-9.96924210	0.00000000
41.27599889	-9.96924210	3.95238662
41.27999889	-9.96924210	3.95238662
41.28399889	-9.96924210	3.95238662
41.28799889	-9.96924210	3.95238662
41.29199889	-9.96924210	3.95238662
41.29599889	-9.96924210	3.95238662
41.29999889	-9.96924210	3.95238662
41.30399889	-9.96924210	3.95238662
41.30799889	-9.96924210	0.00000000
41.31199889	-9.96924210	3.95238662
41.31599889	-9.96924210	3.95238662
41.31999889	-9.96924210	3.95238662
41.32399889	-9.96924210	3.95238662
41.32799889	-9.96924210	3.95238662
41.33199889	-9.96924210	0.00000000
41.33599889	-9.96924210	3.95238662
41.33999889	-9.96924210	3.95238662
41.34399888	-9.96924210	3.95238662
41.34799888	-9.96924210	3.95238662
41.35199888	-9.96924210	3.95238662
41.35599888	-9.96924210	3.95238662
41.35999888	-9.96924210	3.95238662
41.36399888	-9.96924210	3.95238662
41.36799888	-9.96924210	0.00000000
41.37199888	-9.96924210	3.95238662
41.37599888	-9.96924210	3.95238662
41.37999888	-9.96924210	3.95238662
41.38399888	-9.96924210	0.00000000
41.38799888	-9.96924210	3.95238662
41.39199888	-9.96924210	3.95238662
41.39599888	-9.96924210	0.00000000
41.39999888	-9.96924210	3.95238662
41.40399888	-9.96924210	3.95238662
41.40799888	-9.96924210	0.00000000
41.41199888	-9.96924210	3.95238662
41.41599888	-9.96924210	0.00000000
41.41999888	-9.96924210	3.95238662
41.42399888	-9.96924210	3.95238662
41.42799888	-9.96924210	0.00000000
41.43199888	-9.96924210	3.95238662
41.43599888	-9.96924210	3.95238662
41.43999888	-9.96924210	3.95238662
41.44399888	-9.96924210	3.95238662
41.44799888	-9.80868626	3.95238662
41.45199888	-9.80868626	3.95238662
41.45599888	-9.80868626	3.95238662
41.45999888	-9.96924210	7.90477324
41.46399888	-9.80868626	3.95238662
41.46799888	-9.80868626	3.95238662
41.47199888	-9.80868626	3.95238662
41.47599888	-9.80868626	0.00000000
41.47999888	-9.80868626	3.95238662
41.48399888	-9.80868626	3.95238662
41.48799888	-9.80868626	0.00000000
41.49199888	-9.80868626	3.95238662
41.49599888	-9.80868626	3.95238662
41.49999888	-9.80868626	3.95238662
41.50399888	-9.80868626	0.00000000
41.50799888	-9.80868626	3.95238662
41.51199888	-9.80868626	3.95238662
41.51599888	-9.80868626	0.00000000
41.51999888	-9.80868626	0.00000000
41.52399888	-9.80868626	0.00000000
41.52799888	-9.80868626	3.95238662
41.53199888	-9.80868626	0.00000000
41.53599888	-9.80868626	3.95238662
41.53999888	-9.80868626	3.95238662
41.54399888	-9.80868626	3.95238662
41.54799888	-9.80868626	3.95238662
41.55199888	-9.80868626	3.95238662
41.55599888	-9.80868626	3.95238662
41.55999888	-9.80868626	3.95238662
41.56399888	-9.80868626	0.00000000
41.56799888	-9.80868626	7.90477324
41.57199888	-9.80868626	3.95238662
41.57599888	-9.80868626	3.95238662
41.57999888	-9.80868626	3.95238662
41.58399888	-9.80868626	3.95238662
41.58799888	-9.80868626	3.95238662
41.59199888	-9.80868626	0.00000000
41.59599888	-9.80868626	3.95238662
41.59999888	-9.80868626	3.95238662
41.60399888	-9.80868626	3.95238662
41.60799888	-9.80868626	0.00000000
41.61199888	-9.80868626	0.00000000
41.61599888	-9.80868626	3.95238662
41.61999888	-9.80868626	3.95238662
41.62399888	-9.80868626	3.95238662
41.62799888	-9.80868626	3.95238662
41.63199888	-9.80868626	3.95238662
41.63599888	-9.80868626	3.95238662
41.63999888	-9.80868626	0.00000000
41.64399888	-9.80868626	3.95238662
41.64799888	-9.80868626	3.95238662
41.65199888	-9.80868626	3.95238662
41.65599888	-9.80868626	0.00000000
41.65999888	-9.80868626	3.95238662
41.66399888	-9.80868626	3.95238662
41.66799888	-9.80868626	3.95238662
41.67199888	-9.80868626	3.95238662
41.67599888	-9.80868626	0.00000000
41.67999888	-9.80868626	3.95238662
41.68399888	-9.80868626	3.95238662
41.68799888	-9.80868626	0.00000000
41.69199888	-9.80868626	3.95238662
41.69599887	-9.80868626	3.95238662
41.69999887	-9.80868626	3.95238662
41.70399887	-9.80868626	3.95238662
41.70799887	-9.80868626	3.95238662
41.71199887	-9.80868626	3.95238662
41.71599887	-9.80868626	3.95238662
41.71999887	-9.80868626	3.95238662
41.72399887	-9.80868626	3.95238662
41.72799887	-9.80868626	3.95238662
41.73199887	-9.80868626	3.95238662
41.73599887	-9.80868626	0.00000000
41.73999887	-9.80868626	3.95238662
41.74399887	-9.80868626	3.95238662
41.74799887	-9.80868626	3.95238662
41.75199887	-9.80868626	0.00000000
41.75599887	-9.80868626	0.00000000
41.75999887	-9.80868626	3.95238662
41.76399887	-9.80868626	3.95238662
41.76799887	-9.80868626	3.95238662
41.77199887	-9.80868626	3.95238662
41.77599887	-9.80868626	7.90477324
41.77999887	-9.80868626	0.00000000
41.78399887	-9.80868626	3.95238662
41.78799887	-9.80868626	0.00000000
41.79199887	-9.80868626	3.95238662
41.79599887	-9.80868626	3.95238662
41.79999887	-9.80868626	0.00000000
41.80399887	-9.80868626	0.00000000
41.80799887	-9.80868626	3.95238662
41.81199887	-9.80868626	0.00000000
41.81599887	-9.80868626	0.00000000
41.81999887	-9.80868626	3.95238662
41.82399887	-9.80868626	0.00000000
41.82799887	-9.80868626	0.00000000
41.83199887	-9.80868626	0.00000000
41.83599887	-9.80868626	0.00000000
41.83999887	-9.80868626	3.95238662
41.84399887	-9.80868626	3.95238662
41.84799887	-9.80868626	3.95238662
41.85199887	-9.80868626	0.00000000
41.85599887	-9.80868626	3.95238662
41.85999887	-9.80868626	0.00000000
41.86399887	-9.80868626	0.00000000
41.86799887	-9.80868626	3.95238662
41.87199887	-9.80868626	3.95238662
41.87599887	-9.80868626	3.95238662
41.87999887	-9.80868626	3.95238662
41.88399887	-9.80868626	0.00000000
41.88799887	-9.80868626	3.95238662
41.89199887	-9.80868626	3.95238662
41.89599887	-9.80868626	3.95238662
41.89999887	-9.80868626	0.00000000
41.90399887	-9.80868626	0.00000000
41.90799887	-9.80868626	3.95238662
41.91199887	-9.80868626	0.00000000
41.91599887	-9.80868626	0.00000000
41.91999887	-9.80868626	3.95238662
41.92399887	-9.80868626	3.95238662
41.92799887	-9.80868626	0.00000000
41.93199887	-9.80868626	0.00000000
41.93599887	-9.80868626	3.95238662
41.93999887	-9.80868626	3.95238662
41.94399887	-9.80868626	3.95238662
41.94799887	-9.80868626	3.95238662
41.95199887	-9.80868626	3.95238662
41.95599887	-9.80868626	3.95238662
41.95999887	-9.80868626	0.00000000
41.96399887	-9.80868626	0.00000000
41.96799887	-9.80868626	3.95238662
41.97199887	-9.80868626	3.95238662
41.97599887	-9.80868626	0.00000000
41.97999887	-9.80868626	3.95238662
41.98399887	-9.80868626	3.95238662
41.98799887	-9.80868626	3.95238662
41.99199887	-9.80868626	3.95238662
41.99599887	-9.80868626	0.00000000
41.99999887	-9.80868626	3.95238662
42.00399887	-9.80868626	3.95238662
42.00799887	-9.80868626	0.00000000
42.01199887	-9.80868626	3.95238662
42.01599887	-9.80868626	3.95238662
42.01999887	-9.80868626	3.95238662
42.02399887	-9.80868626	3.95238662
42.02799887	-9.80868626	3.95238662
42.03199887	-9.80868626	3.95238662
42.03599887	-9.80868626	3.95238662
42.03999887	-9.80868626	3.95238662
42.04399887	-9.80868626	0.00000000
42.04799886	-9.80868626	3.95238662
42.05199886	-9.80868626	0.00000000
42.05599886	-9.80868626	0.00000000
42.05999886	-9.80868626	3.95238662
42.06399886	-9.80868626	0.00000000
42.06799886	-9.80868626	3.95238662
42.07199886	-9.80868626	3.95238662
42.07599886	-9.80868626	0.00000000
42.07999886	-9.80868626	3.95238662
42.08399886	-9.80868626	3.95238662
42.08799886	-9.80868626	3.95238662
42.09199886	-9.80868626	3.95238662
42.09599886	-9.80868626	0.00000000
42.09999886	-9.80868626	3.95238662
42.10399886	-9.80868626	0.00000000
42.10799886	-9.80868626	0.00000000
42.11199886	-9.80868626	0.00000000
42.11599886	-9.80868626	3.95238662
42.11999886	-9.80868626	3.95238662
42.12399886	-9.80868626	0.00000000
42.12799886	-9.80868626	0.00000000
42.13199886	-9.80868626	3.95238662
42.13599886	-9.80868626	0.00000000
42.13999886	-9.80868626	0.00000000
42.14399886	-9.80868626	3.95238662
42.14799886	-9.80868626	3.95238662
42.15199886	-9.80868626	7.90477324
42.15599886	-9.80868626	3.95238662
42.15999886	-9.80868626	3.95238662
42.16399886	-9.80868626	3.95238662
42.16799886	-9.80868626	3.95238662
42.17199886	-9.64751434	0.00000000
42.17599886	-9.80868626	3.95238662
42.17999886	-9.80868626	3.95238662
42.18399886	-9.80868626	3.95238662
42.18799886	-9.80868626	3.95238662
42.19199886	-9.80868626	0.00000000
42.19599886	-9.80868626	3.95238662
42.19999886	-9.80868626	3.95238662
42.20399886	-9.64751434	3.95238662
42.20799886	-9.80868626	3.95238662
42.21199886	-9.80868626	3.95238662
42.21599886	-9.80868626	3.95238662
42.21999886	-9.80868626	0.00000000
42.22399886	-9.80868626	3.95238662
42.22799886	-9.80868626	3.95238662
42.23199886	-9.80868626	3.95238662
42.23599886	-9.64751434	3.95238662
42.23999886	-9.80868626	3.95238662
42.24399886	-9.80868626	3.95238662
42.24799886	-9.80868626	3.95238662
42.25199886	-9.80868626	3.95238662
42.25599886	-9.80868626	3.95238662
42.25999886	-9.64751434	0.00000000
42.26399886	-9.80868626	3.95238662
42.26799886	-9.80868626	3.95238662
42.27199886	-9.64751434	3.95238662
42.27599886	-9.64751434	0.00000000
42.27999886	-9.64751434	3.95238662
42.28399886	-9.64751434	0.00000000
42.28799886	-9.64751434	3.95238662
42.29199886	-9.64751434	0.00000000
42.29599886	-9.64751434	3.95238662
42.29999886	-9.64751434	0.00000000
42.30399886	-9.64751434	0.00000000
42.30799886	-9.80868626	3.95238662
42.31199886	-9.64751434	3.95238662
42.31599886	-9.64751434	0.00000000
42.31999886	-9.64751434	3.95238662
42.32399886	-9.80868626	3.95238662
42.32799886	-9.64751434	3.95238662
42.33199886	-9.64751434	0.00000000
42.33599886	-9.64751434	0.00000000
42.33999886	-9.64751434	3.95238662
42.34399886	-9.64751434	7.90477324
42.34799886	-9.64751434	0.00000000
42.35199886	-9.64751434	3.95238662
42.35599886	-9.80868626	3.95238662
42.35999886	-9.64751434	3.95238662
42.36399886	-9.64751434	3.95238662
42.36799886	-9.80868626	3.95238662
42.37199886	-9.80868626	3.95238662
42.37599886	-9.64751434	0.00000000
42.37999886	-9.64751434	0.00000000
42.38399886	-9.80868626	3.95238662
42.38799886	-9.64751434	0.00000000
42.39199886	-9.64751434	3.95238662
42.39599886	-9.80868626	3.95238662
42.39999886	-9.64751434	0.00000000
42.40399885	-9.64751434	0.00000000
42.40799885	-9.64751434	3.95238662
42.41199885	-9.80868626	3.95238662
42.41599885	-9.64751434	3.95238662
42.41999885	-9.80868626	3.95238662
42.42399885	-9.64751434	3.95238662
42.42799885	-9.64751434	3.95238662
42.43199885	-9.64751434	3.95238662
42.43599885	-9.80868626	3.95238662
42.43999885	-9.80868626	3.95238662
42.44399885	-9.80868626	3.95238662
42.44799885	-9.80868626	3.95238662
42.45199885	-9.80868626	3.95238662
42.45599885	-9.80868626	3.95238662
42.45999885	-9.80868626	3.95238662
42.46399885	-9.80868626	3.95238662
42.46799885	-9.80868626	3.95238662
42.47199885	-9.80868626	3.95238662
42.47599885	-9.80868626	3.95238662
42.47999885	-9.80868626	3.95238662
42.48399885	-9.80868626	3.95238662
42.48799885	-9.80868626	0.00000000
42.49199885	-9.80868626	0.00000000
42.49599885	-9.80868626	3.95238662
42.49999885	-9.80868626	3.95238662
42.50399885	-9.80868626	3.95238662
42.50799885	-9.80868626	3.95238662
42.51199885	-9.80868626	3.95238662
42.51599885	-9.80868626	3.95238662
42.51999885	-9.80868626	3.95238662
42.52399885	-9.80868626	0.00000000
42.52799885	-9.80868626	0.00000000
42.53199885	-9.80868626	0.00000000
42.53599885	-9.80868626	3.95238662
42.53999885	-9.80868626	0.00000000
42.54399885	-9.80868626	0.00000000
42.54799885	-9.80868626	3.95238662
42.55199885	-9.80868626	3.95238662
42.55599885	-9.80868626	3.95238662
42.55999885	-9.80868626	3.95238662
42.56399885	-9.80868626	3.95238662
42.56799885	-9.80868626	3.95238662
42.57199885	-9.80868626	0.00000000
42.57599885	-9.80868626	0.00000000
42.57999885	-9.80868626	0.00000000
42.58399885	-9.80868626	3.95238662
42.58799885	-9.80868626	3.95238662
42.59199885	-9.80868626	3.95238662
42.59599885	-9.80868626	0.00000000
42.59999885	-9.80868626	3.95238662
42.60399885	-9.80868626	3.95238662
42.60799885	-9.80868626	3.95238662
42.61199885	-9.80868626	3.95238662
42.61599885	-9.80868626	0.00000000
42.61999885	-9.80868626	3.95238662
42.62399885	-9.80868626	3.95238662
42.62799885	-9.80868626	3.95238662
42.63199885	-9.80868626	0.00000000
42.63599885	-9.80868626	3.95238662
42.63999885	-9.80868626	3.95238662
42.64399885	-9.80868626	3.95238662
42.64799885	-9.80868626	3.95238662
42.65199885	-9.80868626	0.00000000
42.65599885	-9.80868626	3.95238662
42.65999885	-9.80868626	0.00000000
42.66399885	-9.80868626	3.95238662
42.66799885	-9.80868626	0.00000000
42.67199885	-9.80868626	0.00000000
42.67599885	-9.80868626	3.95238662
42.67999885	-9.80868626	0.00000000
42.68399885	-9.80868626	0.00000000
42.68799885	-9.80868626	3.95238662
42.69199885	-9.80868626	3.95238662
42.69599885	-9.80868626	3.95238662
42.69999885	-9.80868626	3.95238662
42.70399885	-9.80868626	3.95238662
42.70799885	-9.80868626	3.95238662
42.71199885	-9.80868626	3.95238662
42.71599885	-9.80868626	3.95238662
42.71999885	-9.80868626	3.95238662
42.72399885	-9.80868626	3.95238662
42.72799885	-9.80868626	0.00000000
42.73199885	-9.80868626	3.95238662
42.73599885	-9.80868626	3.95238662
42.73999885	-9.80868626	3.95238662
42.74399885	-9.80868626	3.95238662
42.74799885	-9.80868626	3.95238662
42.75199885	-9.80868626	3.95238662
42.75599884	-9.80868626	0.00000000
42.75999884	-9.80868626	3.95238662
42.76399884	-9.80868626	3.95238662
42.76799884	-9.80868626	3.95238662
42.77199884	-9.80868626	3.95238662
42.77599884	-9.80868626	3.95238662
42.77999884	-9.80868626	0.00000000
42.78399884	-9.80868626	3.95238662
42.78799884	-9.80868626	3.95238662
42.79199884	-9.80868626	3.95238662
42.79599884	-9.80868626	0.00000000
42.79999884	-9.80868626	3.95238662
42.80399884	-9.80868626	3.95238662
42.80799884	-9.80868626	3.95238662
42.81199884	-9.80868626	3.95238662
42.81599884	-9.80868626	3.95238662
42.81999884	-9.80868626	3.95238662
42.82399884	-9.80868626	3.95238662
42.82799884	-9.80868626	3.95238662
42.83199884	-9.80868626	0.00000000
42.83599884	-9.80868626	3.95238662
42.83999884	-9.80868626	0.00000000
42.84399884	-9.80868626	0.00000000
42.84799884	-9.80868626	0.00000000
42.85199884	-9.80868626	0.00000000
42.85599884	-9.80868626	3.95238662
42.85999884	-9.80868626	3.95238662
42.86399884	-9.80868626	3.95238662
42.86799884	-9.80868626	3.95238662
42.87199884	-9.80868626	3.95238662
42.87599884	-9.80868626	0.00000000
42.87999884	-9.80868626	3.95238662
42.88399884	-9.80868626	3.95238662
42.88799884	-9.80868626	3.95238662
42.89199884	-9.80868626	0.00000000
42.89599884	-9.80868626	0.00000000
42.89999884	-9.80868626	0.00000000
42.90399884	-9.80868626	3.95238662
42.90799884	-9.80868626	0.00000000
42.91199884	-9.80868626	3.95238662
42.91599884	-9.80868626	3.95238662
42.91999884	-9.80868626	3.95238662
42.92399884	-9.80868626	0.00000000
42.92799884	-9.80868626	3.95238662
42.93199884	-9.80868626	3.95238662
42.93599884	-9.64751434	3.95238662
42.93999884	-9.64751434	0.00000000
42.94399884	-9.80868626	3.95238662
42.94799884	-9.80868626	3.95238662
42.95199884	-9.64751434	3.95238662
42.95599884	-9.80868626	0.00000000
42.95999884	-9.80868626	0.00000000
42.96399884	-9.80868626	3.95238662
42.96799884	-9.64751434	3.95238662
42.97199884	-9.80868626	3.95238662
42.97599884	-9.64751434	3.95238662
42.97999884	-9.80868626	0.00000000
42.98399884	-9.64751434	3.95238662
42.98799884	-9.80868626	3.95238662
42.99199884	-9.64751434	3.95238662
42.99599884	-9.64751434	3.95238662
42.99999884	-9.64751434	3.95238662
43.00399884	-9.64751434	0.00000000
43.00799884	-9.64751434	3.95238662
43.01199884	-9.80868626	3.95238662
43.01599884	-9.64751434	3.95238662
43.01999884	-9.64751434	3.95238662
43.02399884	-9.64751434	0.00000000
43.02799884	-9.64751434	3.95238662
43.03199884	-9.64751434	0.00000000
43.03599884	-9.64751434	3.95238662
43.03999884	-9.64751434	0.00000000
43.04399884	-9.64751434	3.95238662
43.04799884	-9.64751434	3.95238662
43.05199884	-9.64751434	0.00000000
43.05599884	-9.64751434	3.95238662
43.05999884	-9.64751434	3.95238662
43.06399884	-9.64751434	3.95238662
43.06799884	-9.64751434	0.00000000
43.07199884	-9.64751434	3.95238662
43.07599884	-9.80868626	3.95238662
43.07999884	-9.64751434	3.95238662
43.08399884	-9.64751434	0.00000000
43.08799884	-9.64751434	3.95238662
43.09199884	-9.64751434	3.95238662
43.09599884	-9.64751434	0.00000000
43.09999884	-9.64751434	3.95238662
43.10399884	-9.80868626	3.95238662
43.10799884	-9.80868626	3.95238662
43.11199883	-9.64751434	3.95238662
43.11599883	-9.64751434	3.95238662
43.11999883	-9.64751434	3.95238662
43.12399883	-9.64751434	3.95238662
43.12799883	-9.80868626	3.95238662
43.13199883	-9.80868626	0.00000000
43.13599883	-9.64751434	3.95238662
43.13999883	-9.80868626	3.95238662
43.14399883	-9.64751434	3.95238662
43.14799883	-9.80868626	0.00000000
43.15199883	-9.80868626	3.95238662
43.15599883	-9.80868626	0.00000000
43.15999883	-9.64751434	3.95238662
43.16399883	-9.64751434	3.95238662
43.16799883	-9.80868626	3.95238662
43.17199883	-9.80868626	0.00000000
43.17599883	-9.64751434	3.95238662
43.17999883	-9.64751434	3.95238662
43.18399883	-9.80868626	0.00000000
43.18799883	-9.80868626	0.00000000
43.19199883	-9.64751434	3.95238662
43.19599883	-9.80868626	3.95238662
43.19999883	-9.80868626	3.95238662
43.20399883	-9.80868626	3.95238662
43.20799883	-9.64751434	3.95238662
43.21199883	-9.80868626	3.95238662
43.21599883	-9.64751434	3.95238662
43.21999883	-9.80868626	3.95238662
43.22399883	-9.80868626	3.95238662
43.22799883	-9.64751434	3.95238662
43.23199883	-9.80868626	3.95238662
43.23599883	-9.80868626	3.95238662
43.23999883	-9.80868626	0.00000000
43.24399883	-9.80868626	0.00000000
43.24799883	-9.80868626	3.95238662
43.25199883	-9.80868626	3.95238662
43.25599883	-9.80868626	3.95238662
43.25999883	-9.80868626	0.00000000
43.26399883	-9.80868626	3.95238662
43.26799883	-9.80868626	0.00000000
43.27199883	-9.80868626	3.95238662
43.27599883	-9.80868626	3.95238662
43.27999883	-9.80868626	3.95238662
43.28399883	-9.80868626	3.95238662
43.28799883	-9.80868626	3.95238662
43.29199883	-9.80868626	0.00000000
43.29599883	-9.80868626	3.95238662
43.29999883	-9.80868626	0.00000000
43.30399883	-9.80868626	3.95238662
43.30799883	-9.80868626	3.95238662
43.31199883	-9.80868626	3.95238662
43.31599883	-9.80868626	0.00000000
43.31999883	-9.80868626	3.95238662
43.32399883	-9.80868626	3.95238662
43.32799883	-9.80868626	3.95238662
43.33199883	-9.80868626	3.95238662
43.33599883	-9.80868626	3.95238662
43.33999883	-9.80868626	3.95238662
43.34399883	-9.80868626	3.95238662
43.34799883	-9.80868626	3.95238662
43.35199883	-9.80868626	3.95238662
43.35599883	-9.80868626	3.95238662
43.35999883	-9.80868626	3.95238662
43.36399883	-9.80868626	0.00000000
43.36799883	-9.80868626	3.95238662
43.37199883	-9.80868626	0.00000000
43.37599883	-9.80868626	3.95238662
43.37999883	-9.80868626	3.95238662
43.38399883	-9.80868626	0.00000000
43.38799883	-9.80868626	3.95238662
43.39199883	-9.80868626	3.95238662
43.39599883	-9.80868626	3.95238662
43.39999883	-9.80868626	0.00000000
43.40399883	-9.80868626	3.95238662
43.40799883	-9.80868626	3.95238662
43.41199883	-9.80868626	3.95238662
43.41599883	-9.80868626	0.00000000
43.41999883	-9.80868626	3.95238662
43.42399883	-9.80868626	3.95238662
43.42799883	-9.80868626	3.95238662
43.43199883	-9.80868626	3.95238662
43.43599883	-9.80868626	3.95238662
43.43999883	-9.80868626	3.95238662
43.44399883	-9.80868626	0.00000000
43.44799883	-9.80868626	3.95238662
43.45199883	-9.80868626	0.00000000
43.45599883	-9.80868626	3.95238662
43.45999883	-9.80868626	3.95238662
43.46399882	-9.80868626	0.00000000
43.46799882	-9.80868626	3.95238662
43.47199882	-9.80868626	3.95238662
43.47599882	-9.80868626	3.95238662
43.47999882	-9.80868626	3.95238662
43.48399882	-9.80868626	3.95238662
43.48799882	-9.80868626	3.95238662
43.49199882	-9.80868626	3.95238662
43.49599882	-9.80868626	3.95238662
43.49999882	-9.80868626	3.95238662
43.50399882	-9.80868626	7.90477324
43.50799882	-9.80868626	3.95238662
43.51199882	-9.80868626	0.00000000
43.51599882	-9.80868626	3.95238662
43.51999882	-9.80868626	3.95238662
43.52399882	-9.80868626	3.95238662
43.52799882	-9.80868626	3.95238662
43.53199882	-9.80868626	3.95238662
43.53599882	-9.80868626	3.95238662
43.53999882	-9.80868626	0.00000000
43.54399882	-9.80868626	3.95238662
43.54799882	-9.80868626	0.00000000
43.55199882	-9.80868626	0.00000000
43.55599882	-9.80868626	3.95238662
43.55999882	-9.80868626	0.00000000
43.56399882	-9.80868626	0.00000000
43.56799882	-9.80868626	0.00000000
43.57199882	-9.80868626	3.95238662
43.57599882	-9.80868626	0.00000000
43.57999882	-9.80868626	3.95238662
43.58399882	-9.80868626	3.95238662
43.58799882	-9.80868626	3.95238662
43.59199882	-9.80868626	3.95238662
43.59599882	-9.80868626	3.95238662
43.59999882	-9.80868626	3.95238662
43.60399882	-9.80868626	3.95238662
43.60799882	-9.80868626	3.95238662
43.61199882	-9.80868626	3.95238662
43.61599882	-9.80868626	3.95238662
43.61999882	-9.80868626	0.00000000
43.62399882	-9.80868626	3.95238662
43.62799882	-9.80868626	0.00000000
43.63199882	-9.80868626	3.95238662
43.63599882	-9.80868626	3.95238662
43.63999882	-9.80868626	3.95238662
43.64399882	-9.80868626	0.00000000
43.64799882	-9.80868626	0.00000000
43.65199882	-9.80868626	3.95238662
43.65599882	-9.80868626	3.95238662
43.65999882	-9.80868626	0.00000000
43.66399882	-9.80868626	3.95238662
43.66799882	-9.80868626	0.00000000
43.67199882	-9.80868626	3.95238662
43.67599882	-9.80868626	3.95238662
43.67999882	-9.80868626	7.90477324
43.68399882	-9.80868626	3.95238662
43.68799882	-9.80868626	3.95238662
43.69199882	-9.80868626	0.00000000
43.69599882	-9.80868626	3.95238662
43.69999882	-9.80868626	3.95238662
43.70399882	-9.80868626	7.90477324
43.70799882	-9.80868626	3.95238662
43.71199882	-9.80868626	3.95238662
43.71599882	-9.80868626	3.95238662
43.71999882	-9.80868626	0.00000000
43.72399882	-9.80868626	3.95238662
43.72799882	-9.80868626	3.95238662
43.73199882	-9.80868626	3.95238662
43.73599882	-9.80868626	3.95238662
43.73999882	-9.80868626	3.95238662
43.74399882	-9.80868626	3.95238662
43.74799882	-9.80868626	3.95238662
43.75199882	-9.80868626	3.95238662
43.75599882	-9.80868626	3.95238662
43.75999882	-9.80868626	3.95238662
43.76399882	-9.80868626	3.95238662
43.76799882	-9.80868626	3.95238662
43.77199882	-9.80868626	0.00000000
43.77599882	-9.80868626	3.95238662
43.77999882	-9.80868626	3.95238662
43.78399882	-9.80868626	3.95238662
43.78799882	-9.80868626	3.95238662
43.79199882	-9.80868626	3.95238662
43.79599882	-9.80868626	3.95238662
43.79999882	-9.80868626	3.95238662
43.80399882	-9.80868626	3.95238662
43.80799882	-9.80868626	3.95238662
43.81199882	-9.80868626	3.95238662
43.81599881	-9.80868626	3.95238662
43.81999881	-9.80868626	3.95238662
43.82399881	-9.80868626	3.95238662
43.82799881	-9.80868626	3.95238662
43.83199881	-9.80868626	3.95238662
43.83599881	-9.80868626	3.95238662
43.83999881	-9.80868626	3.95238662
43.84399881	-9.80868626	0.00000000
43.84799881	-9.80868626	3.95238662
43.85199881	-9.80868626	3.95238662
43.85599881	-9.80868626	3.95238662
43.85999881	-9.80868626	3.95238662
43.86399881	-9.80868626	0.00000000
43.86799881	-9.80868626	0.00000000
43.87199881	-9.80868626	3.95238662
43.87599881	-9.80868626	0.00000000
43.87999881	-9.80868626	3.95238662
43.88399881	-9.80868626	0.00000000
43.88799881	-9.80868626	3.95238662
43.89199881	-9.80868626	3.95238662
43.89599881	-9.80868626	3.95238662
43.89999881	-9.80868626	3.95238662
43.90399881	-9.80868626	3.95238662
43.90799881	-9.80868626	3.95238662
43.91199881	-9.80868626	3.95238662
43.91599881	-9.80868626	3.95238662
43.91999881	-9.80868626	3.95238662
43.92399881	-9.80868626	3.95238662
43.92799881	-9.80868626	0.00000000
43.93199881	-9.80868626	0.00000000
43.93599881	-9.80868626	3.95238662
43.93999881	-9.80868626	0.00000000
43.94399881	-9.80868626	3.95238662
43.94799881	-9.80868626	3.95238662
43.95199881	-9.80868626	3.95238662
43.95599881	-9.80868626	3.95238662
43.95999881	-9.80868626	3.95238662
43.96399881	-9.80868626	0.00000000
43.96799881	-9.80868626	0.00000000
43.97199881	-9.80868626	3.95238662
43.97599881	-9.80868626	0.00000000
43.97999881	-9.80868626	0.00000000
43.98399881	-9.80868626	3.95238662
43.98799881	-9.80868626	0.00000000
43.99199881	-9.80868626	3.95238662
43.99599881	-9.80868626	3.95238662
43.99999881	-9.80868626	0.00000000
44.00399881	-9.80868626	3.95238662
44.00799881	-9.80868626	0.00000000
44.01199881	-9.80868626	3.95238662
44.01599881	-9.80868626	3.95238662
44.01999881	-9.80868626	3.95238662
44.02399881	-9.80868626	3.95238662
44.02799881	-9.80868626	0.00000000
44.03199881	-9.80868626	3.95238662
44.03599881	-9.80868626	0.00000000
44.03999881	-9.80868626	3.95238662
44.04399881	-9.80868626	3.95238662
44.04799881	-9.80868626	3.95238662
44.05199881	-9.80868626	3.95238662
44.05599881	-9.80868626	3.95238662
44.05999881	-9.80868626	3.95238662
44.06399881	-9.80868626	3.95238662
44.06799881	-9.80868626	3.95238662
44.07199881	-9.64751434	3.95238662
44.07599881	-9.80868626	3.95238662
44.07999881	-9.80868626	0.00000000
44.08399881	-9.80868626	0.00000000
44.08799881	-9.80868626	3.95238662
44.09199881	-9.80868626	0.00000000
44.09599881	-9.80868626	3.95238662
44.09999881	-9.80868626	0.00000000
44.10399881	-9.80868626	3.95238662
44.10799881	-9.80868626	0.00000000
44.11199881	-9.80868626	3.95238662
44.11599881	-9.64751434	3.95238662
44.11999881	-9.64751434	3.95238662
44.12399881	-9.64751434	0.00000000
44.12799881	-9.64751434	0.00000000
44.13199881	-9.64751434	3.95238662
44.13599881	-9.64751434	3.95238662
44.13999881	-9.80868626	3.95238662
44.14399881	-9.64751434	3.95238662
44.14799881	-9.80868626	3.95238662
44.15199881	-9.64751434	0.00000000
44.15599881	-9.64751434	3.95238662
44.15999881	-9.64751434	3.95238662
44.16399881	-9.64751434	3.95238662
44.16799881	-9.64751434	3.95238662
44.17199880	-9.64751434	0.00000000
44.17599880	-9.64751434	3.95238662
44.17999880	-9.64751434	0.00000000
44.18399880	-9.64751434	0.00000000
44.18799880	-9.64751434	3.95238662
44.19199880	-9.64751434	3.95238662
44.19599880	-9.64751434	3.95238662
44.19999880	-9.64751434	3.95238662
44.20399880	-9.64751434	3.95238662
44.20799880	-9.64751434	3.95238662
44.21199880	-9.64751434	3.95238662
44.21599880	-9.64751434	3.95238662
44.21999880	-9.64751434	3.95238662
44.22399880	-9.64751434	0.00000000
44.22799880	-9.64751434	3.95238662
44.23199880	-9.64751434	3.95238662
44.23599880	-9.64751434	3.95238662
44.23999880	-9.64751434	3.95238662
44.24399880	-9.64751434	3.95238662
44.24799880	-9.64751434	0.00000000
44.25199880	-9.64751434	3.95238662
44.25599880	-9.64751434	3.95238662
44.25999880	-9.64751434	3.95238662
44.26399880	-9.64751434	3.95238662
44.26799880	-9.64751434	3.95238662
44.27199880	-9.64751434	3.95238662
44.27599880	-9.64751434	0.00000000
44.27999880	-9.64751434	3.95238662
44.28399880	-9.64751434	0.00000000
44.28799880	-9.64751434	3.95238662
44.29199880	-9.64751434	3.95238662
44.29599880	-9.64751434	3.95238662
44.29999880	-9.64751434	0.00000000
44.30399880	-9.64751434	3.95238662
44.30799880	-9.64751434	0.00000000
44.31199880	-9.64751434	3.95238662
44.31599880	-9.64751434	0.00000000
44.31999880	-9.64751434	3.95238662
44.32399880	-9.64751434	7.90477324
44.32799880	-9.64751434	3.95238662
44.33199880	-9.64751434	0.00000000
44.33599880	-9.64751434	3.95238662
44.33999880	-9.64751434	0.00000000
44.34399880	-9.64751434	3.95238662
44.34799880	-9.64751434	0.00000000
44.35199880	-9.64751434	3.95238662
44.35599880	-9.64751434	0.00000000
44.35999880	-9.64751434	0.00000000
44.36399880	-9.80868626	3.95238662
44.36799880	-9.64751434	3.95238662
44.37199880	-9.64751434	3.95238662
44.37599880	-9.80868626	3.95238662
44.37999880	-9.64751434	3.95238662
44.38399880	-9.64751434	3.95238662
44.38799880	-9.64751434	0.00000000
44.39199880	-9.64751434	3.95238662
44.39599880	-9.64751434	0.00000000
44.39999880	-9.64751434	3.95238662
44.40399880	-9.64751434	3.95238662
44.40799880	-9.64751434	3.95238662
44.41199880	-9.80868626	3.95238662
44.41599880	-9.64751434	3.95238662
44.41999880	-9.64751434	0.00000000
44.42399880	-9.80868626	3.95238662
44.42799880	-9.64751434	0.00000000
44.43199880	-9.64751434	0.00000000
44.43599880	-9.80868626	3.95238662
44.43999880	-9.64751434	3.95238662
44.44399880	-9.80868626	3.95238662
44.44799880	-9.80868626	3.95238662
44.45199880	-9.64751434	3.95238662
44.45599880	-9.64751434	3.95238662
44.45999880	-9.64751434	0.00000000
44.46399880	-9.80868626	3.95238662
44.46799880	-9.64751434	0.00000000
44.47199880	-9.80868626	0.00000000
44.47599880	-9.64751434	3.95238662
44.47999880	-9.80868626	3.95238662
44.48399880	-9.80868626	3.95238662
44.48799880	-9.80868626	3.95238662
44.49199880	-9.80868626	0.00000000
44.49599880	-9.80868626	3.95238662
44.49999880	-9.80868626	3.95238662
44.50399880	-9.64751434	0.00000000
44.50799880	-9.80868626	0.00000000
44.51199880	-9.80868626	3.95238662
44.51599880	-9.80868626	3.95238662
44.51999880	-9.80868626	3.95238662
44.52399879	-9.80868626	3.95238662
44.52799879	-9.80868626	3.95238662
44.53199879	-9.80868626	3.95238662
44.53599879	-9.80868626	3.95238662
44.53999879	-9.80868626	3.95238662
44.54399879	-9.80868626	3.95238662
44.54799879	-9.80868626	3.95238662
44.55199879	-9.80868626	0.00000000
44.55599879	-9.80868626	3.95238662
44.55999879	-9.80868626	3.95238662
44.56399879	-9.80868626	3.95238662
44.56799879	-9.80868626	0.00000000
44.57199879	-9.80868626	3.95238662
44.57599879	-9.80868626	3.95238662
44.57999879	-9.80868626	0.00000000
44.58399879	-9.80868626	3.95238662
44.58799879	-9.80868626	3.95238662
44.59199879	-9.80868626	3.95238662
44.59599879	-9.80868626	0.00000000
44.59999879	-9.80868626	3.95238662
44.60399879	-9.80868626	3.95238662
44.60799879	-9.80868626	3.95238662
44.61199879	-9.80868626	3.95238662
44.61599879	-9.80868626	3.95238662
44.61999879	-9.80868626	0.00000000
44.62399879	-9.80868626	3.95238662
44.62799879	-9.80868626	3.95238662
44.63199879	-9.80868626	3.95238662
44.63599879	-9.80868626	3.95238662
44.63999879	-9.80868626	3.95238662
44.64399879	-9.80868626	3.95238662
44.64799879	-9.80868626	3.95238662
44.65199879	-9.80868626	0.00000000
44.65599879	-9.80868626	0.00000000
44.65999879	-9.80868626	0.00000000
44.66399879	-9.80868626	3.95238662
44.66799879	-9.80868626	0.00000000
44.67199879	-9.80868626	0.00000000
44.67599879	-9.80868626	3.95238662
44.67999879	-9.80868626	0.00000000
44.68399879	-9.80868626	0.00000000
44.68799879	-9.80868626	7.90477324
44.69199879	-9.80868626	0.00000000
44.69599879	-9.80868626	3.95238662
44.69999879	-9.80868626	3.95238662
44.70399879	-9.80868626	0.00000000
44.70799879	-9.80868626	3.95238662
44.71199879	-9.80868626	3.95238662
44.71599879	-9.80868626	0.00000000
44.71999879	-9.80868626	3.95238662
44.72399879	-9.80868626	3.95238662
44.72799879	-9.80868626	3.95238662
44.73199879	-9.80868626	3.95238662
44.73599879	-9.80868626	3.95238662
44.73999879	-9.80868626	3.95238662
44.74399879	-9.80868626	3.95238662
44.74799879	-9.80868626	0.00000000
44.75199879	-9.80868626	3.95238662
44.75599879	-9.80868626	3.95238662
44.75999879	-9.80868626	3.95238662
44.76399879	-9.80868626	3.95238662
44.76799879	-9.80868626	3.95238662
44.77199879	-9.80868626	3.95238662
44.77599879	-9.80868626	3.95238662
44.77999879	-9.80868626	0.00000000
44.78399879	-9.80868626	3.95238662
44.78799879	-9.80868626	0.00000000
44.79199879	-9.80868626	3.95238662
44.79599879	-9.80868626	0.00000000
44.79999879	-9.80868626	0.00000000
44.80399879	-9.80868626	3.95238662
44.80799879	-9.96924210	0.00000000
44.81199879	-9.80868626	0.00000000
44.81599879	-9.80868626	3.95238662
44.81999879	-9.80868626	3.95238662
44.82399879	-9.80868626	0.00000000
44.82799879	-9.96924210	3.95238662
44.83199879	-9.80868626	3.95238662
44.83599879	-9.96924210	3.95238662
44.83999879	-9.80868626	3.95238662
44.84399879	-9.80868626	3.95238662
44.84799879	-9.96924210	3.95238662
44.85199879	-9.96924210	3.95238662
44.85599879	-9.96924210	3.95238662
44.85999879	-9.96924210	3.95238662
44.86399879	-9.96924210	0.00000000
44.86799879	-9.96924210	3.95238662
44.87199879	-9.96924210	3.95238662
44.87599878	-9.96924210	3.95238662
44.87999878	-9.80868626	3.95238662
44.88399878	-9.80868626	0.00000000
44.88799878	-9.96924210	3.95238662
44.89199878	-9.96924210	0.00000000
44.89599878	-9.80868626	3.95238662
44.89999878	-9.96924210	3.95238662
44.90399878	-9.96924210	0.00000000
44.90799878	-9.96924210	3.95238662
44.91199878	-9.96924210	3.95238662
44.91599878	-9.96924210	3.95238662
44.91999878	-9.96924210	3.95238662
44.92399878	-9.96924210	3.95238662
44.92799878	-9.96924210	0.00000000
44.93199878	-9.96924210	3.95238662
44.93599878	-9.96924210	3.95238662
44.93999878	-9.96924210	3.95238662
44.94399878	-9.96924210	3.95238662
44.94799878	-9.96924210	3.95238662
44.95199878	-9.96924210	3.95238662
44.95599878	-9.96924210	3.95238662
44.95999878	-9.96924210	3.95238662
44.96399878	-9.96924210	3.95238662
44.96799878	-9.96924210	0.00000000
44.97199878	-9.96924210	3.95238662
44.97599878	-9.96924210	3.95238662
44.97999878	-9.96924210	3.95238662
44.98399878	-9.96924210	3.95238662
44.98799878	-9.80868626	0.00000000
44.99199878	-9.80868626	3.95238662
44.99599878	-9.80868626	3.95238662
44.99999878	-9.80868626	3.95238662
45.00399878	-9.96924210	3.95238662
45.00799878	-9.80868626	3.95238662
45.01199878	-9.80868626	3.95238662
45.01599878	-9.80868626	3.95238662
45.01999878	-9.80868626	0.00000000
45.02399878	-9.80868626	3.95238662
45.02799878	-9.80868626	3.95238662
45.03199878	-9.80868626	3.95238662
45.03599878	-9.80868626	0.00000000
45.03999878	-9.80868626	3.95238662
45.04399878	-9.80868626	3.95238662
45.04799878	-9.80868626	3.95238662
45.05199878	-9.80868626	3.95238662
45.05599878	-9.80868626	3.95238662
45.05999878	-9.80868626	3.95238662
45.06399878	-9.80868626	3.95238662
45.06799878	-9.80868626	3.95238662
45.07199878	-9.80868626	3.95238662
45.07599878	-9.80868626	3.95238662
45.07999878	-9.80868626	7.90477324
45.08399878	-9.80868626	0.00000000
45.08799878	-9.80868626	3.95238662
45.09199878	-9.80868626	3.95238662
45.09599878	-9.80868626	0.00000000
45.09999878	-9.80868626	0.00000000
45.10399878	-9.80868626	3.95238662
45.10799878	-9.80868626	0.00000000
45.11199878	-9.80868626	3.95238662
45.11599878	-9.80868626	3.95238662
45.11999878	-9.80868626	3.95238662
45.12399878	-9.80868626	3.95238662
45.12799878	-9.80868626	3.95238662
45.13199878	-9.80868626	0.00000000
45.13599878	-9.80868626	3.95238662
45.13999878	-9.80868626	3.95238662
45.14399878	-9.80868626	3.95238662
45.14799878	-9.80868626	3.95238662
45.15199878	-9.80868626	0.00000000
45.15599878	-9.80868626	3.95238662
45.15999878	-9.80868626	3.95238662
45.16399878	-9.80868626	3.95238662
45.16799878	-9.80868626	3.95238662
45.17199878	-9.80868626	3.95238662
45.17599878	-9.80868626	3.95238662
45.17999878	-9.80868626	0.00000000
45.18399878	-9.80868626	3.95238662
45.18799878	-9.80868626	3.95238662
45.19199878	-9.80868626	0.00000000
45.19599878	-9.80868626	3.95238662
45.19999878	-9.80868626	3.95238662
45.20399878	-9.80868626	3.95238662
45.20799878	-9.80868626	3.95238662
45.21199878	-9.80868626	0.00000000
45.21599878	-9.80868626	3.95238662
45.21999878	-9.80868626	3.95238662
45.22399878	-9.80868626	3.95238662
45.22799878	-9.80868626	0.00000000
45.23199877	-9.80868626	3.95238662
45.23599877	-9.80868626	3.95238662
45.23999877	-9.80868626	3.95238662
45.24399877	-9.80868626	0.00000000
45.24799877	-9.80868626	3.95238662
45.25199877	-9.80868626	3.95238662
45.25599877	-9.80868626	3.95238662
45.25999877	-9.80868626	0.00000000
45.26399877	-9.80868626	3.95238662
45.26799877	-9.80868626	0.00000000
45.27199877	-9.80868626	3.95238662
45.27599877	-9.80868626	3.95238662
45.27999877	-9.80868626	3.95238662
45.28399877	-9.80868626	3.95238662
45.28799877	-9.80868626	3.95238662
45.29199877	-9.80868626	0.00000000
45.29599877	-9.80868626	3.95238662
45.29999877	-9.80868626	3.95238662
45.30399877	-9.80868626	3.95238662
45.30799877	-9.80868626	3.95238662
45.31199877	-9.80868626	3.95238662
45.31599877	-9.80868626	3.95238662
45.31999877	-9.80868626	0.00000000
45.32399877	-9.80868626	3.95238662
45.32799877	-9.80868626	0.00000000
45.33199877	-9.80868626	3.95238662
45.33599877	-9.80868626	3.95238662
45.33999877	-9.80868626	3.95238662
45.34399877	-9.80868626	3.95238662
45.34799877	-9.80868626	3.95238662
45.35199877	-9.80868626	3.95238662
45.35599877	-9.80868626	0.00000000
45.35999877	-9.80868626	0.00000000
45.36399877	-9.80868626	3.95238662
45.36799877	-9.80868626	3.95238662
45.37199877	-9.80868626	0.00000000
45.37599877	-9.80868626	3.95238662
45.37999877	-9.80868626	0.00000000
45.38399877	-9.80868626	3.95238662
45.38799877	-9.80868626	3.95238662
45.39199877	-9.80868626	3.95238662
45.39599877	-9.80868626	3.95238662
45.39999877	-9.80868626	3.95238662
45.40399877	-9.80868626	0.00000000
45.40799877	-9.80868626	3.95238662
45.41199877	-9.80868626	3.95238662
45.41599877	-9.80868626	3.95238662
45.41999877	-9.80868626	3.95238662
45.42399877	-9.80868626	3.95238662
45.42799877	-9.64751434	3.95238662
45.43199877	-9.80868626	3.95238662
45.43599877	-9.80868626	3.95238662
45.43999877	-9.80868626	3.95238662
45.44399877	-9.80868626	3.95238662
45.44799877	-9.64751434	3.95238662
45.45199877	-9.80868626	3.95238662
45.45599877	-9.80868626	3.95238662
45.45999877	-9.80868626	0.00000000
45.46399877	-9.64751434	0.00000000
45.46799877	-9.64751434	0.00000000
45.47199877	-9.64751434	3.95238662
45.47599877	-9.80868626	3.95238662
45.47999877	-9.64751434	0.00000000
45.48399877	-9.64751434	3.95238662
45.48799877	-9.80868626	3.95238662
45.49199877	-9.64751434	3.95238662
45.49599877	-9.64751434	0.00000000
45.49999877	-9.64751434	3.95238662
45.50399877	-9.80868626	0.00000000
45.50799877	-9.64751434	0.00000000
45.51199877	-9.80868626	3.95238662
45.51599877	-9.64751434	3.95238662
45.51999877	-9.64751434	3.95238662
45.52399877	-9.64751434	3.95238662
45.52799877	-9.64751434	3.95238662
45.53199877	-9.64751434	3.95238662
45.53599877	-9.64751434	0.00000000
45.53999877	-9.64751434	3.95238662
45.54399877	-9.64751434	3.95238662
45.54799877	-9.64751434	3.95238662
45.55199877	-9.80868626	3.95238662
45.55599877	-9.64751434	0.00000000
45.55999877	-9.64751434	3.95238662
45.56399877	-9.64751434	0.00000000
45.56799877	-9.64751434	3.95238662
45.57199877	-9.64751434	7.90477324
45.57599877	-9.64751434	3.95238662
45.57999877	-9.64751434	3.95238662
45.58399876	-9.64751434	3.95238662
45.58799876	-9.64751434	3.95238662
45.59199876	-9.64751434	3.95238662
45.59599876	-9.64751434	3.95238662
45.59999876	-9.64751434	3.95238662
45.60399876	-9.64751434	3.95238662
45.60799876	-9.64751434	3.95238662
45.61199876	-9.64751434	3.95238662
45.61599876	-9.64751434	3.95238662
45.61999876	-9.64751434	3.95238662
45.62399876	-9.64751434	0.00000000
45.62799876	-9.64751434	0.00000000
45.63199876	-9.64751434	3.95238662
45.63599876	-9.64751434	3.95238662
45.63999876	-9.64751434	3.95238662
45.64399876	-9.64751434	3.95238662
45.64799876	-9.64751434	0.00000000
45.65199876	-9.64751434	0.00000000
45.65599876	-9.64751434	3.95238662
45.65999876	-9.64751434	3.95238662
45.66399876	-9.64751434	3.95238662
45.66799876	-9.64751434	3.95238662
45.67199876	-9.64751434	3.95238662
45.67599876	-9.64751434	3.95238662
45.67999876	-9.64751434	3.95238662
45.68399876	-9.64751434	0.00000000
45.68799876	-9.64751434	3.95238662
45.69199876	-9.64751434	3.95238662
45.69599876	-9.64751434	3.95238662
45.69999876	-9.64751434	3.95238662
45.70399876	-9.64751434	3.95238662
45.70799876	-9.64751434	0.00000000
45.71199876	-9.64751434	3.95238662
45.71599876	-9.64751434	3.95238662
45.71999876	-9.64751434	0.00000000
45.72399876	-9.64751434	3.95238662
45.72799876	-9.64751434	3.95238662
45.73199876	-9.64751434	0.00000000
45.73599876	-9.64751434	3.95238662
45.73999876	-9.64751434	3.95238662
45.74399876	-9.64751434	3.95238662
45.74799876	-9.64751434	3.95238662
45.75199876	-9.64751434	3.95238662
45.75599876	-9.64751434	3.95238662
45.75999876	-9.64751434	3.95238662
45.76399876	-9.64751434	0.00000000
45.76799876	-9.64751434	0.00000000
45.77199876	-9.64751434	0.00000000
45.77599876	-9.64751434	3.95238662
45.77999876	-9.64751434	3.95238662
45.78399876	-9.64751434	3.95238662
45.78799876	-9.64751434	0.00000000
45.79199876	-9.64751434	3.95238662
45.79599876	-9.64751434	3.95238662
45.79999876	-9.64751434	3.95238662
45.80399876	-9.64751434	3.95238662
45.80799876	-9.64751434	3.95238662
45.81199876	-9.64751434	3.95238662
45.81599876	-9.64751434	0.00000000
45.81999876	-9.64751434	3.95238662
45.82399876	-9.64751434	3.95238662
45.82799876	-9.64751434	0.00000000
45.83199876	-9.64751434	3.95238662
45.83599876	-9.64751434	0.00000000
45.83999876	-9.64751434	3.95238662
45.84399876	-9.64751434	3.95238662
45.84799876	-9.64751434	0.00000000
45.85199876	-9.64751434	3.95238662
45.85599876	-9.64751434	0.00000000
45.85999876	-9.80868626	0.00000000
45.86399876	-9.80868626	3.95238662
45.86799876	-9.64751434	0.00000000
45.87199876	-9.64751434	3.95238662
45.87599876	-9.64751434	7.90477324
45.87999876	-9.64751434	0.00000000
45.88399876	-9.64751434	3.95238662
45.88799876	-9.64751434	3.95238662
45.89199876	-9.64751434	3.95238662
45.89599876	-9.64751434	3.95238662
45.89999876	-9.64751434	3.95238662
45.90399876	-9.64751434	3.95238662
45.90799876	-9.64751434	3.95238662
45.91199876	-9.64751434	3.95238662
45.91599876	-9.64751434	0.00000000
45.91999876	-9.64751434	0.00000000
45.92399876	-9.64751434	0.00000000
45.92799876	-9.64751434	3.95238662
45.93199876	-9.64751434	0.00000000
45.93599876	-9.64751434	0.00000000
45.93999875	-9.64751434	3.95238662
45.94399875	-9.64751434	3.95238662
45.94799875	-9.64751434	0.00000000
45.95199875	-9.80868626	3.95238662
45.95599875	-9.64751434	3.95238662
45.95999875	-9.64751434	3.95238662
45.96399875	-9.80868626	3.95238662
45.96799875	-9.64751434	3.95238662
45.97199875	-9.64751434	3.95238662
45.97599875	-9.64751434	3.95238662
45.97999875	-9.64751434	3.95238662
45.98399875	-9.64751434	3.95238662
45.98799875	-9.64751434	3.95238662
45.99199875	-9.64751434	3.95238662
45.99599875	-9.64751434	3.95238662
45.99999875	-9.64751434	3.95238662
46.00399875	-9.64751434	0.00000000
46.00799875	-9.80868626	3.95238662
46.01199875	-9.64751434	0.00000000
46.01599875	-9.64751434	0.00000000
46.01999875	-9.64751434	0.00000000
46.02399875	-9.80868626	3.95238662
46.02799875	-9.64751434	3.95238662
46.03199875	-9.80868626	0.00000000
46.03599875	-9.80868626	3.95238662
46.03999875	-9.64751434	0.00000000
46.04399875	-9.64751434	0.00000000
46.04799875	-9.64751434	3.95238662
46.05199875	-9.64751434	3.95238662
46.05599875	-9.80868626	3.95238662
46.05999875	-9.64751434	3.95238662
46.06399875	-9.80868626	0.00000000
46.06799875	-9.64751434	3.95238662
46.07199875	-9.64751434	3.95238662
46.07599875	-9.64751434	3.95238662
46.07999875	-9.64751434	3.95238662
46.08399875	-9.64751434	3.95238662
46.08799875	-9.64751434	3.95238662
46.09199875	-9.64751434	3.95238662
46.09599875	-9.64751434	3.95238662
46.09999875	-9.80868626	3.95238662
46.10399875	-9.80868626	3.95238662
46.10799875	-9.64751434	3.95238662
46.11199875	-9.80868626	3.95238662
46.11599875	-9.80868626	0.00000000
46.11999875	-9.64751434	0.00000000
46.12399875	-9.64751434	0.00000000
46.12799875	-9.80868626	3.95238662
46.13199875	-9.80868626	0.00000000
46.13599875	-9.80868626	0.00000000
46.13999875	-9.80868626	0.00000000
46.14399875	-9.80868626	3.95238662
46.14799875	-9.80868626	3.95238662
46.15199875	-9.64751434	0.00000000
46.15599875	-9.80868626	3.95238662
46.15999875	-9.80868626	3.95238662
46.16399875	-9.80868626	0.00000000
46.16799875	-9.80868626	3.95238662
46.17199875	-9.80868626	0.00000000
46.17599875	-9.80868626	0.00000000
46.17999875	-9.80868626	3.95238662
46.18399875	-9.80868626	3.95238662
46.18799875	-9.80868626	0.00000000
46.19199875	-9.80868626	3.95238662
46.19599875	-9.80868626	3.95238662
46.19999875	-9.80868626	3.95238662
46.20399875	-9.80868626	3.95238662
46.20799875	-9.80868626	0.00000000
46.21199875	-9.80868626	3.95238662
46.21599875	-9.80868626	3.95238662
46.21999875	-9.80868626	0.00000000
46.22399875	-9.80868626	3.95238662
46.22799875	-9.80868626	3.95238662
46.23199875	-9.80868626	3.95238662
46.23599875	-9.80868626	3.95238662
46.23999875	-9.80868626	3.95238662
46.24399875	-9.80868626	0.00000000
46.24799875	-9.80868626	3.95238662
46.25199875	-9.80868626	0.00000000
46.25599875	-9.80868626	3.95238662
46.25999875	-9.80868626	3.95238662
46.26399875	-9.80868626	3.95238662
46.26799875	-9.80868626	0.00000000
46.27199875	-9.80868626	0.00000000
46.27599875	-9.80868626	3.95238662
46.27999875	-9.80868626	0.00000000
46.28399875	-9.80868626	3.95238662
46.28799875	-9.80868626	3.95238662
46.29199874	-9.80868626	3.95238662
46.29599874	-9.80868626	3.95238662
46.29999874	-9.80868626	3.95238662
46.30399874	-9.80868626	0.00000000
46.30799874	-9.80868626	3.95238662
46.31199874	-9.80868626	3.95238662
46.31599874	-9.80868626	0.00000000
46.31999874	-9.80868626	3.95238662
46.32399874	-9.80868626	3.95238662
46.32799874	-9.80868626	3.95238662
46.33199874	-9.80868626	0.00000000
46.33599874	-9.80868626	3.95238662
46.33999874	-9.80868626	3.95238662
46.34399874	-9.80868626	0.00000000
46.34799874	-9.80868626	0.00000000
46.35199874	-9.80868626	3.95238662
46.35599874	-9.80868626	0.00000000
46.35999874	-9.80868626	3.95238662
46.36399874	-9.80868626	0.00000000
46.36799874	-9.80868626	3.95238662
46.37199874	-9.80868626	3.95238662
46.37599874	-9.80868626	3.95238662
46.37999874	-9.80868626	3.95238662
46.38399874	-9.80868626	3.95238662
46.38799874	-9.80868626	3.95238662
46.39199874	-9.80868626	0.00000000
46.39599874	-9.80868626	3.95238662
46.39999874	-9.80868626	3.95238662
46.40399874	-9.80868626	0.00000000
46.40799874	-9.80868626	3.95238662
46.41199874	-9.80868626	3.95238662
46.41599874	-9.80868626	3.95238662
46.41999874	-9.80868626	3.95238662
46.42399874	-9.80868626	3.95238662
46.42799874	-9.80868626	0.00000000
46.43199874	-9.80868626	3.95238662
46.43599874	-9.80868626	3.95238662
46.43999874	-9.80868626	0.00000000
46.44399874	-9.80868626	0.00000000
46.44799874	-9.80868626	3.95238662
46.45199874	-9.80868626	0.00000000
46.45599874	-9.80868626	0.00000000
46.45999874	-9.80868626	3.95238662
46.46399874	-9.80868626	0.00000000
46.46799874	-9.80868626	3.95238662
46.47199874	-9.80868626	3.95238662
46.47599874	-9.80868626	0.00000000
46.47999874	-9.80868626	3.95238662
46.48399874	-9.80868626	3.95238662
46.48799874	-9.80868626	3.95238662
46.49199874	-9.80868626	3.95238662
46.49599874	-9.80868626	7.90477324
46.49999874	-9.80868626	3.95238662
46.50399874	-9.80868626	0.00000000
46.50799874	-9.80868626	0.00000000
46.51199874	-9.80868626	3.95238662
46.51599874	-9.80868626	3.95238662
46.51999874	-9.80868626	3.95238662
46.52399874	-9.80868626	3.95238662
46.52799874	-9.80868626	3.95238662
46.53199874	-9.80868626	0.00000000
46.53599874	-9.80868626	3.95238662
46.53999874	-9.80868626	0.00000000
46.54399874	-9.80868626	3.95238662
46.54799874	-9.80868626	3.95238662
46.55199874	-9.80868626	3.95238662
46.55599874	-9.80868626	0.00000000
46.55999874	-9.80868626	3.95238662
46.56399874	-9.80868626	3.95238662
46.56799874	-9.80868626	3.95238662
46.57199874	-9.80868626	0.00000000
46.57599874	-9.80868626	3.95238662
46.57999874	-9.80868626	3.95238662
46.58399874	-9.80868626	3.95238662
46.58799874	-9.80868626	0.00000000
46.59199874	-9.80868626	3.95238662
46.59599874	-9.80868626	0.00000000
46.59999874	-9.80868626	0.00000000
46.60399874	-9.80868626	3.95238662
46.60799874	-9.80868626	3.95238662
46.61199874	-9.80868626	0.00000000
46.61599874	-9.80868626	3.95238662
46.61999874	-9.80868626	3.95238662
46.62399874	-9.80868626	0.00000000
46.62799874	-9.80868626	0.00000000
46.63199874	-9.80868626	3.95238662
46.63599874	-9.80868626	3.95238662
46.63999874	-9.80868626	3.95238662
46.64399873	-9.80868626	3.95238662
46.64799873	-9.80868626	3.95238662
46.65199873	-9.80868626	3.95238662
46.65599873	-9.80868626	3.95238662
46.65999873	-9.80868626	3.95238662
46.66399873	-9.80868626	3.95238662
46.66799873	-9.80868626	3.95238662
46.67199873	-9.80868626	3.95238662
46.67599873	-9.80868626	0.00000000
46.67999873	-9.80868626	0.00000000
46.68399873	-9.80868626	0.00000000
46.68799873	-9.80868626	3.95238662
46.69199873	-9.80868626	0.00000000
46.69599873	-9.80868626	3.95238662
46.69999873	-9.80868626	3.95238662
46.70399873	-9.80868626	3.95238662
46.70799873	-9.80868626	3.95238662
46.71199873	-9.80868626	3.95238662
46.71599873	-9.80868626	0.00000000
46.71999873	-9.80868626	3.95238662
46.72399873	-9.80868626	3.95238662
46.72799873	-9.80868626	0.00000000
46.73199873	-9.64751434	3.95238662
46.73599873	-9.80868626	3.95238662
46.73999873	-9.80868626	3.95238662
46.74399873	-9.64751434	3.95238662
46.74799873	-9.80868626	3.95238662
46.75199873	-9.80868626	3.95238662
46.75599873	-9.64751434	3.95238662
46.75999873	-9.64751434	3.95238662
46.76399873	-9.80868626	0.00000000
46.76799873	-9.80868626	3.95238662
46.77199873	-9.64751434	3.95238662
46.77599873	-9.64751434	3.95238662
46.77999873	-9.80868626	3.95238662
46.78399873	-9.80868626	3.95238662
46.78799873	-9.64751434	3.95238662
46.79199873	-9.80868626	3.95238662
46.79599873	-9.64751434	3.95238662
46.79999873	-9.64751434	3.95238662
46.80399873	-9.80868626	3.95238662
46.80799873	-9.64751434	0.00000000
46.81199873	-9.64751434	0.00000000
46.81599873	-9.64751434	3.95238662
46.81999873	-9.64751434	3.95238662
46.82399873	-9.80868626	3.95238662
46.82799873	-9.64751434	3.95238662
46.83199873	-9.64751434	3.95238662
46.83599873	-9.64751434	3.95238662
46.83999873	-9.64751434	0.00000000
46.84399873	-9.64751434	3.95238662
46.84799873	-9.80868626	3.95238662
46.85199873	-9.64751434	3.95238662
46.85599873	-9.64751434	0.00000000
46.85999873	-9.64751434	3.95238662
46.86399873	-9.64751434	3.95238662
46.86799873	-9.80868626	3.95238662
46.87199873	-9.80868626	3.95238662
46.87599873	-9.80868626	3.95238662
46.87999873	-9.64751434	3.95238662
46.88399873	-9.64751434	3.95238662
46.88799873	-9.64751434	3.95238662
46.89199873	-9.64751434	3.95238662
46.89599873	-9.64751434	0.00000000
46.89999873	-9.80868626	3.95238662
46.90399873	-9.64751434	3.95238662
46.90799873	-9.64751434	3.95238662
46.91199873	-9.80868626	3.95238662
46.91599873	-9.64751434	3.95238662
46.91999873	-9.64751434	0.00000000
46.92399873	-9.80868626	0.00000000
46.92799873	-9.80868626	7.90477324
46.93199873	-9.80868626	3.95238662
46.93599873	-9.64751434	3.95238662
46.93999873	-9.64751434	3.95238662
46.94399873	-9.80868626	3.95238662
46.94799873	-9.80868626	3.95238662
46.95199873	-9.64751434	3.95238662
46.95599873	-9.64751434	3.95238662
46.95999873	-9.64751434	3.95238662
46.96399873	-9.80868626	3.95238662
46.96799873	-9.64751434	3.95238662
46.97199873	-9.80868626	3.95238662
46.97599873	-9.80868626	0.00000000
46.97999873	-9.80868626	3.95238662
46.98399873	-9.80868626	3.95238662
46.98799873	-9.64751434	0.00000000
46.99199873	-9.80868626	3.95238662
46.99599873	-9.80868626	3.95238662
46.99999872	-9.80868626	3.95238662
47.00399872	-9.80868626	3.95238662
47.00799872	-9.80868626	3.95238662
47.01199872	-9.80868626	3.95238662
47.01599872	-9.80868626	3.95238662
47.01999872	-9.80868626	3.95238662
47.02399872	-9.80868626	3.95238662
47.02799872	-9.80868626	3.95238662
47.03199872	-9.80868626	3.95238662
47.03599872	-9.80868626	0.00000000
47.03999872	-9.80868626	3.95238662
47.04399872	-9.80868626	3.95238662
47.04799872	-9.80868626	3.95238662
47.05199872	-9.80868626	3.95238662
47.05599872	-9.80868626	3.95238662
47.05999872	-9.80868626	3.95238662
47.06399872	-9.80868626	3.95238662
47.06799872	-9.80868626	3.95238662
47.07199872	-9.80868626	3.95238662
47.07599872	-9.80868626	3.95238662
47.07999872	-9.80868626	3.95238662
47.08399872	-9.80868626	0.00000000
47.08799872	-9.80868626	3.95238662
47.09199872	-9.80868626	7.90477324
47.09599872	-9.80868626	3.95238662
47.09999872	-9.80868626	3.95238662
47.10399872	-9.80868626	0.00000000
47.10799872	-9.80868626	3.95238662
47.11199872	-9.80868626	3.95238662
47.11599872	-9.80868626	3.95238662
47.11999872	-9.80868626	3.95238662
47.12399872	-9.80868626	3.95238662
47.12799872	-9.80868626	3.95238662
47.13199872	-9.80868626	0.00000000
47.13599872	-9.80868626	3.95238662
47.13999872	-9.80868626	0.00000000
47.14399872	-9.80868626	3.95238662
47.14799872	-9.80868626	3.95238662
47.15199872	-9.80868626	3.95238662
47.15599872	-9.80868626	3.95238662
47.15999872	-9.80868626	3.95238662
47.16399872	-9.80868626	3.95238662
47.16799872	-9.80868626	3.95238662
47.17199872	-9.80868626	3.95238662
47.17599872	-9.80868626	3.95238662
47.17999872	-9.80868626	3.95238662
47.18399872	-9.80868626	0.00000000
47.18799872	-9.80868626	3.95238662
47.19199872	-9.80868626	3.95238662
47.19599872	-9.80868626	3.95238662
47.19999872	-9.80868626	3.95238662
47.20399872	-9.80868626	3.95238662
47.20799872	-9.80868626	3.95238662
47.21199872	-9.80868626	3.95238662
47.21599872	-9.80868626	3.95238662
47.21999872	-9.80868626	3.95238662
47.22399872	-9.80868626	3.95238662
47.22799872	-9.80868626	0.00000000
47.23199872	-9.80868626	3.95238662
47.23599872	-9.80868626	0.00000000
47.23999872	-9.80868626	3.95238662
47.24399872	-9.80868626	0.00000000
47.24799872	-9.80868626	3.95238662
47.25199872	-9.80868626	0.00000000
47.25599872	-9.80868626	0.00000000
47.25999872	-9.80868626	3.95238662
47.26399872	-9.80868626	3.95238662
47.26799872	-9.80868626	3.95238662
47.27199872	-9.80868626	3.95238662
47.27599872	-9.80868626	0.00000000
47.27999872	-9.80868626	3.95238662
47.28399872	-9.80868626	3.95238662
47.28799872	-9.80868626	3.95238662
47.29199872	-9.80868626	3.95238662
47.29599872	-9.80868626	3.95238662
47.29999872	-9.80868626	3.95238662
47.30399872	-9.80868626	3.95238662
47.30799872	-9.64751434	3.95238662
47.31199872	-9.80868626	3.95238662
47.31599872	-9.80868626	3.95238662
47.31999872	-9.80868626	3.95238662
47.32399872	-9.64751434	3.95238662
47.32799872	-9.80868626	3.95238662
47.33199872	-9.80868626	3.95238662
47.33599872	-9.64751434	3.95238662
47.33999872	-9.64751434	0.00000000
47.34399872	-9.80868626	3.95238662
47.34799872	-9.80868626	3.95238662
47.35199871	-9.64751434	3.95238662
47.35599871	-9.80868626	3.95238662
47.35999871	-9.80868626	3.95238662
47.36399871	-9.80868626	3.95238662
47.36799871	-9.80868626	0.00000000
47.37199871	-9.64751434	0.00000000
47.37599871	-9.80868626	0.00000000
47.37999871	-9.80868626	3.95238662
47.38399871	-9.80868626	0.00000000
47.38799871	-9.80868626	0.00000000
47.39199871	-9.80868626	0.00000000
47.39599871	-9.80868626	3.95238662
47.39999871	-9.80868626	0.00000000
47.40399871	-9.64751434	0.00000000
47.40799871	-9.80868626	3.95238662
47.41199871	-9.80868626	0.00000000
47.41599871	-9.80868626	0.00000000
47.41999871	-9.80868626	3.95238662
47.42399871	-9.80868626	0.00000000
47.42799871	-9.64751434	3.95238662
47.43199871	-9.80868626	0.00000000
47.43599871	-9.80868626	3.95238662
47.43999871	-9.80868626	3.95238662
47.44399871	-9.80868626	3.95238662
47.44799871	-9.80868626	0.00000000
47.45199871	-9.80868626	3.95238662
47.45599871	-9.80868626	3.95238662
47.45999871	-9.80868626	3.95238662
47.46399871	-9.80868626	0.00000000
47.46799871	-9.80868626	3.95238662
47.47199871	-9.80868626	3.95238662
47.47599871	-9.80868626	0.00000000
47.47999871	-9.80868626	0.00000000
47.48399871	-9.64751434	0.00000000
47.48799871	-9.80868626	3.95238662
47.49199871	-9.80868626	0.00000000
47.49599871	-9.80868626	3.95238662
47.49999871	-9.80868626	3.95238662
47.50399871	-9.80868626	3.95238662
47.50799871	-9.80868626	3.95238662
47.51199871	-9.80868626	0.00000000
47.51599871	-9.80868626	3.95238662
47.51999871	-9.80868626	3.95238662
47.52399871	-9.80868626	0.00000000
47.52799871	-9.80868626	3.95238662
47.53199871	-9.80868626	0.00000000
47.53599871	-9.80868626	0.00000000
47.53999871	-9.80868626	3.95238662
47.54399871	-9.80868626	3.95238662
47.54799871	-9.80868626	3.95238662
47.55199871	-9.80868626	3.95238662
47.55599871	-9.80868626	3.95238662
47.55999871	-9.80868626	3.95238662
47.56399871	-9.80868626	0.00000000
47.56799871	-9.80868626	7.90477324
47.57199871	-9.80868626	0.00000000
47.57599871	-9.80868626	3.95238662
47.57999871	-9.80868626	3.95238662
47.58399871	-9.80868626	3.95238662
47.58799871	-9.80868626	3.95238662
47.59199871	-9.80868626	3.95238662
47.59599871	-9.80868626	0.00000000
47.59999871	-9.80868626	3.95238662
47.60399871	-9.80868626	0.00000000
47.60799871	-9.80868626	3.95238662
47.61199871	-9.80868626	0.00000000
47.61599871	-9.80868626	3.95238662
47.61999871	-9.80868626	3.95238662
47.62399871	-9.80868626	0.00000000
47.62799871	-9.80868626	3.95238662
47.63199871	-9.80868626	0.00000000
47.63599871	-9.80868626	3.95238662
47.63999871	-9.80868626	0.00000000
47.64399871	-9.80868626	3.95238662
47.64799871	-9.80868626	0.00000000
47.65199871	-9.80868626	3.95238662
47.65599871	-9.80868626	0.00000000
47.65999871	-9.80868626	3.95238662
47.66399871	-9.80868626	3.95238662
47.66799871	-9.80868626	0.00000000
47.67199871	-9.80868626	0.00000000
47.67599871	-9.80868626	3.95238662
47.67999871	-9.80868626	3.95238662
47.68399871	-9.80868626	3.95238662
47.68799871	-9.80868626	3.95238662
47.69199871	-9.80868626	0.00000000
47.69599871	-9.80868626	3.95238662
47.69999871	-9.80868626	3.95238662
47.70399871	-9.80868626	3.95238662
47.70799870	-9.80868626	3.95238662
47.71199870	-9.80868626	3.95238662
47.71599870	-9.80868626	0.00000000
47.71999870	-9.80868626	3.95238662
47.72399870	-9.80868626	3.95238662
47.72799870	-9.80868626	3.95238662
47.73199870	-9.80868626	3.95238662
47.73599870	-9.80868626	3.95238662
47.73999870	-9.80868626	3.95238662
47.74399870	-9.80868626	0.00000000
47.74799870	-9.80868626	3.95238662
47.75199870	-9.80868626	0.00000000
47.75599870	-9.80868626	3.95238662
47.75999870	-9.80868626	3.95238662
47.76399870	-9.80868626	3.95238662
47.76799870	-9.80868626	3.95238662
47.77199870	-9.80868626	3.95238662
47.77599870	-9.80868626	3.95238662
47.77999870	-9.80868626	3.95238662
47.78399870	-9.80868626	0.00000000
47.78799870	-9.80868626	0.00000000
47.79199870	-9.80868626	3.95238662
47.79599870	-9.80868626	0.00000000
47.79999870	-9.80868626	3.95238662
47.80399870	-9.80868626	0.00000000
47.80799870	-9.80868626	0.00000000
47.81199870	-9.80868626	3.95238662
47.81599870	-9.80868626	3.95238662
47.81999870	-9.80868626	0.00000000
47.82399870	-9.80868626	3.95238662
47.82799870	-9.80868626	0.00000000
47.83199870	-9.80868626	0.00000000
47.83599870	-9.80868626	3.95238662
47.83999870	-9.80868626	3.95238662
47.84399870	-9.80868626	3.95238662
47.84799870	-9.80868626	3.95238662
47.85199870	-9.80868626	0.00000000
47.85599870	-9.80868626	3.95238662
47.85999870	-9.80868626	3.95238662
47.86399870	-9.80868626	3.95238662
47.86799870	-9.80868626	0.00000000
47.87199870	-9.80868626	3.95238662
47.87599870	-9.80868626	0.00000000
47.87999870	-9.64751434	3.95238662
47.88399870	-9.80868626	0.00000000
47.88799870	-9.80868626	3.95238662
47.89199870	-9.80868626	3.95238662
47.89599870	-9.80868626	3.95238662
47.89999870	-9.80868626	3.95238662
47.90399870	-9.80868626	3.95238662
47.90799870	-9.80868626	3.95238662
47.91199870	-9.64751434	3.95238662
47.91599870	-9.80868626	3.95238662
47.91999870	-9.80868626	3.95238662
47.92399870	-9.80868626	3.95238662
47.92799870	-9.80868626	3.95238662
47.93199870	-9.80868626	0.00000000
47.93599870	-9.80868626	3.95238662
47.93999870	-9.80868626	3.95238662
47.94399870	-9.64751434	3.95238662
47.94799870	-9.64751434	0.00000000
47.95199870	-9.64751434	3.95238662
47.95599870	-9.64751434	3.95238662
47.95999870	-9.64751434	3.95238662
47.96399870	-9.64751434	0.00000000
47.96799870	-9.64751434	3.95238662
47.97199870	-9.64751434	3.95238662
47.97599870	-9.64751434	3.95238662
47.97999870	-9.64751434	3.95238662
47.98399870	-9.64751434	3.95238662
47.98799870	-9.64751434	3.95238662
47.99199870	-9.64751434	0.00000000
47.99599870	-9.64751434	3.95238662
47.99999870	-9.64751434	3.95238662
48.00399870	-9.64751434	0.00000000
48.00799870	-9.64751434	3.95238662
48.01199870	-9.64751434	3.95238662
48.01599870	-9.64751434	3.95238662
48.01999870	-9.64751434	3.95238662
48.02399870	-9.64751434	3.95238662
48.02799870	-9.64751434	3.95238662
48.03199870	-9.64751434	3.95238662
48.03599870	-9.64751434	3.95238662
48.03999870	-9.64751434	3.95238662
48.04399870	-9.64751434	3.95238662
48.04799870	-9.64751434	0.00000000
48.05199870	-9.64751434	3.95238662
48.05599870	-9.64751434	3.95238662
48.05999869	-9.64751434	0.00000000
48.06399869	-9.64751434	3.95238662
48.06799869	-9.64751434	3.95238662
48.07199869	-9.64751434	3.95238662
48.07599869	-9.64751434	0.00000000
48.07999869	-9.64751434	3.95238662
48.08399869	-9.64751434	3.95238662
48.08799869	-9.64751434	0.00000000
48.09199869	-9.64751434	3.95238662
48.09599869	-9.64751434	0.00000000
48.09999869	-9.64751434	0.00000000
48.10399869	-9.64751434	3.95238662
48.10799869	-9.64751434	0.00000000
48.11199869	-9.64751434	3.95238662
48.11599869	-9.64751434	3.95238662
48.11999869	-9.64751434	3.95238662
48.12399869	-9.64751434	3.95238662
48.12799869	-9.64751434	3.95238662
48.13199869	-9.64751434	0.00000000
48.13599869	-9.64751434	3.95238662
48.13999869	-9.64751434	3.95238662
48.14399869	-9.64751434	0.00000000
48.14799869	-9.64751434	3.95238662
48.15199869	-9.64751434	3.95238662
48.15599869	-9.64751434	3.95238662
48.15999869	-9.64751434	3.95238662
48.16399869	-9.64751434	3.95238662
48.16799869	-9.64751434	0.00000000
48.17199869	-9.64751434	0.00000000
48.17599869	-9.64751434	3.95238662
48.17999869	-9.64751434	3.95238662
48.18399869	-9.64751434	3.95238662
48.18799869	-9.64751434	3.95238662
48.19199869	-9.64751434	3.95238662
48.19599869	-9.64751434	0.00000000
48.19999869	-9.64751434	0.00000000
48.20399869	-9.64751434	3.95238662
48.20799869	-9.64751434	3.95238662
48.21199869	-9.64751434	3.95238662
48.21599869	-9.64751434	0.00000000
48.21999869	-9.64751434	3.95238662
48.22399869	-9.64751434	3.95238662
48.22799869	-9.64751434	3.95238662
48.23199869	-9.64751434	3.95238662
48.23599869	-9.64751434	3.95238662
48.23999869	-9.64751434	3.95238662
48.24399869	-9.64751434	3.95238662
48.24799869	-9.64751434	0.00000000
48.25199869	-9.64751434	3.95238662
48.25599869	-9.64751434	3.95238662
48.25999869	-9.64751434	3.95238662
48.26399869	-9.64751434	3.95238662
48.26799869	-9.64751434	3.95238662
48.27199869	-9.64751434	3.95238662
48.27599869	-9.64751434	3.95238662
48.27999869	-9.64751434	3.95238662
48.28399869	-9.64751434	3.95238662
48.28799869	-9.64751434	0.00000000
48.29199869	-9.64751434	3.95238662
48.29599869	-9.64751434	3.95238662
48.29999869	-9.64751434	3.95238662
48.30399869	-9.64751434	3.95238662
48.30799869	-9.64751434	0.00000000
48.31199869	-9.64751434	3.95238662
48.31599869	-9.64751434	0.00000000
48.31999869	-9.64751434	0.00000000
48.32399869	-9.64751434	3.95238662
48.32799869	-9.64751434	3.95238662
48.33199869	-9.64751434	3.95238662
48.33599869	-9.64751434	3.95238662
48.33999869	-9.64751434	0.00000000
48.34399869	-9.64751434	0.00000000
48.34799869	-9.64751434	3.95238662
48.35199869	-9.64751434	3.95238662
48.35599869	-9.64751434	3.95238662
48.35999869	-9.64751434	3.95238662
48.36399869	-9.64751434	0.00000000
48.36799869	-9.64751434	0.00000000
48.37199869	-9.64751434	3.95238662
48.37599869	-9.64751434	3.95238662
48.37999869	-9.64751434	0.00000000
48.38399869	-9.64751434	3.95238662
48.38799869	-9.64751434	3.95238662
48.39199869	-9.64751434	3.95238662
48.39599869	-9.64751434	0.00000000
48.39999869	-9.64751434	3.95238662
48.40399869	-9.64751434	3.95238662
48.40799869	-9.64751434	0.00000000
48.41199868	-9.64751434	3.95238662
48.41599868	-9.64751434	3.95238662
48.41999868	-9.64751434	3.95238662
48.42399868	-9.64751434	3.95238662
48.42799868	-9.64751434	0.00000000
48.43199868	-9.64751434	3.95238662
48.43599868	-9.64751434	0.00000000
48.43999868	-9.64751434	3.95238662
48.44399868	-9.64751434	3.95238662
48.44799868	-9.64751434	0.00000000
48.45199868	-9.64751434	3.95238662
48.45599868	-9.64751434	0.00000000
48.45999868	-9.64751434	0.00000000
48.46399868	-9.64751434	3.95238662
48.46799868	-9.64751434	3.95238662
48.47199868	-9.64751434	3.95238662
48.47599868	-9.64751434	3.95238662
48.47999868	-9.64751434	3.95238662
48.48399868	-9.64751434	3.95238662
48.48799868	-9.64751434	3.95238662
48.49199868	-9.64751434	3.95238662
48.49599868	-9.64751434	3.95238662
48.49999868	-9.64751434	3.95238662
48.50399868	-9.64751434	0.00000000
48.50799868	-9.64751434	3.95238662
48.51199868	-9.64751434	0.00000000
48.51599868	-9.64751434	3.95238662
48.51999868	-9.64751434	3.95238662
48.52399868	-9.64751434	3.95238662
48.52799868	-9.80868626	3.95238662
48.53199868	-9.80868626	3.95238662
48.53599868	-9.64751434	3.95238662
48.53999868	-9.64751434	3.95238662
48.54399868	-9.64751434	3.95238662
48.54799868	-9.64751434	3.95238662
48.55199868	-9.64751434	3.95238662
48.55599868	-9.80868626	0.00000000
48.55999868	-9.64751434	0.00000000
48.56399868	-9.64751434	3.95238662
48.56799868	-9.64751434	3.95238662
48.57199868	-9.64751434	3.95238662
48.57599868	-9.64751434	3.95238662
48.57999868	-9.80868626	3.95238662
48.58399868	-9.80868626	0.00000000
48.58799868	-9.80868626	3.95238662
48.59199868	-9.80868626	3.95238662
48.59599868	-9.64751434	0.00000000
48.59999868	-9.80868626	0.00000000
48.60399868	-9.64751434	0.00000000
48.60799868	-9.80868626	0.00000000
48.61199868	-9.80868626	0.00000000
48.61599868	-9.64751434	3.95238662
48.61999868	-9.80868626	0.00000000
48.62399868	-9.64751434	0.00000000
48.62799868	-9.64751434	3.95238662
48.63199868	-9.80868626	3.95238662
48.63599868	-9.80868626	3.95238662
48.63999868	-9.80868626	3.95238662
48.64399868	-9.80868626	3.95238662
48.64799868	-9.80868626	3.95238662
48.65199868	-9.80868626	3.95238662
48.65599868	-9.80868626	0.00000000
48.65999868	-9.64751434	3.95238662
48.66399868	-9.80868626	3.95238662
48.66799868	-9.80868626	3.95238662
48.67199868	-9.80868626	3.95238662
48.67599868	-9.64751434	3.95238662
48.67999868	-9.64751434	3.95238662
48.68399868	-9.64751434	0.00000000
48.68799868	-9.64751434	3.95238662
48.69199868	-9.80868626	0.00000000
48.69599868	-9.80868626	0.00000000
48.69999868	-9.80868626	3.95238662
48.70399868	-9.80868626	3.95238662
48.70799868	-9.80868626	0.00000000
48.71199868	-9.80868626	3.95238662
48.71599868	-9.64751434	3.95238662
48.71999868	-9.80868626	0.00000000
48.72399868	-9.80868626	3.95238662
48.72799868	-9.80868626	3.95238662
48.73199868	-9.80868626	0.00000000
48.73599868	-9.80868626	3.95238662
48.73999868	-9.80868626	3.95238662
48.74399868	-9.80868626	3.95238662
48.74799868	-9.80868626	3.95238662
48.75199868	-9.80868626	3.95238662
48.75599868	-9.80868626	3.95238662
48.75999868	-9.80868626	3.95238662
48.76399868	-9.80868626	3.95238662
48.76799867	-9.80868626	3.95238662
48.77199867	-9.80868626	3.95238662
48.77599867	-9.80868626	3.95238662
48.77999867	-9.80868626	3.95238662
48.78399867	-9.80868626	3.95238662
48.78799867	-9.80868626	3.95238662
48.79199867	-9.80868626	3.95238662
48.79599867	-9.80868626	3.95238662
48.79999867	-9.80868626	3.95238662
48.80399867	-9.80868626	3.95238662
48.80799867	-9.80868626	3.95238662
48.81199867	-9.80868626	3.95238662
48.81599867	-9.80868626	0.00000000
48.81999867	-9.80868626	3.95238662
48.82399867	-9.80868626	3.95238662
48.82799867	-9.80868626	0.00000000
48.83199867	-9.80868626	3.95238662
48.83599867	-9.80868626	0.00000000
48.83999867	-9.80868626	3.95238662
48.84399867	-9.80868626	3.95238662
48.84799867	-9.80868626	3.95238662
48.85199867	-9.80868626	3.95238662
48.85599867	-9.80868626	3.95238662
48.85999867	-9.80868626	0.00000000
48.86399867	-9.80868626	3.95238662
48.86799867	-9.80868626	3.95238662
48.87199867	-9.80868626	3.95238662
48.87599867	-9.80868626	0.00000000
48.87999867	-9.80868626	3.95238662
48.88399867	-9.80868626	3.95238662
48.88799867	-9.80868626	3.95238662
48.89199867	-9.80868626	3.95238662
48.89599867	-9.80868626	0.00000000
48.89999867	-9.80868626	0.00000000
48.90399867	-9.80868626	3.95238662
48.90799867	-9.80868626	3.95238662
48.91199867	-9.80868626	0.00000000
48.91599867	-9.80868626	3.95238662
48.91999867	-9.80868626	0.00000000
48.92399867	-9.80868626	0.00000000
48.92799867	-9.80868626	0.00000000
48.93199867	-9.80868626	3.95238662
48.93599867	-9.80868626	3.95238662
48.93999867	-9.80868626	3.95238662
48.94399867	-9.80868626	3.95238662
48.94799867	-9.80868626	0.00000000
48.95199867	-9.80868626	3.95238662
48.95599867	-9.80868626	0.00000000
48.95999867	-9.80868626	3.95238662
48.96399867	-9.80868626	3.95238662
48.96799867	-9.80868626	3.95238662
48.97199867	-9.80868626	3.95238662
48.97599867	-9.80868626	3.95238662
48.97999867	-9.80868626	3.95238662
48.98399867	-9.80868626	0.00000000
48.98799867	-9.80868626	3.95238662
48.99199867	-9.80868626	0.00000000
48.99599867	-9.80868626	0.00000000
48.99999867	-9.80868626	3.95238662
49.00399867	-9.80868626	0.00000000
49.00799867	-9.80868626	3.95238662
49.01199867	-9.80868626	3.95238662
49.01599867	-9.80868626	3.95238662
49.01999867	-9.80868626	3.95238662
49.02399867	-9.80868626	0.00000000
49.02799867	-9.80868626	3.95238662
49.03199867	-9.80868626	3.95238662
49.03599867	-9.80868626	3.95238662
49.03999867	-9.80868626	0.00000000
49.04399867	-9.80868626	3.95238662
49.04799867	-9.80868626	3.95238662
49.05199867	-9.80868626	3.95238662
49.05599867	-9.80868626	0.00000000
49.05999867	-9.80868626	3.95238662
49.06399867	-9.80868626	3.95238662
49.06799867	-9.80868626	3.95238662
49.07199867	-9.80868626	3.95238662
49.07599867	-9.80868626	3.95238662
49.07999867	-9.80868626	3.95238662
49.08399867	-9.80868626	3.95238662
49.08799867	-9.80868626	3.95238662
49.09199867	-9.80868626	3.95238662
49.09599867	-9.80868626	3.95238662
49.09999867	-9.80868626	3.95238662
49.10399867	-9.80868626	0.00000000
49.10799867	-9.80868626	0.00000000
49.11199867	-9.80868626	0.00000000
49.11599867	-9.80868626	0.00000000
49.11999866	-9.80868626	3.95238662
49.12399866	-9.80868626	3.95238662
49.12799866	-9.80868626	3.95238662
49.13199866	-9.80868626	0.00000000
49.13599866	-9.80868626	3.95238662
49.13999866	-9.80868626	3.95238662
49.14399866	-9.80868626	3.95238662
49.14799866	-9.80868626	3.95238662
49.15199866	-9.80868626	3.95238662
49.15599866	-9.64751434	3.95238662
49.15999866	-9.80868626	0.00000000
49.16399866	-9.80868626	3.95238662
49.16799866	-9.80868626	7.90477324
49.17199866	-9.80868626	3.95238662
49.17599866	-9.80868626	0.00000000
49.17999866	-9.80868626	0.00000000
49.18399866	-9.80868626	3.95238662
49.18799866	-9.80868626	0.00000000
49.19199866	-9.64751434	3.95238662
49.19599866	-9.80868626	3.95238662
49.19999866	-9.80868626	3.95238662
49.20399866	-9.80868626	3.95238662
49.20799866	-9.80868626	0.00000000
49.21199866	-9.64751434	0.00000000
49.21599866	-9.80868626	3.95238662
49.21999866	-9.80868626	3.95238662
49.22399866	-9.80868626	0.00000000
49.22799866	-9.80868626	3.95238662
49.23199866	-9.80868626	0.00000000
49.23599866	-9.80868626	0.00000000
49.23999866	-9.80868626	3.95238662
49.24399866	-9.64751434	3.95238662
49.24799866	-9.80868626	3.95238662
49.25199866	-9.64751434	3.95238662
49.25599866	-9.64751434	3.95238662
49.25999866	-9.64751434	3.95238662
49.26399866	-9.64751434	3.95238662
49.26799866	-9.64751434	0.00000000
49.27199866	-9.64751434	3.95238662
49.27599866	-9.64751434	3.95238662
49.27999866	-9.64751434	3.95238662
49.28399866	-9.80868626	0.00000000
49.28799866	-9.64751434	3.95238662
49.29199866	-9.64751434	0.00000000
49.29599866	-9.64751434	3.95238662
49.29999866	-9.64751434	3.95238662
49.30399866	-9.64751434	3.95238662
49.30799866	-9.64751434	3.95238662
49.31199866	-9.64751434	0.00000000
49.31599866	-9.64751434	3.95238662
49.31999866	-9.64751434	3.95238662
49.32399866	-9.64751434	3.95238662
49.32799866	-9.64751434	0.00000000
49.33199866	-9.64751434	3.95238662
49.33599866	-9.64751434	3.95238662
49.33999866	-9.64751434	3.95238662
49.34399866	-9.64751434	3.95238662
49.34799866	-9.64751434	0.00000000
49.35199866	-9.64751434	3.95238662
49.35599866	-9.64751434	3.95238662
49.35999866	-9.64751434	3.95238662
49.36399866	-9.64751434	0.00000000
49.36799866	-9.64751434	3.95238662
49.37199866	-9.64751434	3.95238662
49.37599866	-9.64751434	3.95238662
49.37999866	-9.64751434	3.95238662
49.38399866	-9.64751434	3.95238662
49.38799866	-9.64751434	3.95238662
49.39199866	-9.64751434	3.95238662
49.39599866	-9.64751434	0.00000000
49.39999866	-9.64751434	3.95238662
49.40399866	-9.64751434	0.00000000
49.40799866	-9.80868626	3.95238662
49.41199866	-9.64751434	0.00000000
49.41599866	-9.64751434	0.00000000
49.41999866	-9.64751434	3.95238662
49.42399866	-9.64751434	0.00000000
49.42799866	-9.80868626	0.00000000
49.43199866	-9.64751434	3.95238662
49.43599866	-9.64751434	0.00000000
49.43999866	-9.80868626	0.00000000
49.44399866	-9.64751434	3.95238662
49.44799866	-9.64751434	3.95238662
49.45199866	-9.64751434	3.95238662
49.45599866	-9.64751434	0.00000000
49.45999866	-9.64751434	3.95238662
49.46399866	-9.64751434	3.95238662
49.46799866	-9.64751434	3.95238662
49.47199866	-9.64751434	3.95238662
49.47599865	-9.80868626	3.95238662
49.47999865	-9.80868626	3.95238662
49.48399865	-9.64751434	3.95238662
49.48799865	-9.80868626	3.95238662
49.49199865	-9.64751434	3.95238662
49.49599865	-9.64751434	3.95238662
49.49999865	-9.64751434	3.95238662
49.50399865	-9.80868626	0.00000000
49.50799865	-9.80868626	3.95238662
49.51199865	-9.64751434	3.95238662
49.51599865	-9.64751434	0.00000000
49.51999865	-9.64751434	3.95238662
49.52399865	-9.64751434	0.00000000
49.52799865	-9.80868626	0.00000000
49.53199865	-9.64751434	3.95238662
49.53599865	-9.80868626	3.95238662
49.53999865	-9.80868626	3.95238662
49.54399865	-9.80868626	3.95238662
49.54799865	-9.80868626	3.95238662
49.55199865	-9.64751434	3.95238662
49.55599865	-9.80868626	3.95238662
49.55999865	-9.64751434	3.95238662
49.56399865	-9.64751434	0.00000000
49.56799865	-9.80868626	3.95238662
49.57199865	-9.80868626	0.00000000
49.57599865	-9.80868626	3.95238662
49.57999865	-9.80868626	3.95238662
49.58399865	-9.64751434	3.95238662
49.58799865	-9.80868626	3.95238662
49.59199865	-9.80868626	3.95238662
49.59599865	-9.80868626	0.00000000
49.59999865	-9.80868626	3.95238662
49.60399865	-9.80868626	3.95238662
49.60799865	-9.80868626	3.95238662
49.61199865	-9.64751434	7.90477324
49.61599865	-9.80868626	3.95238662
49.61999865	-9.64751434	3.95238662
49.62399865	-9.80868626	3.95238662
49.62799865	-9.80868626	3.95238662
49.63199865	-9.80868626	3.95238662
49.63599865	-9.80868626	3.95238662
49.63999865	-9.80868626	3.95238662
49.64399865	-9.80868626	3.95238662
49.64799865	-9.80868626	0.00000000
49.65199865	-9.80868626	0.00000000
49.65599865	-9.80868626	3.95238662
49.65999865	-9.64751434	0.00000000
49.66399865	-9.80868626	3.95238662
49.66799865	-9.64751434	3.95238662
49.67199865	-9.64751434	3.95238662
49.67599865	-9.80868626	3.95238662
49.67999865	-9.80868626	3.95238662
49.68399865	-9.80868626	7.90477324
49.68799865	-9.80868626	3.95238662
49.69199865	-9.80868626	0.00000000
49.69599865	-9.80868626	3.95238662
49.69999865	-9.80868626	3.95238662
49.70399865	-9.64751434	3.95238662
49.70799865	-9.64751434	3.95238662
49.71199865	-9.80868626	3.95238662
49.71599865	-9.80868626	3.95238662
49.71999865	-9.80868626	3.95238662
49.72399865	-9.64751434	0.00000000
49.72799865	-9.80868626	3.95238662
49.73199865	-9.80868626	3.95238662
49.73599865	-9.80868626	7.90477324
49.73999865	-9.64751434	3.95238662
49.74399865	-9.80868626	3.95238662
49.74799865	-9.80868626	3.95238662
49.75199865	-9.64751434	3.95238662
49.75599865	-9.80868626	3.95238662
49.75999865	-9.80868626	3.95238662
49.76399865	-9.64751434	0.00000000
49.76799865	-9.80868626	3.95238662
49.77199865	-9.64751434	3.95238662
49.77599865	-9.80868626	3.95238662
49.77999865	-9.80868626	3.95238662
49.78399865	-9.64751434	3.95238662
49.78799865	-9.64751434	3.95238662
49.79199865	-9.80868626	3.95238662
49.79599865	-9.80868626	3.95238662
49.79999865	-9.64751434	3.95238662
49.80399865	-9.64751434	3.95238662
49.80799865	-9.64751434	3.95238662
49.81199865	-9.80868626	3.95238662
49.81599865	-9.64751434	3.95238662
49.81999865	-9.64751434	3.95238662
49.82399865	-9.64751434	3.95238662
49.82799864	-9.64751434	0.00000000
49.83199864	-9.80868626	3.95238662
49.83599864	-9.64751434	0.00000000
49.83999864	-9.64751434	3.95238662
49.84399864	-9.64751434	3.95238662
49.84799864	-9.64751434	3.95238662
49.85199864	-9.64751434	0.00000000
49.85599864	-9.80868626	3.95238662
49.85999864	-9.80868626	3.95238662
49.86399864	-9.80868626	0.00000000
49.86799864	-9.64751434	3.95238662
49.87199864	-9.64751434	3.95238662
49.87599864	-9.64751434	0.00000000
49.87999864	-9.80868626	3.95238662
49.88399864	-9.64751434	0.00000000
49.88799864	-9.64751434	3.95238662
49.89199864	-9.80868626	3.95238662
49.89599864	-9.80868626	3.95238662
49.89999864	-9.64751434	0.00000000
49.90399864	-9.64751434	3.95238662
49.90799864	-9.64751434	0.00000000
49.91199864	-9.64751434	3.95238662
49.91599864	-9.64751434	0.00000000
49.91999864	-9.64751434	0.00000000
49.92399864	-9.80868626	3.95238662
49.92799864	-9.64751434	3.95238662
49.93199864	-9.64751434	3.95238662
49.93599864	-9.64751434	3.95238662
49.93999864	-9.64751434	0.00000000
49.94399864	-9.80868626	0.00000000
49.94799864	-9.64751434	3.95238662
49.95199864	-9.80868626	3.95238662
49.95599864	-9.80868626	0.00000000
49.95999864	-9.80868626	3.95238662
49.96399864	-9.80868626	3.95238662
49.96799864	-9.80868626	3.95238662
49.97199864	-9.80868626	3.95238662
49.97599864	-9.80868626	3.95238662
49.97999864	-9.80868626	3.95238662
49.98399864	-9.80868626	3.95238662
49.98799864	-9.64751434	0.00000000
49.99199864	-9.80868626	3.95238662
49.99599864	-9.80868626	0.00000000
49.99999864	-9.80868626	3.95238662
50.00399864	-9.80868626	3.95238662
50.00799864	-9.80868626	3.95238662
50.01199864	-9.64751434	3.95238662
50.01599864	-9.80868626	3.95238662
50.01999864	-9.80868626	3.95238662
50.02399864	-9.80868626	3.95238662
50.02799864	-9.80868626	3.95238662
50.03199864	-9.80868626	3.95238662
50.03599864	-9.80868626	3.95238662
50.03999864	-9.80868626	3.95238662
50.04399864	-9.80868626	0.00000000
50.04799864	-9.80868626	3.95238662
50.05199864	-9.80868626	0.00000000
50.05599864	-9.80868626	3.95238662
50.05999864	-9.80868626	3.95238662
50.06399864	-9.80868626	3.95238662
50.06799864	-9.80868626	3.95238662
50.07199864	-9.80868626	0.00000000
50.07599864	-9.80868626	0.00000000
50.07999864	-9.80868626	3.95238662
50.08399864	-9.80868626	3.95238662
50.08799864	-9.80868626	3.95238662
50.09199864	-9.80868626	3.95238662
50.09599864	-9.80868626	3.95238662
50.09999864	-9.80868626	7.90477324
50.10399864	-9.80868626	3.95238662
50.10799864	-9.80868626	3.95238662
50.11199864	-9.80868626	3.95238662
50.11599864	-9.80868626	3.95238662
50.11999864	-9.80868626	3.95238662
50.12399864	-9.80868626	3.95238662
50.12799864	-9.80868626	0.00000000
50.13199864	-9.80868626	3.95238662
50.13599864	-9.80868626	3.95238662
50.13999864	-9.80868626	3.95238662
50.14399864	-9.80868626	3.95238662
50.14799864	-9.80868626	7.90477324
50.15199864	-9.80868626	3.95238662
50.15599864	-9.80868626	3.95238662
50.15999864	-9.80868626	3.95238662
50.16399864	-9.80868626	3.95238662
50.16799864	-9.80868626	3.95238662
50.17199864	-9.80868626	3.95238662
50.17599864	-9.80868626	3.95238662
50.17999863	-9.80868626	3.95238662
50.18399863	-9.80868626	3.95238662
50.18799863	-9.80868626	0.00000000
50.19199863	-9.80868626	3.95238662
50.19599863	-9.80868626	3.95238662
50.19999863	-9.80868626	3.95238662
50.20399863	-9.80868626	3.95238662
50.20799863	-9.80868626	3.95238662
50.21199863	-9.80868626	0.00000000
50.21599863	-9.80868626	0.00000000
50.21999863	-9.80868626	0.00000000
50.22399863	-9.80868626	3.95238662
50.22799863	-9.80868626	3.95238662
50.23199863	-9.80868626	3.95238662
50.23599863	-9.80868626	0.00000000
50.23999863	-9.80868626	3.95238662
50.24399863	-9.80868626	3.95238662
50.24799863	-9.80868626	3.95238662
50.25199863	-9.80868626	0.00000000
50.25599863	-9.80868626	3.95238662
50.25999863	-9.80868626	0.00000000
50.26399863	-9.80868626	0.00000000
50.26799863	-9.80868626	3.95238662
50.27199863	-9.80868626	3.95238662
50.27599863	-9.80868626	7.90477324
50.27999863	-9.80868626	0.00000000
50.28399863	-9.80868626	0.00000000
50.28799863	-9.80868626	3.95238662
50.29199863	-9.80868626	3.95238662
50.29599863	-9.80868626	3.95238662
50.29999863	-9.80868626	3.95238662
50.30399863	-9.80868626	3.95238662
50.30799863	-9.80868626	3.95238662
50.31199863	-9.80868626	3.95238662
50.31599863	-9.80868626	3.95238662
50.31999863	-9.80868626	3.95238662
50.32399863	-9.80868626	3.95238662
50.32799863	-9.80868626	0.00000000
50.33199863	-9.80868626	3.95238662
50.33599863	-9.80868626	3.95238662
50.33999863	-9.80868626	3.95238662
50.34399863	-9.80868626	3.95238662
50.34799863	-9.80868626	3.95238662
50.35199863	-9.80868626	3.95238662
50.35599863	-9.80868626	3.95238662
50.35999863	-9.80868626	3.95238662
50.36399863	-9.80868626	0.00000000
50.36799863	-9.80868626	3.95238662
50.37199863	-9.80868626	3.95238662
50.37599863	-9.80868626	3.95238662
50.37999863	-9.80868626	3.95238662
50.38399863	-9.80868626	3.95238662
50.38799863	-9.80868626	0.00000000
50.39199863	-9.80868626	3.95238662
50.39599863	-9.80868626	3.95238662
50.39999863	-9.80868626	0.00000000
50.40399863	-9.80868626	3.95238662
50.40799863	-9.80868626	0.00000000
50.41199863	-9.80868626	3.95238662
50.41599863	-9.80868626	0.00000000
50.41999863	-9.80868626	0.00000000
50.42399863	-9.80868626	3.95238662
50.42799863	-9.80868626	0.00000000
50.43199863	-9.80868626	3.95238662
50.43599863	-9.80868626	3.95238662
50.43999863	-9.64751434	3.95238662
50.44399863	-9.80868626	0.00000000
50.44799863	-9.80868626	3.95238662
50.45199863	-9.80868626	3.95238662
50.45599863	-9.64751434	3.95238662
50.45999863	-9.80868626	3.95238662
50.46399863	-9.64751434	3.95238662
50.46799863	-9.64751434	3.95238662
50.47199863	-9.64751434	3.95238662
50.47599863	-9.64751434	3.95238662
50.47999863	-9.64751434	3.95238662
50.48399863	-9.64751434	3.95238662
50.48799863	-9.80868626	3.95238662
50.49199863	-9.64751434	0.00000000
50.49599863	-9.64751434	3.95238662
50.49999863	-9.64751434	3.95238662
50.50399863	-9.64751434	3.95238662
50.50799863	-9.64751434	3.95238662
50.51199863	-9.80868626	0.00000000
50.51599863	-9.64751434	3.95238662
50.51999863	-9.64751434	3.95238662
50.52399863	-9.64751434	0.00000000
50.52799863	-9.64751434	3.95238662
50.53199863	-9.64751434	0.00000000
50.53599862	-9.64751434	3.95238662
50.53999862	-9.64751434	3.95238662
50.54399862	-9.64751434	0.00000000
50.54799862	-9.64751434	3.95238662
50.55199862	-9.64751434	3.95238662
50.55599862	-9.64751434	0.00000000
50.55999862	-9.64751434	3.95238662
50.56399862	-9.64751434	3.95238662
50.56799862	-9.64751434	3.95238662
50.57199862	-9.64751434	3.95238662
50.57599862	-9.64751434	3.95238662
50.57999862	-9.64751434	3.95238662
50.58399862	-9.64751434	0.00000000
50.58799862	-9.64751434	3.95238662
50.59199862	-9.64751434	3.95238662
50.59599862	-9.64751434	0.00000000
50.59999862	-9.64751434	3.95238662
50.60399862	-9.64751434	0.00000000
50.60799862	-9.64751434	3.95238662
50.61199862	-9.64751434	0.00000000
50.61599862	-9.64751434	3.95238662
50.61999862	-9.64751434	3.95238662
50.62399862	-9.64751434	3.95238662
50.62799862	-9.64751434	3.95238662
50.63199862	-9.64751434	3.95238662
50.63599862	-9.64751434	3.95238662
50.63999862	-9.64751434	3.95238662
50.64399862	-9.64751434	0.00000000
50.64799862	-9.64751434	3.95238662
50.65199862	-9.64751434	3.95238662
50.65599862	-9.64751434	3.95238662
50.65999862	-9.64751434	3.95238662
50.66399862	-9.64751434	3.95238662
50.66799862	-9.64751434	0.00000000
50.67199862	-9.64751434	3.95238662
50.67599862	-9.64751434	3.95238662
50.67999862	-9.64751434	3.95238662
50.68399862	-9.64751434	0.00000000
50.68799862	-9.64751434	7.90477324
50.69199862	-9.64751434	3.95238662
50.69599862	-9.64751434	0.00000000
50.69999862	-9.64751434	3.95238662
50.70399862	-9.64751434	3.95238662
50.70799862	-9.64751434	3.95238662
50.71199862	-9.64751434	0.00000000
50.71599862	-9.64751434	0.00000000
50.71999862	-9.64751434	3.95238662
50.72399862	-9.64751434	3.95238662
50.72799862	-9.64751434	3.95238662
50.73199862	-9.64751434	3.95238662
50.73599862	-9.64751434	3.95238662
50.73999862	-9.64751434	3.95238662
50.74399862	-9.64751434	3.95238662
50.74799862	-9.64751434	0.00000000
50.75199862	-9.64751434	3.95238662
50.75599862	-9.64751434	3.95238662
50.75999862	-9.64751434	3.95238662
50.76399862	-9.64751434	3.95238662
50.76799862	-9.64751434	0.00000000
50.77199862	-9.64751434	0.00000000
50.77599862	-9.64751434	3.95238662
50.77999862	-9.64751434	3.95238662
50.78399862	-9.64751434	3.95238662
50.78799862	-9.64751434	3.95238662
50.79199862	-9.64751434	0.00000000
50.79599862	-9.64751434	3.95238662
50.79999862	-9.64751434	3.95238662
50.80399862	-9.64751434	3.95238662
50.80799862	-9.64751434	3.95238662
50.81199862	-9.64751434	3.95238662
50.81599862	-9.64751434	3.95238662
50.81999862	-9.64751434	3.95238662
50.82399862	-9.64751434	3.95238662
50.82799862	-9.64751434	3.95238662
50.83199862	-9.64751434	3.95238662
50.83599862	-9.64751434	3.95238662
50.83999862	-9.64751434	0.00000000
50.84399862	-9.64751434	3.95238662
50.84799862	-9.64751434	7.90477324
50.85199862	-9.64751434	3.95238662
50.85599862	-9.64751434	3.95238662
50.85999862	-9.64751434	0.00000000
50.86399862	-9.64751434	3.95238662
50.86799862	-9.64751434	3.95238662
50.87199862	-9.64751434	7.90477324
50.87599862	-9.64751434	0.00000000
50.87999862	-9.64751434	0.00000000
50.88399862	-9.64751434	3.95238662
50.88799861	-9.64751434	0.00000000
50.89199861	-9.64751434	0.00000000
50.89599861	-9.64751434	0.00000000
50.89999861	-9.64751434	0.00000000
50.90399861	-9.64751434	3.95238662
50.90799861	-9.64751434	3.95238662
50.91199861	-9.64751434	3.95238662
50.91599861	-9.64751434	0.00000000
50.91999861	-9.64751434	3.95238662
50.92399861	-9.64751434	3.95238662
50.92799861	-9.64751434	3.95238662
50.93199861	-9.64751434	3.95238662
50.93599861	-9.64751434	0.00000000
50.93999861	-9.64751434	0.00000000
50.94399861	-9.64751434	3.95238662
50.94799861	-9.64751434	0.00000000
50.95199861	-9.64751434	3.95238662
50.95599861	-9.64751434	3.95238662
50.95999861	-9.64751434	3.95238662
50.96399861	-9.64751434	3.95238662
50.96799861	-9.64751434	0.00000000
50.97199861	-9.64751434	0.00000000
50.97599861	-9.64751434	3.95238662
50.97999861	-9.64751434	0.00000000
50.98399861	-9.64751434	3.95238662
50.98799861	-9.64751434	0.00000000
50.99199861	-9.64751434	3.95238662
50.99599861	-9.64751434	0.00000000
50.99999861	-9.64751434	3.95238662
51.00399861	-9.64751434	0.00000000
51.00799861	-9.64751434	3.95238662
51.01199861	-9.64751434	0.00000000
51.01599861	-9.64751434	0.00000000
51.01999861	-9.64751434	0.00000000
51.02399861	-9.64751434	3.95238662
51.02799861	-9.64751434	0.00000000
51.03199861	-9.64751434	3.95238662
51.03599861	-9.64751434	0.00000000
51.03999861	-9.64751434	3.95238662
51.04399861	-9.64751434	3.95238662
51.04799861	-9.64751434	3.95238662
51.05199861	-9.64751434	3.95238662
51.05599861	-9.64751434	3.95238662
51.05999861	-9.64751434	3.95238662
51.06399861	-9.64751434	0.00000000
51.06799861	-9.64751434	3.95238662
51.07199861	-9.64751434	3.95238662
51.07599861	-9.64751434	0.00000000
51.07999861	-9.64751434	3.95238662
51.08399861	-9.64751434	3.95238662
51.08799861	-9.64751434	3.95238662
51.09199861	-9.64751434	0.00000000
51.09599861	-9.64751434	0.00000000
51.09999861	-9.64751434	3.95238662
51.10399861	-9.64751434	3.95238662
51.10799861	-9.64751434	3.95238662
51.11199861	-9.64751434	3.95238662
51.11599861	-9.64751434	0.00000000
51.11999861	-9.64751434	3.95238662
51.12399861	-9.64751434	0.00000000
51.12799861	-9.64751434	3.95238662
51.13199861	-9.64751434	0.00000000
51.13599861	-9.64751434	3.95238662
51.13999861	-9.64751434	0.00000000
51.14399861	-9.64751434	3.95238662
51.14799861	-9.64751434	0.00000000
51.15199861	-9.64751434	3.95238662
51.15599861	-9.64751434	0.00000000
51.15999861	-9.64751434	3.95238662
51.16399861	-9.64751434	0.00000000
51.16799861	-9.64751434	3.95238662
51.17199861	-9.64751434	0.00000000
51.17599861	-9.64751434	0.00000000
51.17999861	-9.64751434	0.00000000
51.18399861	-9.64751434	0.00000000
51.18799861	-9.64751434	0.00000000
51.19199861	-9.64751434	3.95238662
51.19599861	-9.64751434	3.95238662
51.19999861	-9.64751434	3.95238662
51.20399861	-9.64751434	3.95238662
51.20799861	-9.64751434	0.00000000
51.21199861	-9.64751434	0.00000000
51.21599861	-9.64751434	3.95238662
51.21999861	-9.64751434	3.95238662
51.22399861	-9.64751434	3.95238662
51.22799861	-9.64751434	3.95238662
51.23199861	-9.64751434	0.00000000
51.23599861	-9.64751434	3.95238662
51.23999861	-9.64751434	3.95238662
51.24399860	-9.64751434	0.00000000
51.24799860	-9.64751434	0.00000000
51.25199860	-9.64751434	3.95238662
51.25599860	-9.64751434	0.00000000
51.25999860	-9.80868626	0.00000000
51.26399860	-9.64751434	3.95238662
51.26799860	-9.64751434	3.95238662
51.27199860	-9.64751434	3.95238662
51.27599860	-9.64751434	0.00000000
51.27999860	-9.64751434	3.95238662
51.28399860	-9.64751434	3.95238662
51.28799860	-9.64751434	3.95238662
51.29199860	-9.64751434	0.00000000
51.29599860	-9.80868626	0.00000000
51.29999860	-9.80868626	3.95238662
51.30399860	-9.64751434	3.95238662
51.30799860	-9.64751434	3.95238662
51.31199860	-9.64751434	3.95238662
51.31599860	-9.80868626	0.00000000
51.31999860	-9.64751434	3.95238662
51.32399860	-9.80868626	0.00000000
51.32799860	-9.80868626	3.95238662
51.33199860	-9.80868626	7.90477324
51.33599860	-9.64751434	3.95238662
51.33999860	-9.80868626	0.00000000
51.34399860	-9.80868626	3.95238662
51.34799860	-9.80868626	3.95238662
51.35199860	-9.64751434	0.00000000
51.35599860	-9.64751434	3.95238662
51.35999860	-9.80868626	3.95238662
51.36399860	-9.80868626	3.95238662
51.36799860	-9.80868626	3.95238662
51.37199860	-9.80868626	3.95238662
51.37599860	-9.80868626	3.95238662
51.37999860	-9.80868626	3.95238662
51.38399860	-9.80868626	3.95238662
51.38799860	-9.80868626	3.95238662
51.39199860	-9.80868626	3.95238662
51.39599860	-9.80868626	3.95238662
51.39999860	-9.64751434	0.00000000
51.40399860	-9.80868626	3.95238662
51.40799860	-9.80868626	0.00000000
51.41199860	-9.80868626	3.95238662
51.41599860	-9.80868626	3.95238662
51.41999860	-9.80868626	0.00000000
51.42399860	-9.80868626	3.95238662
51.42799860	-9.80868626	3.95238662
51.43199860	-9.64751434	3.95238662
51.43599860	-9.80868626	0.00000000
51.43999860	-9.80868626	0.00000000
51.44399860	-9.80868626	0.00000000
51.44799860	-9.80868626	0.00000000
51.45199860	-9.80868626	3.95238662
51.45599860	-9.80868626	3.95238662
51.45999860	-9.80868626	3.95238662
51.46399860	-9.80868626	0.00000000
51.46799860	-9.80868626	3.95238662
51.47199860	-9.80868626	3.95238662
51.47599860	-9.80868626	3.95238662
51.47999860	-9.80868626	3.95238662
51.48399860	-9.80868626	3.95238662
51.48799860	-9.80868626	3.95238662
51.49199860	-9.80868626	3.95238662
51.49599860	-9.80868626	0.00000000
51.49999860	-9.80868626	3.95238662
51.50399860	-9.80868626	3.95238662
51.50799860	-9.80868626	0.00000000
51.51199860	-9.80868626	0.00000000
51.51599860	-9.80868626	0.00000000
51.51999860	-9.80868626	3.95238662
51.52399860	-9.80868626	3.95238662
51.52799860	-9.80868626	0.00000000
51.53199860	-9.80868626	0.00000000
51.53599860	-9.80868626	0.00000000
51.53999860	-9.80868626	3.95238662
51.54399860	-9.80868626	3.95238662
51.54799860	-9.80868626	3.95238662
51.55199860	-9.80868626	3.95238662
51.55599860	-9.80868626	0.00000000
51.55999860	-9.80868626	3.95238662
51.56399860	-9.80868626	3.95238662
51.56799860	-9.80868626	3.95238662
51.57199860	-9.80868626	3.95238662
51.57599860	-9.80868626	0.00000000
51.57999860	-9.80868626	0.00000000
51.58399860	-9.80868626	3.95238662
51.58799860	-9.80868626	3.95238662
51.59199860	-9.80868626	3.95238662
51.59599859	-9.80868626	0.00000000
51.59999859	-9.80868626	3.95238662
51.60399859	-9.80868626	3.95238662
51.60799859	-9.80868626	3.95238662
51.61199859	-9.80868626	3.95238662
51.61599859	-9.80868626	0.00000000
51.61999859	-9.80868626	3.95238662
51.62399859	-9.80868626	0.00000000
51.62799859	-9.80868626	3.95238662
51.63199859	-9.80868626	0.00000000
51.63599859	-9.80868626	0.00000000
51.63999859	-9.80868626	0.00000000
51.64399859	-9.80868626	0.00000000
51.64799859	-9.80868626	0.00000000
51.65199859	-9.80868626	3.95238662
51.65599859	-9.80868626	3.95238662
51.65999859	-9.80868626	0.00000000
51.66399859	-9.80868626	3.95238662
51.66799859	-9.80868626	3.95238662
51.67199859	-9.80868626	3.95238662
51.67599859	-9.64751434	3.95238662
51.67999859	-9.80868626	3.95238662
51.68399859	-9.64751434	3.95238662
51.68799859	-9.80868626	3.95238662
51.69199859	-9.64751434	3.95238662
51.69599859	-9.80868626	0.00000000
51.69999859	-9.80868626	3.95238662
51.70399859	-9.64751434	3.95238662
51.70799859	-9.80868626	3.95238662
51.71199859	-9.80868626	3.95238662
51.71599859	-9.80868626	3.95238662
51.71999859	-9.64751434	3.95238662
51.72399859	-9.80868626	3.95238662
51.72799859	-9.80868626	3.95238662
51.73199859	-9.80868626	0.00000000
51.73599859	-9.64751434	3.95238662
51.73999859	-9.64751434	0.00000000
51.74399859	-9.80868626	3.95238662
51.74799859	-9.64751434	3.95238662
51.75199859	-9.80868626	3.95238662
51.75599859	-9.64751434	3.95238662
51.75999859	-9.64751434	3.95238662
51.76399859	-9.64751434	0.00000000
51.76799859	-9.64751434	0.00000000
51.77199859	-9.64751434	3.95238662
51.77599859	-9.64751434	3.95238662
51.77999859	-9.80868626	3.95238662
51.78399859	-9.64751434	0.00000000
51.78799859	-9.64751434	3.95238662
51.79199859	-9.80868626	3.95238662
51.79599859	-9.64751434	3.95238662
51.79999859	-9.64751434	3.95238662
51.80399859	-9.64751434	3.95238662
51.80799859	-9.64751434	0.00000000
51.81199859	-9.64751434	3.95238662
51.81599859	-9.64751434	0.00000000
51.81999859	-9.64751434	3.95238662
51.82399859	-9.64751434	3.95238662
51.82799859	-9.64751434	0.00000000
51.83199859	-9.64751434	3.95238662
51.83599859	-9.64751434	0.00000000
51.83999859	-9.64751434	3.95238662
51.84399859	-9.64751434	3.95238662
51.84799859	-9.64751434	0.00000000
51.85199859	-9.64751434	0.00000000
51.85599859	-9.64751434	3.95238662
51.85999859	-9.64751434	0.00000000
51.86399859	-9.64751434	3.95238662
51.86799859	-9.80868626	3.95238662
51.87199859	-9.64751434	0.00000000
51.87599859	-9.64751434	3.95238662
51.87999859	-9.64751434	3.95238662
51.88399859	-9.64751434	3.95238662
51.88799859	-9.64751434	3.95238662
51.89199859	-9.64751434	3.95238662
51.89599859	-9.64751434	3.95238662
51.89999859	-9.64751434	3.95238662
51.90399859	-9.64751434	3.95238662
51.90799859	-9.64751434	0.00000000
51.91199859	-9.80868626	3.95238662
51.91599859	-9.64751434	0.00000000
51.91999859	-9.80868626	3.95238662
51.92399859	-9.64751434	3.95238662
51.92799859	-9.64751434	3.95238662
51.93199859	-9.64751434	0.00000000
51.93599859	-9.64751434	3.95238662
51.93999859	-9.64751434	0.00000000
51.94399859	-9.64751434	3.95238662
51.94799858	-9.64751434	3.95238662
51.95199858	-9.64751434	0.00000000
51.95599858	-9.64751434	3.95238662
51.95999858	-9.64751434	3.95238662
51.96399858	-9.64751434	3.95238662
51.96799858	-9.64751434	3.95238662
51.97199858	-9.64751434	3.95238662
51.97599858	-9.64751434	0.00000000
51.97999858	-9.64751434	0.00000000
51.98399858	-9.64751434	3.95238662
51.98799858	-9.80868626	3.95238662
51.99199858	-9.80868626	3.95238662
51.99599858	-9.64751434	3.95238662
51.99999858	-9.80868626	3.95238662
52.00399858	-9.64751434	3.95238662
52.00799858	-9.64751434	3.95238662
52.01199858	-9.80868626	3.95238662
52.01599858	-9.80868626	0.00000000
52.01999858	-9.80868626	3.95238662
52.02399858	-9.80868626	3.95238662
52.02799858	-9.64751434	3.95238662
52.03199858	-9.80868626	3.95238662
52.03599858	-9.64751434	3.95238662
52.03999858	-9.80868626	3.95238662
52.04399858	-9.80868626	0.00000000
52.04799858	-9.80868626	3.95238662
52.05199858	-9.80868626	0.00000000
52.05599858	-9.80868626	3.95238662
52.05999858	-9.80868626	0.00000000
52.06399858	-9.80868626	3.95238662
52.06799858	-9.80868626	3.95238662
52.07199858	-9.80868626	0.00000000
52.07599858	-9.80868626	3.95238662
52.07999858	-9.80868626	0.00000000
52.08399858	-9.80868626	3.95238662
52.08799858	-9.80868626	3.95238662
52.09199858	-9.80868626	0.00000000
52.09599858	-9.80868626	3.95238662
52.09999858	-9.80868626	0.00000000
52.10399858	-9.80868626	3.95238662
52.10799858	-9.80868626	3.95238662
52.11199858	-9.80868626	3.95238662
52.11599858	-9.80868626	3.95238662
52.11999858	-9.80868626	3.95238662
52.12399858	-9.80868626	0.00000000
52.12799858	-9.80868626	3.95238662
52.13199858	-9.80868626	3.95238662
52.13599858	-9.80868626	3.95238662
52.13999858	-9.80868626	0.00000000
52.14399858	-9.80868626	3.95238662
52.14799858	-9.80868626	3.95238662
52.15199858	-9.80868626	0.00000000
52.15599858	-9.80868626	0.00000000
52.15999858	-9.80868626	0.00000000
52.16399858	-9.80868626	3.95238662
52.16799858	-9.80868626	3.95238662
52.17199858	-9.80868626	3.95238662
52.17599858	-9.80868626	3.95238662
52.17999858	-9.80868626	3.95238662
52.18399858	-9.80868626	3.95238662
52.18799858	-9.80868626	0.00000000
52.19199858	-9.80868626	3.95238662
52.19599858	-9.80868626	3.95238662
52.19999858	-9.80868626	3.95238662
52.20399858	-9.80868626	3.95238662
52.20799858	-9.80868626	3.95238662
52.21199858	-9.80868626	3.95238662
52.21599858	-9.80868626	3.95238662
52.21999858	-9.80868626	3.95238662
52.22399858	-9.80868626	3.95238662
52.22799858	-9.80868626	3.95238662
52.23199858	-9.80868626	3.95238662
52.23599858	-9.80868626	3.95238662
52.23999858	-9.80868626	3.95238662
52.24399858	-9.80868626	3.95238662
52.24799858	-9.80868626	0.00000000
52.25199858	-9.80868626	3.95238662
52.25599858	-9.80868626	3.95238662
52.25999858	-9.80868626	0.00000000
52.26399858	-9.80868626	3.95238662
52.26799858	-9.80868626	0.00000000
52.27199858	-9.80868626	0.00000000
52.27599858	-9.80868626	0.00000000
52.27999858	-9.80868626	0.00000000
52.28399858	-9.80868626	0.00000000
52.28799858	-9.80868626	3.95238662
52.29199858	-9.80868626	3.95238662
52.29599858	-9.80868626	3.95238662
52.29999858	-9.80868626	0.00000000
52.30399857	-9.80868626	3.95238662
52.30799857	-9.80868626	3.95238662
52.31199857	-9.80868626	3.95238662
52.31599857	-9.80868626	3.95238662
52.31999857	-9.64751434	3.95238662
52.32399857	-9.80868626	3.95238662
52.32799857	-9.80868626	3.95238662
52.33199857	-9.80868626	3.95238662
52.33599857	-9.80868626	0.00000000
52.33999857	-9.80868626	0.00000000
52.34399857	-9.80868626	3.95238662
52.34799857	-9.80868626	3.95238662
52.35199857	-9.80868626	3.95238662
52.35599857	-9.80868626	0.00000000
52.35999857	-9.64751434	0.00000000
52.36399857	-9.80868626	3.95238662
52.36799857	-9.80868626	3.95238662
52.37199857	-9.64751434	3.95238662
52.37599857	-9.80868626	3.95238662
52.37999857	-9.80868626	3.95238662
52.38399857	-9.80868626	0.00000000
52.38799857	-9.80868626	3.95238662
52.39199857	-9.80868626	0.00000000
52.39599857	-9.80868626	0.00000000
52.39999857	-9.80868626	3.95238662
52.40399857	-9.80868626	3.95238662
52.40799857	-9.64751434	3.95238662
52.41199857	-9.80868626	3.95238662
52.41599857	-9.80868626	3.95238662
52.41999857	-9.80868626	0.00000000
52.42399857	-9.80868626	3.95238662
52.42799857	-9.64751434	3.95238662
52.43199857	-9.80868626	3.95238662
52.43599857	-9.64751434	3.95238662
52.43999857	-9.64751434	3.95238662
52.44399857	-9.64751434	3.95238662
52.44799857	-9.80868626	3.95238662
52.45199857	-9.64751434	3.95238662
52.45599857	-9.64751434	3.95238662
52.45999857	-9.80868626	3.95238662
52.46399857	-9.64751434	3.95238662
52.46799857	-9.64751434	0.00000000
52.47199857	-9.64751434	0.00000000
52.47599857	-9.64751434	3.95238662
52.47999857	-9.80868626	3.95238662
52.48399857	-9.64751434	3.95238662
52.48799857	-9.64751434	3.95238662
52.49199857	-9.64751434	0.00000000
52.49599857	-9.80868626	3.95238662
52.49999857	-9.64751434	3.95238662
52.50399857	-9.64751434	0.00000000
52.50799857	-9.64751434	0.00000000
52.51199857	-9.80868626	0.00000000
52.51599857	-9.64751434	0.00000000
52.51999857	-9.64751434	0.00000000
52.52399857	-9.80868626	0.00000000
52.52799857	-9.80868626	3.95238662
52.53199857	-9.80868626	3.95238662
52.53599857	-9.64751434	3.95238662
52.53999857	-9.64751434	3.95238662
52.54399857	-9.80868626	3.95238662
52.54799857	-9.64751434	3.95238662
52.55199857	-9.80868626	3.95238662
52.55599857	-9.64751434	3.95238662
52.55999857	-9.80868626	0.00000000
52.56399857	-9.64751434	3.95238662
52.56799857	-9.64751434	3.95238662
52.57199857	-9.80868626	3.95238662
52.57599857	-9.64751434	3.95238662
52.57999857	-9.80868626	3.95238662
52.58399857	-9.64751434	3.95238662
52.58799857	-9.80868626	0.00000000
52.59199857	-9.64751434	0.00000000
52.59599857	-9.80868626	0.00000000
52.59999857	-9.80868626	3.95238662
52.60399857	-9.80868626	3.95238662
52.60799857	-9.80868626	3.95238662
52.61199857	-9.80868626	3.95238662
52.61599857	-9.80868626	3.95238662
52.61999857	-9.80868626	3.95238662
52.62399857	-9.80868626	3.95238662
52.62799857	-9.80868626	0.00000000
52.63199857	-9.80868626	3.95238662
52.63599857	-9.80868626	0.00000000
52.63999857	-9.80868626	3.95238662
52.64399857	-9.80868626	3.95238662
52.64799857	-9.80868626	3.95238662
52.65199857	-9.80868626	0.00000000
52.65599856	-9.80868626	3.95238662
52.65999856	-9.80868626	3.95238662
52.66399856	-9.80868626	3.95238662
52.66799856	-9.80868626	0.00000000
52.67199856	-9.80868626	7.90477324
52.67599856	-9.80868626	3.95238662
52.67999856	-9.80868626	3.95238662
52.68399856	-9.80868626	3.95238662
52.68799856	-9.80868626	3.95238662
52.69199856	-9.80868626	3.95238662
52.69599856	-9.80868626	3.95238662
52.69999856	-9.64751434	0.00000000
52.70399856	-9.80868626	3.95238662
52.70799856	-9.80868626	3.95238662
52.71199856	-9.80868626	0.00000000
52.71599856	-9.80868626	3.95238662
52.71999856	-9.80868626	3.95238662
52.72399856	-9.80868626	3.95238662
52.72799856	-9.80868626	3.95238662
52.73199856	-9.80868626	0.00000000
52.73599856	-9.80868626	3.95238662
52.73999856	-9.80868626	3.95238662
52.74399856	-9.80868626	3.95238662
52.74799856	-9.80868626	0.00000000
52.75199856	-9.80868626	3.95238662
52.75599856	-9.80868626	3.95238662
52.75999856	-9.80868626	0.00000000
52.76399856	-9.80868626	0.00000000
52.76799856	-9.80868626	3.95238662
52.77199856	-9.80868626	0.00000000
52.77599856	-9.80868626	0.00000000
52.77999856	-9.80868626	0.00000000
52.78399856	-9.80868626	3.95238662
52.78799856	-9.80868626	0.00000000
52.79199856	-9.80868626	3.95238662
52.79599856	-9.80868626	0.00000000
52.79999856	-9.80868626	3.95238662
52.80399856	-9.80868626	3.95238662
52.80799856	-9.80868626	3.95238662
52.81199856	-9.80868626	3.95238662
52.81599856	-9.80868626	3.95238662
52.81999856	-9.80868626	3.95238662
52.82399856	-9.80868626	3.95238662
52.82799856	-9.80868626	0.00000000
52.83199856	-9.80868626	0.00000000
52.83599856	-9.80868626	3.95238662
52.83999856	-9.80868626	3.95238662
52.84399856	-9.80868626	3.95238662
52.84799856	-9.80868626	3.95238662
52.85199856	-9.80868626	0.00000000
52.85599856	-9.80868626	3.95238662
52.85999856	-9.80868626	3.95238662
52.86399856	-9.80868626	0.00000000
52.86799856	-9.80868626	0.00000000
52.87199856	-9.64751434	3.95238662
52.87599856	-9.80868626	3.95238662
52.87999856	-9.80868626	3.95238662
52.88399856	-9.80868626	3.95238662
52.88799856	-9.80868626	3.95238662
52.89199856	-9.80868626	3.95238662
52.89599856	-9.80868626	3.95238662
52.89999856	-9.80868626	3.95238662
52.90399856	-9.80868626	3.95238662
52.90799856	-9.64751434	0.00000000
52.91199856	-9.80868626	3.95238662
52.91599856	-9.80868626	3.95238662
52.91999856	-9.64751434	3.95238662
52.92399856	-9.64751434	0.00000000
52.92799856	-9.80868626	3.95238662
52.93199856	-9.64751434	3.95238662
52.93599856	-9.64751434	0.00000000
52.93999856	-9.64751434	3.95238662
52.94399856	-9.64751434	3.95238662
52.94799856	-9.64751434	0.00000000
52.95199856	-9.64751434	7.90477324
52.95599856	-9.64751434	3.95238662
52.95999856	-9.64751434	3.95238662
52.96399856	-9.64751434	0.00000000
52.96799856	-9.64751434	3.95238662
52.97199856	-9.64751434	0.00000000
52.97599856	-9.64751434	3.95238662
52.97999856	-9.64751434	3.95238662
52.98399856	-9.64751434	3.95238662
52.98799856	-9.64751434	3.95238662
52.99199856	-9.64751434	3.95238662
52.99599856	-9.64751434	3.95238662
52.99999856	-9.64751434	3.95238662
53.00399856	-9.64751434	3.95238662
53.00799856	-9.64751434	3.95238662
53.01199855	-9.64751434	3.95238662
53.01599855	-9.64751434	3.95238662
53.01999855	-9.64751434	3.95238662
53.02399855	-9.64751434	3.95238662
53.02799855	-9.64751434	3.95238662
53.03199855	-9.64751434	3.95238662
53.03599855	-9.64751434	3.95238662
53.03999855	-9.64751434	0.00000000
53.04399855	-9.64751434	3.95238662
53.04799855	-9.64751434	3.95238662
53.05199855	-9.64751434	3.95238662
53.05599855	-9.64751434	3.95238662
53.05999855	-9.64751434	3.95238662
53.06399855	-9.64751434	3.95238662
53.06799855	-9.64751434	3.95238662
53.07199855	-9.64751434	3.95238662
53.07599855	-9.64751434	3.95238662
53.07999855	-9.64751434	3.95238662
53.08399855	-9.64751434	0.00000000
53.08799855	-9.64751434	3.95238662
53.09199855	-9.64751434	3.95238662
53.09599855	-9.64751434	3.95238662
53.09999855	-9.64751434	0.00000000
53.10399855	-9.64751434	0.00000000
53.10799855	-9.64751434	0.00000000
53.11199855	-9.64751434	3.95238662
53.11599855	-9.64751434	3.95238662
53.11999855	-9.64751434	3.95238662
53.12399855	-9.64751434	0.00000000
53.12799855	-9.64751434	3.95238662
53.13199855	-9.64751434	3.95238662
53.13599855	-9.64751434	3.95238662
53.13999855	-9.64751434	3.95238662
53.14399855	-9.64751434	3.95238662
53.14799855	-9.64751434	0.00000000
53.15199855	-9.64751434	3.95238662
53.15599855	-9.64751434	3.95238662
53.15999855	-9.64751434	3.95238662
53.16399855	-9.64751434	3.95238662
53.16799855	-9.64751434	3.95238662
53.17199855	-9.64751434	0.00000000
53.17599855	-9.64751434	3.95238662
53.17999855	-9.64751434	3.95238662
53.18399855	-9.64751434	3.95238662
53.18799855	-9.64751434	3.95238662
53.19199855	-9.64751434	3.95238662
53.19599855	-9.64751434	7.90477324
53.19999855	-9.64751434	3.95238662
53.20399855	-9.64751434	3.95238662
53.20799855	-9.64751434	3.95238662
53.21199855	-9.64751434	0.00000000
53.21599855	-9.64751434	0.00000000
53.21999855	-9.64751434	0.00000000
53.22399855	-9.64751434	0.00000000
53.22799855	-9.64751434	0.00000000
53.23199855	-9.64751434	3.95238662
53.23599855	-9.64751434	3.95238662
53.23999855	-9.64751434	3.95238662
53.24399855	-9.64751434	3.95238662
53.24799855	-9.64751434	3.95238662
53.25199855	-9.64751434	3.95238662
53.25599855	-9.64751434	3.95238662
53.25999855	-9.64751434	3.95238662
53.26399855	-9.64751434	0.00000000
53.26799855	-9.64751434	3.95238662
53.27199855	-9.64751434	3.95238662
53.27599855	-9.64751434	0.00000000
53.27999855	-9.64751434	3.95238662
53.28399855	-9.64751434	3.95238662
53.28799855	-9.64751434	3.95238662
53.29199855	-9.64751434	0.00000000
53.29599855	-9.64751434	0.00000000
53.29999855	-9.64751434	3.95238662
53.30399855	-9.64751434	3.95238662
53.30799855	-9.64751434	3.95238662
53.31199855	-9.64751434	3.95238662
53.31599855	-9.64751434	0.00000000
53.31999855	-9.64751434	3.95238662
53.32399855	-9.64751434	3.95238662
53.32799855	-9.64751434	0.00000000
53.33199855	-9.64751434	3.95238662
53.33599855	-9.64751434	3.95238662
53.33999855	-9.64751434	3.95238662
53.34399855	-9.64751434	3.95238662
53.34799855	-9.64751434	3.95238662
53.35199855	-9.64751434	3.95238662
53.35599855	-9.64751434	0.00000000
53.35999855	-9.64751434	7.90477324
53.36399854	-9.64751434	3.95238662
53.36799854	-9.64751434	3.95238662
53.37199854	-9.64751434	0.00000000
53.37599854	-9.64751434	3.95238662
53.37999854	-9.64751434	3.95238662
53.38399854	-9.64751434	3.95238662
53.38799854	-9.64751434	0.00000000
53.39199854	-9.64751434	3.95238662
53.39599854	-9.64751434	0.00000000
53.39999854	-9.64751434	0.00000000
53.40399854	-9.64751434	3.95238662
53.40799854	-9.64751434	3.95238662
53.41199854	-9.64751434	3.95238662
53.41599854	-9.64751434	3.95238662
53.41999854	-9.64751434	0.00000000
53.42399854	-9.64751434	0.00000000
53.42799854	-9.64751434	3.95238662
53.43199854	-9.64751434	3.95238662
53.43599854	-9.64751434	3.95238662
53.43999854	-9.64751434	0.00000000
53.44399854	-9.64751434	3.95238662
53.44799854	-9.64751434	0.00000000
53.45199854	-9.64751434	0.00000000
53.45599854	-9.64751434	3.95238662
53.45999854	-9.64751434	0.00000000
53.46399854	-9.64751434	0.00000000
53.46799854	-9.64751434	3.95238662
53.47199854	-9.64751434	0.00000000
53.47599854	-9.64751434	0.00000000
53.47999854	-9.64751434	7.90477324
53.48399854	-9.64751434	3.95238662
53.48799854	-9.64751434	0.00000000
53.49199854	-9.64751434	3.95238662
53.49599854	-9.64751434	3.95238662
53.49999854	-9.64751434	3.95238662
53.50399854	-9.64751434	3.95238662
53.50799854	-9.80868626	3.95238662
53.51199854	-9.64751434	3.95238662
53.51599854	-9.64751434	3.95238662
53.51999854	-9.80868626	3.95238662
53.52399854	-9.64751434	3.95238662
53.52799854	-9.64751434	3.95238662
53.53199854	-9.64751434	0.00000000
53.53599854	-9.64751434	3.95238662
53.53999854	-9.64751434	3.95238662
53.54399854	-9.64751434	3.95238662
53.54799854	-9.64751434	0.00000000
53.55199854	-9.80868626	3.95238662
53.55599854	-9.64751434	0.00000000
53.55999854	-9.64751434	3.95238662
53.56399854	-9.64751434	3.95238662
53.56799854	-9.64751434	3.95238662
53.57199854	-9.80868626	0.00000000
53.57599854	-9.64751434	3.95238662
53.57999854	-9.64751434	3.95238662
53.58399854	-9.80868626	3.95238662
53.58799854	-9.80868626	3.95238662
53.59199854	-9.80868626	3.95238662
53.59599854	-9.80868626	0.00000000
53.59999854	-9.64751434	3.95238662
53.60399854	-9.80868626	3.95238662
53.60799854	-9.80868626	0.00000000
53.61199854	-9.64751434	3.95238662
53.61599854	-9.64751434	3.95238662
53.61999854	-9.80868626	3.95238662
53.62399854	-9.64751434	3.95238662
53.62799854	-9.64751434	3.95238662
53.63199854	-9.80868626	3.95238662
53.63599854	-9.64751434	3.95238662
53.63999854	-9.64751434	3.95238662
53.64399854	-9.64751434	3.95238662
53.64799854	-9.80868626	3.95238662
53.65199854	-9.64751434	3.95238662
53.65599854	-9.64751434	3.95238662
53.65999854	-9.64751434	0.00000000
53.66399854	-9.80868626	3.95238662
53.66799854	-9.80868626	3.95238662
53.67199854	-9.64751434	3.95238662
53.67599854	-9.80868626	3.95238662
53.67999854	-9.80868626	3.95238662
53.68399854	-9.64751434	3.95238662
53.68799854	-9.80868626	3.95238662
53.69199854	-9.64751434	0.00000000
53.69599854	-9.64751434	0.00000000
53.69999854	-9.64751434	3.95238662
53.70399854	-9.80868626	3.95238662
53.70799854	-9.64751434	3.95238662
53.71199854	-9.80868626	0.00000000
53.71599853	-9.80868626	3.95238662
53.71999853	-9.64751434	3.95238662
53.72399853	-9.64751434	0.00000000
53.72799853	-9.80868626	3.95238662
53.73199853	-9.64751434	3.95238662
53.73599853	-9.64751434	0.00000000
53.73999853	-9.64751434	3.95238662
53.74399853	-9.64751434	3.95238662
53.74799853	-9.80868626	3.95238662
53.75199853	-9.64751434	3.95238662
53.75599853	-9.64751434	3.95238662
53.75999853	-9.80868626	3.95238662
53.76399853	-9.64751434	0.00000000
53.76799853	-9.80868626	3.95238662
53.77199853	-9.64751434	0.00000000
53.77599853	-9.80868626	3.95238662
53.77999853	-9.64751434	3.95238662
53.78399853	-9.64751434	3.95238662
53.78799853	-9.64751434	3.95238662
53.79199853	-9.64751434	0.00000000
53.79599853	-9.64751434	3.95238662
53.79999853	-9.64751434	3.95238662
53.80399853	-9.64751434	3.95238662
53.80799853	-9.64751434	3.95238662
53.81199853	-9.80868626	3.95238662
53.81599853	-9.80868626	0.00000000
53.81999853	-9.64751434	0.00000000
53.82399853	-9.64751434	3.95238662
53.82799853	-9.64751434	3.95238662
53.83199853	-9.64751434	0.00000000
53.83599853	-9.64751434	0.00000000
53.83999853	-9.64751434	3.95238662
53.84399853	-9.64751434	3.95238662
53.84799853	-9.64751434	3.95238662
53.85199853	-9.64751434	3.95238662
53.85599853	-9.64751434	0.00000000
53.85999853	-9.64751434	3.95238662
53.86399853	-9.64751434	3.95238662
53.86799853	-9.64751434	3.95238662
53.87199853	-9.64751434	3.95238662
53.87599853	-9.64751434	0.00000000
53.87999853	-9.64751434	3.95238662
53.88399853	-9.64751434	0.00000000
53.88799853	-9.64751434	3.95238662
53.89199853	-9.64751434	3.95238662
53.89599853	-9.64751434	3.95238662
53.89999853	-9.64751434	3.95238662
53.90399853	-9.64751434	3.95238662
53.90799853	-9.64751434	3.95238662
53.91199853	-9.64751434	3.95238662
53.91599853	-9.64751434	3.95238662
53.91999853	-9.64751434	3.95238662
53.92399853	-9.64751434	3.95238662
53.92799853	-9.64751434	3.95238662
53.93199853	-9.64751434	3.95238662
53.93599853	-9.64751434	0.00000000
53.93999853	-9.64751434	3.95238662
53.94399853	-9.64751434	3.95238662
53.94799853	-9.64751434	0.00000000
53.95199853	-9.64751434	3.95238662
53.95599853	-9.64751434	3.95238662
53.95999853	-9.64751434	0.00000000
53.96399853	-9.64751434	0.00000000
53.96799853	-9.64751434	3.95238662
53.97199853	-9.64751434	3.95238662
53.97599853	-9.64751434	3.95238662
53.97999853	-9.64751434	3.95238662
53.98399853	-9.64751434	3.95238662
53.98799853	-9.64751434	3.95238662
53.99199853	-9.64751434	3.95238662
53.99599853	-9.64751434	3.95238662
53.99999853	-9.64751434	3.95238662
54.00399853	-9.64751434	0.00000000
54.00799853	-9.64751434	3.95238662
54.01199853	-9.64751434	3.95238662
54.01599853	-9.64751434	3.95238662
54.01999853	-9.64751434	3.95238662
54.02399853	-9.64751434	3.95238662
54.02799853	-9.64751434	3.95238662
54.03199853	-9.64751434	3.95238662
54.03599853	-9.64751434	3.95238662
54.03999853	-9.64751434	3.95238662
54.04399853	-9.64751434	0.00000000
54.04799853	-9.80868626	3.95238662
54.05199853	-9.64751434	7.90477324
54.05599853	-9.64751434	3.95238662
54.05999853	-9.64751434	0.00000000
54.06399853	-9.64751434	3.95238662
54.06799853	-9.64751434	0.00000000
54.07199852	-9.64751434	3.95238662
54.07599852	-9.64751434	3.95238662
54.07999852	-9.64751434	3.95238662
54.08399852	-9.64751434	0.00000000
54.08799852	-9.64751434	3.95238662
54.09199852	-9.64751434	3.95238662
54.09599852	-9.64751434	3.95238662
54.09999852	-9.64751434	3.95238662
54.10399852	-9.64751434	3.95238662
54.10799852	-9.64751434	3.95238662
54.11199852	-9.64751434	3.95238662
54.11599852	-9.64751434	3.95238662
54.11999852	-9.64751434	0.00000000
54.12399852	-9.64751434	0.00000000
54.12799852	-9.64751434	0.00000000
54.13199852	-9.64751434	0.00000000
54.13599852	-9.64751434	0.00000000
54.13999852	-9.64751434	0.00000000
54.14399852	-9.64751434	0.00000000
54.14799852	-9.64751434	0.00000000
54.15199852	-9.64751434	3.95238662
54.15599852	-9.64751434	3.95238662
54.15999852	-9.64751434	3.95238662
54.16399852	-9.64751434	0.00000000
54.16799852	-9.64751434	3.95238662
54.17199852	-9.64751434	3.95238662
54.17599852	-9.64751434	3.95238662
54.17999852	-9.64751434	3.95238662
54.18399852	-9.64751434	3.95238662
54.18799852	-9.64751434	3.95238662
54.19199852	-9.80868626	3.95238662
54.19599852	-9.64751434	3.95238662
54.19999852	-9.64751434	3.95238662
54.20399852	-9.64751434	0.00000000
54.20799852	-9.64751434	3.95238662
54.21199852	-9.64751434	3.95238662
54.21599852	-9.64751434	3.95238662
54.21999852	-9.64751434	3.95238662
54.22399852	-9.64751434	3.95238662
54.22799852	-9.80868626	3.95238662
54.23199852	-9.64751434	0.00000000
54.23599852	-9.64751434	3.95238662
54.23999852	-9.64751434	3.95238662
54.24399852	-9.64751434	0.00000000
54.24799852	-9.64751434	0.00000000
54.25199852	-9.80868626	0.00000000
54.25599852	-9.64751434	3.95238662
54.25999852	-9.64751434	3.95238662
54.26399852	-9.64751434	3.95238662
54.26799852	-9.64751434	3.95238662
54.27199852	-9.64751434	3.95238662
54.27599852	-9.64751434	3.95238662
54.27999852	-9.64751434	3.95238662
54.28399852	-9.64751434	3.95238662
54.28799852	-9.64751434	0.00000000
54.29199852	-9.64751434	0.00000000
54.29599852	-9.64751434	0.00000000
54.29999852	-9.64751434	0.00000000
54.30399852	-9.64751434	3.95238662
54.30799852	-9.64751434	3.95238662
54.31199852	-9.64751434	0.00000000
54.31599852	-9.64751434	3.95238662
54.31999852	-9.64751434	3.95238662
54.32399852	-9.64751434	3.95238662
54.32799852	-9.64751434	3.95238662
54.33199852	-9.64751434	3.95238662
54.33599852	-9.64751434	3.95238662
54.33999852	-9.64751434	3.95238662
54.34399852	-9.64751434	3.95238662
54.34799852	-9.64751434	3.95238662
54.35199852	-9.64751434	3.95238662
54.35599852	-9.64751434	3.95238662
54.35999852	-9.64751434	3.95238662
54.36399852	-9.64751434	3.95238662
54.36799852	-9.64751434	3.95238662
54.37199852	-9.64751434	3.95238662
54.37599852	-9.64751434	3.95238662
54.37999852	-9.64751434	0.00000000
54.38399852	-9.64751434	0.00000000
54.38799852	-9.64751434	3.95238662
54.39199852	-9.64751434	3.95238662
54.39599852	-9.64751434	3.95238662
54.39999852	-9.64751434	3.95238662
54.40399852	-9.64751434	3.95238662
54.40799852	-9.64751434	3.95238662
54.41199852	-9.64751434	3.95238662
54.41599852	-9.64751434	3.95238662
54.41999852	-9.64751434	3.95238662
54.42399851	-9.64751434	0.00000000
54.42799851	-9.64751434	0.00000000
54.43199851	-9.64751434	3.95238662
54.43599851	-9.64751434	3.95238662
54.43999851	-9.64751434	0.00000000
54.44399851	-9.64751434	3.95238662
54.44799851	-9.64751434	3.95238662
54.45199851	-9.64751434	3.95238662
54.45599851	-9.64751434	0.00000000
54.45999851	-9.64751434	3.95238662
54.46399851	-9.64751434	3.95238662
54.46799851	-9.64751434	3.95238662
54.47199851	-9.64751434	3.95238662
54.47599851	-9.64751434	3.95238662
54.47999851	-9.64751434	3.95238662
54.48399851	-9.64751434	3.95238662
54.48799851	-9.64751434	3.95238662
54.49199851	-9.64751434	0.00000000
54.49599851	-9.64751434	3.95238662
54.49999851	-9.64751434	3.95238662
54.50399851	-9.64751434	3.95238662
54.50799851	-9.64751434	0.00000000
54.51199851	-9.64751434	3.95238662
54.51599851	-9.64751434	0.00000000
54.51999851	-9.64751434	3.95238662
54.52399851	-9.64751434	0.00000000
54.52799851	-9.64751434	3.95238662
54.53199851	-9.64751434	3.95238662
54.53599851	-9.64751434	0.00000000
54.53999851	-9.64751434	3.95238662
54.54399851	-9.64751434	3.95238662
54.54799851	-9.64751434	3.95238662
54.55199851	-9.64751434	3.95238662
54.55599851	-9.64751434	3.95238662
54.55999851	-9.64751434	7.90477324
54.56399851	-9.64751434	3.95238662
54.56799851	-9.64751434	0.00000000
54.57199851	-9.64751434	3.95238662
54.57599851	-9.64751434	3.95238662
54.57999851	-9.64751434	3.95238662
54.58399851	-9.64751434	3.95238662
54.58799851	-9.64751434	3.95238662
54.59199851	-9.64751434	3.95238662
54.59599851	-9.64751434	3.95238662
54.59999851	-9.64751434	3.95238662
54.60399851	-9.64751434	3.95238662
54.60799851	-9.64751434	3.95238662
54.61199851	-9.64751434	3.95238662
54.61599851	-9.64751434	3.95238662
54.61999851	-9.64751434	3.95238662
54.62399851	-9.64751434	3.95238662
54.62799851	-9.64751434	3.95238662
54.63199851	-9.64751434	3.95238662
54.63599851	-9.64751434	0.00000000
54.63999851	-9.64751434	3.95238662
54.64399851	-9.64751434	0.00000000
54.64799851	-9.64751434	3.95238662
54.65199851	-9.64751434	0.00000000
54.65599851	-9.64751434	0.00000000
54.65999851	-9.64751434	3.95238662
54.66399851	-9.64751434	0.00000000
54.66799851	-9.64751434	3.95238662
54.67199851	-9.64751434	0.00000000
54.67599851	-9.64751434	3.95238662
54.67999851	-9.64751434	3.95238662
54.68399851	-9.64751434	0.00000000
54.68799851	-9.64751434	3.95238662
54.69199851	-9.64751434	3.95238662
54.69599851	-9.64751434	3.95238662
54.69999851	-9.64751434	0.00000000
54.70399851	-9.64751434	0.00000000
54.70799851	-9.64751434	0.00000000
54.71199851	-9.64751434	3.95238662
54.71599851	-9.64751434	3.95238662
54.71999851	-9.64751434	0.00000000
54.72399851	-9.64751434	3.95238662
54.72799851	-9.80868626	3.95238662
54.73199851	-9.64751434	3.95238662
54.73599851	-9.64751434	7.90477324
54.73999851	-9.64751434	3.95238662
54.74399851	-9.64751434	0.00000000
54.74799851	-9.64751434	0.00000000
54.75199851	-9.64751434	3.95238662
54.75599851	-9.64751434	3.95238662
54.75999851	-9.64751434	3.95238662
54.76399851	-9.64751434	3.95238662
54.76799851	-9.64751434	3.95238662
54.77199851	-9.80868626	3.95238662
54.77599851	-9.64751434	3.95238662
54.77999850	-9.64751434	0.00000000
54.78399850	-9.80868626	0.00000000
54.78799850	-9.80868626	0.00000000
54.79199850	-9.64751434	3.95238662
54.79599850	-9.64751434	3.95238662
54.79999850	-9.64751434	3.95238662
54.80399850	-9.80868626	3.95238662
54.80799850	-9.64751434	0.00000000
54.81199850	-9.64751434	3.95238662
54.81599850	-9.80868626	3.95238662
54.81999850	-9.80868626	3.95238662
54.82399850	-9.64751434	3.95238662
54.82799850	-9.80868626	3.95238662
54.83199850	-9.80868626	3.95238662
54.83599850	-9.80868626	3.95238662
54.83999850	-9.80868626	3.95238662
54.84399850	-9.64751434	3.95238662
54.84799850	-9.64751434	0.00000000
54.85199850	-9.80868626	3.95238662
54.85599850	-9.64751434	0.00000000
54.85999850	-9.80868626	0.00000000
54.86399850	-9.80868626	3.95238662
54.86799850	-9.64751434	0.00000000
54.87199850	-9.64751434	0.00000000
54.87599850	-9.80868626	0.00000000
54.87999850	-9.80868626	3.95238662
54.88399850	-9.80868626	3.95238662
54.88799850	-9.80868626	0.00000000
54.89199850	-9.80868626	0.00000000
54.89599850	-9.80868626	3.95238662
54.89999850	-9.80868626	3.95238662
54.90399850	-9.80868626	0.00000000
54.90799850	-9.80868626	0.00000000
54.91199850	-9.80868626	3.95238662
54.91599850	-9.80868626	3.95238662
54.91999850	-9.80868626	3.95238662
54.92399850	-9.80868626	0.00000000
54.92799850	-9.80868626	3.95238662
54.93199850	-9.80868626	3.95238662
54.93599850	-9.80868626	3.95238662
54.93999850	-9.80868626	3.95238662
54.94399850	-9.80868626	3.95238662
54.94799850	-9.80868626	0.00000000
54.95199850	-9.80868626	3.95238662
54.95599850	-9.80868626	0.00000000
54.95999850	-9.80868626	3.95238662
54.96399850	-9.80868626	3.95238662
54.96799850	-9.80868626	3.95238662
54.97199850	-9.64751434	3.95238662
54.97599850	-9.80868626	3.95238662
54.97999850	-9.80868626	3.95238662
54.98399850	-9.64751434	3.95238662
54.98799850	-9.64751434	0.00000000
54.99199850	-9.64751434	3.95238662
54.99599850	-9.80868626	3.95238662
54.99999850	-9.80868626	3.95238662
55.00399850	-9.64751434	0.00000000
55.00799850	-9.80868626	3.95238662
55.01199850	-9.64751434	3.95238662
55.01599850	-9.64751434	3.95238662
55.01999850	-9.64751434	3.95238662
55.02399850	-9.64751434	3.95238662
55.02799850	-9.64751434	0.00000000
55.03199850	-9.64751434	3.95238662
55.03599850	-9.64751434	3.95238662
55.03999850	-9.80868626	3.95238662
55.04399850	-9.80868626	3.95238662
55.04799850	-9.64751434	3.95238662
55.05199850	-9.64751434	0.00000000
55.05599850	-9.64751434	0.00000000
55.05999850	-9.80868626	0.00000000
55.06399850	-9.64751434	0.00000000
55.06799850	-9.64751434	3.95238662
55.07199850	-9.64751434	3.95238662
55.07599850	-9.64751434	7.90477324
55.07999850	-9.64751434	7.90477324
55.08399850	-9.64751434	3.95238662
55.08799850	-9.64751434	3.95238662
55.09199850	-9.64751434	3.95238662
55.09599850	-9.64751434	3.95238662
55.09999850	-9.64751434	0.00000000
55.10399850	-9.64751434	3.95238662
55.10799850	-9.64751434	0.00000000
55.11199850	-9.64751434	3.95238662
55.11599850	-9.64751434	0.00000000
55.11999850	-9.64751434	3.95238662
55.12399850	-9.64751434	3.95238662
55.12799850	-9.64751434	3.95238662
55.13199849	-9.64751434	3.95238662
55.13599849	-9.64751434	3.95238662
55.13999849	-9.64751434	3.95238662
55.14399849	-9.64751434	3.95238662
55.14799849	-9.64751434	3.95238662
55.15199849	-9.64751434	0.00000000
55.15599849	-9.64751434	3.95238662
55.15999849	-9.64751434	3.95238662
55.16399849	-9.64751434	0.00000000
55.16799849	-9.64751434	0.00000000
55.17199849	-9.64751434	0.00000000
55.17599849	-9.64751434	3.95238662
55.17999849	-9.64751434	0.00000000
55.18399849	-9.64751434	3.95238662
55.18799849	-9.64751434	0.00000000
55.19199849	-9.64751434	3.95238662
55.19599849	-9.64751434	0.00000000
55.19999849	-9.64751434	3.95238662
55.20399849	-9.64751434	3.95238662
55.20799849	-9.64751434	3.95238662
55.21199849	-9.64751434	3.95238662
55.21599849	-9.64751434	3.95238662
55.21999849	-9.64751434	3.95238662
55.22399849	-9.64751434	3.95238662
55.22799849	-9.64751434	0.00000000
55.23199849	-9.64751434	3.95238662
55.23599849	-9.64751434	3.95238662
55.23999849	-9.64751434	3.95238662
55.24399849	-9.64751434	3.95238662
55.24799849	-9.64751434	3.95238662
55.25199849	-9.64751434	7.90477324
55.25599849	-9.64751434	3.95238662
55.25999849	-9.64751434	3.95238662
55.26399849	-9.64751434	3.95238662
55.26799849	-9.64751434	3.95238662
55.27199849	-9.64751434	3.95238662
55.27599849	-9.64751434	0.00000000
55.27999849	-9.64751434	0.00000000
55.28399849	-9.64751434	7.90477324
55.28799849	-9.64751434	3.95238662
55.29199849	-9.64751434	0.00000000
55.29599849	-9.64751434	3.95238662
55.29999849	-9.64751434	0.00000000
55.30399849	-9.64751434	0.00000000
55.30799849	-9.64751434	3.95238662
55.31199849	-9.64751434	3.95238662
55.31599849	-9.64751434	0.00000000
55.31999849	-9.64751434	3.95238662
55.32399849	-9.64751434	3.95238662
55.32799849	-9.64751434	3.95238662
55.33199849	-9.64751434	3.95238662
55.33599849	-9.64751434	3.95238662
55.33999849	-9.64751434	3.95238662
55.34399849	-9.64751434	3.95238662
55.34799849	-9.64751434	3.95238662
55.35199849	-9.64751434	3.95238662
55.35599849	-9.64751434	3.95238662
55.35999849	-9.64751434	0.00000000
55.36399849	-9.64751434	3.95238662
55.36799849	-9.64751434	3.95238662
55.37199849	-9.64751434	0.00000000
55.37599849	-9.64751434	3.95238662
55.37999849	-9.64751434	3.95238662
55.38399849	-9.64751434	3.95238662
55.38799849	-9.64751434	0.00000000
55.39199849	-9.64751434	3.95238662
55.39599849	-9.64751434	3.95238662
55.39999849	-9.64751434	3.95238662
55.40399849	-9.64751434	0.00000000
55.40799849	-9.64751434	0.00000000
55.41199849	-9.64751434	0.00000000
55.41599849	-9.64751434	3.95238662
55.41999849	-9.64751434	3.95238662
55.42399849	-9.64751434	3.95238662
55.42799849	-9.64751434	0.00000000
55.43199849	-9.64751434	3.95238662
55.43599849	-9.64751434	0.00000000
55.43999849	-9.64751434	3.95238662
55.44399849	-9.64751434	0.00000000
55.44799849	-9.64751434	3.95238662
55.45199849	-9.64751434	3.95238662
55.45599849	-9.64751434	3.95238662
55.45999849	-9.64751434	0.00000000
55.46399849	-9.64751434	3.95238662
55.46799849	-9.64751434	3.95238662
55.47199849	-9.64751434	3.95238662
55.47599849	-9.64751434	3.95238662
55.47999849	-9.64751434	0.00000000
55.48399848	-9.64751434	0.00000000
55.48799848	-9.64751434	3.95238662
55.49199848	-9.64751434	0.00000000
55.49599848	-9.64751434	0.00000000
55.49999848	-9.64751434	3.95238662
55.50399848	-9.64751434	0.00000000
55.50799848	-9.64751434	3.95238662
55.51199848	-9.64751434	0.00000000
55.51599848	-9.64751434	3.95238662
55.51999848	-9.64751434	3.95238662
55.52399848	-9.64751434	0.00000000
55.52799848	-9.64751434	3.95238662
55.53199848	-9.64751434	3.95238662
55.53599848	-9.64751434	3.95238662
55.53999848	-9.64751434	3.95238662
55.54399848	-9.64751434	3.95238662
55.54799848	-9.64751434	3.95238662
55.55199848	-9.64751434	3.95238662
55.55599848	-9.64751434	3.95238662
55.55999848	-9.64751434	3.95238662
55.56399848	-9.64751434	3.95238662
55.56799848	-9.64751434	3.95238662
55.57199848	-9.64751434	3.95238662
55.57599848	-9.64751434	3.95238662
55.57999848	-9.64751434	0.00000000
55.58399848	-9.64751434	3.95238662
55.58799848	-9.64751434	3.95238662
55.59199848	-9.64751434	0.00000000
55.59599848	-9.64751434	3.95238662
55.59999848	-9.64751434	3.95238662
55.60399848	-9.64751434	3.95238662
55.60799848	-9.64751434	3.95238662
55.61199848	-9.64751434	3.95238662
55.61599848	-9.64751434	3.95238662
55.61999848	-9.64751434	3.95238662
55.62399848	-9.64751434	3.95238662
55.62799848	-9.64751434	0.00000000
55.63199848	-9.64751434	3.95238662
55.63599848	-9.64751434	3.95238662
55.63999848	-9.64751434	3.95238662
55.64399848	-9.64751434	3.95238662
55.64799848	-9.64751434	3.95238662
55.65199848	-9.64751434	3.95238662
55.65599848	-9.64751434	3.95238662
55.65999848	-9.64751434	3.95238662
55.66399848	-9.64751434	7.90477324
55.66799848	-9.64751434	3.95238662
55.67199848	-9.64751434	0.00000000
55.67599848	-9.64751434	3.95238662
55.67999848	-9.64751434	0.00000000
55.68399848	-9.64751434	3.95238662
55.68799848	-9.64751434	3.95238662
55.69199848	-9.64751434	3.95238662
55.69599848	-9.64751434	3.95238662
55.69999848	-9.64751434	0.00000000
55.70399848	-9.64751434	3.95238662
55.70799848	-9.64751434	3.95238662
55.71199848	-9.64751434	3.95238662
55.71599848	-9.64751434	0.00000000
55.71999848	-9.64751434	3.95238662
55.72399848	-9.64751434	3.95238662
55.72799848	-9.64751434	3.95238662
55.73199848	-9.64751434	3.95238662
55.73599848	-9.64751434	3.95238662
55.73999848	-9.64751434	3.95238662
55.74399848	-9.64751434	3.95238662
55.74799848	-9.64751434	3.95238662
55.75199848	-9.64751434	0.00000000
55.75599848	-9.64751434	3.95238662
55.75999848	-9.64751434	3.95238662
55.76399848	-9.64751434	3.95238662
55.76799848	-9.64751434	3.95238662
55.77199848	-9.64751434	3.95238662
55.77599848	-9.64751434	3.95238662
55.77999848	-9.64751434	3.95238662
55.78399848	-9.64751434	3.95238662
55.78799848	-9.64751434	0.00000000
55.79199848	-9.64751434	3.95238662
55.79599848	-9.64751434	0.00000000
55.79999848	-9.64751434	0.00000000
55.80399848	-9.64751434	3.95238662
55.80799848	-9.64751434	3.95238662
55.81199848	-9.64751434	3.95238662
55.81599848	-9.64751434	3.95238662
55.81999848	-9.64751434	0.00000000
55.82399848	-9.64751434	3.95238662
55.82799848	-9.64751434	3.95238662
55.83199848	-9.64751434	3.95238662
55.83599848	-9.64751434	3.95238662
55.83999847	-9.64751434	3.95238662
55.84399847	-9.80868626	3.95238662
55.84799847	-9.64751434	3.95238662
55.85199847	-9.64751434	3.95238662
55.85599847	-9.64751434	3.95238662
55.85999847	-9.80868626	3.95238662
55.86399847	-9.64751434	3.95238662
55.86799847	-9.64751434	3.95238662
55.87199847	-9.64751434	3.95238662
55.87599847	-9.80868626	3.95238662
55.87999847	-9.64751434	3.95238662
55.88399847	-9.64751434	3.95238662
55.88799847	-9.80868626	3.95238662
55.89199847	-9.80868626	3.95238662
55.89599847	-9.64751434	3.95238662
55.89999847	-9.64751434	3.95238662
55.90399847	-9.80868626	3.95238662
55.90799847	-9.64751434	0.00000000
55.91199847	-9.64751434	3.95238662
55.91599847	-9.64751434	0.00000000
55.91999847	-9.80868626	3.95238662
55.92399847	-9.80868626	3.95238662
55.92799847	-9.64751434	3.95238662
55.93199847	-9.64751434	3.95238662
55.93599847	-9.64751434	3.95238662
55.93999847	-9.80868626	3.95238662
55.94399847	-9.64751434	3.95238662
55.94799847	-9.64751434	3.95238662
55.95199847	-9.80868626	3.95238662
55.95599847	-9.80868626	3.95238662
55.95999847	-9.64751434	3.95238662
55.96399847	-9.64751434	0.00000000
55.96799847	-9.80868626	3.95238662
55.97199847	-9.80868626	0.00000000
55.97599847	-9.80868626	3.95238662
55.97999847	-9.80868626	3.95238662
55.98399847	-9.80868626	3.95238662
55.98799847	-9.64751434	3.95238662
55.99199847	-9.80868626	3.95238662
55.99599847	-9.80868626	3.95238662
55.99999847	-9.80868626	0.00000000
56.00399847	-9.80868626	3.95238662
56.00799847	-9.64751434	3.95238662
56.01199847	-9.80868626	-3.95238662
56.01599847	-9.80868626	0.00000000
56.01999847	-9.80868626	7.90477324
56.02399847	-9.80868626	-3.95238662
56.02799847	-9.80868626	3.95238662
56.03199847	-9.80868626	3.95238662
56.03599847	-9.80868626	3.95238662
56.03999847	-9.80868626	7.90477324
56.04399847	-9.80868626	0.00000000
56.04799847	-9.80868626	3.95238662
56.05199847	-9.80868626	3.95238662
56.05599847	-9.80868626	3.95238662
56.05999847	-9.80868626	3.95238662
56.06399847	-9.80868626	3.95238662
56.06799847	-9.80868626	3.95238662
56.07199847	-9.80868626	0.00000000
56.07599847	-9.64751434	3.95238662
56.07999847	-9.80868626	3.95238662
56.08399847	-9.80868626	3.95238662
56.08799847	-9.80868626	3.95238662
56.09199847	-9.80868626	3.95238662
56.09599847	-9.80868626	3.95238662
56.09999847	-9.80868626	3.95238662
56.10399847	-9.80868626	3.95238662
56.10799847	-9.80868626	3.95238662
56.11199847	-9.80868626	3.95238662
56.11599847	-9.80868626	3.95238662
56.11999847	-9.80868626	3.95238662
56.12399847	-9.80868626	0.00000000
56.12799847	-9.80868626	0.00000000
56.13199847	-9.80868626	3.95238662
56.13599847	-9.80868626	3.95238662
56.13999847	-9.80868626	3.95238662
56.14399847	-9.80868626	3.95238662
56.14799847	-9.80868626	7.90477324
56.15199847	-9.80868626	3.95238662
56.15599847	-9.80868626	3.95238662
56.15999847	-9.64751434	3.95238662
56.16399847	-9.80868626	3.95238662
56.16799847	-9.64751434	3.95238662
56.17199847	-9.80868626	0.00000000
56.17599847	-9.80868626	3.95238662
56.17999847	-9.80868626	3.95238662
56.18399847	-9.80868626	3.95238662
56.18799847	-9.80868626	3.95238662
56.19199846	-9.80868626	3.95238662
56.19599846	-9.80868626	3.95238662
56.19999846	-9.80868626	3.95238662
56.20399846	-9.80868626	3.95238662
56.20799846	-9.64751434	3.95238662
56.21199846	-9.64751434	3.95238662
56.21599846	-9.80868626	3.95238662
56.21999846	-9.80868626	3.95238662
56.22399846	-9.80868626	3.95238662
56.22799846	-9.80868626	3.95238662
56.23199846	-9.80868626	3.95238662
56.23599846	-9.80868626	0.00000000
56.23999846	-9.80868626	0.00000000
56.24399846	-9.64751434	3.95238662
56.24799846	-9.80868626	3.95238662
56.25199846	-9.64751434	3.95238662
56.25599846	-9.64751434	0.00000000
56.25999846	-9.80868626	3.95238662
56.26399846	-9.80868626	3.95238662
56.26799846	-9.80868626	3.95238662
56.27199846	-9.64751434	3.95238662
56.27599846	-9.64751434	7.90477324
56.27999846	-9.64751434	3.95238662
56.28399846	-9.64751434	0.00000000
56.28799846	-9.64751434	3.95238662
56.29199846	-9.64751434	3.95238662
56.29599846	-9.64751434	0.00000000
56.29999846	-9.64751434	3.95238662
56.30399846	-9.80868626	3.95238662
56.30799846	-9.64751434	0.00000000
56.31199846	-9.64751434	3.95238662
56.31599846	-9.80868626	3.95238662
56.31999846	-9.64751434	3.95238662
56.32399846	-9.80868626	3.95238662
56.32799846	-9.64751434	3.95238662
56.33199846	-9.64751434	3.95238662
56.33599846	-9.64751434	3.95238662
56.33999846	-9.64751434	3.95238662
56.34399846	-9.64751434	3.95238662
56.34799846	-9.64751434	3.95238662
56.35199846	-9.64751434	3.95238662
56.35599846	-9.64751434	3.95238662
56.35999846	-9.64751434	3.95238662
56.36399846	-9.64751434	3.95238662
56.36799846	-9.64751434	3.95238662
56.37199846	-9.64751434	3.95238662
56.37599846	-9.64751434	3.95238662
56.37999846	-9.64751434	0.00000000
56.38399846	-9.64751434	3.95238662
56.38799846	-9.64751434	0.00000000
56.39199846	-9.64751434	3.95238662
56.39599846	-9.64751434	0.00000000
56.39999846	-9.64751434	3.95238662
56.40399846	-9.64751434	3.95238662
56.40799846	-9.64751434	3.95238662
56.41199846	-9.64751434	3.95238662
56.41599846	-9.64751434	3.95238662
56.41999846	-9.64751434	3.95238662
56.42399846	-9.64751434	3.95238662
56.42799846	-9.64751434	3.95238662
56.43199846	-9.64751434	3.95238662
56.43599846	-9.64751434	3.95238662
56.43999846	-9.64751434	3.95238662
56.44399846	-9.64751434	3.95238662
56.44799846	-9.64751434	0.00000000
56.45199846	-9.64751434	3.95238662
56.45599846	-9.64751434	3.95238662
56.45999846	-9.64751434	3.95238662
56.46399846	-9.64751434	3.95238662
56.46799846	-9.64751434	3.95238662
56.47199846	-9.64751434	3.95238662
56.47599846	-9.64751434	0.00000000
56.47999846	-9.64751434	3.95238662
56.48399846	-9.64751434	0.00000000
56.48799846	-9.64751434	3.95238662
56.49199846	-9.64751434	3.95238662
56.49599846	-9.64751434	3.95238662
56.49999846	-9.64751434	3.95238662
56.50399846	-9.64751434	0.00000000
56.50799846	-9.64751434	3.95238662
56.51199846	-9.64751434	3.95238662
56.51599846	-9.64751434	3.95238662
56.51999846	-9.64751434	3.95238662
56.52399846	-9.64751434	0.00000000
56.52799846	-9.64751434	0.00000000
56.53199846	-9.64751434	3.95238662
56.53599846	-9.64751434	0.00000000
56.53999846	-9.64751434	0.00000000
56.54399846	-9.64751434	3.95238662
56.54799845	-9.64751434	3.95238662
56.55199845	-9.64751434	3.95238662
56.55599845	-9.64751434	3.95238662
56.55999845	-9.64751434	3.95238662
56.56399845	-9.64751434	3.95238662
56.56799845	-9.64751434	3.95238662
56.57199845	-9.64751434	0.00000000
56.57599845	-9.64751434	3.95238662
56.57999845	-9.64751434	0.00000000
56.58399845	-9.64751434	7.90477324
56.58799845	-9.64751434	0.00000000
56.59199845	-9.64751434	3.95238662
56.59599845	-9.64751434	3.95238662
56.59999845	-9.64751434	3.95238662
56.60399845	-9.64751434	3.95238662
56.60799845	-9.64751434	3.95238662
56.61199845	-9.64751434	3.95238662
56.61599845	-9.64751434	0.00000000
56.61999845	-9.64751434	3.95238662
56.62399845	-9.64751434	3.95238662
56.62799845	-9.64751434	0.00000000
56.63199845	-9.64751434	3.95238662
56.63599845	-9.64751434	3.95238662
56.63999845	-9.64751434	3.95238662
56.64399845	-9.64751434	3.95238662
56.64799845	-9.64751434	3.95238662
56.65199845	-9.64751434	3.95238662
56.65599845	-9.64751434	3.95238662
56.65999845	-9.64751434	3.95238662
56.66399845	-9.64751434	3.95238662
56.66799845	-9.64751434	0.00000000
56.67199845	-9.64751434	3.95238662
56.67599845	-9.64751434	3.95238662
56.67999845	-9.64751434	0.00000000
56.68399845	-9.64751434	3.95238662
56.68799845	-9.64751434	3.95238662
56.69199845	-9.64751434	3.95238662
56.69599845	-9.64751434	3.95238662
56.69999845	-9.64751434	3.95238662
56.70399845	-9.64751434	3.95238662
56.70799845	-9.64751434	3.95238662
56.71199845	-9.64751434	3.95238662
56.71599845	-9.64751434	0.00000000
56.71999845	-9.64751434	3.95238662
56.72399845	-9.64751434	3.95238662
56.72799845	-9.64751434	0.00000000
56.73199845	-9.64751434	3.95238662
56.73599845	-9.64751434	0.00000000
56.73999845	-9.64751434	3.95238662
56.74399845	-9.64751434	3.95238662
56.74799845	-9.64751434	3.95238662
56.75199845	-9.64751434	3.95238662
56.75599845	-9.64751434	3.95238662
56.75999845	-9.64751434	3.95238662
56.76399845	-9.64751434	0.00000000
56.76799845	-9.64751434	3.95238662
56.77199845	-9.64751434	0.00000000
56.77599845	-9.64751434	0.00000000
56.77999845	-9.64751434	3.95238662
56.78399845	-9.64751434	0.00000000
56.78799845	-9.64751434	0.00000000
56.79199845	-9.64751434	0.00000000
56.79599845	-9.64751434	3.95238662
56.79999845	-9.64751434	3.95238662
56.80399845	-9.64751434	0.00000000
56.80799845	-9.64751434	3.95238662
56.81199845	-9.64751434	3.95238662
56.81599845	-9.64751434	3.95238662
56.81999845	-9.64751434	3.95238662
56.82399845	-9.64751434	3.95238662
56.82799845	-9.64751434	3.95238662
56.83199845	-9.64751434	3.95238662
56.83599845	-9.64751434	3.95238662
56.83999845	-9.64751434	3.95238662
56.84399845	-9.64751434	0.00000000
56.84799845	-9.64751434	0.00000000
56.85199845	-9.64751434	0.00000000
56.85599845	-9.64751434	3.95238662
56.85999845	-9.64751434	0.00000000
56.86399845	-9.64751434	0.00000000
56.86799845	-9.64751434	3.95238662
56.87199845	-9.64751434	3.95238662
56.87599845	-9.64751434	3.95238662
56.87999845	-9.64751434	0.00000000
56.88399845	-9.64751434	7.90477324
56.88799845	-9.64751434	3.95238662
56.89199845	-9.64751434	3.95238662
56.89599845	-9.64751434	3.95238662
56.89999844	-9.64751434	0.00000000
56.90399844	-9.64751434	3.95238662
56.90799844	-9.64751434	3.95238662
56.91199844	-9.64751434	3.95238662
56.91599844	-9.64751434	3.95238662
56.91999844	-9.64751434	3.95238662
56.92399844	-9.64751434	3.95238662
56.92799844	-9.64751434	3.95238662
56.93199844	-9.64751434	3.95238662
56.93599844	-9.64751434	3.95238662
56.93999844	-9.64751434	3.95238662
56.94399844	-9.64751434	3.95238662
56.94799844	-9.64751434	3.95238662
56.95199844	-9.64751434	3.95238662
56.95599844	-9.64751434	3.95238662
56.95999844	-9.64751434	3.95238662
56.96399844	-9.64751434	3.95238662
56.96799844	-9.64751434	3.95238662
56.97199844	-9.64751434	3.95238662
56.97599844	-9.64751434	3.95238662
56.97999844	-9.64751434	3.95238662
56.98399844	-9.64751434	3.95238662
56.98799844	-9.64751434	3.95238662
56.99199844	-9.64751434	3.95238662
56.99599844	-9.64751434	3.95238662
56.99999844	-9.64751434	3.95238662
57.00399844	-9.64751434	3.95238662
57.00799844	-9.64751434	3.95238662
57.01199844	-9.64751434	3.95238662
57.01599844	-9.64751434	3.95238662
57.01999844	-9.64751434	3.95238662
57.02399844	-9.64751434	3.95238662
57.02799844	-9.64751434	3.95238662
57.03199844	-9.64751434	0.00000000
57.03599844	-9.64751434	3.95238662
57.03999844	-9.64751434	3.95238662
57.04399844	-9.64751434	3.95238662
57.04799844	-9.64751434	3.95238662
57.05199844	-9.64751434	0.00000000
57.05599844	-9.64751434	0.00000000
57.05999844	-9.64751434	3.95238662
57.06399844	-9.64751434	3.95238662
57.06799844	-9.64751434	3.95238662
57.07199844	-9.64751434	3.95238662
57.07599844	-9.64751434	3.95238662
57.07999844	-9.64751434	3.95238662
57.08399844	-9.64751434	3.95238662
57.08799844	-9.64751434	3.95238662
57.09199844	-9.64751434	3.95238662
57.09599844	-9.64751434	0.00000000
57.09999844	-9.64751434	3.95238662
57.10399844	-9.64751434	7.90477324
57.10799844	-9.64751434	3.95238662
57.11199844	-9.64751434	3.95238662
57.11599844	-9.64751434	3.95238662
57.11999844	-9.64751434	3.95238662
57.12399844	-9.64751434	3.95238662
57.12799844	-9.64751434	3.95238662
57.13199844	-9.64751434	3.95238662
57.13599844	-9.64751434	3.95238662
57.13999844	-9.64751434	3.95238662
57.14399844	-9.64751434	3.95238662
57.14799844	-9.64751434	3.95238662
57.15199844	-9.64751434	3.95238662
57.15599844	-9.64751434	3.95238662
57.15999844	-9.64751434	3.95238662
57.16399844	-9.64751434	3.95238662
57.16799844	-9.64751434	3.95238662
57.17199844	-9.64751434	3.95238662
57.17599844	-9.64751434	0.00000000
57.17999844	-9.64751434	3.95238662
57.18399844	-9.64751434	3.95238662
57.18799844	-9.64751434	3.95238662
57.19199844	-9.64751434	3.95238662
57.19599844	-9.64751434	3.95238662
57.19999844	-9.64751434	3.95238662
57.20399844	-9.64751434	3.95238662
57.20799844	-9.64751434	3.95238662
57.21199844	-9.64751434	3.95238662
57.21599844	-9.80868626	3.95238662
57.21999844	-9.64751434	3.95238662
57.22399844	-9.64751434	3.95238662
57.22799844	-9.64751434	0.00000000
57.23199844	-9.80868626	3.95238662
57.23599844	-9.64751434	3.95238662
57.23999844	-9.64751434	3.95238662
57.24399844	-9.64751434	3.95238662
57.24799844	-9.80868626	3.95238662
57.25199843	-9.80868626	3.95238662
57.25599843	-9.80868626	0.00000000
57.25999843	-9.64751434	0.00000000
57.26399843	-9.80868626	3.95238662
57.26799843	-9.64751434	3.95238662
57.27199843	-9.64751434	3.95238662
57.27599843	-9.80868626	3.95238662
57.27999843	-9.64751434	3.95238662
57.28399843	-9.64751434	3.95238662
57.28799843	-9.64751434	3.95238662
57.29199843	-9.64751434	3.95238662
57.29599843	-9.80868626	3.95238662
57.29999843	-9.64751434	3.95238662
57.30399843	-9.80868626	3.95238662
57.30799843	-9.80868626	3.95238662
57.31199843	-9.80868626	3.95238662
57.31599843	-9.64751434	0.00000000
57.31999843	-9.80868626	3.95238662
57.32399843	-9.80868626	3.95238662
57.32799843	-9.80868626	3.95238662
57.33199843	-9.64751434	3.95238662
57.33599843	-9.64751434	3.95238662
57.33999843	-9.64751434	0.00000000
57.34399843	-9.80868626	3.95238662
57.34799843	-9.80868626	3.95238662
57.35199843	-9.64751434	3.95238662
57.35599843	-9.64751434	0.00000000
57.35999843	-9.64751434	3.95238662
57.36399843	-9.80868626	3.95238662
57.36799843	-9.80868626	3.95238662
57.37199843	-9.64751434	3.95238662
57.37599843	-9.80868626	3.95238662
57.37999843	-9.80868626	3.95238662
57.38399843	-9.64751434	0.00000000
57.38799843	-9.64751434	3.95238662
57.39199843	-9.80868626	3.95238662
57.39599843	-9.64751434	3.95238662
57.39999843	-9.80868626	3.95238662
57.40399843	-9.64751434	3.95238662
57.40799843	-9.80868626	3.95238662
57.41199843	-9.64751434	3.95238662
57.41599843	-9.64751434	3.95238662
57.41999843	-9.64751434	3.95238662
57.42399843	-9.80868626	3.95238662
57.42799843	-9.80868626	3.95238662
57.43199843	-9.64751434	0.00000000
57.43599843	-9.80868626	0.00000000
57.43999843	-9.80868626	0.00000000
57.44399843	-9.64751434	0.00000000
57.44799843	-9.80868626	3.95238662
57.45199843	-9.64751434	0.00000000
57.45599843	-9.64751434	3.95238662
57.45999843	-9.80868626	3.95238662
57.46399843	-9.64751434	3.95238662
57.46799843	-9.64751434	3.95238662
57.47199843	-9.64751434	3.95238662
57.47599843	-9.64751434	7.90477324
57.47999843	-9.80868626	7.90477324
57.48399843	-9.64751434	0.00000000
57.48799843	-9.80868626	3.95238662
57.49199843	-9.64751434	0.00000000
57.49599843	-9.64751434	0.00000000
57.49999843	-9.80868626	0.00000000
57.50399843	-9.64751434	0.00000000
57.50799843	-9.64751434	3.95238662
57.51199843	-9.64751434	3.95238662
57.51599843	-9.64751434	3.95238662
57.51999843	-9.64751434	3.95238662
57.52399843	-9.64751434	7.90477324
57.52799843	-9.64751434	3.95238662
57.53199843	-9.64751434	3.95238662
57.53599843	-9.64751434	3.95238662
57.53999843	-9.64751434	0.00000000
57.54399843	-9.64751434	3.95238662
57.54799843	-9.64751434	0.00000000
57.55199843	-9.64751434	0.00000000
57.55599843	-9.80868626	0.00000000
57.55999843	-9.64751434	3.95238662
57.56399843	-9.64751434	3.95238662
57.56799843	-9.64751434	3.95238662
57.57199843	-9.64751434	3.95238662
57.57599843	-9.80868626	3.95238662
57.57999843	-9.64751434	3.95238662
57.58399843	-9.64751434	3.95238662
57.58799843	-9.64751434	3.95238662
57.59199843	-9.64751434	3.95238662
57.59599843	-9.64751434	3.95238662
57.59999843	-9.64751434	0.00000000
57.60399843	-9.64751434	3.95238662
57.60799842	-9.64751434	3.95238662
57.61199842	-9.64751434	0.00000000
57.61599842	-9.64751434	3.95238662
57.61999842	-9.64751434	0.00000000
57.62399842	-9.64751434	0.00000000
57.62799842	-9.64751434	0.00000000
57.63199842	-9.64751434	3.95238662
57.63599842	-9.64751434	3.95238662
57.63999842	-9.64751434	3.95238662
57.64399842	-9.64751434	7.90477324
57.64799842	-9.64751434	3.95238662
57.65199842	-9.64751434	3.95238662
57.65599842	-9.64751434	7.90477324
57.65999842	-9.64751434	3.95238662
57.66399842	-9.64751434	3.95238662
57.66799842	-9.64751434	0.00000000
57.67199842	-9.64751434	3.95238662
57.67599842	-9.64751434	3.95238662
57.67999842	-9.64751434	3.95238662
57.68399842	-9.64751434	3.95238662
57.68799842	-9.64751434	3.95238662
57.69199842	-9.64751434	3.95238662
57.69599842	-9.64751434	3.95238662
57.69999842	-9.64751434	3.95238662
57.70399842	-9.64751434	3.95238662
57.70799842	-9.64751434	3.95238662
57.71199842	-9.64751434	7.90477324
57.71599842	-9.64751434	3.95238662
57.71999842	-9.64751434	0.00000000
57.72399842	-9.64751434	0.00000000
57.72799842	-9.64751434	0.00000000
57.73199842	-9.64751434	0.00000000
57.73599842	-9.64751434	0.00000000
57.73999842	-9.64751434	3.95238662
57.74399842	-9.64751434	3.95238662
57.74799842	-9.64751434	0.00000000
57.75199842	-9.64751434	3.95238662
57.75599842	-9.64751434	3.95238662
57.75999842	-9.64751434	3.95238662
57.76399842	-9.64751434	3.95238662
57.76799842	-9.64751434	3.95238662
57.77199842	-9.64751434	3.95238662
57.77599842	-9.64751434	3.95238662
57.77999842	-9.64751434	0.00000000
57.78399842	-9.64751434	3.95238662
57.78799842	-9.64751434	3.95238662
57.79199842	-9.64751434	3.95238662
57.79599842	-9.64751434	3.95238662
57.79999842	-9.64751434	3.95238662
57.80399842	-9.64751434	3.95238662
57.80799842	-9.64751434	3.95238662
57.81199842	-9.64751434	3.95238662
57.81599842	-9.64751434	0.00000000
57.81999842	-9.64751434	3.95238662
57.82399842	-9.64751434	0.00000000
57.82799842	-9.64751434	3.95238662
57.83199842	-9.64751434	3.95238662
57.83599842	-9.64751434	3.95238662
57.83999842	-9.64751434	3.95238662
57.84399842	-9.64751434	3.95238662
57.84799842	-9.64751434	0.00000000
57.85199842	-9.64751434	3.95238662
57.85599842	-9.64751434	3.95238662
57.85999842	-9.64751434	0.00000000
57.86399842	-9.64751434	3.95238662
57.86799842	-9.64751434	3.95238662
57.87199842	-9.64751434	3.95238662
57.87599842	-9.64751434	3.95238662
57.87999842	-9.64751434	3.95238662
57.88399842	-9.64751434	3.95238662
57.88799842	-9.64751434	3.95238662
57.89199842	-9.64751434	3.95238662
57.89599842	-9.64751434	3.95238662
57.89999842	-9.64751434	3.95238662
57.90399842	-9.64751434	3.95238662
57.90799842	-9.64751434	3.95238662
57.91199842	-9.64751434	3.95238662
57.91599842	-9.64751434	3.95238662
57.91999842	-9.64751434	3.95238662
57.92399842	-9.64751434	3.95238662
57.92799842	-9.64751434	0.00000000
57.93199842	-9.64751434	0.00000000
57.93599842	-9.64751434	3.95238662
57.93999842	-9.64751434	3.95238662
57.94399842	-9.64751434	3.95238662
57.94799842	-9.64751434	0.00000000
57.95199842	-9.64751434	3.95238662
57.95599842	-9.64751434	3.95238662
57.95999841	-9.64751434	0.00000000
57.96399841	-9.64751434	0.00000000
57.96799841	-9.64751434	3.95238662
57.97199841	-9.64751434	0.00000000
57.97599841	-9.64751434	3.95238662
57.97999841	-9.64751434	0.00000000
57.98399841	-9.64751434	0.00000000
57.98799841	-9.64751434	3.95238662
57.99199841	-9.64751434	3.95238662
57.99599841	-9.64751434	3.95238662
57.99999841	-9.64751434	3.95238662
58.00399841	-9.64751434	3.95238662
58.00799841	-9.64751434	3.95238662
58.01199841	-9.64751434	3.95238662
58.01599841	-9.64751434	0.00000000
58.01999841	-9.64751434	3.95238662
58.02399841	-9.64751434	0.00000000
58.02799841	-9.64751434	3.95238662
58.03199841	-9.64751434	3.95238662
58.03599841	-9.64751434	0.00000000
58.03999841	-9.64751434	3.95238662
58.04399841	-9.64751434	3.95238662
58.04799841	-9.64751434	3.95238662
58.05199841	-9.64751434	3.95238662
58.05599841	-9.64751434	0.00000000
58.05999841	-9.64751434	0.00000000
58.06399841	-9.64751434	3.95238662
58.06799841	-9.64751434	0.00000000
58.07199841	-9.64751434	3.95238662
58.07599841	-9.64751434	3.95238662
58.07999841	-9.64751434	3.95238662
58.08399841	-9.64751434	3.95238662
58.08799841	-9.64751434	3.95238662
58.09199841	-9.64751434	3.95238662
58.09599841	-9.64751434	3.95238662
58.09999841	-9.64751434	3.95238662
58.10399841	-9.64751434	0.00000000
58.10799841	-9.64751434	0.00000000
58.11199841	-9.64751434	3.95238662
58.11599841	-9.64751434	3.95238662
58.11999841	-9.64751434	3.95238662
58.12399841	-9.64751434	3.95238662
58.12799841	-9.64751434	3.95238662
58.13199841	-9.64751434	0.00000000
58.13599841	-9.64751434	0.00000000
58.13999841	-9.64751434	3.95238662
58.14399841	-9.64751434	3.95238662
58.14799841	-9.64751434	3.95238662
58.15199841	-9.64751434	3.95238662
58.15599841	-9.64751434	0.00000000
58.15999841	-9.64751434	0.00000000
58.16399841	-9.64751434	0.00000000
58.16799841	-9.64751434	3.95238662
58.17199841	-9.64751434	3.95238662
58.17599841	-9.64751434	3.95238662
58.17999841	-9.64751434	3.95238662
58.18399841	-9.64751434	3.95238662
58.18799841	-9.64751434	3.95238662
58.19199841	-9.64751434	3.95238662
58.19599841	-9.64751434	3.95238662
58.19999841	-9.64751434	3.95238662
58.20399841	-9.64751434	3.95238662
58.20799841	-9.64751434	3.95238662
58.21199841	-9.64751434	3.95238662
58.21599841	-9.64751434	3.95238662
58.21999841	-9.64751434	3.95238662
58.22399841	-9.64751434	3.95238662
58.22799841	-9.64751434	3.95238662
58.23199841	-9.64751434	3.95238662
58.23599841	-9.64751434	0.00000000
58.23999841	-9.64751434	0.00000000
58.24399841	-9.64751434	3.95238662
58.24799841	-9.64751434	3.95238662
58.25199841	-9.64751434	0.00000000
58.25599841	-9.64751434	3.95238662
58.25999841	-9.64751434	3.95238662
58.26399841	-9.64751434	3.95238662
58.26799841	-9.64751434	3.95238662
58.27199841	-9.64751434	3.95238662
58.27599841	-9.64751434	3.95238662
58.27999841	-9.64751434	3.95238662
58.28399841	-9.64751434	3.95238662
58.28799841	-9.64751434	3.95238662
58.29199841	-9.64751434	3.95238662
58.29599841	-9.64751434	3.95238662
58.29999841	-9.64751434	3.95238662
58.30399841	-9.64751434	3.95238662
58.30799841	-9.64751434	3.95238662
58.31199841	-9.64751434	0.00000000
58.31599840	-9.64751434	3.95238662
58.31999840	-9.64751434	3.95238662
58.32399840	-9.64751434	3.95238662
58.32799840	-9.64751434	3.95238662
58.33199840	-9.64751434	0.00000000
58.33599840	-9.64751434	0.00000000
58.33999840	-9.64751434	3.95238662
58.34399840	-9.64751434	3.95238662
58.34799840	-9.64751434	0.00000000
58.35199840	-9.64751434	3.95238662
58.35599840	-9.64751434	3.95238662
58.35999840	-9.80868626	3.95238662
58.36399840	-9.64751434	3.95238662
58.36799840	-9.64751434	3.95238662
58.37199840	-9.64751434	0.00000000
58.37599840	-9.64751434	0.00000000
58.37999840	-9.64751434	3.95238662
58.38399840	-9.64751434	3.95238662
58.38799840	-9.80868626	3.95238662
58.39199840	-9.64751434	3.95238662
58.39599840	-9.64751434	3.95238662
58.39999840	-9.64751434	3.95238662
58.40399840	-9.80868626	3.95238662
58.40799840	-9.64751434	3.95238662
58.41199840	-9.80868626	3.95238662
58.41599840	-9.64751434	3.95238662
58.41999840	-9.64751434	3.95238662
58.42399840	-9.64751434	0.00000000
58.42799840	-9.64751434	0.00000000
58.43199840	-9.64751434	0.00000000
58.43599840	-9.64751434	3.95238662
58.43999840	-9.64751434	0.00000000
58.44399840	-9.64751434	3.95238662
58.44799840	-9.64751434	7.90477324
58.45199840	-9.64751434	3.95238662
58.45599840	-9.64751434	0.00000000
58.45999840	-9.64751434	0.00000000
58.46399840	-9.80868626	3.95238662
58.46799840	-9.80868626	3.95238662
58.47199840	-9.80868626	0.00000000
58.47599840	-9.80868626	3.95238662
58.47999840	-9.64751434	3.95238662
58.48399840	-9.64751434	3.95238662
58.48799840	-9.64751434	0.00000000
58.49199840	-9.64751434	0.00000000
58.49599840	-9.80868626	3.95238662
58.49999840	-9.80868626	0.00000000
58.50399840	-9.64751434	3.95238662
58.50799840	-9.64751434	3.95238662
58.51199840	-9.64751434	3.95238662
58.51599840	-9.64751434	3.95238662
58.51999840	-9.80868626	3.95238662
58.52399840	-9.80868626	3.95238662
58.52799840	-9.64751434	3.95238662
58.53199840	-9.64751434	3.95238662
58.53599840	-9.64751434	3.95238662
58.53999840	-9.80868626	0.00000000
58.54399840	-9.64751434	3.95238662
58.54799840	-9.80868626	3.95238662
58.55199840	-9.80868626	3.95238662
58.55599840	-9.80868626	3.95238662
58.55999840	-9.80868626	3.95238662
58.56399840	-9.80868626	7.90477324
58.56799840	-9.64751434	3.95238662
58.57199840	-9.80868626	0.00000000
58.57599840	-9.80868626	0.00000000
58.57999840	-9.80868626	0.00000000
58.58399840	-9.64751434	0.00000000
58.58799840	-9.64751434	3.95238662
58.59199840	-9.80868626	3.95238662
58.59599840	-9.80868626	0.00000000
58.59999840	-9.80868626	3.95238662
58.60399840	-9.80868626	3.95238662
58.60799840	-9.80868626	3.95238662
58.61199840	-9.64751434	0.00000000
58.61599840	-9.80868626	3.95238662
58.61999840	-9.80868626	0.00000000
58.62399840	-9.80868626	3.95238662
58.62799840	-9.80868626	3.95238662
58.63199840	-9.80868626	3.95238662
58.63599840	-9.80868626	3.95238662
58.63999840	-9.80868626	3.95238662
58.64399840	-9.80868626	3.95238662
58.64799840	-9.80868626	0.00000000
58.65199840	-9.80868626	3.95238662
58.65599840	-9.80868626	3.95238662
58.65999840	-9.64751434	3.95238662
58.66399840	-9.80868626	3.95238662
58.66799839	-9.80868626	0.00000000
58.67199839	-9.80868626	0.00000000
58.67599839	-9.80868626	3.95238662
58.67999839	-9.64751434	3.95238662
58.68399839	-9.80868626	3.95238662
58.68799839	-9.80868626	3.95238662
58.69199839	-9.80868626	3.95238662
58.69599839	-9.80868626	3.95238662
58.69999839	-9.80868626	3.95238662
58.70399839	-9.80868626	3.95238662
58.70799839	-9.64751434	0.00000000
58.71199839	-9.80868626	3.95238662
58.71599839	-9.64751434	3.95238662
58.71999839	-9.80868626	3.95238662
58.72399839	-9.80868626	3.95238662
58.72799839	-9.80868626	3.95238662
58.73199839	-9.64751434	0.00000000
58.73599839	-9.80868626	0.00000000
58.73999839	-9.80868626	3.95238662
58.74399839	-9.64751434	3.95238662
58.74799839	-9.80868626	3.95238662
58.75199839	-9.80868626	3.95238662
58.75599839	-9.80868626	3.95238662
58.75999839	-9.80868626	0.00000000
58.76399839	-9.64751434	0.00000000
58.76799839	-9.80868626	3.95238662
58.77199839	-9.64751434	3.95238662
58.77599839	-9.80868626	3.95238662
58.77999839	-9.80868626	3.95238662
58.78399839	-9.64751434	3.95238662
58.78799839	-9.64751434	3.95238662
58.79199839	-9.80868626	3.95238662
58.79599839	-9.80868626	3.95238662
58.79999839	-9.64751434	3.95238662
58.80399839	-9.80868626	3.95238662
58.80799839	-9.80868626	3.95238662
58.81199839	-9.80868626	3.95238662
58.81599839	-9.64751434	3.95238662
58.81999839	-9.80868626	3.95238662
58.82399839	-9.64751434	0.00000000
58.82799839	-9.64751434	0.00000000
58.83199839	-9.64751434	3.95238662
58.83599839	-9.80868626	0.00000000
58.83999839	-9.64751434	3.95238662
58.84399839	-9.64751434	3.95238662
58.84799839	-9.64751434	3.95238662
58.85199839	-9.64751434	3.95238662
58.85599839	-9.64751434	3.95238662
58.85999839	-9.64751434	0.00000000
58.86399839	-9.64751434	3.95238662
58.86799839	-9.64751434	3.95238662
58.87199839	-9.64751434	3.95238662
58.87599839	-9.64751434	0.00000000
58.87999839	-9.64751434	3.95238662
58.88399839	-9.64751434	3.95238662
58.88799839	-9.64751434	3.95238662
58.89199839	-9.64751434	3.95238662
58.89599839	-9.64751434	3.95238662
58.89999839	-9.64751434	3.95238662
58.90399839	-9.64751434	3.95238662
58.90799839	-9.64751434	3.95238662
58.91199839	-9.64751434	3.95238662
58.91599839	-9.64751434	3.95238662
58.91999839	-9.64751434	3.95238662
58.92399839	-9.64751434	0.00000000
58.92799839	-9.64751434	0.00000000
58.93199839	-9.64751434	3.95238662
58.93599839	-9.64751434	3.95238662
58.93999839	-9.64751434	3.95238662
58.94399839	-9.64751434	3.95238662
58.94799839	-9.64751434	3.95238662
58.95199839	-9.64751434	3.95238662
58.95599839	-9.64751434	0.00000000
58.95999839	-9.64751434	3.95238662
58.96399839	-9.64751434	3.95238662
58.96799839	-9.64751434	0.00000000
58.97199839	-9.64751434	0.00000000
58.97599839	-9.64751434	3.95238662
58.97999839	-9.64751434	3.95238662
58.98399839	-9.64751434	0.00000000
58.98799839	-9.64751434	3.95238662
58.99199839	-9.64751434	3.95238662
58.99599839	-9.64751434	0.00000000
58.99999839	-9.64751434	3.95238662
59.00399839	-9.64751434	0.00000000
59.00799839	-9.64751434	3.95238662
59.01199839	-9.64751434	3.95238662
59.01599839	-9.64751434	0.00000000
59.01999838	-9.64751434	3.95238662
59.02399838	-9.64751434	3.95238662
59.02799838	-9.64751434	3.95238662
59.03199838	-9.64751434	0.00000000
59.03599838	-9.64751434	0.00000000
59.03999838	-9.64751434	3.95238662
59.04399838	-9.64751434	0.00000000
59.04799838	-9.64751434	3.95238662
59.05199838	-9.64751434	3.95238662
59.05599838	-9.64751434	3.95238662
59.05999838	-9.64751434	3.95238662
59.06399838	-9.64751434	3.95238662
59.06799838	-9.64751434	3.95238662
59.07199838	-9.64751434	0.00000000
59.07599838	-9.64751434	3.95238662
59.07999838	-9.64751434	0.00000000
59.08399838	-9.64751434	0.00000000
59.08799838	-9.64751434	3.95238662
59.09199838	-9.64751434	3.95238662
59.09599838	-9.64751434	3.95238662
59.09999838	-9.64751434	3.95238662
59.10399838	-9.64751434	3.95238662
59.10799838	-9.64751434	3.95238662
59.11199838	-9.64751434	7.90477324
59.11599838	-9.64751434	0.00000000
59.11999838	-9.64751434	3.95238662
59.12399838	-9.64751434	3.95238662
59.12799838	-9.64751434	0.00000000
59.13199838	-9.64751434	0.00000000
59.13599838	-9.64751434	3.95238662
59.13999838	-9.64751434	3.95238662
59.14399838	-9.64751434	3.95238662
59.14799838	-9.64751434	0.00000000
59.15199838	-9.64751434	3.95238662
59.15599838	-9.64751434	0.00000000
59.15999838	-9.64751434	0.00000000
59.16399838	-9.64751434	3.95238662
59.16799838	-9.64751434	3.95238662
59.17199838	-9.64751434	3.95238662
59.17599838	-9.64751434	0.00000000
59.17999838	-9.64751434	3.95238662
59.18399838	-9.64751434	3.95238662
59.18799838	-9.64751434	7.90477324
59.19199838	-9.64751434	3.95238662
59.19599838	-9.64751434	3.95238662
59.19999838	-9.64751434	3.95238662
59.20399838	-9.64751434	3.95238662
59.20799838	-9.64751434	3.95238662
59.21199838	-9.64751434	3.95238662
59.21599838	-9.64751434	3.95238662
59.21999838	-9.64751434	3.95238662
59.22399838	-9.64751434	3.95238662
59.22799838	-9.64751434	3.95238662
59.23199838	-9.64751434	3.95238662
59.23599838	-9.64751434	0.00000000
59.23999838	-9.64751434	3.95238662
59.24399838	-9.64751434	3.95238662
59.24799838	-9.64751434	3.95238662
59.25199838	-9.64751434	3.95238662
59.25599838	-9.64751434	3.95238662
59.25999838	-9.64751434	0.00000000
59.26399838	-9.64751434	3.95238662
59.26799838	-9.64751434	3.95238662
59.27199838	-9.64751434	3.95238662
59.27599838	-9.64751434	0.00000000
59.27999838	-9.64751434	3.95238662
59.28399838	-9.64751434	3.95238662
59.28799838	-9.64751434	3.95238662
59.29199838	-9.64751434	3.95238662
59.29599838	-9.64751434	3.95238662
59.29999838	-9.64751434	0.00000000
59.30399838	-9.64751434	3.95238662
59.30799838	-9.64751434	3.95238662
59.31199838	-9.64751434	3.95238662
59.31599838	-9.64751434	0.00000000
59.31999838	-9.64751434	3.95238662
59.32399838	-9.64751434	3.95238662
59.32799838	-9.64751434	0.00000000
59.33199838	-9.64751434	3.95238662
59.33599838	-9.64751434	3.95238662
59.33999838	-9.64751434	0.00000000
59.34399838	-9.64751434	3.95238662
59.34799838	-9.64751434	3.95238662
59.35199838	-9.64751434	3.95238662
59.35599838	-9.64751434	0.00000000
59.35999838	-9.64751434	3.95238662
59.36399838	-9.64751434	3.95238662
59.36799838	-9.64751434	3.95238662
59.37199838	-9.64751434	3.95238662
59.37599837	-9.64751434	3.95238662
59.37999837	-9.64751434	0.00000000
59.38399837	-9.64751434	3.95238662
59.38799837	-9.64751434	0.00000000
59.39199837	-9.64751434	3.95238662
59.39599837	-9.64751434	3.95238662
59.39999837	-9.64751434	3.95238662
59.40399837	-9.64751434	3.95238662
59.40799837	-9.64751434	3.95238662
59.41199837	-9.64751434	3.95238662
59.41599837	-9.64751434	3.95238662
59.41999837	-9.64751434	3.95238662
59.42399837	-9.64751434	0.00000000
59.42799837	-9.64751434	3.95238662
59.43199837	-9.64751434	3.95238662
59.43599837	-9.64751434	3.95238662
59.43999837	-9.64751434	3.95238662
59.44399837	-9.64751434	0.00000000
59.44799837	-9.64751434	3.95238662
59.45199837	-9.64751434	3.95238662
59.45599837	-9.64751434	3.95238662
59.45999837	-9.64751434	3.95238662
59.46399837	-9.64751434	3.95238662
59.46799837	-9.64751434	0.00000000
59.47199837	-9.64751434	0.00000000
59.47599837	-9.64751434	3.95238662
59.47999837	-9.64751434	3.95238662
59.48399837	-9.64751434	0.00000000
59.48799837	-9.64751434	0.00000000
59.49199837	-9.64751434	0.00000000
59.49599837	-9.64751434	3.95238662
59.49999837	-9.64751434	3.95238662
59.50399837	-9.64751434	3.95238662
59.50799837	-9.64751434	0.00000000
59.51199837	-9.64751434	3.95238662
59.51599837	-9.64751434	3.95238662
59.51999837	-9.64751434	3.95238662
59.52399837	-9.64751434	3.95238662
59.52799837	-9.64751434	3.95238662
59.53199837	-9.64751434	3.95238662
59.53599837	-9.64751434	3.95238662
59.53999837	-9.64751434	0.00000000
59.54399837	-9.64751434	3.95238662
59.54799837	-9.64751434	0.00000000
59.55199837	-9.64751434	3.95238662
59.55599837	-9.64751434	3.95238662
59.55999837	-9.64751434	3.95238662
59.56399837	-9.64751434	3.95238662
59.56799837	-9.64751434	3.95238662
59.57199837	-9.64751434	3.95238662
59.57599837	-9.64751434	3.95238662
59.57999837	-9.64751434	3.95238662
59.58399837	-9.64751434	3.95238662
59.58799837	-9.64751434	3.95238662
59.59199837	-9.64751434	0.00000000
59.59599837	-9.64751434	3.95238662
59.59999837	-9.64751434	3.95238662
59.60399837	-9.64751434	3.95238662
59.60799837	-9.64751434	0.00000000
59.61199837	-9.64751434	3.95238662
59.61599837	-9.64751434	3.95238662
59.61999837	-9.64751434	3.95238662
59.62399837	-9.64751434	3.95238662
59.62799837	-9.64751434	0.00000000
59.63199837	-9.64751434	3.95238662
59.63599837	-9.64751434	0.00000000
59.63999837	-9.64751434	0.00000000
59.64399837	-9.64751434	3.95238662
59.64799837	-9.64751434	3.95238662
59.65199837	-9.64751434	0.00000000
59.65599837	-9.64751434	3.95238662
59.65999837	-9.64751434	3.95238662
59.66399837	-9.64751434	0.00000000
59.66799837	-9.64751434	3.95238662
59.67199837	-9.64751434	3.95238662
59.67599837	-9.64751434	3.95238662
59.67999837	-9.64751434	3.95238662
59.68399837	-9.64751434	3.95238662
59.68799837	-9.64751434	3.95238662
59.69199837	-9.64751434	3.95238662
59.69599837	-9.64751434	0.00000000
59.69999837	-9.80868626	0.00000000
59.70399837	-9.64751434	3.95238662
59.70799837	-9.64751434	3.95238662
59.71199837	-9.64751434	3.95238662
59.71599837	-9.64751434	3.95238662
59.71999837	-9.64751434	3.95238662
59.72399837	-9.64751434	0.00000000
59.72799836	-9.64751434	3.95238662
59.73199836	-9.80868626	3.95238662
59.73599836	-9.64751434	3.95238662
59.73999836	-9.64751434	3.95238662
59.74399836	-9.64751434	3.95238662
59.74799836	-9.80868626	3.95238662
59.75199836	-9.64751434	3.95238662
59.75599836	-9.64751434	3.95238662
59.75999836	-9.80868626	3.95238662
59.76399836	-9.64751434	3.95238662
59.76799836	-9.64751434	0.00000000
59.77199836	-9.64751434	0.00000000
59.77599836	-9.64751434	3.95238662
59.77999836	-9.64751434	3.95238662
59.78399836	-9.64751434	0.00000000
59.78799836	-9.64751434	3.95238662
59.79199836	-9.80868626	3.95238662
59.79599836	-9.64751434	3.95238662
59.79999836	-9.64751434	3.95238662
59.80399836	-9.80868626	0.00000000
59.80799836	-9.64751434	3.95238662
59.81199836	-9.64751434	3.95238662
59.81599836	-9.64751434	0.00000000
59.81999836	-9.64751434	0.00000000
59.82399836	-9.64751434	3.95238662
59.82799836	-9.80868626	0.00000000
59.83199836	-9.64751434	3.95238662
59.83599836	-9.64751434	0.00000000
59.83999836	-9.80868626	3.95238662
59.84399836	-9.64751434	3.95238662
59.84799836	-9.64751434	3.95238662
59.85199836	-9.64751434	0.00000000
59.85599836	-9.64751434	3.95238662
59.85999836	-9.64751434	3.95238662
59.86399836	-9.80868626	3.95238662
59.86799836	-9.80868626	3.95238662
59.87199836	-9.64751434	3.95238662
59.87599836	-9.80868626	3.95238662
59.87999836	-9.64751434	3.95238662
59.88399836	-9.80868626	0.00000000
59.88799836	-9.80868626	3.95238662
59.89199836	-9.80868626	0.00000000
59.89599836	-9.64751434	3.95238662
59.89999836	-9.64751434	3.95238662
59.90399836	-9.64751434	3.95238662
59.90799836	-9.80868626	0.00000000
59.91199836	-9.64751434	3.95238662
59.91599836	-9.80868626	3.95238662
59.91999836	-9.80868626	0.00000000
59.92399836	-9.64751434	3.95238662
59.92799836	-9.80868626	3.95238662
59.93199836	-9.80868626	0.00000000
59.93599836	-9.80868626	3.95238662
59.93999836	-9.80868626	0.00000000
59.94399836	-9.64751434	0.00000000
59.94799836	-9.64751434	3.95238662
59.95199836	-9.80868626	0.00000000
59.95599836	-9.64751434	3.95238662
59.95999836	-9.64751434	3.95238662
59.96399836	-9.64751434	3.95238662
59.96799836	-9.64751434	3.95238662
59.97199836	-9.80868626	3.95238662
59.97599836	-9.80868626	3.95238662
59.97999836	-9.64751434	0.00000000
59.98399836	-9.64751434	3.95238662
59.98799836	-9.80868626	3.95238662
59.99199836	-9.64751434	3.95238662
59.99599836	-9.80868626	0.00000000
59.99999836	-9.64751434	3.95238662
60.00399836	-9.80868626	3.95238662
60.00799836	-9.64751434	3.95238662
60.01199836	-9.64751434	0.00000000
60.01599836	-9.64751434	3.95238662
60.01999836	-9.64751434	3.95238662
60.02399836	-9.64751434	3.95238662
60.02799836	-9.64751434	3.95238662
60.03199836	-9.64751434	3.95238662
60.03599836	-9.64751434	0.00000000
60.03999836	-9.64751434	3.95238662
60.04399836	-9.64751434	0.00000000
60.04799836	-9.64751434	3.95238662
60.05199836	-9.64751434	3.95238662
60.05599836	-9.64751434	0.00000000
60.05999836	-9.64751434	0.00000000
60.06399836	-9.64751434	3.95238662
60.06799836	-9.64751434	3.95238662
60.07199836	-9.64751434	7.90477324
60.07599836	-9.64751434	0.00000000
60.07999836	-9.64751434	3.95238662
60.08399835	-9.64751434	3.95238662
60.08799835	-9.64751434	3.95238662
60.09199835	-9.64751434	3.95238662
60.09599835	-9.64751434	3.95238662
60.09999835	-9.64751434	3.95238662
60.10399835	-9.64751434	3.95238662
60.10799835	-9.64751434	0.00000000
60.11199835	-9.64751434	3.95238662
60.11599835	-9.64751434	3.95238662
60.11999835	-9.64751434	3.95238662
60.12399835	-9.64751434	0.00000000
60.12799835	-9.64751434	3.95238662
60.13199835	-9.64751434	0.00000000
60.13599835	-9.64751434	3.95238662
60.13999835	-9.64751434	0.00000000
60.14399835	-9.64751434	3.95238662
60.14799835	-9.64751434	3.95238662
60.15199835	-9.64751434	0.00000000
60.15599835	-9.64751434	0.00000000
60.15999835	-9.64751434	3.95238662
60.16399835	-9.64751434	3.95238662
60.16799835	-9.64751434	0.00000000
60.17199835	-9.64751434	3.95238662
60.17599835	-9.64751434	3.95238662
60.17999835	-9.64751434	3.95238662
60.18399835	-9.64751434	3.95238662
60.18799835	-9.64751434	3.95238662
60.19199835	-9.64751434	0.00000000
60.19599835	-9.64751434	0.00000000
60.19999835	-9.64751434	3.95238662
60.20399835	-9.64751434	0.00000000
60.20799835	-9.64751434	3.95238662
60.21199835	-9.64751434	3.95238662
60.21599835	-9.64751434	3.95238662
60.21999835	-9.64751434	0.00000000
60.22399835	-9.64751434	0.00000000
60.22799835	-9.64751434	3.95238662
60.23199835	-9.64751434	3.95238662
60.23599835	-9.64751434	3.95238662
60.23999835	-9.64751434	3.95238662
60.24399835	-9.64751434	0.00000000
60.24799835	-9.64751434	3.95238662
60.25199835	-9.64751434	0.00000000
60.25599835	-9.64751434	3.95238662
60.25999835	-9.64751434	3.95238662
60.26399835	-9.64751434	3.95238662
60.26799835	-9.64751434	0.00000000
60.27199835	-9.64751434	3.95238662
60.27599835	-9.64751434	3.95238662
60.27999835	-9.64751434	3.95238662
60.28399835	-9.64751434	0.00000000
60.28799835	-9.64751434	0.00000000
60.29199835	-9.64751434	3.95238662
60.29599835	-9.64751434	3.95238662
60.29999835	-9.64751434	3.95238662
60.30399835	-9.64751434	3.95238662
60.30799835	-9.64751434	3.95238662
60.31199835	-9.64751434	3.95238662
60.31599835	-9.64751434	0.00000000
60.31999835	-9.64751434	3.95238662
60.32399835	-9.64751434	3.95238662
60.32799835	-9.64751434	3.95238662
60.33199835	-9.64751434	3.95238662
60.33599835	-9.64751434	3.95238662
60.33999835	-9.64751434	3.95238662
60.34399835	-9.64751434	0.00000000
60.34799835	-9.64751434	0.00000000
60.35199835	-9.64751434	7.90477324
60.35599835	-9.64751434	0.00000000
60.35999835	-9.64751434	0.00000000
60.36399835	-9.64751434	0.00000000
60.36799835	-9.64751434	3.95238662
60.37199835	-9.64751434	3.95238662
60.37599835	-9.64751434	0.00000000
60.37999835	-9.64751434	3.95238662
60.38399835	-9.64751434	3.95238662
60.38799835	-9.64751434	3.95238662
60.39199835	-9.64751434	0.00000000
60.39599835	-9.64751434	0.00000000
60.39999835	-9.64751434	3.95238662
60.40399835	-9.64751434	0.00000000
60.40799835	-9.64751434	3.95238662
60.41199835	-9.64751434	0.00000000
60.41599835	-9.64751434	3.95238662
60.41999835	-9.64751434	3.95238662
60.42399835	-9.64751434	3.95238662
60.42799835	-9.64751434	0.00000000
60.43199835	-9.64751434	3.95238662
60.43599834	-9.64751434	3.95238662
60.43999834	-9.64751434	0.00000000
60.44399834	-9.64751434	3.95238662
60.44799834	-9.64751434	0.00000000
60.45199834	-9.64751434	0.00000000
60.45599834	-9.64751434	3.95238662
60.45999834	-9.64751434	0.00000000
60.46399834	-9.64751434	3.95238662
60.46799834	-9.64751434	3.95238662
60.47199834	-9.64751434	0.00000000
60.47599834	-9.64751434	0.00000000
60.47999834	-9.64751434	0.00000000
60.48399834	-9.64751434	3.95238662
60.48799834	-9.64751434	3.95238662
60.49199834	-9.64751434	3.95238662
60.49599834	-9.64751434	3.95238662
60.49999834	-9.64751434	3.95238662
60.50399834	-9.64751434	3.95238662
60.50799834	-9.64751434	0.00000000
60.51199834	-9.64751434	3.95238662
60.51599834	-9.64751434	3.95238662
60.51999834	-9.64751434	3.95238662
60.52399834	-9.64751434	3.95238662
60.52799834	-9.64751434	3.95238662
60.53199834	-9.64751434	3.95238662
60.53599834	-9.64751434	0.00000000
60.53999834	-9.64751434	0.00000000
60.54399834	-9.64751434	0.00000000
60.54799834	-9.64751434	3.95238662
60.55199834	-9.64751434	3.95238662
60.55599834	-9.64751434	0.00000000
60.55999834	-9.64751434	3.95238662
60.56399834	-9.64751434	3.95238662
60.56799834	-9.64751434	0.00000000
60.57199834	-9.64751434	0.00000000
60.57599834	-9.64751434	3.95238662
60.57999834	-9.64751434	3.95238662
60.58399834	-9.64751434	0.00000000
60.58799834	-9.64751434	3.95238662
60.59199834	-9.64751434	3.95238662
60.59599834	-9.64751434	3.95238662
60.59999834	-9.64751434	3.95238662
60.60399834	-9.64751434	0.00000000
60.60799834	-9.64751434	3.95238662
60.61199834	-9.64751434	3.95238662
60.61599834	-9.64751434	3.95238662
60.61999834	-9.64751434	3.95238662
60.62399834	-9.64751434	3.95238662
60.62799834	-9.64751434	3.95238662
60.63199834	-9.64751434	3.95238662
60.63599834	-9.64751434	3.95238662
60.63999834	-9.64751434	3.95238662
60.64399834	-9.64751434	3.95238662
60.64799834	-9.64751434	3.95238662
60.65199834	-9.64751434	0.00000000
60.65599834	-9.64751434	3.95238662
60.65999834	-9.64751434	0.00000000
60.66399834	-9.64751434	3.95238662
60.66799834	-9.64751434	3.95238662
60.67199834	-9.64751434	0.00000000
60.67599834	-9.64751434	0.00000000
60.67999834	-9.64751434	3.95238662
60.68399834	-9.64751434	0.00000000
60.68799834	-9.64751434	0.00000000
60.69199834	-9.64751434	3.95238662
60.69599834	-9.64751434	0.00000000
60.69999834	-9.64751434	0.00000000
60.70399834	-9.64751434	0.00000000
60.70799834	-9.64751434	0.00000000
60.71199834	-9.64751434	0.00000000
60.71599834	-9.64751434	0.00000000
60.71999834	-9.64751434	3.95238662
60.72399834	-9.64751434	3.95238662
60.72799834	-9.64751434	3.95238662
60.73199834	-9.64751434	3.95238662
60.73599834	-9.64751434	0.00000000
60.73999834	-9.64751434	3.95238662
60.74399834	-9.64751434	3.95238662
60.74799834	-9.64751434	3.95238662
60.75199834	-9.64751434	3.95238662
60.75599834	-9.64751434	3.95238662
60.75999834	-9.64751434	3.95238662
60.76399834	-9.64751434	0.00000000
60.76799834	-9.64751434	0.00000000
60.77199834	-9.64751434	3.95238662
60.77599834	-9.64751434	0.00000000
60.77999834	-9.64751434	0.00000000
60.78399834	-9.64751434	3.95238662
60.78799833	-9.64751434	3.95238662
60.79199833	-9.64751434	3.95238662
60.79599833	-9.64751434	0.00000000
60.79999833	-9.64751434	3.95238662
60.80399833	-9.64751434	3.95238662
60.80799833	-9.64751434	0.00000000
60.81199833	-9.64751434	3.95238662
60.81599833	-9.64751434	3.95238662
60.81999833	-9.64751434	3.95238662
60.82399833	-9.64751434	3.95238662
60.82799833	-9.64751434	3.95238662
60.83199833	-9.64751434	3.95238662
60.83599833	-9.64751434	3.95238662
60.83999833	-9.64751434	3.95238662
60.84399833	-9.64751434	3.95238662
60.84799833	-9.64751434	3.95238662
60.85199833	-9.64751434	3.95238662
60.85599833	-9.64751434	3.95238662
60.85999833	-9.64751434	0.00000000
60.86399833	-9.64751434	0.00000000
60.86799833	-9.64751434	0.00000000
60.87199833	-9.64751434	3.95238662
60.87599833	-9.64751434	0.00000000
60.87999833	-9.64751434	3.95238662
60.88399833	-9.64751434	0.00000000
60.88799833	-9.64751434	3.95238662
60.89199833	-9.64751434	3.95238662
60.89599833	-9.64751434	3.95238662
60.89999833	-9.64751434	0.00000000
60.90399833	-9.64751434	3.95238662
60.90799833	-9.64751434	3.95238662
60.91199833	-9.64751434	0.00000000
60.91599833	-9.64751434	0.00000000
60.91999833	-9.64751434	3.95238662
60.92399833	-9.64751434	0.00000000
60.92799833	-9.64751434	3.95238662
60.93199833	-9.64751434	3.95238662
60.93599833	-9.64751434	3.95238662
60.93999833	-9.64751434	3.95238662
60.94399833	-9.64751434	0.00000000
60.94799833	-9.64751434	3.95238662
60.95199833	-9.64751434	3.95238662
60.95599833	-9.64751434	3.95238662
60.95999833	-9.64751434	3.95238662
60.96399833	-9.64751434	3.95238662
60.96799833	-9.64751434	3.95238662
60.97199833	-9.64751434	3.95238662
60.97599833	-9.64751434	0.00000000
60.97999833	-9.64751434	3.95238662
60.98399833	-9.64751434	3.95238662
60.98799833	-9.64751434	0.00000000
60.99199833	-9.64751434	3.95238662
60.99599833	-9.64751434	3.95238662
60.99999833	-9.64751434	3.95238662
61.00399833	-9.64751434	0.00000000
61.00799833	-9.64751434	0.00000000
61.01199833	-9.80868626	3.95238662
61.01599833	-9.64751434	3.95238662
61.01999833	-9.64751434	0.00000000
61.02399833	-9.64751434	0.00000000
61.02799833	-9.64751434	3.95238662
61.03199833	-9.64751434	3.95238662
61.03599833	-9.64751434	0.00000000
61.03999833	-9.64751434	3.95238662
61.04399833	-9.64751434	0.00000000
61.04799833	-9.64751434	3.95238662
61.05199833	-9.80868626	3.95238662
61.05599833	-9.80868626	3.95238662
61.05999833	-9.80868626	3.95238662
61.06399833	-9.64751434	3.95238662
61.06799833	-9.64751434	3.95238662
61.07199833	-9.64751434	0.00000000
61.07599833	-9.64751434	0.00000000
61.07999833	-9.80868626	3.95238662
61.08399833	-9.64751434	3.95238662
61.08799833	-9.64751434	0.00000000
61.09199833	-9.64751434	0.00000000
61.09599833	-9.64751434	3.95238662
61.09999833	-9.64751434	3.95238662
61.10399833	-9.64751434	3.95238662
61.10799833	-9.64751434	3.95238662
61.11199833	-9.64751434	0.00000000
61.11599833	-9.64751434	0.00000000
61.11999833	-9.80868626	3.95238662
61.12399833	-9.64751434	0.00000000
61.12799833	-9.64751434	0.00000000
61.13199833	-9.64751434	0.00000000
61.13599833	-9.80868626	3.95238662
61.13999833	-9.64751434	3.95238662
61.14399832	-9.64751434	3.95238662
61.14799832	-9.80868626	3.95238662
61.15199832	-9.64751434	3.95238662
61.15599832	-9.80868626	0.00000000
61.15999832	-9.64751434	3.95238662
61.16399832	-9.80868626	0.00000000
61.16799832	-9.64751434	3.95238662
61.17199832	-9.64751434	0.00000000
61.17599832	-9.64751434	3.95238662
61.17999832	-9.64751434	3.95238662
61.18399832	-9.80868626	3.95238662
61.18799832	-9.80868626	3.95238662
61.19199832	-9.64751434	3.95238662
61.19599832	-9.80868626	0.00000000
61.19999832	-9.64751434	3.95238662
61.20399832	-9.64751434	0.00000000
61.20799832	-9.64751434	0.00000000
61.21199832	-9.64751434	0.00000000
61.21599832	-9.64751434	3.95238662
61.21999832	-9.80868626	3.95238662
61.22399832	-9.64751434	3.95238662
61.22799832	-9.64751434	0.00000000
61.23199832	-9.80868626	0.00000000
61.23599832	-9.64751434	0.00000000
61.23999832	-9.64751434	0.00000000
61.24399832	-9.64751434	0.00000000
61.24799832	-9.64751434	3.95238662
61.25199832	-9.64751434	3.95238662
61.25599832	-9.80868626	3.95238662
61.25999832	-9.64751434	3.95238662
61.26399832	-9.64751434	3.95238662
61.26799832	-9.80868626	3.95238662
61.27199832	-9.64751434	3.95238662
61.27599832	-9.64751434	3.95238662
61.27999832	-9.64751434	0.00000000
61.28399832	-9.64751434	0.00000000
61.28799832	-9.64751434	0.00000000
61.29199832	-9.64751434	0.00000000
61.29599832	-9.64751434	0.00000000
61.29999832	-9.64751434	3.95238662
61.30399832	-9.64751434	0.00000000
61.30799832	-9.64751434	0.00000000
61.31199832	-9.64751434	3.95238662
61.31599832	-9.64751434	3.95238662
61.31999832	-9.64751434	3.95238662
61.32399832	-9.64751434	3.95238662
61.32799832	-9.64751434	0.00000000
61.33199832	-9.64751434	3.95238662
61.33599832	-9.64751434	3.95238662
61.33999832	-9.64751434	0.00000000
61.34399832	-9.64751434	3.95238662
61.34799832	-9.64751434	0.00000000
61.35199832	-9.64751434	3.95238662
61.35599832	-9.64751434	3.95238662
61.35999832	-9.64751434	3.95238662
61.36399832	-9.64751434	0.00000000
61.36799832	-9.64751434	0.00000000
61.37199832	-9.64751434	0.00000000
61.37599832	-9.64751434	0.00000000
61.37999832	-9.64751434	3.95238662
61.38399832	-9.64751434	0.00000000
61.38799832	-9.64751434	3.95238662
61.39199832	-9.64751434	3.95238662
61.39599832	-9.64751434	3.95238662
61.39999832	-9.64751434	3.95238662
61.40399832	-9.64751434	3.95238662
61.40799832	-9.64751434	0.00000000
61.41199832	-9.64751434	3.95238662
61.41599832	-9.64751434	0.00000000
61.41999832	-9.64751434	3.95238662
61.42399832	-9.64751434	3.95238662
61.42799832	-9.64751434	0.00000000
61.43199832	-9.64751434	3.95238662
61.43599832	-9.64751434	0.00000000
61.43999832	-9.64751434	0.00000000
61.44399832	-9.64751434	3.95238662
61.44799832	-9.64751434	3.95238662
61.45199832	-9.64751434	0.00000000
61.45599832	-9.64751434	3.95238662
61.45999832	-9.64751434	3.95238662
61.46399832	-9.64751434	0.00000000
61.46799832	-9.64751434	3.95238662
61.47199832	-9.64751434	3.95238662
61.47599832	-9.64751434	3.95238662
61.47999832	-9.64751434	3.95238662
61.48399832	-9.64751434	3.95238662
61.48799832	-9.64751434	3.95238662
61.49199832	-9.64751434	3.95238662
61.49599831	-9.64751434	3.95238662
61.49999831	-9.64751434	3.95238662
61.50399831	-9.64751434	3.95238662
61.50799831	-9.64751434	3.95238662
61.51199831	-9.64751434	3.95238662
61.51599831	-9.64751434	0.00000000
61.51999831	-9.64751434	0.00000000
61.52399831	-9.64751434	3.95238662
61.52799831	-9.64751434	3.95238662
61.53199831	-9.64751434	3.95238662
61.53599831	-9.64751434	3.95238662
61.53999831	-9.64751434	3.95238662
61.54399831	-9.64751434	0.00000000
61.54799831	-9.64751434	3.95238662
61.55199831	-9.64751434	3.95238662
61.55599831	-9.64751434	3.95238662
61.55999831	-9.64751434	0.00000000
61.56399831	-9.64751434	3.95238662
61.56799831	-9.64751434	3.95238662
61.57199831	-9.64751434	3.95238662
61.57599831	-9.64751434	3.95238662
61.57999831	-9.64751434	3.95238662
61.58399831	-9.64751434	3.95238662
61.58799831	-9.64751434	0.00000000
61.59199831	-9.64751434	0.00000000
61.59599831	-9.64751434	0.00000000
61.59999831	-9.64751434	0.00000000
61.60399831	-9.64751434	3.95238662
61.60799831	-9.64751434	3.95238662
61.61199831	-9.64751434	3.95238662
61.61599831	-9.64751434	3.95238662
61.61999831	-9.64751434	3.95238662
61.62399831	-9.64751434	3.95238662
61.62799831	-9.64751434	0.00000000
61.63199831	-9.64751434	0.00000000
61.63599831	-9.64751434	3.95238662
61.63999831	-9.64751434	3.95238662
61.64399831	-9.64751434	3.95238662
61.64799831	-9.64751434	0.00000000
61.65199831	-9.64751434	3.95238662
61.65599831	-9.64751434	3.95238662
61.65999831	-9.64751434	0.00000000
61.66399831	-9.64751434	3.95238662
61.66799831	-9.64751434	3.95238662
61.67199831	-9.64751434	3.95238662
61.67599831	-9.64751434	0.00000000
61.67999831	-9.64751434	7.90477324
61.68399831	-9.64751434	0.00000000
61.68799831	-9.64751434	3.95238662
61.69199831	-9.64751434	3.95238662
61.69599831	-9.64751434	0.00000000
61.69999831	-9.64751434	0.00000000
61.70399831	-9.64751434	3.95238662
61.70799831	-9.64751434	3.95238662
61.71199831	-9.64751434	0.00000000
61.71599831	-9.64751434	3.95238662
61.71999831	-9.64751434	0.00000000
61.72399831	-9.64751434	0.00000000
61.72799831	-9.64751434	3.95238662
61.73199831	-9.64751434	0.00000000
61.73599831	-9.64751434	3.95238662
61.73999831	-9.64751434	0.00000000
61.74399831	-9.64751434	3.95238662
61.74799831	-9.64751434	3.95238662
61.75199831	-9.64751434	3.95238662
61.75599831	-9.64751434	0.00000000
61.75999831	-9.64751434	3.95238662
61.76399831	-9.64751434	3.95238662
61.76799831	-9.64751434	3.95238662
61.77199831	-9.64751434	3.95238662
61.77599831	-9.64751434	3.95238662
61.77999831	-9.64751434	3.95238662
61.78399831	-9.64751434	0.00000000
61.78799831	-9.64751434	0.00000000
61.79199831	-9.64751434	3.95238662
61.79599831	-9.64751434	3.95238662
61.79999831	-9.64751434	0.00000000
61.80399831	-9.64751434	3.95238662
61.80799831	-9.64751434	3.95238662
61.81199831	-9.64751434	0.00000000
61.81599831	-9.64751434	3.95238662
61.81999831	-9.64751434	3.95238662
61.82399831	-9.64751434	3.95238662
61.82799831	-9.64751434	3.95238662
61.83199831	-9.64751434	7.90477324
61.83599831	-9.64751434	3.95238662
61.83999831	-9.64751434	3.95238662
61.84399831	-9.64751434	3.95238662
61.84799830	-9.64751434	3.95238662
61.85199830	-9.64751434	3.95238662
61.85599830	-9.64751434	3.95238662
61.85999830	-9.64751434	3.95238662
61.86399830	-9.64751434	3.95238662
61.86799830	-9.64751434	3.95238662
61.87199830	-9.64751434	3.95238662
61.87599830	-9.64751434	3.95238662
61.87999830	-9.64751434	0.00000000
61.88399830	-9.64751434	0.00000000
61.88799830	-9.64751434	3.95238662
61.89199830	-9.64751434	0.00000000
61.89599830	-9.64751434	3.95238662
61.89999830	-9.64751434	0.00000000
61.90399830	-9.64751434	3.95238662
61.90799830	-9.64751434	3.95238662
61.91199830	-9.64751434	3.95238662
61.91599830	-9.64751434	0.00000000
61.91999830	-9.64751434	3.95238662
61.92399830	-9.64751434	3.95238662
61.92799830	-9.64751434	0.00000000
61.93199830	-9.64751434	0.00000000
61.93599830	-9.64751434	0.00000000
61.93999830	-9.64751434	3.95238662
61.94399830	-9.64751434	3.95238662
61.94799830	-9.64751434	3.95238662
61.95199830	-9.64751434	3.95238662
61.95599830	-9.64751434	3.95238662
61.95999830	-9.64751434	3.95238662
61.96399830	-9.64751434	0.00000000
61.96799830	-9.64751434	3.95238662
61.97199830	-9.64751434	0.00000000
61.97599830	-9.64751434	0.00000000
61.97999830	-9.64751434	3.95238662
61.98399830	-9.64751434	3.95238662
61.98799830	-9.64751434	3.95238662
61.99199830	-9.64751434	0.00000000
61.99599830	-9.64751434	3.95238662
61.99999830	-9.64751434	3.95238662
62.00399830	-9.64751434	3.95238662
62.00799830	-9.64751434	3.95238662
62.01199830	-9.64751434	0.00000000
62.01599830	-9.64751434	3.95238662
62.01999830	-9.64751434	3.95238662
62.02399830	-9.64751434	0.00000000
62.02799830	-9.64751434	3.95238662
62.03199830	-9.64751434	3.95238662
62.03599830	-9.64751434	3.95238662
62.03999830	-9.64751434	3.95238662
62.04399830	-9.64751434	0.00000000
62.04799830	-9.64751434	3.95238662
62.05199830	-9.64751434	0.00000000
62.05599830	-9.64751434	0.00000000
62.05999830	-9.64751434	0.00000000
62.06399830	-9.64751434	3.95238662
62.06799830	-9.64751434	3.95238662
62.07199830	-9.64751434	3.95238662
62.07599830	-9.64751434	3.95238662
62.07999830	-9.64751434	3.95238662
62.08399830	-9.64751434	0.00000000
62.08799830	-9.64751434	3.95238662
62.09199830	-9.64751434	0.00000000
62.09599830	-9.64751434	3.95238662
62.09999830	-9.64751434	3.95238662
62.10399830	-9.64751434	3.95238662
62.10799830	-9.64751434	0.00000000
62.11199830	-9.64751434	3.95238662
62.11599830	-9.64751434	3.95238662
62.11999830	-9.64751434	3.95238662
62.12399830	-9.64751434	3.95238662
62.12799830	-9.64751434	0.00000000
62.13199830	-9.64751434	3.95238662
62.13599830	-9.64751434	3.95238662
62.13999830	-9.64751434	3.95238662
62.14399830	-9.64751434	3.95238662
62.14799830	-9.64751434	0.00000000
62.15199830	-9.64751434	3.95238662
62.15599830	-9.64751434	3.95238662
62.15999830	-9.64751434	3.95238662
62.16399830	-9.64751434	0.00000000
62.16799830	-9.64751434	3.95238662
62.17199830	-9.64751434	0.00000000
62.17599830	-9.64751434	3.95238662
62.17999830	-9.64751434	0.00000000
62.18399830	-9.64751434	3.95238662
62.18799830	-9.64751434	0.00000000
62.19199830	-9.64751434	3.95238662
62.19599830	-9.80868626	0.00000000
62.19999830	-9.64751434	0.00000000
62.20399829	-9.64751434	3.95238662
62.20799829	-9.64751434	3.95238662
62.21199829	-9.64751434	0.00000000
62.21599829	-9.80868626	3.95238662
62.21999829	-9.64751434	0.00000000
62.22399829	-9.80868626	3.95238662
62.22799829	-9.64751434	0.00000000
62.23199829	-9.64751434	3.95238662
62.23599829	-9.64751434	3.95238662
62.23999829	-9.80868626	3.95238662
62.24399829	-9.64751434	3.95238662
62.24799829	-9.64751434	3.95238662
62.25199829	-9.64751434	3.95238662
62.25599829	-9.64751434	3.95238662
62.25999829	-9.80868626	3.95238662
62.26399829	-9.64751434	7.90477324
62.26799829	-9.64751434	0.00000000
62.27199829	-9.64751434	0.00000000
62.27599829	-9.64751434	0.00000000
62.27999829	-9.64751434	3.95238662
62.28399829	-9.64751434	0.00000000
62.28799829	-9.64751434	3.95238662
62.29199829	-9.64751434	3.95238662
62.29599829	-9.80868626	0.00000000
62.29999829	-9.64751434	3.95238662
62.30399829	-9.64751434	7.90477324
62.30799829	-9.64751434	0.00000000
62.31199829	-9.64751434	3.95238662
62.31599829	-9.80868626	3.95238662
62.31999829	-9.80868626	0.00000000
62.32399829	-9.64751434	0.00000000
62.32799829	-9.80868626	3.95238662
62.33199829	-9.80868626	0.00000000
62.33599829	-9.80868626	3.95238662
62.33999829	-9.80868626	3.95238662
62.34399829	-9.80868626	3.95238662
62.34799829	-9.64751434	3.95238662
62.35199829	-9.80868626	3.95238662
62.35599829	-9.80868626	3.95238662
62.35999829	-9.80868626	3.95238662
62.36399829	-9.64751434	0.00000000
62.36799829	-9.80868626	3.95238662
62.37199829	-9.80868626	3.95238662
62.37599829	-9.80868626	0.00000000
62.37999829	-9.80868626	0.00000000
62.38399829	-9.64751434	3.95238662
62.38799829	-9.64751434	3.95238662
62.39199829	-9.64751434	0.00000000
62.39599829	-9.64751434	0.00000000
62.39999829	-9.80868626	0.00000000
62.40399829	-9.80868626	3.95238662
62.40799829	-9.80868626	3.95238662
62.41199829	-9.64751434	3.95238662
62.41599829	-9.80868626	3.95238662
62.41999829	-9.80868626	3.95238662
62.42399829	-9.64751434	3.95238662
62.42799829	-9.64751434	3.95238662
62.43199829	-9.80868626	3.95238662
62.43599829	-9.80868626	3.95238662
62.43999829	-9.64751434	3.95238662
62.44399829	-9.64751434	0.00000000
62.44799829	-9.80868626	3.95238662
62.45199829	-9.80868626	3.95238662
62.45599829	-9.64751434	0.00000000
62.45999829	-9.80868626	0.00000000
62.46399829	-9.64751434	3.95238662
62.46799829	-9.64751434	3.95238662
62.47199829	-9.64751434	3.95238662
62.47599829	-9.64751434	0.00000000
62.47999829	-9.80868626	3.95238662
62.48399829	-9.64751434	3.95238662
62.48799829	-9.64751434	3.95238662
62.49199829	-9.80868626	0.00000000
62.49599829	-9.80868626	3.95238662
62.49999829	-9.80868626	0.00000000
62.50399829	-9.64751434	0.00000000
62.50799829	-9.64751434	3.95238662
62.51199829	-9.64751434	3.95238662
62.51599829	-9.80868626	3.95238662
62.51999829	-9.64751434	3.95238662
62.52399829	-9.64751434	3.95238662
62.52799829	-9.80868626	0.00000000
62.53199829	-9.80868626	3.95238662
62.53599829	-9.80868626	3.95238662
62.53999829	-9.64751434	3.95238662
62.54399829	-9.64751434	3.95238662
62.54799829	-9.80868626	3.95238662
62.55199829	-9.64751434	3.95238662
62.55599828	-9.80868626	3.95238662
62.55999828	-9.80868626	3.95238662
62.56399828	-9.80868626	3.95238662
62.56799828	-9.80868626	3.95238662
62.57199828	-9.64751434	0.00000000
62.57599828	-9.64751434	0.00000000
62.57999828	-9.64751434	0.00000000
62.58399828	-9.64751434	3.95238662
62.58799828	-9.64751434	0.00000000
62.59199828	-9.64751434	3.95238662
62.59599828	-9.64751434	0.00000000
62.59999828	-9.80868626	3.95238662
62.60399828	-9.64751434	3.95238662
62.60799828	-9.64751434	0.00000000
62.61199828	-9.64751434	3.95238662
62.61599828	-9.64751434	0.00000000
62.61999828	-9.64751434	3.95238662
62.62399828	-9.64751434	3.95238662
62.62799828	-9.64751434	3.95238662
62.63199828	-9.64751434	0.00000000
62.63599828	-9.64751434	3.95238662
62.63999828	-9.64751434	3.95238662
62.64399828	-9.64751434	3.95238662
62.64799828	-9.64751434	3.95238662
62.65199828	-9.64751434	3.95238662
62.65599828	-9.64751434	3.95238662
62.65999828	-9.64751434	7.90477324
62.66399828	-9.64751434	3.95238662
62.66799828	-9.64751434	3.95238662
62.67199828	-9.64751434	3.95238662
62.67599828	-9.64751434	3.95238662
62.67999828	-9.64751434	3.95238662
62.68399828	-9.64751434	3.95238662
62.68799828	-9.64751434	0.00000000
62.69199828	-9.64751434	3.95238662
62.69599828	-9.64751434	3.95238662
62.69999828	-9.64751434	3.95238662
62.70399828	-9.64751434	3.95238662
62.70799828	-9.64751434	0.00000000
62.71199828	-9.64751434	3.95238662
62.71599828	-9.64751434	3.95238662
62.71999828	-9.64751434	3.95238662
62.72399828	-9.64751434	3.95238662
62.72799828	-9.64751434	0.00000000
62.73199828	-9.64751434	0.00000000
62.73599828	-9.64751434	3.95238662
62.73999828	-9.64751434	3.95238662
62.74399828	-9.64751434	3.95238662
62.74799828	-9.64751434	0.00000000
62.75199828	-9.64751434	3.95238662
62.75599828	-9.64751434	3.95238662
62.75999828	-9.64751434	0.00000000
62.76399828	-9.64751434	3.95238662
62.76799828	-9.64751434	3.95238662
62.77199828	-9.64751434	3.95238662
62.77599828	-9.64751434	0.00000000
62.77999828	-9.64751434	3.95238662
62.78399828	-9.64751434	3.95238662
62.78799828	-9.64751434	3.95238662
62.79199828	-9.64751434	0.00000000
62.79599828	-9.64751434	0.00000000
62.79999828	-9.64751434	3.95238662
62.80399828	-9.64751434	3.95238662
62.80799828	-9.64751434	3.95238662
62.81199828	-9.64751434	3.95238662
62.81599828	-9.64751434	3.95238662
62.81999828	-9.64751434	3.95238662
62.82399828	-9.64751434	0.00000000
62.82799828	-9.64751434	3.95238662
62.83199828	-9.64751434	0.00000000
62.83599828	-9.64751434	3.95238662
62.83999828	-9.64751434	0.00000000
62.84399828	-9.64751434	0.00000000
62.84799828	-9.64751434	3.95238662
62.85199828	-9.64751434	3.95238662
62.85599828	-9.64751434	0.00000000
62.85999828	-9.64751434	0.00000000
62.86399828	-9.64751434	3.95238662
62.86799828	-9.64751434	0.00000000
62.87199828	-9.64751434	3.95238662
62.87599828	-9.64751434	3.95238662
62.87999828	-9.64751434	3.95238662
62.88399828	-9.64751434	0.00000000
62.88799828	-9.64751434	0.00000000
62.89199828	-9.64751434	3.95238662
62.89599828	-9.64751434	3.95238662
62.89999828	-9.64751434	0.00000000
62.90399828	-9.64751434	3.95238662
62.90799828	-9.64751434	0.00000000
62.91199827	-9.64751434	3.95238662
62.91599827	-9.64751434	3.95238662
62.91999827	-9.64751434	0.00000000
62.92399827	-9.64751434	7.90477324
62.92799827	-9.64751434	3.95238662
62.93199827	-9.64751434	3.95238662
62.93599827	-9.64751434	3.95238662
62.93999827	-9.64751434	3.95238662
62.94399827	-9.64751434	3.95238662
62.94799827	-9.64751434	3.95238662
62.95199827	-9.64751434	3.95238662
62.95599827	-9.64751434	3.95238662
62.95999827	-9.64751434	3.95238662
62.96399827	-9.64751434	3.95238662
62.96799827	-9.64751434	0.00000000
62.97199827	-9.64751434	0.00000000
62.97599827	-9.64751434	0.00000000
62.97999827	-9.64751434	0.00000000
62.98399827	-9.64751434	3.95238662
62.98799827	-9.64751434	0.00000000
62.99199827	-9.64751434	3.95238662
62.99599827	-9.64751434	3.95238662
62.99999827	-9.64751434	0.00000000
63.00399827	-9.64751434	0.00000000
63.00799827	-9.64751434	3.95238662
63.01199827	-9.64751434	3.95238662
63.01599827	-9.64751434	3.95238662
63.01999827	-9.64751434	0.00000000
63.02399827	-9.64751434	3.95238662
63.02799827	-9.64751434	3.95238662
63.03199827	-9.64751434	3.95238662
63.03599827	-9.64751434	0.00000000
63.03999827	-9.64751434	3.95238662
63.04399827	-9.64751434	3.95238662
63.04799827	-9.64751434	3.95238662
63.05199827	-9.64751434	0.00000000
63.05599827	-9.64751434	0.00000000
63.05999827	-9.64751434	3.95238662
63.06399827	-9.64751434	3.95238662
63.06799827	-9.64751434	3.95238662
63.07199827	-9.64751434	3.95238662
63.07599827	-9.64751434	3.95238662
63.07999827	-9.64751434	0.00000000
63.08399827	-9.64751434	3.95238662
63.08799827	-9.64751434	3.95238662
63.09199827	-9.64751434	3.95238662
63.09599827	-9.64751434	0.00000000
63.09999827	-9.64751434	0.00000000
63.10399827	-9.64751434	3.95238662
63.10799827	-9.64751434	3.95238662
63.11199827	-9.64751434	3.95238662
63.11599827	-9.64751434	0.00000000
63.11999827	-9.64751434	0.00000000
63.12399827	-9.64751434	0.00000000
63.12799827	-9.64751434	3.95238662
63.13199827	-9.64751434	0.00000000
63.13599827	-9.64751434	3.95238662
63.13999827	-9.64751434	0.00000000
63.14399827	-9.64751434	3.95238662
63.14799827	-9.64751434	3.95238662
63.15199827	-9.64751434	3.95238662
63.15599827	-9.64751434	3.95238662
63.15999827	-9.64751434	0.00000000
63.16399827	-9.64751434	3.95238662
63.16799827	-9.64751434	0.00000000
63.17199827	-9.64751434	0.00000000
63.17599827	-9.64751434	3.95238662
63.17999827	-9.64751434	3.95238662
63.18399827	-9.64751434	3.95238662
63.18799827	-9.64751434	3.95238662
63.19199827	-9.64751434	3.95238662
63.19599827	-9.64751434	3.95238662
63.19999827	-9.64751434	3.95238662
63.20399827	-9.64751434	3.95238662
63.20799827	-9.64751434	3.95238662
63.21199827	-9.64751434	0.00000000
63.21599827	-9.64751434	0.00000000
63.21999827	-9.64751434	3.95238662
63.22399827	-9.64751434	3.95238662
63.22799827	-9.64751434	0.00000000
63.23199827	-9.64751434	3.95238662
63.23599827	-9.64751434	0.00000000
63.23999827	-9.64751434	3.95238662
63.24399827	-9.64751434	0.00000000
63.24799827	-9.64751434	3.95238662
63.25199827	-9.64751434	3.95238662
63.25599827	-9.64751434	3.95238662
63.25999827	-9.64751434	3.95238662
63.26399826	-9.64751434	3.95238662
63.26799826	-9.64751434	3.95238662
63.27199826	-9.64751434	3.95238662
63.27599826	-9.64751434	3.95238662
63.27999826	-9.64751434	3.95238662
63.28399826	-9.64751434	3.95238662
63.28799826	-9.64751434	3.95238662
63.29199826	-9.64751434	3.95238662
63.29599826	-9.64751434	3.95238662
63.29999826	-9.64751434	3.95238662
63.30399826	-9.64751434	0.00000000
63.30799826	-9.64751434	0.00000000
63.31199826	-9.64751434	3.95238662
63.31599826	-9.64751434	3.95238662
63.31999826	-9.64751434	3.95238662
63.32399826	-9.64751434	0.00000000
63.32799826	-9.64751434	3.95238662
63.33199826	-9.64751434	0.00000000
63.33599826	-9.64751434	3.95238662
63.33999826	-9.64751434	3.95238662
63.34399826	-9.64751434	3.95238662
63.34799826	-9.64751434	3.95238662
63.35199826	-9.64751434	0.00000000
63.35599826	-9.64751434	0.00000000
63.35999826	-9.64751434	0.00000000
63.36399826	-9.64751434	3.95238662
63.36799826	-9.64751434	3.95238662
63.37199826	-9.64751434	0.00000000
63.37599826	-9.64751434	3.95238662
63.37999826	-9.64751434	3.95238662
63.38399826	-9.64751434	3.95238662
63.38799826	-9.64751434	3.95238662
63.39199826	-9.64751434	3.95238662
63.39599826	-9.64751434	0.00000000
63.39999826	-9.64751434	3.95238662
63.40399826	-9.64751434	3.95238662
63.40799826	-9.64751434	3.95238662
63.41199826	-9.64751434	3.95238662
63.41599826	-9.64751434	3.95238662
63.41999826	-9.64751434	3.95238662
63.42399826	-9.64751434	3.95238662
63.42799826	-9.64751434	7.90477324
63.43199826	-9.64751434	3.95238662
63.43599826	-9.64751434	3.95238662
63.43999826	-9.64751434	3.95238662
63.44399826	-9.64751434	3.95238662
63.44799826	-9.64751434	0.00000000
63.45199826	-9.64751434	3.95238662
63.45599826	-9.64751434	3.95238662
63.45999826	-9.64751434	3.95238662
63.46399826	-9.64751434	3.95238662
63.46799826	-9.64751434	0.00000000
63.47199826	-9.64751434	3.95238662
63.47599826	-9.64751434	3.95238662
63.47999826	-9.64751434	3.95238662
63.48399826	-9.64751434	3.95238662
63.48799826	-9.64751434	0.00000000
63.49199826	-9.64751434	3.95238662
63.49599826	-9.64751434	3.95238662
63.49999826	-9.64751434	3.95238662
63.50399826	-9.64751434	3.95238662
63.50799826	-9.64751434	3.95238662
63.51199826	-9.64751434	0.00000000
63.51599826	-9.64751434	0.00000000
63.51999826	-9.64751434	3.95238662
63.52399826	-9.64751434	3.95238662
63.52799826	-9.64751434	0.00000000
63.53199826	-9.64751434	0.00000000
63.53599826	-9.64751434	3.95238662
63.53999826	-9.64751434	0.00000000
63.54399826	-9.64751434	3.95238662
63.54799826	-9.64751434	3.95238662
63.55199826	-9.64751434	3.95238662
63.55599826	-9.64751434	0.00000000
63.55999826	-9.64751434	3.95238662
63.56399826	-9.64751434	0.00000000
63.56799826	-9.64751434	0.00000000
63.57199826	-9.64751434	0.00000000
63.57599826	-9.64751434	3.95238662
63.57999826	-9.64751434	3.95238662
63.58399826	-9.64751434	3.95238662
63.58799826	-9.64751434	3.95238662
63.59199826	-9.64751434	3.95238662
63.59599826	-9.64751434	3.95238662
63.59999826	-9.64751434	3.95238662
63.60399826	-9.64751434	3.95238662
63.60799826	-9.64751434	0.00000000
63.61199826	-9.64751434	3.95238662
63.61599825	-9.64751434	3.95238662
63.61999825	-9.64751434	3.95238662
63.62399825	-9.64751434	0.00000000
63.62799825	-9.64751434	0.00000000
63.63199825	-9.64751434	3.95238662
63.63599825	-9.64751434	3.95238662
63.63999825	-9.64751434	3.95238662
63.64399825	-9.64751434	3.95238662
63.64799825	-9.64751434	3.95238662
63.65199825	-9.64751434	0.00000000
63.65599825	-9.64751434	3.95238662
63.65999825	-9.64751434	3.95238662
63.66399825	-9.64751434	3.95238662
63.66799825	-9.64751434	3.95238662
63.67199825	-9.64751434	3.95238662
63.67599825	-9.64751434	0.00000000
63.67999825	-9.64751434	3.95238662
63.68399825	-9.64751434	3.95238662
63.68799825	-9.64751434	0.00000000
63.69199825	-9.64751434	3.95238662
63.69599825	-9.80868626	0.00000000
63.69999825	-9.64751434	0.00000000
63.70399825	-9.64751434	0.00000000
63.70799825	-9.64751434	3.95238662
63.71199825	-9.64751434	0.00000000
63.71599825	-9.64751434	3.95238662
63.71999825	-9.64751434	0.00000000
63.72399825	-9.64751434	0.00000000
63.72799825	-9.64751434	3.95238662
63.73199825	-9.64751434	3.95238662
63.73599825	-9.80868626	3.95238662
63.73999825	-9.64751434	3.95238662
63.74399825	-9.80868626	3.95238662
63.74799825	-9.64751434	3.95238662
63.75199825	-9.64751434	3.95238662
63.75599825	-9.64751434	3.95238662
63.75999825	-9.80868626	0.00000000
63.76399825	-9.64751434	0.00000000
63.76799825	-9.64751434	0.00000000
63.77199825	-9.64751434	0.00000000
63.77599825	-9.64751434	0.00000000
63.77999825	-9.64751434	3.95238662
63.78399825	-9.64751434	0.00000000
63.78799825	-9.64751434	0.00000000
63.79199825	-9.64751434	0.00000000
63.79599825	-9.64751434	3.95238662
63.79999825	-9.64751434	3.95238662
63.80399825	-9.64751434	0.00000000
63.80799825	-9.64751434	3.95238662
63.81199825	-9.80868626	0.00000000
63.81599825	-9.64751434	3.95238662
63.81999825	-9.64751434	0.00000000
63.82399825	-9.64751434	3.95238662
63.82799825	-9.64751434	3.95238662
63.83199825	-9.64751434	0.00000000
63.83599825	-9.64751434	3.95238662
63.83999825	-9.64751434	3.95238662
63.84399825	-9.64751434	0.00000000
63.84799825	-9.64751434	0.00000000
63.85199825	-9.64751434	3.95238662
63.85599825	-9.64751434	0.00000000
63.85999825	-9.64751434	3.95238662
63.86399825	-9.64751434	3.95238662
63.86799825	-9.64751434	0.00000000
63.87199825	-9.64751434	3.95238662
63.87599825	-9.64751434	3.95238662
63.87999825	-9.64751434	3.95238662
63.88399825	-9.64751434	3.95238662
63.88799825	-9.64751434	3.95238662
63.89199825	-9.64751434	3.95238662
63.89599825	-9.64751434	0.00000000
63.89999825	-9.64751434	0.00000000
63.90399825	-9.64751434	3.95238662
63.90799825	-9.64751434	3.95238662
63.91199825	-9.64751434	3.95238662
63.91599825	-9.64751434	3.95238662
63.91999825	-9.64751434	3.95238662
63.92399825	-9.64751434	3.95238662
63.92799825	-9.64751434	3.95238662
63.93199825	-9.64751434	3.95238662
63.93599825	-9.64751434	3.95238662
63.93999825	-9.64751434	3.95238662
63.94399825	-9.64751434	3.95238662
63.94799825	-9.64751434	3.95238662
63.95199825	-9.64751434	3.95238662
63.95599825	-9.64751434	3.95238662
63.95999825	-9.64751434	3.95238662
63.96399825	-9.64751434	3.95238662
63.96799825	-9.64751434	0.00000000
63.97199824	-9.64751434	0.00000000
63.97599824	-9.64751434	0.00000000
63.97999824	-9.64751434	0.00000000
63.98399824	-9.64751434	3.95238662
63.98799824	-9.64751434	0.00000000
63.99199824	-9.64751434	3.95238662
63.99599824	-9.64751434	0.00000000
63.99999824	-9.64751434	3.95238662
64.00399824	-9.64751434	3.95238662
64.00799824	-9.64751434	0.00000000
64.01199824	-9.64751434	0.00000000
64.01599824	-9.64751434	3.95238662
64.01999824	-9.64751434	0.00000000
64.02399824	-9.64751434	7.90477324
64.02799824	-9.64751434	3.95238662
64.03199824	-9.64751434	3.95238662
64.03599824	-9.64751434	3.95238662
64.03999824	-9.64751434	0.00000000
64.04399824	-9.64751434	3.95238662
64.04799824	-9.64751434	3.95238662
64.05199824	-9.64751434	3.95238662
64.05599824	-9.64751434	3.95238662
64.05999824	-9.64751434	3.95238662
64.06399824	-9.64751434	0.00000000
64.06799824	-9.64751434	3.95238662
64.07199824	-9.64751434	0.00000000
64.07599824	-9.64751434	0.00000000
64.07999824	-9.64751434	3.95238662
64.08399824	-9.64751434	3.95238662
64.08799824	-9.64751434	0.00000000
64.09199824	-9.64751434	3.95238662
64.09599824	-9.64751434	3.95238662
64.09999824	-9.64751434	3.95238662
64.10399824	-9.64751434	0.00000000
64.10799824	-9.64751434	3.95238662
64.11199824	-9.64751434	0.00000000
64.11599824	-9.64751434	3.95238662
64.11999824	-9.64751434	0.00000000
64.12399824	-9.64751434	3.95238662
64.12799824	-9.64751434	3.95238662
64.13199824	-9.64751434	0.00000000
64.13599824	-9.64751434	3.95238662
64.13999824	-9.64751434	3.95238662
64.14399824	-9.64751434	3.95238662
64.14799824	-9.64751434	3.95238662
64.15199824	-9.64751434	3.95238662
64.15599824	-9.64751434	0.00000000
64.15999824	-9.64751434	3.95238662
64.16399824	-9.64751434	3.95238662
64.16799824	-9.64751434	3.95238662
64.17199824	-9.64751434	0.00000000
64.17599824	-9.64751434	0.00000000
64.17999824	-9.64751434	0.00000000
64.18399824	-9.64751434	3.95238662
64.18799824	-9.64751434	0.00000000
64.19199824	-9.64751434	3.95238662
64.19599824	-9.64751434	3.95238662
64.19999824	-9.64751434	0.00000000
64.20399824	-9.64751434	0.00000000
64.20799824	-9.64751434	3.95238662
64.21199824	-9.64751434	3.95238662
64.21599824	-9.64751434	0.00000000
64.21999824	-9.64751434	0.00000000
64.22399824	-9.64751434	3.95238662
64.22799824	-9.64751434	3.95238662
64.23199824	-9.64751434	0.00000000
64.23599824	-9.64751434	3.95238662
64.23999824	-9.64751434	3.95238662
64.24399824	-9.64751434	0.00000000
64.24799824	-9.64751434	0.00000000
64.25199824	-9.64751434	3.95238662
64.25599824	-9.64751434	3.95238662
64.25999824	-9.64751434	3.95238662
64.26399824	-9.64751434	3.95238662
64.26799824	-9.64751434	0.00000000
64.27199824	-9.64751434	3.95238662
64.27599824	-9.64751434	0.00000000
64.27999824	-9.64751434	0.00000000
64.28399824	-9.64751434	0.00000000
64.28799824	-9.64751434	3.95238662
64.29199824	-9.64751434	3.95238662
64.29599824	-9.64751434	0.00000000
64.29999824	-9.64751434	3.95238662
64.30399824	-9.64751434	3.95238662
64.30799824	-9.64751434	3.95238662
64.31199824	-9.64751434	0.00000000
64.31599824	-9.64751434	0.00000000
64.31999824	-9.64751434	3.95238662
64.32399823	-9.64751434	3.95238662
64.32799823	-9.64751434	3.95238662
64.33199823	-9.64751434	0.00000000
64.33599823	-9.64751434	3.95238662
64.33999823	-9.64751434	3.95238662
64.34399823	-9.64751434	3.95238662
64.34799823	-9.64751434	0.00000000
64.35199823	-9.64751434	3.95238662
64.35599823	-9.64751434	0.00000000
64.35999823	-9.64751434	3.95238662
64.36399823	-9.64751434	3.95238662
64.36799823	-9.64751434	3.95238662
64.37199823	-9.64751434	3.95238662
64.37599823	-9.64751434	3.95238662
64.37999823	-9.64751434	0.00000000
64.38399823	-9.64751434	0.00000000
64.38799823	-9.64751434	3.95238662
64.39199823	-9.64751434	3.95238662
64.39599823	-9.64751434	3.95238662
64.39999823	-9.64751434	3.95238662
64.40399823	-9.64751434	3.95238662
64.40799823	-9.64751434	0.00000000
64.41199823	-9.64751434	3.95238662
64.41599823	-9.64751434	0.00000000
64.41999823	-9.64751434	3.95238662
64.42399823	-9.64751434	3.95238662
64.42799823	-9.64751434	3.95238662
64.43199823	-9.64751434	7.90477324
64.43599823	-9.64751434	0.00000000
64.43999823	-9.64751434	3.95238662
64.44399823	-9.64751434	3.95238662
64.44799823	-9.64751434	3.95238662
64.45199823	-9.64751434	0.00000000
64.45599823	-9.64751434	3.95238662
64.45999823	-9.64751434	3.95238662
64.46399823	-9.64751434	3.95238662
64.46799823	-9.64751434	0.00000000
64.47199823	-9.64751434	0.00000000
64.47599823	-9.64751434	0.00000000
64.47999823	-9.64751434	3.95238662
64.48399823	-9.64751434	3.95238662
64.48799823	-9.64751434	0.00000000
64.49199823	-9.64751434	3.95238662
64.49599823	-9.64751434	0.00000000
64.49999823	-9.64751434	3.95238662
64.50399823	-9.64751434	3.95238662
64.50799823	-9.64751434	3.95238662
64.51199823	-9.64751434	7.90477324
64.51599823	-9.64751434	3.95238662
64.51999823	-9.64751434	3.95238662
64.52399823	-9.64751434	0.00000000
64.52799823	-9.64751434	0.00000000
64.53199823	-9.64751434	3.95238662
64.53599823	-9.64751434	0.00000000
64.53999823	-9.64751434	3.95238662
64.54399823	-9.64751434	0.00000000
64.54799823	-9.64751434	3.95238662
64.55199823	-9.64751434	3.95238662
64.55599823	-9.64751434	3.95238662
64.55999823	-9.64751434	3.95238662
64.56399823	-9.64751434	3.95238662
64.56799823	-9.64751434	3.95238662
64.57199823	-9.64751434	3.95238662
64.57599823	-9.64751434	3.95238662
64.57999823	-9.64751434	3.95238662
64.58399823	-9.64751434	7.90477324
64.58799823	-9.64751434	3.95238662
64.59199823	-9.64751434	0.00000000
64.59599823	-9.64751434	0.00000000
64.59999823	-9.64751434	0.00000000
64.60399823	-9.64751434	0.00000000
64.60799823	-9.64751434	0.00000000
64.61199823	-9.64751434	0.00000000
64.61599823	-9.64751434	3.95238662
64.61999823	-9.64751434	0.00000000
64.62399823	-9.64751434	0.00000000
64.62799823	-9.64751434	3.95238662
64.63199823	-9.64751434	3.95238662
64.63599823	-9.64751434	3.95238662
64.63999823	-9.64751434	0.00000000
64.64399823	-9.64751434	0.00000000
64.64799823	-9.64751434	3.95238662
64.65199823	-9.64751434	3.95238662
64.65599823	-9.64751434	3.95238662
64.65999823	-9.64751434	3.95238662
64.66399823	-9.64751434	3.95238662
64.66799823	-9.64751434	3.95238662
64.67199823	-9.64751434	3.95238662
64.67599823	-9.64751434	0.00000000
64.67999822	-9.64751434	0.00000000
64.68399822	-9.64751434	3.95238662
64.68799822	-9.64751434	3.95238662
64.69199822	-9.64751434	3.95238662
64.69599822	-9.64751434	3.95238662
64.69999822	-9.64751434	0.00000000
64.70399822	-9.64751434	3.95238662
64.70799822	-9.64751434	3.95238662
64.71199822	-9.64751434	0.00000000
64.71599822	-9.64751434	3.95238662
64.71999822	-9.64751434	3.95238662
64.72399822	-9.64751434	3.95238662
64.72799822	-9.64751434	3.95238662
64.73199822	-9.64751434	3.95238662
64.73599822	-9.64751434	0.00000000
64.73999822	-9.64751434	0.00000000
64.74399822	-9.64751434	0.00000000
64.74799822	-9.64751434	0.00000000
64.75199822	-9.64751434	3.95238662
64.75599822	-9.64751434	3.95238662
64.75999822	-9.64751434	3.95238662
64.76399822	-9.64751434	0.00000000
64.76799822	-9.64751434	3.95238662
64.77199822	-9.64751434	0.00000000
64.77599822	-9.64751434	3.95238662
64.77999822	-9.64751434	3.95238662
64.78399822	-9.64751434	3.95238662
64.78799822	-9.64751434	0.00000000
64.79199822	-9.64751434	3.95238662
64.79599822	-9.64751434	0.00000000
64.79999822	-9.64751434	3.95238662
64.80399822	-9.64751434	3.95238662
64.80799822	-9.64751434	3.95238662
64.81199822	-9.64751434	0.00000000
64.81599822	-9.64751434	3.95238662
64.81999822	-9.64751434	3.95238662
64.82399822	-9.64751434	0.00000000
64.82799822	-9.64751434	3.95238662
64.83199822	-9.64751434	3.95238662
64.83599822	-9.64751434	3.95238662
64.83999822	-9.64751434	3.95238662
64.84399822	-9.64751434	3.95238662
64.84799822	-9.64751434	3.95238662
64.85199822	-9.64751434	3.95238662
64.85599822	-9.64751434	3.95238662
64.85999822	-9.64751434	3.95238662
64.86399822	-9.64751434	0.00000000
64.86799822	-9.64751434	3.95238662
64.87199822	-9.64751434	3.95238662
64.87599822	-9.64751434	3.95238662
64.87999822	-9.64751434	3.95238662
64.88399822	-9.64751434	3.95238662
64.88799822	-9.64751434	0.00000000
64.89199822	-9.64751434	0.00000000
64.89599822	-9.64751434	3.95238662
64.89999822	-9.64751434	3.95238662
64.90399822	-9.64751434	0.00000000
64.90799822	-9.64751434	3.95238662
64.91199822	-9.64751434	3.95238662
64.91599822	-9.64751434	0.00000000
64.91999822	-9.64751434	3.95238662
64.92399822	-9.64751434	0.00000000
64.92799822	-9.64751434	3.95238662
64.93199822	-9.64751434	0.00000000
64.93599822	-9.64751434	3.95238662
64.93999822	-9.64751434	3.95238662
64.94399822	-9.64751434	3.95238662
64.94799822	-9.64751434	3.95238662
64.95199822	-9.64751434	0.00000000
64.95599822	-9.64751434	0.00000000
64.95999822	-9.64751434	3.95238662
64.96399822	-9.64751434	3.95238662
64.96799822	-9.64751434	3.95238662
64.97199822	-9.64751434	3.95238662
64.97599822	-9.64751434	3.95238662
64.97999822	-9.64751434	0.00000000
64.98399822	-9.64751434	3.95238662
64.98799822	-9.64751434	3.95238662
64.99199822	-9.64751434	3.95238662
64.99599822	-9.64751434	3.95238662
64.99999822	-9.64751434	3.95238662
65.00399822	-9.64751434	0.00000000
65.00799822	-9.64751434	3.95238662
65.01199822	-9.64751434	3.95238662
65.01599822	-9.64751434	3.95238662
65.01999822	-9.64751434	0.00000000
65.02399822	-9.64751434	3.95238662
65.02799822	-9.64751434	3.95238662
65.03199821	-9.64751434	3.95238662
65.03599821	-9.64751434	0.00000000
65.03999821	-9.64751434	3.95238662
65.04399821	-9.64751434	0.00000000
65.04799821	-9.64751434	3.95238662
65.05199821	-9.64751434	3.95238662
65.05599821	-9.64751434	3.95238662
65.05999821	-9.64751434	3.95238662
65.06399821	-9.64751434	3.95238662
65.06799821	-9.64751434	3.95238662
65.07199821	-9.64751434	3.95238662
65.07599821	-9.64751434	0.00000000
65.07999821	-9.64751434	3.95238662
65.08399821	-9.64751434	0.00000000
65.08799821	-9.64751434	3.95238662
65.09199821	-9.64751434	0.00000000
65.09599821	-9.64751434	3.95238662
65.09999821	-9.64751434	3.95238662
65.10399821	-9.64751434	0.00000000
65.10799821	-9.64751434	0.00000000
65.11199821	-9.64751434	0.00000000
65.11599821	-9.64751434	0.00000000
65.11999821	-9.64751434	0.00000000
65.12399821	-9.64751434	3.95238662
65.12799821	-9.64751434	3.95238662
65.13199821	-9.64751434	3.95238662
65.13599821	-9.64751434	3.95238662
65.13999821	-9.64751434	3.95238662
65.14399821	-9.64751434	3.95238662
65.14799821	-9.64751434	3.95238662
65.15199821	-9.64751434	3.95238662
65.15599821	-9.64751434	3.95238662
65.15999821	-9.64751434	0.00000000
65.16399821	-9.64751434	3.95238662
65.16799821	-9.64751434	0.00000000
65.17199821	-9.64751434	3.95238662
65.17599821	-9.64751434	3.95238662
65.17999821	-9.64751434	3.95238662
65.18399821	-9.64751434	3.95238662
65.18799821	-9.80868626	0.00000000
65.19199821	-9.64751434	0.00000000
65.19599821	-9.64751434	0.00000000
65.19999821	-9.64751434	0.00000000
65.20399821	-9.64751434	3.95238662
65.20799821	-9.64751434	0.00000000
65.21199821	-9.64751434	3.95238662
65.21599821	-9.64751434	3.95238662
65.21999821	-9.64751434	0.00000000
65.22399821	-9.64751434	3.95238662
65.22799821	-9.64751434	0.00000000
65.23199821	-9.64751434	3.95238662
65.23599821	-9.80868626	0.00000000
65.23999821	-9.64751434	3.95238662
65.24399821	-9.64751434	3.95238662
65.24799821	-9.64751434	3.95238662
65.25199821	-9.64751434	3.95238662
65.25599821	-9.64751434	0.00000000
65.25999821	-9.64751434	3.95238662
65.26399821	-9.64751434	3.95238662
65.26799821	-9.80868626	3.95238662
65.27199821	-9.64751434	3.95238662
65.27599821	-9.80868626	0.00000000
65.27999821	-9.64751434	0.00000000
65.28399821	-9.64751434	3.95238662
65.28799821	-9.64751434	3.95238662
65.29199821	-9.64751434	0.00000000
65.29599821	-9.64751434	0.00000000
65.29999821	-9.64751434	0.00000000
65.30399821	-9.64751434	0.00000000
65.30799821	-9.64751434	3.95238662
65.31199821	-9.64751434	3.95238662
65.31599821	-9.64751434	0.00000000
65.31999821	-9.64751434	0.00000000
65.32399821	-9.64751434	0.00000000
65.32799821	-9.64751434	0.00000000
65.33199821	-9.64751434	3.95238662
65.33599821	-9.64751434	3.95238662
65.33999821	-9.64751434	0.00000000
65.34399821	-9.64751434	3.95238662
65.34799821	-9.64751434	3.95238662
65.35199821	-9.64751434	0.00000000
65.35599821	-9.64751434	0.00000000
65.35999821	-9.64751434	3.95238662
65.36399821	-9.64751434	0.00000000
65.36799821	-9.64751434	0.00000000
65.37199821	-9.64751434	3.95238662
65.37599821	-9.64751434	3.95238662
65.37999821	-9.64751434	7.90477324
65.38399820	-9.64751434	3.95238662
65.38799820	-9.64751434	3.95238662
65.39199820	-9.64751434	3.95238662
65.39599820	-9.64751434	3.95238662
65.39999820	-9.64751434	0.00000000
65.40399820	-9.64751434	0.00000000
65.40799820	-9.64751434	3.95238662
65.41199820	-9.64751434	3.95238662
65.41599820	-9.64751434	0.00000000
65.41999820	-9.64751434	3.95238662
65.42399820	-9.64751434	3.95238662
65.42799820	-9.64751434	3.95238662
65.43199820	-9.64751434	0.00000000
65.43599820	-9.64751434	3.95238662
65.43999820	-9.64751434	0.00000000
65.44399820	-9.64751434	3.95238662
65.44799820	-9.64751434	0.00000000
65.45199820	-9.64751434	0.00000000
65.45599820	-9.64751434	3.95238662
65.45999820	-9.64751434	0.00000000
65.46399820	-9.64751434	3.95238662
65.46799820	-9.64751434	3.95238662
65.47199820	-9.64751434	3.95238662
65.47599820	-9.64751434	0.00000000
65.47999820	-9.64751434	3.95238662
65.48399820	-9.64751434	3.95238662
65.48799820	-9.64751434	3.95238662
65.49199820	-9.64751434	3.95238662
65.49599820	-9.64751434	3.95238662
65.49999820	-9.64751434	3.95238662
65.50399820	-9.64751434	3.95238662
65.50799820	-9.64751434	3.95238662
65.51199820	-9.64751434	0.00000000
65.51599820	-9.64751434	3.95238662
65.51999820	-9.64751434	3.95238662
65.52399820	-9.64751434	0.00000000
65.52799820	-9.64751434	0.00000000
65.53199820	-9.64751434	3.95238662
65.53599820	-9.64751434	0.00000000
65.53999820	-9.64751434	0.00000000
65.54399820	-9.64751434	3.95238662
65.54799820	-9.64751434	3.95238662
65.55199820	-9.64751434	3.95238662
65.55599820	-9.64751434	0.00000000
65.55999820	-9.64751434	3.95238662
65.56399820	-9.64751434	0.00000000
65.56799820	-9.64751434	3.95238662
65.57199820	-9.64751434	3.95238662
65.57599820	-9.64751434	3.95238662
65.57999820	-9.64751434	0.00000000
65.58399820	-9.64751434	3.95238662
65.58799820	-9.64751434	3.95238662
65.59199820	-9.64751434	3.95238662
65.59599820	-9.64751434	0.00000000
65.59999820	-9.64751434	3.95238662
65.60399820	-9.64751434	0.00000000
65.60799820	-9.64751434	3.95238662
65.61199820	-9.64751434	3.95238662
65.61599820	-9.64751434	0.00000000
65.61999820	-9.64751434	0.00000000
65.62399820	-9.64751434	0.00000000
65.62799820	-9.64751434	0.00000000
65.63199820	-9.64751434	3.95238662
65.63599820	-9.64751434	0.00000000
65.63999820	-9.64751434	0.00000000
65.64399820	-9.64751434	3.95238662
65.64799820	-9.64751434	0.00000000
65.65199820	-9.64751434	3.95238662
65.65599820	-9.64751434	3.95238662
65.65999820	-9.64751434	0.00000000
65.66399820	-9.64751434	3.95238662
65.66799820	-9.64751434	0.00000000
65.67199820	-9.64751434	3.95238662
65.67599820	-9.64751434	0.00000000
65.67999820	-9.64751434	3.95238662
65.68399820	-9.64751434	3.95238662
65.68799820	-9.64751434	3.95238662
65.69199820	-9.64751434	3.95238662
65.69599820	-9.64751434	0.00000000
65.69999820	-9.64751434	0.00000000
65.70399820	-9.64751434	3.95238662
65.70799820	-9.64751434	0.00000000
65.71199820	-9.64751434	0.00000000
65.71599820	-9.64751434	3.95238662
65.71999820	-9.64751434	3.95238662
65.72399820	-9.64751434	0.00000000
65.72799820	-9.64751434	3.95238662
65.73199820	-9.64751434	3.95238662
65.73599820	-9.64751434	3.95238662
65.73999819	-9.64751434	0.00000000
65.74399819	-9.64751434	3.95238662
65.74799819	-9.64751434	3.95238662
65.75199819	-9.64751434	3.95238662
65.75599819	-9.64751434	3.95238662
65.75999819	-9.64751434	3.95238662
65.76399819	-9.64751434	0.00000000
65.76799819	-9.64751434	3.95238662
65.77199819	-9.64751434	3.95238662
65.77599819	-9.64751434	3.95238662
65.77999819	-9.64751434	0.00000000
65.78399819	-9.64751434	3.95238662
65.78799819	-9.64751434	0.00000000
65.79199819	-9.64751434	3.95238662
65.79599819	-9.64751434	3.95238662
65.79999819	-9.64751434	3.95238662
65.80399819	-9.64751434	3.95238662
65.80799819	-9.64751434	3.95238662
65.81199819	-9.64751434	0.00000000
65.81599819	-9.64751434	3.95238662
65.81999819	-9.64751434	0.00000000
65.82399819	-9.64751434	3.95238662
65.82799819	-9.64751434	3.95238662
65.83199819	-9.64751434	3.95238662
65.83599819	-9.64751434	3.95238662
65.83999819	-9.64751434	3.95238662
65.84399819	-9.64751434	3.95238662
65.84799819	-9.64751434	0.00000000
65.85199819	-9.64751434	3.95238662
65.85599819	-9.64751434	0.00000000
65.85999819	-9.64751434	3.95238662
65.86399819	-9.64751434	3.95238662
65.86799819	-9.64751434	3.95238662
65.87199819	-9.64751434	3.95238662
65.87599819	-9.64751434	0.00000000
65.87999819	-9.64751434	3.95238662
65.88399819	-9.64751434	0.00000000
65.88799819	-9.64751434	3.95238662
65.89199819	-9.64751434	0.00000000
65.89599819	-9.64751434	3.95238662
65.89999819	-9.64751434	3.95238662
65.90399819	-9.64751434	0.00000000
65.90799819	-9.64751434	0.00000000
65.91199819	-9.64751434	0.00000000
65.91599819	-9.64751434	3.95238662
65.91999819	-9.64751434	3.95238662
65.92399819	-9.64751434	3.95238662
65.92799819	-9.64751434	3.95238662
65.93199819	-9.64751434	3.95238662
65.93599819	-9.64751434	3.95238662
65.93999819	-9.64751434	3.95238662
65.94399819	-9.64751434	3.95238662
65.94799819	-9.64751434	3.95238662
65.95199819	-9.64751434	3.95238662
65.95599819	-9.64751434	3.95238662
65.95999819	-9.64751434	0.00000000
65.96399819	-9.64751434	3.95238662
65.96799819	-9.64751434	3.95238662
65.97199819	-9.64751434	3.95238662
65.97599819	-9.64751434	3.95238662
65.97999819	-9.64751434	0.00000000
65.98399819	-9.64751434	3.95238662
65.98799819	-9.64751434	7.90477324
65.99199819	-9.64751434	3.95238662
65.99599819	-9.64751434	0.00000000
65.99999819	-9.64751434	3.95238662
66.00399819	-9.64751434	0.00000000
66.00799819	-9.64751434	3.95238662
66.01199819	-9.64751434	0.00000000
66.01599819	-9.64751434	3.95238662
66.01999819	-9.64751434	3.95238662
66.02399819	-9.64751434	3.95238662
66.02799819	-9.64751434	0.00000000
66.03199819	-9.64751434	3.95238662
66.03599819	-9.64751434	3.95238662
66.03999819	-9.64751434	3.95238662
66.04399819	-9.64751434	3.95238662
66.04799819	-9.64751434	3.95238662
66.05199819	-9.64751434	3.95238662
66.05599819	-9.64751434	3.95238662
66.05999819	-9.64751434	0.00000000
66.06399819	-9.64751434	3.95238662
66.06799819	-9.64751434	3.95238662
66.07199819	-9.64751434	0.00000000
66.07599819	-9.64751434	0.00000000
66.07999819	-9.64751434	3.95238662
66.08399819	-9.64751434	3.95238662
66.08799819	-9.64751434	3.95238662
66.09199818	-9.64751434	0.00000000
66.09599818	-9.64751434	0.00000000
66.09999818	-9.64751434	3.95238662
66.10399818	-9.64751434	3.95238662
66.10799818	-9.64751434	3.95238662
66.11199818	-9.64751434	0.00000000
66.11599818	-9.64751434	3.95238662
66.11999818	-9.64751434	3.95238662
66.12399818	-9.64751434	0.00000000
66.12799818	-9.64751434	3.95238662
66.13199818	-9.64751434	0.00000000
66.13599818	-9.64751434	3.95238662
66.13999818	-9.64751434	3.95238662
66.14399818	-9.64751434	3.95238662
66.14799818	-9.64751434	0.00000000
66.15199818	-9.64751434	0.00000000
66.15599818	-9.64751434	0.00000000
66.15999818	-9.64751434	3.95238662
66.16399818	-9.64751434	3.95238662
66.16799818	-9.64751434	0.00000000
66.17199818	-9.64751434	3.95238662
66.17599818	-9.64751434	0.00000000
66.17999818	-9.64751434	0.00000000
66.18399818	-9.64751434	3.95238662
66.18799818	-9.64751434	0.00000000
66.19199818	-9.64751434	0.00000000
66.19599818	-9.64751434	3.95238662
66.19999818	-9.64751434	3.95238662
66.20399818	-9.64751434	3.95238662
66.20799818	-9.64751434	3.95238662
66.21199818	-9.64751434	3.95238662
66.21599818	-9.64751434	3.95238662
66.21999818	-9.64751434	3.95238662
66.22399818	-9.64751434	3.95238662
66.22799818	-9.64751434	3.95238662
66.23199818	-9.64751434	3.95238662
66.23599818	-9.64751434	3.95238662
66.23999818	-9.64751434	3.95238662
66.24399818	-9.64751434	3.95238662
66.24799818	-9.64751434	0.00000000
66.25199818	-9.64751434	0.00000000
66.25599818	-9.64751434	3.95238662
66.25999818	-9.64751434	3.95238662
66.26399818	-9.64751434	3.95238662
66.26799818	-9.64751434	0.00000000
66.27199818	-9.64751434	3.95238662
66.27599818	-9.64751434	0.00000000
66.27999818	-9.64751434	3.95238662
66.28399818	-9.64751434	3.95238662
66.28799818	-9.64751434	3.95238662
66.29199818	-9.64751434	3.95238662
66.29599818	-9.64751434	0.00000000
66.29999818	-9.64751434	0.00000000
66.30399818	-9.64751434	3.95238662
66.30799818	-9.64751434	3.95238662
66.31199818	-9.64751434	3.95238662
66.31599818	-9.64751434	3.95238662
66.31999818	-9.64751434	3.95238662
66.32399818	-9.64751434	0.00000000
66.32799818	-9.64751434	3.95238662
66.33199818	-9.64751434	0.00000000
66.33599818	-9.64751434	3.95238662
66.33999818	-9.64751434	0.00000000
66.34399818	-9.64751434	3.95238662
66.34799818	-9.64751434	0.00000000
66.35199818	-9.64751434	0.00000000
66.35599818	-9.64751434	3.95238662
66.35999818	-9.64751434	7.90477324
66.36399818	-9.64751434	3.95238662
66.36799818	-9.64751434	3.95238662
66.37199818	-9.64751434	3.95238662
66.37599818	-9.64751434	0.00000000
66.37999818	-9.64751434	0.00000000
66.38399818	-9.64751434	3.95238662
66.38799818	-9.64751434	0.00000000
66.39199818	-9.64751434	3.95238662
66.39599818	-9.64751434	3.95238662
66.39999818	-9.64751434	3.95238662
66.40399818	-9.64751434	0.00000000
66.40799818	-9.64751434	3.95238662
66.41199818	-9.64751434	0.00000000
66.41599818	-9.64751434	3.95238662
66.41999818	-9.64751434	3.95238662
66.42399818	-9.64751434	3.95238662
66.42799818	-9.64751434	0.00000000
66.43199818	-9.64751434	3.95238662
66.43599818	-9.64751434	3.95238662
66.43999818	-9.64751434	0.00000000
66.44399818	-9.64751434	0.00000000
66.44799817	-9.64751434	3.95238662
66.45199817	-9.64751434	0.00000000
66.45599817	-9.64751434	3.95238662
66.45999817	-9.64751434	3.95238662
66.46399817	-9.64751434	3.95238662
66.46799817	-9.64751434	0.00000000
66.47199817	-9.64751434	3.95238662
66.47599817	-9.64751434	3.95238662
66.47999817	-9.64751434	3.95238662
66.48399817	-9.64751434	3.95238662
66.48799817	-9.64751434	3.95238662
66.49199817	-9.64751434	0.00000000
66.49599817	-9.64751434	3.95238662
66.49999817	-9.64751434	3.95238662
66.50399817	-9.64751434	3.95238662
66.50799817	-9.64751434	3.95238662
66.51199817	-9.64751434	3.95238662
66.51599817	-9.64751434	0.00000000
66.51999817	-9.64751434	3.95238662
66.52399817	-9.64751434	3.95238662
66.52799817	-9.64751434	0.00000000
66.53199817	-9.64751434	3.95238662
66.53599817	-9.64751434	3.95238662
66.53999817	-9.64751434	3.95238662
66.54399817	-9.64751434	0.00000000
66.54799817	-9.64751434	0.00000000
66.55199817	-9.64751434	3.95238662
66.55599817	-9.64751434	0.00000000
66.55999817	-9.64751434	3.95238662
66.56399817	-9.64751434	3.95238662
66.56799817	-9.64751434	3.95238662
66.57199817	-9.64751434	3.95238662
66.57599817	-9.64751434	3.95238662
66.57999817	-9.80868626	0.00000000
66.58399817	-9.64751434	3.95238662
66.58799817	-9.80868626	0.00000000
66.59199817	-9.64751434	3.95238662
66.59599817	-9.64751434	3.95238662
66.59999817	-9.64751434	3.95238662
66.60399817	-9.64751434	3.95238662
66.60799817	-9.64751434	0.00000000
66.61199817	-9.64751434	0.00000000
66.61599817	-9.64751434	3.95238662
66.61999817	-9.64751434	3.95238662
66.62399817	-9.64751434	3.95238662
66.62799817	-9.64751434	3.95238662
66.63199817	-9.64751434	0.00000000
66.63599817	-9.64751434	3.95238662
66.63999817	-9.80868626	3.95238662
66.64399817	-9.64751434	3.95238662
66.64799817	-9.64751434	0.00000000
66.65199817	-9.64751434	0.00000000
66.65599817	-9.64751434	3.95238662
66.65999817	-9.64751434	3.95238662
66.66399817	-9.64751434	3.95238662
66.66799817	-9.64751434	0.00000000
66.67199817	-9.64751434	3.95238662
66.67599817	-9.64751434	3.95238662
66.67999817	-9.64751434	3.95238662
66.68399817	-9.64751434	3.95238662
66.68799817	-9.64751434	3.95238662
66.69199817	-9.64751434	3.95238662
66.69599817	-9.64751434	3.95238662
66.69999817	-9.64751434	0.00000000
66.70399817	-9.64751434	3.95238662
66.70799817	-9.64751434	3.95238662
66.71199817	-9.64751434	3.95238662
66.71599817	-9.64751434	3.95238662
66.71999817	-9.64751434	3.95238662
66.72399817	-9.64751434	3.95238662
66.72799817	-9.64751434	3.95238662
66.73199817	-9.64751434	0.00000000
66.73599817	-9.64751434	3.95238662
66.73999817	-9.64751434	3.95238662
66.74399817	-9.64751434	0.00000000
66.74799817	-9.64751434	3.95238662
66.75199817	-9.64751434	3.95238662
66.75599817	-9.64751434	0.00000000
66.75999817	-9.64751434	0.00000000
66.76399817	-9.64751434	0.00000000
66.76799817	-9.64751434	0.00000000
66.77199817	-9.64751434	3.95238662
66.77599817	-9.64751434	3.95238662
66.77999817	-9.64751434	0.00000000
66.78399817	-9.64751434	3.95238662
66.78799817	-9.64751434	3.95238662
66.79199817	-9.64751434	3.95238662
66.79599817	-9.64751434	3.95238662
66.79999816	-9.64751434	3.95238662
66.80399816	-9.64751434	3.95238662
66.80799816	-9.64751434	3.95238662
66.81199816	-9.64751434	3.95238662
66.81599816	-9.64751434	3.95238662
66.81999816	-9.64751434	3.95238662
66.82399816	-9.64751434	0.00000000
66.82799816	-9.64751434	3.95238662
66.83199816	-9.64751434	3.95238662
66.83599816	-9.64751434	3.95238662
66.83999816	-9.64751434	3.95238662
66.84399816	-9.64751434	0.00000000
66.84799816	-9.64751434	3.95238662
66.85199816	-9.64751434	0.00000000
66.85599816	-9.64751434	3.95238662
66.85999816	-9.64751434	3.95238662
66.86399816	-9.64751434	3.95238662
66.86799816	-9.64751434	0.00000000
66.87199816	-9.64751434	3.95238662
66.87599816	-9.64751434	3.95238662
66.87999816	-9.64751434	3.95238662
66.88399816	-9.64751434	3.95238662
66.88799816	-9.64751434	0.00000000
66.89199816	-9.64751434	3.95238662
66.89599816	-9.64751434	3.95238662
66.89999816	-9.64751434	3.95238662
66.90399816	-9.64751434	3.95238662
66.90799816	-9.64751434	0.00000000
66.91199816	-9.64751434	3.95238662
66.91599816	-9.64751434	3.95238662
66.91999816	-9.64751434	3.95238662
66.92399816	-9.64751434	0.00000000
66.92799816	-9.64751434	3.95238662
66.93199816	-9.64751434	3.95238662
66.93599816	-9.64751434	3.95238662
66.93999816	-9.64751434	3.95238662
66.94399816	-9.64751434	3.95238662
66.94799816	-9.64751434	3.95238662
66.95199816	-9.64751434	3.95238662
66.95599816	-9.64751434	0.00000000
66.95999816	-9.64751434	3.95238662
66.96399816	-9.64751434	3.95238662
66.96799816	-9.64751434	3.95238662
66.97199816	-9.64751434	3.95238662
66.97599816	-9.64751434	3.95238662
66.97999816	-9.64751434	3.95238662
66.98399816	-9.64751434	0.00000000
66.98799816	-9.64751434	0.00000000
66.99199816	-9.64751434	3.95238662
66.99599816	-9.64751434	0.00000000
66.99999816	-9.64751434	3.95238662
67.00399816	-9.64751434	3.95238662
67.00799816	-9.64751434	3.95238662
67.01199816	-9.64751434	3.95238662
67.01599816	-9.64751434	3.95238662
67.01999816	-9.64751434	3.95238662
67.02399816	-9.64751434	3.95238662
67.02799816	-9.64751434	3.95238662
67.03199816	-9.64751434	3.95238662
67.03599816	-9.64751434	3.95238662
67.03999816	-9.64751434	3.95238662
67.04399816	-9.64751434	3.95238662
67.04799816	-9.64751434	3.95238662
67.05199816	-9.64751434	3.95238662
67.05599816	-9.64751434	3.95238662
67.05999816	-9.64751434	3.95238662
67.06399816	-9.64751434	0.00000000
67.06799816	-9.64751434	0.00000000
67.07199816	-9.64751434	0.00000000
67.07599816	-9.64751434	3.95238662
67.07999816	-9.64751434	0.00000000
67.08399816	-9.64751434	3.95238662
67.08799816	-9.64751434	3.95238662
67.09199816	-9.64751434	3.95238662
67.09599816	-9.64751434	3.95238662
67.09999816	-9.64751434	0.00000000
67.10399816	-9.64751434	0.00000000
67.10799816	-9.64751434	3.95238662
67.11199816	-9.64751434	3.95238662
67.11599816	-9.64751434	0.00000000
67.11999816	-9.64751434	3.95238662
67.12399816	-9.64751434	3.95238662
67.12799816	-9.64751434	0.00000000
67.13199816	-9.64751434	0.00000000
67.13599816	-9.64751434	3.95238662
67.13999816	-9.64751434	3.95238662
67.14399816	-9.64751434	3.95238662
67.14799816	-9.64751434	3.95238662
67.15199815	-9.64751434	3.95238662
67.15599815	-9.64751434	3.95238662
67.15999815	-9.64751434	3.95238662
67.16399815	-9.64751434	3.95238662
67.16799815	-9.64751434	0.00000000
67.17199815	-9.64751434	3.95238662
67.17599815	-9.64751434	3.95238662
67.17999815	-9.64751434	3.95238662
67.18399815	-9.64751434	0.00000000
67.18799815	-9.64751434	3.95238662
67.19199815	-9.64751434	3.95238662
67.19599815	-9.64751434	3.95238662
67.19999815	-9.64751434	3.95238662
67.20399815	-9.64751434	3.95238662
67.20799815	-9.64751434	3.95238662
67.21199815	-9.64751434	0.00000000
67.21599815	-9.64751434	0.00000000
67.21999815	-9.64751434	0.00000000
67.22399815	-9.64751434	3.95238662
67.22799815	-9.64751434	3.95238662
67.23199815	-9.64751434	3.95238662
67.23599815	-9.64751434	3.95238662
67.23999815	-9.64751434	3.95238662
67.24399815	-9.64751434	3.95238662
67.24799815	-9.64751434	3.95238662
67.25199815	-9.64751434	0.00000000
67.25599815	-9.64751434	0.00000000
67.25999815	-9.64751434	0.00000000
67.26399815	-9.64751434	3.95238662
67.26799815	-9.64751434	0.00000000
67.27199815	-9.64751434	3.95238662
67.27599815	-9.64751434	3.95238662
67.27999815	-9.64751434	0.00000000
67.28399815	-9.64751434	0.00000000
67.28799815	-9.64751434	3.95238662
67.29199815	-9.64751434	3.95238662
67.29599815	-9.64751434	3.95238662
67.29999815	-9.64751434	3.95238662
67.30399815	-9.64751434	3.95238662
67.30799815	-9.64751434	0.00000000
67.31199815	-9.64751434	3.95238662
67.31599815	-9.64751434	0.00000000
67.31999815	-9.64751434	0.00000000
67.32399815	-9.64751434	3.95238662
67.32799815	-9.64751434	3.95238662
67.33199815	-9.64751434	0.00000000
67.33599815	-9.64751434	3.95238662
67.33999815	-9.64751434	3.95238662
67.34399815	-9.64751434	3.95238662
67.34799815	-9.64751434	0.00000000
67.35199815	-9.64751434	7.90477324
67.35599815	-9.64751434	0.00000000
67.35999815	-9.64751434	3.95238662
67.36399815	-9.64751434	7.90477324
67.36799815	-9.64751434	3.95238662
67.37199815	-9.64751434	3.95238662
67.37599815	-9.64751434	3.95238662
67.37999815	-9.64751434	0.00000000
67.38399815	-9.64751434	3.95238662
67.38799815	-9.64751434	3.95238662
67.39199815	-9.64751434	0.00000000
67.39599815	-9.64751434	3.95238662
67.39999815	-9.64751434	3.95238662
67.40399815	-9.64751434	0.00000000
67.40799815	-9.64751434	3.95238662
67.41199815	-9.64751434	3.95238662
67.41599815	-9.64751434	3.95238662
67.41999815	-9.64751434	3.95238662
67.42399815	-9.64751434	0.00000000
67.42799815	-9.64751434	0.00000000
67.43199815	-9.64751434	0.00000000
67.43599815	-9.64751434	3.95238662
67.43999815	-9.64751434	3.95238662
67.44399815	-9.64751434	3.95238662
67.44799815	-9.64751434	3.95238662
67.45199815	-9.64751434	3.95238662
67.45599815	-9.64751434	3.95238662
67.45999815	-9.64751434	3.95238662
67.46399815	-9.64751434	3.95238662
67.46799815	-9.64751434	3.95238662
67.47199815	-9.64751434	3.95238662
67.47599815	-9.64751434	3.95238662
67.47999815	-9.64751434	3.95238662
67.48399815	-9.64751434	3.95238662
67.48799815	-9.64751434	3.95238662
67.49199815	-9.64751434	3.95238662
67.49599815	-9.64751434	0.00000000
67.49999815	-9.64751434	3.95238662
67.50399815	-9.64751434	3.95238662
67.50799814	-9.64751434	3.95238662
67.51199814	-9.64751434	0.00000000
67.51599814	-9.64751434	3.95238662
67.51999814	-9.64751434	0.00000000
67.52399814	-9.64751434	0.00000000
67.52799814	-9.64751434	3.95238662
67.53199814	-9.64751434	0.00000000
67.53599814	-9.64751434	3.95238662
67.53999814	-9.64751434	3.95238662
67.54399814	-9.64751434	3.95238662
67.54799814	-9.64751434	3.95238662
67.55199814	-9.64751434	3.95238662
67.55599814	-9.64751434	3.95238662
67.55999814	-9.64751434	0.00000000
67.56399814	-9.64751434	3.95238662
67.56799814	-9.64751434	3.95238662
67.57199814	-9.64751434	3.95238662
67.57599814	-9.64751434	3.95238662
67.57999814	-9.64751434	3.95238662
67.58399814	-9.64751434	3.95238662
67.58799814	-9.64751434	3.95238662
67.59199814	-9.64751434	3.95238662
67.59599814	-9.64751434	0.00000000
67.59999814	-9.64751434	3.95238662
67.60399814	-9.64751434	3.95238662
67.60799814	-9.64751434	3.95238662
67.61199814	-9.64751434	0.00000000
67.61599814	-9.64751434	0.00000000
67.61999814	-9.64751434	3.95238662
67.62399814	-9.64751434	0.00000000
67.62799814	-9.64751434	0.00000000
67.63199814	-9.64751434	3.95238662
67.63599814	-9.64751434	3.95238662
67.63999814	-9.64751434	0.00000000
67.64399814	-9.64751434	0.00000000
67.64799814	-9.64751434	3.95238662
67.65199814	-9.64751434	3.95238662
67.65599814	-9.64751434	3.95238662
67.65999814	-9.64751434	0.00000000
67.66399814	-9.64751434	3.95238662
67.66799814	-9.64751434	3.95238662
67.67199814	-9.64751434	3.95238662
67.67599814	-9.64751434	3.95238662
67.67999814	-9.64751434	3.95238662
67.68399814	-9.64751434	3.95238662
67.68799814	-9.64751434	0.00000000
67.69199814	-9.64751434	3.95238662
67.69599814	-9.64751434	3.95238662
67.69999814	-9.64751434	0.00000000
67.70399814	-9.64751434	3.95238662
67.70799814	-9.64751434	3.95238662
67.71199814	-9.64751434	3.95238662
67.71599814	-9.64751434	3.95238662
67.71999814	-9.64751434	0.00000000
67.72399814	-9.64751434	0.00000000
67.72799814	-9.64751434	3.95238662
67.73199814	-9.64751434	3.95238662
67.73599814	-9.64751434	0.00000000
67.73999814	-9.64751434	0.00000000
67.74399814	-9.64751434	3.95238662
67.74799814	-9.64751434	3.95238662
67.75199814	-9.64751434	3.95238662
67.75599814	-9.64751434	0.00000000
67.75999814	-9.64751434	3.95238662
67.76399814	-9.64751434	3.95238662
67.76799814	-9.64751434	3.95238662
67.77199814	-9.64751434	3.95238662
67.77599814	-9.64751434	0.00000000
67.77999814	-9.64751434	0.00000000
67.78399814	-9.64751434	3.95238662
67.78799814	-9.64751434	3.95238662
67.79199814	-9.64751434	3.95238662
67.79599814	-9.64751434	3.95238662
67.79999814	-9.64751434	0.00000000
67.80399814	-9.64751434	0.00000000
67.80799814	-9.64751434	3.95238662
67.81199814	-9.64751434	3.95238662
67.81599814	-9.64751434	3.95238662
67.81999814	-9.64751434	3.95238662
67.82399814	-9.64751434	3.95238662
67.82799814	-9.64751434	0.00000000
67.83199814	-9.64751434	3.95238662
67.83599814	-9.64751434	3.95238662
67.83999814	-9.64751434	0.00000000
67.84399814	-9.64751434	3.95238662
67.84799814	-9.64751434	0.00000000
67.85199814	-9.64751434	3.95238662
67.85599814	-9.64751434	0.00000000
67.85999813	-9.64751434	3.95238662
67.86399813	-9.64751434	3.95238662
67.86799813	-9.64751434	3.95238662
67.87199813	-9.64751434	3.95238662
67.87599813	-9.64751434	0.00000000
67.87999813	-9.64751434	3.95238662
67.88399813	-9.64751434	3.95238662
67.88799813	-9.64751434	0.00000000
67.89199813	-9.64751434	3.95238662
67.89599813	-9.64751434	0.00000000
67.89999813	-9.64751434	3.95238662
67.90399813	-9.64751434	3.95238662
67.90799813	-9.64751434	3.95238662
67.91199813	-9.64751434	0.00000000
67.91599813	-9.64751434	0.00000000
67.91999813	-9.64751434	0.00000000
67.92399813	-9.64751434	3.95238662
67.92799813	-9.64751434	3.95238662
67.93199813	-9.64751434	0.00000000
67.93599813	-9.64751434	3.95238662
67.93999813	-9.64751434	3.95238662
67.94399813	-9.64751434	3.95238662
67.94799813	-9.64751434	3.95238662
67.95199813	-9.64751434	3.95238662
67.95599813	-9.64751434	3.95238662
67.95999813	-9.64751434	0.00000000
67.96399813	-9.64751434	3.95238662
67.96799813	-9.64751434	3.95238662
67.97199813	-9.64751434	3.95238662
67.97599813	-9.64751434	0.00000000
67.97999813	-9.64751434	0.00000000
67.98399813	-9.64751434	3.95238662
67.98799813	-9.64751434	3.95238662
67.99199813	-9.64751434	3.95238662
67.99599813	-9.64751434	3.95238662
67.99999813	-9.64751434	3.95238662
68.00399813	-9.64751434	3.95238662
68.00799813	-9.64751434	3.95238662
68.01199813	-9.64751434	3.95238662
68.01599813	-9.64751434	3.95238662
68.01999813	-9.64751434	3.95238662
68.02399813	-9.64751434	3.95238662
68.02799813	-9.64751434	3.95238662
68.03199813	-9.64751434	3.95238662
68.03599813	-9.64751434	3.95238662
68.03999813	-9.64751434	3.95238662
68.04399813	-9.64751434	3.95238662
68.04799813	-9.64751434	3.95238662
68.05199813	-9.64751434	3.95238662
68.05599813	-9.64751434	3.95238662
68.05999813	-9.64751434	0.00000000
68.06399813	-9.64751434	3.95238662
68.06799813	-9.64751434	0.00000000
68.07199813	-9.64751434	0.00000000
68.07599813	-9.64751434	3.95238662
68.07999813	-9.64751434	0.00000000
68.08399813	-9.64751434	3.95238662
68.08799813	-9.64751434	3.95238662
68.09199813	-9.64751434	0.00000000
68.09599813	-9.64751434	0.00000000
68.09999813	-9.64751434	0.00000000
68.10399813	-9.64751434	3.95238662
68.10799813	-9.64751434	0.00000000
68.11199813	-9.64751434	0.00000000
68.11599813	-9.64751434	3.95238662
68.11999813	-9.64751434	3.95238662
68.12399813	-9.64751434	3.95238662
68.12799813	-9.64751434	3.95238662
68.13199813	-9.64751434	3.95238662
68.13599813	-9.64751434	0.00000000
68.13999813	-9.64751434	0.00000000
68.14399813	-9.64751434	0.00000000
68.14799813	-9.64751434	0.00000000
68.15199813	-9.64751434	3.95238662
68.15599813	-9.64751434	3.95238662
68.15999813	-9.64751434	3.95238662
68.16399813	-9.64751434	0.00000000
68.16799813	-9.64751434	3.95238662
68.17199813	-9.64751434	3.95238662
68.17599813	-9.64751434	0.00000000
68.17999813	-9.64751434	3.95238662
68.18399813	-9.64751434	3.95238662
68.18799813	-9.64751434	3.95238662
68.19199813	-9.64751434	3.95238662
68.19599813	-9.64751434	3.95238662
68.19999813	-9.64751434	3.95238662
68.20399813	-9.64751434	3.95238662
68.20799813	-9.64751434	3.95238662
68.21199813	-9.64751434	3.95238662
68.21599812	-9.64751434	0.00000000
68.21999812	-9.64751434	0.00000000
68.22399812	-9.64751434	0.00000000
68.22799812	-9.64751434	0.00000000
68.23199812	-9.64751434	0.00000000
68.23599812	-9.64751434	3.95238662
68.23999812	-9.64751434	0.00000000
68.24399812	-9.64751434	3.95238662
68.24799812	-9.64751434	0.00000000
68.25199812	-9.64751434	3.95238662
68.25599812	-9.64751434	0.00000000
68.25999812	-9.64751434	3.95238662
68.26399812	-9.64751434	3.95238662
68.26799812	-9.64751434	3.95238662
68.27199812	-9.64751434	3.95238662
68.27599812	-9.64751434	3.95238662
68.27999812	-9.64751434	3.95238662
68.28399812	-9.64751434	0.00000000
68.28799812	-9.64751434	0.00000000
68.29199812	-9.64751434	3.95238662
68.29599812	-9.64751434	3.95238662
68.29999812	-9.64751434	3.95238662
68.30399812	-9.64751434	3.95238662
68.30799812	-9.64751434	0.00000000
68.31199812	-9.64751434	3.95238662
68.31599812	-9.64751434	0.00000000
68.31999812	-9.64751434	3.95238662
68.32399812	-9.64751434	3.95238662
68.32799812	-9.64751434	3.95238662
68.33199812	-9.64751434	0.00000000
68.33599812	-9.64751434	3.95238662
68.33999812	-9.64751434	3.95238662
68.34399812	-9.64751434	0.00000000
68.34799812	-9.64751434	0.00000000
68.35199812	-9.64751434	0.00000000
68.35599812	-9.64751434	3.95238662
68.35999812	-9.64751434	0.00000000
68.36399812	-9.64751434	0.00000000
68.36799812	-9.64751434	3.95238662
68.37199812	-9.64751434	0.00000000
68.37599812	-9.64751434	0.00000000
68.37999812	-9.64751434	3.95238662
68.38399812	-9.64751434	3.95238662
68.38799812	-9.64751434	3.95238662
68.39199812	-9.64751434	3.95238662
68.39599812	-9.64751434	0.00000000
68.39999812	-9.64751434	3.95238662
68.40399812	-9.64751434	3.95238662
68.40799812	-9.64751434	0.00000000
68.41199812	-9.64751434	3.95238662
68.41599812	-9.64751434	0.00000000
68.41999812	-9.64751434	3.95238662
68.42399812	-9.64751434	3.95238662
68.42799812	-9.64751434	3.95238662
68.43199812	-9.64751434	3.95238662
68.43599812	-9.64751434	0.00000000
68.43999812	-9.64751434	3.95238662
68.44399812	-9.64751434	0.00000000
68.44799812	-9.64751434	3.95238662
68.45199812	-9.64751434	3.95238662
68.45599812	-9.64751434	3.95238662
68.45999812	-9.64751434	3.95238662
68.46399812	-9.64751434	3.95238662
68.46799812	-9.64751434	3.95238662
68.47199812	-9.64751434	3.95238662
68.47599812	-9.64751434	0.00000000
68.47999812	-9.64751434	3.95238662
68.48399812	-9.64751434	3.95238662
68.48799812	-9.64751434	0.00000000
68.49199812	-9.64751434	3.95238662
68.49599812	-9.64751434	3.95238662
68.49999812	-9.64751434	0.00000000
68.50399812	-9.64751434	0.00000000
68.50799812	-9.64751434	0.00000000
68.51199812	-9.64751434	3.95238662
68.51599812	-9.64751434	3.95238662
68.51999812	-9.64751434	3.95238662
68.52399812	-9.64751434	3.95238662
68.52799812	-9.64751434	3.95238662
68.53199812	-9.64751434	3.95238662
68.53599812	-9.64751434	3.95238662
68.53999812	-9.64751434	3.95238662
68.54399812	-9.64751434	3.95238662
68.54799812	-9.64751434	3.95238662
68.55199812	-9.64751434	3.95238662
68.55599812	-9.64751434	3.95238662
68.55999812	-9.64751434	3.95238662
68.56399812	-9.64751434	3.95238662
68.56799811	-9.64751434	3.95238662
68.57199811	-9.64751434	0.00000000
68.57599811	-9.64751434	3.95238662
68.57999811	-9.64751434	0.00000000
68.58399811	-9.64751434	0.00000000
68.58799811	-9.64751434	0.00000000
68.59199811	-9.64751434	3.95238662
68.59599811	-9.64751434	7.90477324
68.59999811	-9.64751434	0.00000000
68.60399811	-9.64751434	0.00000000
68.60799811	-9.64751434	3.95238662
68.61199811	-9.64751434	0.00000000
68.61599811	-9.64751434	3.95238662
68.61999811	-9.64751434	0.00000000
68.62399811	-9.64751434	3.95238662
68.62799811	-9.64751434	0.00000000
68.63199811	-9.64751434	3.95238662
68.63599811	-9.64751434	3.95238662
68.63999811	-9.64751434	0.00000000
68.64399811	-9.64751434	3.95238662
68.64799811	-9.64751434	3.95238662
68.65199811	-9.64751434	0.00000000
68.65599811	-9.64751434	3.95238662
68.65999811	-9.64751434	3.95238662
68.66399811	-9.64751434	3.95238662
68.66799811	-9.64751434	0.00000000
68.67199811	-9.64751434	3.95238662
68.67599811	-9.64751434	0.00000000
68.67999811	-9.64751434	3.95238662
68.68399811	-9.64751434	3.95238662
68.68799811	-9.64751434	3.95238662
68.69199811	-9.64751434	3.95238662
68.69599811	-9.64751434	0.00000000
68.69999811	-9.64751434	3.95238662
68.70399811	-9.64751434	3.95238662
68.70799811	-9.64751434	3.95238662
68.71199811	-9.64751434	3.95238662
68.71599811	-9.64751434	0.00000000
68.71999811	-9.64751434	3.95238662
68.72399811	-9.64751434	3.95238662
68.72799811	-9.64751434	3.95238662
68.73199811	-9.64751434	0.00000000
68.73599811	-9.64751434	3.95238662
68.73999811	-9.64751434	0.00000000
68.74399811	-9.64751434	0.00000000
68.74799811	-9.64751434	0.00000000
68.75199811	-9.64751434	3.95238662
68.75599811	-9.64751434	3.95238662
68.75999811	-9.64751434	3.95238662
68.76399811	-9.64751434	0.00000000
68.76799811	-9.64751434	3.95238662
68.77199811	-9.64751434	3.95238662
68.77599811	-9.64751434	0.00000000
68.77999811	-9.64751434	0.00000000
68.78399811	-9.64751434	3.95238662
68.78799811	-9.64751434	0.00000000
68.79199811	-9.64751434	3.95238662
68.79599811	-9.64751434	3.95238662
68.79999811	-9.64751434	3.95238662
68.80399811	-9.64751434	0.00000000
68.80799811	-9.64751434	0.00000000
68.81199811	-9.64751434	3.95238662
68.81599811	-9.64751434	0.00000000
68.81999811	-9.64751434	3.95238662
68.82399811	-9.64751434	0.00000000
68.82799811	-9.64751434	0.00000000
68.83199811	-9.64751434	3.95238662
68.83599811	-9.64751434	3.95238662
68.83999811	-9.64751434	0.00000000
68.84399811	-9.64751434	3.95238662
68.84799811	-9.64751434	3.95238662
68.85199811	-9.64751434	3.95238662
68.85599811	-9.64751434	3.95238662
68.85999811	-9.64751434	0.00000000
68.86399811	-9.64751434	0.00000000
68.86799811	-9.64751434	3.95238662
68.87199811	-9.64751434	0.00000000
68.87599811	-9.64751434	3.95238662
68.87999811	-9.64751434	3.95238662
68.88399811	-9.64751434	3.95238662
68.88799811	-9.64751434	3.95238662
68.89199811	-9.64751434	3.95238662
68.89599811	-9.64751434	3.95238662
68.89999811	-9.64751434	3.95238662
68.90399811	-9.64751434	3.95238662
68.90799811	-9.64751434	3.95238662
68.91199811	-9.64751434	0.00000000
68.91599811	-9.64751434	3.95238662
68.91999810	-9.64751434	3.95238662
68.92399810	-9.64751434	0.00000000
68.92799810	-9.64751434	3.95238662
68.93199810	-9.64751434	0.00000000
68.93599810	-9.64751434	3.95238662
68.93999810	-9.64751434	0.00000000
68.94399810	-9.64751434	3.95238662
68.94799810	-9.64751434	3.95238662
68.95199810	-9.64751434	3.95238662
68.95599810	-9.64751434	3.95238662
68.95999810	-9.64751434	3.95238662
68.96399810	-9.64751434	3.95238662
68.96799810	-9.64751434	3.95238662
68.97199810	-9.64751434	3.95238662
68.97599810	-9.64751434	3.95238662
68.97999810	-9.64751434	0.00000000
68.98399810	-9.64751434	3.95238662
68.98799810	-9.64751434	3.95238662
68.99199810	-9.64751434	3.95238662
68.99599810	-9.64751434	3.95238662
68.99999810	-9.64751434	3.95238662
69.00399810	-9.64751434	3.95238662
69.00799810	-9.64751434	3.95238662
69.01199810	-9.64751434	3.95238662
69.01599810	-9.64751434	3.95238662
69.01999810	-9.64751434	3.95238662
69.02399810	-9.64751434	3.95238662
69.02799810	-9.64751434	3.95238662
69.03199810	-9.64751434	0.00000000
69.03599810	-9.64751434	0.00000000
69.03999810	-9.64751434	3.95238662
69.04399810	-9.64751434	3.95238662
69.04799810	-9.64751434	3.95238662
69.05199810	-9.64751434	3.95238662
69.05599810	-9.64751434	3.95238662
69.05999810	-9.64751434	3.95238662
69.06399810	-9.64751434	3.95238662
69.06799810	-9.64751434	3.95238662
69.07199810	-9.64751434	3.95238662
69.07599810	-9.64751434	3.95238662
69.07999810	-9.64751434	3.95238662
69.08399810	-9.64751434	3.95238662
69.08799810	-9.64751434	3.95238662
69.09199810	-9.64751434	0.00000000
69.09599810	-9.64751434	0.00000000
69.09999810	-9.64751434	0.00000000
69.10399810	-9.64751434	0.00000000
69.10799810	-9.64751434	3.95238662
69.11199810	-9.64751434	0.00000000
69.11599810	-9.64751434	0.00000000
69.11999810	-9.64751434	0.00000000
69.12399810	-9.64751434	0.00000000
69.12799810	-9.64751434	0.00000000
69.13199810	-9.64751434	3.95238662
69.13599810	-9.64751434	3.95238662
69.13999810	-9.64751434	3.95238662
69.14399810	-9.64751434	3.95238662
69.14799810	-9.64751434	3.95238662
69.15199810	-9.64751434	3.95238662
69.15599810	-9.64751434	3.95238662
69.15999810	-9.64751434	3.95238662
69.16399810	-9.64751434	0.00000000
69.16799810	-9.64751434	3.95238662
69.17199810	-9.64751434	0.00000000
69.17599810	-9.64751434	3.95238662
69.17999810	-9.64751434	0.00000000
69.18399810	-9.64751434	3.95238662
69.18799810	-9.64751434	0.00000000
69.19199810	-9.64751434	0.00000000
69.19599810	-9.64751434	3.95238662
69.19999810	-9.64751434	0.00000000
69.20399810	-9.64751434	0.00000000
69.20799810	-9.64751434	0.00000000
69.21199810	-9.64751434	3.95238662
69.21599810	-9.64751434	3.95238662
69.21999810	-9.64751434	3.95238662
69.22399810	-9.64751434	0.00000000
69.22799810	-9.64751434	0.00000000
69.23199810	-9.64751434	3.95238662
69.23599810	-9.64751434	3.95238662
69.23999810	-9.64751434	3.95238662
69.24399810	-9.64751434	3.95238662
69.24799810	-9.64751434	3.95238662
69.25199810	-9.64751434	3.95238662
69.25599810	-9.64751434	3.95238662
69.25999810	-9.64751434	0.00000000
69.26399810	-9.64751434	3.95238662
69.26799810	-9.64751434	3.95238662
69.27199810	-9.64751434	0.00000000
69.27599809	-9.64751434	3.95238662
69.27999809	-9.64751434	0.00000000
69.28399809	-9.64751434	3.95238662
69.28799809	-9.64751434	0.00000000
69.29199809	-9.64751434	0.00000000
69.29599809	-9.64751434	3.95238662
69.29999809	-9.64751434	3.95238662
69.30399809	-9.64751434	3.95238662
69.30799809	-9.64751434	3.95238662
69.31199809	-9.64751434	3.95238662
69.31599809	-9.64751434	0.00000000
69.31999809	-9.64751434	3.95238662
69.32399809	-9.64751434	3.95238662
69.32799809	-9.64751434	3.95238662
69.33199809	-9.64751434	3.95238662
69.33599809	-9.64751434	3.95238662
69.33999809	-9.64751434	3.95238662
69.34399809	-9.64751434	3.95238662
69.34799809	-9.64751434	0.00000000
69.35199809	-9.64751434	0.00000000
69.35599809	-9.64751434	3.95238662
69.35999809	-9.64751434	3.95238662
69.36399809	-9.64751434	3.95238662
69.36799809	-9.64751434	0.00000000
69.37199809	-9.64751434	3.95238662
69.37599809	-9.64751434	0.00000000
69.37999809	-9.64751434	3.95238662
69.38399809	-9.64751434	0.00000000
69.38799809	-9.64751434	3.95238662
69.39199809	-9.64751434	3.95238662
69.39599809	-9.64751434	0.00000000
69.39999809	-9.64751434	3.95238662
69.40399809	-9.64751434	0.00000000
69.40799809	-9.64751434	0.00000000
69.41199809	-9.64751434	3.95238662
69.41599809	-9.64751434	0.00000000
69.41999809	-9.64751434	0.00000000
69.42399809	-9.64751434	3.95238662
69.42799809	-9.64751434	3.95238662
69.43199809	-9.64751434	3.95238662
69.43599809	-9.64751434	3.95238662
69.43999809	-9.64751434	3.95238662
69.44399809	-9.64751434	3.95238662
69.44799809	-9.64751434	3.95238662
69.45199809	-9.64751434	3.95238662
69.45599809	-9.64751434	3.95238662
69.45999809	-9.64751434	3.95238662
69.46399809	-9.64751434	3.95238662
69.46799809	-9.64751434	0.00000000
69.47199809	-9.64751434	0.00000000
69.47599809	-9.64751434	0.00000000
69.47999809	-9.64751434	3.95238662
69.48399809	-9.64751434	0.00000000
69.48799809	-9.64751434	3.95238662
69.49199809	-9.64751434	3.95238662
69.49599809	-9.64751434	3.95238662
69.49999809	-9.64751434	3.95238662
69.50399809	-9.64751434	0.00000000
69.50799809	-9.64751434	3.95238662
69.51199809	-9.64751434	3.95238662
69.51599809	-9.64751434	3.95238662
69.51999809	-9.64751434	3.95238662
69.52399809	-9.64751434	3.95238662
69.52799809	-9.64751434	3.95238662
69.53199809	-9.64751434	3.95238662
69.53599809	-9.64751434	3.95238662
69.53999809	-9.64751434	0.00000000
69.54399809	-9.64751434	3.95238662
69.54799809	-9.64751434	3.95238662
69.55199809	-9.64751434	0.00000000
69.55599809	-9.64751434	3.95238662
69.55999809	-9.64751434	3.95238662
69.56399809	-9.64751434	3.95238662
69.56799809	-9.64751434	0.00000000
69.57199809	-9.64751434	3.95238662
69.57599809	-9.64751434	3.95238662
69.57999809	-9.64751434	0.00000000
69.58399809	-9.64751434	3.95238662
69.58799809	-9.64751434	3.95238662
69.59199809	-9.64751434	3.95238662
69.59599809	-9.64751434	3.95238662
69.59999809	-9.64751434	0.00000000
69.60399809	-9.64751434	0.00000000
69.60799809	-9.64751434	3.95238662
69.61199809	-9.64751434	0.00000000
69.61599809	-9.64751434	3.95238662
69.61999809	-9.64751434	0.00000000
69.62399809	-9.64751434	3.95238662
69.62799808	-9.64751434	3.95238662
69.63199808	-9.64751434	3.95238662
69.63599808	-9.64751434	0.00000000
69.63999808	-9.64751434	3.95238662
69.64399808	-9.64751434	3.95238662
69.64799808	-9.64751434	3.95238662
69.65199808	-9.64751434	3.95238662
69.65599808	-9.64751434	3.95238662
69.65999808	-9.64751434	3.95238662
69.66399808	-9.64751434	3.95238662
69.66799808	-9.64751434	3.95238662
69.67199808	-9.64751434	3.95238662
69.67599808	-9.64751434	3.95238662
69.67999808	-9.64751434	3.95238662
69.68399808	-9.64751434	3.95238662
69.68799808	-9.64751434	3.95238662
69.69199808	-9.64751434	3.95238662
69.69599808	-9.64751434	3.95238662
69.69999808	-9.64751434	0.00000000
69.70399808	-9.64751434	0.00000000
69.70799808	-9.64751434	0.00000000
69.71199808	-9.64751434	3.95238662
69.71599808	-9.64751434	3.95238662
69.71999808	-9.64751434	0.00000000
69.72399808	-9.64751434	0.00000000
69.72799808	-9.64751434	3.95238662
69.73199808	-9.64751434	3.95238662
69.73599808	-9.64751434	0.00000000
69.73999808	-9.64751434	3.95238662
69.74399808	-9.64751434	3.95238662
69.74799808	-9.64751434	0.00000000
69.75199808	-9.64751434	3.95238662
69.75599808	-9.64751434	3.95238662
69.75999808	-9.64751434	7.90477324
69.76399808	-9.64751434	3.95238662
69.76799808	-9.64751434	3.95238662
69.77199808	-9.64751434	3.95238662
69.77599808	-9.64751434	3.95238662
69.77999808	-9.64751434	3.95238662
69.78399808	-9.64751434	0.00000000
69.78799808	-9.64751434	0.00000000
69.79199808	-9.64751434	0.00000000
69.79599808	-9.64751434	3.95238662
69.79999808	-9.64751434	3.95238662
69.80399808	-9.64751434	3.95238662
69.80799808	-9.64751434	3.95238662
69.81199808	-9.64751434	3.95238662
69.81599808	-9.64751434	0.00000000
69.81999808	-9.64751434	3.95238662
69.82399808	-9.64751434	3.95238662
69.82799808	-9.64751434	3.95238662
69.83199808	-9.64751434	3.95238662
69.83599808	-9.64751434	3.95238662
69.83999808	-9.64751434	3.95238662
69.84399808	-9.64751434	3.95238662
69.84799808	-9.64751434	3.95238662
69.85199808	-9.64751434	3.95238662
69.85599808	-9.64751434	0.00000000
69.85999808	-9.64751434	3.95238662
69.86399808	-9.64751434	0.00000000
69.86799808	-9.64751434	0.00000000
69.87199808	-9.64751434	3.95238662
69.87599808	-9.64751434	3.95238662
69.87999808	-9.64751434	0.00000000
69.88399808	-9.64751434	3.95238662
69.88799808	-9.64751434	3.95238662
69.89199808	-9.64751434	0.00000000
69.89599808	-9.64751434	0.00000000
69.89999808	-9.64751434	0.00000000
69.90399808	-9.64751434	3.95238662
69.90799808	-9.64751434	0.00000000
69.91199808	-9.64751434	0.00000000
69.91599808	-9.64751434	0.00000000
69.91999808	-9.64751434	3.95238662
69.92399808	-9.64751434	0.00000000
69.92799808	-9.64751434	3.95238662
69.93199808	-9.64751434	3.95238662
69.93599808	-9.64751434	3.95238662
69.93999808	-9.64751434	0.00000000
69.94399808	-9.64751434	3.95238662
69.94799808	-9.64751434	0.00000000
69.95199808	-9.64751434	3.95238662
69.95599808	-9.64751434	0.00000000
69.95999808	-9.64751434	3.95238662
69.96399808	-9.64751434	0.00000000
69.96799808	-9.64751434	3.95238662
69.97199808	-9.64751434	3.95238662
69.97599808	-9.64751434	0.00000000
69.97999808	-9.64751434	3.95238662
69.98399807	-9.64751434	3.95238662
69.98799807	-9.64751434	0.00000000
69.99199807	-9.64751434	3.95238662
69.99599807	-9.64751434	0.00000000
69.99999807	-9.64751434	3.95238662
70.00399807	-9.64751434	3.95238662
70.00799807	-9.64751434	3.95238662
70.01199807	-9.64751434	3.95238662
70.01599807	-9.64751434	3.95238662
70.01999807	-9.64751434	3.95238662
70.02399807	-9.64751434	3.95238662
70.02799807	-9.64751434	0.00000000
70.03199807	-9.64751434	7.90477324
70.03599807	-9.64751434	0.00000000
70.03999807	-9.64751434	3.95238662
70.04399807	-9.64751434	3.95238662
70.04799807	-9.64751434	3.95238662
70.05199807	-9.64751434	0.00000000
70.05599807	-9.64751434	3.95238662
70.05999807	-9.64751434	3.95238662
70.06399807	-9.64751434	3.95238662
70.06799807	-9.64751434	3.95238662
70.07199807	-9.64751434	7.90477324
70.07599807	-9.64751434	3.95238662
70.07999807	-9.64751434	0.00000000
70.08399807	-9.64751434	0.00000000
70.08799807	-9.64751434	0.00000000
70.09199807	-9.64751434	3.95238662
70.09599807	-9.64751434	3.95238662
70.09999807	-9.64751434	3.95238662
70.10399807	-9.64751434	3.95238662
70.10799807	-9.64751434	0.00000000
70.11199807	-9.64751434	3.95238662
70.11599807	-9.64751434	3.95238662
70.11999807	-9.64751434	3.95238662
70.12399807	-9.64751434	0.00000000
70.12799807	-9.64751434	3.95238662
70.13199807	-9.64751434	3.95238662
70.13599807	-9.64751434	3.95238662
70.13999807	-9.64751434	0.00000000
70.14399807	-9.64751434	3.95238662
70.14799807	-9.64751434	3.95238662
70.15199807	-9.64751434	0.00000000
70.15599807	-9.64751434	0.00000000
70.15999807	-9.64751434	3.95238662
70.16399807	-9.64751434	0.00000000
70.16799807	-9.64751434	0.00000000
70.17199807	-9.64751434	0.00000000
70.17599807	-9.64751434	3.95238662
70.17999807	-9.64751434	3.95238662
70.18399807	-9.64751434	3.95238662
70.18799807	-9.64751434	3.95238662
70.19199807	-9.64751434	3.95238662
70.19599807	-9.64751434	0.00000000
70.19999807	-9.64751434	3.95238662
70.20399807	-9.64751434	3.95238662
70.20799807	-9.64751434	3.95238662
70.21199807	-9.64751434	3.95238662
70.21599807	-9.64751434	3.95238662
70.21999807	-9.64751434	3.95238662
70.22399807	-9.64751434	3.95238662
70.22799807	-9.64751434	0.00000000
70.23199807	-9.64751434	0.00000000
70.23599807	-9.64751434	0.00000000
70.23999807	-9.64751434	3.95238662
70.24399807	-9.64751434	3.95238662
70.24799807	-9.64751434	3.95238662
70.25199807	-9.64751434	3.95238662
70.25599807	-9.64751434	3.95238662
70.25999807	-9.64751434	0.00000000
70.26399807	-9.64751434	3.95238662
70.26799807	-9.64751434	3.95238662
70.27199807	-9.64751434	0.00000000
70.27599807	-9.64751434	3.95238662
70.27999807	-9.64751434	0.00000000
70.28399807	-9.64751434	3.95238662
70.28799807	-9.64751434	3.95238662
70.29199807	-9.64751434	3.95238662
70.29599807	-9.64751434	3.95238662
70.29999807	-9.64751434	0.00000000
70.30399807	-9.64751434	3.95238662
70.30799807	-9.64751434	3.95238662
70.31199807	-9.64751434	3.95238662
70.31599807	-9.64751434	3.95238662
70.31999807	-9.64751434	3.95238662
70.32399807	-9.64751434	3.95238662
70.32799807	-9.64751434	0.00000000
70.33199807	-9.64751434	7.90477324
70.33599806	-9.64751434	3.95238662
70.33999806	-9.64751434	3.95238662
70.34399806	-9.64751434	3.95238662
70.34799806	-9.64751434	3.95238662
70.35199806	-9.64751434	3.95238662
70.35599806	-9.64751434	0.00000000
70.35999806	-9.64751434	3.95238662
70.36399806	-9.64751434	3.95238662
70.36799806	-9.64751434	3.95238662
70.37199806	-9.64751434	3.95238662
70.37599806	-9.64751434	3.95238662
70.37999806	-9.64751434	3.95238662
70.38399806	-9.64751434	3.95238662
70.38799806	-9.64751434	3.95238662
70.39199806	-9.64751434	0.00000000
70.39599806	-9.64751434	0.00000000
70.39999806	-9.64751434	3.95238662
70.40399806	-9.64751434	0.00000000
70.40799806	-9.64751434	0.00000000
70.41199806	-9.64751434	0.00000000
70.41599806	-9.64751434	3.95238662
70.41999806	-9.64751434	0.00000000
70.42399806	-9.64751434	3.95238662
70.42799806	-9.64751434	0.00000000
70.43199806	-9.64751434	3.95238662
70.43599806	-9.64751434	3.95238662
70.43999806	-9.64751434	3.95238662
70.44399806	-9.64751434	3.95238662
70.44799806	-9.64751434	3.95238662
70.45199806	-9.64751434	3.95238662
70.45599806	-9.64751434	3.95238662
70.45999806	-9.64751434	3.95238662
70.46399806	-9.64751434	3.95238662
70.46799806	-9.64751434	3.95238662
70.47199806	-9.64751434	0.00000000
70.47599806	-9.64751434	3.95238662
70.47999806	-9.64751434	7.90477324
70.48399806	-9.64751434	3.95238662
70.48799806	-9.64751434	3.95238662
70.49199806	-9.64751434	0.00000000
70.49599806	-9.64751434	3.95238662
70.49999806	-9.64751434	3.95238662
70.50399806	-9.64751434	0.00000000
70.50799806	-9.64751434	3.95238662
70.51199806	-9.64751434	3.95238662
70.51599806	-9.64751434	0.00000000
70.51999806	-9.64751434	3.95238662
70.52399806	-9.64751434	0.00000000
70.52799806	-9.64751434	0.00000000
70.53199806	-9.64751434	3.95238662
70.53599806	-9.64751434	0.00000000
70.53999806	-9.64751434	0.00000000
70.54399806	-9.64751434	3.95238662
70.54799806	-9.64751434	3.95238662
70.55199806	-9.64751434	0.00000000
70.55599806	-9.64751434	0.00000000
70.55999806	-9.64751434	3.95238662
70.56399806	-9.64751434	0.00000000
70.56799806	-9.64751434	3.95238662
70.57199806	-9.64751434	3.95238662
70.57599806	-9.64751434	3.95238662
70.57999806	-9.64751434	3.95238662
70.58399806	-9.64751434	3.95238662
70.58799806	-9.64751434	3.95238662
70.59199806	-9.64751434	3.95238662
70.59599806	-9.64751434	3.95238662
70.59999806	-9.64751434	3.95238662
70.60399806	-9.64751434	3.95238662
70.60799806	-9.64751434	3.95238662
70.61199806	-9.64751434	0.00000000
70.61599806	-9.64751434	0.00000000
70.61999806	-9.64751434	0.00000000
70.62399806	-9.64751434	3.95238662
70.62799806	-9.64751434	3.95238662
70.63199806	-9.64751434	3.95238662
70.63599806	-9.64751434	0.00000000
70.63999806	-9.64751434	3.95238662
70.64399806	-9.64751434	3.95238662
70.64799806	-9.64751434	3.95238662
70.65199806	-9.64751434	3.95238662
70.65599806	-9.64751434	3.95238662
70.65999806	-9.64751434	0.00000000
70.66399806	-9.64751434	3.95238662
70.66799806	-9.64751434	3.95238662
70.67199806	-9.64751434	3.95238662
70.67599806	-9.64751434	3.95238662
70.67999806	-9.64751434	0.00000000
70.68399806	-9.64751434	3.95238662
70.68799805	-9.64751434	3.95238662
70.69199805	-9.64751434	0.00000000
70.69599805	-9.64751434	0.00000000
70.69999805	-9.64751434	3.95238662
70.70399805	-9.64751434	0.00000000
70.70799805	-9.64751434	3.95238662
70.71199805	-9.64751434	3.95238662
70.71599805	-9.64751434	0.00000000
70.71999805	-9.64751434	0.00000000
70.72399805	-9.64751434	0.00000000
70.72799805	-9.64751434	3.95238662
70.73199805	-9.64751434	0.00000000
70.73599805	-9.64751434	3.95238662
70.73999805	-9.64751434	3.95238662
70.74399805	-9.64751434	3.95238662
70.74799805	-9.64751434	3.95238662
70.75199805	-9.64751434	3.95238662
70.75599805	-9.64751434	3.95238662
70.75999805	-9.64751434	3.95238662
70.76399805	-9.64751434	0.00000000
70.76799805	-9.64751434	3.95238662
70.77199805	-9.64751434	3.95238662
70.77599805	-9.64751434	0.00000000
70.77999805	-9.64751434	3.95238662
70.78399805	-9.64751434	3.95238662
70.78799805	-9.64751434	3.95238662
70.79199805	-9.64751434	3.95238662
70.79599805	-9.64751434	3.95238662
70.79999805	-9.64751434	0.00000000
70.80399805	-9.64751434	0.00000000
70.80799805	-9.64751434	3.95238662
70.81199805	-9.64751434	3.95238662
70.81599805	-9.64751434	3.95238662
70.81999805	-9.64751434	3.95238662
70.82399805	-9.64751434	3.95238662
70.82799805	-9.64751434	3.95238662
70.83199805	-9.64751434	3.95238662
70.83599805	-9.64751434	3.95238662
70.83999805	-9.64751434	3.95238662
70.84399805	-9.64751434	0.00000000
70.84799805	-9.64751434	3.95238662
70.85199805	-9.64751434	3.95238662
70.85599805	-9.64751434	0.00000000
70.85999805	-9.64751434	0.00000000
70.86399805	-9.64751434	3.95238662
70.86799805	-9.64751434	0.00000000
70.87199805	-9.64751434	3.95238662
70.87599805	-9.64751434	0.00000000
70.87999805	-9.64751434	3.95238662
70.88399805	-9.64751434	3.95238662
70.88799805	-9.64751434	0.00000000
70.89199805	-9.64751434	0.00000000
70.89599805	-9.64751434	3.95238662
70.89999805	-9.64751434	3.95238662
70.90399805	-9.64751434	0.00000000
70.90799805	-9.64751434	3.95238662
70.91199805	-9.64751434	3.95238662
70.91599805	-9.64751434	0.00000000
70.91999805	-9.64751434	3.95238662
70.92399805	-9.64751434	0.00000000
70.92799805	-9.64751434	3.95238662
70.93199805	-9.64751434	3.95238662
70.93599805	-9.64751434	0.00000000
70.93999805	-9.64751434	0.00000000
70.94399805	-9.64751434	3.95238662
70.94799805	-9.64751434	3.95238662
70.95199805	-9.64751434	3.95238662
70.95599805	-9.64751434	0.00000000
70.95999805	-9.64751434	3.95238662
70.96399805	-9.64751434	0.00000000
70.96799805	-9.64751434	0.00000000
70.97199805	-9.64751434	3.95238662
70.97599805	-9.64751434	0.00000000
70.97999805	-9.64751434	0.00000000
70.98399805	-9.64751434	3.95238662
70.98799805	-9.64751434	3.95238662
70.99199805	-9.64751434	3.95238662
70.99599805	-9.64751434	3.95238662
70.99999805	-9.64751434	0.00000000
71.00399805	-9.64751434	3.95238662
71.00799805	-9.64751434	3.95238662
71.01199805	-9.64751434	3.95238662
71.01599805	-9.64751434	3.95238662
71.01999805	-9.64751434	3.95238662
71.02399805	-9.64751434	3.95238662
71.02799805	-9.64751434	3.95238662
71.03199805	-9.64751434	3.95238662
71.03599805	-9.64751434	0.00000000
71.03999805	-9.64751434	0.00000000
71.04399804	-9.64751434	3.95238662
71.04799804	-9.64751434	3.95238662
71.05199804	-9.64751434	3.95238662
71.05599804	-9.64751434	3.95238662
71.05999804	-9.64751434	3.95238662
71.06399804	-9.64751434	3.95238662
71.06799804	-9.64751434	3.95238662
71.07199804	-9.64751434	3.95238662
71.07599804	-9.64751434	3.95238662
71.07999804	-9.64751434	3.95238662
71.08399804	-9.64751434	3.95238662
71.08799804	-9.64751434	3.95238662
71.09199804	-9.64751434	3.95238662
71.09599804	-9.64751434	3.95238662
71.09999804	-9.64751434	3.95238662
71.10399804	-9.64751434	3.95238662
71.10799804	-9.64751434	3.95238662
71.11199804	-9.64751434	3.95238662
71.11599804	-9.64751434	3.95238662
71.11999804	-9.64751434	3.95238662
71.12399804	-9.64751434	3.95238662
71.12799804	-9.64751434	0.00000000
71.13199804	-9.64751434	0.00000000
71.13599804	-9.64751434	3.95238662
71.13999804	-9.64751434	0.00000000
71.14399804	-9.64751434	3.95238662
71.14799804	-9.64751434	0.00000000
71.15199804	-9.64751434	3.95238662
71.15599804	-9.64751434	0.00000000
71.15999804	-9.64751434	3.95238662
71.16399804	-9.64751434	0.00000000
71.16799804	-9.64751434	3.95238662
71.17199804	-9.64751434	0.00000000
71.17599804	-9.64751434	0.00000000
71.17999804	-9.64751434	0.00000000
71.18399804	-9.64751434	3.95238662
71.18799804	-9.64751434	3.95238662
71.19199804	-9.64751434	3.95238662
71.19599804	-9.64751434	3.95238662
71.19999804	-9.64751434	3.95238662
71.20399804	-9.64751434	0.00000000
71.20799804	-9.64751434	3.95238662
71.21199804	-9.64751434	0.00000000
71.21599804	-9.64751434	3.95238662
71.21999804	-9.64751434	3.95238662
71.22399804	-9.64751434	3.95238662
71.22799804	-9.64751434	3.95238662
71.23199804	-9.64751434	3.95238662
71.23599804	-9.64751434	0.00000000
71.23999804	-9.64751434	3.95238662
71.24399804	-9.64751434	3.95238662
71.24799804	-9.64751434	3.95238662
71.25199804	-9.64751434	3.95238662
71.25599804	-9.64751434	3.95238662
71.25999804	-9.64751434	3.95238662
71.26399804	-9.64751434	3.95238662
71.26799804	-9.64751434	3.95238662
71.27199804	-9.64751434	3.95238662
71.27599804	-9.64751434	0.00000000
71.27999804	-9.64751434	3.95238662
71.28399804	-9.64751434	0.00000000
71.28799804	-9.64751434	3.95238662
71.29199804	-9.64751434	0.00000000
71.29599804	-9.64751434	3.95238662
71.29999804	-9.64751434	3.95238662
71.30399804	-9.64751434	0.00000000
71.30799804	-9.64751434	0.00000000
71.31199804	-9.64751434	3.95238662
71.31599804	-9.64751434	0.00000000
71.31999804	-9.64751434	3.95238662
71.32399804	-9.64751434	0.00000000
71.32799804	-9.64751434	3.95238662
71.33199804	-9.64751434	0.00000000
71.33599804	-9.64751434	0.00000000
71.33999804	-9.64751434	0.00000000
71.34399804	-9.64751434	3.95238662
71.34799804	-9.64751434	3.95238662
71.35199804	-9.64751434	0.00000000
71.35599804	-9.64751434	3.95238662
71.35999804	-9.64751434	3.95238662
71.36399804	-9.64751434	3.95238662
71.36799804	-9.64751434	3.95238662
71.37199804	-9.64751434	3.95238662
71.37599804	-9.64751434	3.95238662
71.37999804	-9.64751434	0.00000000
71.38399804	-9.64751434	3.95238662
71.38799804	-9.64751434	0.00000000
71.39199804	-9.64751434	3.95238662
71.39599803	-9.64751434	3.95238662
71.39999803	-9.64751434	3.95238662
71.40399803	-9.64751434	3.95238662
71.40799803	-9.64751434	3.95238662
71.41199803	-9.64751434	3.95238662
71.41599803	-9.64751434	3.95238662
71.41999803	-9.64751434	3.95238662
71.42399803	-9.64751434	0.00000000
71.42799803	-9.64751434	3.95238662
71.43199803	-9.64751434	3.95238662
71.43599803	-9.64751434	3.95238662
71.43999803	-9.64751434	3.95238662
71.44399803	-9.64751434	3.95238662
71.44799803	-9.64751434	0.00000000
71.45199803	-9.64751434	0.00000000
71.45599803	-9.64751434	0.00000000
71.45999803	-9.64751434	3.95238662
71.46399803	-9.64751434	3.95238662
71.46799803	-9.64751434	3.95238662
71.47199803	-9.64751434	3.95238662
71.47599803	-9.64751434	3.95238662
71.47999803	-9.64751434	3.95238662
71.48399803	-9.64751434	3.95238662
71.48799803	-9.64751434	3.95238662
71.49199803	-9.64751434	3.95238662
71.49599803	-9.64751434	3.95238662
71.49999803	-9.64751434	3.95238662
71.50399803	-9.64751434	3.95238662
71.50799803	-9.64751434	0.00000000
71.51199803	-9.64751434	0.00000000
71.51599803	-9.64751434	3.95238662
71.51999803	-9.64751434	3.95238662
71.52399803	-9.64751434	3.95238662
71.52799803	-9.64751434	3.95238662
71.53199803	-9.64751434	0.00000000
71.53599803	-9.64751434	3.95238662
71.53999803	-9.64751434	0.00000000
71.54399803	-9.64751434	3.95238662
71.54799803	-9.64751434	0.00000000
71.55199803	-9.64751434	3.95238662
71.55599803	-9.64751434	3.95238662
71.55999803	-9.64751434	3.95238662
71.56399803	-9.64751434	0.00000000
71.56799803	-9.64751434	3.95238662
71.57199803	-9.64751434	0.00000000
71.57599803	-9.64751434	0.00000000
71.57999803	-9.64751434	3.95238662
71.58399803	-9.64751434	3.95238662
71.58799803	-9.64751434	0.00000000
71.59199803	-9.64751434	0.00000000
71.59599803	-9.64751434	3.95238662
71.59999803	-9.64751434	3.95238662
71.60399803	-9.64751434	0.00000000
71.60799803	-9.64751434	3.95238662
71.61199803	-9.64751434	0.00000000
71.61599803	-9.64751434	3.95238662
71.61999803	-9.64751434	3.95238662
71.62399803	-9.64751434	3.95238662
71.62799803	-9.64751434	0.00000000
71.63199803	-9.64751434	0.00000000
71.63599803	-9.64751434	3.95238662
71.63999803	-9.64751434	3.95238662
71.64399803	-9.64751434	3.95238662
71.64799803	-9.64751434	3.95238662
71.65199803	-9.64751434	3.95238662
71.65599803	-9.64751434	3.95238662
71.65999803	-9.64751434	0.00000000
71.66399803	-9.64751434	3.95238662
71.66799803	-9.64751434	0.00000000
71.67199803	-9.64751434	0.00000000
71.67599803	-9.64751434	0.00000000
71.67999803	-9.64751434	3.95238662
71.68399803	-9.64751434	3.95238662
71.68799803	-9.64751434	3.95238662
71.69199803	-9.64751434	3.95238662
71.69599803	-9.64751434	3.95238662
71.69999803	-9.64751434	3.95238662
71.70399803	-9.64751434	3.95238662
71.70799803	-9.64751434	3.95238662
71.71199803	-9.64751434	3.95238662
71.71599803	-9.64751434	3.95238662
71.71999803	-9.64751434	3.95238662
71.72399803	-9.64751434	0.00000000
71.72799803	-9.64751434	3.95238662
71.73199803	-9.64751434	3.95238662
71.73599803	-9.64751434	3.95238662
71.73999803	-9.64751434	3.95238662
71.74399803	-9.64751434	0.00000000
71.74799803	-9.64751434	3.95238662
71.75199802	-9.64751434	3.95238662
71.75599802	-9.64751434	3.95238662
71.75999802	-9.64751434	3.95238662
71.76399802	-9.64751434	3.95238662
71.76799802	-9.64751434	3.95238662
71.77199802	-9.64751434	0.00000000
71.77599802	-9.64751434	3.95238662
71.77999802	-9.64751434	0.00000000
71.78399802	-9.64751434	3.95238662
71.78799802	-9.64751434	3.95238662
71.79199802	-9.64751434	3.95238662
71.79599802	-9.64751434	3.95238662
71.79999802	-9.64751434	0.00000000
71.80399802	-9.64751434	3.95238662
71.80799802	-9.64751434	0.00000000
71.81199802	-9.64751434	0.00000000
71.81599802	-9.64751434	3.95238662
71.81999802	-9.64751434	3.95238662
71.82399802	-9.64751434	3.95238662
71.82799802	-9.64751434	3.95238662
71.83199802	-9.64751434	3.95238662
71.83599802	-9.64751434	3.95238662
71.83999802	-9.64751434	3.95238662
71.84399802	-9.64751434	3.95238662
71.84799802	-9.64751434	3.95238662
71.85199802	-9.64751434	3.95238662
71.85599802	-9.64751434	3.95238662
71.85999802	-9.64751434	0.00000000
71.86399802	-9.64751434	0.00000000
71.86799802	-9.64751434	3.95238662
71.87199802	-9.64751434	0.00000000
71.87599802	-9.64751434	3.95238662
71.87999802	-9.64751434	3.95238662
71.88399802	-9.64751434	3.95238662
71.88799802	-9.64751434	3.95238662
71.89199802	-9.64751434	0.00000000
71.89599802	-9.64751434	0.00000000
71.89999802	-9.64751434	3.95238662
71.90399802	-9.64751434	3.95238662
71.90799802	-9.64751434	3.95238662
71.91199802	-9.64751434	0.00000000
71.91599802	-9.64751434	0.00000000
71.91999802	-9.64751434	3.95238662
71.92399802	-9.64751434	3.95238662
71.92799802	-9.64751434	3.95238662
71.93199802	-9.64751434	0.00000000
71.93599802	-9.64751434	0.00000000
71.93999802	-9.64751434	0.00000000
71.94399802	-9.64751434	3.95238662
71.94799802	-9.64751434	3.95238662
71.95199802	-9.64751434	3.95238662
71.95599802	-9.64751434	0.00000000
71.95999802	-9.64751434	3.95238662
71.96399802	-9.64751434	3.95238662
71.96799802	-9.64751434	3.95238662
71.97199802	-9.64751434	3.95238662
71.97599802	-9.64751434	3.95238662
71.97999802	-9.64751434	3.95238662
71.98399802	-9.64751434	3.95238662
71.98799802	-9.64751434	3.95238662
71.99199802	-9.64751434	3.95238662
71.99599802	-9.64751434	3.95238662
71.99999802	-9.64751434	3.95238662
72.00399802	-9.64751434	0.00000000
72.00799802	-9.64751434	3.95238662
72.01199802	-9.64751434	3.95238662
72.01599802	-9.64751434	3.95238662
72.01999802	-9.64751434	0.00000000
72.02399802	-9.64751434	3.95238662
72.02799802	-9.64751434	3.95238662
72.03199802	-9.64751434	3.95238662
72.03599802	-9.64751434	3.95238662
72.03999802	-9.64751434	7.90477324
72.04399802	-9.64751434	3.95238662
72.04799802	-9.64751434	3.95238662
72.05199802	-9.64751434	3.95238662
72.05599802	-9.64751434	3.95238662
72.05999802	-9.64751434	3.95238662
72.06399802	-9.64751434	3.95238662
72.06799802	-9.64751434	3.95238662
72.07199802	-9.64751434	3.95238662
72.07599802	-9.64751434	3.95238662
72.07999802	-9.64751434	0.00000000
72.08399802	-9.64751434	3.95238662
72.08799802	-9.64751434	3.95238662
72.09199802	-9.64751434	3.95238662
72.09599802	-9.64751434	3.95238662
72.09999802	-9.64751434	0.00000000
72.10399801	-9.64751434	0.00000000
72.10799801	-9.64751434	3.95238662
72.11199801	-9.64751434	3.95238662
72.11599801	-9.64751434	0.00000000
72.11999801	-9.64751434	3.95238662
72.12399801	-9.64751434	3.95238662
72.12799801	-9.64751434	0.00000000
72.13199801	-9.64751434	0.00000000
72.13599801	-9.64751434	0.00000000
72.13999801	-9.64751434	3.95238662
72.14399801	-9.64751434	3.95238662
72.14799801	-9.64751434	3.95238662
72.15199801	-9.64751434	3.95238662
72.15599801	-9.64751434	3.95238662
72.15999801	-9.64751434	3.95238662
72.16399801	-9.64751434	3.95238662
72.16799801	-9.64751434	3.95238662
72.17199801	-9.64751434	0.00000000
72.17599801	-9.64751434	3.95238662
72.17999801	-9.64751434	3.95238662
72.18399801	-9.64751434	3.95238662
72.18799801	-9.64751434	0.00000000
72.19199801	-9.64751434	0.00000000
72.19599801	-9.64751434	3.95238662
72.19999801	-9.64751434	3.95238662
72.20399801	-9.64751434	0.00000000
72.20799801	-9.64751434	0.00000000
72.21199801	-9.64751434	3.95238662
72.21599801	-9.64751434	0.00000000
72.21999801	-9.64751434	3.95238662
72.22399801	-9.64751434	3.95238662
72.22799801	-9.64751434	0.00000000
72.23199801	-9.64751434	3.95238662
72.23599801	-9.64751434	3.95238662
72.23999801	-9.64751434	3.95238662
72.24399801	-9.64751434	3.95238662
72.24799801	-9.64751434	3.95238662
72.25199801	-9.64751434	3.95238662
72.25599801	-9.64751434	3.95238662
72.25999801	-9.64751434	0.00000000
72.26399801	-9.64751434	3.95238662
72.26799801	-9.64751434	3.95238662
72.27199801	-9.64751434	3.95238662
72.27599801	-9.64751434	3.95238662
72.27999801	-9.64751434	3.95238662
72.28399801	-9.64751434	0.00000000
72.28799801	-9.64751434	3.95238662
72.29199801	-9.64751434	7.90477324
72.29599801	-9.64751434	0.00000000
72.29999801	-9.64751434	3.95238662
72.30399801	-9.64751434	3.95238662
72.30799801	-9.64751434	3.95238662
72.31199801	-9.64751434	0.00000000
72.31599801	-9.64751434	3.95238662
72.31999801	-9.64751434	0.00000000
72.32399801	-9.64751434	3.95238662
72.32799801	-9.64751434	3.95238662
72.33199801	-9.64751434	0.00000000
72.33599801	-9.64751434	3.95238662
72.33999801	-9.64751434	3.95238662
72.34399801	-9.64751434	3.95238662
72.34799801	-9.64751434	0.00000000
72.35199801	-9.64751434	3.95238662
72.35599801	-9.64751434	3.95238662
72.35999801	-9.64751434	3.95238662
72.36399801	-9.64751434	3.95238662
72.36799801	-9.64751434	3.95238662
72.37199801	-9.64751434	0.00000000
72.37599801	-9.64751434	3.95238662
72.37999801	-9.64751434	3.95238662
72.38399801	-9.64751434	3.95238662
72.38799801	-9.64751434	0.00000000
72.39199801	-9.64751434	0.00000000
72.39599801	-9.64751434	3.95238662
72.39999801	-9.64751434	3.95238662
72.40399801	-9.64751434	3.95238662
72.40799801	-9.64751434	3.95238662
72.41199801	-9.64751434	3.95238662
72.41599801	-9.64751434	3.95238662
72.41999801	-9.64751434	3.95238662
72.42399801	-9.64751434	3.95238662
72.42799801	-9.64751434	3.95238662
72.43199801	-9.64751434	3.95238662
72.43599801	-9.64751434	3.95238662
72.43999801	-9.64751434	0.00000000
72.44399801	-9.64751434	0.00000000
72.44799801	-9.64751434	7.90477324
72.45199801	-9.64751434	0.00000000
72.45599800	-9.64751434	3.95238662
72.45999800	-9.64751434	0.00000000
72.46399800	-9.64751434	3.95238662
72.46799800	-9.64751434	3.95238662
72.47199800	-9.64751434	0.00000000
72.47599800	-9.64751434	3.95238662
72.47999800	-9.64751434	3.95238662
72.48399800	-9.64751434	3.95238662
72.48799800	-9.64751434	3.95238662
72.49199800	-9.64751434	3.95238662
72.49599800	-9.64751434	3.95238662
72.49999800	-9.64751434	0.00000000
72.50399800	-9.64751434	3.95238662
72.50799800	-9.64751434	0.00000000
72.51199800	-9.64751434	3.95238662
72.51599800	-9.64751434	3.95238662
72.51999800	-9.64751434	3.95238662
72.52399800	-9.64751434	0.00000000
72.52799800	-9.64751434	3.95238662
72.53199800	-9.64751434	0.00000000
72.53599800	-9.64751434	3.95238662
72.53999800	-9.64751434	3.95238662
72.54399800	-9.64751434	3.95238662
72.54799800	-9.64751434	3.95238662
72.55199800	-9.64751434	3.95238662
72.55599800	-9.64751434	3.95238662
72.55999800	-9.64751434	3.95238662
72.56399800	-9.64751434	0.00000000
72.56799800	-9.64751434	3.95238662
72.57199800	-9.64751434	0.00000000
72.57599800	-9.64751434	3.95238662
72.57999800	-9.64751434	3.95238662
72.58399800	-9.64751434	3.95238662
72.58799800	-9.64751434	3.95238662
72.59199800	-9.64751434	0.00000000
72.59599800	-9.64751434	3.95238662
72.59999800	-9.64751434	3.95238662
72.60399800	-9.64751434	0.00000000
72.60799800	-9.64751434	7.90477324
72.61199800	-9.64751434	3.95238662
72.61599800	-9.64751434	3.95238662
72.61999800	-9.64751434	3.95238662
72.62399800	-9.64751434	3.95238662
72.62799800	-9.64751434	3.95238662
72.63199800	-9.64751434	3.95238662
72.63599800	-9.64751434	3.95238662
72.63999800	-9.64751434	3.95238662
72.64399800	-9.64751434	3.95238662
72.64799800	-9.64751434	3.95238662
72.65199800	-9.64751434	3.95238662
72.65599800	-9.64751434	3.95238662
72.65999800	-9.64751434	3.95238662
72.66399800	-9.64751434	0.00000000
72.66799800	-9.64751434	0.00000000
72.67199800	-9.64751434	3.95238662
72.67599800	-9.64751434	3.95238662
72.67999800	-9.64751434	3.95238662
72.68399800	-9.64751434	0.00000000
72.68799800	-9.64751434	3.95238662
72.69199800	-9.64751434	3.95238662
72.69599800	-9.64751434	3.95238662
72.69999800	-9.64751434	3.95238662
72.70399800	-9.64751434	3.95238662
72.70799800	-9.64751434	3.95238662
72.71199800	-9.64751434	3.95238662
72.71599800	-9.64751434	0.00000000
72.71999800	-9.64751434	3.95238662
72.72399800	-9.64751434	3.95238662
72.72799800	-9.64751434	3.95238662
72.73199800	-9.64751434	3.95238662
72.73599800	-9.64751434	0.00000000
72.73999800	-9.64751434	0.00000000
72.74399800	-9.64751434	3.95238662
72.74799800	-9.64751434	3.95238662
72.75199800	-9.64751434	0.00000000
72.75599800	-9.64751434	0.00000000
72.75999800	-9.64751434	3.95238662
72.76399800	-9.64751434	3.95238662
72.76799800	-9.64751434	3.95238662
72.77199800	-9.64751434	0.00000000
72.77599800	-9.64751434	3.95238662
72.77999800	-9.64751434	3.95238662
72.78399800	-9.64751434	3.95238662
72.78799800	-9.64751434	3.95238662
72.79199800	-9.64751434	0.00000000
72.79599800	-9.64751434	3.95238662
72.79999800	-9.64751434	3.95238662
72.80399800	-9.64751434	3.95238662
72.80799800	-9.64751434	3.95238662
72.81199799	-9.64751434	0.00000000
72.81599799	-9.64751434	3.95238662
72.81999799	-9.64751434	3.95238662
72.82399799	-9.64751434	0.00000000
72.82799799	-9.64751434	3.95238662
72.83199799	-9.64751434	3.95238662
72.83599799	-9.64751434	3.95238662
72.83999799	-9.64751434	0.00000000
72.84399799	-9.64751434	3.95238662
72.84799799	-9.64751434	3.95238662
72.85199799	-9.64751434	3.95238662
72.85599799	-9.64751434	3.95238662
72.85999799	-9.64751434	3.95238662
72.86399799	-9.64751434	3.95238662
72.86799799	-9.64751434	3.95238662
72.87199799	-9.64751434	3.95238662
72.87599799	-9.64751434	0.00000000
72.87999799	-9.64751434	3.95238662
72.88399799	-9.64751434	3.95238662
72.88799799	-9.64751434	0.00000000
72.89199799	-9.64751434	3.95238662
72.89599799	-9.64751434	3.95238662
72.89999799	-9.64751434	3.95238662
72.90399799	-9.64751434	3.95238662
72.90799799	-9.64751434	3.95238662
72.91199799	-9.64751434	3.95238662
72.91599799	-9.64751434	0.00000000
72.91999799	-9.64751434	0.00000000
72.92399799	-9.64751434	3.95238662
72.92799799	-9.64751434	3.95238662
72.93199799	-9.64751434	0.00000000
72.93599799	-9.64751434	0.00000000
72.93999799	-9.64751434	3.95238662
72.94399799	-9.64751434	3.95238662
72.94799799	-9.64751434	0.00000000
72.95199799	-9.64751434	3.95238662
72.95599799	-9.64751434	0.00000000
72.95999799	-9.64751434	3.95238662
72.96399799	-9.64751434	3.95238662
72.96799799	-9.64751434	0.00000000
72.97199799	-9.64751434	0.00000000
72.97599799	-9.64751434	3.95238662
72.97999799	-9.64751434	0.00000000
72.98399799	-9.64751434	3.95238662
72.98799799	-9.64751434	3.95238662
72.99199799	-9.64751434	3.95238662
72.99599799	-9.64751434	3.95238662
72.99999799	-9.64751434	3.95238662
73.00399799	-9.64751434	3.95238662
73.00799799	-9.64751434	3.95238662
73.01199799	-9.64751434	3.95238662
73.01599799	-9.64751434	0.00000000
73.01999799	-9.64751434	0.00000000
73.02399799	-9.64751434	3.95238662
73.02799799	-9.64751434	0.00000000
73.03199799	-9.64751434	0.00000000
73.03599799	-9.64751434	3.95238662
73.03999799	-9.64751434	3.95238662
73.04399799	-9.64751434	3.95238662
73.04799799	-9.64751434	7.90477324
73.05199799	-9.64751434	3.95238662
73.05599799	-9.64751434	3.95238662
73.05999799	-9.64751434	0.00000000
73.06399799	-9.64751434	3.95238662
73.06799799	-9.64751434	3.95238662
73.07199799	-9.64751434	0.00000000
73.07599799	-9.64751434	3.95238662
73.07999799	-9.64751434	0.00000000
73.08399799	-9.64751434	0.00000000
73.08799799	-9.64751434	3.95238662
73.09199799	-9.64751434	3.95238662
73.09599799	-9.64751434	0.00000000
73.09999799	-9.64751434	0.00000000
73.10399799	-9.64751434	3.95238662
73.10799799	-9.64751434	3.95238662
73.11199799	-9.64751434	3.95238662
73.11599799	-9.64751434	3.95238662
73.11999799	-9.64751434	0.00000000
73.12399799	-9.64751434	3.95238662
73.12799799	-9.64751434	3.95238662
73.13199799	-9.64751434	3.95238662
73.13599799	-9.64751434	3.95238662
73.13999799	-9.64751434	3.95238662
73.14399799	-9.64751434	0.00000000
73.14799799	-9.64751434	3.95238662
73.15199799	-9.64751434	3.95238662
73.15599799	-9.64751434	0.00000000
73.15999799	-9.64751434	3.95238662
73.16399798	-9.64751434	3.95238662
73.16799798	-9.64751434	3.95238662
73.17199798	-9.64751434	0.00000000
73.17599798	-9.64751434	3.95238662
73.17999798	-9.64751434	0.00000000
73.18399798	-9.64751434	3.95238662
73.18799798	-9.64751434	3.95238662
73.19199798	-9.64751434	3.95238662
73.19599798	-9.64751434	3.95238662
73.19999798	-9.64751434	7.90477324
73.20399798	-9.64751434	3.95238662
73.20799798	-9.64751434	-3.95238662
73.21199798	-9.64751434	3.95238662
73.21599798	-9.64751434	3.95238662
73.21999798	-9.64751434	3.95238662
73.22399798	-9.64751434	3.95238662
73.22799798	-9.64751434	3.95238662
73.23199798	-9.64751434	3.95238662
73.23599798	-9.64751434	3.95238662
73.23999798	-9.64751434	3.95238662
73.24399798	-9.64751434	0.00000000
73.24799798	-9.64751434	0.00000000
73.25199798	-9.64751434	3.95238662
73.25599798	-9.64751434	0.00000000
73.25999798	-9.64751434	0.00000000
73.26399798	-9.64751434	0.00000000
73.26799798	-9.64751434	3.95238662
73.27199798	-9.64751434	0.00000000
73.27599798	-9.64751434	0.00000000
73.27999798	-9.64751434	3.95238662
73.28399798	-9.64751434	0.00000000
73.28799798	-9.64751434	3.95238662
73.29199798	-9.64751434	3.95238662
73.29599798	-9.64751434	3.95238662
73.29999798	-9.64751434	3.95238662
73.30399798	-9.64751434	3.95238662
73.30799798	-9.64751434	3.95238662
73.31199798	-9.64751434	3.95238662
73.31599798	-9.64751434	3.95238662
73.31999798	-9.64751434	3.95238662
73.32399798	-9.64751434	0.00000000
73.32799798	-9.64751434	3.95238662
73.33199798	-9.64751434	3.95238662
73.33599798	-9.64751434	3.95238662
73.33999798	-9.64751434	0.00000000
73.34399798	-9.64751434	3.95238662
73.34799798	-9.64751434	3.95238662
73.35199798	-9.64751434	3.95238662
73.35599798	-9.64751434	0.00000000
73.35999798	-9.64751434	3.95238662
73.36399798	-9.64751434	0.00000000
73.36799798	-9.64751434	3.95238662
73.37199798	-9.64751434	0.00000000
73.37599798	-9.64751434	0.00000000
73.37999798	-9.64751434	3.95238662
73.38399798	-9.64751434	3.95238662
73.38799798	-9.64751434	0.00000000
73.39199798	-9.64751434	0.00000000
73.39599798	-9.64751434	3.95238662
73.39999798	-9.64751434	3.95238662
73.40399798	-9.64751434	0.00000000
73.40799798	-9.64751434	3.95238662
73.41199798	-9.64751434	0.00000000
73.41599798	-9.64751434	3.95238662
73.41999798	-9.64751434	3.95238662
73.42399798	-9.64751434	3.95238662
73.42799798	-9.64751434	3.95238662
73.43199798	-9.64751434	0.00000000
73.43599798	-9.64751434	3.95238662
73.43999798	-9.64751434	3.95238662
73.44399798	-9.64751434	0.00000000
73.44799798	-9.64751434	3.95238662
73.45199798	-9.64751434	3.95238662
73.45599798	-9.64751434	0.00000000
73.45999798	-9.64751434	0.00000000
73.46399798	-9.64751434	0.00000000
73.46799798	-9.64751434	3.95238662
73.47199798	-9.64751434	3.95238662
73.47599798	-9.64751434	3.95238662
73.47999798	-9.64751434	0.00000000
73.48399798	-9.64751434	3.95238662
73.48799798	-9.64751434	3.95238662
73.49199798	-9.64751434	3.95238662
73.49599798	-9.64751434	0.00000000
73.49999798	-9.64751434	3.95238662
73.50399798	-9.64751434	3.95238662
73.50799798	-9.64751434	0.00000000
73.51199798	-9.64751434	3.95238662
73.51599798	-9.64751434	0.00000000
73.51999797	-9.64751434	3.95238662
73.52399797	-9.64751434	3.95238662
73.52799797	-9.64751434	3.95238662
73.53199797	-9.64751434	3.95238662
73.53599797	-9.64751434	3.95238662
73.53999797	-9.64751434	3.95238662
73.54399797	-9.64751434	3.95238662
73.54799797	-9.64751434	0.00000000
73.55199797	-9.64751434	3.95238662
73.55599797	-9.64751434	3.95238662
73.55999797	-9.64751434	3.95238662
73.56399797	-9.64751434	0.00000000
73.56799797	-9.64751434	3.95238662
73.57199797	-9.64751434	3.95238662
73.57599797	-9.64751434	3.95238662
73.57999797	-9.64751434	0.00000000
73.58399797	-9.64751434	3.95238662
73.58799797	-9.64751434	3.95238662
73.59199797	-9.64751434	0.00000000
73.59599797	-9.64751434	7.90477324
73.59999797	-9.64751434	3.95238662
73.60399797	-9.64751434	3.95238662
73.60799797	-9.64751434	3.95238662
73.61199797	-9.64751434	3.95238662
73.61599797	-9.64751434	0.00000000
73.61999797	-9.64751434	3.95238662
73.62399797	-9.64751434	0.00000000
73.62799797	-9.64751434	0.00000000
73.63199797	-9.64751434	0.00000000
73.63599797	-9.64751434	0.00000000
73.63999797	-9.64751434	3.95238662
73.64399797	-9.64751434	3.95238662
73.64799797	-9.64751434	3.95238662
73.65199797	-9.64751434	3.95238662
73.65599797	-9.64751434	3.95238662
73.65999797	-9.64751434	3.95238662
73.66399797	-9.64751434	3.95238662
73.66799797	-9.64751434	3.95238662
73.67199797	-9.64751434	3.95238662
73.67599797	-9.64751434	0.00000000
73.67999797	-9.64751434	3.95238662
73.68399797	-9.64751434	3.95238662
73.68799797	-9.64751434	0.00000000
73.69199797	-9.64751434	3.95238662
73.69599797	-9.64751434	0.00000000
73.69999797	-9.64751434	0.00000000
73.70399797	-9.64751434	3.95238662
73.70799797	-9.64751434	3.95238662
73.71199797	-9.64751434	3.95238662
73.71599797	-9.64751434	3.95238662
73.71999797	-9.64751434	3.95238662
73.72399797	-9.64751434	3.95238662
73.72799797	-9.64751434	3.95238662
73.73199797	-9.64751434	3.95238662
73.73599797	-9.64751434	3.95238662
73.73999797	-9.64751434	3.95238662
73.74399797	-9.64751434	3.95238662
73.74799797	-9.64751434	0.00000000
73.75199797	-9.64751434	3.95238662
73.75599797	-9.64751434	3.95238662
73.75999797	-9.64751434	3.95238662
73.76399797	-9.64751434	3.95238662
73.76799797	-9.64751434	0.00000000
73.77199797	-9.64751434	3.95238662
73.77599797	-9.64751434	3.95238662
73.77999797	-9.64751434	3.95238662
73.78399797	-9.64751434	0.00000000
73.78799797	-9.64751434	3.95238662
73.79199797	-9.64751434	3.95238662
73.79599797	-9.64751434	0.00000000
73.79999797	-9.64751434	3.95238662
73.80399797	-9.64751434	3.95238662
73.80799797	-9.64751434	3.95238662
73.81199797	-9.64751434	3.95238662
73.81599797	-9.64751434	0.00000000
73.81999797	-9.64751434	3.95238662
73.82399797	-9.64751434	3.95238662
73.82799797	-9.64751434	3.95238662
73.83199797	-9.64751434	0.00000000
73.83599797	-9.64751434	3.95238662
73.83999797	-9.64751434	7.90477324
73.84399797	-9.64751434	0.00000000
73.84799797	-9.64751434	3.95238662
73.85199797	-9.64751434	3.95238662
73.85599797	-9.64751434	3.95238662
73.85999797	-9.64751434	3.95238662
73.86399797	-9.64751434	3.95238662
73.86799797	-9.64751434	0.00000000
73.87199796	-9.64751434	3.95238662
73.87599796	-9.64751434	3.95238662
73.87999796	-9.64751434	3.95238662
73.88399796	-9.64751434	0.00000000
73.88799796	-9.64751434	0.00000000
73.89199796	-9.64751434	0.00000000
73.89599796	-9.64751434	0.00000000
73.89999796	-9.64751434	3.95238662
73.90399796	-9.64751434	3.95238662
73.90799796	-9.64751434	3.95238662
73.91199796	-9.64751434	0.00000000
73.91599796	-9.64751434	0.00000000
73.91999796	-9.64751434	3.95238662
73.92399796	-9.64751434	3.95238662
73.92799796	-9.64751434	0.00000000
73.93199796	-9.64751434	0.00000000
73.93599796	-9.64751434	0.00000000
73.93999796	-9.64751434	3.95238662
73.94399796	-9.64751434	3.95238662
73.94799796	-9.64751434	3.95238662
73.95199796	-9.64751434	3.95238662
73.95599796	-9.64751434	3.95238662
73.95999796	-9.64751434	3.95238662
73.96399796	-9.64751434	3.95238662
73.96799796	-9.64751434	3.95238662
73.97199796	-9.64751434	3.95238662
73.97599796	-9.64751434	3.95238662
73.97999796	-9.64751434	3.95238662
73.98399796	-9.64751434	3.95238662
73.98799796	-9.64751434	3.95238662
73.99199796	-9.64751434	3.95238662
73.99599796	-9.64751434	0.00000000
73.99999796	-9.64751434	3.95238662
74.00399796	-9.64751434	0.00000000
74.00799796	-9.64751434	3.95238662
74.01199796	-9.64751434	3.95238662
74.01599796	-9.64751434	3.95238662
74.01999796	-9.64751434	3.95238662
74.02399796	-9.64751434	3.95238662
74.02799796	-9.64751434	3.95238662
74.03199796	-9.64751434	3.95238662
74.03599796	-9.64751434	3.95238662
74.03999796	-9.64751434	3.95238662
74.04399796	-9.64751434	3.95238662
74.04799796	-9.64751434	0.00000000
74.05199796	-9.64751434	3.95238662
74.05599796	-9.64751434	3.95238662
74.05999796	-9.64751434	3.95238662
74.06399796	-9.64751434	0.00000000
74.06799796	-9.64751434	3.95238662
74.07199796	-9.64751434	3.95238662
74.07599796	-9.64751434	3.95238662
74.07999796	-9.64751434	3.95238662
74.08399796	-9.64751434	3.95238662
74.08799796	-9.64751434	3.95238662
74.09199796	-9.64751434	0.00000000
74.09599796	-9.64751434	3.95238662
74.09999796	-9.64751434	3.95238662
74.10399796	-9.64751434	3.95238662
74.10799796	-9.64751434	3.95238662
74.11199796	-9.64751434	3.95238662
74.11599796	-9.64751434	3.95238662
74.11999796	-9.64751434	3.95238662
74.12399796	-9.64751434	3.95238662
74.12799796	-9.64751434	3.95238662
74.13199796	-9.64751434	3.95238662
74.13599796	-9.64751434	3.95238662
74.13999796	-9.64751434	3.95238662
74.14399796	-9.64751434	3.95238662
74.14799796	-9.64751434	0.00000000
74.15199796	-9.64751434	3.95238662
74.15599796	-9.64751434	3.95238662
74.15999796	-9.64751434	3.95238662
74.16399796	-9.64751434	3.95238662
74.16799796	-9.64751434	3.95238662
74.17199796	-9.64751434	0.00000000
74.17599796	-9.64751434	0.00000000
74.17999796	-9.64751434	3.95238662
74.18399796	-9.64751434	3.95238662
74.18799796	-9.64751434	3.95238662
74.19199796	-9.64751434	3.95238662
74.19599796	-9.64751434	3.95238662
74.19999796	-9.64751434	3.95238662
74.20399796	-9.64751434	0.00000000
74.20799796	-9.64751434	3.95238662
74.21199796	-9.64751434	0.00000000
74.21599796	-9.64751434	3.95238662
74.21999796	-9.64751434	0.00000000
74.22399795	-9.64751434	0.00000000
74.22799795	-9.64751434	3.95238662
74.23199795	-9.64751434	3.95238662
74.23599795	-9.64751434	0.00000000
74.23999795	-9.64751434	3.95238662
74.24399795	-9.64751434	3.95238662
74.24799795	-9.64751434	0.00000000
74.25199795	-9.64751434	3.95238662
74.25599795	-9.64751434	3.95238662
74.25999795	-9.64751434	3.95238662
74.26399795	-9.64751434	3.95238662
74.26799795	-9.64751434	0.00000000
74.27199795	-9.64751434	3.95238662
74.27599795	-9.64751434	3.95238662
74.27999795	-9.64751434	0.00000000
74.28399795	-9.64751434	0.00000000
74.28799795	-9.64751434	0.00000000
74.29199795	-9.64751434	3.95238662
74.29599795	-9.64751434	0.00000000
74.29999795	-9.64751434	0.00000000
74.30399795	-9.64751434	3.95238662
74.30799795	-9.64751434	3.95238662
74.31199795	-9.64751434	3.95238662
74.31599795	-9.64751434	3.95238662
74.31999795	-9.64751434	3.95238662
74.32399795	-9.64751434	3.95238662
74.32799795	-9.64751434	3.95238662
74.33199795	-9.64751434	3.95238662
74.33599795	-9.64751434	3.95238662
74.33999795	-9.64751434	3.95238662
74.34399795	-9.64751434	3.95238662
74.34799795	-9.64751434	0.00000000
74.35199795	-9.64751434	3.95238662
74.35599795	-9.64751434	0.00000000
74.35999795	-9.64751434	0.00000000
74.36399795	-9.64751434	0.00000000
74.36799795	-9.64751434	0.00000000
74.37199795	-9.64751434	3.95238662
74.37599795	-9.64751434	3.95238662
74.37999795	-9.64751434	3.95238662
74.38399795	-9.64751434	3.95238662
74.38799795	-9.64751434	3.95238662
74.39199795	-9.64751434	3.95238662
74.39599795	-9.64751434	0.00000000
74.39999795	-9.64751434	3.95238662
74.40399795	-9.64751434	0.00000000
74.40799795	-9.64751434	3.95238662
74.41199795	-9.64751434	0.00000000
74.41599795	-9.64751434	0.00000000
74.41999795	-9.64751434	3.95238662
74.42399795	-9.64751434	0.00000000
74.42799795	-9.64751434	3.95238662
74.43199795	-9.64751434	3.95238662
74.43599795	-9.64751434	0.00000000
74.43999795	-9.64751434	0.00000000
74.44399795	-9.64751434	3.95238662
74.44799795	-9.64751434	3.95238662
74.45199795	-9.64751434	3.95238662
74.45599795	-9.64751434	3.95238662
74.45999795	-9.64751434	0.00000000
74.46399795	-9.64751434	3.95238662
74.46799795	-9.64751434	3.95238662
74.47199795	-9.64751434	3.95238662
74.47599795	-9.64751434	3.95238662
74.47999795	-9.64751434	0.00000000
74.48399795	-9.64751434	0.00000000
74.48799795	-9.64751434	3.95238662
74.49199795	-9.64751434	3.95238662
74.49599795	-9.64751434	3.95238662
74.49999795	-9.64751434	3.95238662
74.50399795	-9.64751434	3.95238662
74.50799795	-9.64751434	3.95238662
74.51199795	-9.64751434	3.95238662
74.51599795	-9.64751434	0.00000000
74.51999795	-9.64751434	3.95238662
74.52399795	-9.64751434	3.95238662
74.52799795	-9.64751434	3.95238662
74.53199795	-9.64751434	3.95238662
74.53599795	-9.64751434	3.95238662
74.53999795	-9.64751434	3.95238662
74.54399795	-9.64751434	3.95238662
74.54799795	-9.64751434	3.95238662
74.55199795	-9.64751434	3.95238662
74.55599795	-9.64751434	3.95238662
74.55999795	-9.64751434	0.00000000
74.56399795	-9.64751434	3.95238662
74.56799795	-9.64751434	0.00000000
74.57199795	-9.64751434	3.95238662
74.57599795	-9.64751434	3.95238662
74.57999794	-9.64751434	0.00000000
74.58399794	-9.64751434	0.00000000
74.58799794	-9.64751434	0.00000000
74.59199794	-9.64751434	0.00000000
74.59599794	-9.64751434	3.95238662
74.59999794	-9.64751434	3.95238662
74.60399794	-9.64751434	0.00000000
74.60799794	-9.64751434	3.95238662
74.61199794	-9.64751434	3.95238662
74.61599794	-9.64751434	0.00000000
74.61999794	-9.64751434	3.95238662
74.62399794	-9.64751434	3.95238662
74.62799794	-9.64751434	3.95238662
74.63199794	-9.64751434	3.95238662
74.63599794	-9.64751434	3.95238662
74.63999794	-9.64751434	3.95238662
74.64399794	-9.64751434	3.95238662
74.64799794	-9.64751434	3.95238662
74.65199794	-9.64751434	3.95238662
74.65599794	-9.64751434	3.95238662
74.65999794	-9.64751434	3.95238662
74.66399794	-9.64751434	0.00000000
74.66799794	-9.64751434	0.00000000
74.67199794	-9.64751434	3.95238662
74.67599794	-9.64751434	3.95238662
74.67999794	-9.64751434	3.95238662
74.68399794	-9.64751434	0.00000000
74.68799794	-9.64751434	3.95238662
74.69199794	-9.64751434	3.95238662
74.69599794	-9.64751434	0.00000000
74.69999794	-9.64751434	0.00000000
74.70399794	-9.64751434	3.95238662
74.70799794	-9.64751434	0.00000000
74.71199794	-9.64751434	0.00000000
74.71599794	-9.64751434	3.95238662
74.71999794	-9.64751434	0.00000000
74.72399794	-9.64751434	3.95238662
74.72799794	-9.64751434	3.95238662
74.73199794	-9.64751434	0.00000000
74.73599794	-9.64751434	3.95238662
74.73999794	-9.64751434	0.00000000
74.74399794	-9.64751434	0.00000000
74.74799794	-9.64751434	0.00000000
74.75199794	-9.64751434	3.95238662
74.75599794	-9.64751434	0.00000000
74.75999794	-9.64751434	3.95238662
74.76399794	-9.64751434	0.00000000
74.76799794	-9.64751434	3.95238662
74.77199794	-9.64751434	3.95238662
74.77599794	-9.64751434	3.95238662
74.77999794	-9.64751434	3.95238662
74.78399794	-9.64751434	7.90477324
74.78799794	-9.64751434	3.95238662
74.79199794	-9.64751434	3.95238662
74.79599794	-9.64751434	3.95238662
74.79999794	-9.64751434	3.95238662
74.80399794	-9.64751434	3.95238662
74.80799794	-9.64751434	0.00000000
74.81199794	-9.64751434	0.00000000
74.81599794	-9.64751434	0.00000000
74.81999794	-9.64751434	3.95238662
74.82399794	-9.64751434	3.95238662
74.82799794	-9.64751434	3.95238662
74.83199794	-9.64751434	0.00000000
74.83599794	-9.64751434	0.00000000
74.83999794	-9.64751434	0.00000000
74.84399794	-9.64751434	3.95238662
74.84799794	-9.64751434	7.90477324
74.85199794	-9.64751434	0.00000000
74.85599794	-9.64751434	0.00000000
74.85999794	-9.64751434	0.00000000
74.86399794	-9.64751434	3.95238662
74.86799794	-9.64751434	3.95238662
74.87199794	-9.64751434	3.95238662
74.87599794	-9.64751434	3.95238662
74.87999794	-9.64751434	3.95238662
74.88399794	-9.64751434	3.95238662
74.88799794	-9.64751434	0.00000000
74.89199794	-9.64751434	3.95238662
74.89599794	-9.64751434	3.95238662
74.89999794	-9.64751434	3.95238662
74.90399794	-9.64751434	3.95238662
74.90799794	-9.64751434	0.00000000
74.91199794	-9.64751434	3.95238662
74.91599794	-9.64751434	3.95238662
74.91999794	-9.64751434	3.95238662
74.92399794	-9.64751434	3.95238662
74.92799794	-9.64751434	3.95238662
74.93199793	-9.64751434	0.00000000
74.93599793	-9.64751434	3.95238662
74.93999793	-9.64751434	0.00000000
74.94399793	-9.64751434	3.95238662
74.94799793	-9.64751434	0.00000000
74.95199793	-9.64751434	0.00000000
74.95599793	-9.64751434	0.00000000
74.95999793	-9.64751434	3.95238662
74.96399793	-9.64751434	0.00000000
74.96799793	-9.64751434	3.95238662
74.97199793	-9.64751434	3.95238662
74.97599793	-9.64751434	0.00000000
74.97999793	-9.64751434	3.95238662
74.98399793	-9.64751434	3.95238662
74.98799793	-9.64751434	3.95238662
74.99199793	-9.64751434	0.00000000
74.99599793	-9.64751434	3.95238662
74.99999793	-9.64751434	7.90477324
75.00399793	-9.64751434	3.95238662
75.00799793	-9.64751434	3.95238662
75.01199793	-9.64751434	3.95238662
75.01599793	-9.64751434	0.00000000
75.01999793	-9.64751434	3.95238662
75.02399793	-9.64751434	0.00000000
75.02799793	-9.64751434	3.95238662
75.03199793	-9.64751434	3.95238662
75.03599793	-9.64751434	3.95238662
75.03999793	-9.64751434	3.95238662
75.04399793	-9.64751434	0.00000000
75.04799793	-9.64751434	0.00000000
75.05199793	-9.64751434	0.00000000
75.05599793	-9.64751434	3.95238662
75.05999793	-9.64751434	3.95238662
75.06399793	-9.64751434	3.95238662
75.06799793	-9.64751434	3.95238662
75.07199793	-9.64751434	3.95238662
75.07599793	-9.64751434	3.95238662
75.07999793	-9.64751434	3.95238662
75.08399793	-9.64751434	3.95238662
75.08799793	-9.64751434	3.95238662
75.09199793	-9.64751434	3.95238662
75.09599793	-9.64751434	3.95238662
75.09999793	-9.48695850	3.95238662
75.10399793	-9.64751434	3.95238662
75.10799793	-9.64751434	3.95238662
75.11199793	-9.64751434	0.00000000
75.11599793	-9.64751434	3.95238662
75.11999793	-9.64751434	3.95238662
75.12399793	-9.64751434	0.00000000
75.12799793	-9.64751434	3.95238662
75.13199793	-9.64751434	0.00000000
75.13599793	-9.64751434	0.00000000
75.13999793	-9.64751434	3.95238662
75.14399793	-9.64751434	3.95238662
75.14799793	-9.64751434	0.00000000
75.15199793	-9.64751434	3.95238662
75.15599793	-9.64751434	3.95238662
75.15999793	-9.64751434	0.00000000
75.16399793	-9.64751434	0.00000000
75.16799793	-9.64751434	3.95238662
75.17199793	-9.64751434	3.95238662
75.17599793	-9.64751434	3.95238662
75.17999793	-9.64751434	0.00000000
75.18399793	-9.64751434	3.95238662
75.18799793	-9.64751434	3.95238662
75.19199793	-9.64751434	3.95238662
75.19599793	-9.64751434	3.95238662
75.19999793	-9.64751434	3.95238662
75.20399793	-9.64751434	3.95238662
75.20799793	-9.64751434	3.95238662
75.21199793	-9.64751434	3.95238662
75.21599793	-9.64751434	3.95238662
75.21999793	-9.64751434	0.00000000
75.22399793	-9.64751434	3.95238662
75.22799793	-9.64751434	3.95238662
75.23199793	-9.64751434	3.95238662
75.23599793	-9.64751434	0.00000000
75.23999793	-9.64751434	3.95238662
75.24399793	-9.64751434	0.00000000
75.24799793	-9.64751434	3.95238662
75.25199793	-9.64751434	3.95238662
75.25599793	-9.64751434	3.95238662
75.25999793	-9.64751434	0.00000000
75.26399793	-9.64751434	3.95238662
75.26799793	-9.64751434	3.95238662
75.27199793	-9.64751434	3.95238662
75.27599793	-9.64751434	3.95238662
75.27999793	-9.64751434	3.95238662
75.28399793	-9.64751434	0.00000000
75.28799792	-9.64751434	3.95238662
75.29199792	-9.64751434	0.00000000
75.29599792	-9.64751434	0.00000000
75.29999792	-9.64751434	3.95238662
75.30399792	-9.64751434	3.95238662
75.30799792	-9.64751434	3.95238662
75.31199792	-9.64751434	3.95238662
75.31599792	-9.64751434	0.00000000
75.31999792	-9.64751434	0.00000000
75.32399792	-9.64751434	3.95238662
75.32799792	-9.64751434	3.95238662
75.33199792	-9.64751434	3.95238662
75.33599792	-9.64751434	3.95238662
75.33999792	-9.64751434	3.95238662
75.34399792	-9.64751434	3.95238662
75.34799792	-9.64751434	3.95238662
75.35199792	-9.64751434	0.00000000
75.35599792	-9.64751434	0.00000000
75.35999792	-9.64751434	3.95238662
75.36399792	-9.64751434	3.95238662
75.36799792	-9.64751434	3.95238662
75.37199792	-9.64751434	3.95238662
75.37599792	-9.64751434	3.95238662
75.37999792	-9.64751434	3.95238662
75.38399792	-9.64751434	3.95238662
75.38799792	-9.64751434	3.95238662
75.39199792	-9.64751434	3.95238662
75.39599792	-9.64751434	3.95238662
75.39999792	-9.64751434	3.95238662
75.40399792	-9.64751434	0.00000000
75.40799792	-9.64751434	3.95238662
75.41199792	-9.64751434	3.95238662
75.41599792	-9.64751434	3.95238662
75.41999792	-9.64751434	3.95238662
75.42399792	-9.64751434	3.95238662
75.42799792	-9.64751434	3.95238662
75.43199792	-9.64751434	3.95238662
75.43599792	-9.64751434	0.00000000
75.43999792	-9.64751434	3.95238662
75.44399792	-9.64751434	0.00000000
75.44799792	-9.64751434	3.95238662
75.45199792	-9.64751434	3.95238662
75.45599792	-9.64751434	3.95238662
75.45999792	-9.64751434	3.95238662
75.46399792	-9.64751434	3.95238662
75.46799792	-9.64751434	0.00000000
75.47199792	-9.64751434	0.00000000
75.47599792	-9.64751434	3.95238662
75.47999792	-9.64751434	3.95238662
75.48399792	-9.64751434	0.00000000
75.48799792	-9.64751434	3.95238662
75.49199792	-9.64751434	3.95238662
75.49599792	-9.64751434	3.95238662
75.49999792	-9.64751434	0.00000000
75.50399792	-9.64751434	3.95238662
75.50799792	-9.64751434	0.00000000
75.51199792	-9.64751434	3.95238662
75.51599792	-9.64751434	3.95238662
75.51999792	-9.64751434	3.95238662
75.52399792	-9.64751434	0.00000000
75.52799792	-9.64751434	3.95238662
75.53199792	-9.64751434	3.95238662
75.53599792	-9.64751434	3.95238662
75.53999792	-9.64751434	3.95238662
75.54399792	-9.64751434	3.95238662
75.54799792	-9.64751434	0.00000000
75.55199792	-9.64751434	3.95238662
75.55599792	-9.64751434	0.00000000
75.55999792	-9.64751434	3.95238662
75.56399792	-9.64751434	3.95238662
75.56799792	-9.64751434	0.00000000
75.57199792	-9.64751434	3.95238662
75.57599792	-9.64751434	3.95238662
75.57999792	-9.64751434	0.00000000
75.58399792	-9.64751434	0.00000000
75.58799792	-9.64751434	0.00000000
75.59199792	-9.64751434	3.95238662
75.59599792	-9.64751434	0.00000000
75.59999792	-9.64751434	3.95238662
75.60399792	-9.64751434	3.95238662
75.60799792	-9.64751434	3.95238662
75.61199792	-9.64751434	0.00000000
75.61599792	-9.64751434	0.00000000
75.61999792	-9.64751434	3.95238662
75.62399792	-9.64751434	3.95238662
75.62799792	-9.64751434	3.95238662
75.63199792	-9.64751434	3.95238662
75.63599792	-9.64751434	3.95238662
75.63999791	-9.64751434	3.95238662
75.64399791	-9.64751434	3.95238662
75.64799791	-9.64751434	3.95238662
75.65199791	-9.64751434	3.95238662
75.65599791	-9.64751434	0.00000000
75.65999791	-9.64751434	0.00000000
75.66399791	-9.64751434	3.95238662
75.66799791	-9.64751434	3.95238662
75.67199791	-9.64751434	3.95238662
75.67599791	-9.64751434	3.95238662
75.67999791	-9.64751434	0.00000000
75.68399791	-9.64751434	0.00000000
75.68799791	-9.64751434	3.95238662
75.69199791	-9.64751434	0.00000000
75.69599791	-9.64751434	3.95238662
75.69999791	-9.64751434	3.95238662
75.70399791	-9.64751434	3.95238662
75.70799791	-9.64751434	3.95238662
75.71199791	-9.64751434	3.95238662
75.71599791	-9.64751434	3.95238662
75.71999791	-9.64751434	0.00000000
75.72399791	-9.64751434	3.95238662
75.72799791	-9.64751434	3.95238662
75.73199791	-9.64751434	0.00000000
75.73599791	-9.64751434	3.95238662
75.73999791	-9.64751434	0.00000000
75.74399791	-9.64751434	3.95238662
75.74799791	-9.64751434	0.00000000
75.75199791	-9.64751434	3.95238662
75.75599791	-9.64751434	3.95238662
75.75999791	-9.64751434	3.95238662
75.76399791	-9.64751434	0.00000000
75.76799791	-9.64751434	3.95238662
75.77199791	-9.64751434	3.95238662
75.77599791	-9.64751434	0.00000000
75.77999791	-9.64751434	3.95238662
75.78399791	-9.64751434	3.95238662
75.78799791	-9.64751434	3.95238662
75.79199791	-9.64751434	3.95238662
75.79599791	-9.64751434	3.95238662
75.79999791	-9.64751434	3.95238662
75.80399791	-9.64751434	0.00000000
75.80799791	-9.64751434	3.95238662
75.81199791	-9.64751434	3.95238662
75.81599791	-9.64751434	0.00000000
75.81999791	-9.64751434	3.95238662
75.82399791	-9.64751434	3.95238662
75.82799791	-9.64751434	0.00000000
75.83199791	-9.64751434	3.95238662
75.83599791	-9.64751434	3.95238662
75.83999791	-9.64751434	0.00000000
75.84399791	-9.64751434	3.95238662
75.84799791	-9.64751434	3.95238662
75.85199791	-9.64751434	0.00000000
75.85599791	-9.64751434	3.95238662
75.85999791	-9.64751434	3.95238662
75.86399791	-9.64751434	0.00000000
75.86799791	-9.64751434	0.00000000
75.87199791	-9.64751434	3.95238662
75.87599791	-9.64751434	3.95238662
75.87999791	-9.64751434	0.00000000
75.88399791	-9.64751434	0.00000000
75.88799791	-9.64751434	3.95238662
75.89199791	-9.64751434	0.00000000
75.89599791	-9.64751434	3.95238662
75.89999791	-9.64751434	3.95238662
75.90399791	-9.64751434	3.95238662
75.90799791	-9.64751434	3.95238662
75.91199791	-9.64751434	3.95238662
75.91599791	-9.64751434	3.95238662
75.91999791	-9.64751434	3.95238662
75.92399791	-9.64751434	0.00000000
75.92799791	-9.64751434	3.95238662
75.93199791	-9.64751434	7.90477324
75.93599791	-9.64751434	3.95238662
75.93999791	-9.64751434	3.95238662
75.94399791	-9.64751434	0.00000000
75.94799791	-9.64751434	3.95238662
75.95199791	-9.64751434	3.95238662
75.95599791	-9.64751434	0.00000000
75.95999791	-9.64751434	3.95238662
75.96399791	-9.64751434	0.00000000
75.96799791	-9.64751434	3.95238662
75.97199791	-9.64751434	3.95238662
75.97599791	-9.64751434	0.00000000
75.97999791	-9.64751434	3.95238662
75.98399791	-9.64751434	3.95238662
75.98799791	-9.64751434	3.95238662
75.99199790	-9.64751434	3.95238662
75.99599790	-9.64751434	3.95238662
75.99999790	-9.64751434	3.95238662
76.00399790	-9.64751434	0.00000000
76.00799790	-9.64751434	0.00000000
76.01199790	-9.64751434	3.95238662
76.01599790	-9.64751434	0.00000000
76.01999790	-9.64751434	3.95238662
76.02399790	-9.64751434	0.00000000
76.02799790	-9.64751434	3.95238662
76.03199790	-9.64751434	3.95238662
76.03599790	-9.64751434	3.95238662
76.03999790	-9.64751434	3.95238662
76.04399790	-9.64751434	0.00000000
76.04799790	-9.64751434	3.95238662
76.05199790	-9.64751434	3.95238662
76.05599790	-9.64751434	3.95238662
76.05999790	-9.64751434	3.95238662
76.06399790	-9.64751434	3.95238662
76.06799790	-9.64751434	0.00000000
76.07199790	-9.64751434	3.95238662
76.07599790	-9.64751434	0.00000000
76.07999790	-9.64751434	3.95238662
76.08399790	-9.64751434	3.95238662
76.08799790	-9.64751434	3.95238662
76.09199790	-9.64751434	3.95238662
76.09599790	-9.64751434	3.95238662
76.09999790	-9.64751434	3.95238662
76.10399790	-9.64751434	3.95238662
76.10799790	-9.64751434	3.95238662
76.11199790	-9.64751434	3.95238662
76.11599790	-9.64751434	0.00000000
76.11999790	-9.64751434	3.95238662
76.12399790	-9.64751434	3.95238662
76.12799790	-9.64751434	3.95238662
76.13199790	-9.64751434	0.00000000
76.13599790	-9.64751434	7.90477324
76.13999790	-9.64751434	0.00000000
76.14399790	-9.64751434	3.95238662
76.14799790	-9.64751434	3.95238662
76.15199790	-9.64751434	0.00000000
76.15599790	-9.64751434	3.95238662
76.15999790	-9.64751434	3.95238662
76.16399790	-9.64751434	3.95238662
76.16799790	-9.64751434	3.95238662
76.17199790	-9.64751434	3.95238662
76.17599790	-9.64751434	3.95238662
76.17999790	-9.64751434	3.95238662
76.18399790	-9.64751434	3.95238662
76.18799790	-9.64751434	3.95238662
76.19199790	-9.64751434	3.95238662
76.19599790	-9.64751434	3.95238662
76.19999790	-9.64751434	3.95238662
76.20399790	-9.64751434	3.95238662
76.20799790	-9.64751434	0.00000000
76.21199790	-9.64751434	3.95238662
76.21599790	-9.64751434	3.95238662
76.21999790	-9.64751434	3.95238662
76.22399790	-9.64751434	0.00000000
76.22799790	-9.64751434	3.95238662
76.23199790	-9.64751434	3.95238662
76.23599790	-9.64751434	3.95238662
76.23999790	-9.64751434	3.95238662
76.24399790	-9.64751434	3.95238662
76.24799790	-9.64751434	3.95238662
76.25199790	-9.64751434	0.00000000
76.25599790	-9.64751434	0.00000000
76.25999790	-9.64751434	3.95238662
76.26399790	-9.64751434	0.00000000
76.26799790	-9.64751434	0.00000000
76.27199790	-9.64751434	3.95238662
76.27599790	-9.64751434	3.95238662
76.27999790	-9.64751434	3.95238662
76.28399790	-9.64751434	0.00000000
76.28799790	-9.64751434	3.95238662
76.29199790	-9.64751434	3.95238662
76.29599790	-9.64751434	3.95238662
76.29999790	-9.64751434	3.95238662
76.30399790	-9.64751434	3.95238662
76.30799790	-9.64751434	0.00000000
76.31199790	-9.64751434	3.95238662
76.31599790	-9.64751434	0.00000000
76.31999790	-9.64751434	3.95238662
76.32399790	-9.64751434	3.95238662
76.32799790	-9.64751434	0.00000000
76.33199790	-9.64751434	3.95238662
76.33599790	-9.64751434	3.95238662
76.33999790	-9.64751434	3.95238662
76.34399790	-9.64751434	3.95238662
76.34799789	-9.64751434	3.95238662
76.35199789	-9.64751434	3.95238662
76.35599789	-9.64751434	3.95238662
76.35999789	-9.64751434	3.95238662
76.36399789	-9.64751434	3.95238662
76.36799789	-9.64751434	3.95238662
76.37199789	-9.64751434	3.95238662
76.37599789	-9.64751434	3.95238662
76.37999789	-9.64751434	0.00000000
76.38399789	-9.64751434	0.00000000
76.38799789	-9.64751434	0.00000000
76.39199789	-9.64751434	3.95238662
76.39599789	-9.64751434	3.95238662
76.39999789	-9.64751434	3.95238662
76.40399789	-9.64751434	3.95238662
76.40799789	-9.64751434	0.00000000
76.41199789	-9.64751434	0.00000000
76.41599789	-9.64751434	3.95238662
76.41999789	-9.64751434	3.95238662
76.42399789	-9.64751434	3.95238662
76.42799789	-9.64751434	0.00000000
76.43199789	-9.64751434	3.95238662
76.43599789	-9.64751434	3.95238662
76.43999789	-9.64751434	3.95238662
76.44399789	-9.64751434	3.95238662
76.44799789	-9.64751434	3.95238662
76.45199789	-9.64751434	3.95238662
76.45599789	-9.64751434	0.00000000
76.45999789	-9.64751434	0.00000000
76.46399789	-9.64751434	3.95238662
76.46799789	-9.64751434	3.95238662
76.47199789	-9.64751434	3.95238662
76.47599789	-9.64751434	3.95238662
76.47999789	-9.64751434	3.95238662
76.48399789	-9.64751434	3.95238662
76.48799789	-9.64751434	3.95238662
76.49199789	-9.64751434	0.00000000
76.49599789	-9.64751434	3.95238662
76.49999789	-9.64751434	0.00000000
76.50399789	-9.64751434	0.00000000
76.50799789	-9.64751434	0.00000000
76.51199789	-9.64751434	3.95238662
76.51599789	-9.64751434	0.00000000
76.51999789	-9.64751434	0.00000000
76.52399789	-9.64751434	3.95238662
76.52799789	-9.64751434	3.95238662
76.53199789	-9.64751434	3.95238662
76.53599789	-9.64751434	3.95238662
76.53999789	-9.64751434	3.95238662
76.54399789	-9.64751434	0.00000000
76.54799789	-9.64751434	3.95238662
76.55199789	-9.64751434	3.95238662
76.55599789	-9.64751434	3.95238662
76.55999789	-9.64751434	3.95238662
76.56399789	-9.64751434	3.95238662
76.56799789	-9.64751434	3.95238662
76.57199789	-9.64751434	0.00000000
76.57599789	-9.64751434	3.95238662
76.57999789	-9.64751434	3.95238662
76.58399789	-9.64751434	0.00000000
76.58799789	-9.64751434	3.95238662
76.59199789	-9.64751434	3.95238662
76.59599789	-9.64751434	0.00000000
76.59999789	-9.64751434	3.95238662
76.60399789	-9.64751434	3.95238662
76.60799789	-9.64751434	3.95238662
76.61199789	-9.64751434	0.00000000
76.61599789	-9.64751434	3.95238662
76.61999789	-9.64751434	3.95238662
76.62399789	-9.64751434	3.95238662
76.62799789	-9.64751434	0.00000000
76.63199789	-9.64751434	7.90477324
76.63599789	-9.64751434	3.95238662
76.63999789	-9.64751434	3.95238662
76.64399789	-9.64751434	3.95238662
76.64799789	-9.64751434	0.00000000
76.65199789	-9.64751434	0.00000000
76.65599789	-9.64751434	3.95238662
76.65999789	-9.64751434	3.95238662
76.66399789	-9.64751434	3.95238662
76.66799789	-9.64751434	3.95238662
76.67199789	-9.64751434	3.95238662
76.67599789	-9.64751434	3.95238662
76.67999789	-9.64751434	3.95238662
76.68399789	-9.64751434	3.95238662
76.68799789	-9.64751434	3.95238662
76.69199789	-9.64751434	3.95238662
76.69599789	-9.64751434	3.95238662
76.69999788	-9.64751434	0.00000000
76.70399788	-9.64751434	0.00000000
76.70799788	-9.64751434	3.95238662
76.71199788	-9.64751434	3.95238662
76.71599788	-9.64751434	3.95238662
76.71999788	-9.64751434	3.95238662
76.72399788	-9.64751434	3.95238662
76.72799788	-9.64751434	3.95238662
76.73199788	-9.64751434	3.95238662
76.73599788	-9.64751434	3.95238662
76.73999788	-9.64751434	3.95238662
76.74399788	-9.64751434	3.95238662
76.74799788	-9.64751434	3.95238662
76.75199788	-9.64751434	0.00000000
76.75599788	-9.64751434	3.95238662
76.75999788	-9.64751434	3.95238662
76.76399788	-9.64751434	3.95238662
76.76799788	-9.64751434	3.95238662
76.77199788	-9.64751434	3.95238662
76.77599788	-9.64751434	3.95238662
76.77999788	-9.64751434	3.95238662
76.78399788	-9.64751434	0.00000000
76.78799788	-9.64751434	3.95238662
76.79199788	-9.64751434	3.95238662
76.79599788	-9.64751434	3.95238662
76.79999788	-9.64751434	3.95238662
76.80399788	-9.64751434	3.95238662
76.80799788	-9.64751434	3.95238662
76.81199788	-9.64751434	3.95238662
76.81599788	-9.64751434	3.95238662
76.81999788	-9.64751434	0.00000000
76.82399788	-9.64751434	0.00000000
76.82799788	-9.64751434	3.95238662
76.83199788	-9.64751434	3.95238662
76.83599788	-9.64751434	0.00000000
76.83999788	-9.64751434	3.95238662
76.84399788	-9.64751434	3.95238662
76.84799788	-9.64751434	7.90477324
76.85199788	-9.64751434	0.00000000
76.85599788	-9.64751434	3.95238662
76.85999788	-9.64751434	3.95238662
76.86399788	-9.64751434	3.95238662
76.86799788	-9.64751434	3.95238662
76.87199788	-9.64751434	3.95238662
76.87599788	-9.64751434	3.95238662
76.87999788	-9.64751434	3.95238662
76.88399788	-9.64751434	3.95238662
76.88799788	-9.64751434	3.95238662
76.89199788	-9.64751434	3.95238662
76.89599788	-9.64751434	3.95238662
76.89999788	-9.64751434	3.95238662
76.90399788	-9.64751434	3.95238662
76.90799788	-9.64751434	3.95238662
76.91199788	-9.64751434	3.95238662
76.91599788	-9.64751434	3.95238662
76.91999788	-9.64751434	3.95238662
76.92399788	-9.64751434	0.00000000
76.92799788	-9.64751434	3.95238662
76.93199788	-9.64751434	3.95238662
76.93599788	-9.64751434	0.00000000
76.93999788	-9.64751434	0.00000000
76.94399788	-9.64751434	3.95238662
76.94799788	-9.64751434	7.90477324
76.95199788	-9.64751434	3.95238662
76.95599788	-9.64751434	3.95238662
76.95999788	-9.64751434	3.95238662
76.96399788	-9.64751434	3.95238662
76.96799788	-9.64751434	3.95238662
76.97199788	-9.64751434	0.00000000
76.97599788	-9.64751434	3.95238662
76.97999788	-9.64751434	7.90477324
76.98399788	-9.64751434	3.95238662
76.98799788	-9.64751434	0.00000000
76.99199788	-9.64751434	3.95238662
76.99599788	-9.64751434	3.95238662
76.99999788	-9.64751434	0.00000000
77.00399788	-9.64751434	0.00000000
77.00799788	-9.64751434	3.95238662
77.01199788	-9.64751434	0.00000000
77.01599788	-9.64751434	0.00000000
77.01999788	-9.64751434	3.95238662
77.02399788	-9.64751434	3.95238662
77.02799788	-9.64751434	0.00000000
77.03199788	-9.64751434	3.95238662
77.03599788	-9.64751434	3.95238662
77.03999788	-9.64751434	0.00000000
77.04399788	-9.64751434	3.95238662
77.04799788	-9.64751434	3.95238662
77.05199787	-9.64751434	3.95238662
77.05599787	-9.64751434	3.95238662
77.05999787	-9.64751434	0.00000000
77.06399787	-9.64751434	3.95238662
77.06799787	-9.64751434	3.95238662
77.07199787	-9.64751434	3.95238662
77.07599787	-9.64751434	3.95238662
77.07999787	-9.64751434	7.90477324
77.08399787	-9.64751434	0.00000000
77.08799787	-9.64751434	3.95238662
77.09199787	-9.64751434	3.95238662
77.09599787	-9.64751434	0.00000000
77.09999787	-9.64751434	3.95238662
77.10399787	-9.64751434	3.95238662
77.10799787	-9.64751434	0.00000000
77.11199787	-9.64751434	3.95238662
77.11599787	-9.64751434	3.95238662
77.11999787	-9.64751434	3.95238662
77.12399787	-9.64751434	3.95238662
77.12799787	-9.64751434	3.95238662
77.13199787	-9.64751434	3.95238662
77.13599787	-9.64751434	3.95238662
77.13999787	-9.64751434	3.95238662
77.14399787	-9.64751434	3.95238662
77.14799787	-9.64751434	3.95238662
77.15199787	-9.64751434	3.95238662
77.15599787	-9.64751434	3.95238662
77.15999787	-9.64751434	3.95238662
77.16399787	-9.64751434	0.00000000
77.16799787	-9.64751434	3.95238662
77.17199787	-9.64751434	3.95238662
77.17599787	-9.64751434	3.95238662
77.17999787	-9.64751434	0.00000000
77.18399787	-9.64751434	0.00000000
77.18799787	-9.64751434	3.95238662
77.19199787	-9.64751434	3.95238662
77.19599787	-9.64751434	3.95238662
77.19999787	-9.64751434	3.95238662
77.20399787	-9.64751434	3.95238662
77.20799787	-9.64751434	3.95238662
77.21199787	-9.64751434	0.00000000
77.21599787	-9.64751434	3.95238662
77.21999787	-9.64751434	0.00000000
77.22399787	-9.64751434	0.00000000
77.22799787	-9.64751434	0.00000000
77.23199787	-9.64751434	3.95238662
77.23599787	-9.64751434	3.95238662
77.23999787	-9.64751434	0.00000000
77.24399787	-9.64751434	0.00000000
77.24799787	-9.64751434	3.95238662
77.25199787	-9.64751434	3.95238662
77.25599787	-9.64751434	3.95238662
77.25999787	-9.64751434	3.95238662
77.26399787	-9.64751434	0.00000000
77.26799787	-9.64751434	0.00000000
77.27199787	-9.64751434	0.00000000
77.27599787	-9.64751434	3.95238662
77.27999787	-9.64751434	3.95238662
77.28399787	-9.64751434	3.95238662
77.28799787	-9.64751434	3.95238662
77.29199787	-9.64751434	3.95238662
77.29599787	-9.64751434	0.00000000
77.29999787	-9.64751434	3.95238662
77.30399787	-9.64751434	3.95238662
77.30799787	-9.64751434	3.95238662
77.31199787	-9.64751434	3.95238662
77.31599787	-9.64751434	3.95238662
77.31999787	-9.64751434	3.95238662
77.32399787	-9.64751434	3.95238662
77.32799787	-9.64751434	3.95238662
77.33199787	-9.64751434	3.95238662
77.33599787	-9.64751434	0.00000000
77.33999787	-9.64751434	3.95238662
77.34399787	-9.64751434	3.95238662
77.34799787	-9.64751434	3.95238662
77.35199787	-9.64751434	0.00000000
77.35599787	-9.64751434	0.00000000
77.35999787	-9.64751434	3.95238662
77.36399787	-9.64751434	0.00000000
77.36799787	-9.64751434	0.00000000
77.37199787	-9.64751434	3.95238662
77.37599787	-9.64751434	0.00000000
77.37999787	-9.64751434	3.95238662
77.38399787	-9.64751434	3.95238662
77.38799787	-9.64751434	0.00000000
77.39199787	-9.64751434	3.95238662
77.39599787	-9.64751434	3.95238662
77.39999787	-9.64751434	3.95238662
77.40399787	-9.64751434	3.95238662
77.40799786	-9.64751434	3.95238662
77.41199786	-9.64751434	3.95238662
77.41599786	-9.64751434	3.95238662
77.41999786	-9.64751434	3.95238662
77.42399786	-9.64751434	3.95238662
77.42799786	-9.64751434	3.95238662
77.43199786	-9.64751434	3.95238662
77.43599786	-9.64751434	3.95238662
77.43999786	-9.64751434	0.00000000
77.44399786	-9.64751434	3.95238662
77.44799786	-9.64751434	3.95238662
77.45199786	-9.64751434	0.00000000
77.45599786	-9.64751434	0.00000000
77.45999786	-9.64751434	3.95238662
77.46399786	-9.64751434	3.95238662
77.46799786	-9.64751434	3.95238662
77.47199786	-9.64751434	3.95238662
77.47599786	-9.64751434	3.95238662
77.47999786	-9.64751434	3.95238662
77.48399786	-9.64751434	3.95238662
77.48799786	-9.64751434	0.00000000
77.49199786	-9.64751434	3.95238662
77.49599786	-9.64751434	3.95238662
77.49999786	-9.64751434	3.95238662
77.50399786	-9.64751434	0.00000000
77.50799786	-9.64751434	3.95238662
77.51199786	-9.64751434	3.95238662
77.51599786	-9.64751434	0.00000000
77.51999786	-9.64751434	3.95238662
77.52399786	-9.64751434	3.95238662
77.52799786	-9.64751434	3.95238662
77.53199786	-9.64751434	0.00000000
77.53599786	-9.64751434	3.95238662
77.53999786	-9.64751434	3.95238662
77.54399786	-9.64751434	0.00000000
77.54799786	-9.64751434	3.95238662
77.55199786	-9.64751434	0.00000000
77.55599786	-9.64751434	3.95238662
77.55999786	-9.64751434	0.00000000
77.56399786	-9.64751434	3.95238662
77.56799786	-9.64751434	0.00000000
77.57199786	-9.64751434	0.00000000
77.57599786	-9.64751434	3.95238662
77.57999786	-9.64751434	0.00000000
77.58399786	-9.64751434	3.95238662
77.58799786	-9.64751434	3.95238662
77.59199786	-9.64751434	3.95238662
77.59599786	-9.64751434	3.95238662
77.59999786	-9.64751434	3.95238662
77.60399786	-9.64751434	3.95238662
77.60799786	-9.64751434	3.95238662
77.61199786	-9.64751434	3.95238662
77.61599786	-9.64751434	3.95238662
77.61999786	-9.64751434	3.95238662
77.62399786	-9.64751434	3.95238662
77.62799786	-9.64751434	3.95238662
77.63199786	-9.64751434	3.95238662
77.63599786	-9.64751434	3.95238662
77.63999786	-9.64751434	3.95238662
77.64399786	-9.64751434	3.95238662
77.64799786	-9.64751434	3.95238662
77.65199786	-9.64751434	0.00000000
77.65599786	-9.64751434	3.95238662
77.65999786	-9.64751434	3.95238662
77.66399786	-9.64751434	3.95238662
77.66799786	-9.64751434	0.00000000
77.67199786	-9.64751434	3.95238662
77.67599786	-9.64751434	3.95238662
77.67999786	-9.64751434	3.95238662
77.68399786	-9.64751434	3.95238662
77.68799786	-9.64751434	3.95238662
77.69199786	-9.64751434	3.95238662
77.69599786	-9.64751434	3.95238662
77.69999786	-9.64751434	0.00000000
77.70399786	-9.64751434	3.95238662
77.70799786	-9.64751434	3.95238662
77.71199786	-9.64751434	3.95238662
77.71599786	-9.64751434	3.95238662
77.71999786	-9.64751434	3.95238662
77.72399786	-9.64751434	3.95238662
77.72799786	-9.64751434	3.95238662
77.73199786	-9.64751434	3.95238662
77.73599786	-9.64751434	3.95238662
77.73999786	-9.64751434	0.00000000
77.74399786	-9.64751434	3.95238662
77.74799786	-9.64751434	3.95238662
77.75199786	-9.64751434	3.95238662
77.75599786	-9.64751434	0.00000000
77.75999785	-9.64751434	3.95238662
77.76399785	-9.64751434	3.95238662
77.76799785	-9.64751434	3.95238662
77.77199785	-9.64751434	3.95238662
77.77599785	-9.64751434	3.95238662
77.77999785	-9.64751434	0.00000000
77.78399785	-9.64751434	3.95238662
77.78799785	-9.64751434	3.95238662
77.79199785	-9.64751434	3.95238662
77.79599785	-9.64751434	0.00000000
77.79999785	-9.64751434	3.95238662
77.80399785	-9.64751434	3.95238662
77.80799785	-9.64751434	3.95238662
77.81199785	-9.64751434	0.00000000
77.81599785	-9.64751434	3.95238662
77.81999785	-9.64751434	3.95238662
77.82399785	-9.64751434	3.95238662
77.82799785	-9.64751434	0.00000000
77.83199785	-9.64751434	3.95238662
77.83599785	-9.64751434	3.95238662
77.83999785	-9.64751434	3.95238662
77.84399785	-9.64751434	3.95238662
77.84799785	-9.64751434	3.95238662
77.85199785	-9.64751434	3.95238662
77.85599785	-9.64751434	3.95238662
77.85999785	-9.64751434	3.95238662
77.86399785	-9.64751434	0.00000000
77.86799785	-9.64751434	3.95238662
77.87199785	-9.64751434	3.95238662
77.87599785	-9.64751434	3.95238662
77.87999785	-9.64751434	3.95238662
77.88399785	-9.64751434	0.00000000
77.88799785	-9.64751434	3.95238662
77.89199785	-9.64751434	3.95238662
77.89599785	-9.64751434	3.95238662
77.89999785	-9.64751434	3.95238662
77.90399785	-9.64751434	3.95238662
77.90799785	-9.64751434	3.95238662
77.91199785	-9.64751434	3.95238662
77.91599785	-9.64751434	3.95238662
77.91999785	-9.64751434	3.95238662
77.92399785	-9.64751434	3.95238662
77.92799785	-9.64751434	3.95238662
77.93199785	-9.64751434	3.95238662
77.93599785	-9.64751434	3.95238662
77.93999785	-9.64751434	3.95238662
77.94399785	-9.64751434	3.95238662
77.94799785	-9.64751434	3.95238662
77.95199785	-9.64751434	3.95238662
77.95599785	-9.64751434	3.95238662
77.95999785	-9.64751434	0.00000000
77.96399785	-9.64751434	0.00000000
77.96799785	-9.64751434	3.95238662
77.97199785	-9.64751434	3.95238662
77.97599785	-9.64751434	3.95238662
77.97999785	-9.64751434	3.95238662
77.98399785	-9.64751434	3.95238662
77.98799785	-9.64751434	3.95238662
77.99199785	-9.64751434	3.95238662
77.99599785	-9.64751434	3.95238662
77.99999785	-9.64751434	3.95238662
78.00399785	-9.64751434	3.95238662
78.00799785	-9.64751434	3.95238662
78.01199785	-9.64751434	3.95238662
78.01599785	-9.64751434	3.95238662
78.01999785	-9.64751434	0.00000000
78.02399785	-9.64751434	3.95238662
78.02799785	-9.64751434	0.00000000
78.03199785	-9.64751434	0.00000000
78.03599785	-9.64751434	3.95238662
78.03999785	-9.64751434	3.95238662
78.04399785	-9.64751434	3.95238662
78.04799785	-9.64751434	0.00000000
78.05199785	-9.64751434	0.00000000
78.05599785	-9.64751434	3.95238662
78.05999785	-9.64751434	3.95238662
78.06399785	-9.64751434	3.95238662
78.06799785	-9.64751434	3.95238662
78.07199785	-9.64751434	3.95238662
78.07599785	-9.64751434	3.95238662
78.07999785	-9.64751434	3.95238662
78.08399785	-9.64751434	0.00000000
78.08799785	-9.64751434	3.95238662
78.09199785	-9.64751434	3.95238662
78.09599785	-9.64751434	0.00000000
78.09999785	-9.64751434	3.95238662
78.10399785	-9.64751434	3.95238662
78.10799785	-9.64751434	0.00000000
78.11199785	-9.64751434	3.95238662
78.11599784	-9.64751434	3.95238662
78.11999784	-9.64751434	0.00000000
78.12399784	-9.64751434	3.95238662
78.12799784	-9.64751434	3.95238662
78.13199784	-9.64751434	3.95238662
78.13599784	-9.64751434	0.00000000
78.13999784	-9.64751434	3.95238662
78.14399784	-9.64751434	0.00000000
78.14799784	-9.64751434	3.95238662
78.15199784	-9.64751434	0.00000000
78.15599784	-9.64751434	0.00000000
78.15999784	-9.64751434	3.95238662
78.16399784	-9.64751434	3.95238662
78.16799784	-9.64751434	0.00000000
78.17199784	-9.64751434	3.95238662
78.17599784	-9.64751434	0.00000000
78.17999784	-9.64751434	3.95238662
78.18399784	-9.64751434	3.95238662
78.18799784	-9.64751434	3.95238662
78.19199784	-9.64751434	3.95238662
78.19599784	-9.64751434	0.00000000
78.19999784	-9.64751434	3.95238662
78.20399784	-9.64751434	3.95238662
78.20799784	-9.64751434	3.95238662
78.21199784	-9.64751434	3.95238662
78.21599784	-9.64751434	3.95238662
78.21999784	-9.64751434	3.95238662
78.22399784	-9.64751434	3.95238662
78.22799784	-9.64751434	0.00000000
78.23199784	-9.64751434	0.00000000
78.23599784	-9.64751434	3.95238662
78.23999784	-9.64751434	3.95238662
78.24399784	-9.64751434	3.95238662
78.24799784	-9.64751434	3.95238662
78.25199784	-9.64751434	3.95238662
78.25599784	-9.64751434	3.95238662
78.25999784	-9.64751434	0.00000000
78.26399784	-9.64751434	3.95238662
78.26799784	-9.64751434	3.95238662
78.27199784	-9.64751434	3.95238662
78.27599784	-9.64751434	3.95238662
78.27999784	-9.64751434	3.95238662
78.28399784	-9.64751434	3.95238662
78.28799784	-9.64751434	3.95238662
78.29199784	-9.64751434	3.95238662
78.29599784	-9.64751434	3.95238662
78.29999784	-9.64751434	3.95238662
78.30399784	-9.64751434	3.95238662
78.30799784	-9.64751434	3.95238662
78.31199784	-9.64751434	3.95238662
78.31599784	-9.64751434	0.00000000
78.31999784	-9.64751434	0.00000000
78.32399784	-9.64751434	3.95238662
78.32799784	-9.64751434	3.95238662
78.33199784	-9.64751434	3.95238662
78.33599784	-9.64751434	0.00000000
78.33999784	-9.64751434	3.95238662
78.34399784	-9.64751434	3.95238662
78.34799784	-9.64751434	3.95238662
78.35199784	-9.64751434	0.00000000
78.35599784	-9.64751434	0.00000000
78.35999784	-9.64751434	3.95238662
78.36399784	-9.64751434	0.00000000
78.36799784	-9.64751434	3.95238662
78.37199784	-9.64751434	3.95238662
78.37599784	-9.64751434	3.95238662
78.37999784	-9.64751434	0.00000000
78.38399784	-9.64751434	3.95238662
78.38799784	-9.64751434	0.00000000
78.39199784	-9.64751434	0.00000000
78.39599784	-9.64751434	3.95238662
78.39999784	-9.64751434	3.95238662
78.40399784	-9.64751434	3.95238662
78.40799784	-9.64751434	3.95238662
78.41199784	-9.64751434	0.00000000
78.41599784	-9.64751434	0.00000000
78.41999784	-9.64751434	0.00000000
78.42399784	-9.64751434	3.95238662
78.42799784	-9.64751434	3.95238662
78.43199784	-9.64751434	3.95238662
78.43599784	-9.64751434	0.00000000
78.43999784	-9.64751434	3.95238662
78.44399784	-9.64751434	0.00000000
78.44799784	-9.64751434	0.00000000
78.45199784	-9.64751434	3.95238662
78.45599784	-9.64751434	0.00000000
78.45999784	-9.64751434	3.95238662
78.46399784	-9.64751434	0.00000000
78.46799783	-9.64751434	3.95238662
78.47199783	-9.64751434	0.00000000
78.47599783	-9.64751434	3.95238662
78.47999783	-9.64751434	3.95238662
78.48399783	-9.64751434	0.00000000
78.48799783	-9.64751434	3.95238662
78.49199783	-9.64751434	0.00000000
78.49599783	-9.64751434	3.95238662
78.49999783	-9.64751434	3.95238662
78.50399783	-9.64751434	3.95238662
78.50799783	-9.64751434	0.00000000
78.51199783	-9.64751434	3.95238662
78.51599783	-9.64751434	0.00000000
78.51999783	-9.64751434	3.95238662
78.52399783	-9.64751434	0.00000000
78.52799783	-9.64751434	3.95238662
78.53199783	-9.64751434	3.95238662
78.53599783	-9.64751434	3.95238662
78.53999783	-9.64751434	0.00000000
78.54399783	-9.64751434	0.00000000
78.54799783	-9.64751434	0.00000000
78.55199783	-9.64751434	0.00000000
78.55599783	-9.64751434	3.95238662
78.55999783	-9.64751434	3.95238662
78.56399783	-9.64751434	3.95238662
78.56799783	-9.64751434	3.95238662
78.57199783	-9.64751434	3.95238662
78.57599783	-9.64751434	3.95238662
78.57999783	-9.64751434	3.95238662
78.58399783	-9.64751434	3.95238662
78.58799783	-9.64751434	3.95238662
78.59199783	-9.64751434	3.95238662
78.59599783	-9.64751434	3.95238662
78.59999783	-9.64751434	0.00000000
78.60399783	-9.64751434	0.00000000
78.60799783	-9.64751434	3.95238662
78.61199783	-9.64751434	3.95238662
78.61599783	-9.64751434	3.95238662
78.61999783	-9.64751434	3.95238662
78.62399783	-9.64751434	3.95238662
78.62799783	-9.64751434	0.00000000
78.63199783	-9.64751434	3.95238662
78.63599783	-9.64751434	3.95238662
78.63999783	-9.64751434	3.95238662
78.64399783	-9.64751434	0.00000000
78.64799783	-9.64751434	3.95238662
78.65199783	-9.64751434	0.00000000
78.65599783	-9.64751434	3.95238662
78.65999783	-9.64751434	3.95238662
78.66399783	-9.64751434	0.00000000
78.66799783	-9.64751434	0.00000000
78.67199783	-9.64751434	3.95238662
78.67599783	-9.64751434	7.90477324
78.67999783	-9.64751434	0.00000000
78.68399783	-9.64751434	0.00000000
78.68799783	-9.64751434	3.95238662
78.69199783	-9.64751434	0.00000000
78.69599783	-9.64751434	3.95238662
78.69999783	-9.64751434	0.00000000
78.70399783	-9.64751434	3.95238662
78.70799783	-9.64751434	3.95238662
78.71199783	-9.64751434	3.95238662
78.71599783	-9.64751434	0.00000000
78.71999783	-9.64751434	3.95238662
78.72399783	-9.64751434	0.00000000
78.72799783	-9.64751434	3.95238662
78.73199783	-9.64751434	3.95238662
78.73599783	-9.64751434	3.95238662
78.73999783	-9.64751434	3.95238662
78.74399783	-9.64751434	3.95238662
78.74799783	-9.64751434	3.95238662
78.75199783	-9.64751434	3.95238662
78.75599783	-9.64751434	3.95238662
78.75999783	-9.64751434	0.00000000
78.76399783	-9.64751434	3.95238662
78.76799783	-9.64751434	3.95238662
78.77199783	-9.64751434	3.95238662
78.77599783	-9.64751434	3.95238662
78.77999783	-9.64751434	3.95238662
78.78399783	-9.64751434	3.95238662
78.78799783	-9.64751434	3.95238662
78.79199783	-9.64751434	3.95238662
78.79599783	-9.64751434	3.95238662
78.79999783	-9.64751434	3.95238662
78.80399783	-9.64751434	0.00000000
78.80799783	-9.64751434	3.95238662
78.81199783	-9.64751434	0.00000000
78.81599783	-9.64751434	3.95238662
78.81999782	-9.64751434	0.00000000
78.82399782	-9.64751434	0.00000000
78.82799782	-9.64751434	0.00000000
78.83199782	-9.64751434	3.95238662
78.83599782	-9.64751434	3.95238662
78.83999782	-9.64751434	3.95238662
78.84399782	-9.64751434	0.00000000
78.84799782	-9.64751434	3.95238662
78.85199782	-9.64751434	0.00000000
78.85599782	-9.64751434	3.95238662
78.85999782	-9.64751434	3.95238662
78.86399782	-9.64751434	3.95238662
78.86799782	-9.64751434	3.95238662
78.87199782	-9.64751434	3.95238662
78.87599782	-9.64751434	3.95238662
78.87999782	-9.64751434	3.95238662
78.88399782	-9.64751434	3.95238662
78.88799782	-9.64751434	3.95238662
78.89199782	-9.64751434	3.95238662
78.89599782	-9.64751434	0.00000000
78.89999782	-9.64751434	0.00000000
78.90399782	-9.64751434	3.95238662
78.90799782	-9.64751434	3.95238662
78.91199782	-9.64751434	3.95238662
78.91599782	-9.64751434	0.00000000
78.91999782	-9.64751434	3.95238662
78.92399782	-9.64751434	3.95238662
78.92799782	-9.64751434	3.95238662
78.93199782	-9.64751434	3.95238662
78.93599782	-9.64751434	3.95238662
78.93999782	-9.64751434	0.00000000
78.94399782	-9.64751434	0.00000000
78.94799782	-9.64751434	0.00000000
78.95199782	-9.64751434	0.00000000
78.95599782	-9.64751434	0.00000000
78.95999782	-9.64751434	3.95238662
78.96399782	-9.64751434	0.00000000
78.96799782	-9.64751434	0.00000000
78.97199782	-9.64751434	3.95238662
78.97599782	-9.64751434	0.00000000
78.97999782	-9.64751434	0.00000000
78.98399782	-9.64751434	3.95238662
78.98799782	-9.64751434	0.00000000
78.99199782	-9.64751434	3.95238662
78.99599782	-9.64751434	3.95238662
78.99999782	-9.64751434	3.95238662
79.00399782	-9.64751434	3.95238662
79.00799782	-9.64751434	3.95238662
79.01199782	-9.64751434	7.90477324
79.01599782	-9.64751434	3.95238662
79.01999782	-9.64751434	3.95238662
79.02399782	-9.64751434	3.95238662
79.02799782	-9.64751434	3.95238662
79.03199782	-9.64751434	0.00000000
79.03599782	-9.64751434	3.95238662
79.03999782	-9.64751434	3.95238662
79.04399782	-9.64751434	0.00000000
79.04799782	-9.64751434	3.95238662
79.05199782	-9.64751434	3.95238662
79.05599782	-9.64751434	7.90477324
79.05999782	-9.64751434	3.95238662
79.06399782	-9.64751434	3.95238662
79.06799782	-9.64751434	3.95238662
79.07199782	-9.64751434	3.95238662
79.07599782	-9.64751434	3.95238662
79.07999782	-9.64751434	3.95238662
79.08399782	-9.64751434	3.95238662
79.08799782	-9.64751434	0.00000000
79.09199782	-9.64751434	0.00000000
79.09599782	-9.64751434	0.00000000
79.09999782	-9.64751434	0.00000000
79.10399782	-9.64751434	0.00000000
79.10799782	-9.64751434	0.00000000
79.11199782	-9.64751434	3.95238662
79.11599782	-9.64751434	7.90477324
79.11999782	-9.64751434	3.95238662
79.12399782	-9.64751434	7.90477324
79.12799782	-9.64751434	3.95238662
79.13199782	-9.64751434	3.95238662
79.13599782	-9.64751434	0.00000000
79.13999782	-9.64751434	3.95238662
79.14399782	-9.64751434	0.00000000
79.14799782	-9.64751434	0.00000000
79.15199782	-9.64751434	0.00000000
79.15599782	-9.64751434	0.00000000
79.15999782	-9.64751434	0.00000000
79.16399782	-9.64751434	0.00000000
79.16799782	-9.64751434	3.95238662
79.17199782	-9.64751434	3.95238662
79.17599781	-9.64751434	3.95238662
79.17999781	-9.64751434	3.95238662
79.18399781	-9.64751434	3.95238662
79.18799781	-9.64751434	0.00000000
79.19199781	-9.64751434	3.95238662
79.19599781	-9.64751434	3.95238662
79.19999781	-9.64751434	3.95238662
79.20399781	-9.64751434	0.00000000
79.20799781	-9.64751434	0.00000000
79.21199781	-9.64751434	0.00000000
79.21599781	-9.64751434	0.00000000
79.21999781	-9.64751434	0.00000000
79.22399781	-9.64751434	0.00000000
79.22799781	-9.64751434	3.95238662
79.23199781	-9.64751434	0.00000000
79.23599781	-9.64751434	3.95238662
79.23999781	-9.64751434	3.95238662
79.24399781	-9.64751434	7.90477324
79.24799781	-9.64751434	3.95238662
79.25199781	-9.64751434	3.95238662
79.25599781	-9.64751434	0.00000000
79.25999781	-9.64751434	0.00000000
79.26399781	-9.64751434	3.95238662
79.26799781	-9.64751434	0.00000000
79.27199781	-9.64751434	0.00000000
79.27599781	-9.64751434	3.95238662
79.27999781	-9.64751434	0.00000000
79.28399781	-9.64751434	3.95238662
79.28799781	-9.64751434	3.95238662
79.29199781	-9.64751434	3.95238662
79.29599781	-9.64751434	3.95238662
79.29999781	-9.64751434	0.00000000
79.30399781	-9.64751434	3.95238662
79.30799781	-9.64751434	3.95238662
79.31199781	-9.64751434	3.95238662
79.31599781	-9.64751434	0.00000000
79.31999781	-9.64751434	3.95238662
79.32399781	-9.64751434	0.00000000
79.32799781	-9.64751434	0.00000000
79.33199781	-9.64751434	3.95238662
79.33599781	-9.64751434	0.00000000
79.33999781	-9.64751434	0.00000000
79.34399781	-9.64751434	0.00000000
79.34799781	-9.64751434	0.00000000
79.35199781	-9.64751434	0.00000000
79.35599781	-9.64751434	0.00000000
79.35999781	-9.64751434	3.95238662
79.36399781	-9.64751434	0.00000000
79.36799781	-9.64751434	3.95238662
79.37199781	-9.64751434	3.95238662
79.37599781	-9.64751434	0.00000000
79.37999781	-9.64751434	3.95238662
79.38399781	-9.64751434	0.00000000
79.38799781	-9.64751434	3.95238662
79.39199781	-9.64751434	3.95238662
79.39599781	-9.64751434	3.95238662
79.39999781	-9.64751434	3.95238662
79.40399781	-9.64751434	3.95238662
79.40799781	-9.64751434	3.95238662
79.41199781	-9.64751434	3.95238662
79.41599781	-9.64751434	3.95238662
79.41999781	-9.64751434	3.95238662
79.42399781	-9.64751434	3.95238662
79.42799781	-9.64751434	3.95238662
79.43199781	-9.64751434	3.95238662
79.43599781	-9.64751434	3.95238662
79.43999781	-9.64751434	0.00000000
79.44399781	-9.64751434	3.95238662
79.44799781	-9.64751434	3.95238662
79.45199781	-9.64751434	3.95238662
79.45599781	-9.64751434	3.95238662
79.45999781	-9.64751434	0.00000000
79.46399781	-9.64751434	0.00000000
79.46799781	-9.64751434	3.95238662
79.47199781	-9.64751434	3.95238662
79.47599781	-9.64751434	3.95238662
79.47999781	-9.64751434	3.95238662
79.48399781	-9.64751434	0.00000000
79.48799781	-9.64751434	3.95238662
79.49199781	-9.64751434	3.95238662
79.49599781	-9.64751434	0.00000000
79.49999781	-9.64751434	3.95238662
79.50399781	-9.64751434	3.95238662
79.50799781	-9.64751434	0.00000000
79.51199781	-9.64751434	3.95238662
79.51599781	-9.64751434	3.95238662
79.51999781	-9.64751434	3.95238662
79.52399781	-9.64751434	3.95238662
79.52799780	-9.64751434	3.95238662
79.53199780	-9.64751434	0.00000000
79.53599780	-9.64751434	3.95238662
79.53999780	-9.64751434	0.00000000
79.54399780	-9.64751434	3.95238662
79.54799780	-9.64751434	3.95238662
79.55199780	-9.64751434	3.95238662
79.55599780	-9.64751434	3.95238662
79.55999780	-9.64751434	7.90477324
79.56399780	-9.64751434	0.00000000
79.56799780	-9.64751434	3.95238662
79.57199780	-9.64751434	3.95238662
79.57599780	-9.64751434	3.95238662
79.57999780	-9.64751434	0.00000000
79.58399780	-9.64751434	3.95238662
79.58799780	-9.64751434	3.95238662
79.59199780	-9.64751434	0.00000000
79.59599780	-9.64751434	3.95238662
79.59999780	-9.64751434	3.95238662
79.60399780	-9.64751434	3.95238662
79.60799780	-9.64751434	0.00000000
79.61199780	-9.64751434	3.95238662
79.61599780	-9.64751434	3.95238662
79.61999780	-9.64751434	0.00000000
79.62399780	-9.64751434	3.95238662
79.62799780	-9.64751434	3.95238662
79.63199780	-9.64751434	3.95238662
79.63599780	-9.64751434	3.95238662
79.63999780	-9.64751434	3.95238662
79.64399780	-9.64751434	3.95238662
79.64799780	-9.64751434	3.95238662
79.65199780	-9.64751434	0.00000000
79.65599780	-9.64751434	3.95238662
79.65999780	-9.64751434	3.95238662
79.66399780	-9.64751434	3.95238662
79.66799780	-9.64751434	3.95238662
79.67199780	-9.64751434	0.00000000
79.67599780	-9.64751434	3.95238662
79.67999780	-9.64751434	3.95238662
79.68399780	-9.64751434	3.95238662
79.68799780	-9.64751434	0.00000000
79.69199780	-9.64751434	0.00000000
79.69599780	-9.64751434	3.95238662
79.69999780	-9.64751434	3.95238662
79.70399780	-9.64751434	3.95238662
79.70799780	-9.64751434	3.95238662
79.71199780	-9.64751434	3.95238662
79.71599780	-9.64751434	3.95238662
79.71999780	-9.64751434	3.95238662
79.72399780	-9.64751434	3.95238662
79.72799780	-9.64751434	3.95238662
79.73199780	-9.64751434	0.00000000
79.73599780	-9.64751434	0.00000000
79.73999780	-9.64751434	3.95238662
79.74399780	-9.64751434	3.95238662
79.74799780	-9.64751434	3.95238662
79.75199780	-9.64751434	0.00000000
79.75599780	-9.64751434	0.00000000
79.75999780	-9.64751434	3.95238662
79.76399780	-9.64751434	3.95238662
79.76799780	-9.64751434	3.95238662
79.77199780	-9.64751434	0.00000000
79.77599780	-9.64751434	3.95238662
79.77999780	-9.64751434	0.00000000
79.78399780	-9.64751434	0.00000000
79.78799780	-9.64751434	3.95238662
79.79199780	-9.64751434	3.95238662
79.79599780	-9.64751434	3.95238662
79.79999780	-9.64751434	0.00000000
79.80399780	-9.64751434	0.00000000
79.80799780	-9.64751434	3.95238662
79.81199780	-9.64751434	3.95238662
79.81599780	-9.64751434	3.95238662
79.81999780	-9.64751434	0.00000000
79.82399780	-9.64751434	3.95238662
79.82799780	-9.64751434	3.95238662
79.83199780	-9.64751434	3.95238662
79.83599780	-9.64751434	3.95238662
79.83999780	-9.64751434	3.95238662
79.84399780	-9.64751434	3.95238662
79.84799780	-9.64751434	3.95238662
79.85199780	-9.64751434	0.00000000
79.85599780	-9.64751434	3.95238662
79.85999780	-9.64751434	0.00000000
79.86399780	-9.64751434	3.95238662
79.86799780	-9.64751434	3.95238662
79.87199780	-9.64751434	3.95238662
79.87599780	-9.64751434	3.95238662
79.87999780	-9.64751434	3.95238662
79.88399779	-9.64751434	0.00000000
79.88799779	-9.64751434	0.00000000
79.89199779	-9.64751434	3.95238662
79.89599779	-9.64751434	3.95238662
79.89999779	-9.64751434	0.00000000
79.90399779	-9.64751434	3.95238662
79.90799779	-9.64751434	3.95238662
79.91199779	-9.64751434	3.95238662
79.91599779	-9.64751434	0.00000000
79.91999779	-9.64751434	3.95238662
79.92399779	-9.64751434	3.95238662
79.92799779	-9.64751434	0.00000000
79.93199779	-9.64751434	0.00000000
79.93599779	-9.64751434	3.95238662
79.93999779	-9.64751434	3.95238662
79.94399779	-9.64751434	3.95238662
79.94799779	-9.64751434	0.00000000
79.95199779	-9.64751434	3.95238662
79.95599779	-9.64751434	3.95238662
79.95999779	-9.64751434	3.95238662
79.96399779	-9.64751434	0.00000000
79.96799779	-9.64751434	3.95238662
79.97199779	-9.64751434	3.95238662
79.97599779	-9.64751434	3.95238662
79.97999779	-9.64751434	3.95238662
79.98399779	-9.64751434	3.95238662
79.98799779	-9.64751434	3.95238662
79.99199779	-9.64751434	0.00000000
79.99599779	-9.64751434	3.95238662
79.99999779	-9.64751434	3.95238662
80.00399779	-9.64751434	3.95238662
80.00799779	-9.64751434	0.00000000
80.01199779	-9.64751434	3.95238662
80.01599779	-9.64751434	3.95238662
80.01999779	-9.64751434	3.95238662
80.02399779	-9.64751434	3.95238662
80.02799779	-9.64751434	3.95238662
80.03199779	-9.64751434	0.00000000
80.03599779	-9.64751434	0.00000000
80.03999779	-9.64751434	0.00000000
80.04399779	-9.64751434	3.95238662
80.04799779	-9.64751434	3.95238662
80.05199779	-9.64751434	0.00000000
80.05599779	-9.64751434	3.95238662
80.05999779	-9.64751434	0.00000000
80.06399779	-9.64751434	3.95238662
80.06799779	-9.64751434	0.00000000
80.07199779	-9.64751434	3.95238662
80.07599779	-9.64751434	3.95238662
80.07999779	-9.64751434	3.95238662
80.08399779	-9.64751434	3.95238662
80.08799779	-9.64751434	0.00000000
80.09199779	-9.64751434	0.00000000
80.09599779	-9.64751434	3.95238662
80.09999779	-9.64751434	3.95238662
80.10399779	-9.64751434	3.95238662
80.10799779	-9.64751434	0.00000000
80.11199779	-9.64751434	0.00000000
80.11599779	-9.64751434	3.95238662
80.11999779	-9.64751434	0.00000000
80.12399779	-9.64751434	0.00000000
80.12799779	-9.64751434	3.95238662
80.13199779	-9.64751434	0.00000000
80.13599779	-9.64751434	3.95238662
80.13999779	-9.64751434	3.95238662
80.14399779	-9.64751434	3.95238662
80.14799779	-9.64751434	3.95238662
80.15199779	-9.64751434	0.00000000
80.15599779	-9.64751434	0.00000000
80.15999779	-9.64751434	3.95238662
80.16399779	-9.64751434	3.95238662
80.16799779	-9.64751434	3.95238662
80.17199779	-9.64751434	3.95238662
80.17599779	-9.64751434	3.95238662
80.17999779	-9.64751434	3.95238662
80.18399779	-9.64751434	3.95238662
80.18799779	-9.64751434	0.00000000
80.19199779	-9.64751434	3.95238662
80.19599779	-9.64751434	3.95238662
80.19999779	-9.64751434	3.95238662
80.20399779	-9.64751434	3.95238662
80.20799779	-9.64751434	3.95238662
80.21199779	-9.64751434	3.95238662
80.21599779	-9.64751434	3.95238662
80.21999779	-9.64751434	0.00000000
80.22399779	-9.64751434	3.95238662
80.22799779	-9.64751434	3.95238662
80.23199779	-9.64751434	3.95238662
80.23599778	-9.64751434	0.00000000
80.23999778	-9.64751434	3.95238662
80.24399778	-9.64751434	3.95238662
80.24799778	-9.64751434	3.95238662
80.25199778	-9.64751434	3.95238662
80.25599778	-9.64751434	3.95238662
80.25999778	-9.64751434	3.95238662
80.26399778	-9.64751434	3.95238662
80.26799778	-9.64751434	3.95238662
80.27199778	-9.64751434	3.95238662
80.27599778	-9.64751434	3.95238662
80.27999778	-9.64751434	3.95238662
80.28399778	-9.64751434	3.95238662
80.28799778	-9.64751434	3.95238662
80.29199778	-9.64751434	3.95238662
80.29599778	-9.64751434	3.95238662
80.29999778	-9.64751434	3.95238662
80.30399778	-9.64751434	3.95238662
80.30799778	-9.64751434	3.95238662
80.31199778	-9.64751434	0.00000000
80.31599778	-9.64751434	3.95238662
80.31999778	-9.64751434	3.95238662
80.32399778	-9.64751434	3.95238662
80.32799778	-9.64751434	0.00000000
80.33199778	-9.64751434	3.95238662
80.33599778	-9.64751434	3.95238662
80.33999778	-9.64751434	3.95238662
80.34399778	-9.64751434	3.95238662
80.34799778	-9.64751434	0.00000000
80.35199778	-9.64751434	3.95238662
80.35599778	-9.64751434	3.95238662
80.35999778	-9.64751434	3.95238662
80.36399778	-9.64751434	0.00000000
80.36799778	-9.64751434	3.95238662
80.37199778	-9.64751434	3.95238662
80.37599778	-9.64751434	3.95238662
80.37999778	-9.64751434	3.95238662
80.38399778	-9.64751434	3.95238662
80.38799778	-9.64751434	3.95238662
80.39199778	-9.64751434	3.95238662
80.39599778	-9.64751434	3.95238662
80.39999778	-9.64751434	3.95238662
80.40399778	-9.64751434	0.00000000
80.40799778	-9.64751434	3.95238662
80.41199778	-9.64751434	3.95238662
80.41599778	-9.64751434	0.00000000
80.41999778	-9.64751434	3.95238662
80.42399778	-9.64751434	3.95238662
80.42799778	-9.64751434	3.95238662
80.43199778	-9.64751434	3.95238662
80.43599778	-9.64751434	3.95238662
80.43999778	-9.64751434	3.95238662
80.44399778	-9.64751434	3.95238662
80.44799778	-9.64751434	3.95238662
80.45199778	-9.64751434	3.95238662
80.45599778	-9.64751434	3.95238662
80.45999778	-9.64751434	3.95238662
80.46399778	-9.64751434	3.95238662
80.46799778	-9.64751434	3.95238662
80.47199778	-9.64751434	0.00000000
80.47599778	-9.64751434	0.00000000
80.47999778	-9.64751434	3.95238662
80.48399778	-9.64751434	3.95238662
80.48799778	-9.64751434	3.95238662
80.49199778	-9.64751434	0.00000000
80.49599778	-9.64751434	3.95238662
80.49999778	-9.64751434	0.00000000
80.50399778	-9.64751434	0.00000000
80.50799778	-9.64751434	0.00000000
80.51199778	-9.64751434	3.95238662
80.51599778	-9.64751434	3.95238662
80.51999778	-9.64751434	0.00000000
80.52399778	-9.64751434	3.95238662
80.52799778	-9.64751434	3.95238662
80.53199778	-9.64751434	3.95238662
80.53599778	-9.64751434	3.95238662
80.53999778	-9.64751434	0.00000000
80.54399778	-9.64751434	3.95238662
80.54799778	-9.64751434	3.95238662
80.55199778	-9.64751434	7.90477324
80.55599778	-9.64751434	3.95238662
80.55999778	-9.64751434	3.95238662
80.56399778	-9.64751434	3.95238662
80.56799778	-9.64751434	3.95238662
80.57199778	-9.64751434	3.95238662
80.57599778	-9.64751434	3.95238662
80.57999778	-9.64751434	3.95238662
80.58399778	-9.64751434	3.95238662
80.58799777	-9.64751434	0.00000000
80.59199777	-9.64751434	3.95238662
80.59599777	-9.64751434	3.95238662
80.59999777	-9.64751434	3.95238662
80.60399777	-9.64751434	0.00000000
80.60799777	-9.64751434	3.95238662
80.61199777	-9.64751434	3.95238662
80.61599777	-9.64751434	3.95238662
80.61999777	-9.64751434	0.00000000
80.62399777	-9.64751434	3.95238662
80.62799777	-9.64751434	3.95238662
80.63199777	-9.64751434	0.00000000
80.63599777	-9.64751434	0.00000000
80.63999777	-9.64751434	3.95238662
80.64399777	-9.64751434	3.95238662
80.64799777	-9.64751434	3.95238662
80.65199777	-9.64751434	0.00000000
80.65599777	-9.64751434	3.95238662
80.65999777	-9.64751434	3.95238662
80.66399777	-9.64751434	3.95238662
80.66799777	-9.64751434	3.95238662
80.67199777	-9.64751434	3.95238662
80.67599777	-9.64751434	3.95238662
80.67999777	-9.64751434	3.95238662
80.68399777	-9.64751434	0.00000000
80.68799777	-9.64751434	3.95238662
80.69199777	-9.64751434	0.00000000
80.69599777	-9.64751434	3.95238662
80.69999777	-9.64751434	0.00000000
80.70399777	-9.64751434	3.95238662
80.70799777	-9.64751434	3.95238662
80.71199777	-9.64751434	0.00000000
80.71599777	-9.64751434	0.00000000
80.71999777	-9.64751434	3.95238662
80.72399777	-9.64751434	3.95238662
80.72799777	-9.64751434	0.00000000
80.73199777	-9.64751434	3.95238662
80.73599777	-9.64751434	3.95238662
80.73999777	-9.64751434	0.00000000
80.74399777	-9.64751434	3.95238662
80.74799777	-9.64751434	3.95238662
80.75199777	-9.64751434	3.95238662
80.75599777	-9.64751434	3.95238662
80.75999777	-9.64751434	3.95238662
80.76399777	-9.64751434	3.95238662
80.76799777	-9.64751434	7.90477324
80.77199777	-9.64751434	0.00000000
80.77599777	-9.64751434	3.95238662
80.77999777	-9.64751434	0.00000000
80.78399777	-9.64751434	3.95238662
80.78799777	-9.64751434	0.00000000
80.79199777	-9.64751434	3.95238662
80.79599777	-9.64751434	0.00000000
80.79999777	-9.64751434	3.95238662
80.80399777	-9.64751434	3.95238662
80.80799777	-9.64751434	3.95238662
80.81199777	-9.64751434	3.95238662
80.81599777	-9.64751434	3.95238662
80.81999777	-9.64751434	3.95238662
80.82399777	-9.64751434	3.95238662
80.82799777	-9.64751434	3.95238662
80.83199777	-9.64751434	3.95238662
80.83599777	-9.64751434	3.95238662
80.83999777	-9.64751434	0.00000000
80.84399777	-9.64751434	3.95238662
80.84799777	-9.64751434	3.95238662
80.85199777	-9.64751434	3.95238662
80.85599777	-9.64751434	3.95238662
80.85999777	-9.64751434	3.95238662
80.86399777	-9.64751434	3.95238662
80.86799777	-9.64751434	3.95238662
80.87199777	-9.64751434	3.95238662
80.87599777	-9.64751434	0.00000000
80.87999777	-9.64751434	3.95238662
80.88399777	-9.64751434	0.00000000
80.88799777	-9.64751434	3.95238662
80.89199777	-9.64751434	0.00000000
80.89599777	-9.64751434	3.95238662
80.89999777	-9.64751434	7.90477324
80.90399777	-9.64751434	0.00000000
80.90799777	-9.64751434	3.95238662
80.91199777	-9.64751434	3.95238662
80.91599777	-9.64751434	3.95238662
80.91999777	-9.64751434	3.95238662
80.92399777	-9.64751434	3.95238662
80.92799777	-9.64751434	3.95238662
80.93199777	-9.64751434	3.95238662
80.93599777	-9.64751434	3.95238662
80.93999777	-9.64751434	3.95238662
80.94399776	-9.64751434	3.95238662
80.94799776	-9.64751434	3.95238662
80.95199776	-9.64751434	3.95238662
80.95599776	-9.64751434	3.95238662
80.95999776	-9.64751434	3.95238662
80.96399776	-9.64751434	3.95238662
80.96799776	-9.64751434	3.95238662
80.97199776	-9.64751434	0.00000000
80.97599776	-9.64751434	3.95238662
80.97999776	-9.64751434	3.95238662
80.98399776	-9.64751434	3.95238662
80.98799776	-9.64751434	0.00000000
80.99199776	-9.64751434	3.95238662
80.99599776	-9.64751434	3.95238662
80.99999776	-9.64751434	3.95238662
81.00399776	-9.64751434	3.95238662
81.00799776	-9.64751434	3.95238662
81.01199776	-9.64751434	3.95238662
81.01599776	-9.64751434	3.95238662
81.01999776	-9.64751434	3.95238662
81.02399776	-9.64751434	3.95238662
81.02799776	-9.64751434	3.95238662
81.03199776	-9.64751434	3.95238662
81.03599776	-9.64751434	3.95238662
81.03999776	-9.64751434	0.00000000
81.04399776	-9.64751434	3.95238662
81.04799776	-9.64751434	3.95238662
81.05199776	-9.64751434	3.95238662
81.05599776	-9.64751434	3.95238662
81.05999776	-9.64751434	0.00000000
81.06399776	-9.64751434	3.95238662
81.06799776	-9.64751434	3.95238662
81.07199776	-9.64751434	3.95238662
81.07599776	-9.64751434	3.95238662
81.07999776	-9.64751434	3.95238662
81.08399776	-9.64751434	3.95238662
81.08799776	-9.64751434	3.95238662
81.09199776	-9.64751434	3.95238662
81.09599776	-9.64751434	3.95238662
81.09999776	-9.64751434	0.00000000
81.10399776	-9.64751434	3.95238662
81.10799776	-9.64751434	3.95238662
81.11199776	-9.64751434	3.95238662
81.11599776	-9.64751434	3.95238662
81.11999776	-9.64751434	3.95238662
81.12399776	-9.64751434	3.95238662
81.12799776	-9.64751434	3.95238662
81.13199776	-9.64751434	3.95238662
81.13599776	-9.64751434	3.95238662
81.13999776	-9.64751434	3.95238662
81.14399776	-9.64751434	3.95238662
81.14799776	-9.64751434	0.00000000
81.15199776	-9.64751434	3.95238662
81.15599776	-9.64751434	3.95238662
81.15999776	-9.64751434	3.95238662
81.16399776	-9.64751434	3.95238662
81.16799776	-9.64751434	0.00000000
81.17199776	-9.64751434	3.95238662
81.17599776	-9.64751434	0.00000000
81.17999776	-9.64751434	3.95238662
81.18399776	-9.64751434	3.95238662
81.18799776	-9.64751434	3.95238662
81.19199776	-9.64751434	3.95238662
81.19599776	-9.64751434	0.00000000
81.19999776	-9.64751434	3.95238662
81.20399776	-9.64751434	0.00000000
81.20799776	-9.64751434	3.95238662
81.21199776	-9.64751434	0.00000000
81.21599776	-9.64751434	3.95238662
81.21999776	-9.64751434	0.00000000
81.22399776	-9.64751434	0.00000000
81.22799776	-9.64751434	3.95238662
81.23199776	-9.64751434	0.00000000
81.23599776	-9.64751434	3.95238662
81.23999776	-9.64751434	3.95238662
81.24399776	-9.64751434	3.95238662
81.24799776	-9.64751434	3.95238662
81.25199776	-9.64751434	3.95238662
81.25599776	-9.64751434	0.00000000
81.25999776	-9.64751434	3.95238662
81.26399776	-9.64751434	0.00000000
81.26799776	-9.64751434	3.95238662
81.27199776	-9.64751434	0.00000000
81.27599776	-9.64751434	3.95238662
81.27999776	-9.64751434	3.95238662
81.28399776	-9.64751434	0.00000000
81.28799776	-9.64751434	3.95238662
81.29199776	-9.64751434	0.00000000
81.29599775	-9.64751434	3.95238662
81.29999775	-9.64751434	3.95238662
81.30399775	-9.64751434	3.95238662
81.30799775	-9.64751434	3.95238662
81.31199775	-9.64751434	3.95238662
81.31599775	-9.64751434	0.00000000
81.31999775	-9.64751434	3.95238662
81.32399775	-9.64751434	3.95238662
81.32799775	-9.64751434	3.95238662
81.33199775	-9.64751434	3.95238662
81.33599775	-9.64751434	3.95238662
81.33999775	-9.64751434	3.95238662
81.34399775	-9.64751434	3.95238662
81.34799775	-9.64751434	0.00000000
81.35199775	-9.64751434	3.95238662
81.35599775	-9.64751434	3.95238662
81.35999775	-9.64751434	3.95238662
81.36399775	-9.64751434	3.95238662
81.36799775	-9.64751434	3.95238662
81.37199775	-9.64751434	3.95238662
81.37599775	-9.64751434	3.95238662
81.37999775	-9.64751434	0.00000000
81.38399775	-9.64751434	3.95238662
81.38799775	-9.64751434	0.00000000
81.39199775	-9.64751434	3.95238662
81.39599775	-9.64751434	3.95238662
81.39999775	-9.64751434	3.95238662
81.40399775	-9.64751434	3.95238662
81.40799775	-9.64751434	3.95238662
81.41199775	-9.64751434	3.95238662
81.41599775	-9.64751434	3.95238662
81.41999775	-9.64751434	0.00000000
81.42399775	-9.64751434	3.95238662
81.42799775	-9.64751434	3.95238662
81.43199775	-9.64751434	3.95238662
81.43599775	-9.64751434	7.90477324
81.43999775	-9.64751434	3.95238662
81.44399775	-9.64751434	3.95238662
81.44799775	-9.64751434	3.95238662
81.45199775	-9.64751434	3.95238662
81.45599775	-9.64751434	0.00000000
81.45999775	-9.64751434	0.00000000
81.46399775	-9.64751434	3.95238662
81.46799775	-9.64751434	0.00000000
81.47199775	-9.64751434	3.95238662
81.47599775	-9.64751434	3.95238662
81.47999775	-9.64751434	3.95238662
81.48399775	-9.64751434	0.00000000
81.48799775	-9.64751434	3.95238662
81.49199775	-9.64751434	3.95238662
81.49599775	-9.64751434	3.95238662
81.49999775	-9.64751434	0.00000000
81.50399775	-9.64751434	3.95238662
81.50799775	-9.64751434	3.95238662
81.51199775	-9.64751434	3.95238662
81.51599775	-9.64751434	3.95238662
81.51999775	-9.64751434	3.95238662
81.52399775	-9.64751434	3.95238662
81.52799775	-9.64751434	0.00000000
81.53199775	-9.64751434	3.95238662
81.53599775	-9.64751434	3.95238662
81.53999775	-9.64751434	3.95238662
81.54399775	-9.64751434	0.00000000
81.54799775	-9.64751434	3.95238662
81.55199775	-9.64751434	3.95238662
81.55599775	-9.64751434	3.95238662
81.55999775	-9.64751434	3.95238662
81.56399775	-9.64751434	3.95238662
81.56799775	-9.64751434	3.95238662
81.57199775	-9.64751434	0.00000000
81.57599775	-9.64751434	3.95238662
81.57999775	-9.64751434	3.95238662
81.58399775	-9.64751434	3.95238662
81.58799775	-9.64751434	3.95238662
81.59199775	-9.64751434	3.95238662
81.59599775	-9.64751434	3.95238662
81.59999775	-9.64751434	0.00000000
81.60399775	-9.64751434	3.95238662
81.60799775	-9.64751434	3.95238662
81.61199775	-9.64751434	3.95238662
81.61599775	-9.64751434	3.95238662
81.61999775	-9.64751434	3.95238662
81.62399775	-9.64751434	0.00000000
81.62799775	-9.64751434	3.95238662
81.63199775	-9.64751434	3.95238662
81.63599775	-9.64751434	3.95238662
81.63999775	-9.64751434	3.95238662
81.64399775	-9.64751434	3.95238662
81.64799775	-9.64751434	3.95238662
81.65199774	-9.64751434	0.00000000
81.65599774	-9.64751434	3.95238662
81.65999774	-9.64751434	0.00000000
81.66399774	-9.64751434	3.95238662
81.66799774	-9.64751434	0.00000000
81.67199774	-9.64751434	0.00000000
81.67599774	-9.64751434	3.95238662
81.67999774	-9.64751434	0.00000000
81.68399774	-9.64751434	0.00000000
81.68799774	-9.64751434	3.95238662
81.69199774	-9.64751434	0.00000000
81.69599774	-9.64751434	3.95238662
81.69999774	-9.64751434	3.95238662
81.70399774	-9.64751434	3.95238662
81.70799774	-9.64751434	3.95238662
81.71199774	-9.64751434	3.95238662
81.71599774	-9.64751434	3.95238662
81.71999774	-9.64751434	3.95238662
81.72399774	-9.64751434	3.95238662
81.72799774	-9.64751434	3.95238662
81.73199774	-9.64751434	3.95238662
81.73599774	-9.64751434	3.95238662
81.73999774	-9.64751434	0.00000000
81.74399774	-9.64751434	3.95238662
81.74799774	-9.64751434	0.00000000
81.75199774	-9.64751434	3.95238662
81.75599774	-9.64751434	0.00000000
81.75999774	-9.64751434	3.95238662
81.76399774	-9.64751434	0.00000000
81.76799774	-9.64751434	3.95238662
81.77199774	-9.64751434	0.00000000
81.77599774	-9.64751434	3.95238662
81.77999774	-9.64751434	3.95238662
81.78399774	-9.64751434	3.95238662
81.78799774	-9.64751434	3.95238662
81.79199774	-9.64751434	0.00000000
81.79599774	-9.64751434	3.95238662
81.79999774	-9.64751434	3.95238662
81.80399774	-9.64751434	0.00000000
81.80799774	-9.64751434	3.95238662
81.81199774	-9.64751434	3.95238662
81.81599774	-9.64751434	3.95238662
81.81999774	-9.64751434	3.95238662
81.82399774	-9.64751434	3.95238662
81.82799774	-9.64751434	3.95238662
81.83199774	-9.64751434	3.95238662
81.83599774	-9.64751434	3.95238662
81.83999774	-9.64751434	3.95238662
81.84399774	-9.64751434	0.00000000
81.84799774	-9.64751434	3.95238662
81.85199774	-9.64751434	0.00000000
81.85599774	-9.64751434	3.95238662
81.85999774	-9.64751434	3.95238662
81.86399774	-9.64751434	3.95238662
81.86799774	-9.64751434	0.00000000
81.87199774	-9.64751434	3.95238662
81.87599774	-9.64751434	0.00000000
81.87999774	-9.64751434	3.95238662
81.88399774	-9.64751434	0.00000000
81.88799774	-9.64751434	3.95238662
81.89199774	-9.64751434	3.95238662
81.89599774	-9.64751434	3.95238662
81.89999774	-9.64751434	3.95238662
81.90399774	-9.64751434	3.95238662
81.90799774	-9.64751434	3.95238662
81.91199774	-9.64751434	3.95238662
81.91599774	-9.64751434	3.95238662
81.91999774	-9.64751434	3.95238662
81.92399774	-9.64751434	3.95238662
81.92799774	-9.64751434	3.95238662
81.93199774	-9.64751434	3.95238662
81.93599774	-9.64751434	0.00000000
81.93999774	-9.64751434	3.95238662
81.94399774	-9.64751434	3.95238662
81.94799774	-9.64751434	3.95238662
81.95199774	-9.64751434	3.95238662
81.95599774	-9.64751434	0.00000000
81.95999774	-9.64751434	3.95238662
81.96399774	-9.64751434	3.95238662
81.96799774	-9.64751434	0.00000000
81.97199774	-9.64751434	3.95238662
81.97599774	-9.64751434	3.95238662
81.97999774	-9.64751434	3.95238662
81.98399774	-9.64751434	3.95238662
81.98799774	-9.64751434	3.95238662
81.99199774	-9.64751434	0.00000000
81.99599774	-9.64751434	0.00000000
81.99999774	-9.64751434	3.95238662
82.00399773	-9.64751434	3.95238662
82.00799773	-9.64751434	3.95238662
82.01199773	-9.64751434	3.95238662
82.01599773	-9.64751434	3.95238662
82.01999773	-9.64751434	3.95238662
82.02399773	-9.64751434	3.95238662
82.02799773	-9.64751434	3.95238662
82.03199773	-9.64751434	3.95238662
82.03599773	-9.64751434	3.95238662
82.03999773	-9.64751434	3.95238662
82.04399773	-9.64751434	3.95238662
82.04799773	-9.64751434	3.95238662
82.05199773	-9.64751434	0.00000000
82.05599773	-9.64751434	0.00000000
82.05999773	-9.64751434	3.95238662
82.06399773	-9.64751434	3.95238662
82.06799773	-9.64751434	3.95238662
82.07199773	-9.64751434	3.95238662
82.07599773	-9.64751434	0.00000000
82.07999773	-9.64751434	3.95238662
82.08399773	-9.64751434	0.00000000
82.08799773	-9.64751434	0.00000000
82.09199773	-9.64751434	0.00000000
82.09599773	-9.64751434	7.90477324
82.09999773	-9.64751434	3.95238662
82.10399773	-9.64751434	0.00000000
82.10799773	-9.64751434	0.00000000
82.11199773	-9.64751434	3.95238662
82.11599773	-9.64751434	0.00000000
82.11999773	-9.64751434	3.95238662
82.12399773	-9.64751434	0.00000000
82.12799773	-9.64751434	3.95238662
82.13199773	-9.64751434	3.95238662
82.13599773	-9.64751434	3.95238662
82.13999773	-9.64751434	3.95238662
82.14399773	-9.64751434	3.95238662
82.14799773	-9.64751434	3.95238662
82.15199773	-9.64751434	3.95238662
82.15599773	-9.64751434	3.95238662
82.15999773	-9.64751434	0.00000000
82.16399773	-9.64751434	3.95238662
82.16799773	-9.64751434	0.00000000
82.17199773	-9.64751434	0.00000000
82.17599773	-9.64751434	3.95238662
82.17999773	-9.64751434	3.95238662
82.18399773	-9.64751434	3.95238662
82.18799773	-9.64751434	3.95238662
82.19199773	-9.64751434	0.00000000
82.19599773	-9.64751434	0.00000000
82.19999773	-9.64751434	3.95238662
82.20399773	-9.64751434	3.95238662
82.20799773	-9.64751434	3.95238662
82.21199773	-9.64751434	3.95238662
82.21599773	-9.64751434	3.95238662
82.21999773	-9.64751434	3.95238662
82.22399773	-9.64751434	3.95238662
82.22799773	-9.64751434	3.95238662
82.23199773	-9.64751434	3.95238662
82.23599773	-9.64751434	3.95238662
82.23999773	-9.64751434	3.95238662
82.24399773	-9.64751434	0.00000000
82.24799773	-9.64751434	3.95238662
82.25199773	-9.64751434	0.00000000
82.25599773	-9.64751434	3.95238662
82.25999773	-9.64751434	3.95238662
82.26399773	-9.64751434	3.95238662
82.26799773	-9.64751434	3.95238662
82.27199773	-9.64751434	3.95238662
82.27599773	-9.64751434	3.95238662
82.27999773	-9.64751434	3.95238662
82.28399773	-9.64751434	0.00000000
82.28799773	-9.64751434	0.00000000
82.29199773	-9.64751434	3.95238662
82.29599773	-9.64751434	3.95238662
82.29999773	-9.64751434	3.95238662
82.30399773	-9.64751434	3.95238662
82.30799773	-9.64751434	3.95238662
82.31199773	-9.64751434	3.95238662
82.31599773	-9.64751434	0.00000000
82.31999773	-9.64751434	3.95238662
82.32399773	-9.64751434	3.95238662
82.32799773	-9.64751434	3.95238662
82.33199773	-9.64751434	0.00000000
82.33599773	-9.64751434	3.95238662
82.33999773	-9.64751434	3.95238662
82.34399773	-9.64751434	3.95238662
82.34799773	-9.64751434	0.00000000
82.35199773	-9.64751434	3.95238662
82.35599772	-9.64751434	3.95238662
82.35999772	-9.64751434	3.95238662
82.36399772	-9.64751434	3.95238662
82.36799772	-9.64751434	3.95238662
82.37199772	-9.64751434	3.95238662
82.37599772	-9.64751434	3.95238662
82.37999772	-9.64751434	3.95238662
82.38399772	-9.64751434	3.95238662
82.38799772	-9.64751434	3.95238662
82.39199772	-9.64751434	3.95238662
82.39599772	-9.64751434	0.00000000
82.39999772	-9.64751434	3.95238662
82.40399772	-9.64751434	3.95238662
82.40799772	-9.64751434	0.00000000
82.41199772	-9.64751434	0.00000000
82.41599772	-9.64751434	3.95238662
82.41999772	-9.64751434	3.95238662
82.42399772	-9.64751434	3.95238662
82.42799772	-9.64751434	3.95238662
82.43199772	-9.64751434	3.95238662
82.43599772	-9.64751434	0.00000000
82.43999772	-9.64751434	3.95238662
82.44399772	-9.64751434	0.00000000
82.44799772	-9.64751434	3.95238662
82.45199772	-9.64751434	3.95238662
82.45599772	-9.64751434	3.95238662
82.45999772	-9.64751434	3.95238662
82.46399772	-9.64751434	3.95238662
82.46799772	-9.64751434	3.95238662
82.47199772	-9.64751434	3.95238662
82.47599772	-9.64751434	0.00000000
82.47999772	-9.64751434	3.95238662
82.48399772	-9.64751434	3.95238662
82.48799772	-9.64751434	3.95238662
82.49199772	-9.64751434	3.95238662
82.49599772	-9.64751434	3.95238662
82.49999772	-9.64751434	0.00000000
82.50399772	-9.64751434	0.00000000
82.50799772	-9.64751434	0.00000000
82.51199772	-9.64751434	0.00000000
82.51599772	-9.64751434	0.00000000
82.51999772	-9.64751434	3.95238662
82.52399772	-9.64751434	3.95238662
82.52799772	-9.64751434	3.95238662
82.53199772	-9.64751434	3.95238662
82.53599772	-9.64751434	3.95238662
82.53999772	-9.64751434	3.95238662
82.54399772	-9.64751434	3.95238662
82.54799772	-9.64751434	3.95238662
82.55199772	-9.64751434	3.95238662
82.55599772	-9.64751434	3.95238662
82.55999772	-9.64751434	3.95238662
82.56399772	-9.64751434	3.95238662
82.56799772	-9.64751434	3.95238662
82.57199772	-9.64751434	3.95238662
82.57599772	-9.64751434	3.95238662
82.57999772	-9.64751434	3.95238662
82.58399772	-9.64751434	3.95238662
82.58799772	-9.64751434	3.95238662
82.59199772	-9.64751434	3.95238662
82.59599772	-9.64751434	3.95238662
82.59999772	-9.64751434	0.00000000
82.60399772	-9.64751434	0.00000000
82.60799772	-9.64751434	3.95238662
82.61199772	-9.64751434	3.95238662
82.61599772	-9.64751434	3.95238662
82.61999772	-9.64751434	0.00000000
82.62399772	-9.64751434	3.95238662
82.62799772	-9.64751434	3.95238662
82.63199772	-9.64751434	3.95238662
82.63599772	-9.64751434	0.00000000
82.63999772	-9.64751434	3.95238662
82.64399772	-9.64751434	3.95238662
82.64799772	-9.64751434	3.95238662
82.65199772	-9.64751434	3.95238662
82.65599772	-9.64751434	3.95238662
82.65999772	-9.64751434	3.95238662
82.66399772	-9.64751434	3.95238662
82.66799772	-9.64751434	0.00000000
82.67199772	-9.64751434	3.95238662
82.67599772	-9.64751434	0.00000000
82.67999772	-9.64751434	3.95238662
82.68399772	-9.64751434	3.95238662
82.68799772	-9.64751434	3.95238662
82.69199772	-9.64751434	3.95238662
82.69599772	-9.64751434	3.95238662
82.69999772	-9.64751434	3.95238662
82.70399772	-9.64751434	0.00000000
82.70799772	-9.64751434	3.95238662
82.71199771	-9.64751434	3.95238662
82.71599771	-9.64751434	3.95238662
82.71999771	-9.64751434	7.90477324
82.72399771	-9.64751434	3.95238662
82.72799771	-9.64751434	3.95238662
82.73199771	-9.64751434	0.00000000
82.73599771	-9.64751434	3.95238662
82.73999771	-9.64751434	7.90477324
82.74399771	-9.64751434	3.95238662
82.74799771	-9.64751434	3.95238662
82.75199771	-9.64751434	3.95238662
82.75599771	-9.64751434	3.95238662
82.75999771	-9.64751434	3.95238662
82.76399771	-9.64751434	0.00000000
82.76799771	-9.64751434	3.95238662
82.77199771	-9.64751434	3.95238662
82.77599771	-9.64751434	3.95238662
82.77999771	-9.64751434	3.95238662
82.78399771	-9.64751434	3.95238662
82.78799771	-9.64751434	3.95238662
82.79199771	-9.64751434	3.95238662
82.79599771	-9.64751434	0.00000000
82.79999771	-9.64751434	3.95238662
82.80399771	-9.64751434	3.95238662
82.80799771	-9.64751434	3.95238662
82.81199771	-9.64751434	0.00000000
82.81599771	-9.64751434	0.00000000
82.81999771	-9.64751434	3.95238662
82.82399771	-9.64751434	3.95238662
82.82799771	-9.64751434	0.00000000
82.83199771	-9.64751434	3.95238662
82.83599771	-9.64751434	3.95238662
82.83999771	-9.64751434	3.95238662
82.84399771	-9.64751434	0.00000000
82.84799771	-9.64751434	3.95238662
82.85199771	-9.64751434	3.95238662
82.85599771	-9.64751434	0.00000000
82.85999771	-9.64751434	3.95238662
82.86399771	-9.64751434	0.00000000
82.86799771	-9.64751434	3.95238662
82.87199771	-9.64751434	0.00000000
82.87599771	-9.64751434	3.95238662
82.87999771	-9.64751434	0.00000000
82.88399771	-9.64751434	3.95238662
82.88799771	-9.64751434	0.00000000
82.89199771	-9.64751434	0.00000000
82.89599771	-9.64751434	3.95238662
82.89999771	-9.64751434	3.95238662
82.90399771	-9.64751434	3.95238662
82.90799771	-9.64751434	0.00000000
82.91199771	-9.64751434	0.00000000
82.91599771	-9.64751434	3.95238662
82.91999771	-9.64751434	3.95238662
82.92399771	-9.64751434	0.00000000
82.92799771	-9.64751434	3.95238662
82.93199771	-9.64751434	3.95238662
82.93599771	-9.64751434	3.95238662
82.93999771	-9.64751434	3.95238662
82.94399771	-9.64751434	3.95238662
82.94799771	-9.64751434	3.95238662
82.95199771	-9.64751434	3.95238662
82.95599771	-9.64751434	0.00000000
82.95999771	-9.64751434	0.00000000
82.96399771	-9.64751434	3.95238662
82.96799771	-9.64751434	0.00000000
82.97199771	-9.64751434	3.95238662
82.97599771	-9.64751434	0.00000000
82.97999771	-9.64751434	0.00000000
82.98399771	-9.64751434	3.95238662
82.98799771	-9.64751434	3.95238662
82.99199771	-9.64751434	3.95238662
82.99599771	-9.64751434	3.95238662
82.99999771	-9.64751434	3.95238662
83.00399771	-9.64751434	0.00000000
83.00799771	-9.64751434	3.95238662
83.01199771	-9.64751434	3.95238662
83.01599771	-9.64751434	3.95238662
83.01999771	-9.64751434	3.95238662
83.02399771	-9.64751434	3.95238662
83.02799771	-9.64751434	3.95238662
83.03199771	-9.64751434	3.95238662
83.03599771	-9.64751434	3.95238662
83.03999771	-9.64751434	3.95238662
83.04399771	-9.64751434	3.95238662
83.04799771	-9.64751434	3.95238662
83.05199771	-9.64751434	0.00000000
83.05599771	-9.64751434	3.95238662
83.05999771	-9.64751434	3.95238662
83.06399770	-9.64751434	0.00000000
83.06799770	-9.64751434	3.95238662
83.07199770	-9.64751434	3.95238662
83.07599770	-9.64751434	3.95238662
83.07999770	-9.64751434	3.95238662
83.08399770	-9.64751434	3.95238662
83.08799770	-9.64751434	3.95238662
83.09199770	-9.64751434	0.00000000
83.09599770	-9.64751434	3.95238662
83.09999770	-9.64751434	3.95238662
83.10399770	-9.64751434	3.95238662
83.10799770	-9.64751434	3.95238662
83.11199770	-9.64751434	0.00000000
83.11599770	-9.64751434	3.95238662
83.11999770	-9.64751434	3.95238662
83.12399770	-9.64751434	3.95238662
83.12799770	-9.64751434	3.95238662
83.13199770	-9.64751434	3.95238662
83.13599770	-9.64751434	0.00000000
83.13999770	-9.64751434	3.95238662
83.14399770	-9.64751434	3.95238662
83.14799770	-9.64751434	0.00000000
83.15199770	-9.64751434	3.95238662
83.15599770	-9.64751434	3.95238662
83.15999770	-9.64751434	0.00000000
83.16399770	-9.64751434	3.95238662
83.16799770	-9.64751434	3.95238662
83.17199770	-9.64751434	3.95238662
83.17599770	-9.64751434	3.95238662
83.17999770	-9.64751434	3.95238662
83.18399770	-9.64751434	3.95238662
83.18799770	-9.64751434	0.00000000
83.19199770	-9.64751434	3.95238662
83.19599770	-9.64751434	0.00000000
83.19999770	-9.64751434	3.95238662
83.20399770	-9.64751434	3.95238662
83.20799770	-9.64751434	0.00000000
83.21199770	-9.64751434	3.95238662
83.21599770	-9.64751434	3.95238662
83.21999770	-9.64751434	3.95238662
83.22399770	-9.64751434	3.95238662
83.22799770	-9.64751434	0.00000000
83.23199770	-9.64751434	3.95238662
83.23599770	-9.64751434	0.00000000
83.23999770	-9.64751434	3.95238662
83.24399770	-9.64751434	3.95238662
83.24799770	-9.64751434	3.95238662
83.25199770	-9.64751434	3.95238662
83.25599770	-9.64751434	0.00000000
83.25999770	-9.64751434	3.95238662
83.26399770	-9.64751434	0.00000000
83.26799770	-9.64751434	3.95238662
83.27199770	-9.64751434	3.95238662
83.27599770	-9.64751434	0.00000000
83.27999770	-9.64751434	3.95238662
83.28399770	-9.64751434	0.00000000
83.28799770	-9.64751434	3.95238662
83.29199770	-9.64751434	3.95238662
83.29599770	-9.64751434	3.95238662
83.29999770	-9.64751434	3.95238662
83.30399770	-9.64751434	3.95238662
83.30799770	-9.64751434	3.95238662
83.31199770	-9.64751434	3.95238662
83.31599770	-9.64751434	3.95238662
83.31999770	-9.64751434	3.95238662
83.32399770	-9.64751434	0.00000000
83.32799770	-9.64751434	0.00000000
83.33199770	-9.64751434	3.95238662
83.33599770	-9.64751434	0.00000000
83.33999770	-9.64751434	0.00000000
83.34399770	-9.64751434	3.95238662
83.34799770	-9.64751434	0.00000000
83.35199770	-9.64751434	3.95238662
83.35599770	-9.64751434	3.95238662
83.35999770	-9.64751434	3.95238662
83.36399770	-9.64751434	0.00000000
83.36799770	-9.64751434	3.95238662
83.37199770	-9.64751434	3.95238662
83.37599770	-9.64751434	3.95238662
83.37999770	-9.64751434	3.95238662
83.38399770	-9.64751434	3.95238662
83.38799770	-9.64751434	3.95238662
83.39199770	-9.64751434	3.95238662
83.39599770	-9.64751434	3.95238662
83.39999770	-9.64751434	3.95238662
83.40399770	-9.64751434	3.95238662
83.40799770	-9.64751434	3.95238662
83.41199770	-9.64751434	3.95238662
83.41599770	-9.64751434	3.95238662
83.41999769	-9.64751434	3.95238662
83.42399769	-9.64751434	3.95238662
83.42799769	-9.64751434	3.95238662
83.43199769	-9.64751434	0.00000000
83.43599769	-9.64751434	3.95238662
83.43999769	-9.64751434	3.95238662
83.44399769	-9.64751434	0.00000000
83.44799769	-9.64751434	0.00000000
83.45199769	-9.64751434	0.00000000
83.45599769	-9.64751434	3.95238662
83.45999769	-9.64751434	3.95238662
83.46399769	-9.64751434	0.00000000
83.46799769	-9.64751434	3.95238662
83.47199769	-9.64751434	0.00000000
83.47599769	-9.64751434	0.00000000
83.47999769	-9.64751434	0.00000000
83.48399769	-9.64751434	3.95238662
83.48799769	-9.64751434	3.95238662
83.49199769	-9.64751434	0.00000000
83.49599769	-9.64751434	0.00000000
83.49999769	-9.64751434	0.00000000
83.50399769	-9.64751434	3.95238662
83.50799769	-9.64751434	3.95238662
83.51199769	-9.64751434	3.95238662
83.51599769	-9.64751434	0.00000000
83.51999769	-9.64751434	3.95238662
83.52399769	-9.64751434	3.95238662
83.52799769	-9.64751434	0.00000000
83.53199769	-9.64751434	3.95238662
83.53599769	-9.64751434	3.95238662
83.53999769	-9.64751434	3.95238662
83.54399769	-9.64751434	3.95238662
83.54799769	-9.64751434	3.95238662
83.55199769	-9.64751434	3.95238662
83.55599769	-9.64751434	3.95238662
83.55999769	-9.64751434	0.00000000
83.56399769	-9.64751434	3.95238662
83.56799769	-9.64751434	3.95238662
83.57199769	-9.64751434	3.95238662
83.57599769	-9.64751434	0.00000000
83.57999769	-9.64751434	3.95238662
83.58399769	-9.64751434	7.90477324
83.58799769	-9.64751434	3.95238662
83.59199769	-9.64751434	0.00000000
83.59599769	-9.64751434	0.00000000
83.59999769	-9.64751434	3.95238662
83.60399769	-9.64751434	3.95238662
83.60799769	-9.64751434	3.95238662
83.61199769	-9.64751434	3.95238662
83.61599769	-9.64751434	3.95238662
83.61999769	-9.64751434	0.00000000
83.62399769	-9.64751434	3.95238662
83.62799769	-9.64751434	0.00000000
83.63199769	-9.64751434	0.00000000
83.63599769	-9.64751434	0.00000000
83.63999769	-9.64751434	3.95238662
83.64399769	-9.64751434	3.95238662
83.64799769	-9.64751434	3.95238662
83.65199769	-9.64751434	3.95238662
83.65599769	-9.64751434	3.95238662
83.65999769	-9.64751434	3.95238662
83.66399769	-9.64751434	3.95238662
83.66799769	-9.64751434	3.95238662
83.67199769	-9.64751434	3.95238662
83.67599769	-9.64751434	3.95238662
83.67999769	-9.64751434	3.95238662
83.68399769	-9.64751434	3.95238662
83.68799769	-9.64751434	3.95238662
83.69199769	-9.64751434	3.95238662
83.69599769	-9.64751434	3.95238662
83.69999769	-9.64751434	3.95238662
83.70399769	-9.64751434	3.95238662
83.70799769	-9.64751434	0.00000000
83.71199769	-9.64751434	0.00000000
83.71599769	-9.64751434	0.00000000
83.71999769	-9.64751434	3.95238662
83.72399769	-9.64751434	0.00000000
83.72799769	-9.64751434	3.95238662
83.73199769	-9.64751434	3.95238662
83.73599769	-9.64751434	3.95238662
83.73999769	-9.64751434	3.95238662
83.74399769	-9.64751434	3.95238662
83.74799769	-9.64751434	3.95238662
83.75199769	-9.64751434	0.00000000
83.75599769	-9.64751434	3.95238662
83.75999769	-9.64751434	3.95238662
83.76399769	-9.64751434	3.95238662
83.76799769	-9.64751434	3.95238662
83.77199768	-9.64751434	3.95238662
83.77599768	-9.64751434	3.95238662
83.77999768	-9.64751434	3.95238662
83.78399768	-9.64751434	3.95238662
83.78799768	-9.64751434	3.95238662
83.79199768	-9.64751434	0.00000000
83.79599768	-9.64751434	0.00000000
83.79999768	-9.64751434	3.95238662
83.80399768	-9.64751434	3.95238662
83.80799768	-9.64751434	3.95238662
83.81199768	-9.64751434	3.95238662
83.81599768	-9.64751434	3.95238662
83.81999768	-9.64751434	3.95238662
83.82399768	-9.64751434	3.95238662
83.82799768	-9.64751434	3.95238662
83.83199768	-9.64751434	0.00000000
83.83599768	-9.64751434	0.00000000
83.83999768	-9.64751434	3.95238662
83.84399768	-9.64751434	0.00000000
83.84799768	-9.64751434	3.95238662
83.85199768	-9.64751434	3.95238662
83.85599768	-9.64751434	3.95238662
83.85999768	-9.64751434	3.95238662
83.86399768	-9.64751434	3.95238662
83.86799768	-9.64751434	3.95238662
83.87199768	-9.64751434	3.95238662
83.87599768	-9.64751434	3.95238662
83.87999768	-9.64751434	3.95238662
83.88399768	-9.64751434	3.95238662
83.88799768	-9.64751434	3.95238662
83.89199768	-9.64751434	0.00000000
83.89599768	-9.64751434	3.95238662
83.89999768	-9.64751434	3.95238662
83.90399768	-9.64751434	3.95238662
83.90799768	-9.64751434	3.95238662
83.91199768	-9.64751434	3.95238662
83.91599768	-9.64751434	0.00000000
83.91999768	-9.64751434	3.95238662
83.92399768	-9.64751434	3.95238662
83.92799768	-9.64751434	3.95238662
83.93199768	-9.64751434	3.95238662
83.93599768	-9.64751434	3.95238662
83.93999768	-9.64751434	3.95238662
83.94399768	-9.64751434	3.95238662
83.94799768	-9.64751434	0.00000000
83.95199768	-9.64751434	3.95238662
83.95599768	-9.64751434	3.95238662
83.95999768	-9.64751434	3.95238662
83.96399768	-9.64751434	3.95238662
83.96799768	-9.64751434	3.95238662
83.97199768	-9.64751434	3.95238662
83.97599768	-9.64751434	3.95238662
83.97999768	-9.64751434	3.95238662
83.98399768	-9.64751434	3.95238662
83.98799768	-9.64751434	0.00000000
83.99199768	-9.64751434	3.95238662
83.99599768	-9.64751434	0.00000000
83.99999768	-9.64751434	3.95238662
84.00399768	-9.64751434	3.95238662
84.00799768	-9.64751434	3.95238662
84.01199768	-9.64751434	3.95238662
84.01599768	-9.64751434	3.95238662
84.01999768	-9.64751434	3.95238662
84.02399768	-9.64751434	3.95238662
84.02799768	-9.64751434	0.00000000
84.03199768	-9.64751434	3.95238662
84.03599768	-9.64751434	3.95238662
84.03999768	-9.64751434	3.95238662
84.04399768	-9.64751434	3.95238662
84.04799768	-9.64751434	3.95238662
84.05199768	-9.64751434	3.95238662
84.05599768	-9.64751434	3.95238662
84.05999768	-9.64751434	3.95238662
84.06399768	-9.64751434	3.95238662
84.06799768	-9.64751434	3.95238662
84.07199768	-9.64751434	0.00000000
84.07599768	-9.64751434	3.95238662
84.07999768	-9.64751434	3.95238662
84.08399768	-9.64751434	3.95238662
84.08799768	-9.64751434	3.95238662
84.09199768	-9.64751434	3.95238662
84.09599768	-9.64751434	3.95238662
84.09999768	-9.64751434	0.00000000
84.10399768	-9.64751434	3.95238662
84.10799768	-9.64751434	3.95238662
84.11199768	-9.64751434	3.95238662
84.11599768	-9.64751434	3.95238662
84.11999768	-9.64751434	0.00000000
84.12399767	-9.64751434	3.95238662
84.12799767	-9.64751434	3.95238662
84.13199767	-9.64751434	3.95238662
84.13599767	-9.64751434	3.95238662
84.13999767	-9.64751434	3.95238662
84.14399767	-9.64751434	3.95238662
84.14799767	-9.64751434	3.95238662
84.15199767	-9.64751434	3.95238662
84.15599767	-9.64751434	3.95238662
84.15999767	-9.64751434	3.95238662
84.16399767	-9.64751434	3.95238662
84.16799767	-9.64751434	3.95238662
84.17199767	-9.64751434	3.95238662
84.17599767	-9.64751434	3.95238662
84.17999767	-9.64751434	3.95238662
84.18399767	-9.64751434	3.95238662
84.18799767	-9.64751434	3.95238662
84.19199767	-9.64751434	3.95238662
84.19599767	-9.64751434	3.95238662
84.19999767	-9.64751434	3.95238662
84.20399767	-9.64751434	0.00000000
84.20799767	-9.64751434	3.95238662
84.21199767	-9.64751434	3.95238662
84.21599767	-9.64751434	3.95238662
84.21999767	-9.64751434	0.00000000
84.22399767	-9.64751434	3.95238662
84.22799767	-9.64751434	3.95238662
84.23199767	-9.64751434	0.00000000
84.23599767	-9.64751434	3.95238662
84.23999767	-9.64751434	3.95238662
84.24399767	-9.64751434	3.95238662
84.24799767	-9.64751434	0.00000000
84.25199767	-9.64751434	3.95238662
84.25599767	-9.64751434	3.95238662
84.25999767	-9.64751434	3.95238662
84.26399767	-9.64751434	0.00000000
84.26799767	-9.64751434	3.95238662
84.27199767	-9.64751434	3.95238662
84.27599767	-9.64751434	3.95238662
84.27999767	-9.64751434	0.00000000
84.28399767	-9.64751434	3.95238662
84.28799767	-9.64751434	3.95238662
84.29199767	-9.64751434	3.95238662
84.29599767	-9.64751434	3.95238662
84.29999767	-9.64751434	0.00000000
84.30399767	-9.64751434	0.00000000
84.30799767	-9.64751434	3.95238662
84.31199767	-9.64751434	3.95238662
84.31599767	-9.64751434	3.95238662
84.31999767	-9.64751434	3.95238662
84.32399767	-9.64751434	3.95238662
84.32799767	-9.64751434	3.95238662
84.33199767	-9.64751434	3.95238662
84.33599767	-9.64751434	3.95238662
84.33999767	-9.64751434	3.95238662
84.34399767	-9.64751434	3.95238662
84.34799767	-9.64751434	0.00000000
84.35199767	-9.64751434	3.95238662
84.35599767	-9.64751434	3.95238662
84.35999767	-9.64751434	0.00000000
84.36399767	-9.64751434	0.00000000
84.36799767	-9.64751434	3.95238662
84.37199767	-9.64751434	3.95238662
84.37599767	-9.64751434	3.95238662
84.37999767	-9.64751434	3.95238662
84.38399767	-9.64751434	3.95238662
84.38799767	-9.64751434	3.95238662
84.39199767	-9.64751434	0.00000000
84.39599767	-9.64751434	0.00000000
84.39999767	-9.64751434	3.95238662
84.40399767	-9.64751434	0.00000000
84.40799767	-9.64751434	3.95238662
84.41199767	-9.64751434	3.95238662
84.41599767	-9.64751434	3.95238662
84.41999767	-9.64751434	3.95238662
84.42399767	-9.64751434	0.00000000
84.42799767	-9.64751434	3.95238662
84.43199767	-9.64751434	0.00000000
84.43599767	-9.64751434	3.95238662
84.43999767	-9.64751434	0.00000000
84.44399767	-9.64751434	3.95238662
84.44799767	-9.64751434	3.95238662
84.45199767	-9.64751434	3.95238662
84.45599767	-9.64751434	0.00000000
84.45999767	-9.64751434	0.00000000
84.46399767	-9.64751434	3.95238662
84.46799767	-9.64751434	0.00000000
84.47199767	-9.64751434	0.00000000
84.47599767	-9.64751434	3.95238662
84.47999766	-9.64751434	3.95238662
84.48399766	-9.64751434	0.00000000
84.48799766	-9.64751434	3.95238662
84.49199766	-9.64751434	3.95238662
84.49599766	-9.64751434	3.95238662
84.49999766	-9.64751434	3.95238662
84.50399766	-9.64751434	3.95238662
84.50799766	-9.64751434	0.00000000
84.51199766	-9.64751434	3.95238662
84.51599766	-9.64751434	0.00000000
84.51999766	-9.64751434	0.00000000
84.52399766	-9.64751434	0.00000000
84.52799766	-9.64751434	3.95238662
84.53199766	-9.64751434	3.95238662
84.53599766	-9.64751434	0.00000000
84.53999766	-9.64751434	0.00000000
84.54399766	-9.64751434	3.95238662
84.54799766	-9.64751434	0.00000000
84.55199766	-9.64751434	3.95238662
84.55599766	-9.64751434	3.95238662
84.55999766	-9.64751434	3.95238662
84.56399766	-9.64751434	0.00000000
84.56799766	-9.64751434	0.00000000
84.57199766	-9.64751434	3.95238662
84.57599766	-9.64751434	0.00000000
84.57999766	-9.64751434	3.95238662
84.58399766	-9.64751434	3.95238662
84.58799766	-9.64751434	0.00000000
84.59199766	-9.64751434	3.95238662
84.59599766	-9.64751434	0.00000000
84.59999766	-9.64751434	3.95238662
84.60399766	-9.64751434	0.00000000
84.60799766	-9.64751434	3.95238662
84.61199766	-9.64751434	3.95238662
84.61599766	-9.64751434	3.95238662
84.61999766	-9.64751434	3.95238662
84.62399766	-9.64751434	3.95238662
84.62799766	-9.64751434	3.95238662
84.63199766	-9.64751434	3.95238662
84.63599766	-9.64751434	0.00000000
84.63999766	-9.64751434	3.95238662
84.64399766	-9.64751434	3.95238662
84.64799766	-9.64751434	0.00000000
84.65199766	-9.64751434	0.00000000
84.65599766	-9.64751434	3.95238662
84.65999766	-9.64751434	3.95238662
84.66399766	-9.64751434	3.95238662
84.66799766	-9.64751434	3.95238662
84.67199766	-9.64751434	3.95238662
84.67599766	-9.64751434	3.95238662
84.67999766	-9.64751434	3.95238662
84.68399766	-9.64751434	3.95238662
84.68799766	-9.64751434	0.00000000
84.69199766	-9.64751434	3.95238662
84.69599766	-9.64751434	3.95238662
84.69999766	-9.64751434	3.95238662
84.70399766	-9.64751434	3.95238662
84.70799766	-9.64751434	0.00000000
84.71199766	-9.64751434	3.95238662
84.71599766	-9.64751434	3.95238662
84.71999766	-9.64751434	3.95238662
84.72399766	-9.64751434	0.00000000
84.72799766	-9.64751434	3.95238662
84.73199766	-9.64751434	3.95238662
84.73599766	-9.64751434	3.95238662
84.73999766	-9.64751434	0.00000000
84.74399766	-9.64751434	0.00000000
84.74799766	-9.64751434	0.00000000
84.75199766	-9.64751434	3.95238662
84.75599766	-9.64751434	3.95238662
84.75999766	-9.64751434	3.95238662
84.76399766	-9.64751434	3.95238662
84.76799766	-9.64751434	0.00000000
84.77199766	-9.64751434	3.95238662
84.77599766	-9.64751434	3.95238662
84.77999766	-9.64751434	0.00000000
84.78399766	-9.64751434	3.95238662
84.78799766	-9.64751434	0.00000000
84.79199766	-9.64751434	3.95238662
84.79599766	-9.64751434	3.95238662
84.79999766	-9.64751434	3.95238662
84.80399766	-9.64751434	3.95238662
84.80799766	-9.64751434	3.95238662
84.81199766	-9.64751434	3.95238662
84.81599766	-9.64751434	3.95238662
84.81999766	-9.64751434	3.95238662
84.82399766	-9.64751434	3.95238662
84.82799766	-9.64751434	3.95238662
84.83199765	-9.64751434	3.95238662
84.83599765	-9.64751434	0.00000000
84.83999765	-9.64751434	3.95238662
84.84399765	-9.64751434	3.95238662
84.84799765	-9.64751434	3.95238662
84.85199765	-9.64751434	0.00000000
84.85599765	-9.64751434	3.95238662
84.85999765	-9.64751434	3.95238662
84.86399765	-9.64751434	0.00000000
84.86799765	-9.64751434	0.00000000
84.87199765	-9.64751434	3.95238662
84.87599765	-9.64751434	0.00000000
84.87999765	-9.64751434	0.00000000
84.88399765	-9.64751434	0.00000000
84.88799765	-9.64751434	3.95238662
84.89199765	-9.64751434	0.00000000
84.89599765	-9.64751434	3.95238662
84.89999765	-9.64751434	3.95238662
84.90399765	-9.64751434	3.95238662
84.90799765	-9.64751434	3.95238662
84.91199765	-9.64751434	0.00000000
84.91599765	-9.64751434	3.95238662
84.91999765	-9.64751434	3.95238662
84.92399765	-9.64751434	3.95238662
84.92799765	-9.64751434	3.95238662
84.93199765	-9.64751434	3.95238662
84.93599765	-9.64751434	3.95238662
84.93999765	-9.64751434	3.95238662
84.94399765	-9.64751434	3.95238662
84.94799765	-9.64751434	3.95238662
84.95199765	-9.64751434	3.95238662
84.95599765	-9.64751434	3.95238662
84.95999765	-9.64751434	0.00000000
84.96399765	-9.64751434	3.95238662
84.96799765	-9.64751434	3.95238662
84.97199765	-9.64751434	0.00000000
84.97599765	-9.64751434	3.95238662
84.97999765	-9.64751434	0.00000000
84.98399765	-9.64751434	3.95238662
84.98799765	-9.64751434	3.95238662
84.99199765	-9.64751434	0.00000000
84.99599765	-9.64751434	3.95238662
84.99999765	-9.64751434	3.95238662
85.00399765	-9.64751434	3.95238662
85.00799765	-9.64751434	3.95238662
85.01199765	-9.64751434	3.95238662
85.01599765	-9.64751434	3.95238662
85.01999765	-9.64751434	0.00000000
85.02399765	-9.64751434	3.95238662
85.02799765	-9.64751434	3.95238662
85.03199765	-9.64751434	3.95238662
85.03599765	-9.64751434	3.95238662
85.03999765	-9.64751434	3.95238662
85.04399765	-9.64751434	3.95238662
85.04799765	-9.64751434	0.00000000
85.05199765	-9.64751434	3.95238662
85.05599765	-9.64751434	3.95238662
85.05999765	-9.64751434	3.95238662
85.06399765	-9.64751434	3.95238662
85.06799765	-9.64751434	3.95238662
85.07199765	-9.64751434	3.95238662
85.07599765	-9.64751434	3.95238662
85.07999765	-9.64751434	3.95238662
85.08399765	-9.64751434	0.00000000
85.08799765	-9.64751434	3.95238662
85.09199765	-9.64751434	0.00000000
85.09599765	-9.64751434	3.95238662
85.09999765	-9.64751434	0.00000000
85.10399765	-9.64751434	0.00000000
85.10799765	-9.64751434	0.00000000
85.11199765	-9.64751434	3.95238662
85.11599765	-9.64751434	3.95238662
85.11999765	-9.64751434	3.95238662
85.12399765	-9.64751434	0.00000000
85.12799765	-9.64751434	3.95238662
85.13199765	-9.64751434	0.00000000
85.13599765	-9.64751434	3.95238662
85.13999765	-9.64751434	3.95238662
85.14399765	-9.64751434	3.95238662
85.14799765	-9.64751434	0.00000000
85.15199765	-9.64751434	3.95238662
85.15599765	-9.64751434	3.95238662
85.15999765	-9.64751434	3.95238662
85.16399765	-9.64751434	0.00000000
85.16799765	-9.64751434	3.95238662
85.17199765	-9.64751434	3.95238662
85.17599765	-9.64751434	3.95238662
85.17999765	-9.64751434	3.95238662
85.18399765	-9.64751434	0.00000000
85.18799764	-9.64751434	3.95238662
85.19199764	-9.64751434	3.95238662
85.19599764	-9.64751434	0.00000000
85.19999764	-9.64751434	3.95238662
85.20399764	-9.64751434	3.95238662
85.20799764	-9.64751434	3.95238662
85.21199764	-9.64751434	3.95238662
85.21599764	-9.64751434	0.00000000
85.21999764	-9.64751434	3.95238662
85.22399764	-9.64751434	0.00000000
85.22799764	-9.64751434	3.95238662
85.23199764	-9.64751434	3.95238662
85.23599764	-9.64751434	3.95238662
85.23999764	-9.64751434	3.95238662
85.24399764	-9.64751434	0.00000000
85.24799764	-9.64751434	3.95238662
85.25199764	-9.64751434	3.95238662
85.25599764	-9.64751434	0.00000000
85.25999764	-9.64751434	0.00000000
85.26399764	-9.64751434	3.95238662
85.26799764	-9.64751434	3.95238662
85.27199764	-9.64751434	3.95238662
85.27599764	-9.64751434	3.95238662
85.27999764	-9.64751434	3.95238662
85.28399764	-9.64751434	3.95238662
85.28799764	-9.64751434	3.95238662
85.29199764	-9.64751434	3.95238662
85.29599764	-9.64751434	3.95238662
85.29999764	-9.64751434	0.00000000
85.30399764	-9.64751434	3.95238662
85.30799764	-9.64751434	0.00000000
85.31199764	-9.64751434	3.95238662
85.31599764	-9.64751434	3.95238662
85.31999764	-9.64751434	3.95238662
85.32399764	-9.64751434	0.00000000
85.32799764	-9.64751434	3.95238662
85.33199764	-9.64751434	0.00000000
85.33599764	-9.64751434	3.95238662
85.33999764	-9.64751434	0.00000000
85.34399764	-9.64751434	3.95238662
85.34799764	-9.64751434	0.00000000
85.35199764	-9.64751434	3.95238662
85.35599764	-9.64751434	0.00000000
85.35999764	-9.64751434	3.95238662
85.36399764	-9.64751434	3.95238662
85.36799764	-9.64751434	3.95238662
85.37199764	-9.64751434	3.95238662
85.37599764	-9.64751434	3.95238662
85.37999764	-9.64751434	3.95238662
85.38399764	-9.64751434	3.95238662
85.38799764	-9.64751434	0.00000000
85.39199764	-9.64751434	3.95238662
85.39599764	-9.64751434	0.00000000
85.39999764	-9.64751434	0.00000000
85.40399764	-9.64751434	0.00000000
85.40799764	-9.64751434	3.95238662
85.41199764	-9.64751434	3.95238662
85.41599764	-9.64751434	0.00000000
85.41999764	-9.64751434	0.00000000
85.42399764	-9.64751434	0.00000000
85.42799764	-9.64751434	0.00000000
85.43199764	-9.64751434	3.95238662
85.43599764	-9.64751434	0.00000000
85.43999764	-9.64751434	3.95238662
85.44399764	-9.64751434	3.95238662
85.44799764	-9.64751434	3.95238662
85.45199764	-9.64751434	0.00000000
85.45599764	-9.64751434	3.95238662
85.45999764	-9.64751434	0.00000000
85.46399764	-9.64751434	3.95238662
85.46799764	-9.64751434	3.95238662
85.47199764	-9.64751434	3.95238662
85.47599764	-9.64751434	3.95238662
85.47999764	-9.64751434	3.95238662
85.48399764	-9.64751434	0.00000000
85.48799764	-9.64751434	3.95238662
85.49199764	-9.64751434	0.00000000
85.49599764	-9.64751434	3.95238662
85.49999764	-9.64751434	0.00000000
85.50399764	-9.64751434	3.95238662
85.50799764	-9.64751434	3.95238662
85.51199764	-9.64751434	0.00000000
85.51599764	-9.64751434	0.00000000
85.51999764	-9.64751434	3.95238662
85.52399764	-9.64751434	3.95238662
85.52799764	-9.64751434	0.00000000
85.53199764	-9.64751434	3.95238662
85.53599764	-9.64751434	3.95238662
85.53999763	-9.64751434	0.00000000
85.54399763	-9.64751434	3.95238662
85.54799763	-9.64751434	3.95238662
85.55199763	-9.64751434	3.95238662
85.55599763	-9.64751434	3.95238662
85.55999763	-9.64751434	0.00000000
85.56399763	-9.64751434	0.00000000
85.56799763	-9.64751434	3.95238662
85.57199763	-9.64751434	3.95238662
85.57599763	-9.64751434	3.95238662
85.57999763	-9.64751434	0.00000000
85.58399763	-9.64751434	3.95238662
85.58799763	-9.64751434	3.95238662
85.59199763	-9.64751434	3.95238662
85.59599763	-9.64751434	0.00000000
85.59999763	-9.64751434	3.95238662
85.60399763	-9.64751434	3.95238662
85.60799763	-9.64751434	3.95238662
85.61199763	-9.64751434	0.00000000
85.61599763	-9.64751434	3.95238662
85.61999763	-9.64751434	3.95238662
85.62399763	-9.64751434	0.00000000
85.62799763	-9.64751434	3.95238662
85.63199763	-9.64751434	0.00000000
85.63599763	-9.64751434	0.00000000
85.63999763	-9.64751434	3.95238662
85.64399763	-9.64751434	3.95238662
85.64799763	-9.64751434	3.95238662
85.65199763	-9.64751434	3.95238662
85.65599763	-9.64751434	3.95238662
85.65999763	-9.64751434	3.95238662
85.66399763	-9.64751434	3.95238662
85.66799763	-9.64751434	3.95238662
85.67199763	-9.64751434	3.95238662
85.67599763	-9.64751434	3.95238662
85.67999763	-9.64751434	3.95238662
85.68399763	-9.64751434	3.95238662
85.68799763	-9.64751434	3.95238662
85.69199763	-9.64751434	3.95238662
85.69599763	-9.64751434	0.00000000
85.69999763	-9.64751434	3.95238662
85.70399763	-9.64751434	3.95238662
85.70799763	-9.64751434	0.00000000
85.71199763	-9.64751434	3.95238662
85.71599763	-9.64751434	3.95238662
85.71999763	-9.64751434	0.00000000
85.72399763	-9.64751434	0.00000000
85.72799763	-9.64751434	3.95238662
85.73199763	-9.64751434	0.00000000
85.73599763	-9.64751434	3.95238662
85.73999763	-9.64751434	3.95238662
85.74399763	-9.64751434	3.95238662
85.74799763	-9.64751434	0.00000000
85.75199763	-9.64751434	0.00000000
85.75599763	-9.64751434	0.00000000
85.75999763	-9.64751434	3.95238662
85.76399763	-9.64751434	0.00000000
85.76799763	-9.64751434	3.95238662
85.77199763	-9.64751434	0.00000000
85.77599763	-9.64751434	3.95238662
85.77999763	-9.64751434	3.95238662
85.78399763	-9.64751434	3.95238662
85.78799763	-9.64751434	0.00000000
85.79199763	-9.64751434	3.95238662
85.79599763	-9.64751434	3.95238662
85.79999763	-9.64751434	3.95238662
85.80399763	-9.64751434	0.00000000
85.80799763	-9.64751434	3.95238662
85.81199763	-9.64751434	3.95238662
85.81599763	-9.64751434	3.95238662
85.81999763	-9.64751434	3.95238662
85.82399763	-9.64751434	3.95238662
85.82799763	-9.64751434	0.00000000
85.83199763	-9.64751434	3.95238662
85.83599763	-9.64751434	0.00000000
85.83999763	-9.64751434	7.90477324
85.84399763	-9.64751434	0.00000000
85.84799763	-9.64751434	3.95238662
85.85199763	-9.64751434	3.95238662
85.85599763	-9.64751434	0.00000000
85.85999763	-9.64751434	0.00000000
85.86399763	-9.64751434	3.95238662
85.86799763	-9.64751434	0.00000000
85.87199763	-9.64751434	3.95238662
85.87599763	-9.64751434	3.95238662
85.87999763	-9.64751434	3.95238662
85.88399763	-9.64751434	3.95238662
85.88799763	-9.64751434	3.95238662
85.89199762	-9.64751434	3.95238662
85.89599762	-9.64751434	3.95238662
85.89999762	-9.64751434	3.95238662
85.90399762	-9.64751434	0.00000000
85.90799762	-9.64751434	0.00000000
85.91199762	-9.64751434	3.95238662
85.91599762	-9.64751434	3.95238662
85.91999762	-9.64751434	0.00000000
85.92399762	-9.64751434	0.00000000
85.92799762	-9.64751434	0.00000000
85.93199762	-9.64751434	3.95238662
85.93599762	-9.64751434	3.95238662
85.93999762	-9.64751434	3.95238662
85.94399762	-9.64751434	3.95238662
85.94799762	-9.64751434	3.95238662
85.95199762	-9.64751434	3.95238662
85.95599762	-9.64751434	3.95238662
85.95999762	-9.64751434	3.95238662
85.96399762	-9.64751434	3.95238662
85.96799762	-9.64751434	3.95238662
85.97199762	-9.64751434	3.95238662
85.97599762	-9.64751434	0.00000000
85.97999762	-9.64751434	3.95238662
85.98399762	-9.64751434	7.90477324
85.98799762	-9.64751434	3.95238662
85.99199762	-9.64751434	0.00000000
85.99599762	-9.64751434	3.95238662
85.99999762	-9.64751434	3.95238662
86.00399762	-9.64751434	3.95238662
86.00799762	-9.64751434	0.00000000
86.01199762	-9.64751434	3.95238662
86.01599762	-9.64751434	3.95238662
86.01999762	-9.64751434	3.95238662
86.02399762	-9.64751434	3.95238662
86.02799762	-9.64751434	3.95238662
86.03199762	-9.64751434	3.95238662
86.03599762	-9.64751434	3.95238662
86.03999762	-9.64751434	3.95238662
86.04399762	-9.64751434	0.00000000
86.04799762	-9.64751434	3.95238662
86.05199762	-9.64751434	0.00000000
86.05599762	-9.64751434	3.95238662
86.05999762	-9.64751434	3.95238662
86.06399762	-9.64751434	3.95238662
86.06799762	-9.64751434	3.95238662
86.07199762	-9.64751434	3.95238662
86.07599762	-9.64751434	0.00000000
86.07999762	-9.64751434	3.95238662
86.08399762	-9.64751434	0.00000000
86.08799762	-9.64751434	0.00000000
86.09199762	-9.64751434	3.95238662
86.09599762	-9.64751434	3.95238662
86.09999762	-9.64751434	0.00000000
86.10399762	-9.64751434	3.95238662
86.10799762	-9.64751434	0.00000000
86.11199762	-9.64751434	3.95238662
86.11599762	-9.64751434	0.00000000
86.11999762	-9.64751434	3.95238662
86.12399762	-9.64751434	0.00000000
86.12799762	-9.64751434	3.95238662
86.13199762	-9.64751434	3.95238662
86.13599762	-9.64751434	3.95238662
86.13999762	-9.64751434	0.00000000
86.14399762	-9.64751434	3.95238662
86.14799762	-9.64751434	3.95238662
86.15199762	-9.64751434	0.00000000
86.15599762	-9.64751434	0.00000000
86.15999762	-9.64751434	3.95238662
86.16399762	-9.64751434	0.00000000
86.16799762	-9.64751434	3.95238662
86.17199762	-9.64751434	3.95238662
86.17599762	-9.64751434	3.95238662
86.17999762	-9.64751434	3.95238662
86.18399762	-9.64751434	3.95238662
86.18799762	-9.64751434	3.95238662
86.19199762	-9.64751434	3.95238662
86.19599762	-9.64751434	3.95238662
86.19999762	-9.64751434	3.95238662
86.20399762	-9.64751434	3.95238662
86.20799762	-9.64751434	3.95238662
86.21199762	-9.64751434	0.00000000
86.21599762	-9.64751434	3.95238662
86.21999762	-9.64751434	0.00000000
86.22399762	-9.64751434	3.95238662
86.22799762	-9.64751434	3.95238662
86.23199762	-9.64751434	3.95238662
86.23599762	-9.64751434	0.00000000
86.23999762	-9.64751434	3.95238662
86.24399762	-9.64751434	0.00000000
86.24799761	-9.64751434	0.00000000
86.25199761	-9.64751434	3.95238662
86.25599761	-9.64751434	3.95238662
86.25999761	-9.64751434	3.95238662
86.26399761	-9.64751434	3.95238662
86.26799761	-9.64751434	0.00000000
86.27199761	-9.64751434	3.95238662
86.27599761	-9.64751434	3.95238662
86.27999761	-9.64751434	3.95238662
86.28399761	-9.64751434	0.00000000
86.28799761	-9.64751434	3.95238662
86.29199761	-9.64751434	3.95238662
86.29599761	-9.64751434	3.95238662
86.29999761	-9.64751434	3.95238662
86.30399761	-9.64751434	3.95238662
86.30799761	-9.64751434	3.95238662
86.31199761	-9.64751434	0.00000000
86.31599761	-9.64751434	3.95238662
86.31999761	-9.64751434	3.95238662
86.32399761	-9.64751434	0.00000000
86.32799761	-9.64751434	3.95238662
86.33199761	-9.64751434	0.00000000
86.33599761	-9.64751434	3.95238662
86.33999761	-9.64751434	3.95238662
86.34399761	-9.64751434	3.95238662
86.34799761	-9.64751434	0.00000000
86.35199761	-9.64751434	3.95238662
86.35599761	-9.64751434	0.00000000
86.35999761	-9.64751434	3.95238662
86.36399761	-9.64751434	0.00000000
86.36799761	-9.64751434	3.95238662
86.37199761	-9.64751434	3.95238662
86.37599761	-9.64751434	3.95238662
86.37999761	-9.64751434	3.95238662
86.38399761	-9.64751434	3.95238662
86.38799761	-9.64751434	3.95238662
86.39199761	-9.64751434	0.00000000
86.39599761	-9.64751434	3.95238662
86.39999761	-9.64751434	3.95238662
86.40399761	-9.64751434	0.00000000
86.40799761	-9.64751434	3.95238662
86.41199761	-9.64751434	3.95238662
86.41599761	-9.64751434	3.95238662
86.41999761	-9.64751434	3.95238662
86.42399761	-9.64751434	0.00000000
86.42799761	-9.64751434	0.00000000
86.43199761	-9.64751434	3.95238662
86.43599761	-9.64751434	3.95238662
86.43999761	-9.64751434	3.95238662
86.44399761	-9.64751434	3.95238662
86.44799761	-9.64751434	0.00000000
86.45199761	-9.64751434	3.95238662
86.45599761	-9.64751434	0.00000000
86.45999761	-9.64751434	3.95238662
86.46399761	-9.64751434	0.00000000
86.46799761	-9.64751434	3.95238662
86.47199761	-9.64751434	0.00000000
86.47599761	-9.64751434	0.00000000
86.47999761	-9.64751434	3.95238662
86.48399761	-9.64751434	3.95238662
86.48799761	-9.64751434	0.00000000
86.49199761	-9.64751434	3.95238662
86.49599761	-9.64751434	3.95238662
86.49999761	-9.64751434	3.95238662
86.50399761	-9.64751434	0.00000000
86.50799761	-9.64751434	0.00000000
86.51199761	-9.64751434	3.95238662
86.51599761	-9.64751434	3.95238662
86.51999761	-9.64751434	3.95238662
86.52399761	-9.64751434	0.00000000
86.52799761	-9.64751434	3.95238662
86.53199761	-9.64751434	3.95238662
86.53599761	-9.64751434	3.95238662
86.53999761	-9.64751434	3.95238662
86.54399761	-9.64751434	3.95238662
86.54799761	-9.64751434	3.95238662
86.55199761	-9.64751434	3.95238662
86.55599761	-9.64751434	3.95238662
86.55999761	-9.64751434	3.95238662
86.56399761	-9.64751434	3.95238662
86.56799761	-9.64751434	0.00000000
86.57199761	-9.64751434	3.95238662
86.57599761	-9.64751434	3.95238662
86.57999761	-9.64751434	3.95238662
86.58399761	-9.64751434	3.95238662
86.58799761	-9.64751434	0.00000000
86.59199761	-9.64751434	0.00000000
86.59599761	-9.64751434	3.95238662
86.59999760	-9.64751434	3.95238662
86.60399760	-9.64751434	0.00000000
86.60799760	-9.64751434	3.95238662
86.61199760	-9.64751434	0.00000000
86.61599760	-9.64751434	3.95238662
86.61999760	-9.64751434	0.00000000
86.62399760	-9.64751434	3.95238662
86.62799760	-9.64751434	3.95238662
86.63199760	-9.64751434	3.95238662
86.63599760	-9.64751434	0.00000000
86.63999760	-9.64751434	0.00000000
86.64399760	-9.64751434	3.95238662
86.64799760	-9.64751434	3.95238662
86.65199760	-9.64751434	3.95238662
86.65599760	-9.64751434	3.95238662
86.65999760	-9.64751434	3.95238662
86.66399760	-9.64751434	0.00000000
86.66799760	-9.64751434	3.95238662
86.67199760	-9.64751434	3.95238662
86.67599760	-9.64751434	0.00000000
86.67999760	-9.64751434	3.95238662
86.68399760	-9.64751434	3.95238662
86.68799760	-9.64751434	3.95238662
86.69199760	-9.64751434	3.95238662
86.69599760	-9.64751434	3.95238662
86.69999760	-9.64751434	0.00000000
86.70399760	-9.64751434	3.95238662
86.70799760	-9.64751434	3.95238662
86.71199760	-9.64751434	3.95238662
86.71599760	-9.64751434	0.00000000
86.71999760	-9.64751434	0.00000000
86.72399760	-9.64751434	3.95238662
86.72799760	-9.64751434	0.00000000
86.73199760	-9.64751434	3.95238662
86.73599760	-9.64751434	3.95238662
86.73999760	-9.64751434	0.00000000
86.74399760	-9.64751434	3.95238662
86.74799760	-9.64751434	0.00000000
86.75199760	-9.64751434	3.95238662
86.75599760	-9.64751434	3.95238662
86.75999760	-9.64751434	3.95238662
86.76399760	-9.64751434	3.95238662
86.76799760	-9.64751434	3.95238662
86.77199760	-9.64751434	0.00000000
86.77599760	-9.64751434	0.00000000
86.77999760	-9.64751434	3.95238662
86.78399760	-9.64751434	3.95238662
86.78799760	-9.64751434	3.95238662
86.79199760	-9.64751434	3.95238662
86.79599760	-9.64751434	0.00000000
86.79999760	-9.64751434	0.00000000
86.80399760	-9.64751434	0.00000000
86.80799760	-9.64751434	3.95238662
86.81199760	-9.64751434	0.00000000
86.81599760	-9.64751434	0.00000000
86.81999760	-9.64751434	3.95238662
86.82399760	-9.64751434	0.00000000
86.82799760	-9.64751434	3.95238662
86.83199760	-9.64751434	0.00000000
86.83599760	-9.64751434	3.95238662
86.83999760	-9.64751434	0.00000000
86.84399760	-9.64751434	3.95238662
86.84799760	-9.64751434	3.95238662
86.85199760	-9.64751434	3.95238662
86.85599760	-9.64751434	3.95238662
86.85999760	-9.64751434	0.00000000
86.86399760	-9.64751434	3.95238662
86.86799760	-9.64751434	3.95238662
86.87199760	-9.64751434	0.00000000
86.87599760	-9.64751434	3.95238662
86.87999760	-9.64751434	3.95238662
86.88399760	-9.64751434	3.95238662
86.88799760	-9.64751434	0.00000000
86.89199760	-9.64751434	3.95238662
86.89599760	-9.64751434	3.95238662
86.89999760	-9.64751434	3.95238662
86.90399760	-9.64751434	3.95238662
86.90799760	-9.64751434	0.00000000
86.91199760	-9.64751434	3.95238662
86.91599760	-9.64751434	0.00000000
86.91999760	-9.64751434	0.00000000
86.92399760	-9.64751434	0.00000000
86.92799760	-9.64751434	3.95238662
86.93199760	-9.64751434	3.95238662
86.93599760	-9.64751434	3.95238662
86.93999760	-9.64751434	0.00000000
86.94399760	-9.64751434	3.95238662
86.94799760	-9.64751434	3.95238662
86.95199760	-9.64751434	3.95238662
86.95599759	-9.64751434	3.95238662
86.95999759	-9.64751434	0.00000000
86.96399759	-9.64751434	3.95238662
86.96799759	-9.64751434	3.95238662
86.97199759	-9.64751434	3.95238662
86.97599759	-9.64751434	3.95238662
86.97999759	-9.64751434	3.95238662
86.98399759	-9.64751434	3.95238662
86.98799759	-9.64751434	3.95238662
86.99199759	-9.64751434	3.95238662
86.99599759	-9.64751434	3.95238662
86.99999759	-9.64751434	3.95238662
87.00399759	-9.64751434	3.95238662
87.00799759	-9.64751434	3.95238662
87.01199759	-9.64751434	3.95238662
87.01599759	-9.64751434	3.95238662
87.01999759	-9.64751434	3.95238662
87.02399759	-9.64751434	3.95238662
87.02799759	-9.64751434	3.95238662
87.03199759	-9.64751434	3.95238662
87.03599759	-9.64751434	3.95238662
87.03999759	-9.64751434	3.95238662
87.04399759	-9.64751434	3.95238662
87.04799759	-9.64751434	-3.95238662
87.05199759	-9.64751434	0.00000000
87.05599759	-9.64751434	3.95238662
87.05999759	-9.64751434	3.95238662
87.06399759	-9.64751434	0.00000000
87.06799759	-9.64751434	3.95238662
87.07199759	-9.64751434	3.95238662
87.07599759	-9.64751434	0.00000000
87.07999759	-9.64751434	3.95238662
87.08399759	-9.64751434	0.00000000
87.08799759	-9.64751434	3.95238662
87.09199759	-9.64751434	3.95238662
87.09599759	-9.64751434	3.95238662
87.09999759	-9.64751434	3.95238662
87.10399759	-9.64751434	0.00000000
87.10799759	-9.64751434	3.95238662
87.11199759	-9.64751434	3.95238662
87.11599759	-9.64751434	3.95238662
87.11999759	-9.64751434	7.90477324
87.12399759	-9.64751434	3.95238662
87.12799759	-9.64751434	3.95238662
87.13199759	-9.64751434	3.95238662
87.13599759	-9.64751434	3.95238662
87.13999759	-9.64751434	0.00000000
87.14399759	-9.64751434	3.95238662
87.14799759	-9.64751434	3.95238662
87.15199759	-9.64751434	3.95238662
87.15599759	-9.64751434	3.95238662
87.15999759	-9.64751434	3.95238662
87.16399759	-9.64751434	0.00000000
87.16799759	-9.64751434	3.95238662
87.17199759	-9.64751434	0.00000000
87.17599759	-9.64751434	3.95238662
87.17999759	-9.64751434	3.95238662
87.18399759	-9.64751434	3.95238662
87.18799759	-9.64751434	0.00000000
87.19199759	-9.64751434	3.95238662
87.19599759	-9.64751434	0.00000000
87.19999759	-9.64751434	0.00000000
87.20399759	-9.64751434	0.00000000
87.20799759	-9.64751434	3.95238662
87.21199759	-9.64751434	0.00000000
87.21599759	-9.64751434	3.95238662
87.21999759	-9.64751434	0.00000000
87.22399759	-9.64751434	3.95238662
87.22799759	-9.64751434	0.00000000
87.23199759	-9.64751434	3.95238662
87.23599759	-9.64751434	3.95238662
87.23999759	-9.64751434	0.00000000
87.24399759	-9.64751434	0.00000000
87.24799759	-9.64751434	3.95238662
87.25199759	-9.64751434	3.95238662
87.25599759	-9.64751434	3.95238662
87.25999759	-9.64751434	3.95238662
87.26399759	-9.64751434	3.95238662
87.26799759	-9.64751434	3.95238662
87.27199759	-9.64751434	3.95238662
87.27599759	-9.64751434	0.00000000
87.27999759	-9.64751434	0.00000000
87.28399759	-9.64751434	0.00000000
87.28799759	-9.64751434	0.00000000
87.29199759	-9.64751434	0.00000000
87.29599759	-9.64751434	0.00000000
87.29999759	-9.64751434	3.95238662
87.30399759	-9.64751434	3.95238662
87.30799758	-9.64751434	0.00000000
87.31199758	-9.64751434	0.00000000
87.31599758	-9.64751434	0.00000000
87.31999758	-9.64751434	3.95238662
87.32399758	-9.64751434	0.00000000
87.32799758	-9.64751434	0.00000000
87.33199758	-9.64751434	0.00000000
87.33599758	-9.64751434	0.00000000
87.33999758	-9.64751434	0.00000000
87.34399758	-9.64751434	3.95238662
87.34799758	-9.64751434	0.00000000
87.35199758	-9.64751434	3.95238662
87.35599758	-9.64751434	0.00000000
87.35999758	-9.64751434	3.95238662
87.36399758	-9.64751434	3.95238662
87.36799758	-9.64751434	3.95238662
87.37199758	-9.64751434	0.00000000
87.37599758	-9.64751434	3.95238662
87.37999758	-9.64751434	0.00000000
87.38399758	-9.64751434	7.90477324
87.38799758	-9.64751434	0.00000000
87.39199758	-9.64751434	3.95238662
87.39599758	-9.64751434	3.95238662
87.39999758	-9.64751434	0.00000000
87.40399758	-9.64751434	0.00000000
87.40799758	-9.64751434	3.95238662
87.41199758	-9.64751434	0.00000000
87.41599758	-9.64751434	0.00000000
87.41999758	-9.64751434	3.95238662
87.42399758	-9.64751434	0.00000000
87.42799758	-9.64751434	0.00000000
87.43199758	-9.64751434	3.95238662
87.43599758	-9.64751434	3.95238662
87.43999758	-9.64751434	0.00000000
87.44399758	-9.64751434	3.95238662
87.44799758	-9.64751434	3.95238662
87.45199758	-9.64751434	0.00000000
87.45599758	-9.64751434	3.95238662
87.45999758	-9.64751434	3.95238662
87.46399758	-9.64751434	3.95238662
87.46799758	-9.64751434	3.95238662
87.47199758	-9.64751434	3.95238662
87.47599758	-9.64751434	3.95238662
87.47999758	-9.64751434	3.95238662
87.48399758	-9.64751434	0.00000000
87.48799758	-9.64751434	3.95238662
87.49199758	-9.64751434	3.95238662
87.49599758	-9.64751434	3.95238662
87.49999758	-9.64751434	3.95238662
87.50399758	-9.64751434	3.95238662
87.50799758	-9.64751434	3.95238662
87.51199758	-9.64751434	3.95238662
87.51599758	-9.64751434	0.00000000
87.51999758	-9.64751434	3.95238662
87.52399758	-9.64751434	3.95238662
87.52799758	-9.64751434	3.95238662
87.53199758	-9.64751434	3.95238662
87.53599758	-9.64751434	0.00000000
87.53999758	-9.64751434	3.95238662
87.54399758	-9.64751434	0.00000000
87.54799758	-9.64751434	3.95238662
87.55199758	-9.64751434	3.95238662
87.55599758	-9.64751434	0.00000000
87.55999758	-9.64751434	3.95238662
87.56399758	-9.64751434	0.00000000
87.56799758	-9.64751434	3.95238662
87.57199758	-9.64751434	3.95238662
87.57599758	-9.64751434	7.90477324
87.57999758	-9.64751434	3.95238662
87.58399758	-9.64751434	3.95238662
87.58799758	-9.64751434	3.95238662
87.59199758	-9.64751434	0.00000000
87.59599758	-9.64751434	3.95238662
87.59999758	-9.64751434	3.95238662
87.60399758	-9.64751434	0.00000000
87.60799758	-9.64751434	3.95238662
87.61199758	-9.64751434	3.95238662
87.61599758	-9.64751434	3.95238662
87.61999758	-9.64751434	3.95238662
87.62399758	-9.64751434	3.95238662
87.62799758	-9.64751434	3.95238662
87.63199758	-9.64751434	3.95238662
87.63599758	-9.64751434	3.95238662
87.63999758	-9.64751434	3.95238662
87.64399758	-9.64751434	3.95238662
87.64799758	-9.64751434	3.95238662
87.65199758	-9.64751434	3.95238662
87.65599758	-9.64751434	3.95238662
87.65999757	-9.64751434	3.95238662
87.66399757	-9.64751434	0.00000000
87.66799757	-9.64751434	3.95238662
87.67199757	-9.64751434	3.95238662
87.67599757	-9.64751434	0.00000000
87.67999757	-9.64751434	3.95238662
87.68399757	-9.64751434	3.95238662
87.68799757	-9.64751434	3.95238662
87.69199757	-9.64751434	3.95238662
87.69599757	-9.64751434	3.95238662
87.69999757	-9.64751434	3.95238662
87.70399757	-9.64751434	0.00000000
87.70799757	-9.64751434	0.00000000
87.71199757	-9.64751434	3.95238662
87.71599757	-9.64751434	0.00000000
87.71999757	-9.64751434	3.95238662
87.72399757	-9.64751434	0.00000000
87.72799757	-9.64751434	0.00000000
87.73199757	-9.64751434	3.95238662
87.73599757	-9.64751434	3.95238662
87.73999757	-9.64751434	0.00000000
87.74399757	-9.64751434	0.00000000
87.74799757	-9.64751434	0.00000000
87.75199757	-9.64751434	0.00000000
87.75599757	-9.64751434	3.95238662
87.75999757	-9.64751434	3.95238662
87.76399757	-9.64751434	3.95238662
87.76799757	-9.64751434	3.95238662
87.77199757	-9.64751434	0.00000000
87.77599757	-9.64751434	7.90477324
87.77999757	-9.64751434	3.95238662
87.78399757	-9.64751434	3.95238662
87.78799757	-9.64751434	3.95238662
87.79199757	-9.64751434	3.95238662
87.79599757	-9.64751434	3.95238662
87.79999757	-9.64751434	3.95238662
87.80399757	-9.64751434	3.95238662
87.80799757	-9.64751434	3.95238662
87.81199757	-9.64751434	3.95238662
87.81599757	-9.64751434	3.95238662
87.81999757	-9.64751434	0.00000000
87.82399757	-9.64751434	3.95238662
87.82799757	-9.64751434	0.00000000
87.83199757	-9.64751434	0.00000000
87.83599757	-9.64751434	3.95238662
87.83999757	-9.64751434	3.95238662
87.84399757	-9.64751434	3.95238662
87.84799757	-9.64751434	3.95238662
87.85199757	-9.64751434	3.95238662
87.85599757	-9.64751434	3.95238662
87.85999757	-9.64751434	3.95238662
87.86399757	-9.64751434	3.95238662
87.86799757	-9.64751434	3.95238662
87.87199757	-9.64751434	3.95238662
87.87599757	-9.64751434	0.00000000
87.87999757	-9.64751434	0.00000000
87.88399757	-9.64751434	0.00000000
87.88799757	-9.64751434	3.95238662
87.89199757	-9.64751434	3.95238662
87.89599757	-9.64751434	3.95238662
87.89999757	-9.64751434	3.95238662
87.90399757	-9.64751434	3.95238662
87.90799757	-9.64751434	3.95238662
87.91199757	-9.64751434	3.95238662
87.91599757	-9.64751434	3.95238662
87.91999757	-9.64751434	3.95238662
87.92399757	-9.64751434	3.95238662
87.92799757	-9.64751434	3.95238662
87.93199757	-9.64751434	3.95238662
87.93599757	-9.64751434	0.00000000
87.93999757	-9.64751434	3.95238662
87.94399757	-9.64751434	3.95238662
87.94799757	-9.64751434	0.00000000
87.95199757	-9.64751434	3.95238662
87.95599757	-9.64751434	0.00000000
87.95999757	-9.64751434	3.95238662
87.96399757	-9.64751434	0.00000000
87.96799757	-9.64751434	0.00000000
87.97199757	-9.64751434	0.00000000
87.97599757	-9.64751434	0.00000000
87.97999757	-9.64751434	0.00000000
87.98399757	-9.64751434	3.95238662
87.98799757	-9.64751434	3.95238662
87.99199757	-9.64751434	3.95238662
87.99599757	-9.64751434	0.00000000
87.99999757	-9.64751434	3.95238662
88.00399757	-9.64751434	3.95238662
88.00799757	-9.64751434	3.95238662
88.01199757	-9.64751434	3.95238662
88.01599756	-9.64751434	0.00000000
88.01999756	-9.64751434	3.95238662
88.02399756	-9.64751434	3.95238662
88.02799756	-9.64751434	3.95238662
88.03199756	-9.64751434	3.95238662
88.03599756	-9.64751434	3.95238662
88.03999756	-9.64751434	0.00000000
88.04399756	-9.64751434	3.95238662
88.04799756	-9.64751434	3.95238662
88.05199756	-9.64751434	3.95238662
88.05599756	-9.64751434	3.95238662
88.05999756	-9.64751434	0.00000000
88.06399756	-9.64751434	3.95238662
88.06799756	-9.64751434	0.00000000
88.07199756	-9.64751434	3.95238662
88.07599756	-9.64751434	3.95238662
88.07999756	-9.64751434	3.95238662
88.08399756	-9.64751434	3.95238662
88.08799756	-9.64751434	3.95238662
88.09199756	-9.64751434	0.00000000
88.09599756	-9.64751434	0.00000000
88.09999756	-9.64751434	0.00000000
88.10399756	-9.64751434	3.95238662
88.10799756	-9.64751434	0.00000000
88.11199756	-9.64751434	3.95238662
88.11599756	-9.64751434	3.95238662
88.11999756	-9.64751434	3.95238662
88.12399756	-9.64751434	3.95238662
88.12799756	-9.64751434	3.95238662
88.13199756	-9.64751434	0.00000000
88.13599756	-9.64751434	3.95238662
88.13999756	-9.64751434	0.00000000
88.14399756	-9.64751434	3.95238662
88.14799756	-9.64751434	3.95238662
88.15199756	-9.64751434	3.95238662
88.15599756	-9.64751434	3.95238662
88.15999756	-9.64751434	0.00000000
88.16399756	-9.64751434	3.95238662
88.16799756	-9.64751434	3.95238662
88.17199756	-9.64751434	3.95238662
88.17599756	-9.64751434	0.00000000
88.17999756	-9.64751434	3.95238662
88.18399756	-9.64751434	3.95238662
88.18799756	-9.64751434	3.95238662
88.19199756	-9.64751434	3.95238662
88.19599756	-9.64751434	0.00000000
88.19999756	-9.64751434	3.95238662
88.20399756	-9.64751434	3.95238662
88.20799756	-9.64751434	3.95238662
88.21199756	-9.64751434	3.95238662
88.21599756	-9.64751434	3.95238662
88.21999756	-9.64751434	0.00000000
88.22399756	-9.64751434	3.95238662
88.22799756	-9.64751434	3.95238662
88.23199756	-9.64751434	3.95238662
88.23599756	-9.64751434	0.00000000
88.23999756	-9.64751434	0.00000000
88.24399756	-9.64751434	3.95238662
88.24799756	-9.64751434	3.95238662
88.25199756	-9.64751434	0.00000000
88.25599756	-9.64751434	3.95238662
88.25999756	-9.64751434	3.95238662
88.26399756	-9.64751434	3.95238662
88.26799756	-9.64751434	3.95238662
88.27199756	-9.64751434	3.95238662
88.27599756	-9.64751434	0.00000000
88.27999756	-9.64751434	3.95238662
88.28399756	-9.64751434	0.00000000
88.28799756	-9.64751434	0.00000000
88.29199756	-9.64751434	3.95238662
88.29599756	-9.64751434	3.95238662
88.29999756	-9.64751434	3.95238662
88.30399756	-9.64751434	3.95238662
88.30799756	-9.64751434	3.95238662
88.31199756	-9.64751434	3.95238662
88.31599756	-9.64751434	3.95238662
88.31999756	-9.64751434	3.95238662
88.32399756	-9.64751434	3.95238662
88.32799756	-9.64751434	0.00000000
88.33199756	-9.64751434	3.95238662
88.33599756	-9.64751434	3.95238662
88.33999756	-9.64751434	3.95238662
88.34399756	-9.64751434	3.95238662
88.34799756	-9.64751434	3.95238662
88.35199756	-9.64751434	3.95238662
88.35599756	-9.64751434	3.95238662
88.35999756	-9.64751434	3.95238662
88.36399756	-9.64751434	0.00000000
88.36799755	-9.64751434	3.95238662
88.37199755	-9.64751434	3.95238662
88.37599755	-9.64751434	3.95238662
88.37999755	-9.64751434	0.00000000
88.38399755	-9.64751434	3.95238662
88.38799755	-9.64751434	0.00000000
88.39199755	-9.64751434	3.95238662
88.39599755	-9.64751434	3.95238662
88.39999755	-9.64751434	3.95238662
88.40399755	-9.64751434	0.00000000
88.40799755	-9.64751434	3.95238662
88.41199755	-9.64751434	3.95238662
88.41599755	-9.64751434	3.95238662
88.41999755	-9.64751434	0.00000000
88.42399755	-9.64751434	3.95238662
88.42799755	-9.64751434	3.95238662
88.43199755	-9.64751434	3.95238662
88.43599755	-9.64751434	0.00000000
88.43999755	-9.64751434	3.95238662
88.44399755	-9.64751434	3.95238662
88.44799755	-9.64751434	0.00000000
88.45199755	-9.64751434	3.95238662
88.45599755	-9.64751434	3.95238662
88.45999755	-9.64751434	0.00000000
88.46399755	-9.64751434	3.95238662
88.46799755	-9.64751434	0.00000000
88.47199755	-9.64751434	3.95238662
88.47599755	-9.64751434	3.95238662
88.47999755	-9.64751434	3.95238662
88.48399755	-9.64751434	3.95238662
88.48799755	-9.64751434	3.95238662
88.49199755	-9.64751434	0.00000000
88.49599755	-9.64751434	3.95238662
88.49999755	-9.64751434	3.95238662
88.50399755	-9.64751434	0.00000000
88.50799755	-9.64751434	3.95238662
88.51199755	-9.64751434	3.95238662
88.51599755	-9.64751434	3.95238662
88.51999755	-9.64751434	3.95238662
88.52399755	-9.64751434	0.00000000
88.52799755	-9.64751434	0.00000000
88.53199755	-9.64751434	3.95238662
88.53599755	-9.64751434	3.95238662
88.53999755	-9.64751434	3.95238662
88.54399755	-9.64751434	3.95238662
88.54799755	-9.64751434	3.95238662
88.55199755	-9.64751434	3.95238662
88.55599755	-9.64751434	3.95238662
88.55999755	-9.64751434	0.00000000
88.56399755	-9.64751434	3.95238662
88.56799755	-9.64751434	0.00000000
88.57199755	-9.64751434	0.00000000
88.57599755	-9.64751434	3.95238662
88.57999755	-9.64751434	0.00000000
88.58399755	-9.64751434	7.90477324
88.58799755	-9.64751434	0.00000000
88.59199755	-9.64751434	3.95238662
88.59599755	-9.64751434	3.95238662
88.59999755	-9.64751434	3.95238662
88.60399755	-9.64751434	0.00000000
88.60799755	-9.64751434	3.95238662
88.61199755	-9.64751434	3.95238662
88.61599755	-9.64751434	3.95238662
88.61999755	-9.64751434	0.00000000
88.62399755	-9.64751434	3.95238662
88.62799755	-9.64751434	3.95238662
88.63199755	-9.64751434	3.95238662
88.63599755	-9.64751434	0.00000000
88.63999755	-9.64751434	0.00000000
88.64399755	-9.64751434	0.00000000
88.64799755	-9.64751434	3.95238662
88.65199755	-9.64751434	0.00000000
88.65599755	-9.64751434	3.95238662
88.65999755	-9.64751434	3.95238662
88.66399755	-9.64751434	3.95238662
88.66799755	-9.64751434	0.00000000
88.67199755	-9.64751434	3.95238662
88.67599755	-9.64751434	3.95238662
88.67999755	-9.64751434	3.95238662
88.68399755	-9.64751434	3.95238662
88.68799755	-9.64751434	3.95238662
88.69199755	-9.64751434	3.95238662
88.69599755	-9.64751434	3.95238662
88.69999755	-9.64751434	0.00000000
88.70399755	-9.64751434	3.95238662
88.70799755	-9.64751434	3.95238662
88.71199755	-9.64751434	3.95238662
88.71599755	-9.64751434	0.00000000
88.71999755	-9.64751434	0.00000000
88.72399754	-9.64751434	3.95238662
88.72799754	-9.64751434	0.00000000
88.73199754	-9.64751434	3.95238662
88.73599754	-9.64751434	3.95238662
88.73999754	-9.64751434	0.00000000
88.74399754	-9.64751434	3.95238662
88.74799754	-9.64751434	3.95238662
88.75199754	-9.64751434	3.95238662
88.75599754	-9.64751434	3.95238662
88.75999754	-9.64751434	0.00000000
88.76399754	-9.64751434	0.00000000
88.76799754	-9.64751434	3.95238662
88.77199754	-9.64751434	3.95238662
88.77599754	-9.64751434	3.95238662
88.77999754	-9.64751434	3.95238662
88.78399754	-9.64751434	3.95238662
88.78799754	-9.64751434	3.95238662
88.79199754	-9.64751434	3.95238662
88.79599754	-9.64751434	3.95238662
88.79999754	-9.64751434	3.95238662
88.80399754	-9.64751434	3.95238662
88.80799754	-9.64751434	0.00000000
88.81199754	-9.64751434	3.95238662
88.81599754	-9.64751434	3.95238662
88.81999754	-9.64751434	0.00000000
88.82399754	-9.64751434	3.95238662
88.82799754	-9.64751434	0.00000000
88.83199754	-9.64751434	3.95238662
88.83599754	-9.64751434	3.95238662
88.83999754	-9.64751434	0.00000000
88.84399754	-9.64751434	3.95238662
88.84799754	-9.64751434	3.95238662
88.85199754	-9.64751434	3.95238662
88.85599754	-9.64751434	3.95238662
88.85999754	-9.64751434	3.95238662
88.86399754	-9.64751434	3.95238662
88.86799754	-9.64751434	0.00000000
88.87199754	-9.64751434	3.95238662
88.87599754	-9.64751434	0.00000000
88.87999754	-9.64751434	3.95238662
88.88399754	-9.64751434	3.95238662
88.88799754	-9.64751434	0.00000000
88.89199754	-9.64751434	3.95238662
88.89599754	-9.64751434	3.95238662
88.89999754	-9.64751434	0.00000000
88.90399754	-9.64751434	0.00000000
88.90799754	-9.64751434	3.95238662
88.91199754	-9.64751434	3.95238662
88.91599754	-9.64751434	0.00000000
88.91999754	-9.64751434	3.95238662
88.92399754	-9.64751434	3.95238662
88.92799754	-9.64751434	0.00000000
88.93199754	-9.64751434	3.95238662
88.93599754	-9.64751434	3.95238662
88.93999754	-9.64751434	0.00000000
88.94399754	-9.64751434	3.95238662
88.94799754	-9.64751434	0.00000000
88.95199754	-9.64751434	3.95238662
88.95599754	-9.64751434	3.95238662
88.95999754	-9.64751434	3.95238662
88.96399754	-9.64751434	3.95238662
88.96799754	-9.64751434	3.95238662
88.97199754	-9.64751434	3.95238662
88.97599754	-9.64751434	3.95238662
88.97999754	-9.64751434	3.95238662
88.98399754	-9.64751434	3.95238662
88.98799754	-9.64751434	3.95238662
88.99199754	-9.64751434	3.95238662
88.99599754	-9.64751434	0.00000000
88.99999754	-9.64751434	3.95238662
89.00399754	-9.64751434	0.00000000
89.00799754	-9.64751434	3.95238662
89.01199754	-9.64751434	0.00000000
89.01599754	-9.64751434	3.95238662
89.01999754	-9.64751434	3.95238662
89.02399754	-9.64751434	3.95238662
89.02799754	-9.64751434	3.95238662
89.03199754	-9.64751434	3.95238662
89.03599754	-9.64751434	3.95238662
89.03999754	-9.64751434	3.95238662
89.04399754	-9.64751434	0.00000000
89.04799754	-9.64751434	3.95238662
89.05199754	-9.64751434	0.00000000
89.05599754	-9.64751434	3.95238662
89.05999754	-9.64751434	0.00000000
89.06399754	-9.64751434	3.95238662
89.06799754	-9.64751434	0.00000000
89.07199754	-9.64751434	3.95238662
89.07599753	-9.64751434	0.00000000
89.07999753	-9.64751434	3.95238662
89.08399753	-9.64751434	3.95238662
89.08799753	-9.64751434	3.95238662
89.09199753	-9.64751434	3.95238662
89.09599753	-9.64751434	3.95238662
89.09999753	-9.64751434	0.00000000
89.10399753	-9.64751434	3.95238662
89.10799753	-9.64751434	0.00000000
89.11199753	-9.64751434	3.95238662
89.11599753	-9.64751434	0.00000000
89.11999753	-9.64751434	3.95238662
89.12399753	-9.64751434	3.95238662
89.12799753	-9.64751434	3.95238662
89.13199753	-9.64751434	0.00000000
89.13599753	-9.64751434	0.00000000
89.13999753	-9.64751434	3.95238662
89.14399753	-9.64751434	3.95238662
89.14799753	-9.48695850	3.95238662
89.15199753	-9.64751434	0.00000000
89.15599753	-9.64751434	0.00000000
89.15999753	-9.64751434	3.95238662
89.16399753	-9.64751434	0.00000000
89.16799753	-9.64751434	3.95238662
89.17199753	-9.64751434	0.00000000
89.17599753	-9.64751434	3.95238662
89.17999753	-9.64751434	3.95238662
89.18399753	-9.64751434	3.95238662
89.18799753	-9.64751434	3.95238662
89.19199753	-9.64751434	3.95238662
89.19599753	-9.64751434	3.95238662
89.19999753	-9.64751434	3.95238662
89.20399753	-9.64751434	3.95238662
89.20799753	-9.64751434	0.00000000
89.21199753	-9.64751434	0.00000000
89.21599753	-9.64751434	0.00000000
89.21999753	-9.64751434	0.00000000
89.22399753	-9.64751434	3.95238662
89.22799753	-9.64751434	3.95238662
89.23199753	-9.64751434	3.95238662
89.23599753	-9.64751434	3.95238662
89.23999753	-9.64751434	3.95238662
89.24399753	-9.64751434	0.00000000
89.24799753	-9.64751434	3.95238662
89.25199753	-9.64751434	3.95238662
89.25599753	-9.64751434	3.95238662
89.25999753	-9.64751434	0.00000000
89.26399753	-9.64751434	3.95238662
89.26799753	-9.64751434	0.00000000
89.27199753	-9.64751434	3.95238662
89.27599753	-9.64751434	3.95238662
89.27999753	-9.64751434	3.95238662
89.28399753	-9.64751434	3.95238662
89.28799753	-9.64751434	3.95238662
89.29199753	-9.64751434	0.00000000
89.29599753	-9.64751434	3.95238662
89.29999753	-9.64751434	3.95238662
89.30399753	-9.64751434	3.95238662
89.30799753	-9.64751434	0.00000000
89.31199753	-9.64751434	3.95238662
89.31599753	-9.64751434	0.00000000
89.31999753	-9.64751434	3.95238662
89.32399753	-9.64751434	0.00000000
89.32799753	-9.64751434	3.95238662
89.33199753	-9.64751434	0.00000000
89.33599753	-9.64751434	0.00000000
89.33999753	-9.64751434	0.00000000
89.34399753	-9.48695850	3.95238662
89.34799753	-9.64751434	3.95238662
89.35199753	-9.64751434	0.00000000
89.35599753	-9.64751434	3.95238662
89.35999753	-9.64751434	0.00000000
89.36399753	-9.64751434	3.95238662
89.36799753	-9.64751434	0.00000000
89.37199753	-9.64751434	0.00000000
89.37599753	-9.64751434	3.95238662
89.37999753	-9.64751434	3.95238662
89.38399753	-9.64751434	0.00000000
89.38799753	-9.64751434	0.00000000
89.39199753	-9.64751434	3.95238662
89.39599753	-9.64751434	0.00000000
89.39999753	-9.64751434	3.95238662
89.40399753	-9.64751434	3.95238662
89.40799753	-9.64751434	3.95238662
89.41199753	-9.64751434	0.00000000
89.41599753	-9.64751434	3.95238662
89.41999753	-9.64751434	0.00000000
89.42399753	-9.64751434	0.00000000
89.42799752	-9.64751434	3.95238662
89.43199752	-9.64751434	0.00000000
89.43599752	-9.64751434	0.00000000
89.43999752	-9.64751434	3.95238662
89.44399752	-9.64751434	0.00000000
89.44799752	-9.64751434	3.95238662
89.45199752	-9.64751434	3.95238662
89.45599752	-9.64751434	3.95238662
89.45999752	-9.64751434	3.95238662
89.46399752	-9.64751434	0.00000000
89.46799752	-9.64751434	3.95238662
89.47199752	-9.64751434	3.95238662
89.47599752	-9.64751434	3.95238662
89.47999752	-9.64751434	3.95238662
89.48399752	-9.64751434	3.95238662
89.48799752	-9.64751434	3.95238662
89.49199752	-9.64751434	3.95238662
89.49599752	-9.64751434	0.00000000
89.49999752	-9.64751434	0.00000000
89.50399752	-9.64751434	3.95238662
89.50799752	-9.64751434	3.95238662
89.51199752	-9.64751434	3.95238662
89.51599752	-9.64751434	3.95238662
89.51999752	-9.64751434	3.95238662
89.52399752	-9.64751434	3.95238662
89.52799752	-9.64751434	3.95238662
89.53199752	-9.64751434	0.00000000
89.53599752	-9.64751434	3.95238662
89.53999752	-9.64751434	0.00000000
89.54399752	-9.64751434	0.00000000
89.54799752	-9.64751434	3.95238662
89.55199752	-9.64751434	3.95238662
89.55599752	-9.64751434	0.00000000
89.55999752	-9.64751434	0.00000000
89.56399752	-9.64751434	0.00000000
89.56799752	-9.64751434	0.00000000
89.57199752	-9.64751434	3.95238662
89.57599752	-9.64751434	3.95238662
89.57999752	-9.64751434	0.00000000
89.58399752	-9.64751434	0.00000000
89.58799752	-9.64751434	0.00000000
89.59199752	-9.64751434	3.95238662
89.59599752	-9.64751434	3.95238662
89.59999752	-9.64751434	3.95238662
89.60399752	-9.64751434	3.95238662
89.60799752	-9.64751434	3.95238662
89.61199752	-9.64751434	0.00000000
89.61599752	-9.64751434	3.95238662
89.61999752	-9.64751434	3.95238662
89.62399752	-9.64751434	3.95238662
89.62799752	-9.64751434	3.95238662
89.63199752	-9.64751434	0.00000000
89.63599752	-9.64751434	0.00000000
89.63999752	-9.64751434	3.95238662
89.64399752	-9.64751434	3.95238662
89.64799752	-9.64751434	3.95238662
89.65199752	-9.64751434	3.95238662
89.65599752	-9.64751434	0.00000000
89.65999752	-9.64751434	3.95238662
89.66399752	-9.64751434	3.95238662
89.66799752	-9.64751434	0.00000000
89.67199752	-9.64751434	0.00000000
89.67599752	-9.64751434	3.95238662
89.67999752	-9.64751434	3.95238662
89.68399752	-9.64751434	3.95238662
89.68799752	-9.64751434	0.00000000
89.69199752	-9.64751434	3.95238662
89.69599752	-9.64751434	3.95238662
89.69999752	-9.64751434	3.95238662
89.70399752	-9.64751434	3.95238662
89.70799752	-9.64751434	0.00000000
89.71199752	-9.64751434	0.00000000
89.71599752	-9.64751434	3.95238662
89.71999752	-9.64751434	0.00000000
89.72399752	-9.64751434	3.95238662
89.72799752	-9.64751434	3.95238662
89.73199752	-9.64751434	3.95238662
89.73599752	-9.64751434	3.95238662
89.73999752	-9.64751434	0.00000000
89.74399752	-9.64751434	0.00000000
89.74799752	-9.64751434	3.95238662
89.75199752	-9.64751434	0.00000000
89.75599752	-9.64751434	0.00000000
89.75999752	-9.64751434	3.95238662
89.76399752	-9.64751434	3.95238662
89.76799752	-9.64751434	0.00000000
89.77199752	-9.64751434	3.95238662
89.77599752	-9.64751434	3.95238662
89.77999752	-9.64751434	3.95238662
89.78399751	-9.64751434	0.00000000
89.78799751	-9.64751434	0.00000000
89.79199751	-9.64751434	0.00000000
89.79599751	-9.64751434	0.00000000
89.79999751	-9.64751434	3.95238662
89.80399751	-9.64751434	0.00000000
89.80799751	-9.64751434	3.95238662
89.81199751	-9.64751434	3.95238662
89.81599751	-9.64751434	3.95238662
89.81999751	-9.64751434	3.95238662
89.82399751	-9.64751434	3.95238662
89.82799751	-9.64751434	3.95238662
89.83199751	-9.64751434	3.95238662
89.83599751	-9.64751434	3.95238662
89.83999751	-9.64751434	3.95238662
89.84399751	-9.64751434	3.95238662
89.84799751	-9.64751434	3.95238662
89.85199751	-9.64751434	3.95238662
89.85599751	-9.64751434	3.95238662
89.85999751	-9.64751434	3.95238662
89.86399751	-9.64751434	0.00000000
89.86799751	-9.64751434	3.95238662
89.87199751	-9.64751434	3.95238662
89.87599751	-9.64751434	0.00000000
89.87999751	-9.64751434	3.95238662
89.88399751	-9.64751434	3.95238662
89.88799751	-9.64751434	3.95238662
89.89199751	-9.64751434	0.00000000
89.89599751	-9.64751434	0.00000000
89.89999751	-9.64751434	3.95238662
89.90399751	-9.64751434	0.00000000
89.90799751	-9.64751434	3.95238662
89.91199751	-9.64751434	3.95238662
89.91599751	-9.64751434	3.95238662
89.91999751	-9.64751434	3.95238662
89.92399751	-9.64751434	0.00000000
89.92799751	-9.64751434	3.95238662
89.93199751	-9.64751434	3.95238662
89.93599751	-9.64751434	3.95238662
89.93999751	-9.64751434	3.95238662
89.94399751	-9.64751434	3.95238662
89.94799751	-9.64751434	0.00000000
89.95199751	-9.64751434	3.95238662
89.95599751	-9.64751434	3.95238662
89.95999751	-9.64751434	3.95238662
89.96399751	-9.64751434	3.95238662
89.96799751	-9.64751434	3.95238662
89.97199751	-9.64751434	3.95238662
89.97599751	-9.64751434	3.95238662
89.97999751	-9.64751434	0.00000000
89.98399751	-9.64751434	3.95238662
89.98799751	-9.64751434	3.95238662
89.99199751	-9.48695850	7.90477324
89.99599751	-9.64751434	0.00000000
89.99999751	-9.64751434	3.95238662
90.00399751	-9.64751434	0.00000000
