Time	Channel A	Channel B
(us)	(V)	(V)

-10.00799966	-0.16055611	0.00000000
-10.00399966	-0.16055611	0.00000000
-9.99999966	-0.16055611	0.00000000
-9.99599966	-0.16055611	0.00000000
-9.99199966	-0.16055611	0.00000000
-9.98799966	-0.16055611	0.00000000
-9.98399966	-0.16055611	0.00000000
-9.97999966	-0.16055611	0.00000000
-9.97599966	-0.16055611	0.00000000
-9.97199966	-0.16055611	0.00000000
-9.96799966	-0.16055611	0.00000000
-9.96399966	-0.16055611	0.00000000
-9.95999966	-0.16055611	0.00000000
-9.95599966	-0.16055611	0.00000000
-9.95199966	-0.16055611	0.00000000
-9.94799966	-0.16055611	0.00000000
-9.94399966	-0.16055611	0.00000000
-9.93999966	-0.16055611	0.00000000
-9.93599966	-0.16055611	0.00000000
-9.93199966	-0.16055611	0.00000000
-9.92799967	-0.16055611	0.00000000
-9.92399967	-0.16055611	0.00000000
-9.91999967	-0.16055611	0.00000000
-9.91599967	-0.16055611	0.00000000
-9.91199967	-0.16055611	0.00000000
-9.90799967	-0.16055611	0.00000000
-9.90399967	-0.16055611	0.00000000
-9.89999967	-0.16055611	0.00000000
-9.89599967	-0.16055611	0.00000000
-9.89199967	-0.16055611	0.00000000
-9.88799967	-0.16055611	0.00000000
-9.88399967	-0.16055611	0.00000000
-9.87999967	-0.16055611	0.00000000
-9.87599967	-0.16055611	0.00000000
-9.87199967	-0.16055611	0.00000000
-9.86799967	-0.16055611	0.00000000
-9.86399967	-0.16055611	0.00000000
-9.85999967	-0.16055611	0.00000000
-9.85599967	-0.16055611	0.00000000
-9.85199967	-0.16055611	0.00000000
-9.84799967	-0.16055611	0.00000000
-9.84399967	-0.16055611	0.00000000
-9.83999967	-0.16055611	0.00000000
-9.83599967	-0.16055611	0.00000000
-9.83199967	-0.16055611	0.00000000
-9.82799967	-0.16055611	0.00000000
-9.82399967	-0.16055611	0.00000000
-9.81999967	-0.16055611	0.00000000
-9.81599967	-0.16055611	0.00000000
-9.81199967	-0.16055611	0.00000000
-9.80799967	-0.16055611	0.00000000
-9.80399967	-0.16055611	0.00000000
-9.79999967	-0.16055611	0.00000000
-9.79599967	-0.16055611	0.00000000
-9.79199967	-0.16055611	0.00000000
-9.78799967	-0.16055611	0.00000000
-9.78399967	-0.16055611	0.00000000
-9.77999967	-0.16055611	0.00000000
-9.77599967	-0.16055611	0.00000000
-9.77199967	-0.16055611	0.00000000
-9.76799967	-0.16055611	0.00000000
-9.76399967	-0.16055611	0.00000000
-9.75999967	-0.16055611	0.00000000
-9.75599967	-0.16055611	0.00000000
-9.75199967	-0.16055611	0.00000000
-9.74799967	-0.16055611	0.00000000
-9.74399967	-0.16055611	0.00000000
-9.73999967	-0.16055611	0.00000000
-9.73599967	-0.16055611	0.00000000
-9.73199967	-0.16055611	0.00000000
-9.72799967	-0.16055611	0.00000000
-9.72399967	-0.16055611	0.00000000
-9.71999967	-0.16055611	0.00000000
-9.71599967	-0.16055611	0.00000000
-9.71199967	-0.16055611	0.00000000
-9.70799967	-0.16055611	0.00000000
-9.70399967	-0.16055611	0.00000000
-9.69999967	-0.16055611	0.00000000
-9.69599967	-0.16055611	0.00000000
-9.69199967	-0.16055611	0.00000000
-9.68799967	-0.16055611	0.00000000
-9.68399967	-0.16055611	0.00000000
-9.67999967	-0.16055611	0.00000000
-9.67599967	-0.16055611	0.00000000
-9.67199967	-0.16055611	0.00000000
-9.66799967	-0.16055611	0.00000000
-9.66399967	-0.16055611	0.00000000
-9.65999967	-0.16055611	0.00000000
-9.65599967	-0.16055611	0.00000000
-9.65199967	-0.16055611	0.00000000
-9.64799967	-0.16055611	0.00000000
-9.64399967	-0.16055611	0.00000000
-9.63999967	-0.16055611	0.00000000
-9.63599967	-0.16055611	0.00000000
-9.63199967	-0.16055611	0.00000000
-9.62799967	-0.16055611	0.00000000
-9.62399967	-0.16055611	0.00000000
-9.61999967	-0.16055611	0.00000000
-9.61599967	-0.16055611	0.00000000
-9.61199967	-0.16055611	0.00000000
-9.60799967	-0.16055611	0.00000000
-9.60399967	-0.16055611	0.00000000
-9.59999967	-0.16055611	0.00000000
-9.59599967	-0.16055611	0.00000000
-9.59199967	-0.16055611	0.00000000
-9.58799967	-0.16055611	0.00000000
-9.58399967	-0.16055611	0.00000000
-9.57999967	-0.16055611	0.00000000
-9.57599967	-0.16055611	0.00000000
-9.57199968	-0.16055611	0.00000000
-9.56799968	-0.16055611	0.00000000
-9.56399968	-0.16055611	0.00000000
-9.55999968	-0.16055611	0.00000000
-9.55599968	-0.16055611	0.00000000
-9.55199968	-0.16055611	0.00000000
-9.54799968	-0.16055611	0.00000000
-9.54399968	-0.16055611	0.00000000
-9.53999968	-0.16055611	0.00000000
-9.53599968	-0.16055611	0.00000000
-9.53199968	-0.16055611	0.00000000
-9.52799968	-0.16055611	0.00000000
-9.52399968	-0.16055611	0.00000000
-9.51999968	-0.16055611	0.00000000
-9.51599968	-0.16055611	0.00000000
-9.51199968	-0.16055611	0.00000000
-9.50799968	-0.16055611	0.00000000
-9.50399968	-0.16055611	0.00000000
-9.49999968	-0.16055611	0.00000000
-9.49599968	-0.16055611	0.00000000
-9.49199968	-0.16055611	0.00000000
-9.48799968	-0.16055611	0.00000000
-9.48399968	-0.16055611	0.00000000
-9.47999968	-0.16055611	0.00000000
-9.47599968	-0.16055611	0.00000000
-9.47199968	-0.16055611	0.00000000
-9.46799968	-0.16055611	0.00000000
-9.46399968	-0.16055611	0.00000000
-9.45999968	-0.16055611	0.00000000
-9.45599968	-0.16055611	0.00000000
-9.45199968	-0.16055611	0.00000000
-9.44799968	-0.16055611	0.01574803
-9.44399968	-0.16055611	0.00000000
-9.43999968	-0.16055611	0.00000000
-9.43599968	-0.16055611	0.00000000
-9.43199968	-0.16055611	0.00000000
-9.42799968	-0.16055611	0.00000000
-9.42399968	-0.16055611	0.00000000
-9.41999968	-0.16055611	0.00000000
-9.41599968	-0.16055611	0.00000000
-9.41199968	-0.16055611	0.00000000
-9.40799968	-0.16055611	0.00000000
-9.40399968	-0.16055611	0.00000000
-9.39999968	-0.16055611	0.00000000
-9.39599968	-0.16055611	0.00000000
-9.39199968	-0.16055611	0.00000000
-9.38799968	-0.16055611	0.00000000
-9.38399968	-0.16055611	0.00000000
-9.37999968	-0.16055611	0.00000000
-9.37599968	-0.16055611	0.00000000
-9.37199968	-0.16055611	0.00000000
-9.36799968	-0.16055611	0.00000000
-9.36399968	-0.16055611	0.00000000
-9.35999968	-0.16055611	0.00000000
-9.35599968	-0.16055611	0.00000000
-9.35199968	-0.16055611	0.00000000
-9.34799968	-0.16055611	0.00000000
-9.34399968	-0.16055611	0.00000000
-9.33999968	-0.16055611	0.00000000
-9.33599968	-0.16055611	0.00000000
-9.33199968	-0.16055611	0.00000000
-9.32799968	-0.16055611	0.00000000
-9.32399968	-0.16055611	0.00000000
-9.31999968	-0.16055611	0.00000000
-9.31599968	-0.16055611	0.00000000
-9.31199968	-0.16055611	0.00000000
-9.30799968	-0.16055611	0.00000000
-9.30399968	-0.16055611	0.00000000
-9.29999968	-0.16055611	0.00000000
-9.29599968	-0.16055611	0.00000000
-9.29199968	-0.16055611	0.00000000
-9.28799968	-0.16055611	0.00000000
-9.28399968	-0.16055611	0.00000000
-9.27999968	-0.16055611	0.00000000
-9.27599968	-0.16055611	0.00000000
-9.27199968	-0.16055611	0.00000000
-9.26799968	-0.16055611	0.00000000
-9.26399968	-0.16055611	0.00000000
-9.25999968	-0.16055611	0.00000000
-9.25599968	-0.16055611	0.00000000
-9.25199968	-0.16055611	0.00000000
-9.24799968	-0.16055611	0.00000000
-9.24399968	-0.16055611	0.00000000
-9.23999968	-0.16055611	0.00000000
-9.23599968	-0.16055611	0.00000000
-9.23199968	-0.16055611	0.00000000
-9.22799968	-0.16055611	0.00000000
-9.22399968	-0.16055611	0.00000000
-9.21999969	-0.16055611	0.00000000
-9.21599969	-0.16055611	0.00000000
-9.21199969	-0.16055611	0.00000000
-9.20799969	-0.16055611	0.00000000
-9.20399969	-0.16055611	0.00000000
-9.19999969	-0.16055611	0.00000000
-9.19599969	-0.16055611	0.00000000
-9.19199969	-0.16055611	0.00000000
-9.18799969	-0.16055611	0.00000000
-9.18399969	-0.16055611	0.00000000
-9.17999969	-0.16055611	0.00000000
-9.17599969	-0.16055611	0.00000000
-9.17199969	-0.16055611	0.00000000
-9.16799969	-0.16055611	0.00000000
-9.16399969	-0.16055611	0.00000000
-9.15999969	-0.16055611	0.00000000
-9.15599969	-0.16055611	0.00000000
-9.15199969	-0.16055611	0.00000000
-9.14799969	-0.16055611	0.00000000
-9.14399969	-0.16055611	0.00000000
-9.13999969	-0.16055611	0.00000000
-9.13599969	-0.16055611	0.00000000
-9.13199969	-0.16055611	0.00000000
-9.12799969	-0.16055611	0.00000000
-9.12399969	-0.16055611	0.00000000
-9.11999969	-0.16055611	0.00000000
-9.11599969	-0.16055611	0.00000000
-9.11199969	-0.16055611	0.00000000
-9.10799969	-0.16055611	0.00000000
-9.10399969	-0.16055611	0.00000000
-9.09999969	-0.16055611	0.00000000
-9.09599969	-0.16055611	0.00000000
-9.09199969	-0.16055611	0.00000000
-9.08799969	-0.16055611	0.00000000
-9.08399969	-0.16055611	0.00000000
-9.07999969	-0.16055611	0.00000000
-9.07599969	-0.16055611	0.00000000
-9.07199969	-0.16055611	0.00000000
-9.06799969	-0.16055611	0.00000000
-9.06399969	-0.16055611	0.00000000
-9.05999969	-0.16055611	0.00000000
-9.05599969	-0.16055611	0.00000000
-9.05199969	-0.16055611	0.00000000
-9.04799969	-0.16055611	0.00000000
-9.04399969	-0.16055611	0.00000000
-9.03999969	-0.16055611	0.00000000
-9.03599969	-0.16055611	0.00000000
-9.03199969	-0.16055611	0.00000000
-9.02799969	-0.16055611	0.00000000
-9.02399969	-0.16055611	0.00000000
-9.01999969	-0.16055611	0.00000000
-9.01599969	-0.16055611	0.00000000
-9.01199969	-0.16055611	0.00000000
-9.00799969	-0.16055611	0.00000000
-9.00399969	-0.16055611	0.00000000
-8.99999969	-0.16055611	0.00000000
-8.99599969	-0.16055611	0.00000000
-8.99199969	-0.16055611	0.00000000
-8.98799969	-0.16055611	0.00000000
-8.98399969	-0.16055611	0.00000000
-8.97999969	-0.16055611	0.00000000
-8.97599969	-0.16055611	0.00000000
-8.97199969	-0.16055611	0.00000000
-8.96799969	-0.16055611	0.00000000
-8.96399969	-0.16055611	0.00000000
-8.95999969	-0.16055611	0.00000000
-8.95599969	-0.16055611	0.00000000
-8.95199969	-0.16055611	0.00000000
-8.94799969	-0.16055611	0.00000000
-8.94399969	-0.16055611	0.00000000
-8.93999969	-0.16055611	0.00000000
-8.93599969	-0.16055611	0.00000000
-8.93199969	-0.16055611	0.00000000
-8.92799969	-0.16055611	0.00000000
-8.92399969	-0.16055611	0.00000000
-8.91999969	-0.16055611	0.00000000
-8.91599969	-0.16055611	0.00000000
-8.91199969	-0.16055611	0.00000000
-8.90799969	-0.16055611	0.00000000
-8.90399969	-0.16055611	0.00000000
-8.89999969	-0.16055611	0.00000000
-8.89599969	-0.16055611	0.00000000
-8.89199969	-0.16055611	0.00000000
-8.88799969	-0.16055611	0.00000000
-8.88399969	-0.16055611	0.00000000
-8.87999969	-0.16055611	0.00000000
-8.87599969	-0.16055611	0.00000000
-8.87199969	-0.16055611	0.00000000
-8.86799970	-0.16055611	0.00000000
-8.86399970	-0.16055611	0.00000000
-8.85999970	-0.16055611	0.00000000
-8.85599970	-0.16055611	0.00000000
-8.85199970	-0.16055611	0.00000000
-8.84799970	-0.16055611	0.00000000
-8.84399970	-0.16055611	0.00000000
-8.83999970	-0.16055611	0.00000000
-8.83599970	-0.16055611	0.00000000
-8.83199970	-0.16055611	0.00000000
-8.82799970	-0.16055611	0.00000000
-8.82399970	-0.16055611	0.00000000
-8.81999970	-0.16055611	0.00000000
-8.81599970	-0.16055611	0.00000000
-8.81199970	-0.16055611	0.00000000
-8.80799970	-0.16055611	0.00000000
-8.80399970	-0.16055611	0.00000000
-8.79999970	-0.16055611	0.00000000
-8.79599970	-0.16055611	0.00000000
-8.79199970	-0.16055611	0.00000000
-8.78799970	-0.16055611	0.00000000
-8.78399970	-0.16055611	0.00000000
-8.77999970	-0.16055611	0.00000000
-8.77599970	-0.16055611	0.00000000
-8.77199970	-0.16055611	0.00000000
-8.76799970	-0.16055611	0.00000000
-8.76399970	-0.16055611	0.00000000
-8.75999970	-0.16055611	0.00000000
-8.75599970	-0.16055611	0.00000000
-8.75199970	-0.16055611	0.00000000
-8.74799970	-0.16055611	0.00000000
-8.74399970	-0.16055611	0.00000000
-8.73999970	-0.16055611	0.00000000
-8.73599970	-0.16055611	0.00000000
-8.73199970	-0.16055611	0.00000000
-8.72799970	-0.16055611	0.00000000
-8.72399970	-0.16055611	0.00000000
-8.71999970	-0.16055611	0.00000000
-8.71599970	-0.16055611	0.00000000
-8.71199970	-0.16055611	0.00000000
-8.70799970	-0.16055611	0.00000000
-8.70399970	-0.16055611	0.00000000
-8.69999970	-0.16055611	0.00000000
-8.69599970	-0.16055611	0.00000000
-8.69199970	-0.16055611	0.00000000
-8.68799970	-0.16055611	0.00000000
-8.68399970	-0.16055611	0.00000000
-8.67999970	-0.16055611	0.00000000
-8.67599970	-0.16055611	0.00000000
-8.67199970	-0.16055611	0.00000000
-8.66799970	-0.16055611	0.00000000
-8.66399970	-0.16055611	0.00000000
-8.65999970	-0.16055611	0.00000000
-8.65599970	-0.16055611	0.00000000
-8.65199970	-0.16055611	0.00000000
-8.64799970	-0.16055611	0.00000000
-8.64399970	-0.16055611	0.00000000
-8.63999970	-0.16055611	0.00000000
-8.63599970	-0.16055611	0.00000000
-8.63199970	-0.16055611	0.00000000
-8.62799970	-0.16055611	0.00000000
-8.62399970	-0.16055611	0.00000000
-8.61999970	-0.16055611	0.00000000
-8.61599970	-0.16055611	0.00000000
-8.61199970	-0.16055611	0.00000000
-8.60799970	-0.16055611	0.00000000
-8.60399970	-0.16055611	0.00000000
-8.59999970	-0.16055611	0.00000000
-8.59599970	-0.16055611	0.00000000
-8.59199970	-0.16055611	0.00000000
-8.58799970	-0.16055611	0.00000000
-8.58399970	-0.16055611	0.00000000
-8.57999970	-0.16055611	0.00000000
-8.57599970	-0.16055611	0.00000000
-8.57199970	-0.16055611	0.00000000
-8.56799970	-0.16055611	0.00000000
-8.56399970	-0.16055611	0.00000000
-8.55999970	-0.16055611	0.00000000
-8.55599970	-0.16055611	0.00000000
-8.55199970	-0.16055611	0.00000000
-8.54799970	-0.16055611	0.00000000
-8.54399970	-0.16055611	0.00000000
-8.53999970	-0.16055611	0.00000000
-8.53599970	-0.16055611	0.00000000
-8.53199970	-0.16055611	0.00000000
-8.52799970	-0.16055611	0.00000000
-8.52399970	-0.16055611	0.00000000
-8.51999970	-0.16055611	0.00000000
-8.51599970	-0.16055611	0.00000000
-8.51199971	-0.16055611	0.00000000
-8.50799971	-0.16055611	0.00000000
-8.50399971	-0.16055611	0.00000000
-8.49999971	-0.16055611	0.00000000
-8.49599971	-0.16055611	0.00000000
-8.49199971	-0.16055611	0.00000000
-8.48799971	-0.16055611	0.00000000
-8.48399971	-0.16055611	0.00000000
-8.47999971	-0.16055611	0.00000000
-8.47599971	-0.16055611	0.00000000
-8.47199971	-0.16055611	0.00000000
-8.46799971	-0.16055611	0.00000000
-8.46399971	-0.16055611	0.00000000
-8.45999971	-0.16055611	0.00000000
-8.45599971	-0.16055611	0.00000000
-8.45199971	-0.16055611	0.00000000
-8.44799971	-0.16055611	0.00000000
-8.44399971	-0.16055611	0.00000000
-8.43999971	-0.16055611	0.00000000
-8.43599971	-0.16055611	0.00000000
-8.43199971	-0.16055611	0.00000000
-8.42799971	-0.16055611	0.00000000
-8.42399971	-0.16055611	0.00000000
-8.41999971	-0.16055611	0.00000000
-8.41599971	-0.16055611	0.00000000
-8.41199971	-0.16055611	0.00000000
-8.40799971	-0.16055611	0.00000000
-8.40399971	-0.16055611	0.00000000
-8.39999971	-0.16055611	0.00000000
-8.39599971	-0.16055611	0.00000000
-8.39199971	-0.16055611	0.00000000
-8.38799971	-0.16055611	0.00000000
-8.38399971	-0.16055611	0.00000000
-8.37999971	-0.16055611	0.00000000
-8.37599971	-0.16055611	0.00000000
-8.37199971	-0.16055611	0.00000000
-8.36799971	-0.16055611	0.00000000
-8.36399971	-0.16055611	0.00000000
-8.35999971	-0.16055611	0.00000000
-8.35599971	-0.16055611	0.00000000
-8.35199971	-0.16055611	0.00000000
-8.34799971	-0.16055611	0.00000000
-8.34399971	-0.16055611	0.00000000
-8.33999971	-0.16055611	0.00000000
-8.33599971	-0.16055611	0.00000000
-8.33199971	-0.16055611	0.00000000
-8.32799971	-0.16055611	0.00000000
-8.32399971	-0.16055611	0.00000000
-8.31999971	-0.16055611	0.00000000
-8.31599971	-0.16055611	0.00000000
-8.31199971	-0.16055611	0.00000000
-8.30799971	-0.16055611	0.00000000
-8.30399971	-0.16055611	0.00000000
-8.29999971	-0.16055611	0.00000000
-8.29599971	-0.16055611	0.00000000
-8.29199971	-0.16055611	0.00000000
-8.28799971	-0.16055611	0.00000000
-8.28399971	-0.16055611	0.00000000
-8.27999971	-0.16055611	0.00000000
-8.27599971	-0.16055611	0.00000000
-8.27199971	-0.16055611	0.00000000
-8.26799971	-0.16055611	0.00000000
-8.26399971	-0.16055611	0.00000000
-8.25999971	-0.16055611	0.00000000
-8.25599971	-0.16055611	0.00000000
-8.25199971	-0.16055611	0.00000000
-8.24799971	-0.16055611	0.00000000
-8.24399971	-0.16055611	0.00000000
-8.23999971	-0.16055611	0.00000000
-8.23599971	-0.16055611	0.00000000
-8.23199971	-0.16055611	0.00000000
-8.22799971	-0.16055611	0.00000000
-8.22399971	-0.16055611	0.00000000
-8.21999971	-0.16055611	0.00000000
-8.21599971	-0.16055611	0.00000000
-8.21199971	-0.16055611	0.00000000
-8.20799971	-0.16055611	0.00000000
-8.20399971	-0.16055611	0.00000000
-8.19999971	-0.16055611	0.00000000
-8.19599971	-0.16055611	0.00000000
-8.19199971	-0.16055611	0.00000000
-8.18799971	-0.16055611	0.00000000
-8.18399971	-0.16055611	0.00000000
-8.17999971	-0.16055611	0.00000000
-8.17599971	-0.16055611	0.00000000
-8.17199971	-0.16055611	0.00000000
-8.16799971	-0.16055611	0.00000000
-8.16399971	-0.16055611	0.00000000
-8.15999972	-0.16055611	0.00000000
-8.15599972	-0.16055611	0.00000000
-8.15199972	-0.16055611	0.00000000
-8.14799972	-0.16055611	0.00000000
-8.14399972	-0.16055611	0.00000000
-8.13999972	-0.16055611	0.00000000
-8.13599972	-0.16055611	0.00000000
-8.13199972	-0.16055611	0.00000000
-8.12799972	-0.16055611	0.00000000
-8.12399972	-0.16055611	0.00000000
-8.11999972	-0.16055611	0.00000000
-8.11599972	-0.16055611	0.00000000
-8.11199972	-0.16055611	0.00000000
-8.10799972	-0.16055611	0.00000000
-8.10399972	-0.16055611	0.00000000
-8.09999972	-0.16055611	0.00000000
-8.09599972	-0.16055611	0.00000000
-8.09199972	-0.16055611	0.00000000
-8.08799972	-0.16055611	0.00000000
-8.08399972	-0.16055611	0.00000000
-8.07999972	-0.16055611	0.00000000
-8.07599972	-0.16055611	0.00000000
-8.07199972	-0.16055611	0.00000000
-8.06799972	-0.16055611	0.00000000
-8.06399972	-0.16055611	0.00000000
-8.05999972	-0.16055611	0.00000000
-8.05599972	-0.16055611	0.00000000
-8.05199972	-0.16055611	0.00000000
-8.04799972	-0.16055611	0.00000000
-8.04399972	-0.16055611	0.00000000
-8.03999972	-0.16055611	0.00000000
-8.03599972	-0.16055611	0.00000000
-8.03199972	-0.16055611	0.00000000
-8.02799972	-0.16055611	0.00000000
-8.02399972	-0.16055611	0.00000000
-8.01999972	-0.16055611	0.00000000
-8.01599972	-0.16055611	0.00000000
-8.01199972	-0.16055611	0.00000000
-8.00799972	-0.16055611	0.00000000
-8.00399972	-0.16055611	0.00000000
-7.99999972	-0.16055611	0.00000000
-7.99599972	-0.16055611	0.00000000
-7.99199972	-0.16055611	0.00000000
-7.98799972	-0.16055611	0.00000000
-7.98399972	-0.16055611	0.00000000
-7.97999972	-0.16055611	0.00000000
-7.97599972	-0.16055611	0.00000000
-7.97199972	-0.16055611	0.00000000
-7.96799972	-0.16055611	0.00000000
-7.96399972	-0.16055611	0.00000000
-7.95999972	-0.16055611	0.01574803
-7.95599972	-0.16055611	0.00000000
-7.95199972	-0.16055611	0.00000000
-7.94799972	-0.16055611	0.00000000
-7.94399972	-0.16055611	0.00000000
-7.93999972	-0.16055611	0.00000000
-7.93599972	-0.16055611	0.00000000
-7.93199972	-0.16055611	0.00000000
-7.92799972	-0.16055611	0.00000000
-7.92399972	-0.16055611	0.00000000
-7.91999972	-0.16055611	0.00000000
-7.91599972	-0.16055611	0.00000000
-7.91199972	-0.16055611	0.00000000
-7.90799972	-0.16055611	0.00000000
-7.90399972	-0.16055611	0.00000000
-7.89999972	-0.16055611	0.00000000
-7.89599972	-0.16055611	0.00000000
-7.89199972	-0.16055611	0.00000000
-7.88799972	-0.16055611	0.00000000
-7.88399972	-0.16055611	0.00000000
-7.87999972	-0.16055611	0.00000000
-7.87599972	-0.16055611	0.00000000
-7.87199972	-0.16055611	0.00000000
-7.86799972	-0.16055611	0.00000000
-7.86399972	-0.16055611	0.00000000
-7.85999972	-0.16055611	0.00000000
-7.85599972	-0.16055611	0.00000000
-7.85199972	-0.16055611	0.00000000
-7.84799972	-0.16055611	0.00000000
-7.84399972	-0.16055611	0.00000000
-7.83999972	-0.16055611	0.00000000
-7.83599972	-0.16055611	0.00000000
-7.83199972	-0.16055611	0.00000000
-7.82799972	-0.16055611	0.00000000
-7.82399972	-0.16055611	0.00000000
-7.81999972	-0.16055611	0.00000000
-7.81599972	-0.16055611	0.00000000
-7.81199972	-0.16055611	0.00000000
-7.80799972	-0.16055611	0.00000000
-7.80399973	-0.16055611	0.00000000
-7.79999973	-0.16055611	0.00000000
-7.79599973	-0.16055611	0.00000000
-7.79199973	-0.16055611	0.00000000
-7.78799973	-0.16055611	0.00000000
-7.78399973	-0.16055611	0.00000000
-7.77999973	-0.16055611	0.00000000
-7.77599973	-0.16055611	0.00000000
-7.77199973	-0.16055611	0.00000000
-7.76799973	-0.16055611	0.01574803
-7.76399973	-0.16055611	0.00000000
-7.75999973	-0.16055611	0.00000000
-7.75599973	-0.16055611	0.00000000
-7.75199973	-0.16055611	0.00000000
-7.74799973	-0.16055611	0.00000000
-7.74399973	-0.16055611	0.00000000
-7.73999973	-0.16055611	0.00000000
-7.73599973	-0.16055611	0.00000000
-7.73199973	-0.16055611	0.00000000
-7.72799973	-0.16055611	0.00000000
-7.72399973	-0.16055611	0.00000000
-7.71999973	-0.16055611	0.00000000
-7.71599973	-0.16055611	0.00000000
-7.71199973	-0.16055611	0.00000000
-7.70799973	-0.16055611	0.00000000
-7.70399973	-0.16055611	0.00000000
-7.69999973	-0.16055611	0.00000000
-7.69599973	-0.16055611	0.00000000
-7.69199973	-0.16055611	0.00000000
-7.68799973	-0.16055611	0.00000000
-7.68399973	-0.16055611	0.00000000
-7.67999973	-0.16055611	0.00000000
-7.67599973	-0.16055611	0.00000000
-7.67199973	-0.16055611	0.00000000
-7.66799973	-0.16055611	0.00000000
-7.66399973	-0.16055611	0.00000000
-7.65999973	-0.16055611	0.00000000
-7.65599973	-0.16055611	0.00000000
-7.65199973	-0.16055611	0.00000000
-7.64799973	-0.16055611	0.00000000
-7.64399973	-0.16055611	0.00000000
-7.63999973	-0.16055611	0.00000000
-7.63599973	-0.16055611	0.00000000
-7.63199973	-0.16055611	0.00000000
-7.62799973	-0.16055611	0.00000000
-7.62399973	-0.16055611	0.00000000
-7.61999973	-0.16055611	0.00000000
-7.61599973	-0.16055611	0.00000000
-7.61199973	-0.16055611	0.00000000
-7.60799973	-0.16055611	0.00000000
-7.60399973	-0.16055611	0.00000000
-7.59999973	-0.16055611	0.00000000
-7.59599973	-0.16055611	0.00000000
-7.59199973	-0.16055611	0.00000000
-7.58799973	-0.16055611	0.00000000
-7.58399973	-0.16055611	0.00000000
-7.57999973	-0.16055611	0.00000000
-7.57599973	-0.16055611	0.00000000
-7.57199973	-0.16055611	0.00000000
-7.56799973	-0.16055611	0.00000000
-7.56399973	-0.16055611	0.00000000
-7.55999973	-0.16055611	0.00000000
-7.55599973	-0.16055611	0.00000000
-7.55199973	-0.16055611	0.00000000
-7.54799973	-0.16055611	0.00000000
-7.54399973	-0.16055611	0.00000000
-7.53999973	-0.16055611	0.00000000
-7.53599973	-0.16055611	0.00000000
-7.53199973	-0.16055611	0.00000000
-7.52799973	-0.16055611	0.00000000
-7.52399973	-0.16055611	0.00000000
-7.51999973	-0.16055611	0.00000000
-7.51599973	-0.16055611	0.00000000
-7.51199973	-0.16055611	0.00000000
-7.50799973	-0.16055611	0.00000000
-7.50399973	-0.16055611	0.00000000
-7.49999973	-0.16055611	0.00000000
-7.49599973	-0.16055611	0.00000000
-7.49199973	-0.16055611	0.00000000
-7.48799973	-0.16055611	0.00000000
-7.48399973	-0.16055611	0.00000000
-7.47999973	-0.16055611	0.00000000
-7.47599973	-0.16055611	0.00000000
-7.47199973	-0.16055611	0.00000000
-7.46799973	-0.16055611	0.00000000
-7.46399973	-0.16055611	0.00000000
-7.45999973	-0.16055611	0.00000000
-7.45599973	-0.16055611	0.00000000
-7.45199974	-0.16055611	0.00000000
-7.44799974	-0.16055611	0.00000000
-7.44399974	-0.16055611	0.00000000
-7.43999974	-0.16055611	0.00000000
-7.43599974	-0.16055611	0.00000000
-7.43199974	-0.16055611	0.00000000
-7.42799974	-0.16055611	0.00000000
-7.42399974	-0.16055611	0.00000000
-7.41999974	-0.16055611	0.00000000
-7.41599974	-0.16055611	0.00000000
-7.41199974	-0.16055611	0.00000000
-7.40799974	-0.16055611	0.00000000
-7.40399974	-0.16055611	0.00000000
-7.39999974	-0.16055611	0.00000000
-7.39599974	-0.16055611	0.00000000
-7.39199974	-0.16055611	0.00000000
-7.38799974	-0.16055611	0.00000000
-7.38399974	-0.16055611	0.00000000
-7.37999974	-0.16055611	0.00000000
-7.37599974	-0.16055611	0.00000000
-7.37199974	-0.16055611	0.00000000
-7.36799974	-0.16055611	0.00000000
-7.36399974	-0.16055611	0.00000000
-7.35999974	-0.16055611	0.00000000
-7.35599974	-0.16055611	0.00000000
-7.35199974	-0.16055611	0.00000000
-7.34799974	-0.16055611	0.00000000
-7.34399974	-0.16055611	0.00000000
-7.33999974	-0.16055611	0.00000000
-7.33599974	-0.16055611	0.00000000
-7.33199974	-0.16055611	0.00000000
-7.32799974	-0.16055611	0.00000000
-7.32399974	-0.16055611	0.00000000
-7.31999974	-0.16055611	0.00000000
-7.31599974	-0.16055611	0.00000000
-7.31199974	-0.16055611	0.00000000
-7.30799974	-0.16055611	0.00000000
-7.30399974	-0.16055611	0.00000000
-7.29999974	-0.16055611	0.00000000
-7.29599974	-0.16055611	0.00000000
-7.29199974	-0.16055611	0.00000000
-7.28799974	-0.16055611	0.01574803
-7.28399974	-0.16055611	0.00000000
-7.27999974	-0.16055611	0.00000000
-7.27599974	-0.16055611	0.00000000
-7.27199974	-0.16055611	0.01574803
-7.26799974	-0.16055611	0.00000000
-7.26399974	-0.16055611	0.00000000
-7.25999974	-0.16055611	0.00000000
-7.25599974	-0.16055611	0.00000000
-7.25199974	-0.16055611	0.00000000
-7.24799974	-0.16055611	0.00000000
-7.24399974	-0.16055611	0.00000000
-7.23999974	-0.16055611	0.00000000
-7.23599974	-0.16055611	0.00000000
-7.23199974	-0.16055611	0.00000000
-7.22799974	-0.16055611	0.00000000
-7.22399974	-0.16055611	0.00000000
-7.21999974	-0.16055611	0.00000000
-7.21599974	-0.16055611	0.00000000
-7.21199974	-0.16055611	0.00000000
-7.20799974	-0.16055611	0.00000000
-7.20399974	-0.16055611	0.00000000
-7.19999974	-0.16055611	0.00000000
-7.19599974	-0.16055611	0.00000000
-7.19199974	-0.16055611	0.00000000
-7.18799974	-0.16055611	0.00000000
-7.18399974	-0.16055611	0.00000000
-7.17999974	-0.16055611	0.00000000
-7.17599974	-0.16055611	0.00000000
-7.17199974	-0.16055611	0.00000000
-7.16799974	-0.16055611	0.00000000
-7.16399974	-0.16055611	0.00000000
-7.15999974	-0.16055611	0.00000000
-7.15599974	-0.16055611	0.00000000
-7.15199974	-0.16055611	0.00000000
-7.14799974	-0.16055611	0.00000000
-7.14399974	-0.16055611	0.00000000
-7.13999974	-0.16055611	0.00000000
-7.13599974	-0.16055611	0.00000000
-7.13199974	-0.16055611	0.00000000
-7.12799974	-0.16055611	0.00000000
-7.12399974	-0.16055611	0.00000000
-7.11999974	-0.16055611	0.00000000
-7.11599974	-0.16055611	0.00000000
-7.11199974	-0.16055611	0.00000000
-7.10799974	-0.16055611	0.00000000
-7.10399974	-0.16055611	0.00000000
-7.09999975	-0.16055611	0.00000000
-7.09599975	-0.16055611	0.00000000
-7.09199975	-0.16055611	0.00000000
-7.08799975	-0.16055611	0.00000000
-7.08399975	-0.16055611	0.00000000
-7.07999975	-0.16055611	0.00000000
-7.07599975	-0.16055611	0.00000000
-7.07199975	-0.16055611	0.00000000
-7.06799975	-0.16055611	0.00000000
-7.06399975	-0.16055611	0.00000000
-7.05999975	-0.16055611	0.00000000
-7.05599975	-0.16055611	0.00000000
-7.05199975	-0.16055611	0.00000000
-7.04799975	-0.16055611	0.00000000
-7.04399975	-0.16055611	0.00000000
-7.03999975	-0.16055611	0.00000000
-7.03599975	-0.16055611	0.00000000
-7.03199975	-0.16055611	0.00000000
-7.02799975	-0.16055611	0.00000000
-7.02399975	-0.16055611	0.00000000
-7.01999975	-0.16055611	0.00000000
-7.01599975	-0.16055611	0.00000000
-7.01199975	-0.16055611	0.00000000
-7.00799975	-0.16055611	0.00000000
-7.00399975	-0.16055611	0.00000000
-6.99999975	-0.16055611	0.00000000
-6.99599975	-0.16055611	0.00000000
-6.99199975	-0.16055611	0.01574803
-6.98799975	-0.16055611	0.00000000
-6.98399975	-0.16055611	0.00000000
-6.97999975	-0.16055611	0.00000000
-6.97599975	-0.16055611	0.00000000
-6.97199975	-0.16055611	0.00000000
-6.96799975	-0.16055611	0.00000000
-6.96399975	-0.16055611	0.00000000
-6.95999975	-0.16055611	0.00000000
-6.95599975	-0.16055611	0.00000000
-6.95199975	-0.16055611	0.00000000
-6.94799975	-0.16055611	0.00000000
-6.94399975	-0.16055611	0.00000000
-6.93999975	-0.16055611	0.00000000
-6.93599975	-0.16055611	0.00000000
-6.93199975	-0.16055611	0.00000000
-6.92799975	-0.16055611	0.00000000
-6.92399975	-0.16055611	0.00000000
-6.91999975	-0.16055611	0.00000000
-6.91599975	-0.16055611	0.00000000
-6.91199975	-0.16055611	0.00000000
-6.90799975	-0.16055611	0.00000000
-6.90399975	-0.16055611	0.00000000
-6.89999975	-0.16055611	0.00000000
-6.89599975	-0.16055611	0.00000000
-6.89199975	-0.16055611	0.00000000
-6.88799975	-0.16055611	0.00000000
-6.88399975	-0.16055611	0.00000000
-6.87999975	-0.16055611	0.00000000
-6.87599975	-0.16055611	0.00000000
-6.87199975	-0.16055611	0.00000000
-6.86799975	-0.16055611	0.00000000
-6.86399975	-0.16055611	0.00000000
-6.85999975	-0.16055611	0.00000000
-6.85599975	-0.16055611	0.00000000
-6.85199975	-0.16055611	0.00000000
-6.84799975	-0.16055611	0.00000000
-6.84399975	-0.16055611	0.00000000
-6.83999975	-0.16055611	0.00000000
-6.83599975	-0.16055611	0.00000000
-6.83199975	-0.16055611	0.00000000
-6.82799975	-0.16055611	0.00000000
-6.82399975	-0.16055611	0.00000000
-6.81999975	-0.16055611	0.00000000
-6.81599975	-0.16055611	0.00000000
-6.81199975	-0.16055611	0.00000000
-6.80799975	-0.16055611	0.00000000
-6.80399975	-0.16055611	0.00000000
-6.79999975	-0.16055611	0.00000000
-6.79599975	-0.16055611	0.00000000
-6.79199975	-0.16055611	0.00000000
-6.78799975	-0.16055611	0.00000000
-6.78399975	-0.16055611	0.00000000
-6.77999975	-0.16055611	0.00000000
-6.77599975	-0.16055611	0.00000000
-6.77199975	-0.16055611	0.00000000
-6.76799975	-0.16055611	0.00000000
-6.76399975	-0.16055611	0.00000000
-6.75999975	-0.16055611	0.00000000
-6.75599975	-0.16055611	0.00000000
-6.75199975	-0.16055611	0.00000000
-6.74799975	-0.16055611	0.00000000
-6.74399976	-0.16055611	0.00000000
-6.73999976	-0.16055611	0.00000000
-6.73599976	-0.16055611	0.00000000
-6.73199976	-0.16055611	0.00000000
-6.72799976	-0.16055611	0.00000000
-6.72399976	-0.16055611	0.00000000
-6.71999976	-0.16055611	0.00000000
-6.71599976	-0.16055611	0.00000000
-6.71199976	-0.16055611	0.00000000
-6.70799976	-0.16055611	0.00000000
-6.70399976	-0.16055611	0.00000000
-6.69999976	-0.16055611	0.00000000
-6.69599976	-0.16055611	0.00000000
-6.69199976	-0.16055611	0.00000000
-6.68799976	-0.16055611	0.00000000
-6.68399976	-0.16055611	0.00000000
-6.67999976	-0.16055611	0.00000000
-6.67599976	-0.16055611	0.00000000
-6.67199976	-0.16055611	0.00000000
-6.66799976	-0.16055611	0.00000000
-6.66399976	-0.16055611	0.00000000
-6.65999976	-0.16055611	0.00000000
-6.65599976	-0.16055611	0.00000000
-6.65199976	-0.16055611	0.00000000
-6.64799976	-0.16055611	0.00000000
-6.64399976	-0.16055611	0.00000000
-6.63999976	-0.16055611	0.00000000
-6.63599976	-0.16055611	0.00000000
-6.63199976	-0.16055611	0.00000000
-6.62799976	-0.16055611	0.00000000
-6.62399976	-0.16055611	0.00000000
-6.61999976	-0.16055611	0.00000000
-6.61599976	-0.16055611	0.00000000
-6.61199976	-0.16055611	0.00000000
-6.60799976	-0.16055611	0.00000000
-6.60399976	-0.16055611	0.00000000
-6.59999976	-0.16055611	0.00000000
-6.59599976	-0.16055611	0.00000000
-6.59199976	-0.16055611	0.00000000
-6.58799976	-0.16055611	0.00000000
-6.58399976	-0.16055611	0.00000000
-6.57999976	-0.16055611	0.00000000
-6.57599976	-0.16055611	0.00000000
-6.57199976	-0.16055611	0.00000000
-6.56799976	-0.16055611	0.00000000
-6.56399976	-0.16055611	0.00000000
-6.55999976	-0.16055611	0.00000000
-6.55599976	-0.16055611	0.00000000
-6.55199976	-0.16055611	0.00000000
-6.54799976	-0.16055611	0.00000000
-6.54399976	-0.16055611	0.00000000
-6.53999976	-0.16055611	0.00000000
-6.53599976	-0.16055611	0.00000000
-6.53199976	-0.16055611	0.00000000
-6.52799976	-0.16055611	0.00000000
-6.52399976	-0.16055611	0.00000000
-6.51999976	-0.16055611	0.00000000
-6.51599976	-0.16055611	0.00000000
-6.51199976	-0.16055611	0.00000000
-6.50799976	-0.16055611	0.00000000
-6.50399976	-0.16055611	0.00000000
-6.49999976	-0.16055611	0.00000000
-6.49599976	-0.16055611	0.00000000
-6.49199976	-0.16055611	0.00000000
-6.48799976	-0.16055611	0.00000000
-6.48399976	-0.16055611	0.00000000
-6.47999976	-0.16055611	0.00000000
-6.47599976	-0.16055611	0.00000000
-6.47199976	-0.16055611	0.00000000
-6.46799976	-0.16055611	0.00000000
-6.46399976	-0.16055611	0.00000000
-6.45999976	-0.16055611	0.00000000
-6.45599976	-0.16055611	0.00000000
-6.45199976	-0.16055611	0.00000000
-6.44799976	-0.16055611	0.00000000
-6.44399976	-0.16055611	0.00000000
-6.43999976	-0.16055611	0.00000000
-6.43599976	-0.16055611	0.00000000
-6.43199976	-0.16055611	0.00000000
-6.42799976	-0.16055611	0.00000000
-6.42399976	-0.16055611	0.00000000
-6.41999976	-0.16055611	0.00000000
-6.41599976	-0.16055611	0.00000000
-6.41199976	-0.16055611	0.00000000
-6.40799976	-0.16055611	0.00000000
-6.40399976	-0.16055611	0.00000000
-6.39999976	-0.16055611	0.00000000
-6.39599976	-0.16055611	0.00000000
-6.39199977	-0.16055611	0.00000000
-6.38799977	-0.16055611	0.00000000
-6.38399977	-0.16055611	0.00000000
-6.37999977	-0.16055611	0.00000000
-6.37599977	-0.16055611	0.00000000
-6.37199977	-0.16055611	0.00000000
-6.36799977	-0.16055611	0.00000000
-6.36399977	-0.16055611	0.00000000
-6.35999977	-0.16055611	0.00000000
-6.35599977	-0.16055611	0.00000000
-6.35199977	-0.16055611	0.00000000
-6.34799977	-0.16055611	0.00000000
-6.34399977	-0.16055611	0.00000000
-6.33999977	-0.16055611	0.00000000
-6.33599977	-0.16055611	0.00000000
-6.33199977	-0.16055611	0.00000000
-6.32799977	-0.16055611	0.00000000
-6.32399977	-0.16055611	0.00000000
-6.31999977	-0.16055611	0.00000000
-6.31599977	-0.16055611	0.00000000
-6.31199977	-0.16055611	0.00000000
-6.30799977	-0.16055611	0.00000000
-6.30399977	-0.16055611	0.00000000
-6.29999977	-0.16055611	0.00000000
-6.29599977	-0.16055611	0.00000000
-6.29199977	-0.16055611	0.00000000
-6.28799977	-0.16055611	0.00000000
-6.28399977	-0.16055611	0.00000000
-6.27999977	-0.16055611	0.00000000
-6.27599977	-0.16055611	0.00000000
-6.27199977	-0.16055611	0.00000000
-6.26799977	-0.16055611	0.00000000
-6.26399977	-0.16055611	0.00000000
-6.25999977	-0.16055611	0.00000000
-6.25599977	-0.16055611	0.00000000
-6.25199977	-0.16055611	0.00000000
-6.24799977	-0.16055611	0.00000000
-6.24399977	-0.16055611	0.00000000
-6.23999977	-0.16055611	0.00000000
-6.23599977	-0.16055611	0.00000000
-6.23199977	-0.16055611	0.00000000
-6.22799977	-0.16055611	0.00000000
-6.22399977	-0.16055611	0.00000000
-6.21999977	-0.16055611	0.00000000
-6.21599977	-0.16055611	0.00000000
-6.21199977	-0.16055611	0.00000000
-6.20799977	-0.16055611	0.00000000
-6.20399977	-0.16055611	0.00000000
-6.19999977	-0.16055611	0.00000000
-6.19599977	-0.16055611	0.00000000
-6.19199977	-0.16055611	0.00000000
-6.18799977	-0.16055611	0.00000000
-6.18399977	-0.16055611	0.00000000
-6.17999977	-0.16055611	0.00000000
-6.17599977	-0.16055611	0.00000000
-6.17199977	-0.16055611	0.00000000
-6.16799977	-0.16055611	0.00000000
-6.16399977	-0.16055611	0.00000000
-6.15999977	-0.16055611	0.00000000
-6.15599977	-0.16055611	0.00000000
-6.15199977	-0.16055611	0.00000000
-6.14799977	-0.16055611	0.00000000
-6.14399977	-0.16055611	0.00000000
-6.13999977	-0.16055611	0.00000000
-6.13599977	-0.16055611	0.00000000
-6.13199977	-0.16055611	0.00000000
-6.12799977	-0.16055611	0.00000000
-6.12399977	-0.16055611	0.00000000
-6.11999977	-0.16055611	0.00000000
-6.11599977	-0.16055611	0.00000000
-6.11199977	-0.16055611	0.00000000
-6.10799977	-0.16055611	0.00000000
-6.10399977	-0.16055611	0.00000000
-6.09999977	-0.16055611	0.00000000
-6.09599977	-0.16055611	0.00000000
-6.09199977	-0.16055611	0.00000000
-6.08799977	-0.16055611	0.00000000
-6.08399977	-0.16055611	0.00000000
-6.07999977	-0.16055611	0.00000000
-6.07599977	-0.16055611	0.00000000
-6.07199977	-0.16055611	0.00000000
-6.06799977	-0.16055611	0.00000000
-6.06399977	-0.16055611	0.00000000
-6.05999977	-0.16055611	0.00000000
-6.05599977	-0.16055611	0.00000000
-6.05199977	-0.16055611	0.00000000
-6.04799977	-0.16055611	0.00000000
-6.04399977	-0.16055611	0.00000000
-6.03999977	-0.16055611	0.00000000
-6.03599978	-0.16055611	0.00000000
-6.03199978	-0.16055611	0.00000000
-6.02799978	-0.16055611	0.00000000
-6.02399978	-0.16055611	0.00000000
-6.01999978	-0.16055611	0.00000000
-6.01599978	-0.16055611	0.00000000
-6.01199978	-0.16055611	0.00000000
-6.00799978	-0.16055611	0.00000000
-6.00399978	-0.16055611	0.00000000
-5.99999978	-0.16055611	0.00000000
-5.99599978	-0.16055611	0.00000000
-5.99199978	-0.16055611	0.00000000
-5.98799978	-0.16055611	0.00000000
-5.98399978	-0.16055611	0.00000000
-5.97999978	-0.16055611	0.00000000
-5.97599978	-0.16055611	0.00000000
-5.97199978	-0.16055611	0.00000000
-5.96799978	-0.16055611	0.00000000
-5.96399978	-0.16055611	0.00000000
-5.95999978	-0.16055611	0.00000000
-5.95599978	-0.16055611	0.00000000
-5.95199978	-0.16055611	0.00000000
-5.94799978	-0.16055611	0.00000000
-5.94399978	-0.16055611	0.00000000
-5.93999978	-0.16055611	0.00000000
-5.93599978	-0.16055611	0.00000000
-5.93199978	-0.16055611	0.00000000
-5.92799978	-0.16055611	0.00000000
-5.92399978	-0.16055611	0.00000000
-5.91999978	-0.16055611	0.00000000
-5.91599978	-0.16055611	0.00000000
-5.91199978	-0.16055611	0.00000000
-5.90799978	-0.16055611	0.00000000
-5.90399978	-0.16055611	0.00000000
-5.89999978	-0.16055611	0.00000000
-5.89599978	-0.16055611	0.00000000
-5.89199978	-0.16055611	0.00000000
-5.88799978	-0.16055611	0.00000000
-5.88399978	-0.16055611	0.00000000
-5.87999978	-0.16055611	0.00000000
-5.87599978	-0.16055611	0.00000000
-5.87199978	-0.16055611	0.00000000
-5.86799978	-0.16055611	0.00000000
-5.86399978	-0.16055611	0.00000000
-5.85999978	-0.16055611	0.00000000
-5.85599978	-0.16055611	0.00000000
-5.85199978	-0.16055611	0.00000000
-5.84799978	-0.16055611	0.00000000
-5.84399978	-0.16055611	0.00000000
-5.83999978	-0.16055611	0.00000000
-5.83599978	-0.16055611	0.00000000
-5.83199978	-0.16055611	0.00000000
-5.82799978	-0.16055611	0.00000000
-5.82399978	-0.16055611	0.00000000
-5.81999978	-0.16055611	0.00000000
-5.81599978	-0.16055611	0.00000000
-5.81199978	-0.16055611	0.00000000
-5.80799978	-0.16055611	0.00000000
-5.80399978	-0.16055611	0.00000000
-5.79999978	-0.16055611	0.00000000
-5.79599978	-0.16055611	0.00000000
-5.79199978	-0.16055611	0.00000000
-5.78799978	-0.16055611	0.00000000
-5.78399978	-0.16055611	0.00000000
-5.77999978	-0.16055611	0.00000000
-5.77599978	-0.16055611	0.00000000
-5.77199978	-0.16055611	0.00000000
-5.76799978	-0.16055611	0.00000000
-5.76399978	-0.16055611	0.00000000
-5.75999978	-0.16055611	0.00000000
-5.75599978	-0.16055611	0.00000000
-5.75199978	-0.16055611	0.00000000
-5.74799978	-0.16055611	0.00000000
-5.74399978	-0.16055611	0.00000000
-5.73999978	-0.16055611	0.00000000
-5.73599978	-0.16055611	0.00000000
-5.73199978	-0.16055611	0.00000000
-5.72799978	-0.16055611	0.00000000
-5.72399978	-0.16055611	0.00000000
-5.71999978	-0.16055611	0.00000000
-5.71599978	-0.16055611	0.00000000
-5.71199978	-0.16055611	0.00000000
-5.70799978	-0.16055611	0.00000000
-5.70399978	-0.16055611	0.00000000
-5.69999978	-0.16055611	0.00000000
-5.69599978	-0.16055611	0.00000000
-5.69199978	-0.16055611	0.00000000
-5.68799978	-0.16055611	0.00000000
-5.68399979	-0.16055611	0.00000000
-5.67999979	-0.16055611	0.00000000
-5.67599979	-0.16055611	0.00000000
-5.67199979	-0.16055611	0.00000000
-5.66799979	-0.16055611	0.00000000
-5.66399979	-0.16055611	0.00000000
-5.65999979	-0.16055611	0.00000000
-5.65599979	-0.16055611	0.00000000
-5.65199979	-0.16055611	0.00000000
-5.64799979	-0.16055611	0.00000000
-5.64399979	-0.16055611	0.00000000
-5.63999979	-0.16055611	0.00000000
-5.63599979	-0.16055611	0.00000000
-5.63199979	-0.16055611	0.00000000
-5.62799979	-0.16055611	0.00000000
-5.62399979	-0.16055611	0.00000000
-5.61999979	-0.16055611	0.00000000
-5.61599979	-0.16055611	0.00000000
-5.61199979	-0.16055611	0.00000000
-5.60799979	-0.16055611	0.00000000
-5.60399979	-0.16055611	0.00000000
-5.59999979	-0.16055611	0.00000000
-5.59599979	-0.16055611	0.00000000
-5.59199979	-0.16055611	0.00000000
-5.58799979	-0.16055611	0.00000000
-5.58399979	-0.16055611	0.00000000
-5.57999979	-0.16055611	0.00000000
-5.57599979	-0.16055611	0.00000000
-5.57199979	-0.16055611	0.00000000
-5.56799979	-0.16055611	0.00000000
-5.56399979	-0.16055611	0.00000000
-5.55999979	-0.16055611	0.00000000
-5.55599979	-0.16055611	0.00000000
-5.55199979	-0.16055611	0.00000000
-5.54799979	-0.16055611	0.00000000
-5.54399979	-0.16055611	0.00000000
-5.53999979	-0.16055611	0.00000000
-5.53599979	-0.16055611	0.00000000
-5.53199979	-0.16055611	0.00000000
-5.52799979	-0.16055611	0.00000000
-5.52399979	-0.16055611	0.00000000
-5.51999979	-0.16055611	0.00000000
-5.51599979	-0.16055611	0.00000000
-5.51199979	-0.16055611	0.00000000
-5.50799979	-0.16055611	0.00000000
-5.50399979	-0.16055611	0.00000000
-5.49999979	-0.16055611	0.00000000
-5.49599979	-0.16055611	0.00000000
-5.49199979	-0.16055611	0.00000000
-5.48799979	-0.16055611	0.00000000
-5.48399979	-0.16055611	0.00000000
-5.47999979	-0.16055611	0.00000000
-5.47599979	-0.16055611	0.00000000
-5.47199979	-0.16055611	0.00000000
-5.46799979	-0.16055611	0.00000000
-5.46399979	-0.16055611	0.00000000
-5.45999979	-0.16055611	0.00000000
-5.45599979	-0.16055611	0.00000000
-5.45199979	-0.16055611	0.00000000
-5.44799979	-0.16055611	0.00000000
-5.44399979	-0.16055611	0.00000000
-5.43999979	-0.16055611	0.00000000
-5.43599979	-0.16055611	0.00000000
-5.43199979	-0.16055611	0.00000000
-5.42799979	-0.16055611	0.00000000
-5.42399979	-0.16055611	0.00000000
-5.41999979	-0.16055611	0.00000000
-5.41599979	-0.16055611	0.00000000
-5.41199979	-0.16055611	0.00000000
-5.40799979	-0.16055611	0.00000000
-5.40399979	-0.16055611	0.00000000
-5.39999979	-0.16055611	0.00000000
-5.39599979	-0.16055611	0.00000000
-5.39199979	-0.16055611	0.00000000
-5.38799979	-0.16055611	0.00000000
-5.38399979	-0.16055611	0.00000000
-5.37999979	-0.16055611	0.00000000
-5.37599979	-0.16055611	0.00000000
-5.37199979	-0.16055611	0.00000000
-5.36799979	-0.16055611	0.00000000
-5.36399979	-0.16055611	0.00000000
-5.35999979	-0.16055611	0.00000000
-5.35599979	-0.16055611	0.00000000
-5.35199979	-0.16055611	0.00000000
-5.34799979	-0.16055611	0.00000000
-5.34399979	-0.16055611	0.00000000
-5.33999979	-0.16055611	0.00000000
-5.33599979	-0.16055611	0.00000000
-5.33199980	-0.16055611	0.00000000
-5.32799980	-0.16055611	0.00000000
-5.32399980	-0.16055611	0.00000000
-5.31999980	-0.16055611	0.00000000
-5.31599980	-0.16055611	0.00000000
-5.31199980	-0.16055611	0.00000000
-5.30799980	-0.16055611	0.00000000
-5.30399980	-0.16055611	0.00000000
-5.29999980	-0.16055611	0.00000000
-5.29599980	-0.16055611	0.00000000
-5.29199980	-0.16055611	0.00000000
-5.28799980	-0.16055611	0.00000000
-5.28399980	-0.16055611	0.00000000
-5.27999980	-0.16055611	0.00000000
-5.27599980	-0.16055611	0.00000000
-5.27199980	-0.16055611	0.00000000
-5.26799980	-0.16055611	0.00000000
-5.26399980	-0.16055611	0.00000000
-5.25999980	-0.16055611	0.00000000
-5.25599980	-0.16055611	0.00000000
-5.25199980	-0.16055611	0.00000000
-5.24799980	-0.16055611	0.00000000
-5.24399980	-0.16055611	0.00000000
-5.23999980	-0.16055611	0.00000000
-5.23599980	-0.16055611	0.00000000
-5.23199980	-0.16055611	0.00000000
-5.22799980	-0.16055611	0.00000000
-5.22399980	-0.16055611	0.00000000
-5.21999980	-0.16055611	0.00000000
-5.21599980	-0.16055611	0.00000000
-5.21199980	-0.16055611	0.00000000
-5.20799980	-0.16055611	0.00000000
-5.20399980	-0.16055611	0.00000000
-5.19999980	-0.16055611	0.00000000
-5.19599980	-0.16055611	0.00000000
-5.19199980	-0.16055611	0.00000000
-5.18799980	-0.16055611	0.00000000
-5.18399980	-0.16055611	0.00000000
-5.17999980	-0.16055611	0.00000000
-5.17599980	-0.16055611	0.00000000
-5.17199980	-0.16055611	0.00000000
-5.16799980	-0.16055611	0.00000000
-5.16399980	-0.16055611	0.00000000
-5.15999980	-0.16055611	0.00000000
-5.15599980	-0.16055611	0.00000000
-5.15199980	-0.16055611	0.00000000
-5.14799980	-0.16055611	0.00000000
-5.14399980	-0.16055611	0.00000000
-5.13999980	-0.16055611	0.00000000
-5.13599980	-0.16055611	0.00000000
-5.13199980	-0.16055611	0.00000000
-5.12799980	-0.16055611	0.00000000
-5.12399980	-0.16055611	0.00000000
-5.11999980	-0.16055611	0.00000000
-5.11599980	-0.16055611	0.00000000
-5.11199980	-0.16055611	0.00000000
-5.10799980	-0.16055611	0.00000000
-5.10399980	-0.16055611	0.00000000
-5.09999980	-0.16055611	0.00000000
-5.09599980	-0.16055611	0.00000000
-5.09199980	-0.16055611	0.00000000
-5.08799980	-0.16055611	0.00000000
-5.08399980	-0.16055611	0.00000000
-5.07999980	-0.16055611	0.00000000
-5.07599980	-0.16055611	0.00000000
-5.07199980	-0.16055611	0.00000000
-5.06799980	-0.16055611	0.00000000
-5.06399980	-0.16055611	0.00000000
-5.05999980	-0.16055611	0.00000000
-5.05599980	-0.16055611	0.00000000
-5.05199980	-0.16055611	0.00000000
-5.04799980	-0.16055611	0.00000000
-5.04399980	-0.16055611	0.00000000
-5.03999980	-0.16055611	0.00000000
-5.03599980	-0.16055611	0.00000000
-5.03199980	-0.16055611	0.00000000
-5.02799980	-0.16055611	0.00000000
-5.02399980	-0.16055611	0.00000000
-5.01999980	-0.16055611	0.00000000
-5.01599980	-0.16055611	0.00000000
-5.01199980	-0.16055611	0.00000000
-5.00799980	-0.16055611	0.00000000
-5.00399980	-0.16055611	0.00000000
-4.99999980	-0.16055611	0.00000000
-4.99599980	-0.16055611	0.00000000
-4.99199980	-0.16055611	0.00000000
-4.98799980	-0.16055611	0.00000000
-4.98399980	-0.16055611	0.00000000
-4.97999980	-0.16055611	0.00000000
-4.97599981	-0.16055611	0.00000000
-4.97199981	-0.16055611	0.00000000
-4.96799981	-0.16055611	0.00000000
-4.96399981	-0.16055611	0.00000000
-4.95999981	-0.16055611	0.00000000
-4.95599981	-0.16055611	0.00000000
-4.95199981	-0.16055611	0.00000000
-4.94799981	-0.16055611	0.00000000
-4.94399981	-0.16055611	0.00000000
-4.93999981	-0.16055611	0.00000000
-4.93599981	-0.16055611	0.00000000
-4.93199981	-0.16055611	0.00000000
-4.92799981	-0.16055611	0.00000000
-4.92399981	-0.16055611	0.00000000
-4.91999981	-0.16055611	0.00000000
-4.91599981	-0.16055611	0.00000000
-4.91199981	-0.16055611	0.00000000
-4.90799981	-0.16055611	0.00000000
-4.90399981	-0.16055611	0.00000000
-4.89999981	-0.16055611	0.00000000
-4.89599981	-0.16055611	0.00000000
-4.89199981	-0.16055611	0.00000000
-4.88799981	-0.16055611	0.00000000
-4.88399981	-0.16055611	0.00000000
-4.87999981	-0.16055611	0.00000000
-4.87599981	-0.16055611	0.00000000
-4.87199981	-0.16055611	0.00000000
-4.86799981	-0.16055611	0.00000000
-4.86399981	-0.16055611	0.00000000
-4.85999981	-0.16055611	0.00000000
-4.85599981	-0.16055611	0.00000000
-4.85199981	-0.16055611	0.00000000
-4.84799981	-0.16055611	0.00000000
-4.84399981	-0.16055611	0.00000000
-4.83999981	-0.16055611	0.00000000
-4.83599981	-0.16055611	0.00000000
-4.83199981	-0.16055611	0.00000000
-4.82799981	-0.16055611	0.00000000
-4.82399981	-0.16055611	0.00000000
-4.81999981	-0.16055611	0.00000000
-4.81599981	-0.16055611	0.00000000
-4.81199981	-0.16055611	0.00000000
-4.80799981	-0.16055611	0.00000000
-4.80399981	-0.16055611	0.00000000
-4.79999981	-0.16055611	0.00000000
-4.79599981	-0.16055611	0.00000000
-4.79199981	-0.16055611	0.00000000
-4.78799981	-0.16055611	0.00000000
-4.78399981	-0.16055611	0.00000000
-4.77999981	-0.16055611	0.00000000
-4.77599981	-0.16055611	0.00000000
-4.77199981	-0.16055611	0.00000000
-4.76799981	-0.16055611	0.00000000
-4.76399981	-0.16055611	0.00000000
-4.75999981	-0.16055611	0.00000000
-4.75599981	-0.16055611	0.00000000
-4.75199981	-0.16055611	0.00000000
-4.74799981	-0.16055611	0.00000000
-4.74399981	-0.16055611	0.00000000
-4.73999981	-0.16055611	0.00000000
-4.73599981	-0.16055611	0.00000000
-4.73199981	-0.16055611	0.00000000
-4.72799981	-0.16055611	0.00000000
-4.72399981	-0.16055611	0.00000000
-4.71999981	-0.16055611	0.00000000
-4.71599981	-0.16055611	0.00000000
-4.71199981	-0.16055611	0.00000000
-4.70799981	-0.16055611	0.00000000
-4.70399981	-0.16055611	0.00000000
-4.69999981	-0.16055611	0.00000000
-4.69599981	-0.16055611	0.00000000
-4.69199981	-0.16055611	0.00000000
-4.68799981	-0.16055611	0.00000000
-4.68399981	-0.16055611	0.00000000
-4.67999981	-0.16055611	0.00000000
-4.67599981	-0.16055611	0.00000000
-4.67199981	-0.16055611	0.00000000
-4.66799981	-0.16055611	0.00000000
-4.66399981	-0.16055611	0.00000000
-4.65999981	-0.16055611	0.00000000
-4.65599981	-0.16055611	0.00000000
-4.65199981	-0.16055611	0.00000000
-4.64799981	-0.16055611	0.01574803
-4.64399981	-0.16055611	0.00000000
-4.63999981	-0.16055611	0.00000000
-4.63599981	-0.16055611	0.00000000
-4.63199981	-0.16055611	0.00000000
-4.62799981	-0.16055611	0.00000000
-4.62399982	-0.16055611	0.00000000
-4.61999982	-0.16055611	0.00000000
-4.61599982	-0.16055611	0.00000000
-4.61199982	-0.16055611	0.00000000
-4.60799982	-0.16055611	0.00000000
-4.60399982	-0.16055611	0.00000000
-4.59999982	-0.16055611	0.00000000
-4.59599982	-0.16055611	0.00000000
-4.59199982	-0.16055611	0.00000000
-4.58799982	-0.16055611	0.00000000
-4.58399982	-0.16055611	0.00000000
-4.57999982	-0.16055611	0.00000000
-4.57599982	-0.16055611	0.00000000
-4.57199982	-0.16055611	0.00000000
-4.56799982	-0.16055611	0.00000000
-4.56399982	-0.16055611	0.00000000
-4.55999982	-0.16055611	0.00000000
-4.55599982	-0.16055611	0.00000000
-4.55199982	-0.16055611	0.00000000
-4.54799982	-0.16055611	0.00000000
-4.54399982	-0.16055611	0.00000000
-4.53999982	-0.16055611	0.00000000
-4.53599982	-0.16055611	0.00000000
-4.53199982	-0.16055611	0.00000000
-4.52799982	-0.16055611	0.00000000
-4.52399982	-0.16055611	0.00000000
-4.51999982	-0.16055611	0.00000000
-4.51599982	-0.16055611	0.00000000
-4.51199982	-0.16055611	0.00000000
-4.50799982	-0.16055611	0.00000000
-4.50399982	-0.16055611	0.00000000
-4.49999982	-0.16055611	0.00000000
-4.49599982	-0.16055611	0.00000000
-4.49199982	-0.16055611	0.00000000
-4.48799982	-0.16055611	0.00000000
-4.48399982	-0.16055611	0.00000000
-4.47999982	-0.16055611	0.00000000
-4.47599982	-0.16055611	0.00000000
-4.47199982	-0.16055611	0.00000000
-4.46799982	-0.16055611	0.00000000
-4.46399982	-0.16055611	0.00000000
-4.45999982	-0.16055611	0.00000000
-4.45599982	-0.16055611	0.00000000
-4.45199982	-0.16055611	0.00000000
-4.44799982	-0.16055611	0.00000000
-4.44399982	-0.16055611	0.00000000
-4.43999982	-0.16055611	0.00000000
-4.43599982	-0.16055611	0.00000000
-4.43199982	-0.16055611	0.00000000
-4.42799982	-0.16055611	0.00000000
-4.42399982	-0.16055611	0.00000000
-4.41999982	-0.16055611	0.00000000
-4.41599982	-0.16055611	0.00000000
-4.41199982	-0.16055611	0.00000000
-4.40799982	-0.16055611	0.00000000
-4.40399982	-0.16055611	0.00000000
-4.39999982	-0.16055611	0.00000000
-4.39599982	-0.16055611	0.00000000
-4.39199982	-0.16055611	0.00000000
-4.38799982	-0.16055611	0.00000000
-4.38399982	-0.16055611	0.00000000
-4.37999982	-0.16055611	0.00000000
-4.37599982	-0.16055611	0.00000000
-4.37199982	-0.16055611	0.00000000
-4.36799982	-0.16055611	0.00000000
-4.36399982	-0.16055611	0.00000000
-4.35999982	-0.16055611	0.00000000
-4.35599982	-0.16055611	0.00000000
-4.35199982	-0.16055611	0.00000000
-4.34799982	-0.16055611	0.00000000
-4.34399982	-0.16055611	0.00000000
-4.33999982	-0.16055611	0.00000000
-4.33599982	-0.16055611	0.00000000
-4.33199982	-0.16055611	0.00000000
-4.32799982	-0.16055611	0.00000000
-4.32399982	-0.16055611	0.00000000
-4.31999982	-0.16055611	0.00000000
-4.31599982	-0.16055611	0.00000000
-4.31199982	-0.16055611	0.00000000
-4.30799982	-0.16055611	0.00000000
-4.30399982	-0.16055611	0.00000000
-4.29999982	-0.16055611	0.00000000
-4.29599982	-0.16055611	0.00000000
-4.29199982	-0.16055611	0.00000000
-4.28799982	-0.16055611	0.00000000
-4.28399982	-0.16055611	0.00000000
-4.27999982	-0.16055611	0.00000000
-4.27599982	-0.16055611	0.00000000
-4.27199983	-0.16055611	0.00000000
-4.26799983	-0.16055611	0.00000000
-4.26399983	-0.16055611	0.00000000
-4.25999983	-0.16055611	0.00000000
-4.25599983	-0.16055611	0.00000000
-4.25199983	-0.16055611	0.00000000
-4.24799983	-0.16055611	0.00000000
-4.24399983	-0.16055611	0.00000000
-4.23999983	-0.16055611	0.00000000
-4.23599983	-0.16055611	0.00000000
-4.23199983	-0.16055611	0.00000000
-4.22799983	-0.16055611	0.00000000
-4.22399983	-0.16055611	0.00000000
-4.21999983	-0.16055611	0.00000000
-4.21599983	-0.16055611	0.00000000
-4.21199983	-0.16055611	0.00000000
-4.20799983	-0.16055611	0.00000000
-4.20399983	-0.16055611	0.00000000
-4.19999983	-0.16055611	0.00000000
-4.19599983	-0.16055611	0.00000000
-4.19199983	-0.16055611	0.00000000
-4.18799983	-0.16055611	0.00000000
-4.18399983	-0.16055611	0.00000000
-4.17999983	-0.16055611	0.00000000
-4.17599983	-0.16055611	0.00000000
-4.17199983	-0.16055611	0.00000000
-4.16799983	-0.16055611	0.00000000
-4.16399983	-0.16055611	0.00000000
-4.15999983	-0.16055611	0.00000000
-4.15599983	-0.16055611	0.00000000
-4.15199983	-0.16055611	0.00000000
-4.14799983	-0.16055611	0.00000000
-4.14399983	-0.16055611	0.00000000
-4.13999983	-0.16055611	0.00000000
-4.13599983	-0.16055611	0.00000000
-4.13199983	-0.16055611	0.00000000
-4.12799983	-0.16055611	0.00000000
-4.12399983	-0.16055611	0.00000000
-4.11999983	-0.16055611	0.00000000
-4.11599983	-0.16055611	0.00000000
-4.11199983	-0.16055611	0.00000000
-4.10799983	-0.16055611	0.00000000
-4.10399983	-0.16055611	0.00000000
-4.09999983	-0.16055611	0.00000000
-4.09599983	-0.16055611	0.00000000
-4.09199983	-0.16055611	0.00000000
-4.08799983	-0.16055611	0.00000000
-4.08399983	-0.16055611	0.00000000
-4.07999983	-0.16055611	0.00000000
-4.07599983	-0.16055611	0.00000000
-4.07199983	-0.16055611	0.00000000
-4.06799983	-0.16055611	0.00000000
-4.06399983	-0.16055611	0.00000000
-4.05999983	-0.16055611	0.00000000
-4.05599983	-0.16055611	0.00000000
-4.05199983	-0.16055611	0.00000000
-4.04799983	-0.16055611	0.00000000
-4.04399983	-0.16055611	0.00000000
-4.03999983	-0.16055611	0.00000000
-4.03599983	-0.16055611	0.00000000
-4.03199983	-0.16055611	0.00000000
-4.02799983	-0.16055611	0.00000000
-4.02399983	-0.16055611	0.00000000
-4.01999983	-0.16055611	0.00000000
-4.01599983	-0.16055611	0.00000000
-4.01199983	-0.16055611	0.00000000
-4.00799983	-0.16055611	0.01574803
-4.00399983	-0.16055611	0.00000000
-3.99999983	-0.16055611	0.00000000
-3.99599983	-0.16055611	0.00000000
-3.99199983	-0.16055611	0.00000000
-3.98799983	-0.16055611	0.00000000
-3.98399983	-0.16055611	0.00000000
-3.97999983	-0.16055611	0.00000000
-3.97599983	-0.16055611	0.00000000
-3.97199983	-0.16055611	0.00000000
-3.96799983	-0.16055611	0.00000000
-3.96399983	-0.16055611	0.00000000
-3.95999983	-0.16055611	0.00000000
-3.95599983	-0.16055611	0.00000000
-3.95199983	-0.16055611	0.00000000
-3.94799983	-0.16055611	0.00000000
-3.94399983	-0.16055611	0.00000000
-3.93999983	-0.16055611	0.00000000
-3.93599983	-0.16055611	0.00000000
-3.93199983	-0.16055611	0.00000000
-3.92799983	-0.16055611	0.00000000
-3.92399983	-0.16055611	0.00000000
-3.91999983	-0.16055611	0.00000000
-3.91599984	-0.16055611	0.00000000
-3.91199984	-0.16055611	0.00000000
-3.90799984	-0.16055611	0.00000000
-3.90399984	-0.16055611	0.00000000
-3.89999984	-0.16055611	0.00000000
-3.89599984	-0.16055611	0.00000000
-3.89199984	-0.16055611	0.00000000
-3.88799984	-0.16055611	0.00000000
-3.88399984	-0.16055611	0.00000000
-3.87999984	-0.16055611	0.00000000
-3.87599984	-0.16055611	0.00000000
-3.87199984	-0.16055611	0.00000000
-3.86799984	-0.16055611	0.00000000
-3.86399984	-0.16055611	0.00000000
-3.85999984	-0.16055611	0.00000000
-3.85599984	-0.16055611	0.00000000
-3.85199984	-0.16055611	0.00000000
-3.84799984	-0.16055611	0.00000000
-3.84399984	-0.16055611	0.00000000
-3.83999984	-0.16055611	0.00000000
-3.83599984	-0.16055611	0.00000000
-3.83199984	-0.16055611	0.00000000
-3.82799984	-0.16055611	0.00000000
-3.82399984	-0.16055611	0.00000000
-3.81999984	-0.16055611	0.00000000
-3.81599984	-0.16055611	0.00000000
-3.81199984	-0.16055611	0.00000000
-3.80799984	-0.16055611	0.00000000
-3.80399984	-0.16055611	0.00000000
-3.79999984	-0.16055611	0.00000000
-3.79599984	-0.16055611	0.00000000
-3.79199984	-0.16055611	0.00000000
-3.78799984	-0.16055611	0.00000000
-3.78399984	-0.16055611	0.00000000
-3.77999984	-0.16055611	0.00000000
-3.77599984	-0.16055611	0.00000000
-3.77199984	-0.16055611	0.00000000
-3.76799984	-0.16055611	0.00000000
-3.76399984	-0.16055611	0.00000000
-3.75999984	-0.16055611	0.00000000
-3.75599984	-0.16055611	0.00000000
-3.75199984	-0.16055611	0.00000000
-3.74799984	-0.16055611	0.00000000
-3.74399984	-0.16055611	0.00000000
-3.73999984	-0.16055611	0.00000000
-3.73599984	-0.16055611	0.00000000
-3.73199984	-0.16055611	0.00000000
-3.72799984	-0.16055611	0.00000000
-3.72399984	-0.16055611	0.00000000
-3.71999984	-0.16055611	0.00000000
-3.71599984	-0.16055611	0.00000000
-3.71199984	-0.16055611	0.00000000
-3.70799984	-0.16055611	0.00000000
-3.70399984	-0.16055611	0.00000000
-3.69999984	-0.16055611	0.00000000
-3.69599984	-0.16055611	0.00000000
-3.69199984	-0.16055611	0.00000000
-3.68799984	-0.16055611	0.00000000
-3.68399984	-0.16055611	0.00000000
-3.67999984	-0.16055611	0.00000000
-3.67599984	-0.16055611	0.00000000
-3.67199984	-0.16055611	0.01574803
-3.66799984	-0.16055611	0.00000000
-3.66399984	-0.16055611	0.00000000
-3.65999984	-0.16055611	0.00000000
-3.65599984	-0.16055611	0.00000000
-3.65199984	-0.16055611	0.00000000
-3.64799984	-0.16055611	0.00000000
-3.64399984	-0.16055611	0.00000000
-3.63999984	-0.16055611	0.00000000
-3.63599984	-0.16055611	0.00000000
-3.63199984	-0.16055611	0.00000000
-3.62799984	-0.16055611	0.00000000
-3.62399984	-0.16055611	0.00000000
-3.61999984	-0.16055611	0.00000000
-3.61599984	-0.16055611	0.00000000
-3.61199984	-0.16055611	0.00000000
-3.60799984	-0.16055611	0.00000000
-3.60399984	-0.16055611	0.00000000
-3.59999984	-0.16055611	0.00000000
-3.59599984	-0.16055611	0.00000000
-3.59199984	-0.16055611	0.00000000
-3.58799984	-0.16055611	0.00000000
-3.58399984	-0.16055611	0.00000000
-3.57999984	-0.16055611	0.00000000
-3.57599984	-0.16055611	0.00000000
-3.57199984	-0.16055611	0.00000000
-3.56799984	-0.16055611	0.00000000
-3.56399985	-0.16055611	0.00000000
-3.55999985	-0.16055611	0.00000000
-3.55599985	-0.16055611	0.00000000
-3.55199985	-0.16055611	0.00000000
-3.54799985	-0.16055611	0.00000000
-3.54399985	-0.16055611	0.01574803
-3.53999985	-0.16055611	0.00000000
-3.53599985	-0.16055611	0.00000000
-3.53199985	-0.16055611	0.00000000
-3.52799985	-0.16055611	0.00000000
-3.52399985	-0.16055611	0.00000000
-3.51999985	-0.16055611	0.01574803
-3.51599985	-0.16055611	0.00000000
-3.51199985	-0.16055611	0.00000000
-3.50799985	-0.16055611	0.00000000
-3.50399985	-0.16055611	0.00000000
-3.49999985	-0.16055611	0.01574803
-3.49599985	-0.16055611	0.00000000
-3.49199985	-0.16055611	0.00000000
-3.48799985	-0.16055611	0.01574803
-3.48399985	-0.16055611	0.00000000
-3.47999985	-0.16055611	0.00000000
-3.47599985	-0.16055611	0.00000000
-3.47199985	-0.16055611	0.00000000
-3.46799985	-0.16055611	0.01574803
-3.46399985	-0.16055611	0.01574803
-3.45999985	-0.16055611	-0.01574803
-3.45599985	-0.16055611	0.00000000
-3.45199985	-0.16055611	0.01574803
-3.44799985	-0.16055611	0.00000000
-3.44399985	-0.16055611	0.01574803
-3.43999985	-0.16055611	0.01574803
-3.43599985	-0.16055611	-0.01574803
-3.43199985	-0.16055611	0.00000000
-3.42799985	-0.16055611	0.01574803
-3.42399985	-0.16055611	0.00000000
-3.41999985	-0.16055611	0.00000000
-3.41599985	-0.16055611	0.01574803
-3.41199985	-0.16055611	0.00000000
-3.40799985	-0.16055611	0.00000000
-3.40399985	-0.16055611	0.01574803
-3.39999985	-0.16055611	0.00000000
-3.39599985	-0.16055611	0.00000000
-3.39199985	-0.16055611	0.01574803
-3.38799985	-0.16055611	0.01574803
-3.38399985	-0.16055611	0.00000000
-3.37999985	-0.16055611	0.00000000
-3.37599985	-0.16055611	0.00000000
-3.37199985	-0.16055611	0.00000000
-3.36799985	-0.16055611	0.00000000
-3.36399985	-0.16055611	0.01574803
-3.35999985	-0.16055611	0.00000000
-3.35599985	-0.16055611	-0.01574803
-3.35199985	-0.16055611	0.01574803
-3.34799985	-0.16055611	0.00000000
-3.34399985	-0.16055611	0.00000000
-3.33999985	-0.16055611	0.00000000
-3.33599985	-0.16055611	0.01574803
-3.33199985	-0.16055611	0.00000000
-3.32799985	-0.16055611	0.00000000
-3.32399985	-0.16055611	0.00000000
-3.31999985	-0.16055611	0.00000000
-3.31599985	-0.16055611	0.00000000
-3.31199985	-0.16055611	0.01574803
-3.30799985	-0.16055611	0.00000000
-3.30399985	-0.16055611	0.00000000
-3.29999985	-0.16055611	0.00000000
-3.29599985	-0.16055611	0.00000000
-3.29199985	-0.16055611	0.00000000
-3.28799985	-0.16055611	0.00000000
-3.28399985	-0.16055611	0.00000000
-3.27999985	-0.16055611	0.00000000
-3.27599985	-0.16055611	0.00000000
-3.27199985	-0.16055611	0.00000000
-3.26799985	-0.16055611	0.00000000
-3.26399985	-0.16055611	0.00000000
-3.25999985	-0.16055611	0.00000000
-3.25599985	-0.16055611	0.00000000
-3.25199985	-0.16055611	0.00000000
-3.24799985	-0.16055611	0.01574803
-3.24399985	-0.16055611	0.00000000
-3.23999985	-0.16055611	0.00000000
-3.23599985	-0.16055611	0.00000000
-3.23199985	-0.16055611	0.00000000
-3.22799985	-0.16055611	0.00000000
-3.22399985	-0.16055611	0.00000000
-3.21999985	-0.16055611	0.00000000
-3.21599985	-0.16055611	0.00000000
-3.21199985	-0.16055611	0.00000000
-3.20799986	-0.16055611	0.00000000
-3.20399986	-0.16055611	0.01574803
-3.19999986	-0.16055611	0.00000000
-3.19599986	-0.16055611	0.00000000
-3.19199986	-0.16055611	0.01574803
-3.18799986	-0.16055611	0.00000000
-3.18399986	-0.16055611	0.00000000
-3.17999986	-0.16055611	0.00000000
-3.17599986	-0.16055611	0.01574803
-3.17199986	-0.16055611	0.00000000
-3.16799986	-0.16055611	0.00000000
-3.16399986	-0.16055611	0.00000000
-3.15999986	-0.16055611	0.00000000
-3.15599986	-0.16055611	0.00000000
-3.15199986	-0.16055611	0.00000000
-3.14799986	-0.16055611	0.00000000
-3.14399986	-0.16055611	0.00000000
-3.13999986	-0.16055611	0.00000000
-3.13599986	-0.16055611	0.00000000
-3.13199986	-0.16055611	0.00000000
-3.12799986	-0.16055611	0.00000000
-3.12399986	-0.16055611	0.00000000
-3.11999986	-0.16055611	0.00000000
-3.11599986	-0.16055611	0.00000000
-3.11199986	-0.16055611	0.00000000
-3.10799986	-0.16055611	0.00000000
-3.10399986	-0.16055611	0.00000000
-3.09999986	-0.16055611	0.00000000
-3.09599986	-0.16055611	0.00000000
-3.09199986	-0.16055611	0.00000000
-3.08799986	-0.16055611	0.00000000
-3.08399986	-0.16055611	0.00000000
-3.07999986	-0.16055611	0.00000000
-3.07599986	-0.16055611	0.00000000
-3.07199986	-0.16055611	0.00000000
-3.06799986	-0.16055611	0.00000000
-3.06399986	-0.16055611	0.00000000
-3.05999986	-0.16055611	0.00000000
-3.05599986	-0.16055611	0.00000000
-3.05199986	-0.16055611	0.00000000
-3.04799986	-0.16055611	0.00000000
-3.04399986	-0.16055611	0.00000000
-3.03999986	-0.16055611	0.00000000
-3.03599986	-0.16055611	0.00000000
-3.03199986	-0.16055611	0.00000000
-3.02799986	-0.16055611	0.00000000
-3.02399986	-0.16055611	0.00000000
-3.01999986	-0.16055611	0.00000000
-3.01599986	-0.16055611	0.00000000
-3.01199986	-0.16055611	0.00000000
-3.00799986	-0.16055611	0.00000000
-3.00399986	-0.16055611	0.00000000
-2.99999986	-0.16055611	0.00000000
-2.99599986	-0.16055611	0.00000000
-2.99199986	-0.16055611	0.00000000
-2.98799986	-0.16055611	0.00000000
-2.98399986	-0.16055611	0.00000000
-2.97999986	-0.16055611	0.00000000
-2.97599986	-0.16055611	0.00000000
-2.97199986	-0.16055611	0.00000000
-2.96799986	-0.16055611	0.00000000
-2.96399986	-0.16055611	0.00000000
-2.95999986	-0.16055611	0.00000000
-2.95599986	-0.16055611	0.00000000
-2.95199986	-0.16055611	0.00000000
-2.94799986	-0.16055611	0.00000000
-2.94399986	-0.16055611	0.00000000
-2.93999986	-0.16055611	0.00000000
-2.93599986	-0.16055611	0.00000000
-2.93199986	-0.16055611	0.00000000
-2.92799986	-0.16055611	0.00000000
-2.92399986	-0.16055611	0.00000000
-2.91999986	-0.16055611	0.00000000
-2.91599986	-0.16055611	0.00000000
-2.91199986	-0.16055611	0.00000000
-2.90799986	-0.16055611	0.00000000
-2.90399986	-0.16055611	0.01574803
-2.89999986	-0.16055611	0.00000000
-2.89599986	-0.16055611	0.00000000
-2.89199986	-0.16055611	0.00000000
-2.88799986	-0.16055611	0.00000000
-2.88399986	-0.16055611	0.00000000
-2.87999986	-0.16055611	0.00000000
-2.87599986	-0.16055611	0.00000000
-2.87199986	-0.16055611	0.00000000
-2.86799986	-0.16055611	0.00000000
-2.86399986	-0.16055611	0.01574803
-2.85999986	-0.16055611	0.00000000
-2.85599987	-0.16055611	0.00000000
-2.85199987	-0.16055611	0.00000000
-2.84799987	-0.16055611	0.00000000
-2.84399987	-0.16055611	0.00000000
-2.83999987	-0.16055611	0.00000000
-2.83599987	-0.16055611	0.00000000
-2.83199987	-0.16055611	0.00000000
-2.82799987	-0.16055611	0.00000000
-2.82399987	-0.16055611	0.00000000
-2.81999987	-0.16055611	0.00000000
-2.81599987	-0.16055611	0.00000000
-2.81199987	-0.16055611	0.00000000
-2.80799987	-0.16055611	0.00000000
-2.80399987	-0.16055611	0.00000000
-2.79999987	-0.16055611	0.00000000
-2.79599987	-0.16055611	0.00000000
-2.79199987	-0.16055611	0.00000000
-2.78799987	-0.16055611	0.00000000
-2.78399987	-0.16055611	0.00000000
-2.77999987	-0.16055611	0.00000000
-2.77599987	-0.16055611	0.00000000
-2.77199987	-0.16055611	0.00000000
-2.76799987	-0.16055611	0.00000000
-2.76399987	-0.16055611	0.00000000
-2.75999987	-0.16055611	0.00000000
-2.75599987	-0.16055611	0.00000000
-2.75199987	-0.16055611	0.00000000
-2.74799987	-0.16055611	0.00000000
-2.74399987	-0.16055611	0.00000000
-2.73999987	-0.16055611	0.00000000
-2.73599987	-0.16055611	0.00000000
-2.73199987	-0.16055611	0.00000000
-2.72799987	-0.16055611	0.00000000
-2.72399987	-0.16055611	0.00000000
-2.71999987	-0.16055611	0.00000000
-2.71599987	-0.16055611	0.00000000
-2.71199987	-0.16055611	0.00000000
-2.70799987	-0.16055611	0.00000000
-2.70399987	-0.16055611	0.00000000
-2.69999987	-0.16055611	0.00000000
-2.69599987	-0.16055611	0.00000000
-2.69199987	-0.16055611	0.00000000
-2.68799987	-0.16055611	0.00000000
-2.68399987	-0.16055611	0.00000000
-2.67999987	-0.16055611	0.00000000
-2.67599987	-0.16055611	0.00000000
-2.67199987	-0.16055611	0.00000000
-2.66799987	-0.16055611	0.00000000
-2.66399987	-0.16055611	0.00000000
-2.65999987	-0.16055611	0.00000000
-2.65599987	-0.16055611	0.00000000
-2.65199987	-0.16055611	0.00000000
-2.64799987	-0.16055611	0.00000000
-2.64399987	-0.16055611	0.00000000
-2.63999987	-0.16055611	0.00000000
-2.63599987	-0.16055611	0.00000000
-2.63199987	-0.16055611	0.00000000
-2.62799987	-0.16055611	0.00000000
-2.62399987	-0.16055611	0.00000000
-2.61999987	-0.16055611	0.00000000
-2.61599987	-0.16055611	0.00000000
-2.61199987	-0.16055611	0.00000000
-2.60799987	-0.16055611	0.00000000
-2.60399987	-0.16055611	0.00000000
-2.59999987	-0.16055611	0.00000000
-2.59599987	-0.16055611	0.00000000
-2.59199987	-0.16055611	0.00000000
-2.58799987	-0.16055611	0.00000000
-2.58399987	-0.16055611	0.00000000
-2.57999987	-0.16055611	0.00000000
-2.57599987	-0.16055611	0.00000000
-2.57199987	-0.16055611	0.00000000
-2.56799987	-0.16055611	0.00000000
-2.56399987	-0.16055611	0.00000000
-2.55999987	-0.16055611	0.00000000
-2.55599987	-0.16055611	0.00000000
-2.55199987	-0.16055611	0.00000000
-2.54799987	-0.16055611	0.00000000
-2.54399987	-0.16055611	0.00000000
-2.53999987	-0.16055611	0.00000000
-2.53599987	-0.16055611	0.00000000
-2.53199987	-0.16055611	0.00000000
-2.52799987	-0.16055611	0.00000000
-2.52399987	-0.16055611	0.00000000
-2.51999987	-0.16055611	0.00000000
-2.51599987	-0.16055611	0.00000000
-2.51199987	-0.16055611	0.00000000
-2.50799987	-0.16055611	0.00000000
-2.50399988	-0.16055611	0.00000000
-2.49999988	-0.16055611	0.00000000
-2.49599988	-0.16055611	0.00000000
-2.49199988	-0.16055611	0.00000000
-2.48799988	-0.16055611	0.00000000
-2.48399988	-0.16055611	0.00000000
-2.47999988	-0.16055611	0.00000000
-2.47599988	-0.16055611	0.00000000
-2.47199988	-0.16055611	0.00000000
-2.46799988	-0.16055611	0.00000000
-2.46399988	-0.16055611	0.00000000
-2.45999988	-0.16055611	0.00000000
-2.45599988	-0.16055611	0.00000000
-2.45199988	-0.16055611	0.00000000
-2.44799988	-0.16055611	0.00000000
-2.44399988	-0.16055611	0.00000000
-2.43999988	-0.16055611	0.00000000
-2.43599988	-0.16055611	0.00000000
-2.43199988	-0.16055611	0.00000000
-2.42799988	-0.16055611	0.00000000
-2.42399988	-0.16055611	0.00000000
-2.41999988	-0.16055611	0.00000000
-2.41599988	-0.16055611	0.00000000
-2.41199988	-0.16055611	0.00000000
-2.40799988	-0.16055611	0.00000000
-2.40399988	-0.16055611	0.00000000
-2.39999988	-0.16055611	0.00000000
-2.39599988	-0.16055611	0.00000000
-2.39199988	-0.16055611	0.00000000
-2.38799988	-0.16055611	0.00000000
-2.38399988	-0.16055611	0.00000000
-2.37999988	-0.16055611	0.00000000
-2.37599988	-0.16055611	0.00000000
-2.37199988	-0.16055611	0.00000000
-2.36799988	-0.16055611	0.01574803
-2.36399988	-0.16055611	0.00000000
-2.35999988	-0.16055611	0.00000000
-2.35599988	-0.16055611	0.00000000
-2.35199988	-0.16055611	0.00000000
-2.34799988	-0.16055611	0.00000000
-2.34399988	-0.16055611	0.00000000
-2.33999988	-0.16055611	0.00000000
-2.33599988	-0.16055611	0.00000000
-2.33199988	-0.16055611	0.00000000
-2.32799988	-0.16055611	0.01574803
-2.32399988	-0.16055611	0.00000000
-2.31999988	-0.16055611	0.00000000
-2.31599988	-0.16055611	0.00000000
-2.31199988	-0.16055611	0.00000000
-2.30799988	-0.16055611	0.00000000
-2.30399988	-0.16055611	0.00000000
-2.29999988	-0.16055611	0.00000000
-2.29599988	-0.16055611	0.00000000
-2.29199988	-0.16055611	0.00000000
-2.28799988	-0.16055611	0.00000000
-2.28399988	-0.16055611	0.00000000
-2.27999988	-0.16055611	0.00000000
-2.27599988	-0.16055611	0.00000000
-2.27199988	-0.16055611	0.00000000
-2.26799988	-0.16055611	0.00000000
-2.26399988	-0.16055611	0.00000000
-2.25999988	-0.16055611	0.00000000
-2.25599988	-0.16055611	0.00000000
-2.25199988	-0.16055611	0.00000000
-2.24799988	-0.16055611	0.00000000
-2.24399988	-0.16055611	0.00000000
-2.23999988	-0.16055611	0.00000000
-2.23599988	-0.16055611	0.00000000
-2.23199988	-0.16055611	0.00000000
-2.22799988	-0.16055611	0.00000000
-2.22399988	-0.16055611	0.00000000
-2.21999988	-0.16055611	0.00000000
-2.21599988	-0.16055611	0.00000000
-2.21199988	-0.16055611	0.00000000
-2.20799988	-0.16055611	0.00000000
-2.20399988	-0.16055611	0.00000000
-2.19999988	-0.16055611	0.00000000
-2.19599988	-0.16055611	0.00000000
-2.19199988	-0.16055611	0.00000000
-2.18799988	-0.16055611	0.00000000
-2.18399988	-0.16055611	0.00000000
-2.17999988	-0.16055611	0.00000000
-2.17599988	-0.16055611	0.00000000
-2.17199988	-0.16055611	0.00000000
-2.16799988	-0.16055611	0.00000000
-2.16399988	-0.16055611	0.00000000
-2.15999988	-0.16055611	0.00000000
-2.15599988	-0.16055611	0.00000000
-2.15199988	-0.16055611	0.00000000
-2.14799989	-0.16055611	0.00000000
-2.14399989	-0.16055611	0.00000000
-2.13999989	-0.16055611	0.00000000
-2.13599989	-0.16055611	0.00000000
-2.13199989	-0.16055611	0.00000000
-2.12799989	-0.16055611	0.00000000
-2.12399989	-0.16055611	0.00000000
-2.11999989	-0.16055611	0.00000000
-2.11599989	-0.16055611	0.00000000
-2.11199989	-0.16055611	0.00000000
-2.10799989	-0.16055611	0.00000000
-2.10399989	-0.16055611	0.00000000
-2.09999989	-0.16055611	0.00000000
-2.09599989	-0.16055611	0.00000000
-2.09199989	-0.16055611	0.00000000
-2.08799989	-0.16055611	0.00000000
-2.08399989	-0.16055611	0.00000000
-2.07999989	-0.16055611	0.00000000
-2.07599989	-0.16055611	0.00000000
-2.07199989	-0.16055611	0.00000000
-2.06799989	-0.16055611	0.00000000
-2.06399989	-0.16055611	0.00000000
-2.05999989	-0.16055611	0.00000000
-2.05599989	-0.16055611	0.00000000
-2.05199989	-0.16055611	0.00000000
-2.04799989	-0.16055611	0.00000000
-2.04399989	-0.16055611	0.00000000
-2.03999989	-0.16055611	0.00000000
-2.03599989	-0.16055611	0.00000000
-2.03199989	-0.16055611	0.00000000
-2.02799989	-0.16055611	0.00000000
-2.02399989	-0.16055611	0.00000000
-2.01999989	-0.16055611	0.00000000
-2.01599989	-0.16055611	0.00000000
-2.01199989	-0.16055611	0.00000000
-2.00799989	-0.16055611	0.00000000
-2.00399989	-0.16055611	0.00000000
-1.99999989	-0.16055611	0.00000000
-1.99599989	-0.16055611	0.00000000
-1.99199989	-0.16055611	0.00000000
-1.98799989	-0.16055611	0.00000000
-1.98399989	-0.16055611	0.00000000
-1.97999989	-0.16055611	0.00000000
-1.97599989	-0.16055611	0.00000000
-1.97199989	-0.16055611	0.00000000
-1.96799989	-0.16055611	0.00000000
-1.96399989	-0.16055611	0.00000000
-1.95999989	-0.16055611	0.00000000
-1.95599989	-0.16055611	0.00000000
-1.95199989	-0.16055611	0.00000000
-1.94799989	-0.16055611	0.00000000
-1.94399989	-0.16055611	0.00000000
-1.93999989	-0.16055611	0.00000000
-1.93599989	-0.16055611	0.00000000
-1.93199989	-0.16055611	0.00000000
-1.92799989	-0.16055611	0.00000000
-1.92399989	-0.16055611	0.00000000
-1.91999989	-0.16055611	0.00000000
-1.91599989	-0.16055611	0.00000000
-1.91199989	-0.16055611	0.00000000
-1.90799989	-0.16055611	0.00000000
-1.90399989	-0.16055611	0.00000000
-1.89999989	-0.16055611	0.00000000
-1.89599989	-0.16055611	0.01574803
-1.89199989	-0.16055611	0.00000000
-1.88799989	-0.16055611	0.00000000
-1.88399989	-0.16055611	0.00000000
-1.87999989	-0.16055611	0.00000000
-1.87599989	-0.16055611	0.00000000
-1.87199989	-0.16055611	0.00000000
-1.86799989	-0.16055611	0.00000000
-1.86399989	-0.16055611	0.00000000
-1.85999989	-0.16055611	0.00000000
-1.85599989	-0.16055611	0.00000000
-1.85199989	-0.16055611	0.00000000
-1.84799989	-0.16055611	0.00000000
-1.84399989	-0.16055611	0.00000000
-1.83999989	-0.16055611	0.00000000
-1.83599989	-0.16055611	0.00000000
-1.83199989	-0.16055611	0.00000000
-1.82799989	-0.16055611	0.00000000
-1.82399989	-0.16055611	0.00000000
-1.81999989	-0.16055611	0.00000000
-1.81599989	-0.16055611	0.00000000
-1.81199989	-0.16055611	0.00000000
-1.80799989	-0.16055611	0.00000000
-1.80399989	-0.16055611	0.00000000
-1.79999989	-0.16055611	0.00000000
-1.79599990	-0.16055611	0.00000000
-1.79199990	-0.16055611	0.00000000
-1.78799990	-0.16055611	0.00000000
-1.78399990	-0.16055611	0.00000000
-1.77999990	-0.16055611	0.00000000
-1.77599990	-0.16055611	0.00000000
-1.77199990	-0.16055611	0.00000000
-1.76799990	-0.16055611	0.00000000
-1.76399990	-0.16055611	0.00000000
-1.75999990	-0.16055611	0.00000000
-1.75599990	-0.16055611	0.00000000
-1.75199990	-0.16055611	0.00000000
-1.74799990	-0.16055611	0.00000000
-1.74399990	-0.16055611	0.00000000
-1.73999990	-0.16055611	0.00000000
-1.73599990	-0.16055611	0.00000000
-1.73199990	-0.16055611	0.00000000
-1.72799990	-0.16055611	0.00000000
-1.72399990	-0.16055611	0.00000000
-1.71999990	-0.16055611	0.00000000
-1.71599990	-0.16055611	0.00000000
-1.71199990	-0.16055611	0.00000000
-1.70799990	-0.16055611	0.00000000
-1.70399990	-0.16055611	0.00000000
-1.69999990	-0.16055611	0.00000000
-1.69599990	-0.16055611	0.00000000
-1.69199990	-0.16055611	0.00000000
-1.68799990	-0.16055611	0.00000000
-1.68399990	-0.16055611	0.00000000
-1.67999990	-0.16055611	0.00000000
-1.67599990	-0.16055611	0.00000000
-1.67199990	-0.16055611	0.00000000
-1.66799990	-0.16055611	0.00000000
-1.66399990	-0.16055611	0.00000000
-1.65999990	-0.16055611	0.00000000
-1.65599990	-0.16055611	0.00000000
-1.65199990	-0.16055611	0.00000000
-1.64799990	-0.16055611	0.00000000
-1.64399990	-0.16055611	0.00000000
-1.63999990	-0.16055611	0.00000000
-1.63599990	-0.16055611	0.00000000
-1.63199990	-0.16055611	0.00000000
-1.62799990	-0.16055611	0.00000000
-1.62399990	-0.16055611	0.00000000
-1.61999990	-0.16055611	0.00000000
-1.61599990	-0.16055611	0.00000000
-1.61199990	-0.16055611	0.00000000
-1.60799990	-0.16055611	0.00000000
-1.60399990	-0.16055611	0.00000000
-1.59999990	-0.16055611	0.00000000
-1.59599990	-0.16055611	0.00000000
-1.59199990	-0.16055611	0.00000000
-1.58799990	-0.16055611	0.00000000
-1.58399990	-0.16055611	0.00000000
-1.57999990	-0.16055611	0.00000000
-1.57599990	-0.16055611	0.00000000
-1.57199990	-0.16055611	0.00000000
-1.56799990	-0.16055611	0.00000000
-1.56399990	-0.16055611	0.00000000
-1.55999990	-0.16055611	0.00000000
-1.55599990	-0.16055611	0.00000000
-1.55199990	-0.16055611	0.00000000
-1.54799990	-0.16055611	0.00000000
-1.54399990	-0.16055611	0.00000000
-1.53999990	-0.16055611	0.00000000
-1.53599990	-0.16055611	0.00000000
-1.53199990	-0.16055611	0.00000000
-1.52799990	-0.16055611	0.00000000
-1.52399990	-0.16055611	0.00000000
-1.51999990	-0.16055611	0.00000000
-1.51599990	-0.16055611	0.00000000
-1.51199990	-0.16055611	0.00000000
-1.50799990	-0.16055611	0.00000000
-1.50399990	-0.16055611	0.00000000
-1.49999990	-0.16055611	0.00000000
-1.49599990	-0.16055611	0.00000000
-1.49199990	-0.16055611	0.00000000
-1.48799990	-0.16055611	0.00000000
-1.48399990	-0.16055611	0.00000000
-1.47999990	-0.16055611	0.00000000
-1.47599990	-0.16055611	0.00000000
-1.47199990	-0.16055611	0.00000000
-1.46799990	-0.16055611	0.00000000
-1.46399990	-0.16055611	0.00000000
-1.45999990	-0.16055611	0.00000000
-1.45599990	-0.16055611	0.00000000
-1.45199990	-0.16055611	0.00000000
-1.44799990	-0.16055611	0.00000000
-1.44399990	-0.16055611	0.00000000
-1.43999991	-0.16055611	0.00000000
-1.43599991	-0.16055611	0.00000000
-1.43199991	-0.16055611	0.00000000
-1.42799991	-0.16055611	0.00000000
-1.42399991	-0.16055611	0.00000000
-1.41999991	-0.16055611	0.00000000
-1.41599991	-0.16055611	0.00000000
-1.41199991	-0.16055611	0.00000000
-1.40799991	-0.16055611	0.01574803
-1.40399991	-0.16055611	0.00000000
-1.39999991	-0.16055611	0.00000000
-1.39599991	-0.16055611	0.00000000
-1.39199991	-0.16055611	0.00000000
-1.38799991	-0.16055611	0.00000000
-1.38399991	-0.16055611	0.00000000
-1.37999991	-0.16055611	0.00000000
-1.37599991	-0.16055611	0.00000000
-1.37199991	-0.16055611	0.00000000
-1.36799991	-0.16055611	0.00000000
-1.36399991	-0.16055611	0.00000000
-1.35999991	-0.16055611	0.00000000
-1.35599991	-0.16055611	0.00000000
-1.35199991	-0.16055611	0.00000000
-1.34799991	-0.16055611	0.00000000
-1.34399991	-0.16055611	0.00000000
-1.33999991	-0.16055611	0.00000000
-1.33599991	-0.16055611	0.00000000
-1.33199991	-0.16055611	0.00000000
-1.32799991	-0.16055611	0.00000000
-1.32399991	-0.16055611	0.00000000
-1.31999991	-0.16055611	0.00000000
-1.31599991	-0.16055611	0.00000000
-1.31199991	-0.16055611	0.00000000
-1.30799991	-0.16055611	0.00000000
-1.30399991	-0.16055611	0.00000000
-1.29999991	-0.16055611	0.00000000
-1.29599991	-0.16055611	0.00000000
-1.29199991	-0.16055611	0.00000000
-1.28799991	-0.16055611	0.00000000
-1.28399991	-0.16055611	0.00000000
-1.27999991	-0.16055611	0.00000000
-1.27599991	-0.16055611	0.00000000
-1.27199991	-0.16055611	0.00000000
-1.26799991	-0.16055611	0.00000000
-1.26399991	-0.16055611	0.00000000
-1.25999991	-0.16055611	0.00000000
-1.25599991	-0.16055611	0.00000000
-1.25199991	-0.16055611	0.00000000
-1.24799991	-0.16055611	0.00000000
-1.24399991	-0.16055611	0.00000000
-1.23999991	-0.16055611	0.00000000
-1.23599991	-0.16055611	0.00000000
-1.23199991	-0.16055611	0.00000000
-1.22799991	-0.16055611	0.00000000
-1.22399991	-0.16055611	0.00000000
-1.21999991	-0.16055611	0.00000000
-1.21599991	-0.16055611	0.00000000
-1.21199991	-0.16055611	0.00000000
-1.20799991	-0.16055611	0.00000000
-1.20399991	-0.16055611	0.00000000
-1.19999991	-0.16055611	0.00000000
-1.19599991	-0.16055611	0.00000000
-1.19199991	-0.16055611	0.00000000
-1.18799991	-0.16055611	0.00000000
-1.18399991	-0.16055611	0.00000000
-1.17999991	-0.16055611	0.00000000
-1.17599991	-0.16055611	0.00000000
-1.17199991	-0.16055611	0.00000000
-1.16799991	-0.16055611	0.00000000
-1.16399991	-0.16055611	0.00000000
-1.15999991	-0.16055611	0.00000000
-1.15599991	-0.16055611	0.00000000
-1.15199991	-0.16055611	0.00000000
-1.14799991	-0.16055611	0.00000000
-1.14399991	-0.16055611	0.00000000
-1.13999991	-0.16055611	0.00000000
-1.13599991	-0.16055611	0.00000000
-1.13199991	-0.16055611	0.00000000
-1.12799991	-0.16055611	0.00000000
-1.12399991	-0.16055611	0.00000000
-1.11999991	-0.16055611	0.00000000
-1.11599991	-0.16055611	0.00000000
-1.11199991	-0.16055611	0.00000000
-1.10799991	-0.16055611	0.00000000
-1.10399991	-0.16055611	0.00000000
-1.09999991	-0.16055611	0.00000000
-1.09599991	-0.16055611	0.00000000
-1.09199991	-0.16055611	0.00000000
-1.08799992	-0.16055611	0.00000000
-1.08399992	-0.16055611	0.00000000
-1.07999992	-0.16055611	0.00000000
-1.07599992	-0.16055611	0.00000000
-1.07199992	-0.16055611	0.00000000
-1.06799992	-0.16055611	0.00000000
-1.06399992	-0.16055611	0.00000000
-1.05999992	-0.16055611	0.00000000
-1.05599992	-0.16055611	0.00000000
-1.05199992	-0.16055611	0.00000000
-1.04799992	-0.16055611	0.00000000
-1.04399992	-0.16055611	0.00000000
-1.03999992	-0.16055611	0.00000000
-1.03599992	-0.16055611	0.00000000
-1.03199992	-0.16055611	0.00000000
-1.02799992	-0.16055611	0.00000000
-1.02399992	-0.16055611	0.00000000
-1.01999992	-0.16055611	0.00000000
-1.01599992	-0.16055611	0.00000000
-1.01199992	-0.16055611	0.00000000
-1.00799992	-0.16055611	0.00000000
-1.00399992	-0.16055611	0.00000000
-0.99999992	-0.16055611	0.00000000
-0.99599992	-0.16055611	0.00000000
-0.99199992	-0.16055611	0.00000000
-0.98799992	-0.16055611	0.00000000
-0.98399992	-0.16055611	0.00000000
-0.97999992	-0.16055611	0.00000000
-0.97599992	-0.16055611	0.00000000
-0.97199992	-0.16055611	0.00000000
-0.96799992	-0.16055611	0.00000000
-0.96399992	-0.16055611	0.00000000
-0.95999992	-0.16055611	0.00000000
-0.95599992	-0.16055611	0.00000000
-0.95199992	-0.16055611	0.00000000
-0.94799992	-0.16055611	0.00000000
-0.94399992	-0.16055611	0.00000000
-0.93999992	-0.16055611	0.00000000
-0.93599992	-0.16055611	0.00000000
-0.93199992	-0.16055611	0.00000000
-0.92799992	-0.16055611	0.00000000
-0.92399992	-0.16055611	0.00000000
-0.91999992	-0.16055611	0.00000000
-0.91599992	-0.16055611	0.00000000
-0.91199992	-0.16055611	0.00000000
-0.90799992	-0.16055611	0.00000000
-0.90399992	-0.16055611	0.00000000
-0.89999992	-0.16055611	0.00000000
-0.89599992	-0.16055611	0.00000000
-0.89199992	-0.16055611	0.00000000
-0.88799992	-0.16055611	0.00000000
-0.88399992	-0.16055611	0.00000000
-0.87999992	-0.16055611	0.00000000
-0.87599992	-0.16055611	0.00000000
-0.87199992	-0.16055611	0.00000000
-0.86799992	-0.16055611	0.00000000
-0.86399992	-0.16055611	0.00000000
-0.85999992	-0.16055611	0.00000000
-0.85599992	-0.16055611	0.00000000
-0.85199992	-0.16055611	0.00000000
-0.84799992	-0.16055611	0.00000000
-0.84399992	-0.16055611	0.00000000
-0.83999992	-0.16055611	0.00000000
-0.83599992	-0.16055611	0.00000000
-0.83199992	-0.16055611	0.00000000
-0.82799992	-0.16055611	0.00000000
-0.82399992	-0.16055611	0.01574803
-0.81999992	-0.16055611	0.00000000
-0.81599992	-0.16055611	0.00000000
-0.81199992	-0.16055611	0.00000000
-0.80799992	-0.16055611	0.00000000
-0.80399992	-0.16055611	0.00000000
-0.79999992	-0.16055611	0.00000000
-0.79599992	-0.16055611	0.00000000
-0.79199992	-0.16055611	0.00000000
-0.78799992	-0.16055611	0.00000000
-0.78399992	-0.16055611	0.00000000
-0.77999992	-0.16055611	0.00000000
-0.77599992	-0.16055611	0.00000000
-0.77199992	-0.16055611	0.00000000
-0.76799992	-0.16055611	0.00000000
-0.76399992	-0.16055611	0.00000000
-0.75999992	-0.16055611	0.00000000
-0.75599992	-0.16055611	0.00000000
-0.75199992	-0.16055611	0.00000000
-0.74799992	-0.16055611	0.00000000
-0.74399992	-0.16055611	0.00000000
-0.73999992	-0.16055611	0.00000000
-0.73599993	-0.16055611	0.00000000
-0.73199993	-0.16055611	0.01574803
-0.72799993	-0.16055611	0.00000000
-0.72399993	-0.16055611	0.00000000
-0.71999993	-0.16055611	0.00000000
-0.71599993	-0.16055611	0.00000000
-0.71199993	-0.16055611	0.00000000
-0.70799993	-0.16055611	0.00000000
-0.70399993	-0.16055611	0.00000000
-0.69999993	-0.16055611	0.00000000
-0.69599993	-0.16055611	0.00000000
-0.69199993	-0.16055611	0.00000000
-0.68799993	-0.16055611	0.00000000
-0.68399993	-0.16055611	0.00000000
-0.67999993	-0.16055611	0.00000000
-0.67599993	-0.16055611	0.00000000
-0.67199993	-0.16055611	0.00000000
-0.66799993	-0.16055611	0.00000000
-0.66399993	-0.16055611	0.00000000
-0.65999993	-0.16055611	0.00000000
-0.65599993	-0.16055611	0.00000000
-0.65199993	-0.16055611	0.00000000
-0.64799993	-0.16055611	0.01574803
-0.64399993	-0.16055611	0.00000000
-0.63999993	-0.16055611	0.00000000
-0.63599993	-0.16055611	0.00000000
-0.63199993	-0.16055611	0.00000000
-0.62799993	-0.16055611	0.00000000
-0.62399993	-0.16055611	0.00000000
-0.61999993	-0.16055611	0.00000000
-0.61599993	-0.16055611	0.00000000
-0.61199993	-0.16055611	0.00000000
-0.60799993	-0.16055611	0.00000000
-0.60399993	-0.16055611	0.00000000
-0.59999993	-0.16055611	0.00000000
-0.59599993	-0.16055611	0.00000000
-0.59199993	-0.16055611	0.00000000
-0.58799993	-0.16055611	0.00000000
-0.58399993	-0.16055611	0.00000000
-0.57999993	-0.16055611	0.00000000
-0.57599993	-0.16055611	0.00000000
-0.57199993	-0.16055611	0.00000000
-0.56799993	-0.16055611	0.00000000
-0.56399993	-0.16055611	0.00000000
-0.55999993	-0.16055611	0.00000000
-0.55599993	-0.16055611	0.00000000
-0.55199993	-0.16055611	0.00000000
-0.54799993	-0.16055611	0.00000000
-0.54399993	-0.16055611	0.00000000
-0.53999993	-0.16055611	0.00000000
-0.53599993	-0.16055611	0.00000000
-0.53199993	-0.16055611	0.00000000
-0.52799993	-0.16055611	0.00000000
-0.52399993	-0.16055611	0.00000000
-0.51999993	-0.16055611	0.00000000
-0.51599993	-0.16055611	0.00000000
-0.51199993	-0.16055611	0.00000000
-0.50799993	-0.16055611	0.00000000
-0.50399993	-0.16055611	0.00000000
-0.49999993	-0.16055611	0.00000000
-0.49599993	-0.16055611	0.00000000
-0.49199993	-0.16055611	0.00000000
-0.48799993	-0.16055611	0.00000000
-0.48399993	-0.16055611	0.00000000
-0.47999993	-0.16055611	0.00000000
-0.47599993	-0.16055611	0.00000000
-0.47199993	-0.16055611	0.00000000
-0.46799993	-0.16055611	0.00000000
-0.46399993	-0.16055611	0.00000000
-0.45999993	-0.16055611	0.00000000
-0.45599993	-0.16055611	0.00000000
-0.45199993	-0.16055611	0.00000000
-0.44799993	-0.16055611	0.00000000
-0.44399993	-0.16055611	0.00000000
-0.43999993	-0.16055611	0.00000000
-0.43599993	-0.16055611	0.00000000
-0.43199993	-0.16055611	0.00000000
-0.42799993	-0.16055611	0.00000000
-0.42399993	-0.16055611	0.00000000
-0.41999993	-0.16055611	0.00000000
-0.41599993	-0.16055611	0.00000000
-0.41199993	-0.16055611	0.00000000
-0.40799993	-0.16055611	0.00000000
-0.40399993	-0.16055611	0.00000000
-0.39999993	-0.16055611	0.00000000
-0.39599993	-0.16055611	0.00000000
-0.39199993	-0.16055611	0.00000000
-0.38799993	-0.16055611	0.00000000
-0.38399993	-0.16055611	0.00000000
-0.37999994	-0.16055611	0.00000000
-0.37599994	-0.16055611	0.00000000
-0.37199994	-0.16055611	0.00000000
-0.36799994	-0.16055611	0.00000000
-0.36399994	-0.16055611	0.00000000
-0.35999994	-0.16055611	0.00000000
-0.35599994	-0.16055611	0.00000000
-0.35199994	-0.16055611	0.00000000
-0.34799994	-0.16055611	0.00000000
-0.34399994	-0.16055611	0.00000000
-0.33999994	-0.16055611	0.00000000
-0.33599994	-0.16055611	0.00000000
-0.33199994	-0.16055611	0.00000000
-0.32799994	-0.16055611	0.00000000
-0.32399994	-0.16055611	0.00000000
-0.31999994	-0.16055611	0.00000000
-0.31599994	-0.16055611	0.00000000
-0.31199994	-0.16055611	0.00000000
-0.30799994	-0.16055611	0.00000000
-0.30399994	-0.16055611	0.00000000
-0.29999994	-0.16055611	0.00000000
-0.29599994	-0.16055611	0.00000000
-0.29199994	-0.16055611	0.00000000
-0.28799994	-0.16055611	0.00000000
-0.28399994	-0.16055611	0.00000000
-0.27999994	-0.16055611	0.00000000
-0.27599994	-0.16055611	0.00000000
-0.27199994	-0.16055611	0.00000000
-0.26799994	-0.16055611	0.00000000
-0.26399994	-0.16055611	0.00000000
-0.25999994	-0.16055611	0.00000000
-0.25599994	-0.16055611	0.00000000
-0.25199994	-0.16055611	0.00000000
-0.24799994	-0.16055611	0.00000000
-0.24399994	-0.16055611	0.00000000
-0.23999994	-0.16055611	0.00000000
-0.23599994	-0.16055611	0.00000000
-0.23199994	-0.16055611	0.00000000
-0.22799994	-0.16055611	0.00000000
-0.22399994	-0.16055611	0.00000000
-0.21999994	-0.16055611	0.00000000
-0.21599994	-0.16055611	0.00000000
-0.21199994	-0.16055611	0.00000000
-0.20799994	-0.16055611	0.00000000
-0.20399994	-0.16055611	0.00000000
-0.19999994	-0.16055611	0.00000000
-0.19599994	-0.16055611	0.00000000
-0.19199994	-0.16055611	0.00000000
-0.18799994	-0.16055611	0.00000000
-0.18399994	-0.16055611	0.00000000
-0.17999994	-0.16055611	0.00000000
-0.17599994	-0.16055611	0.00000000
-0.17199994	-0.16055611	0.00000000
-0.16799994	-0.16055611	0.00000000
-0.16399994	-0.16055611	0.00000000
-0.15999994	-0.16055611	0.00000000
-0.15599994	-0.16055611	0.00000000
-0.15199994	-0.16055611	0.00000000
-0.14799994	-0.16055611	0.00000000
-0.14399994	-0.16055611	0.00000000
-0.13999994	-0.16055611	0.00000000
-0.13599994	-0.16055611	0.00000000
-0.13199994	-0.16055611	0.00000000
-0.12799994	-0.16055611	0.00000000
-0.12399994	-0.16055611	0.00000000
-0.11999994	-0.16055611	0.01574803
-0.11599994	-0.16055611	0.00000000
-0.11199994	-0.16055611	0.00000000
-0.10799994	-0.16055611	0.00000000
-0.10399994	-0.16055611	0.00000000
-0.09999994	-0.16055611	0.00000000
-0.09599994	-0.16055611	0.00000000
-0.09199994	-0.16055611	0.00000000
-0.08799994	-0.16055611	0.00000000
-0.08399994	-0.16055611	0.00000000
-0.07999994	-0.16055611	0.00000000
-0.07599994	-0.16055611	0.00000000
-0.07199994	-0.16055611	0.00000000
-0.06799994	-0.16055611	0.00000000
-0.06399994	-0.16055611	0.00000000
-0.05999994	-0.16055611	0.00000000
-0.05599994	-0.16055611	0.00000000
-0.05199994	-0.16055611	0.00000000
-0.04799994	-0.16055611	0.00000000
-0.04399994	-0.16055611	0.00000000
-0.03999994	-0.16055611	0.01574803
-0.03599994	-0.16055611	0.00000000
-0.03199994	-0.16055611	0.00000000
-0.02799995	-0.16055611	0.00000000
-0.02399995	-0.16055611	0.00000000
-0.01999995	-0.16055611	0.00000000
-0.01599995	-0.16055611	0.00000000
-0.01199995	-0.16055611	0.00000000
-0.00799995	-0.16055611	0.00000000
-0.00399995	-0.16055611	0.00000000
0.00000005	-0.16055611	0.01574803
0.00400005	-0.16055611	0.00000000
0.00800005	-0.16055611	0.00000000
0.01200005	-0.16055611	0.00000000
0.01600005	-0.16055611	0.00000000
0.02000005	-0.16055611	0.00000000
0.02400005	-0.16055611	0.00000000
0.02800005	-0.16055611	0.01574803
0.03200005	-0.16055611	0.01574803
0.03600005	-0.16055611	0.01574803
0.04000005	-0.16055611	0.01574803
0.04400005	-0.32111222	0.01574803
0.04800005	-0.32111222	0.01574803
0.05200005	-0.16055611	0.00000000
0.05600005	-0.16055611	0.00000000
0.06000005	-0.16055611	0.00000000
0.06400005	-0.16055611	0.00000000
0.06800005	-0.16055611	0.00000000
0.07200005	-0.16055611	0.00000000
0.07600005	-0.16055611	0.01574803
0.08000005	-0.16055611	0.00000000
0.08400005	-0.32111222	0.00000000
0.08800005	-0.16055611	0.00000000
0.09200005	-0.16055611	0.00000000
0.09600005	-0.16055611	0.00000000
0.10000005	-0.16055611	0.00000000
0.10400005	-0.16055611	0.00000000
0.10800005	-0.16055611	0.00000000
0.11200005	-0.16055611	0.00000000
0.11600005	-0.16055611	0.01574803
0.12000005	-0.16055611	0.01574803
0.12400005	-0.16055611	0.00000000
0.12800005	-0.16055611	0.00000000
0.13200005	-0.16055611	0.00000000
0.13600005	-0.16055611	0.00000000
0.14000005	-0.32111222	0.00000000
0.14400005	-0.16055611	0.00000000
0.14800005	-0.16055611	0.01574803
0.15200005	-0.16055611	0.01574803
0.15600005	-0.16055611	0.01574803
0.16000005	-0.16055611	0.00000000
0.16400005	-0.16055611	0.00000000
0.16800005	-0.16055611	0.00000000
0.17200005	-0.16055611	0.00000000
0.17600005	-0.16055611	0.00000000
0.18000005	-0.16055611	0.00000000
0.18400005	-0.16055611	0.00000000
0.18800005	-0.16055611	0.00000000
0.19200005	-0.16055611	0.00000000
0.19600005	-0.16055611	0.00000000
0.20000005	-0.16055611	0.01574803
0.20400005	-0.16055611	0.00000000
0.20800005	-0.16055611	0.00000000
0.21200005	-0.16055611	0.00000000
0.21600005	-0.16055611	0.00000000
0.22000005	-0.16055611	0.00000000
0.22400005	-0.16055611	0.01574803
0.22800005	-0.16055611	0.01574803
0.23200005	-0.16055611	0.01574803
0.23600005	-0.16055611	0.00000000
0.24000005	-0.16055611	0.00000000
0.24400005	-0.16055611	0.00000000
0.24800005	-0.16055611	0.00000000
0.25200005	-0.16055611	0.00000000
0.25600005	-0.16055611	0.00000000
0.26000005	-0.16055611	0.00000000
0.26400005	-0.16055611	0.00000000
0.26800005	-0.16055611	0.00000000
0.27200005	-0.16055611	0.00000000
0.27600005	-0.16055611	0.00000000
0.28000005	-0.16055611	0.00000000
0.28400005	-0.16055611	0.00000000
0.28800005	-0.16055611	0.00000000
0.29200005	-0.16055611	0.00000000
0.29600005	-0.16055611	0.00000000
0.30000005	-0.16055611	0.00000000
0.30400005	-0.16055611	0.00000000
0.30800005	-0.16055611	0.00000000
0.31200005	-0.16055611	0.00000000
0.31600005	-0.16055611	0.00000000
0.32000005	-0.16055611	0.00000000
0.32400005	-0.16055611	0.00000000
0.32800004	-0.16055611	0.01574803
0.33200004	-0.16055611	0.00000000
0.33600004	-0.16055611	0.00000000
0.34000004	-0.16055611	0.00000000
0.34400004	-0.16055611	0.00000000
0.34800004	-0.16055611	0.00000000
0.35200004	-0.16055611	0.00000000
0.35600004	-0.16055611	0.00000000
0.36000004	-0.16055611	0.00000000
0.36400004	-0.16055611	0.00000000
0.36800004	-0.16055611	0.00000000
0.37200004	-0.16055611	0.00000000
0.37600004	-0.16055611	0.00000000
0.38000004	-0.16055611	0.00000000
0.38400004	-0.16055611	0.00000000
0.38800004	-0.16055611	0.00000000
0.39200004	-0.16055611	0.00000000
0.39600004	-0.16055611	0.00000000
0.40000004	-0.16055611	0.01574803
0.40400004	-0.16055611	0.00000000
0.40800004	-0.16055611	0.00000000
0.41200004	-0.16055611	0.00000000
0.41600004	-0.16055611	0.00000000
0.42000004	-0.16055611	0.00000000
0.42400004	-0.16055611	0.00000000
0.42800004	-0.16055611	0.00000000
0.43200004	-0.16055611	0.00000000
0.43600004	-0.16055611	0.00000000
0.44000004	-0.16055611	0.00000000
0.44400004	-0.16055611	0.00000000
0.44800004	-0.16055611	0.00000000
0.45200004	-0.16055611	0.00000000
0.45600004	-0.16055611	0.00000000
0.46000004	-0.16055611	0.00000000
0.46400004	-0.16055611	0.00000000
0.46800004	-0.16055611	0.00000000
0.47200004	-0.16055611	0.00000000
0.47600004	-0.16055611	0.00000000
0.48000004	-0.16055611	0.00000000
0.48400004	-0.16055611	0.01574803
0.48800004	-0.16055611	0.00000000
0.49200004	-0.16055611	0.00000000
0.49600004	-0.16055611	0.00000000
0.50000004	-0.16055611	0.00000000
0.50400004	-0.16055611	0.00000000
0.50800004	-0.16055611	0.00000000
0.51200004	-0.16055611	0.00000000
0.51600004	-0.16055611	0.00000000
0.52000004	-0.16055611	0.00000000
0.52400004	-0.16055611	0.00000000
0.52800004	-0.16055611	0.00000000
0.53200004	-0.16055611	0.00000000
0.53600004	-0.16055611	0.00000000
0.54000004	-0.16055611	0.00000000
0.54400004	-0.16055611	0.00000000
0.54800004	-0.16055611	0.00000000
0.55200004	-0.16055611	0.00000000
0.55600004	-0.16055611	0.00000000
0.56000004	-0.16055611	0.00000000
0.56400004	-0.16055611	0.00000000
0.56800004	-0.16055611	0.00000000
0.57200004	-0.16055611	0.00000000
0.57600004	-0.16055611	0.00000000
0.58000004	-0.16055611	0.00000000
0.58400004	-0.16055611	0.00000000
0.58800004	-0.16055611	0.00000000
0.59200004	-0.16055611	0.00000000
0.59600004	-0.16055611	0.00000000
0.60000004	-0.16055611	0.00000000
0.60400004	-0.16055611	0.00000000
0.60800004	-0.16055611	0.00000000
0.61200004	-0.16055611	0.00000000
0.61600004	-0.16055611	0.00000000
0.62000004	-0.16055611	0.00000000
0.62400004	-0.16055611	0.00000000
0.62800004	-0.16055611	0.00000000
0.63200004	-0.16055611	0.00000000
0.63600004	-0.16055611	0.00000000
0.64000004	-0.16055611	0.00000000
0.64400004	-0.16055611	0.00000000
0.64800004	-0.16055611	0.00000000
0.65200004	-0.16055611	0.00000000
0.65600004	-0.16055611	0.00000000
0.66000004	-0.16055611	0.00000000
0.66400004	-0.16055611	0.00000000
0.66800004	-0.16055611	0.00000000
0.67200004	-0.16055611	0.00000000
0.67600004	-0.16055611	0.00000000
0.68000003	-0.16055611	0.00000000
0.68400003	-0.16055611	0.00000000
0.68800003	-0.16055611	0.00000000
0.69200003	-0.16055611	0.00000000
0.69600003	-0.16055611	0.00000000
0.70000003	-0.16055611	0.00000000
0.70400003	-0.16055611	0.00000000
0.70800003	-0.16055611	0.00000000
0.71200003	-0.16055611	0.00000000
0.71600003	-0.16055611	0.00000000
0.72000003	-0.16055611	0.00000000
0.72400003	-0.16055611	0.00000000
0.72800003	-0.16055611	0.00000000
0.73200003	-0.16055611	0.00000000
0.73600003	-0.16055611	0.00000000
0.74000003	-0.16055611	0.00000000
0.74400003	-0.16055611	0.00000000
0.74800003	-0.16055611	0.00000000
0.75200003	-0.16055611	0.00000000
0.75600003	-0.16055611	0.00000000
0.76000003	-0.16055611	0.00000000
0.76400003	-0.16055611	0.00000000
0.76800003	-0.16055611	0.00000000
0.77200003	-0.16055611	0.00000000
0.77600003	-0.16055611	0.00000000
0.78000003	-0.16055611	0.00000000
0.78400003	-0.16055611	0.01574803
0.78800003	-0.16055611	0.00000000
0.79200003	-0.16055611	0.00000000
0.79600003	-0.16055611	0.00000000
0.80000003	-0.16055611	0.01574803
0.80400003	-0.16055611	0.01574803
0.80800003	-0.16055611	0.01574803
0.81200003	0.00000000	0.01574803
0.81600003	0.00000000	0.01574803
0.82000003	0.16055611	0.03155758
0.82400003	0.32111222	0.03155758
0.82800003	0.16055611	0.03155758
0.83200003	0.16055611	0.01574803
0.83600003	-0.16055611	-0.01574803
0.84000003	-0.48228347	-0.03155758
0.84400003	-0.64283955	-0.03155758
0.84800003	-0.48228347	-0.01574803
0.85200003	0.48228347	0.00000000
0.85600003	-0.48228347	0.06317668
0.86000003	-1.44685042	0.06317668
0.86400003	-0.80339569	0.01574803
0.86800003	0.00000000	0.00000000
0.87200003	-0.32111222	0.00000000
0.87600003	-1.12512302	-0.06317668
0.88000003	-0.96456695	-0.06317668
0.88400003	-0.80339569	-0.03155758
0.88800003	0.16055611	-0.03155758
0.89200003	-0.32111222	0.00000000
0.89600003	-1.92913389	0.03155758
0.90000003	-1.60740650	0.01574803
0.90400003	-0.16055611	0.01574803
0.90800003	0.64283955	0.03155758
0.91200003	-0.32111222	0.03155758
0.91600003	-0.80339569	0.01574803
0.92000003	-0.80339569	0.00000000
0.92400003	0.16055611	-0.01574803
0.92800003	0.96456695	-0.01574803
0.93200003	0.32111222	0.03155758
0.93600003	-0.64283955	0.04736713
0.94000003	-0.16055611	0.03155758
0.94400003	1.12512302	0.03155758
0.94800003	1.28629434	0.03155758
0.95200003	-0.16055611	0.01574803
0.95600003	-0.64283955	-0.01574803
0.96000003	0.00000000	0.00000000
0.96400003	0.32111222	0.00000000
0.96800003	0.00000000	0.00000000
0.97200003	-0.48228347	-0.01574803
0.97600003	-0.48228347	0.00000000
0.98000003	0.16055611	0.00000000
0.98400003	0.00000000	0.00000000
0.98800003	-0.80339569	-0.01574803
0.99200003	-1.12512302	-0.04736713
0.99600003	-0.80339569	-0.06317668
1.00000003	-0.64283955	-0.03155758
1.00400003	-0.64283955	-0.01574803
1.00800003	-0.48228347	-0.01574803
1.01200003	-0.64283955	0.01574803
1.01600003	-0.48228347	0.01574803
1.02000003	-0.48228347	0.00000000
1.02400003	-0.96456695	0.01574803
1.02800003	-0.80339569	0.01574803
1.03200002	-0.32111222	-0.01574803
1.03600002	0.32111222	0.00000000
1.04000002	0.32111222	0.01574803
1.04400002	0.32111222	0.01574803
1.04800002	0.16055611	0.03155758
1.05200002	0.00000000	0.03155758
1.05600002	0.48228347	0.01574803
1.06000002	0.00000000	0.01574803
1.06400002	-0.64283955	0.03155758
1.06800002	-0.16055611	0.00000000
1.07200002	0.64283955	0.00000000
1.07600002	0.64283955	0.00000000
1.08000002	-0.16055611	0.00000000
1.08400002	-1.12512302	0.01574803
1.08800002	-0.80339569	0.03155758
1.09200002	0.48228347	0.01574803
1.09600002	0.64283955	0.03155758
1.10000002	0.16055611	0.01574803
1.10400002	-0.64283955	-0.01574803
1.10800002	-0.96456695	0.00000000
1.11200002	-1.44685042	0.01574803
1.11600002	-0.32111222	-0.01574803
1.12000002	-1.44685042	0.01574803
1.12400002	-3.37659931	0.04736713
1.12800002	-1.44685042	0.00000000
1.13200002	0.96456695	-0.01574803
1.13600002	2.25086117	0.04736713
1.14000002	1.12512302	0.00000000
1.14400002	-1.60740650	-0.01574803
1.14800002	-2.57258868	0.00000000
1.15200002	0.00000000	-0.06317668
1.15600002	0.80339569	-0.03155758
1.16000002	-0.96456695	0.03155758
1.16400002	-2.25086117	0.01574803
1.16800002	-0.16055611	-0.01574803
1.17200002	1.76857769	-0.01574803
1.17600002	1.28629434	-0.06317668
1.18000002	0.80339569	-0.03155758
1.18400002	-0.48228347	0.03155758
1.18800002	-0.48228347	0.09479577
1.19200002	-1.28629434	0.06317668
1.19600002	-1.28629434	-0.01574803
1.20000002	-0.16055611	-0.04736713
1.20400002	0.48228347	0.01574803
1.20800002	0.48228347	0.06317668
1.21200002	-1.28629434	0.06317668
1.21600002	-2.25086117	0.01574803
1.22000002	-1.60740650	-0.04736713
1.22400002	-0.16055611	-0.01574803
1.22800002	0.48228347	0.06317668
1.23200002	-0.48228347	0.09479577
1.23600002	-1.60740650	0.01574803
1.24000002	-1.76857769	-0.06317668
1.24400002	-0.16055611	-0.11054380
1.24800002	0.48228347	-0.07898622
1.25200002	-0.80339569	0.00000000
1.25600002	-1.92913389	0.03155758
1.26000002	-1.44685042	0.00000000
1.26400002	-0.96456695	-0.01574803
1.26800002	-0.32111222	-0.03155758
1.27200002	0.00000000	0.00000000
1.27600002	0.64283955	0.04736713
1.28000002	1.12512302	0.06317668
1.28400002	0.00000000	0.03155758
1.28800002	-1.12512302	-0.03155758
1.29200002	-0.48228347	-0.04736713
1.29600002	0.96456695	0.01574803
1.30000002	1.44685042	0.07898622
1.30400002	0.32111222	0.09479577
1.30800002	0.00000000	0.04736713
1.31200002	0.96456695	0.00000000
1.31600002	1.76857769	0.00000000
1.32000002	1.28629434	0.03155758
1.32400002	-1.76857769	0.04736713
1.32800002	-2.73314476	0.00000000
1.33200002	-0.32111222	-0.03155758
1.33600002	1.92913389	-0.01574803
1.34000002	1.60740650	0.01574803
1.34400002	-0.32111222	0.01574803
1.34800002	-1.12512302	0.01574803
1.35200002	0.32111222	0.00000000
1.35600002	1.76857769	-0.01574803
1.36000002	1.28629434	0.00000000
1.36400002	0.00000000	0.00000000
1.36800002	-1.12512302	0.00000000
1.37200002	-0.48228347	0.00000000
1.37600002	-0.32111222	-0.04736713
1.38000002	0.32111222	-0.04736713
1.38400002	0.64283955	0.00000000
1.38800001	0.80339569	0.03155758
1.39200001	0.64283955	0.06317668
1.39600001	-0.80339569	0.03155758
1.40000001	-0.80339569	-0.03155758
1.40400001	0.64283955	-0.03155758
1.40800001	1.76857769	0.04736713
1.41200001	1.76857769	0.09479577
1.41600001	0.00000000	0.06317668
1.42000001	0.00000000	0.01574803
1.42400001	0.48228347	0.00000000
1.42800001	0.64283955	0.03155758
1.43200001	0.48228347	0.06317668
1.43600001	0.64283955	0.06317668
1.44000001	2.41141725	0.03155758
1.44400001	2.09030509	0.01574803
1.44800001	1.28629434	0.00000000
1.45200001	2.41141725	-0.01574803
1.45600001	3.69832683	0.03155758
1.46000001	3.21542811	0.06317668
1.46400001	0.32111222	0.00000000
1.46800001	0.16055611	-0.06317668
1.47200001	2.73314476	-0.07898622
1.47600001	3.05487204	-0.01574803
1.48000001	1.44685042	0.00000000
1.48400001	-0.32111222	-0.01574803
1.48800001	1.12512302	-0.03155758
1.49200001	2.73314476	-0.01574803
1.49600001	2.25086117	0.01574803
1.50000001	0.96456695	0.06317668
1.50400001	0.96456695	0.07898622
1.50800001	2.25086117	0.06317668
1.51200001	2.25086117	0.04736713
1.51600001	1.44685042	0.01574803
1.52000001	1.28629434	0.00000000
1.52400001	1.92913389	0.03155758
1.52800001	1.92913389	0.07898622
1.53200001	1.76857769	0.04736713
1.53600001	2.41141725	0.01574803
1.54000001	3.37659931	0.03155758
1.54400001	3.05487204	0.07898622
1.54800001	1.76857769	0.07898622
1.55200001	1.44685042	0.04736713
1.55600001	2.41141725	0.00000000
1.56000001	3.21542811	-0.01574803
1.56400001	2.73314476	0.00000000
1.56800001	2.25086117	0.01574803
1.57200001	2.57258868	0.01574803
1.57600001	3.21542811	0.01574803
1.58000001	2.89431596	0.00000000
1.58400001	2.09030509	0.00000000
1.58800001	2.41141725	0.01574803
1.59200001	3.21542811	0.04736713
1.59600001	3.53715539	0.04736713
1.60000001	2.73314476	0.03155758
1.60400001	1.92913389	0.00000000
1.60800001	2.25086117	0.01574803
1.61200001	3.05487204	0.04736713
1.61600001	3.05487204	0.06317668
1.62000001	2.73314476	0.04736713
1.62400001	2.89431596	0.03155758
1.62800001	3.21542811	0.04736713
1.63200001	2.73314476	0.06317668
1.63600001	2.25086117	0.06317668
1.64000001	2.57258868	0.04736713
1.64400001	3.21542811	0.04736713
1.64800001	3.53715539	0.04736713
1.65200001	3.05487204	0.04736713
1.65600001	2.57258868	0.04736713
1.66000001	2.89431596	0.03155758
1.66400001	3.05487204	0.04736713
1.66800001	2.89431596	0.03155758
1.67200001	2.89431596	0.03155758
1.67600001	3.37659931	0.01574803
1.68000001	3.53715539	0.03155758
1.68400001	2.89431596	0.03155758
1.68800001	2.41141725	0.01574803
1.69200001	2.73314476	0.01574803
1.69600001	3.37659931	0.03155758
1.70000001	3.53715539	0.04736713
1.70400001	3.37659931	0.04736713
1.70800001	3.37659931	0.03155758
1.71200001	3.53715539	0.03155758
1.71600001	3.21542811	0.04736713
1.72000001	2.73314476	0.04736713
1.72400001	3.05487204	0.04736713
1.72800001	3.69832683	0.06317668
1.73200001	4.01943874	0.06317668
1.73600001	3.85888290	0.06317668
1.74000000	3.05487204	0.06317668
1.74400000	3.05487204	0.06317668
1.74800000	3.21542811	0.06317668
1.75200000	3.69832683	0.06317668
1.75600000	4.01943874	0.06317668
1.76000000	4.18061018	0.04736713
1.76400000	4.01943874	0.04736713
1.76800000	3.37659931	0.04736713
1.77200000	3.05487204	0.03155758
1.77600000	3.37659931	0.03155758
1.78000000	3.85888290	0.03155758
1.78400000	4.18061018	0.04736713
1.78800000	4.01943874	0.04736713
1.79200000	3.53715539	0.04736713
1.79600000	3.37659931	0.04736713
1.80000000	3.53715539	0.04736713
1.80400000	3.69832683	0.06317668
1.80800000	3.85888290	0.06317668
1.81200000	4.01943874	0.06317668
1.81600000	4.18061018	0.07898622
1.82000000	3.85888290	0.06317668
1.82400000	3.53715539	0.04736713
1.82800000	3.69832683	0.04736713
1.83200000	4.01943874	0.06317668
1.83600000	4.18061018	0.07898622
1.84000000	4.01943874	0.07898622
1.84400000	3.85888290	0.06317668
1.84800000	3.85888290	0.06317668
1.85200000	3.69832683	0.06317668
1.85600000	3.69832683	0.06317668
1.86000000	4.01943874	0.07898622
1.86400000	4.34116650	0.07898622
1.86800000	4.01943874	0.07898622
1.87200000	3.69832683	0.06317668
1.87600000	3.53715539	0.06317668
1.88000000	3.69832683	0.06317668
1.88400000	4.01943874	0.06317668
1.88800000	3.85888290	0.06317668
1.89200000	3.85888290	0.06317668
1.89600000	4.01943874	0.06317668
1.90000000	3.85888290	0.06317668
1.90400000	3.69832683	0.06317668
1.90800000	3.53715539	0.07898622
1.91200000	4.01943874	0.07898622
1.91600000	4.18061018	0.07898622
1.92000000	4.01943874	0.07898622
1.92400000	3.85888290	0.06317668
1.92800000	3.85888290	0.06317668
1.93200000	4.01943874	0.07898622
1.93600000	4.01943874	0.07898622
1.94000000	3.85888290	0.07898622
1.94400000	4.01943874	0.07898622
1.94800000	4.18061018	0.07898622
1.95200000	4.18061018	0.07898622
1.95600000	4.01943874	0.07898622
1.96000000	4.01943874	0.09479577
1.96400000	4.18061018	0.09479577
1.96800000	4.01943874	0.09479577
1.97200000	3.85888290	0.09479577
1.97600000	3.85888290	0.07898622
1.98000000	4.18061018	0.07898622
1.98400000	4.34116650	0.09479577
1.98800000	4.18061018	0.09479577
1.99200000	3.85888290	0.09479577
1.99600000	3.85888290	0.07898622
2.00000000	3.85888290	0.07898622
2.00400000	4.18061018	0.07898622
2.00800000	4.18061018	0.07898622
2.01200000	4.01943874	0.07898622
2.01600000	3.85888290	0.09479577
2.02000000	3.69832683	0.09479577
2.02400000	3.85888290	0.07898622
2.02800000	3.85888290	0.07898622
2.03200000	4.18061018	0.09479577
2.03600000	4.18061018	0.11054380
2.04000000	4.01943874	0.11054380
2.04400000	3.69832683	0.11054380
2.04800000	3.69832683	0.09479577
2.05200000	4.01943874	0.09479577
2.05600000	4.18061018	0.11054380
2.06000000	4.34116650	0.11054380
2.06400000	4.01943874	0.11054380
2.06800000	3.85888290	0.11054380
2.07200000	3.85888290	0.09479577
2.07600000	3.85888290	0.09479577
2.08000000	4.01943874	0.11054380
2.08400000	4.01943874	0.11054380
2.08800000	4.18061018	0.11054380
2.09200000	4.18061018	0.11054380
2.09599999	3.85888290	0.11054380
2.09999999	3.85888290	0.09479577
2.10399999	3.85888290	0.11054380
2.10799999	4.01943874	0.11054380
2.11199999	4.18061018	0.11054380
2.11599999	4.18061018	0.11054380
2.11999999	4.18061018	0.11054380
2.12399999	3.85888290	0.09479577
2.12799999	4.01943874	0.11054380
2.13199999	4.01943874	0.11054380
2.13599999	4.18061018	0.11054380
2.13999999	4.18061018	0.11054380
2.14399999	4.18061018	0.11054380
2.14799999	4.18061018	0.11054380
2.15199999	4.18061018	0.11054380
2.15599999	4.18061018	0.11054380
2.15999999	4.18061018	0.12635335
2.16399999	4.18061018	0.11054380
2.16799999	4.34116650	0.12635335
2.17199999	4.34116650	0.12635335
2.17599999	4.18061018	0.12635335
2.17999999	4.18061018	0.12635335
2.18399999	4.18061018	0.12635335
2.18799999	4.18061018	0.12635335
2.19199999	4.18061018	0.12635335
2.19599999	4.34116650	0.12635335
2.19999999	4.34116650	0.12635335
2.20399999	4.34116650	0.12635335
2.20799999	4.18061018	0.12635335
2.21199999	4.18061018	0.12635335
2.21599999	4.18061018	0.12635335
2.21999999	4.18061018	0.12635335
2.22399999	4.34116650	0.12635335
2.22799999	4.50233746	0.12635335
2.23199999	4.34116650	0.12635335
2.23599999	4.18061018	0.12635335
2.23999999	4.01943874	0.12635335
2.24399999	4.18061018	0.12635335
2.24799999	4.34116650	0.12635335
2.25199999	4.50233746	0.12635335
2.25599999	4.34116650	0.12635335
2.25999999	4.34116650	0.12635335
2.26399999	4.34116650	0.14216289
2.26799999	4.18061018	0.12635335
2.27199999	4.18061018	0.12635335
2.27599999	4.34116650	0.12635335
2.27999999	4.50233746	0.14216289
2.28399999	4.50233746	0.14216289
2.28799999	4.34116650	0.14216289
2.29199999	4.18061018	0.14216289
2.29599999	4.18061018	0.14216289
2.29999999	4.50233746	0.14216289
2.30399999	4.50233746	0.14216289
2.30799999	4.50233746	0.14216289
2.31199999	4.50233746	0.14216289
2.31599999	4.34116650	0.14216289
2.31999999	4.34116650	0.14216289
2.32399999	4.34116650	0.14216289
2.32799999	4.50233746	0.14216289
2.33199999	4.66289377	0.14216289
2.33599999	4.50233746	0.14216289
2.33999999	4.34116650	0.14216289
2.34399999	4.34116650	0.14216289
2.34799999	4.34116650	0.14216289
2.35199999	4.50233746	0.14216289
2.35599999	4.50233746	0.14216289
2.35999999	4.50233746	0.15797244
2.36399999	4.50233746	0.15797244
2.36799999	4.50233746	0.15797244
2.37199999	4.34116650	0.14216289
2.37599999	4.34116650	0.14216289
2.37999999	4.50233746	0.14216289
2.38399999	4.50233746	0.15797244
2.38799999	4.50233746	0.14216289
2.39199999	4.50233746	0.15797244
2.39599999	4.34116650	0.15797244
2.39999999	4.34116650	0.15797244
2.40399999	4.50233746	0.15797244
2.40799999	4.50233746	0.15797244
2.41199999	4.50233746	0.15797244
2.41599999	4.50233746	0.15797244
2.41999999	4.50233746	0.15797244
2.42399999	4.50233746	0.15797244
2.42799999	4.34116650	0.15797244
2.43199999	4.34116650	0.15797244
2.43599999	4.50233746	0.15797244
2.43999999	4.66289377	0.17378199
2.44399999	4.66289377	0.15797244
2.44799998	4.50233746	0.15797244
2.45199998	4.34116650	0.15797244
2.45599998	4.50233746	0.15797244
2.45999998	4.50233746	0.15797244
2.46399998	4.50233746	0.17378199
2.46799998	4.50233746	0.15797244
2.47199998	4.50233746	0.17378199
2.47599998	4.50233746	0.15797244
2.47999998	4.34116650	0.17378199
2.48399998	4.34116650	0.15797244
2.48799998	4.50233746	0.17378199
2.49199998	4.66289377	0.17378199
2.49599998	4.50233746	0.17378199
2.49999998	4.50233746	0.17378199
2.50399998	4.50233746	0.17378199
2.50799998	4.50233746	0.17378199
2.51199998	4.50233746	0.17378199
2.51599998	4.50233746	0.17378199
2.51999998	4.50233746	0.17378199
2.52399998	4.50233746	0.17378199
2.52799998	4.50233746	0.17378199
2.53199998	4.50233746	0.17378199
2.53599998	4.50233746	0.17378199
2.53999998	4.34116650	0.17378199
2.54399998	4.34116650	0.17378199
2.54799998	4.50233746	0.17378199
2.55199998	4.66289377	0.18959154
2.55599998	4.50233746	0.17378199
2.55999998	4.34116650	0.18959154
2.56399998	4.34116650	0.18959154
2.56799998	4.50233746	0.18959154
2.57199998	4.50233746	0.18959154
2.57599998	4.50233746	0.18959154
2.57999998	4.34116650	0.18959154
2.58399998	4.34116650	0.18959154
2.58799998	4.50233746	0.18959154
2.59199998	4.34116650	0.18959154
2.59599998	4.34116650	0.18959154
2.59999998	4.50233746	0.18959154
2.60399998	4.50233746	0.18959154
2.60799998	4.66289377	0.18959154
2.61199998	4.34116650	0.18959154
2.61599998	4.34116650	0.18959154
2.61999998	4.34116650	0.17378199
2.62399998	4.50233746	0.18959154
2.62799998	4.50233746	0.18959154
2.63199998	4.50233746	0.18959154
2.63599998	4.50233746	0.18959154
2.63999998	4.50233746	0.18959154
2.64399998	4.50233746	0.20533957
2.64799998	4.34116650	0.20533957
2.65199998	4.34116650	0.18959154
2.65599998	4.50233746	0.20533957
2.65999998	4.50233746	0.20533957
2.66399998	4.50233746	0.20533957
2.66799998	4.34116650	0.20533957
2.67199998	4.34116650	0.20533957
2.67599998	4.50233746	0.20533957
2.67999998	4.50233746	0.20533957
2.68399998	4.50233746	0.20533957
2.68799998	4.50233746	0.20533957
2.69199998	4.50233746	0.20533957
2.69599998	4.34116650	0.20533957
2.69999998	4.34116650	0.18959154
2.70399998	4.34116650	0.20533957
2.70799998	4.50233746	0.20533957
2.71199998	4.50233746	0.20533957
2.71599998	4.34116650	0.20533957
2.71999998	4.18061018	0.20533957
2.72399998	4.34116650	0.20533957
2.72799998	4.34116650	0.20533957
2.73199998	4.34116650	0.20533957
2.73599998	4.34116650	0.20533957
2.73999998	4.34116650	0.20533957
2.74399998	4.34116650	0.20533957
2.74799998	4.34116650	0.20533957
2.75199998	4.18061018	0.20533957
2.75599998	4.34116650	0.22114912
2.75999998	4.50233746	0.22114912
2.76399998	4.50233746	0.22114912
2.76799998	4.50233746	0.22114912
2.77199998	4.34116650	0.20533957
2.77599998	4.18061018	0.22114912
2.77999998	4.18061018	0.22114912
2.78399998	4.34116650	0.22114912
2.78799998	4.34116650	0.20533957
2.79199998	4.50233746	0.20533957
2.79599998	4.50233746	0.20533957
2.79999997	4.34116650	0.22114912
2.80399997	4.18061018	0.22114912
2.80799997	4.18061018	0.22114912
2.81199997	4.34116650	0.22114912
2.81599997	4.50233746	0.22114912
2.81999997	4.50233746	0.22114912
2.82399997	4.50233746	0.22114912
2.82799997	4.34116650	0.22114912
2.83199997	4.34116650	0.22114912
2.83599997	4.18061018	0.22114912
2.83999997	4.34116650	0.22114912
2.84399997	4.50233746	0.22114912
2.84799997	4.66289377	0.23695867
2.85199997	4.50233746	0.23695867
2.85599997	4.34116650	0.22114912
2.85999997	4.18061018	0.22114912
2.86399997	4.18061018	0.22114912
2.86799997	4.50233746	0.22114912
2.87199997	4.50233746	0.23695867
2.87599997	4.50233746	0.23695867
2.87999997	4.50233746	0.23695867
2.88399997	4.34116650	0.23695867
2.88799997	4.34116650	0.23695867
2.89199997	4.18061018	0.22114912
2.89599997	4.34116650	0.23695867
2.89999997	4.50233746	0.23695867
2.90399997	4.50233746	0.23695867
2.90799997	4.34116650	0.23695867
2.91199997	4.34116650	0.22114912
2.91599997	4.34116650	0.23695867
2.91999997	4.34116650	0.23695867
2.92399997	4.18061018	0.23695867
2.92799997	4.34116650	0.23695867
2.93199997	4.50233746	0.23695867
2.93599997	4.66289377	0.23695867
2.93999997	4.34116650	0.23695867
2.94399997	4.18061018	0.23695867
2.94799997	4.18061018	0.23695867
2.95199997	4.34116650	0.23695867
2.95599997	4.50233746	0.23695867
2.95999997	4.50233746	0.23695867
2.96399997	4.50233746	0.23695867
2.96799997	4.34116650	0.25276822
2.97199997	4.50233746	0.23695867
2.97599997	4.18061018	0.25276822
2.97999997	4.18061018	0.23695867
2.98399997	4.18061018	0.23695867
2.98799997	4.50233746	0.25276822
2.99199997	4.66289377	0.25276822
2.99599997	4.50233746	0.25276822
2.99999997	4.01943874	0.25276822
3.00399997	3.85888290	0.25276822
3.00799997	4.18061018	0.25276822
3.01199997	4.66289377	0.25276822
3.01599997	4.66289377	0.25276822
3.01999997	4.50233746	0.25276822
3.02399997	4.01943874	0.25276822
3.02799997	3.85888290	0.25276822
3.03199997	4.18061018	0.25276822
3.03599997	4.50233746	0.25276822
3.03999997	4.66289377	0.25276822
3.04399997	4.34116650	0.25276822
3.04799997	4.18061018	0.26857775
3.05199997	4.18061018	0.25276822
3.05599997	4.34116650	0.25276822
3.05999997	4.34116650	0.25276822
3.06399997	4.18061018	0.25276822
3.06799997	4.34116650	0.26857775
3.07199997	4.66289377	0.26857775
3.07599997	4.50233746	0.25276822
3.07999997	4.18061018	0.25276822
3.08399997	3.85888290	0.25276822
3.08799997	4.18061018	0.26857775
3.09199997	4.50233746	0.26857775
3.09599997	4.66289377	0.26857775
3.09999997	4.34116650	0.26857775
3.10399997	4.18061018	0.26857775
3.10799997	4.34116650	0.26857775
3.11199997	4.18061018	0.26857775
3.11599997	4.18061018	0.26857775
3.11999997	4.18061018	0.26857775
3.12399997	4.34116650	0.26857775
3.12799997	4.50233746	0.26857775
3.13199997	4.34116650	0.26857775
3.13599997	4.18061018	0.26857775
3.13999997	4.01943874	0.26857775
3.14399997	4.18061018	0.26857775
3.14799997	4.34116650	0.26857775
3.15199997	4.34116650	0.26857775
3.15599996	4.34116650	0.26857775
3.15999996	4.18061018	0.26857775
3.16399996	4.34116650	0.26857775
3.16799996	4.18061018	0.26857775
3.17199996	4.01943874	0.26857775
3.17599996	4.01943874	0.26857775
3.17999996	4.34116650	0.26857775
3.18399996	4.34116650	0.28438729
3.18799996	4.18061018	0.28438729
3.19199996	4.18061018	0.28438729
3.19599996	4.18061018	0.28438729
3.19999996	4.34116650	0.28438729
3.20399996	4.18061018	0.28438729
3.20799996	4.18061018	0.26857775
3.21199996	4.50233746	0.26857775
3.21599996	4.66289377	0.28438729
3.21999996	4.18061018	0.28438729
3.22399996	3.69832683	0.28438729
3.22799996	4.01943874	0.26857775
3.23199996	4.66289377	0.28438729
3.23599996	4.66289377	0.30013534
3.23999996	4.18061018	0.28438729
3.24399996	4.18061018	0.28438729
3.24799996	4.18061018	0.28438729
3.25199996	4.18061018	0.28438729
3.25599996	4.01943874	0.26857775
3.25999996	4.34116650	0.26857775
3.26399996	4.66289377	0.28438729
3.26799996	4.66289377	0.30013534
3.27199996	4.18061018	0.28438729
3.27599996	3.69832683	0.28438729
3.27999996	3.85888290	0.28438729
3.28399996	4.50233746	0.28438729
3.28799996	4.82344961	0.30013534
3.29199996	4.50233746	0.30013534
3.29599996	4.01943874	0.30013534
3.29999996	4.01943874	0.28438729
3.30399996	4.18061018	0.28438729
3.30799996	4.01943874	0.28438729
3.31199996	4.18061018	0.28438729
3.31599996	4.66289377	0.30013534
3.31999996	4.82344961	0.30013534
3.32399996	4.18061018	0.30013534
3.32799996	3.69832683	0.28438729
3.33199996	3.85888290	0.28438729
3.33599996	4.50233746	0.30013534
3.33999996	4.66289377	0.30013534
3.34399996	4.50233746	0.30013534
3.34799996	4.18061018	0.30013534
3.35199996	4.18061018	0.28438729
3.35599996	4.18061018	0.28438729
3.35999996	4.18061018	0.30013534
3.36399996	4.18061018	0.30013534
3.36799996	4.50233746	0.30013534
3.37199996	4.50233746	0.30013534
3.37599996	4.34116650	0.30013534
3.37999996	4.18061018	0.30013534
3.38399996	4.18061018	0.30013534
3.38799996	4.18061018	0.30013534
3.39199996	4.34116650	0.31594488
3.39599996	4.18061018	0.31594488
3.39999996	4.34116650	0.30013534
3.40399996	4.34116650	0.30013534
3.40799996	4.18061018	0.30013534
3.41199996	4.01943874	0.30013534
3.41599996	4.01943874	0.30013534
3.41999996	4.34116650	0.30013534
3.42399996	4.34116650	0.31594488
3.42799996	4.34116650	0.30013534
3.43199996	4.18061018	0.31594488
3.43599996	4.34116650	0.30013534
3.43999996	4.34116650	0.31594488
3.44399996	4.01943874	0.31594488
3.44799996	4.01943874	0.31594488
3.45199996	4.01943874	0.30013534
3.45599996	4.34116650	0.31594488
3.45999996	4.34116650	0.31594488
3.46399996	4.18061018	0.31594488
3.46799996	4.18061018	0.31594488
3.47199996	4.18061018	0.31594488
3.47599996	4.18061018	0.31594488
3.47999996	4.18061018	0.31594488
3.48399996	4.01943874	0.31594488
3.48799996	4.18061018	0.31594488
3.49199996	4.34116650	0.31594488
3.49599996	4.34116650	0.31594488
3.49999996	4.18061018	0.31594488
3.50399996	4.01943874	0.31594488
3.50799995	4.18061018	0.31594488
3.51199995	4.34116650	0.33175442
3.51599995	4.18061018	0.31594488
3.51999995	4.18061018	0.31594488
3.52399995	4.34116650	0.31594488
3.52799995	4.34116650	0.31594488
3.53199995	4.18061018	0.31594488
3.53599995	4.01943874	0.31594488
3.53999995	4.18061018	0.31594488
3.54399995	4.50233746	0.31594488
3.54799995	4.34116650	0.31594488
3.55199995	4.18061018	0.31594488
3.55599995	4.18061018	0.33175442
3.55999995	4.18061018	0.33175442
3.56399995	4.18061018	0.31594488
3.56799995	4.18061018	0.31594488
3.57199995	4.34116650	0.31594488
3.57599995	4.50233746	0.33175442
3.57999995	4.34116650	0.33175442
3.58399995	4.18061018	0.33175442
3.58799995	4.18061018	0.31594488
3.59199995	4.18061018	0.33175442
3.59599995	4.34116650	0.33175442
3.59999995	4.34116650	0.33175442
3.60399995	4.34116650	0.33175442
3.60799995	4.34116650	0.33175442
3.61199995	4.34116650	0.33175442
3.61599995	4.18061018	0.33175442
3.61999995	4.18061018	0.33175442
3.62399995	4.34116650	0.33175442
3.62799995	4.34116650	0.33175442
3.63199995	4.34116650	0.33175442
3.63599995	4.34116650	0.33175442
3.63999995	4.18061018	0.33175442
3.64399995	4.34116650	0.33175442
3.64799995	4.34116650	0.33175442
3.65199995	4.34116650	0.34756398
3.65599995	4.34116650	0.33175442
3.65999995	4.34116650	0.33175442
3.66399995	4.34116650	0.33175442
3.66799995	4.34116650	0.33175442
3.67199995	4.34116650	0.34756398
3.67599995	4.34116650	0.33175442
3.67999995	4.34116650	0.34756398
3.68399995	4.34116650	0.33175442
3.68799995	4.34116650	0.34756398
3.69199995	4.34116650	0.33175442
3.69599995	4.34116650	0.34756398
3.69999995	4.34116650	0.34756398
3.70399995	4.34116650	0.34756398
3.70799995	4.50233746	0.34756398
3.71199995	4.34116650	0.34756398
3.71599995	4.18061018	0.34756398
3.71999995	4.34116650	0.34756398
3.72399995	4.34116650	0.34756398
3.72799995	4.34116650	0.34756398
3.73199995	4.34116650	0.34756398
3.73599995	4.34116650	0.34756398
3.73999995	4.50233746	0.34756398
3.74399995	4.34116650	0.34756398
3.74799995	4.34116650	0.34756398
3.75199995	4.34116650	0.34756398
3.75599995	4.34116650	0.34756398
3.75999995	4.34116650	0.34756398
3.76399995	4.34116650	0.34756398
3.76799995	4.34116650	0.34756398
3.77199995	4.34116650	0.34756398
3.77599995	4.34116650	0.34756398
3.77999995	4.34116650	0.34756398
3.78399995	4.34116650	0.34756398
3.78799995	4.34116650	0.34756398
3.79199995	4.34116650	0.36337352
3.79599995	4.34116650	0.36337352
3.79999995	4.34116650	0.36337352
3.80399995	4.34116650	0.36337352
3.80799995	4.34116650	0.34756398
3.81199995	4.34116650	0.34756398
3.81599995	4.50233746	0.36337352
3.81999995	4.34116650	0.34756398
3.82399995	4.34116650	0.36337352
3.82799995	4.34116650	0.36337352
3.83199995	4.50233746	0.36337352
3.83599995	4.50233746	0.36337352
3.83999995	4.34116650	0.36337352
3.84399995	4.34116650	0.36337352
3.84799995	4.34116650	0.36337352
3.85199995	4.34116650	0.36337352
3.85599995	4.34116650	0.36337352
3.85999995	4.34116650	0.36337352
3.86399994	4.34116650	0.36337352
3.86799994	4.50233746	0.36337352
3.87199994	4.50233746	0.36337352
3.87599994	4.34116650	0.36337352
3.87999994	4.34116650	0.36337352
3.88399994	4.50233746	0.36337352
3.88799994	4.50233746	0.36337352
3.89199994	4.50233746	0.36337352
3.89599994	4.34116650	0.36337352
3.89999994	4.34116650	0.36337352
3.90399994	4.34116650	0.36337352
3.90799994	4.34116650	0.36337352
3.91199994	4.34116650	0.36337352
3.91599994	4.34116650	0.36337352
3.91999994	4.50233746	0.37918308
3.92399994	4.50233746	0.37918308
3.92799994	4.34116650	0.37918308
3.93199994	4.18061018	0.36337352
3.93599994	4.34116650	0.36337352
3.93999994	4.50233746	0.36337352
3.94399994	4.50233746	0.37918308
3.94799994	4.50233746	0.37918308
3.95199994	4.50233746	0.37918308
3.95599994	4.50233746	0.37918308
3.95999994	4.34116650	0.37918308
3.96399994	4.34116650	0.36337352
3.96799994	4.50233746	0.37918308
3.97199994	4.50233746	0.37918308
3.97599994	4.50233746	0.37918308
3.97999994	4.34116650	0.37918308
3.98399994	4.34116650	0.37918308
3.98799994	4.34116650	0.37918308
3.99199994	4.50233746	0.37918308
3.99599994	4.50233746	0.37918308
3.99999994	4.50233746	0.37918308
4.00399994	4.66289377	0.37918308
4.00799994	4.66289377	0.37918308
4.01199994	4.34116650	0.37918308
4.01599994	4.18061018	0.37918308
4.01999994	4.34116650	0.37918308
4.02399994	4.66289377	0.37918308
4.02799994	4.66289377	0.39493111
4.03199994	4.50233746	0.37918308
4.03599994	4.34116650	0.37918308
4.03999994	4.34116650	0.37918308
4.04399994	4.34116650	0.37918308
4.04799994	4.34116650	0.37918308
4.05199994	4.50233746	0.37918308
4.05599994	4.66289377	0.39493111
4.05999994	4.66289377	0.39493111
4.06399994	4.50233746	0.39493111
4.06799994	4.34116650	0.37918308
4.07199994	4.34116650	0.37918308
4.07599994	4.50233746	0.37918308
4.07999994	4.66289377	0.39493111
4.08399994	4.66289377	0.39493111
4.08799994	4.50233746	0.39493111
4.09199994	4.34116650	0.39493111
4.09599994	4.34116650	0.39493111
4.09999994	4.34116650	0.37918308
4.10399994	4.50233746	0.39493111
4.10799994	4.82344961	0.39493111
4.11199994	4.66289377	0.39493111
4.11599994	4.50233746	0.39493111
4.11999994	4.34116650	0.39493111
4.12399994	4.34116650	0.39493111
4.12799994	4.50233746	0.39493111
4.13199994	4.66289377	0.39493111
4.13599994	4.66289377	0.39493111
4.13999994	4.66289377	0.39493111
4.14399994	4.50233746	0.39493111
4.14799994	4.34116650	0.39493111
4.15199994	4.34116650	0.39493111
4.15599994	4.50233746	0.39493111
4.15999994	4.66289377	0.39493111
4.16399994	4.82344961	0.39493111
4.16799994	4.66289377	0.41074064
4.17199994	4.50233746	0.39493111
4.17599994	4.18061018	0.39493111
4.17999994	4.34116650	0.39493111
4.18399994	4.50233746	0.41074064
4.18799994	4.66289377	0.41074064
4.19199994	4.66289377	0.41074064
4.19599994	4.50233746	0.39493111
4.19999994	4.50233746	0.39493111
4.20399994	4.50233746	0.39493111
4.20799994	4.50233746	0.41074064
4.21199994	4.50233746	0.41074064
4.21599993	4.66289377	0.41074064
4.21999993	4.66289377	0.41074064
4.22399993	4.66289377	0.41074064
4.22799993	4.50233746	0.39493111
4.23199993	4.50233746	0.41074064
4.23599993	4.50233746	0.41074064
4.23999993	4.50233746	0.41074064
4.24399993	4.66289377	0.41074064
4.24799993	4.82344961	0.41074064
4.25199993	4.66289377	0.41074064
4.25599993	4.50233746	0.41074064
4.25999993	4.34116650	0.41074064
4.26399993	4.50233746	0.41074064
4.26799993	4.66289377	0.41074064
4.27199993	4.66289377	0.41074064
4.27599993	4.66289377	0.41074064
4.27999993	4.66289377	0.41074064
4.28399993	4.50233746	0.41074064
4.28799993	4.50233746	0.41074064
4.29199993	4.50233746	0.41074064
4.29599993	4.66289377	0.41074064
4.29999993	4.66289377	0.41074064
4.30399993	4.66289377	0.42655021
4.30799993	4.50233746	0.41074064
4.31199993	4.50233746	0.41074064
4.31599993	4.66289377	0.41074064
4.31999993	4.66289377	0.41074064
4.32399993	4.66289377	0.41074064
4.32799993	4.66289377	0.42655021
4.33199993	4.66289377	0.41074064
4.33599993	4.66289377	0.42655021
4.33999993	4.50233746	0.41074064
4.34399993	4.50233746	0.41074064
4.34799993	4.66289377	0.41074064
4.35199993	4.82344961	0.42655021
4.35599993	4.66289377	0.42655021
4.35999993	4.50233746	0.42655021
4.36399993	4.50233746	0.42655021
4.36799993	4.66289377	0.42655021
4.37199993	4.66289377	0.42655021
4.37599993	4.66289377	0.42655021
4.37999993	4.50233746	0.42655021
4.38399993	4.66289377	0.42655021
4.38799993	4.66289377	0.42655021
4.39199993	4.50233746	0.42655021
4.39599993	4.50233746	0.42655021
4.39999993	4.50233746	0.42655021
4.40399993	4.66289377	0.42655021
4.40799993	4.66289377	0.42655021
4.41199993	4.66289377	0.42655021
4.41599993	4.50233746	0.42655021
4.41999993	4.50233746	0.42655021
4.42399993	4.66289377	0.42655021
4.42799993	4.66289377	0.42655021
4.43199993	4.66289377	0.42655021
4.43599993	4.50233746	0.42655021
4.43999993	4.50233746	0.42655021
4.44399993	4.66289377	0.42655021
4.44799993	4.66289377	0.42655021
4.45199993	4.50233746	0.42655021
4.45599993	4.50233746	0.42655021
4.45999993	4.50233746	0.42655021
4.46399993	4.66289377	0.44235975
4.46799993	4.66289377	0.42655021
4.47199993	4.66289377	0.44235975
4.47599993	4.66289377	0.44235975
4.47999993	4.66289377	0.44235975
4.48399993	4.50233746	0.44235975
4.48799993	4.50233746	0.44235975
4.49199993	4.50233746	0.42655021
4.49599993	4.66289377	0.44235975
4.49999993	4.66289377	0.44235975
4.50399993	4.66289377	0.44235975
4.50799993	4.66289377	0.44235975
4.51199993	4.66289377	0.44235975
4.51599993	4.50233746	0.44235975
4.51999993	4.50233746	0.44235975
4.52399993	4.50233746	0.44235975
4.52799993	4.66289377	0.44235975
4.53199993	4.66289377	0.44235975
4.53599993	4.66289377	0.44235975
4.53999993	4.66289377	0.44235975
4.54399993	4.66289377	0.44235975
4.54799993	4.66289377	0.44235975
4.55199993	4.50233746	0.44235975
4.55599993	4.50233746	0.44235975
4.55999993	4.50233746	0.44235975
4.56399993	4.66289377	0.44235975
4.56799992	4.66289377	0.44235975
4.57199992	4.66289377	0.44235975
4.57599992	4.50233746	0.44235975
4.57999992	4.50233746	0.44235975
4.58399992	4.66289377	0.44235975
4.58799992	4.66289377	0.44235975
4.59199992	4.66289377	0.44235975
4.59599992	4.66289377	0.44235975
4.59999992	4.66289377	0.45816928
4.60399992	4.66289377	0.44235975
4.60799992	4.50233746	0.45816928
4.61199992	4.50233746	0.45816928
4.61599992	4.66289377	0.45816928
4.61999992	4.82344961	0.45816928
4.62399992	4.82344961	0.45816928
4.62799992	4.50233746	0.45816928
4.63199992	4.34116650	0.45816928
4.63599992	4.50233746	0.45816928
4.63999992	4.66289377	0.45816928
4.64399992	4.82344961	0.45816928
4.64799992	4.82344961	0.45816928
4.65199992	4.66289377	0.45816928
4.65599992	4.50233746	0.45816928
4.65999992	4.50233746	0.45816928
4.66399992	4.50233746	0.45816928
4.66799992	4.66289377	0.45816928
4.67199992	4.66289377	0.45816928
4.67599992	4.66289377	0.45816928
4.67999992	4.66289377	0.45816928
4.68399992	4.50233746	0.45816928
4.68799992	4.66289377	0.45816928
4.69199992	4.66289377	0.45816928
4.69599992	4.66289377	0.45816928
4.69999992	4.66289377	0.45816928
4.70399992	4.66289377	0.45816928
4.70799992	4.66289377	0.45816928
4.71199992	4.66289377	0.45816928
4.71599992	4.50233746	0.45816928
4.71999992	4.50233746	0.45816928
4.72399992	4.66289377	0.45816928
4.72799992	4.66289377	0.45816928
4.73199992	4.50233746	0.45816928
4.73599992	4.50233746	0.45816928
4.73999992	4.66289377	0.47397885
4.74399992	4.66289377	0.47397885
4.74799992	4.50233746	0.47397885
4.75199992	4.50233746	0.45816928
4.75599992	4.50233746	0.47397885
4.75999992	4.66289377	0.47397885
4.76399992	4.66289377	0.47397885
4.76799992	4.50233746	0.47397885
4.77199992	4.66289377	0.47397885
4.77599992	4.66289377	0.47397885
4.77999992	4.66289377	0.47397885
4.78399992	4.50233746	0.47397885
4.78799992	4.50233746	0.47397885
4.79199992	4.66289377	0.47397885
4.79599992	4.66289377	0.47397885
4.79999992	4.66289377	0.47397885
4.80399992	4.50233746	0.47397885
4.80799992	4.50233746	0.47397885
4.81199992	4.66289377	0.47397885
4.81599992	4.66289377	0.47397885
4.81999992	4.66289377	0.47397885
4.82399992	4.66289377	0.47397885
4.82799992	4.66289377	0.47397885
4.83199992	4.50233746	0.47397885
4.83599992	4.50233746	0.47397885
4.83999992	4.66289377	0.47397885
4.84399992	4.66289377	0.47397885
4.84799992	4.66289377	0.47397885
4.85199992	4.50233746	0.47397885
4.85599992	4.50233746	0.47397885
4.85999992	4.66289377	0.47397885
4.86399992	4.66289377	0.47397885
4.86799992	4.66289377	0.48972687
4.87199992	4.66289377	0.48972687
4.87599992	4.50233746	0.48972687
4.87999992	4.50233746	0.47397885
4.88399992	4.66289377	0.47397885
4.88799992	4.66289377	0.48972687
4.89199992	4.66289377	0.48972687
4.89599992	4.66289377	0.48972687
4.89999992	4.82344961	0.48972687
4.90399992	4.66289377	0.48972687
4.90799992	4.50233746	0.47397885
4.91199992	4.50233746	0.47397885
4.91599992	4.66289377	0.48972687
4.91999992	4.82344961	0.48972687
4.92399991	4.66289377	0.48972687
4.92799991	4.50233746	0.48972687
4.93199991	4.50233746	0.48972687
4.93599991	4.66289377	0.48972687
4.93999991	4.66289377	0.48972687
4.94399991	4.66289377	0.48972687
4.94799991	4.66289377	0.48972687
4.95199991	4.66289377	0.48972687
4.95599991	4.66289377	0.48972687
4.95999991	4.66289377	0.48972687
4.96399991	4.66289377	0.48972687
4.96799991	4.66289377	0.48972687
4.97199991	4.66289377	0.48972687
4.97599991	4.66289377	0.48972687
4.97999991	4.66289377	0.48972687
4.98399991	4.66289377	0.48972687
4.98799991	4.66289377	0.48972687
4.99199991	4.66289377	0.50553644
4.99599991	4.50233746	0.48972687
4.99999991	4.50233746	0.48972687
5.00399991	4.50233746	0.48972687
5.00799991	4.66289377	0.48972687
5.01199991	4.66289377	0.48972687
5.01599991	4.66289377	0.50553644
5.01999991	4.82344961	0.48972687
5.02399991	4.66289377	0.50553644
5.02799991	4.50233746	0.50553644
5.03199991	4.50233746	0.50553644
5.03599991	4.66289377	0.48972687
5.03999991	4.82344961	0.50553644
5.04399991	4.66289377	0.50553644
5.04799991	4.66289377	0.50553644
5.05199991	4.66289377	0.48972687
5.05599991	4.66289377	0.50553644
5.05999991	4.50233746	0.50553644
5.06399991	4.50233746	0.50553644
5.06799991	4.66289377	0.50553644
5.07199991	4.66289377	0.50553644
5.07599991	4.66289377	0.50553644
5.07999991	4.50233746	0.50553644
5.08399991	4.50233746	0.50553644
5.08799991	4.66289377	0.50553644
5.09199991	4.66289377	0.50553644
5.09599991	4.66289377	0.50553644
5.09999991	4.66289377	0.50553644
5.10399991	4.66289377	0.50553644
5.10799991	4.66289377	0.50553644
5.11199991	4.66289377	0.50553644
5.11599991	4.66289377	0.50553644
5.11999991	4.66289377	0.50553644
5.12399991	4.66289377	0.50553644
5.12799991	4.66289377	0.50553644
5.13199991	4.50233746	0.50553644
5.13599991	4.50233746	0.50553644
5.13999991	4.66289377	0.50553644
5.14399991	4.66289377	0.52134597
5.14799991	4.66289377	0.50553644
5.15199991	4.66289377	0.50553644
5.15599991	4.66289377	0.50553644
5.15999991	4.66289377	0.50553644
5.16399991	4.66289377	0.50553644
5.16799991	4.66289377	0.52134597
5.17199991	4.66289377	0.50553644
5.17599991	4.66289377	0.52134597
5.17999991	4.66289377	0.52134597
5.18399991	4.66289377	0.52134597
5.18799991	4.66289377	0.52134597
5.19199991	4.66289377	0.52134597
5.19599991	4.50233746	0.52134597
5.19999991	4.66289377	0.52134597
5.20399991	4.82344961	0.52134597
5.20799991	4.82344961	0.52134597
5.21199991	4.66289377	0.52134597
5.21599991	4.50233746	0.52134597
5.21999991	4.50233746	0.52134597
5.22399991	4.66289377	0.52134597
5.22799991	4.66289377	0.52134597
5.23199991	4.66289377	0.52134597
5.23599991	4.66289377	0.52134597
5.23999991	4.66289377	0.52134597
5.24399991	4.50233746	0.52134597
5.24799991	4.50233746	0.52134597
5.25199991	4.66289377	0.52134597
5.25599991	4.82344961	0.52134597
5.25999991	4.66289377	0.52134597
5.26399991	4.66289377	0.52134597
5.26799991	4.66289377	0.52134597
5.27199991	4.66289377	0.52134597
5.27599990	4.66289377	0.52134597
5.27999990	4.66289377	0.52134597
5.28399990	4.82344961	0.52134597
5.28799990	4.82344961	0.52134597
5.29199990	4.66289377	0.52134597
5.29599990	4.50233746	0.52134597
5.29999990	4.66289377	0.52134597
5.30399990	4.82344961	0.53715551
5.30799990	4.82344961	0.53715551
5.31199990	4.82344961	0.53715551
5.31599990	4.66289377	0.53715551
5.31999990	4.66289377	0.52134597
5.32399990	4.66289377	0.52134597
5.32799990	4.66289377	0.52134597
5.33199990	4.66289377	0.53715551
5.33599990	4.82344961	0.53715551
5.33999990	4.66289377	0.53715551
5.34399990	4.66289377	0.53715551
5.34799990	4.66289377	0.52134597
5.35199990	4.66289377	0.53715551
5.35599990	4.66289377	0.53715551
5.35999990	4.82344961	0.53715551
5.36399990	4.82344961	0.53715551
5.36799990	4.82344961	0.53715551
5.37199990	4.66289377	0.53715551
5.37599990	4.66289377	0.53715551
5.37999990	4.82344961	0.53715551
5.38399990	4.82344961	0.53715551
5.38799990	4.66289377	0.53715551
5.39199990	4.66289377	0.53715551
5.39599990	4.66289377	0.53715551
5.39999990	4.82344961	0.53715551
5.40399990	4.66289377	0.53715551
5.40799990	4.82344961	0.53715551
5.41199990	4.66289377	0.53715551
5.41599990	4.66289377	0.53715551
5.41999990	4.66289377	0.53715551
5.42399990	4.66289377	0.53715551
5.42799990	4.82344961	0.53715551
5.43199990	4.82344961	0.53715551
5.43599990	4.82344961	0.53715551
5.43999990	4.82344961	0.53715551
5.44399990	4.66289377	0.53715551
5.44799990	4.82344961	0.53715551
5.45199990	4.66289377	0.53715551
5.45599990	4.66289377	0.53715551
5.45999990	4.66289377	0.53715551
5.46399990	4.66289377	0.55296504
5.46799990	4.82344961	0.53715551
5.47199990	4.82344961	0.53715551
5.47599990	4.82344961	0.55296504
5.47999990	4.66289377	0.55296504
5.48399990	4.66289377	0.55296504
5.48799990	4.66289377	0.55296504
5.49199990	4.66289377	0.55296504
5.49599990	4.82344961	0.55296504
5.49999990	4.82344961	0.55296504
5.50399990	4.66289377	0.55296504
5.50799990	4.66289377	0.55296504
5.51199990	4.66289377	0.55296504
5.51599990	4.66289377	0.55296504
5.51999990	4.82344961	0.55296504
5.52399990	4.82344961	0.55296504
5.52799990	4.82344961	0.55296504
5.53199990	4.66289377	0.55296504
5.53599990	4.66289377	0.55296504
5.53999990	4.66289377	0.55296504
5.54399990	4.82344961	0.55296504
5.54799990	4.82344961	0.55296504
5.55199990	4.82344961	0.55296504
5.55599990	4.66289377	0.55296504
5.55999990	4.66289377	0.55296504
5.56399990	4.66289377	0.55296504
5.56799990	4.82344961	0.55296504
5.57199990	4.82344961	0.55296504
5.57599990	4.82344961	0.55296504
5.57999990	4.66289377	0.55296504
5.58399990	4.66289377	0.55296504
5.58799990	4.66289377	0.55296504
5.59199990	4.66289377	0.55296504
5.59599990	4.82344961	0.55296504
5.59999990	4.82344961	0.55296504
5.60399990	4.82344961	0.56877458
5.60799990	4.66289377	0.55296504
5.61199990	4.66289377	0.55296504
5.61599990	4.66289377	0.55296504
5.61999990	4.82344961	0.56877458
5.62399990	4.82344961	0.56877458
5.62799990	4.82344961	0.55296504
5.63199989	4.82344961	0.56877458
5.63599989	4.82344961	0.56877458
5.63999989	4.66289377	0.55296504
5.64399989	4.66289377	0.55296504
5.64799989	4.66289377	0.56877458
5.65199989	4.98462105	0.56877458
5.65599989	4.82344961	0.56877458
5.65999989	4.66289377	0.56877458
5.66399989	4.66289377	0.56877458
5.66799989	4.66289377	0.56877458
5.67199989	4.82344961	0.56877458
5.67599989	4.66289377	0.56877458
5.67999989	4.66289377	0.56877458
5.68399989	4.82344961	0.56877458
5.68799989	4.82344961	0.56877458
5.69199989	4.82344961	0.56877458
5.69599989	4.66289377	0.56877458
5.69999989	4.66289377	0.56877458
5.70399989	4.82344961	0.56877458
5.70799989	4.82344961	0.56877458
5.71199989	4.82344961	0.56877458
5.71599989	4.66289377	0.56877458
5.71999989	4.66289377	0.56877458
5.72399989	4.82344961	0.56877458
5.72799989	4.82344961	0.56877458
5.73199989	4.66289377	0.56877458
5.73599989	4.82344961	0.56877458
5.73999989	4.82344961	0.56877458
5.74399989	4.82344961	0.56877458
5.74799989	4.66289377	0.56877458
5.75199989	4.66289377	0.56877458
5.75599989	4.66289377	0.56877458
5.75999989	4.82344961	0.56877458
5.76399989	4.66289377	0.58452266
5.76799989	4.66289377	0.56877458
5.77199989	4.82344961	0.56877458
5.77599989	4.82344961	0.58452266
5.77999989	4.66289377	0.58452266
5.78399989	4.66289377	0.56877458
5.78799989	4.66289377	0.58452266
5.79199989	4.82344961	0.58452266
5.79599989	4.82344961	0.56877458
5.79999989	4.82344961	0.58452266
5.80399989	4.82344961	0.58452266
5.80799989	4.82344961	0.58452266
5.81199989	4.82344961	0.58452266
5.81599989	4.66289377	0.58452266
5.81999989	4.66289377	0.58452266
5.82399989	4.82344961	0.58452266
5.82799989	4.82344961	0.58452266
5.83199989	4.82344961	0.58452266
5.83599989	4.66289377	0.58452266
5.83999989	4.66289377	0.58452266
5.84399989	4.82344961	0.58452266
5.84799989	4.82344961	0.58452266
5.85199989	4.82344961	0.58452266
5.85599989	4.82344961	0.58452266
5.85999989	4.82344961	0.58452266
5.86399989	4.66289377	0.58452266
5.86799989	4.66289377	0.58452266
5.87199989	4.66289377	0.58452266
5.87599989	4.82344961	0.58452266
5.87999989	4.82344961	0.58452266
5.88399989	4.66289377	0.58452266
5.88799989	4.66289377	0.58452266
5.89199989	4.82344961	0.58452266
5.89599989	4.82344961	0.58452266
5.89999989	4.66289377	0.58452266
5.90399989	4.66289377	0.58452266
5.90799989	4.66289377	0.58452266
5.91199989	4.82344961	0.58452266
5.91599989	4.82344961	0.58452266
5.91999989	4.66289377	0.58452266
5.92399989	4.66289377	0.58452266
5.92799989	4.66289377	0.58452266
5.93199989	4.82344961	0.58452266
5.93599989	4.66289377	0.58452266
5.93999989	4.66289377	0.58452266
5.94399989	4.82344961	0.60033220
5.94799989	4.82344961	0.60033220
5.95199989	4.66289377	0.60033220
5.95599989	4.66289377	0.58452266
5.95999989	4.66289377	0.58452266
5.96399989	4.82344961	0.60033220
5.96799989	4.82344961	0.60033220
5.97199989	4.82344961	0.60033220
5.97599989	4.82344961	0.60033220
5.97999989	4.82344961	0.60033220
5.98399988	4.66289377	0.60033220
5.98799988	4.66289377	0.60033220
5.99199988	4.82344961	0.60033220
5.99599988	4.82344961	0.60033220
5.99999988	4.82344961	0.60033220
6.00399988	4.82344961	0.60033220
6.00799988	4.66289377	0.60033220
6.01199988	4.66289377	0.60033220
6.01599988	4.66289377	0.60033220
6.01999988	4.82344961	0.60033220
6.02399988	4.82344961	0.60033220
6.02799988	4.82344961	0.60033220
6.03199988	4.82344961	0.60033220
6.03599988	4.66289377	0.60033220
6.03999988	4.66289377	0.60033220
6.04399988	4.66289377	0.60033220
6.04799988	4.82344961	0.60033220
6.05199988	4.82344961	0.60033220
6.05599988	4.66289377	0.60033220
6.05999988	4.66289377	0.60033220
6.06399988	4.82344961	0.60033220
6.06799988	4.82344961	0.60033220
6.07199988	4.82344961	0.60033220
6.07599988	4.82344961	0.60033220
6.07999988	4.66289377	0.60033220
6.08399988	4.82344961	0.60033220
6.08799988	4.82344961	0.60033220
6.09199988	4.82344961	0.60033220
6.09599988	4.82344961	0.60033220
6.09999988	4.82344961	0.60033220
6.10399988	4.82344961	0.61614174
6.10799988	4.66289377	0.61614174
6.11199988	4.66289377	0.60033220
6.11599988	4.82344961	0.60033220
6.11999988	4.82344961	0.61614174
6.12399988	4.82344961	0.61614174
6.12799988	4.82344961	0.61614174
6.13199988	4.82344961	0.61614174
6.13599988	4.82344961	0.61614174
6.13999988	4.82344961	0.61614174
6.14399988	4.82344961	0.61614174
6.14799988	4.82344961	0.61614174
6.15199988	4.82344961	0.61614174
6.15599988	4.82344961	0.61614174
6.15999988	4.66289377	0.61614174
6.16399988	4.66289377	0.61614174
6.16799988	4.66289377	0.61614174
6.17199988	4.82344961	0.61614174
6.17599988	4.82344961	0.61614174
6.17999988	4.82344961	0.61614174
6.18399988	4.66289377	0.61614174
6.18799988	4.66289377	0.61614174
6.19199988	4.66289377	0.61614174
6.19599988	4.66289377	0.61614174
6.19999988	4.82344961	0.61614174
6.20399988	4.82344961	0.61614174
6.20799988	4.82344961	0.61614174
6.21199988	4.66289377	0.61614174
6.21599988	4.66289377	0.61614174
6.21999988	4.66289377	0.61614174
6.22399988	4.82344961	0.61614174
6.22799988	4.82344961	0.61614174
6.23199988	4.82344961	0.61614174
6.23599988	4.82344961	0.61614174
6.23999988	4.82344961	0.61614174
6.24399988	4.66289377	0.61614174
6.24799988	4.66289377	0.61614174
6.25199988	4.82344961	0.61614174
6.25599988	4.82344961	0.61614174
6.25999988	4.82344961	0.61614174
6.26399988	4.82344961	0.61614174
6.26799988	4.66289377	0.61614174
6.27199988	4.66289377	0.61614174
6.27599988	4.66289377	0.61614174
6.27999988	4.82344961	0.61614174
6.28399988	4.82344961	0.61614174
6.28799988	4.82344961	0.63195127
6.29199988	4.82344961	0.61614174
6.29599988	4.82344961	0.63195127
6.29999988	4.66289377	0.61614174
6.30399988	4.66289377	0.63195127
6.30799988	4.82344961	0.63195127
6.31199988	4.98462105	0.63195127
6.31599988	4.82344961	0.63195127
6.31999988	4.82344961	0.63195127
6.32399988	4.82344961	0.63195127
6.32799988	4.82344961	0.63195127
6.33199988	4.82344961	0.61614174
6.33599987	4.82344961	0.63195127
6.33999987	4.82344961	0.63195127
6.34399987	4.82344961	0.63195127
6.34799987	4.82344961	0.63195127
6.35199987	4.82344961	0.63195127
6.35599987	4.82344961	0.63195127
6.35999987	4.82344961	0.63195127
6.36399987	4.82344961	0.63195127
6.36799987	4.82344961	0.63195127
6.37199987	4.82344961	0.63195127
6.37599987	4.82344961	0.63195127
6.37999987	4.82344961	0.63195127
6.38399987	4.82344961	0.63195127
6.38799987	4.82344961	0.63195127
6.39199987	4.82344961	0.63195127
6.39599987	4.82344961	0.63195127
6.39999987	4.82344961	0.63195127
6.40399987	4.82344961	0.63195127
6.40799987	4.82344961	0.63195127
6.41199987	4.82344961	0.63195127
6.41599987	4.82344961	0.63195127
6.41999987	4.82344961	0.63195127
6.42399987	4.82344961	0.63195127
6.42799987	4.66289377	0.63195127
6.43199987	4.82344961	0.63195127
6.43599987	4.82344961	0.63195127
6.43999987	4.82344961	0.63195127
6.44399987	4.82344961	0.63195127
6.44799987	4.82344961	0.63195127
6.45199987	4.82344961	0.63195127
6.45599987	4.82344961	0.63195127
6.45999987	4.82344961	0.63195127
6.46399987	4.82344961	0.64776081
6.46799987	4.82344961	0.64776081
6.47199987	4.82344961	0.64776081
6.47599987	4.66289377	0.64776081
6.47999987	4.66289377	0.63195127
6.48399987	4.82344961	0.63195127
6.48799987	4.82344961	0.64776081
6.49199987	4.82344961	0.64776081
6.49599987	4.82344961	0.64776081
6.49999987	4.66289377	0.64776081
6.50399987	4.66289377	0.63195127
6.50799987	4.82344961	0.63195127
6.51199987	4.82344961	0.64776081
6.51599987	4.98462105	0.64776081
6.51999987	4.82344961	0.64776081
6.52399987	4.82344961	0.64776081
6.52799987	4.82344961	0.64776081
6.53199987	4.66289377	0.64776081
6.53599987	4.82344961	0.64776081
6.53999987	4.82344961	0.64776081
6.54399987	4.98462105	0.64776081
6.54799987	4.82344961	0.64776081
6.55199987	4.82344961	0.64776081
6.55599987	4.66289377	0.64776081
6.55999987	4.66289377	0.64776081
6.56399987	4.82344961	0.64776081
6.56799987	4.98462105	0.64776081
6.57199987	4.98462105	0.64776081
6.57599987	4.82344961	0.64776081
6.57999987	4.82344961	0.64776081
6.58399987	4.66289377	0.64776081
6.58799987	4.82344961	0.64776081
6.59199987	4.82344961	0.64776081
6.59599987	4.82344961	0.64776081
6.59999987	4.82344961	0.64776081
6.60399987	4.82344961	0.64776081
6.60799987	4.82344961	0.64776081
6.61199987	4.66289377	0.64776081
6.61599987	4.66289377	0.64776081
6.61999987	4.82344961	0.64776081
6.62399987	4.98462105	0.64776081
6.62799987	4.82344961	0.64776081
6.63199987	4.82344961	0.64776081
6.63599987	4.82344961	0.64776081
6.63999987	4.82344961	0.64776081
6.64399987	4.82344961	0.64776081
6.64799987	4.82344961	0.64776081
6.65199987	4.82344961	0.64776081
6.65599987	4.82344961	0.66357034
6.65999987	4.82344961	0.64776081
6.66399987	4.66289377	0.64776081
6.66799987	4.66289377	0.64776081
6.67199987	4.82344961	0.64776081
6.67599987	4.98462105	0.66357034
6.67999987	4.98462105	0.66357034
6.68399987	4.82344961	0.66357034
6.68799987	4.82344961	0.66357034
6.69199986	4.66289377	0.66357034
6.69599986	4.66289377	0.66357034
6.69999986	4.82344961	0.66357034
6.70399986	4.98462105	0.66357034
6.70799986	4.98462105	0.66357034
6.71199986	4.82344961	0.66357034
6.71599986	4.66289377	0.66357034
6.71999986	4.66289377	0.66357034
6.72399986	4.82344961	0.66357034
6.72799986	4.98462105	0.66357034
6.73199986	4.82344961	0.66357034
6.73599986	4.82344961	0.66357034
6.73999986	4.82344961	0.66357034
6.74399986	4.82344961	0.66357034
6.74799986	4.66289377	0.66357034
6.75199986	4.82344961	0.66357034
6.75599986	4.98462105	0.66357034
6.75999986	4.98462105	0.66357034
6.76399986	4.82344961	0.66357034
6.76799986	4.82344961	0.66357034
6.77199986	4.66289377	0.66357034
6.77599986	4.66289377	0.66357034
6.77999986	4.82344961	0.66357034
6.78399986	4.82344961	0.66357034
6.78799986	4.98462105	0.66357034
6.79199986	4.82344961	0.66357034
6.79599986	4.82344961	0.66357034
6.79999986	4.66289377	0.66357034
6.80399986	4.82344961	0.66357034
6.80799986	4.82344961	0.66357034
6.81199986	4.82344961	0.66357034
6.81599986	4.98462105	0.66357034
6.81999986	4.82344961	0.66357034
6.82399986	4.82344961	0.66357034
6.82799986	4.66289377	0.66357034
6.83199986	4.66289377	0.66357034
6.83599986	4.82344961	0.66357034
6.83999986	4.82344961	0.66357034
6.84399986	4.82344961	0.67931843
6.84799986	4.82344961	0.66357034
6.85199986	4.82344961	0.66357034
6.85599986	4.82344961	0.66357034
6.85999986	4.82344961	0.66357034
6.86399986	4.82344961	0.67931843
6.86799986	4.82344961	0.67931843
6.87199986	4.82344961	0.67931843
6.87599986	4.82344961	0.67931843
6.87999986	4.82344961	0.67931843
6.88399986	4.82344961	0.67931843
6.88799986	4.82344961	0.67931843
6.89199986	4.82344961	0.67931843
6.89599986	4.82344961	0.67931843
6.89999986	4.82344961	0.67931843
6.90399986	4.82344961	0.67931843
6.90799986	4.82344961	0.67931843
6.91199986	4.82344961	0.67931843
6.91599986	4.82344961	0.67931843
6.91999986	4.82344961	0.67931843
6.92399986	4.82344961	0.67931843
6.92799986	4.82344961	0.67931843
6.93199986	4.82344961	0.67931843
6.93599986	4.82344961	0.67931843
6.93999986	4.82344961	0.67931843
6.94399986	4.82344961	0.67931843
6.94799986	4.82344961	0.67931843
6.95199986	4.82344961	0.67931843
6.95599986	4.82344961	0.67931843
6.95999986	4.82344961	0.67931843
6.96399986	4.82344961	0.67931843
6.96799986	4.82344961	0.67931843
6.97199986	4.82344961	0.67931843
6.97599986	4.82344961	0.67931843
6.97999986	4.82344961	0.67931843
6.98399986	4.82344961	0.67931843
6.98799986	4.82344961	0.67931843
6.99199986	4.82344961	0.67931843
6.99599986	4.82344961	0.67931843
6.99999986	4.82344961	0.67931843
7.00399986	4.82344961	0.67931843
7.00799986	4.82344961	0.67931843
7.01199986	4.82344961	0.67931843
7.01599986	4.82344961	0.67931843
7.01999986	4.82344961	0.67931843
7.02399986	4.82344961	0.67931843
7.02799986	4.98462105	0.67931843
7.03199986	4.98462105	0.69512796
7.03599986	4.82344961	0.67931843
7.03999986	4.82344961	0.67931843
7.04399985	4.82344961	0.67931843
7.04799985	4.82344961	0.67931843
7.05199985	4.82344961	0.67931843
7.05599985	4.98462105	0.69512796
7.05999985	4.82344961	0.67931843
7.06399985	4.82344961	0.67931843
7.06799985	4.82344961	0.67931843
7.07199985	4.82344961	0.67931843
7.07599985	4.82344961	0.69512796
7.07999985	4.98462105	0.69512796
7.08399985	4.98462105	0.69512796
7.08799985	4.82344961	0.69512796
7.09199985	4.82344961	0.67931843
7.09599985	4.66289377	0.67931843
7.09999985	4.82344961	0.69512796
7.10399985	4.82344961	0.69512796
7.10799985	4.98462105	0.69512796
7.11199985	4.98462105	0.69512796
7.11599985	4.82344961	0.69512796
7.11999985	4.82344961	0.69512796
7.12399985	4.82344961	0.69512796
7.12799985	4.82344961	0.69512796
7.13199985	4.82344961	0.69512796
7.13599985	4.82344961	0.69512796
7.13999985	4.98462105	0.69512796
7.14399985	4.98462105	0.69512796
7.14799985	4.82344961	0.69512796
7.15199985	4.82344961	0.69512796
7.15599985	4.82344961	0.69512796
7.15999985	4.82344961	0.69512796
7.16399985	4.82344961	0.69512796
7.16799985	4.98462105	0.69512796
7.17199985	4.82344961	0.69512796
7.17599985	4.82344961	0.69512796
7.17999985	4.82344961	0.69512796
7.18399985	4.82344961	0.69512796
7.18799985	4.82344961	0.69512796
7.19199985	4.98462105	0.69512796
7.19599985	4.98462105	0.69512796
7.19999985	4.82344961	0.69512796
7.20399985	4.82344961	0.69512796
7.20799985	4.82344961	0.69512796
7.21199985	4.82344961	0.69512796
7.21599985	4.82344961	0.69512796
7.21999985	4.82344961	0.69512796
7.22399985	4.98462105	0.69512796
7.22799985	4.98462105	0.69512796
7.23199985	4.82344961	0.69512796
7.23599985	4.82344961	0.69512796
7.23999985	4.82344961	0.69512796
7.24399985	4.82344961	0.69512796
7.24799985	4.82344961	0.69512796
7.25199985	4.98462105	0.69512796
7.25599985	4.98462105	0.69512796
7.25999985	4.98462105	0.69512796
7.26399985	4.82344961	0.69512796
7.26799985	4.82344961	0.69512796
7.27199985	4.82344961	0.69512796
7.27599985	4.98462105	0.69512796
7.27999985	4.98462105	0.71093750
7.28399985	4.82344961	0.71093750
7.28799985	4.82344961	0.71093750
7.29199985	4.82344961	0.71093750
7.29599985	4.82344961	0.69512796
7.29999985	4.82344961	0.71093750
7.30399985	4.82344961	0.71093750
7.30799985	4.98462105	0.71093750
7.31199985	4.98462105	0.71093750
7.31599985	4.82344961	0.71093750
7.31999985	4.82344961	0.71093750
7.32399985	4.82344961	0.71093750
7.32799985	4.82344961	0.71093750
7.33199985	4.98462105	0.71093750
7.33599985	4.98462105	0.71093750
7.33999985	4.82344961	0.71093750
7.34399985	4.82344961	0.71093750
7.34799985	4.82344961	0.71093750
7.35199985	4.82344961	0.71093750
7.35599985	4.82344961	0.71093750
7.35999985	4.82344961	0.71093750
7.36399985	4.98462105	0.71093750
7.36799985	4.98462105	0.71093750
7.37199985	4.82344961	0.71093750
7.37599985	4.82344961	0.71093750
7.37999985	4.82344961	0.71093750
7.38399985	4.98462105	0.71093750
7.38799985	4.98462105	0.71093750
7.39199985	4.98462105	0.71093750
7.39599985	4.98462105	0.71093750
7.39999984	4.82344961	0.71093750
7.40399984	4.82344961	0.71093750
7.40799984	4.82344961	0.71093750
7.41199984	4.98462105	0.71093750
7.41599984	4.98462105	0.71093750
7.41999984	4.98462105	0.71093750
7.42399984	4.98462105	0.71093750
7.42799984	4.82344961	0.71093750
7.43199984	4.82344961	0.71093750
7.43599984	4.82344961	0.71093750
7.43999984	4.98462105	0.71093750
7.44399984	4.98462105	0.71093750
7.44799984	4.98462105	0.71093750
7.45199984	4.82344961	0.71093750
7.45599984	4.82344961	0.71093750
7.45999984	4.82344961	0.71093750
7.46399984	4.82344961	0.71093750
7.46799984	4.98462105	0.71093750
7.47199984	5.14517736	0.71093750
7.47599984	4.98462105	0.71093750
7.47999984	4.82344961	0.71093750
7.48399984	4.82344961	0.71093750
7.48799984	4.98462105	0.71093750
7.49199984	4.98462105	0.71093750
7.49599984	4.98462105	0.72674704
7.49999984	4.98462105	0.72674704
7.50399984	4.98462105	0.71093750
7.50799984	4.82344961	0.71093750
7.51199984	4.82344961	0.71093750
7.51599984	4.82344961	0.71093750
7.51999984	4.98462105	0.71093750
7.52399984	4.98462105	0.71093750
7.52799984	5.14517736	0.72674704
7.53199984	4.98462105	0.71093750
7.53599984	4.82344961	0.71093750
7.53999984	4.82344961	0.71093750
7.54399984	4.98462105	0.72674704
7.54799984	4.98462105	0.72674704
7.55199984	4.98462105	0.72674704
7.55599984	4.98462105	0.72674704
7.55999984	4.98462105	0.72674704
7.56399984	4.98462105	0.72674704
7.56799984	4.82344961	0.72674704
7.57199984	4.98462105	0.72674704
7.57599984	5.14517736	0.72674704
7.57999984	4.98462105	0.72674704
7.58399984	4.98462105	0.72674704
7.58799984	4.82344961	0.72674704
7.59199984	4.98462105	0.72674704
7.59599984	4.98462105	0.72674704
7.59999984	4.98462105	0.72674704
7.60399984	4.98462105	0.72674704
7.60799984	4.98462105	0.72674704
7.61199984	4.98462105	0.72674704
7.61599984	4.98462105	0.72674704
7.61999984	4.82344961	0.72674704
7.62399984	4.98462105	0.72674704
7.62799984	4.98462105	0.72674704
7.63199984	4.98462105	0.72674704
7.63599984	4.98462105	0.72674704
7.63999984	4.98462105	0.72674704
7.64399984	4.98462105	0.72674704
7.64799984	4.98462105	0.72674704
7.65199984	4.98462105	0.72674704
7.65599984	4.98462105	0.72674704
7.65999984	4.98462105	0.72674704
7.66399984	4.98462105	0.72674704
7.66799984	4.98462105	0.72674704
7.67199984	4.98462105	0.72674704
7.67599984	4.98462105	0.72674704
7.67999984	4.98462105	0.72674704
7.68399984	4.98462105	0.72674704
7.68799984	4.98462105	0.72674704
7.69199984	4.98462105	0.72674704
7.69599984	4.98462105	0.72674704
7.69999984	4.98462105	0.72674704
7.70399984	4.98462105	0.72674704
7.70799984	5.14517736	0.72674704
7.71199984	5.14517736	0.72674704
7.71599984	4.98462105	0.72674704
7.71999984	4.98462105	0.72674704
7.72399984	4.98462105	0.72674704
7.72799984	4.98462105	0.72674704
7.73199984	5.14517736	0.72674704
7.73599984	4.98462105	0.74255657
7.73999984	5.14517736	0.72674704
7.74399984	5.14517736	0.72674704
7.74799984	4.98462105	0.72674704
7.75199983	4.98462105	0.72674704
7.75599983	4.98462105	0.74255657
7.75999983	5.14517736	0.74255657
7.76399983	5.14517736	0.74255657
7.76799983	5.14517736	0.74255657
7.77199983	5.14517736	0.72674704
7.77599983	4.98462105	0.74255657
7.77999983	4.98462105	0.74255657
7.78399983	5.14517736	0.74255657
7.78799983	5.14517736	0.74255657
7.79199983	5.14517736	0.74255657
7.79599983	5.14517736	0.72674704
7.79999983	5.14517736	0.74255657
7.80399983	4.98462105	0.74255657
7.80799983	4.98462105	0.74255657
7.81199983	5.14517736	0.74255657
7.81599983	5.14517736	0.74255657
7.81999983	5.14517736	0.74255657
7.82399983	4.98462105	0.74255657
7.82799983	4.98462105	0.74255657
7.83199983	5.14517736	0.74255657
7.83599983	4.98462105	0.74255657
7.83999983	4.98462105	0.74255657
7.84399983	5.14517736	0.74255657
7.84799983	5.14517736	0.74255657
7.85199983	5.14517736	0.74255657
7.85599983	4.98462105	0.74255657
7.85999983	4.98462105	0.74255657
7.86399983	5.14517736	0.74255657
7.86799983	5.14517736	0.74255657
7.87199983	5.14517736	0.74255657
7.87599983	5.14517736	0.74255657
7.87999983	5.14517736	0.74255657
7.88399983	5.14517736	0.74255657
7.88799983	4.98462105	0.74255657
7.89199983	4.98462105	0.74255657
7.89599983	5.14517736	0.74255657
7.89999983	5.14517736	0.74255657
7.90399983	5.14517736	0.74255657
7.90799983	5.14517736	0.74255657
7.91199983	4.98462105	0.74255657
7.91599983	5.14517736	0.74255657
7.91999983	5.14517736	0.74255657
7.92399983	5.14517736	0.74255657
7.92799983	5.14517736	0.74255657
7.93199983	5.14517736	0.74255657
7.93599983	5.14517736	0.74255657
7.93999983	5.14517736	0.74255657
7.94399983	5.14517736	0.74255657
7.94799983	5.14517736	0.74255657
7.95199983	5.14517736	0.74255657
7.95599983	5.14517736	0.74255657
7.95999983	5.14517736	0.74255657
7.96399983	5.14517736	0.74255657
7.96799983	5.14517736	0.74255657
7.97199983	5.14517736	0.74255657
7.97599983	5.14517736	0.74255657
7.97999983	5.14517736	0.74255657
7.98399983	5.14517736	0.74255657
7.98799983	5.14517736	0.74255657
7.99199983	5.14517736	0.75836617
7.99599983	5.14517736	0.75836617
7.99999983	5.14517736	0.74255657
8.00399983	5.14517736	0.74255657
8.00799983	5.14517736	0.75836617
8.01199983	5.14517736	0.74255657
8.01599983	5.14517736	0.74255657
8.01999983	5.14517736	0.74255657
8.02399983	5.14517736	0.75836617
8.02799983	5.14517736	0.75836617
8.03199983	5.14517736	0.75836617
8.03599983	5.14517736	0.75836617
8.03999983	5.14517736	0.75836617
8.04399983	5.14517736	0.75836617
8.04799983	5.14517736	0.75836617
8.05199983	5.14517736	0.74255657
8.05599983	5.14517736	0.75836617
8.05999983	5.14517736	0.75836617
8.06399983	5.14517736	0.75836617
8.06799983	5.14517736	0.75836617
8.07199983	5.14517736	0.75836617
8.07599983	5.30634832	0.74255657
8.07999983	5.14517736	0.75836617
8.08399983	5.14517736	0.75836617
8.08799983	5.14517736	0.75836617
8.09199983	5.14517736	0.75836617
8.09599983	5.14517736	0.75836617
8.09999983	5.14517736	0.75836617
8.10399982	5.30634832	0.75836617
8.10799982	5.14517736	0.75836617
8.11199982	5.14517736	0.75836617
8.11599982	5.14517736	0.75836617
8.11999982	5.14517736	0.75836617
8.12399982	5.30634832	0.75836617
8.12799982	5.14517736	0.75836617
8.13199982	5.30634832	0.75836617
8.13599982	5.14517736	0.75836617
8.13999982	5.14517736	0.75836617
8.14399982	5.14517736	0.75836617
8.14799982	5.14517736	0.75836617
8.15199982	5.30634832	0.75836617
8.15599982	5.30634832	0.75836617
8.15999982	5.14517736	0.75836617
8.16399982	5.14517736	0.75836617
8.16799982	5.14517736	0.75836617
8.17199982	5.14517736	0.75836617
8.17599982	5.14517736	0.75836617
8.17999982	5.14517736	0.75836617
8.18399982	5.30634832	0.75836617
8.18799982	5.30634832	0.75836617
8.19199982	5.14517736	0.75836617
8.19599982	5.14517736	0.75836617
8.19999982	5.30634832	0.75836617
8.20399982	5.30634832	0.75836617
8.20799982	5.30634832	0.75836617
8.21199982	5.30634832	0.75836617
8.21599982	5.14517736	0.75836617
8.21999982	5.14517736	0.75836617
8.22399982	5.14517736	0.75836617
8.22799982	5.30634832	0.75836617
8.23199982	5.30634832	0.75836617
8.23599982	5.30634832	0.75836617
8.23999982	5.30634832	0.75836617
8.24399982	5.14517736	0.75836617
8.24799982	5.14517736	0.77411419
8.25199982	5.30634832	0.75836617
8.25599982	5.30634832	0.77411419
8.25999982	5.30634832	0.77411419
8.26399982	5.30634832	0.77411419
8.26799982	5.30634832	0.75836617
8.27199982	5.30634832	0.75836617
8.27599982	5.14517736	0.75836617
8.27999982	5.30634832	0.75836617
8.28399982	5.30634832	0.75836617
8.28799982	5.30634832	0.77411419
8.29199982	5.30634832	0.77411419
8.29599982	5.30634832	0.77411419
8.29999982	5.14517736	0.75836617
8.30399982	5.14517736	0.77411419
8.30799982	5.14517736	0.77411419
8.31199982	5.30634832	0.77411419
8.31599982	5.30634832	0.75836617
8.31999982	5.30634832	0.77411419
8.32399982	5.30634832	0.77411419
8.32799982	5.30634832	0.77411419
8.33199982	5.14517736	0.77411419
8.33599982	5.14517736	0.77411419
8.33999982	5.30634832	0.77411419
8.34399982	5.30634832	0.77411419
8.34799982	5.30634832	0.77411419
8.35199982	5.30634832	0.77411419
8.35599982	5.14517736	0.77411419
8.35999982	5.14517736	0.77411419
8.36399982	5.14517736	0.77411419
8.36799982	5.30634832	0.77411419
8.37199982	5.30634832	0.77411419
8.37599982	5.30634832	0.77411419
8.37999982	5.30634832	0.77411419
8.38399982	5.30634832	0.77411419
8.38799982	5.30634832	0.77411419
8.39199982	5.30634832	0.77411419
8.39599982	5.30634832	0.77411419
8.39999982	5.30634832	0.77411419
8.40399982	5.30634832	0.77411419
8.40799982	5.30634832	0.77411419
8.41199982	5.30634832	0.77411419
8.41599982	5.14517736	0.77411419
8.41999982	5.30634832	0.77411419
8.42399982	5.30634832	0.77411419
8.42799982	5.30634832	0.77411419
8.43199982	5.30634832	0.77411419
8.43599982	5.30634832	0.77411419
8.43999982	5.30634832	0.77411419
8.44399982	5.30634832	0.77411419
8.44799982	5.30634832	0.77411419
8.45199982	5.30634832	0.77411419
8.45599982	5.30634832	0.77411419
8.45999981	5.30634832	0.77411419
8.46399981	5.30634832	0.77411419
8.46799981	5.30634832	0.77411419
8.47199981	5.30634832	0.77411419
8.47599981	5.30634832	0.77411419
8.47999981	5.30634832	0.77411419
8.48399981	5.30634832	0.77411419
8.48799981	5.30634832	0.77411419
8.49199981	5.30634832	0.77411419
8.49599981	5.30634832	0.77411419
8.49999981	5.30634832	0.77411419
8.50399981	5.30634832	0.78992373
8.50799981	5.30634832	0.77411419
8.51199981	5.30634832	0.77411419
8.51599981	5.30634832	0.77411419
8.51999981	5.30634832	0.77411419
8.52399981	5.30634832	0.77411419
8.52799981	5.30634832	0.78992373
8.53199981	5.30634832	0.78992373
8.53599981	5.30634832	0.78992373
8.53999981	5.30634832	0.77411419
8.54399981	5.30634832	0.78992373
8.54799981	5.30634832	0.78992373
8.55199981	5.30634832	0.78992373
8.55599981	5.30634832	0.77411419
8.55999981	5.30634832	0.78992373
8.56399981	5.30634832	0.78992373
8.56799981	5.30634832	0.78992373
8.57199981	5.30634832	0.78992373
8.57599981	5.30634832	0.78992373
8.57999981	5.30634832	0.78992373
8.58399981	5.30634832	0.78992373
8.58799981	5.30634832	0.77411419
8.59199981	5.30634832	0.78992373
8.59599981	5.46690464	0.78992373
8.59999981	5.30634832	0.78992373
8.60399981	5.30634832	0.78992373
8.60799981	5.30634832	0.78992373
8.61199981	5.30634832	0.78992373
8.61599981	5.30634832	0.78992373
8.61999981	5.30634832	0.78992373
8.62399981	5.46690464	0.78992373
8.62799981	5.46690464	0.78992373
8.63199981	5.46690464	0.78992373
8.63599981	5.30634832	0.78992373
8.63999981	5.30634832	0.78992373
8.64399981	5.30634832	0.78992373
8.64799981	5.46690464	0.78992373
8.65199981	5.30634832	0.78992373
8.65599981	5.30634832	0.78992373
8.65999981	5.30634832	0.78992373
8.66399981	5.30634832	0.78992373
8.66799981	5.30634832	0.78992373
8.67199981	5.30634832	0.78992373
8.67599981	5.30634832	0.78992373
8.67999981	5.46690464	0.78992373
8.68399981	5.46690464	0.78992373
8.68799981	5.30634832	0.78992373
8.69199981	5.30634832	0.78992373
8.69599981	5.30634832	0.78992373
8.69999981	5.30634832	0.78992373
8.70399981	5.46690464	0.78992373
8.70799981	5.46690464	0.78992373
8.71199981	5.46690464	0.78992373
8.71599981	5.30634832	0.78992373
8.71999981	5.30634832	0.78992373
8.72399981	5.30634832	0.78992373
8.72799981	5.46690464	0.78992373
8.73199981	5.46690464	0.78992373
8.73599981	5.46690464	0.78992373
8.73999981	5.30634832	0.78992373
8.74399981	5.30634832	0.78992373
8.74799981	5.30634832	0.78992373
8.75199981	5.30634832	0.78992373
8.75599981	5.46690464	0.78992373
8.75999981	5.30634832	0.78992373
8.76399981	5.46690464	0.78992373
8.76799981	5.46690464	0.78992373
8.77199981	5.30634832	0.78992373
8.77599981	5.30634832	0.80573326
8.77999981	5.30634832	0.78992373
8.78399981	5.46690464	0.78992373
8.78799981	5.46690464	0.78992373
8.79199981	5.46690464	0.78992373
8.79599981	5.30634832	0.78992373
8.79999981	5.30634832	0.78992373
8.80399981	5.30634832	0.78992373
8.80799981	5.46690464	0.78992373
8.81199980	5.46690464	0.78992373
8.81599980	5.46690464	0.80573326
8.81999980	5.46690464	0.78992373
8.82399980	5.30634832	0.80573326
8.82799980	5.30634832	0.78992373
8.83199980	5.46690464	0.78992373
8.83599980	5.46690464	0.80573326
8.83999980	5.46690464	0.80573326
8.84399980	5.46690464	0.80573326
8.84799980	5.46690464	0.80573326
8.85199980	5.46690464	0.80573326
8.85599980	5.46690464	0.80573326
8.85999980	5.46690464	0.80573326
8.86399980	5.46690464	0.80573326
8.86799980	5.46690464	0.80573326
8.87199980	5.46690464	0.80573326
8.87599980	5.46690464	0.80573326
8.87999980	5.30634832	0.80573326
8.88399980	5.46690464	0.78992373
8.88799980	5.46690464	0.80573326
8.89199980	5.46690464	0.80573326
8.89599980	5.46690464	0.80573326
8.89999980	5.46690464	0.80573326
8.90399980	5.46690464	0.80573326
8.90799980	5.46690464	0.78992373
8.91199980	5.46690464	0.80573326
8.91599980	5.46690464	0.80573326
8.91999980	5.46690464	0.80573326
8.92399980	5.62746048	0.80573326
8.92799980	5.46690464	0.80573326
8.93199980	5.46690464	0.80573326
8.93599980	5.46690464	0.80573326
8.93999980	5.46690464	0.80573326
8.94399980	5.46690464	0.80573326
8.94799980	5.46690464	0.80573326
8.95199980	5.62746048	0.80573326
8.95599980	5.46690464	0.80573326
8.95999980	5.30634832	0.80573326
8.96399980	5.46690464	0.80573326
8.96799980	5.46690464	0.80573326
8.97199980	5.62746048	0.80573326
8.97599980	5.46690464	0.80573326
8.97999980	5.46690464	0.80573326
8.98399980	5.46690464	0.80573326
8.98799980	5.46690464	0.80573326
8.99199980	5.46690464	0.80573326
8.99599980	5.46690464	0.80573326
8.99999980	5.46690464	0.80573326
9.00399980	5.62746048	0.80573326
9.00799980	5.62746048	0.80573326
9.01199980	5.46690464	0.80573326
9.01599980	5.46690464	0.80573326
9.01999980	5.46690464	0.80573326
9.02399980	5.46690464	0.80573326
9.02799980	5.62746048	0.80573326
9.03199980	5.46690464	0.80573326
9.03599980	5.46690464	0.80573326
9.03999980	5.46690464	0.80573326
9.04399980	5.46690464	0.80573326
9.04799980	5.46690464	0.80573326
9.05199980	5.46690464	0.80573326
9.05599980	5.62746048	0.80573326
9.05999980	5.62746048	0.80573326
9.06399980	5.46690464	0.80573326
9.06799980	5.46690464	0.80573326
9.07199980	5.46690464	0.80573326
9.07599980	5.46690464	0.80573326
9.07999980	5.46690464	0.80573326
9.08399980	5.62746048	0.80573326
9.08799980	5.62746048	0.80573326
9.09199980	5.46690464	0.80573326
9.09599980	5.46690464	0.80573326
9.09999980	5.46690464	0.80573326
9.10399980	5.46690464	0.80573326
9.10799980	5.46690464	0.80573326
9.11199980	5.62746048	0.82154280
9.11599980	5.62746048	0.82154280
9.11999980	5.62746048	0.80573326
9.12399980	5.46690464	0.80573326
9.12799980	5.46690464	0.80573326
9.13199980	5.46690464	0.80573326
9.13599980	5.46690464	0.82154280
9.13999980	5.62746048	0.82154280
9.14399980	5.46690464	0.82154280
9.14799980	5.46690464	0.80573326
9.15199980	5.46690464	0.82154280
9.15599980	5.46690464	0.80573326
9.15999980	5.46690464	0.80573326
9.16399980	5.46690464	0.80573326
9.16799979	5.62746048	0.82154280
9.17199979	5.62746048	0.82154280
9.17599979	5.46690464	0.82154280
9.17999979	5.46690464	0.80573326
9.18399979	5.46690464	0.82154280
9.18799979	5.46690464	0.80573326
9.19199979	5.62746048	0.82154280
9.19599979	5.62746048	0.82154280
9.19999979	5.46690464	0.82154280
9.20399979	5.46690464	0.82154280
9.20799979	5.46690464	0.82154280
9.21199979	5.46690464	0.82154280
9.21599979	5.46690464	0.82154280
9.21999979	5.46690464	0.82154280
9.22399979	5.62746048	0.82154280
9.22799979	5.62746048	0.82154280
9.23199979	5.46690464	0.82154280
9.23599979	5.46690464	0.82154280
9.23999979	5.46690464	0.82154280
9.24399979	5.62746048	0.82154280
9.24799979	5.62746048	0.82154280
9.25199979	5.62746048	0.82154280
9.25599979	5.46690464	0.82154280
9.25999979	5.46690464	0.82154280
9.26399979	5.46690464	0.82154280
9.26799979	5.62746048	0.82154280
9.27199979	5.62746048	0.82154280
9.27599979	5.62746048	0.82154280
9.27999979	5.62746048	0.82154280
9.28399979	5.46690464	0.82154280
9.28799979	5.46690464	0.82154280
9.29199979	5.46690464	0.82154280
9.29599979	5.62746048	0.82154280
9.29999979	5.62746048	0.82154280
9.30399979	5.62746048	0.82154280
9.30799979	5.46690464	0.82154280
9.31199979	5.46690464	0.82154280
9.31599979	5.46690464	0.82154280
9.31999979	5.62746048	0.82154280
9.32399979	5.62746048	0.82154280
9.32799979	5.62746048	0.82154280
9.33199979	5.62746048	0.82154280
9.33599979	5.46690464	0.82154280
9.33999979	5.46690464	0.82154280
9.34399979	5.46690464	0.82154280
9.34799979	5.62746048	0.82154280
9.35199979	5.62746048	0.82154280
9.35599979	5.62746048	0.82154280
9.35999979	5.46690464	0.82154280
9.36399979	5.46690464	0.82154280
9.36799979	5.62746048	0.82154280
9.37199979	5.62746048	0.82154280
9.37599979	5.62746048	0.82154280
9.37999979	5.62746048	0.82154280
9.38399979	5.62746048	0.82154280
9.38799979	5.62746048	0.82154280
9.39199979	5.62746048	0.82154280
9.39599979	5.62746048	0.82154280
9.39999979	5.62746048	0.82154280
9.40399979	5.62746048	0.82154280
9.40799979	5.62746048	0.82154280
9.41199979	5.62746048	0.82154280
9.41599979	5.46690464	0.82154280
9.41999979	5.62746048	0.82154280
9.42399979	5.62746048	0.82154280
9.42799979	5.62746048	0.83735234
9.43199979	5.62746048	0.83735234
9.43599979	5.62746048	0.82154280
9.43999979	5.62746048	0.83735234
9.44399979	5.62746048	0.82154280
9.44799979	5.62746048	0.82154280
9.45199979	5.62746048	0.82154280
9.45599979	5.62746048	0.82154280
9.45999979	5.62746048	0.82154280
9.46399979	5.62746048	0.83735234
9.46799979	5.62746048	0.82154280
9.47199979	5.62746048	0.83735234
9.47599979	5.62746048	0.82154280
9.47999979	5.62746048	0.83735234
9.48399979	5.62746048	0.82154280
9.48799979	5.62746048	0.82154280
9.49199979	5.62746048	0.82154280
9.49599979	5.62746048	0.83735234
9.49999979	5.62746048	0.83735234
9.50399979	5.62746048	0.83735234
9.50799979	5.62746048	0.83735234
9.51199979	5.62746048	0.83735234
9.51599979	5.62746048	0.83735234
9.51999978	5.62746048	0.83735234
9.52399978	5.62746048	0.83735234
9.52799978	5.62746048	0.83735234
9.53199978	5.62746048	0.83735234
9.53599978	5.62746048	0.83735234
9.53999978	5.62746048	0.83735234
9.54399978	5.62746048	0.83735234
9.54799978	5.62746048	0.83735234
9.55199978	5.62746048	0.83735234
9.55599978	5.62746048	0.83735234
9.55999978	5.62746048	0.83735234
9.56399978	5.62746048	0.83735234
9.56799978	5.62746048	0.83735234
9.57199978	5.62746048	0.83735234
9.57599978	5.62746048	0.83735234
9.57999978	5.62746048	0.83735234
9.58399978	5.62746048	0.83735234
9.58799978	5.62746048	0.83735234
9.59199978	5.62746048	0.83735234
9.59599978	5.62746048	0.83735234
9.59999978	5.62746048	0.83735234
9.60399978	5.62746048	0.83735234
9.60799978	5.62746048	0.83735234
9.61199978	5.62746048	0.83735234
9.61599978	5.62746048	0.83735234
9.61999978	5.62746048	0.83735234
9.62399978	5.78863192	0.83735234
9.62799978	5.62746048	0.83735234
9.63199978	5.62746048	0.83735234
9.63599978	5.62746048	0.83735234
9.63999978	5.62746048	0.83735234
9.64399978	5.62746048	0.83735234
9.64799978	5.62746048	0.83735234
9.65199978	5.62746048	0.83735234
9.65599978	5.62746048	0.83735234
9.65999978	5.62746048	0.83735234
9.66399978	5.62746048	0.83735234
9.66799978	5.62746048	0.83735234
9.67199978	5.62746048	0.83735234
9.67599978	5.78863192	0.83735234
9.67999978	5.78863192	0.85316193
9.68399978	5.62746048	0.83735234
9.68799978	5.62746048	0.83735234
9.69199978	5.62746048	0.83735234
9.69599978	5.62746048	0.83735234
9.69999978	5.62746048	0.83735234
9.70399978	5.62746048	0.83735234
9.70799978	5.62746048	0.83735234
9.71199978	5.62746048	0.83735234
9.71599978	5.62746048	0.83735234
9.71999978	5.62746048	0.83735234
9.72399978	5.62746048	0.83735234
9.72799978	5.62746048	0.83735234
9.73199978	5.62746048	0.83735234
9.73599978	5.62746048	0.83735234
9.73999978	5.62746048	0.83735234
9.74399978	5.62746048	0.83735234
9.74799978	5.62746048	0.83735234
9.75199978	5.62746048	0.83735234
9.75599978	5.62746048	0.83735234
9.75999978	5.62746048	0.83735234
9.76399978	5.62746048	0.83735234
9.76799978	5.62746048	0.83735234
9.77199978	5.62746048	0.83735234
9.77599978	5.62746048	0.83735234
9.77999978	5.62746048	0.83735234
9.78399978	5.62746048	0.83735234
9.78799978	5.62746048	0.83735234
9.79199978	5.62746048	0.83735234
9.79599978	5.62746048	0.83735234
9.79999978	5.78863192	0.85316193
9.80399978	5.62746048	0.83735234
9.80799978	5.62746048	0.83735234
9.81199978	5.62746048	0.83735234
9.81599978	5.62746048	0.83735234
9.81999978	5.62746048	0.83735234
9.82399978	5.62746048	0.83735234
9.82799978	5.62746048	0.85316193
9.83199978	5.62746048	0.85316193
9.83599978	5.62746048	0.83735234
9.83999978	5.62746048	0.83735234
9.84399978	5.62746048	0.83735234
9.84799978	5.62746048	0.85316193
9.85199978	5.78863192	0.83735234
9.85599978	5.78863192	0.85316193
9.85999978	5.62746048	0.85316193
9.86399978	5.62746048	0.83735234
9.86799978	5.62746048	0.85316193
9.87199977	5.62746048	0.85316193
9.87599977	5.78863192	0.83735234
9.87999977	5.78863192	0.85316193
9.88399977	5.62746048	0.85316193
9.88799977	5.62746048	0.85316193
9.89199977	5.62746048	0.85316193
9.89599977	5.62746048	0.85316193
9.89999977	5.62746048	0.85316193
9.90399977	5.78863192	0.85316193
9.90799977	5.62746048	0.85316193
9.91199977	5.62746048	0.85316193
9.91599977	5.62746048	0.85316193
9.91999977	5.62746048	0.85316193
9.92399977	5.78863192	0.85316193
9.92799977	5.62746048	0.85316193
9.93199977	5.62746048	0.85316193
9.93599977	5.62746048	0.85316193
9.93999977	5.62746048	0.85316193
9.94399977	5.78863192	0.85316193
9.94799977	5.62746048	0.85316193
9.95199977	5.62746048	0.85316193
9.95599977	5.62746048	0.85316193
9.95999977	5.62746048	0.85316193
9.96399977	5.62746048	0.85316193
9.96799977	5.62746048	0.85316193
9.97199977	5.62746048	0.85316193
9.97599977	5.78863192	0.85316193
9.97999977	5.62746048	0.85316193
9.98399977	5.62746048	0.85316193
9.98799977	5.62746048	0.85316193
9.99199977	5.78863192	0.85316193
9.99599977	5.78863192	0.85316193
9.99999977	5.62746048	0.85316193
10.00399977	5.62746048	0.85316193
10.00799977	5.78863192	0.85316193
10.01199977	5.62746048	0.85316193
10.01599977	5.62746048	0.85316193
10.01999977	5.62746048	0.85316193
10.02399977	5.62746048	0.85316193
10.02799977	5.62746048	0.85316193
10.03199977	5.62746048	0.85316193
10.03599977	5.62746048	0.85316193
10.03999977	5.62746048	0.85316193
10.04399977	5.78863192	0.85316193
10.04799977	5.78863192	0.85316193
10.05199977	5.62746048	0.85316193
10.05599977	5.62746048	0.85316193
10.05999977	5.62746048	0.85316193
10.06399977	5.62746048	0.85316193
10.06799977	5.62746048	0.85316193
10.07199977	5.62746048	0.85316193
10.07599977	5.78863192	0.85316193
10.07999977	5.62746048	0.85316193
10.08399977	5.62746048	0.85316193
10.08799977	5.62746048	0.85316193
10.09199977	5.78863192	0.85316193
10.09599977	5.78863192	0.85316193
10.09999977	5.62746048	0.85316193
10.10399977	5.62746048	0.85316193
10.10799977	5.62746048	0.85316193
10.11199977	5.78863192	0.85316193
10.11599977	5.62746048	0.85316193
10.11999977	5.62746048	0.85316193
10.12399977	5.62746048	0.85316193
10.12799977	5.62746048	0.85316193
10.13199977	5.62746048	0.85316193
10.13599977	5.62746048	0.85316193
10.13999977	5.62746048	0.85316193
10.14399977	5.78863192	0.85316193
10.14799977	5.62746048	0.85316193
10.15199977	5.62746048	0.85316193
10.15599977	5.62746048	0.85316193
10.15999977	5.62746048	0.85316193
10.16399977	5.62746048	0.85316193
10.16799977	5.62746048	0.85316193
10.17199977	5.62746048	0.85316193
10.17599977	5.62746048	0.85316193
10.17999977	5.62746048	0.85316193
10.18399977	5.62746048	0.85316193
10.18799977	5.62746048	0.85316193
10.19199977	5.62746048	0.85316193
10.19599977	5.62746048	0.85316193
10.19999977	5.62746048	0.85316193
10.20399977	5.62746048	0.85316193
10.20799977	5.62746048	0.85316193
10.21199977	5.62746048	0.85316193
10.21599977	5.62746048	0.85316193
10.21999977	5.78863192	0.85316193
10.22399977	5.62746048	0.85316193
10.22799976	5.62746048	0.85316193
10.23199976	5.62746048	0.85316193
10.23599976	5.62746048	0.85316193
10.23999976	5.78863192	0.85316193
10.24399976	5.62746048	0.85316193
10.24799976	5.62746048	0.86890996
10.25199976	5.62746048	0.85316193
10.25599976	5.62746048	0.86890996
10.25999976	5.62746048	0.85316193
10.26399976	5.62746048	0.86890996
10.26799976	5.62746048	0.85316193
10.27199976	5.62746048	0.86890996
10.27599976	5.78863192	0.86890996
10.27999976	5.62746048	0.86890996
10.28399976	5.62746048	0.86890996
10.28799976	5.62746048	0.85316193
10.29199976	5.62746048	0.86890996
10.29599976	5.62746048	0.86890996
10.29999976	5.62746048	0.86890996
10.30399976	5.62746048	0.86890996
10.30799976	5.62746048	0.86890996
10.31199976	5.62746048	0.86890996
10.31599976	5.62746048	0.86890996
10.31999976	5.62746048	0.86890996
10.32399976	5.62746048	0.86890996
10.32799976	5.62746048	0.86890996
10.33199976	5.62746048	0.86890996
10.33599976	5.62746048	0.86890996
10.33999976	5.78863192	0.86890996
10.34399976	5.62746048	0.86890996
10.34799976	5.62746048	0.86890996
10.35199976	5.62746048	0.86890996
10.35599976	5.62746048	0.86890996
10.35999976	5.78863192	0.86890996
10.36399976	5.62746048	0.86890996
10.36799976	5.78863192	0.86890996
10.37199976	5.62746048	0.86890996
10.37599976	5.62746048	0.86890996
10.37999976	5.62746048	0.86890996
10.38399976	5.62746048	0.86890996
10.38799976	5.62746048	0.86890996
10.39199976	5.62746048	0.86890996
10.39599976	5.78863192	0.86890996
10.39999976	5.78863192	0.86890996
10.40399976	5.62746048	0.86890996
10.40799976	5.78863192	0.86890996
10.41199976	5.62746048	0.86890996
10.41599976	5.78863192	0.86890996
10.41999976	5.78863192	0.86890996
10.42399976	5.78863192	0.86890996
10.42799976	5.78863192	0.86890996
10.43199976	5.78863192	0.86890996
10.43599976	5.78863192	0.86890996
10.43999976	5.78863192	0.86890996
10.44399976	5.78863192	0.86890996
10.44799976	5.78863192	0.86890996
10.45199976	5.78863192	0.86890996
10.45599976	5.78863192	0.86890996
10.45999976	5.78863192	0.86890996
10.46399976	5.62746048	0.86890996
10.46799976	5.78863192	0.86890996
10.47199976	5.78863192	0.86890996
10.47599976	5.78863192	0.86890996
10.47999976	5.78863192	0.86890996
10.48399976	5.78863192	0.86890996
10.48799976	5.78863192	0.86890996
10.49199976	5.78863192	0.86890996
10.49599976	5.78863192	0.86890996
10.49999976	5.78863192	0.86890996
10.50399976	5.78863192	0.86890996
10.50799976	5.78863192	0.86890996
10.51199976	5.78863192	0.86890996
10.51599976	5.78863192	0.86890996
10.51999976	5.78863192	0.86890996
10.52399976	5.78863192	0.86890996
10.52799976	5.78863192	0.86890996
10.53199976	5.78863192	0.86890996
10.53599976	5.78863192	0.86890996
10.53999976	5.78863192	0.86890996
10.54399976	5.78863192	0.86890996
10.54799976	5.78863192	0.86890996
10.55199976	5.78863192	0.86890996
10.55599976	5.78863192	0.86890996
10.55999976	5.78863192	0.86890996
10.56399976	5.78863192	0.86890996
10.56799976	5.78863192	0.86890996
10.57199976	5.78863192	0.86890996
10.57599976	5.78863192	0.86890996
10.57999975	5.78863192	0.86890996
10.58399975	5.78863192	0.86890996
10.58799975	5.62746048	0.86890996
10.59199975	5.78863192	0.86890996
10.59599975	5.78863192	0.86890996
10.59999975	5.78863192	0.86890996
10.60399975	5.78863192	0.86890996
10.60799975	5.78863192	0.86890996
10.61199975	5.78863192	0.86890996
10.61599975	5.78863192	0.86890996
10.61999975	5.78863192	0.86890996
10.62399975	5.78863192	0.86890996
10.62799975	5.78863192	0.86890996
10.63199975	5.78863192	0.86890996
10.63599975	5.78863192	0.86890996
10.63999975	5.78863192	0.86890996
10.64399975	5.78863192	0.86890996
10.64799975	5.78863192	0.86890996
10.65199975	5.78863192	0.86890996
10.65599975	5.78863192	0.86890996
10.65999975	5.78863192	0.86890996
10.66399975	5.78863192	0.86890996
10.66799975	5.78863192	0.86890996
10.67199975	5.78863192	0.86890996
10.67599975	5.62746048	0.86890996
10.67999975	5.78863192	0.86890996
10.68399975	5.78863192	0.86890996
10.68799975	5.78863192	0.86890996
10.69199975	5.78863192	0.86890996
10.69599975	5.78863192	0.88471949
10.69999975	5.78863192	0.86890996
10.70399975	5.78863192	0.86890996
10.70799975	5.78863192	0.88471949
10.71199975	5.78863192	0.86890996
10.71599975	5.78863192	0.86890996
10.71999975	5.78863192	0.88471949
10.72399975	5.78863192	0.86890996
10.72799975	5.78863192	0.86890996
10.73199975	5.78863192	0.86890996
10.73599975	5.78863192	0.86890996
10.73999975	5.78863192	0.86890996
10.74399975	5.78863192	0.88471949
10.74799975	5.78863192	0.86890996
10.75199975	5.78863192	0.86890996
10.75599975	5.78863192	0.86890996
10.75999975	5.78863192	0.88471949
10.76399975	5.78863192	0.88471949
10.76799975	5.78863192	0.88471949
10.77199975	5.78863192	0.86890996
10.77599975	5.78863192	0.88471949
10.77999975	5.78863192	0.86890996
10.78399975	5.78863192	0.88471949
10.78799975	5.78863192	0.86890996
10.79199975	5.78863192	0.88471949
10.79599975	5.78863192	0.88471949
10.79999975	5.78863192	0.86890996
10.80399975	5.78863192	0.88471949
10.80799975	5.78863192	0.88471949
10.81199975	5.78863192	0.88471949
10.81599975	5.78863192	0.88471949
10.81999975	5.78863192	0.88471949
10.82399975	5.78863192	0.88471949
10.82799975	5.78863192	0.88471949
10.83199975	5.78863192	0.88471949
10.83599975	5.78863192	0.88471949
10.83999975	5.78863192	0.88471949
10.84399975	5.78863192	0.86890996
10.84799975	5.78863192	0.88471949
10.85199975	5.78863192	0.88471949
10.85599975	5.78863192	0.88471949
10.85999975	5.78863192	0.88471949
10.86399975	5.78863192	0.88471949
10.86799975	5.78863192	0.88471949
10.87199975	5.78863192	0.88471949
10.87599975	5.78863192	0.88471949
10.87999975	5.78863192	0.88471949
10.88399975	5.78863192	0.88471949
10.88799975	5.78863192	0.88471949
10.89199975	5.78863192	0.88471949
10.89599975	5.78863192	0.88471949
10.89999975	5.78863192	0.88471949
10.90399975	5.78863192	0.88471949
10.90799975	5.78863192	0.88471949
10.91199975	5.78863192	0.88471949
10.91599975	5.78863192	0.88471949
10.91999975	5.78863192	0.88471949
10.92399975	5.78863192	0.88471949
10.92799975	5.78863192	0.88471949
10.93199975	5.78863192	0.88471949
10.93599974	5.78863192	0.88471949
10.93999974	5.78863192	0.88471949
10.94399974	5.78863192	0.88471949
10.94799974	5.78863192	0.88471949
10.95199974	5.78863192	0.88471949
10.95599974	5.78863192	0.88471949
10.95999974	5.78863192	0.88471949
10.96399974	5.78863192	0.88471949
10.96799974	5.78863192	0.88471949
10.97199974	5.78863192	0.88471949
10.97599974	5.78863192	0.88471949
10.97999974	5.78863192	0.88471949
10.98399974	5.78863192	0.88471949
10.98799974	5.78863192	0.88471949
10.99199974	5.78863192	0.88471949
10.99599974	5.78863192	0.88471949
10.99999974	5.78863192	0.88471949
11.00399974	5.78863192	0.88471949
11.00799974	5.78863192	0.88471949
11.01199974	5.78863192	0.88471949
11.01599974	5.78863192	0.88471949
11.01999974	5.78863192	0.88471949
11.02399974	5.78863192	0.88471949
11.02799974	5.78863192	0.88471949
11.03199974	5.78863192	0.88471949
11.03599974	5.78863192	0.88471949
11.03999974	5.78863192	0.88471949
11.04399974	5.78863192	0.88471949
11.04799974	5.78863192	0.88471949
11.05199974	5.78863192	0.88471949
11.05599974	5.78863192	0.88471949
11.05999974	5.78863192	0.88471949
11.06399974	5.78863192	0.88471949
11.06799974	5.78863192	0.88471949
11.07199974	5.78863192	0.88471949
11.07599974	5.78863192	0.88471949
11.07999974	5.78863192	0.88471949
11.08399974	5.78863192	0.88471949
11.08799974	5.78863192	0.88471949
11.09199974	5.78863192	0.88471949
11.09599974	5.78863192	0.88471949
11.09999974	5.78863192	0.88471949
11.10399974	5.78863192	0.88471949
11.10799974	5.78863192	0.88471949
11.11199974	5.78863192	0.88471949
11.11599974	5.78863192	0.88471949
11.11999974	5.78863192	0.88471949
11.12399974	5.78863192	0.88471949
11.12799974	5.78863192	0.88471949
11.13199974	5.78863192	0.88471949
11.13599974	5.78863192	0.88471949
11.13999974	5.78863192	0.88471949
11.14399974	5.78863192	0.88471949
11.14799974	5.78863192	0.88471949
11.15199974	5.78863192	0.88471949
11.15599974	5.78863192	0.88471949
11.15999974	5.78863192	0.88471949
11.16399974	5.78863192	0.88471949
11.16799974	5.78863192	0.88471949
11.17199974	5.78863192	0.88471949
11.17599974	5.78863192	0.88471949
11.17999974	5.78863192	0.88471949
11.18399974	5.78863192	0.88471949
11.18799974	5.94918776	0.88471949
11.19199974	5.78863192	0.90052903
11.19599974	5.78863192	0.88471949
11.19999974	5.78863192	0.88471949
11.20399974	5.78863192	0.88471949
11.20799974	5.78863192	0.88471949
11.21199974	5.78863192	0.88471949
11.21599974	5.78863192	0.88471949
11.21999974	5.78863192	0.88471949
11.22399974	5.78863192	0.88471949
11.22799974	5.78863192	0.88471949
11.23199974	5.78863192	0.88471949
11.23599974	5.78863192	0.88471949
11.23999974	5.94918776	0.88471949
11.24399974	5.78863192	0.88471949
11.24799974	5.78863192	0.88471949
11.25199974	5.78863192	0.88471949
11.25599974	5.78863192	0.88471949
11.25999974	5.78863192	0.88471949
11.26399974	5.78863192	0.88471949
11.26799974	5.78863192	0.88471949
11.27199974	5.78863192	0.88471949
11.27599974	5.78863192	0.88471949
11.27999974	5.78863192	0.88471949
11.28399974	5.78863192	0.88471949
11.28799973	5.78863192	0.88471949
11.29199973	5.78863192	0.88471949
11.29599973	5.78863192	0.88471949
11.29999973	5.78863192	0.88471949
11.30399973	5.78863192	0.88471949
11.30799973	5.78863192	0.88471949
11.31199973	5.78863192	0.90052903
11.31599973	5.78863192	0.88471949
11.31999973	5.78863192	0.90052903
11.32399973	5.78863192	0.88471949
11.32799973	5.78863192	0.90052903
11.33199973	5.78863192	0.88471949
11.33599973	5.78863192	0.88471949
11.33999973	5.78863192	0.88471949
11.34399973	5.78863192	0.88471949
11.34799973	5.78863192	0.90052903
11.35199973	5.78863192	0.90052903
11.35599973	5.78863192	0.88471949
11.35999973	5.78863192	0.90052903
11.36399973	5.78863192	0.88471949
11.36799973	5.78863192	0.90052903
11.37199973	5.78863192	0.90052903
11.37599973	5.78863192	0.88471949
11.37999973	5.78863192	0.90052903
11.38399973	5.78863192	0.90052903
11.38799973	5.78863192	0.90052903
11.39199973	5.78863192	0.88471949
11.39599973	5.78863192	0.90052903
11.39999973	5.78863192	0.90052903
11.40399973	5.78863192	0.88471949
11.40799973	5.78863192	0.88471949
11.41199973	5.78863192	0.88471949
11.41599973	5.78863192	0.90052903
11.41999973	5.78863192	0.88471949
11.42399973	5.78863192	0.90052903
11.42799973	5.78863192	0.90052903
11.43199973	5.78863192	0.90052903
11.43599973	5.78863192	0.88471949
11.43999973	5.78863192	0.88471949
11.44399973	5.78863192	0.90052903
11.44799973	5.78863192	0.90052903
11.45199973	5.78863192	0.90052903
11.45599973	5.78863192	0.90052903
11.45999973	5.78863192	0.90052903
11.46399973	5.78863192	0.90052903
11.46799973	5.78863192	0.88471949
11.47199973	5.78863192	0.90052903
11.47599973	5.78863192	0.88471949
11.47999973	5.78863192	0.90052903
11.48399973	5.78863192	0.90052903
11.48799973	5.78863192	0.90052903
11.49199973	5.78863192	0.88471949
11.49599973	5.78863192	0.90052903
11.49999973	5.78863192	0.90052903
11.50399973	5.78863192	0.90052903
11.50799973	5.78863192	0.90052903
11.51199973	5.78863192	0.90052903
11.51599973	5.78863192	0.88471949
11.51999973	5.78863192	0.90052903
11.52399973	5.78863192	0.90052903
11.52799973	5.78863192	0.90052903
11.53199973	5.78863192	0.90052903
11.53599973	5.78863192	0.90052903
11.53999973	5.78863192	0.90052903
11.54399973	5.78863192	0.90052903
11.54799973	5.78863192	0.90052903
11.55199973	5.78863192	0.90052903
11.55599973	5.78863192	0.90052903
11.55999973	5.78863192	0.90052903
11.56399973	5.78863192	0.90052903
11.56799973	5.78863192	0.90052903
11.57199973	5.78863192	0.90052903
11.57599973	5.78863192	0.90052903
11.57999973	5.78863192	0.90052903
11.58399973	5.78863192	0.90052903
11.58799973	5.78863192	0.90052903
11.59199973	5.78863192	0.90052903
11.59599973	5.78863192	0.90052903
11.59999973	5.78863192	0.90052903
11.60399973	5.78863192	0.90052903
11.60799973	5.78863192	0.90052903
11.61199973	5.78863192	0.90052903
11.61599973	5.78863192	0.90052903
11.61999973	5.78863192	0.90052903
11.62399973	5.78863192	0.90052903
11.62799973	5.78863192	0.90052903
11.63199973	5.78863192	0.90052903
11.63599973	5.78863192	0.90052903
11.63999972	5.78863192	0.90052903
11.64399972	5.78863192	0.90052903
11.64799972	5.78863192	0.90052903
11.65199972	5.78863192	0.90052903
11.65599972	5.78863192	0.90052903
11.65999972	5.78863192	0.90052903
11.66399972	5.78863192	0.90052903
11.66799972	5.78863192	0.90052903
11.67199972	5.78863192	0.90052903
11.67599972	5.78863192	0.90052903
11.67999972	5.78863192	0.90052903
11.68399972	5.78863192	0.90052903
11.68799972	5.78863192	0.90052903
11.69199972	5.78863192	0.90052903
11.69599972	5.78863192	0.90052903
11.69999972	5.78863192	0.90052903
11.70399972	5.78863192	0.90052903
11.70799972	5.78863192	0.90052903
11.71199972	5.78863192	0.90052903
11.71599972	5.78863192	0.90052903
11.71999972	5.78863192	0.90052903
11.72399972	5.78863192	0.90052903
11.72799972	5.78863192	0.90052903
11.73199972	5.78863192	0.90052903
11.73599972	5.78863192	0.90052903
11.73999972	5.78863192	0.90052903
11.74399972	5.78863192	0.90052903
11.74799972	5.78863192	0.90052903
11.75199972	5.78863192	0.90052903
11.75599972	5.78863192	0.90052903
11.75999972	5.78863192	0.90052903
11.76399972	5.78863192	0.90052903
11.76799972	5.78863192	0.90052903
11.77199972	5.78863192	0.90052903
11.77599972	5.78863192	0.90052903
11.77999972	5.78863192	0.90052903
11.78399972	5.78863192	0.90052903
11.78799972	5.78863192	0.90052903
11.79199972	5.78863192	0.90052903
11.79599972	5.78863192	0.90052903
11.79999972	5.78863192	0.90052903
11.80399972	5.62746048	0.90052903
11.80799972	5.62746048	0.90052903
11.81199972	5.78863192	0.90052903
11.81599972	5.78863192	0.90052903
11.81999972	5.78863192	0.90052903
11.82399972	5.78863192	0.90052903
11.82799972	5.62746048	0.90052903
11.83199972	5.78863192	0.90052903
11.83599972	5.78863192	0.90052903
11.83999972	5.78863192	0.90052903
11.84399972	5.78863192	0.90052903
11.84799972	5.78863192	0.90052903
11.85199972	5.78863192	0.90052903
11.85599972	5.78863192	0.90052903
11.85999972	5.78863192	0.90052903
11.86399972	5.78863192	0.90052903
11.86799972	5.78863192	0.90052903
11.87199972	5.78863192	0.90052903
11.87599972	5.62746048	0.90052903
11.87999972	5.62746048	0.90052903
11.88399972	5.62746048	0.90052903
11.88799972	5.78863192	0.90052903
11.89199972	5.78863192	0.90052903
11.89599972	5.78863192	0.90052903
11.89999972	5.78863192	0.90052903
11.90399972	5.78863192	0.90052903
11.90799972	5.62746048	0.90052903
11.91199972	5.78863192	0.90052903
11.91599972	5.78863192	0.90052903
11.91999972	5.78863192	0.90052903
11.92399972	5.78863192	0.90052903
11.92799972	5.78863192	0.90052903
11.93199972	5.62746048	0.90052903
11.93599972	5.78863192	0.90052903
11.93999972	5.78863192	0.90052903
11.94399972	5.78863192	0.90052903
11.94799972	5.78863192	0.90052903
11.95199972	5.78863192	0.90052903
11.95599972	5.78863192	0.90052903
11.95999972	5.78863192	0.90052903
11.96399972	5.78863192	0.90052903
11.96799972	5.78863192	0.90052903
11.97199972	5.78863192	0.90052903
11.97599972	5.78863192	0.90052903
11.97999972	5.78863192	0.90052903
11.98399972	5.78863192	0.90052903
11.98799972	5.78863192	0.90052903
11.99199972	5.78863192	0.90052903
11.99599971	5.78863192	0.90052903
11.99999971	5.94918776	0.90052903
12.00399971	5.78863192	0.90052903
12.00799971	5.78863192	0.90052903
12.01199971	5.78863192	0.90052903
12.01599971	5.78863192	0.90052903
12.01999971	5.78863192	0.90052903
12.02399971	5.78863192	0.90052903
12.02799971	5.78863192	0.90052903
12.03199971	5.78863192	0.90052903
12.03599971	5.78863192	0.90052903
12.03999971	5.78863192	0.90052903
12.04399971	5.62746048	0.90052903
12.04799971	5.78863192	0.90052903
12.05199971	5.78863192	0.90052903
12.05599971	5.78863192	0.90052903
12.05999971	5.78863192	0.90052903
12.06399971	5.78863192	0.90052903
12.06799971	5.78863192	0.90052903
12.07199971	5.78863192	0.90052903
12.07599971	5.78863192	0.90052903
12.07999971	5.78863192	0.90052903
12.08399971	5.78863192	0.90052903
12.08799971	5.78863192	0.90052903
12.09199971	5.78863192	0.90052903
12.09599971	5.62746048	0.90052903
12.09999971	5.62746048	0.90052903
12.10399971	5.78863192	0.90052903
12.10799971	5.78863192	0.90052903
12.11199971	5.78863192	0.90052903
12.11599971	5.78863192	0.90052903
12.11999971	5.78863192	0.90052903
12.12399971	5.62746048	0.90052903
12.12799971	5.62746048	0.90052903
12.13199971	5.62746048	0.90052903
12.13599971	5.78863192	0.90052903
12.13999971	5.78863192	0.90052903
12.14399971	5.78863192	0.90052903
12.14799971	5.62746048	0.90052903
12.15199971	5.62746048	0.90052903
12.15599971	5.78863192	0.90052903
12.15999971	5.78863192	0.90052903
12.16399971	5.78863192	0.90052903
12.16799971	5.78863192	0.91633856
12.17199971	5.78863192	0.90052903
12.17599971	5.78863192	0.90052903
12.17999971	5.62746048	0.90052903
12.18399971	5.78863192	0.90052903
12.18799971	5.78863192	0.90052903
12.19199971	5.78863192	0.90052903
12.19599971	5.78863192	0.90052903
12.19999971	5.78863192	0.90052903
12.20399971	5.78863192	0.90052903
12.20799971	5.62746048	0.90052903
12.21199971	5.78863192	0.90052903
12.21599971	5.78863192	0.90052903
12.21999971	5.78863192	0.90052903
12.22399971	5.78863192	0.90052903
12.22799971	5.78863192	0.90052903
12.23199971	5.78863192	0.90052903
12.23599971	5.78863192	0.90052903
12.23999971	5.78863192	0.90052903
12.24399971	5.78863192	0.90052903
12.24799971	5.78863192	0.90052903
12.25199971	5.78863192	0.90052903
12.25599971	5.78863192	0.90052903
12.25999971	5.78863192	0.90052903
12.26399971	5.78863192	0.90052903
12.26799971	5.78863192	0.90052903
12.27199971	5.78863192	0.90052903
12.27599971	5.78863192	0.90052903
12.27999971	5.78863192	0.90052903
12.28399971	5.78863192	0.90052903
12.28799971	5.78863192	0.90052903
12.29199971	5.78863192	0.90052903
12.29599971	5.78863192	0.90052903
12.29999971	5.78863192	0.90052903
12.30399971	5.78863192	0.90052903
12.30799971	5.78863192	0.90052903
12.31199971	5.78863192	0.90052903
12.31599971	5.78863192	0.90052903
12.31999971	5.78863192	0.91633856
12.32399971	5.78863192	0.90052903
12.32799971	5.78863192	0.90052903
12.33199971	5.78863192	0.90052903
12.33599971	5.78863192	0.90052903
12.33999971	5.78863192	0.90052903
12.34399971	5.78863192	0.90052903
12.34799970	5.78863192	0.90052903
12.35199970	5.62746048	0.90052903
12.35599970	5.62746048	0.90052903
12.35999970	5.62746048	0.91633856
12.36399970	5.78863192	0.90052903
12.36799970	5.78863192	0.90052903
12.37199970	5.78863192	0.90052903
12.37599970	5.62746048	0.91633856
12.37999970	5.62746048	0.90052903
12.38399970	5.62746048	0.90052903
12.38799970	5.62746048	0.90052903
12.39199970	5.62746048	0.90052903
12.39599970	5.78863192	0.90052903
12.39999970	5.62746048	0.90052903
12.40399970	5.62746048	0.90052903
12.40799970	5.62746048	0.90052903
12.41199970	5.62746048	0.90052903
12.41599970	5.62746048	0.90052903
12.41999970	5.62746048	0.90052903
12.42399970	5.62746048	0.90052903
12.42799970	5.62746048	0.90052903
12.43199970	5.62746048	0.91633856
12.43599970	5.62746048	0.90052903
12.43999970	5.62746048	0.91633856
12.44399970	5.62746048	0.90052903
12.44799970	5.62746048	0.91633856
12.45199970	5.62746048	0.90052903
12.45599970	5.62746048	0.90052903
12.45999970	5.62746048	0.90052903
12.46399970	5.62746048	0.91633856
12.46799970	5.62746048	0.90052903
12.47199970	5.62746048	0.90052903
12.47599970	5.62746048	0.90052903
12.47999970	5.62746048	0.90052903
12.48399970	5.62746048	0.90052903
12.48799970	5.62746048	0.91633856
12.49199970	5.62746048	0.91633856
12.49599970	5.62746048	0.91633856
12.49999970	5.62746048	0.90052903
12.50399970	5.62746048	0.91633856
12.50799970	5.62746048	0.90052903
12.51199970	5.62746048	0.91633856
12.51599970	5.62746048	0.91633856
12.51999970	5.62746048	0.90052903
12.52399970	5.62746048	0.90052903
12.52799970	5.62746048	0.91633856
12.53199970	5.62746048	0.91633856
12.53599970	5.62746048	0.91633856
12.53999970	5.62746048	0.90052903
12.54399970	5.62746048	0.91633856
12.54799970	5.62746048	0.90052903
12.55199970	5.62746048	0.90052903
12.55599970	5.62746048	0.90052903
12.55999970	5.62746048	0.91633856
12.56399970	5.62746048	0.91633856
12.56799970	5.62746048	0.91633856
12.57199970	5.62746048	0.90052903
12.57599970	5.62746048	0.91633856
12.57999970	5.62746048	0.90052903
12.58399970	5.62746048	0.91633856
12.58799970	5.62746048	0.91633856
12.59199970	5.62746048	0.91633856
12.59599970	5.62746048	0.91633856
12.59999970	5.62746048	0.90052903
12.60399970	5.62746048	0.91633856
12.60799970	5.62746048	0.90052903
12.61199970	5.62746048	0.90052903
12.61599970	5.78863192	0.91633856
12.61999970	5.62746048	0.91633856
12.62399970	5.62746048	0.90052903
12.62799970	5.62746048	0.90052903
12.63199970	5.62746048	0.90052903
12.63599970	5.62746048	0.91633856
12.63999970	5.62746048	0.91633856
12.64399970	5.62746048	0.91633856
12.64799970	5.62746048	0.91633856
12.65199970	5.62746048	0.91633856
12.65599970	5.62746048	0.91633856
12.65999970	5.62746048	0.90052903
12.66399970	5.62746048	0.91633856
12.66799970	5.62746048	0.90052903
12.67199970	5.62746048	0.91633856
12.67599970	5.46690464	0.90052903
12.67999970	5.62746048	0.91633856
12.68399970	5.62746048	0.90052903
12.68799970	5.62746048	0.91633856
12.69199970	5.62746048	0.91633856
12.69599970	5.62746048	0.91633856
12.69999969	5.62746048	0.90052903
12.70399969	5.62746048	0.91633856
12.70799969	5.62746048	0.90052903
12.71199969	5.62746048	0.90052903
12.71599969	5.62746048	0.91633856
12.71999969	5.62746048	0.91633856
12.72399969	5.62746048	0.91633856
12.72799969	5.62746048	0.91633856
12.73199969	5.62746048	0.90052903
12.73599969	5.62746048	0.91633856
12.73999969	5.62746048	0.90052903
12.74399969	5.62746048	0.91633856
12.74799969	5.62746048	0.90052903
12.75199969	5.62746048	0.90052903
12.75599969	5.62746048	0.91633856
12.75999969	5.62746048	0.90052903
12.76399969	5.62746048	0.90052903
12.76799969	5.62746048	0.91633856
12.77199969	5.62746048	0.91633856
12.77599969	5.62746048	0.91633856
12.77999969	5.62746048	0.91633856
12.78399969	5.62746048	0.91633856
12.78799969	5.62746048	0.91633856
12.79199969	5.62746048	0.91633856
12.79599969	5.62746048	0.91633856
12.79999969	5.62746048	0.91633856
12.80399969	5.62746048	0.90052903
12.80799969	5.62746048	0.91633856
12.81199969	5.62746048	0.91633856
12.81599969	5.62746048	0.91633856
12.81999969	5.62746048	0.90052903
12.82399969	5.62746048	0.91633856
12.82799969	5.62746048	0.90052903
12.83199969	5.62746048	0.91633856
12.83599969	5.62746048	0.90052903
12.83999969	5.62746048	0.91633856
12.84399969	5.62746048	0.91633856
12.84799969	5.62746048	0.90052903
12.85199969	5.62746048	0.90052903
12.85599969	5.62746048	0.90052903
12.85999969	5.62746048	0.91633856
12.86399969	5.62746048	0.91633856
12.86799969	5.62746048	0.90052903
12.87199969	5.62746048	0.91633856
12.87599969	5.62746048	0.90052903
12.87999969	5.62746048	0.91633856
12.88399969	5.62746048	0.90052903
12.88799969	5.62746048	0.91633856
12.89199969	5.62746048	0.91633856
12.89599969	5.62746048	0.91633856
12.89999969	5.62746048	0.90052903
12.90399969	5.62746048	0.91633856
12.90799969	5.62746048	0.90052903
12.91199969	5.62746048	0.91633856
12.91599969	5.62746048	0.91633856
12.91999969	5.62746048	0.91633856
12.92399969	5.62746048	0.91633856
12.92799969	5.62746048	0.91633856
12.93199969	5.62746048	0.90052903
12.93599969	5.78863192	0.91633856
12.93999969	5.62746048	0.91633856
12.94399969	5.62746048	0.91633856
12.94799969	5.62746048	0.91633856
12.95199969	5.62746048	0.91633856
12.95599969	5.62746048	0.91633856
12.95999969	5.62746048	0.91633856
12.96399969	5.62746048	0.91633856
12.96799969	5.62746048	0.91633856
12.97199969	5.62746048	0.90052903
12.97599969	5.62746048	0.91633856
12.97999969	5.62746048	0.90052903
12.98399969	5.62746048	0.91633856
12.98799969	5.62746048	0.91633856
12.99199969	5.62746048	0.90052903
12.99599969	5.62746048	0.91633856
12.99999969	5.62746048	0.91633856
13.00399969	5.62746048	0.90052903
13.00799969	5.62746048	0.91633856
13.01199969	5.62746048	0.91633856
13.01599969	5.62746048	0.91633856
13.01999969	5.62746048	0.91633856
13.02399969	5.62746048	0.91633856
13.02799969	5.62746048	0.90052903
13.03199969	5.62746048	0.91633856
13.03599969	5.62746048	0.91633856
13.03999969	5.62746048	0.91633856
13.04399969	5.62746048	0.90052903
13.04799969	5.62746048	0.91633856
13.05199969	5.62746048	0.91633856
13.05599968	5.62746048	0.91633856
13.05999968	5.62746048	0.91633856
13.06399968	5.62746048	0.91633856
13.06799968	5.62746048	0.90052903
13.07199968	5.62746048	0.91633856
13.07599968	5.62746048	0.90052903
13.07999968	5.62746048	0.91633856
13.08399968	5.62746048	0.90052903
13.08799968	5.62746048	0.91633856
13.09199968	5.62746048	0.90052903
13.09599968	5.62746048	0.91633856
13.09999968	5.62746048	0.91633856
13.10399968	5.62746048	0.91633856
13.10799968	5.62746048	0.90052903
13.11199968	5.62746048	0.91633856
13.11599968	5.62746048	0.90052903
13.11999968	5.62746048	0.90052903
13.12399968	5.78863192	0.90052903
13.12799968	5.78863192	0.91633856
13.13199968	5.78863192	0.91633856
13.13599968	5.62746048	0.90052903
13.13999968	5.78863192	0.90052903
13.14399968	5.78863192	0.91633856
13.14799968	5.78863192	0.90052903
13.15199968	5.78863192	0.91633856
13.15599968	5.78863192	0.90052903
13.15999968	5.78863192	0.91633856
13.16399968	5.78863192	0.90052903
13.16799968	5.78863192	0.90052903
13.17199968	5.78863192	0.90052903
13.17599968	5.94918776	0.91633856
13.17999968	5.78863192	0.90052903
13.18399968	5.78863192	0.91633856
13.18799968	5.78863192	0.90052903
13.19199968	5.78863192	0.91633856
13.19599968	5.78863192	0.90052903
13.19999968	5.94918776	0.91633856
13.20399968	5.94918776	0.91633856
13.20799968	5.78863192	0.91633856
13.21199968	5.78863192	0.90052903
13.21599968	5.78863192	0.91633856
13.21999968	5.78863192	0.91633856
13.22399968	5.78863192	0.91633856
13.22799968	5.94918776	0.91633856
13.23199968	5.94918776	0.91633856
13.23599968	5.78863192	0.91633856
13.23999968	5.78863192	0.91633856
13.24399968	5.78863192	0.91633856
13.24799968	5.78863192	0.91633856
13.25199968	5.94918776	0.91633856
13.25599968	5.94918776	0.91633856
13.25999968	5.78863192	0.91633856
13.26399968	5.78863192	0.90052903
13.26799968	5.78863192	0.90052903
13.27199968	5.78863192	0.91633856
13.27599968	5.78863192	0.91633856
13.27999968	5.94918776	0.91633856
13.28399968	5.78863192	0.91633856
13.28799968	5.78863192	0.91633856
13.29199968	5.78863192	0.90052903
13.29599968	5.78863192	0.90052903
13.29999968	5.78863192	0.90052903
13.30399968	5.94918776	0.91633856
13.30799968	5.78863192	0.91633856
13.31199968	5.78863192	0.90052903
13.31599968	5.78863192	0.90052903
13.31999968	5.78863192	0.91633856
13.32399968	5.78863192	0.90052903
13.32799968	5.78863192	0.91633856
13.33199968	5.78863192	0.90052903
13.33599968	5.78863192	0.91633856
13.33999968	5.78863192	0.90052903
13.34399968	5.78863192	0.91633856
13.34799968	5.78863192	0.90052903
13.35199968	5.78863192	0.91633856
13.35599968	5.78863192	0.90052903
13.35999968	5.78863192	0.90052903
13.36399968	5.78863192	0.90052903
13.36799968	5.78863192	0.91633856
13.37199968	5.78863192	0.90052903
13.37599968	5.78863192	0.91633856
13.37999968	5.78863192	0.91633856
13.38399968	5.78863192	0.91633856
13.38799968	5.78863192	0.90052903
13.39199968	5.78863192	0.90052903
13.39599968	5.78863192	0.91633856
13.39999968	5.62746048	0.91633856
13.40399968	5.78863192	0.91633856
13.40799967	5.62746048	0.91633856
13.41199967	5.62746048	0.91633856
13.41599967	5.62746048	0.91633856
13.41999967	5.62746048	0.91633856
13.42399967	5.62746048	0.91633856
13.42799967	5.62746048	0.90052903
13.43199967	5.62746048	0.91633856
13.43599967	5.62746048	0.91633856
13.43999967	5.62746048	0.91633856
13.44399967	5.62746048	0.90052903
13.44799967	5.62746048	0.91633856
13.45199967	5.62746048	0.90052903
13.45599967	5.62746048	0.91633856
13.45999967	5.62746048	0.90052903
13.46399967	5.62746048	0.91633856
13.46799967	5.62746048	0.91633856
13.47199967	5.62746048	0.91633856
13.47599967	5.62746048	0.91633856
13.47999967	5.62746048	0.91633856
13.48399967	5.62746048	0.91633856
13.48799967	5.62746048	0.91633856
13.49199967	5.62746048	0.90052903
13.49599967	5.62746048	0.90052903
13.49999967	5.62746048	0.91633856
13.50399967	5.62746048	0.91633856
13.50799967	5.62746048	0.91633856
13.51199967	5.62746048	0.91633856
13.51599967	5.62746048	0.91633856
13.51999967	5.62746048	0.90052903
13.52399967	5.62746048	0.90052903
13.52799967	5.62746048	0.91633856
13.53199967	5.62746048	0.90052903
13.53599967	5.62746048	0.91633856
13.53999967	5.62746048	0.90052903
13.54399967	5.62746048	0.91633856
13.54799967	5.62746048	0.91633856
13.55199967	5.62746048	0.90052903
13.55599967	5.62746048	0.90052903
13.55999967	5.62746048	0.91633856
13.56399967	5.62746048	0.91633856
13.56799967	5.62746048	0.91633856
13.57199967	5.62746048	0.90052903
13.57599967	5.46690464	0.90052903
13.57999967	5.62746048	0.90052903
13.58399967	5.62746048	0.91633856
13.58799967	5.62746048	0.91633856
13.59199967	5.62746048	0.91633856
13.59599967	5.62746048	0.91633856
13.59999967	5.62746048	0.91633856
13.60399967	5.62746048	0.90052903
13.60799967	5.62746048	0.91633856
13.61199967	5.62746048	0.91633856
13.61599967	5.62746048	0.91633856
13.61999967	5.62746048	0.90052903
13.62399967	5.62746048	0.90052903
13.62799967	5.62746048	0.90052903
13.63199967	5.62746048	0.91633856
13.63599967	5.62746048	0.91633856
13.63999967	5.62746048	0.91633856
13.64399967	5.62746048	0.90052903
13.64799967	5.62746048	0.91633856
13.65199967	5.62746048	0.90052903
13.65599967	5.62746048	0.91633856
13.65999967	5.62746048	0.91633856
13.66399967	5.62746048	0.91633856
13.66799967	5.62746048	0.91633856
13.67199967	5.62746048	0.91633856
13.67599967	5.62746048	0.90052903
13.67999967	5.62746048	0.91633856
13.68399967	5.62746048	0.91633856
13.68799967	5.62746048	0.91633856
13.69199967	5.62746048	0.90052903
13.69599967	5.62746048	0.91633856
13.69999967	5.62746048	0.91633856
13.70399967	5.62746048	0.91633856
13.70799967	5.62746048	0.90052903
13.71199967	5.62746048	0.91633856
13.71599967	5.62746048	0.90052903
13.71999967	5.62746048	0.91633856
13.72399967	5.62746048	0.91633856
13.72799967	5.62746048	0.91633856
13.73199967	5.62746048	0.91633856
13.73599967	5.62746048	0.91633856
13.73999967	5.62746048	0.91633856
13.74399967	5.62746048	0.91633856
13.74799967	5.62746048	0.90052903
13.75199967	5.78863192	0.90052903
13.75599967	5.78863192	0.91633856
13.75999967	5.62746048	0.91633856
13.76399966	5.62746048	0.90052903
13.76799966	5.62746048	0.90052903
13.77199966	5.62746048	0.90052903
13.77599966	5.78863192	0.91633856
13.77999966	5.62746048	0.90052903
13.78399966	5.62746048	0.90052903
13.78799966	5.62746048	0.90052903
13.79199966	5.62746048	0.91633856
13.79599966	5.62746048	0.90052903
13.79999966	5.62746048	0.91633856
13.80399966	5.62746048	0.90052903
13.80799966	5.62746048	0.91633856
13.81199966	5.62746048	0.91633856
13.81599966	5.62746048	0.90052903
13.81999966	5.62746048	0.90052903
13.82399966	5.78863192	0.91633856
13.82799966	5.62746048	0.91633856
13.83199966	5.62746048	0.91633856
13.83599966	5.62746048	0.91633856
13.83999966	5.62746048	0.90052903
13.84399966	5.62746048	0.90052903
13.84799966	5.62746048	0.91633856
13.85199966	5.62746048	0.90052903
13.85599966	5.62746048	0.91633856
13.85999966	5.62746048	0.91633856
13.86399966	5.62746048	0.91633856
13.86799966	5.46690464	0.90052903
13.87199966	5.62746048	0.90052903
13.87599966	5.62746048	0.90052903
13.87999966	5.62746048	0.91633856
13.88399966	5.62746048	0.90052903
13.88799966	5.62746048	0.90052903
13.89199966	5.62746048	0.90052903
13.89599966	5.62746048	0.90052903
13.89999966	5.46690464	0.90052903
13.90399966	5.46690464	0.91633856
13.90799966	5.62746048	0.90052903
13.91199966	5.62746048	0.91633856
13.91599966	5.62746048	0.90052903
13.91999966	5.46690464	0.90052903
13.92399966	5.46690464	0.90052903
13.92799966	5.62746048	0.90052903
13.93199966	5.46690464	0.90052903
13.93599966	5.46690464	0.91633856
13.93999966	5.62746048	0.90052903
13.94399966	5.62746048	0.91633856
13.94799966	5.46690464	0.90052903
13.95199966	5.46690464	0.90052903
13.95599966	5.46690464	0.90052903
13.95999966	5.62746048	0.91633856
13.96399966	5.46690464	0.90052903
13.96799966	5.62746048	0.90052903
13.97199966	5.46690464	0.90052903
13.97599966	5.62746048	0.90052903
13.97999966	5.62746048	0.91633856
13.98399966	5.46690464	0.91633856
13.98799966	5.46690464	0.90052903
13.99199966	5.62746048	0.90052903
13.99599966	5.62746048	0.90052903
13.99999966	5.62746048	0.90052903
14.00399966	5.46690464	0.91633856
14.00799966	5.46690464	0.91633856
14.01199966	5.46690464	0.90052903
14.01599966	5.46690464	0.90052903
14.01999966	5.62746048	0.91633856
14.02399966	5.62746048	0.90052903
14.02799966	5.46690464	0.91633856
14.03199966	5.46690464	0.90052903
14.03599966	5.46690464	0.90052903
14.03999966	5.46690464	0.90052903
14.04399966	5.46690464	0.90052903
14.04799966	5.62746048	0.91633856
14.05199966	5.62746048	0.91633856
14.05599966	5.62746048	0.91633856
14.05999966	5.62746048	0.90052903
14.06399966	5.62746048	0.91633856
14.06799966	5.62746048	0.90052903
14.07199966	5.62746048	0.90052903
14.07599966	5.62746048	0.90052903
14.07999966	5.62746048	0.90052903
14.08399966	5.62746048	0.90052903
14.08799966	5.62746048	0.90052903
14.09199966	5.62746048	0.90052903
14.09599966	5.62746048	0.91633856
14.09999966	5.62746048	0.90052903
14.10399966	5.78863192	0.91633856
14.10799966	5.78863192	0.90052903
14.11199966	5.62746048	0.90052903
14.11599965	5.62746048	0.91633856
14.11999965	5.78863192	0.91633856
14.12399965	5.78863192	0.90052903
14.12799965	5.78863192	0.91633856
14.13199965	5.78863192	0.90052903
14.13599965	5.78863192	0.90052903
14.13999965	5.78863192	0.90052903
14.14399965	5.78863192	0.90052903
14.14799965	5.62746048	0.90052903
14.15199965	5.78863192	0.90052903
14.15599965	5.78863192	0.91633856
14.15999965	5.78863192	0.90052903
14.16399965	5.78863192	0.90052903
14.16799965	5.78863192	0.91633856
14.17199965	5.78863192	0.90052903
14.17599965	5.78863192	0.90052903
14.17999965	5.78863192	0.90052903
14.18399965	5.78863192	0.91633856
14.18799965	5.78863192	0.90052903
14.19199965	5.78863192	0.90052903
14.19599965	5.78863192	0.90052903
14.19999965	5.78863192	0.91633856
14.20399965	5.62746048	0.90052903
14.20799965	5.78863192	0.90052903
14.21199965	5.78863192	0.90052903
14.21599965	5.78863192	0.90052903
14.21999965	5.78863192	0.90052903
14.22399965	5.78863192	0.91633856
14.22799965	5.78863192	0.90052903
14.23199965	5.78863192	0.91633856
14.23599965	5.78863192	0.90052903
14.23999965	5.78863192	0.91633856
14.24399965	5.78863192	0.90052903
14.24799965	5.78863192	0.91633856
14.25199965	5.78863192	0.90052903
14.25599965	5.78863192	0.91633856
14.25999965	5.78863192	0.90052903
14.26399965	5.78863192	0.90052903
14.26799965	5.78863192	0.90052903
14.27199965	5.62746048	0.90052903
14.27599965	5.78863192	0.90052903
14.27999965	5.78863192	0.90052903
14.28399965	5.78863192	0.90052903
14.28799965	5.78863192	0.90052903
14.29199965	5.78863192	0.90052903
14.29599965	5.78863192	0.91633856
14.29999965	5.78863192	0.90052903
14.30399965	5.62746048	0.90052903
14.30799965	5.62746048	0.90052903
14.31199965	5.78863192	0.90052903
14.31599965	5.78863192	0.91633856
14.31999965	5.62746048	0.90052903
14.32399965	5.62746048	0.90052903
14.32799965	5.62746048	0.90052903
14.33199965	5.78863192	0.90052903
14.33599965	5.78863192	0.91633856
14.33999965	5.62746048	0.91633856
14.34399965	5.62746048	0.91633856
14.34799965	5.62746048	0.90052903
14.35199965	5.62746048	0.91633856
14.35599965	5.62746048	0.90052903
14.35999965	5.62746048	0.90052903
14.36399965	5.78863192	0.90052903
14.36799965	5.62746048	0.90052903
14.37199965	5.62746048	0.90052903
14.37599965	5.62746048	0.90052903
14.37999965	5.62746048	0.90052903
14.38399965	5.62746048	0.90052903
14.38799965	5.62746048	0.91633856
14.39199965	5.62746048	0.91633856
14.39599965	5.62746048	0.91633856
14.39999965	5.62746048	0.90052903
14.40399965	5.46690464	0.90052903
14.40799965	5.62746048	0.91633856
14.41199965	5.62746048	0.90052903
14.41599965	5.62746048	0.90052903
14.41999965	5.62746048	0.90052903
14.42399965	5.62746048	0.90052903
14.42799965	5.46690464	0.90052903
14.43199965	5.46690464	0.90052903
14.43599965	5.62746048	0.90052903
14.43999965	5.62746048	0.90052903
14.44399965	5.62746048	0.90052903
14.44799965	5.62746048	0.90052903
14.45199965	5.62746048	0.90052903
14.45599965	5.46690464	0.90052903
14.45999965	5.46690464	0.91633856
14.46399965	5.62746048	0.90052903
14.46799964	5.62746048	0.90052903
14.47199964	5.62746048	0.91633856
14.47599964	5.62746048	0.90052903
14.47999964	5.46690464	0.90052903
14.48399964	5.62746048	0.90052903
14.48799964	5.62746048	0.90052903
14.49199964	5.62746048	0.90052903
14.49599964	5.62746048	0.90052903
14.49999964	5.62746048	0.91633856
14.50399964	5.62746048	0.90052903
14.50799964	5.62746048	0.90052903
14.51199964	5.46690464	0.90052903
14.51599964	5.62746048	0.90052903
14.51999964	5.62746048	0.90052903
14.52399964	5.62746048	0.90052903
14.52799964	5.62746048	0.90052903
14.53199964	5.62746048	0.90052903
14.53599964	5.62746048	0.90052903
14.53999964	5.62746048	0.90052903
14.54399964	5.62746048	0.91633856
14.54799964	5.62746048	0.90052903
14.55199964	5.62746048	0.90052903
14.55599964	5.62746048	0.90052903
14.55999964	5.62746048	0.90052903
14.56399964	5.62746048	0.90052903
14.56799964	5.62746048	0.90052903
14.57199964	5.62746048	0.90052903
14.57599964	5.62746048	0.90052903
14.57999964	5.62746048	0.90052903
14.58399964	5.62746048	0.90052903
14.58799964	5.62746048	0.90052903
14.59199964	5.62746048	0.90052903
14.59599964	5.62746048	0.90052903
14.59999964	5.62746048	0.90052903
14.60399964	5.62746048	0.90052903
14.60799964	5.62746048	0.91633856
14.61199964	5.62746048	0.90052903
14.61599964	5.62746048	0.90052903
14.61999964	5.62746048	0.90052903
14.62399964	5.62746048	0.91633856
14.62799964	5.62746048	0.90052903
14.63199964	5.78863192	0.91633856
14.63599964	5.62746048	0.90052903
14.63999964	5.62746048	0.90052903
14.64399964	5.62746048	0.90052903
14.64799964	5.62746048	0.91633856
14.65199964	5.62746048	0.90052903
14.65599964	5.78863192	0.90052903
14.65999964	5.62746048	0.90052903
14.66399964	5.62746048	0.90052903
14.66799964	5.62746048	0.90052903
14.67199964	5.62746048	0.90052903
14.67599964	5.62746048	0.90052903
14.67999964	5.78863192	0.90052903
14.68399964	5.78863192	0.90052903
14.68799964	5.62746048	0.90052903
14.69199964	5.62746048	0.90052903
14.69599964	5.62746048	0.90052903
14.69999964	5.62746048	0.90052903
14.70399964	5.62746048	0.90052903
14.70799964	5.62746048	0.90052903
14.71199964	5.62746048	0.90052903
14.71599964	5.62746048	0.90052903
14.71999964	5.62746048	0.90052903
14.72399964	5.62746048	0.90052903
14.72799964	5.62746048	0.90052903
14.73199964	5.62746048	0.90052903
14.73599964	5.62746048	0.90052903
14.73999964	5.62746048	0.90052903
14.74399964	5.62746048	0.90052903
14.74799964	5.62746048	0.90052903
14.75199964	5.62746048	0.90052903
14.75599964	5.62746048	0.90052903
14.75999964	5.62746048	0.90052903
14.76399964	5.62746048	0.90052903
14.76799964	5.62746048	0.90052903
14.77199964	5.62746048	0.90052903
14.77599964	5.62746048	0.90052903
14.77999964	5.62746048	0.90052903
14.78399964	5.62746048	0.90052903
14.78799964	5.62746048	0.90052903
14.79199964	5.62746048	0.90052903
14.79599964	5.62746048	0.90052903
14.79999964	5.62746048	0.90052903
14.80399964	5.62746048	0.90052903
14.80799964	5.62746048	0.90052903
14.81199964	5.78863192	0.90052903
14.81599964	5.62746048	0.91633856
14.81999964	5.62746048	0.90052903
14.82399963	5.62746048	0.90052903
14.82799963	5.62746048	0.90052903
14.83199963	5.62746048	0.90052903
14.83599963	5.78863192	0.90052903
14.83999963	5.62746048	0.90052903
14.84399963	5.62746048	0.90052903
14.84799963	5.78863192	0.90052903
14.85199963	5.78863192	0.90052903
14.85599963	5.62746048	0.90052903
14.85999963	5.62746048	0.90052903
14.86399963	5.78863192	0.90052903
14.86799963	5.78863192	0.90052903
14.87199963	5.78863192	0.90052903
14.87599963	5.62746048	0.90052903
14.87999963	5.62746048	0.90052903
14.88399963	5.78863192	0.90052903
14.88799963	5.78863192	0.90052903
14.89199963	5.62746048	0.90052903
14.89599963	5.62746048	0.90052903
14.89999963	5.78863192	0.90052903
14.90399963	5.78863192	0.91633856
14.90799963	5.78863192	0.90052903
14.91199963	5.62746048	0.90052903
14.91599963	5.62746048	0.90052903
14.91999963	5.62746048	0.90052903
14.92399963	5.62746048	0.90052903
14.92799963	5.78863192	0.90052903
14.93199963	5.62746048	0.90052903
14.93599963	5.62746048	0.90052903
14.93999963	5.62746048	0.90052903
14.94399963	5.62746048	0.90052903
14.94799963	5.62746048	0.90052903
14.95199963	5.78863192	0.90052903
14.95599963	5.78863192	0.90052903
14.95999963	5.62746048	0.90052903
14.96399963	5.62746048	0.90052903
14.96799963	5.62746048	0.90052903
14.97199963	5.62746048	0.90052903
14.97599963	5.62746048	0.90052903
14.97999963	5.78863192	0.90052903
14.98399963	5.78863192	0.90052903
14.98799963	5.62746048	0.90052903
14.99199963	5.62746048	0.90052903
14.99599963	5.62746048	0.90052903
14.99999963	5.62746048	0.90052903
15.00399963	5.62746048	0.90052903
15.00799963	5.62746048	0.90052903
15.01199963	5.62746048	0.90052903
15.01599963	5.62746048	0.90052903
15.01999963	5.62746048	0.90052903
15.02399963	5.62746048	0.90052903
15.02799963	5.62746048	0.90052903
15.03199963	5.62746048	0.90052903
15.03599963	5.62746048	0.90052903
15.03999963	5.78863192	0.91633856
15.04399963	5.62746048	0.90052903
15.04799963	5.62746048	0.90052903
15.05199963	5.62746048	0.90052903
15.05599963	5.62746048	0.90052903
15.05999963	5.62746048	0.90052903
15.06399963	5.62746048	0.90052903
15.06799963	5.62746048	0.91633856
15.07199963	5.62746048	0.90052903
15.07599963	5.46690464	0.91633856
15.07999963	5.46690464	0.90052903
15.08399963	5.62746048	0.90052903
15.08799963	5.62746048	0.90052903
15.09199963	5.62746048	0.90052903
15.09599963	5.62746048	0.90052903
15.09999963	5.46690464	0.90052903
15.10399963	5.46690464	0.90052903
15.10799963	5.46690464	0.90052903
15.11199963	5.46690464	0.90052903
15.11599963	5.62746048	0.90052903
15.11999963	5.62746048	0.90052903
15.12399963	5.46690464	0.90052903
15.12799963	5.46690464	0.90052903
15.13199963	5.46690464	0.90052903
15.13599963	5.46690464	0.90052903
15.13999963	5.46690464	0.91633856
15.14399963	5.46690464	0.91633856
15.14799963	5.46690464	0.90052903
15.15199963	5.46690464	0.90052903
15.15599963	5.46690464	0.90052903
15.15999963	5.46690464	0.90052903
15.16399963	5.46690464	0.90052903
15.16799963	5.46690464	0.90052903
15.17199963	5.46690464	0.90052903
15.17599962	5.62746048	0.90052903
15.17999962	5.46690464	0.90052903
15.18399962	5.46690464	0.90052903
15.18799962	5.46690464	0.90052903
15.19199962	5.46690464	0.90052903
15.19599962	5.46690464	0.90052903
15.19999962	5.46690464	0.90052903
15.20399962	5.46690464	0.90052903
15.20799962	5.46690464	0.90052903
15.21199962	5.46690464	0.90052903
15.21599962	5.46690464	0.90052903
15.21999962	5.46690464	0.90052903
15.22399962	5.46690464	0.90052903
15.22799962	5.62746048	0.90052903
15.23199962	5.46690464	0.90052903
15.23599962	5.46690464	0.90052903
15.23999962	5.46690464	0.90052903
15.24399962	5.46690464	0.90052903
15.24799962	5.62746048	0.90052903
15.25199962	5.62746048	0.90052903
15.25599962	5.62746048	0.90052903
15.25999962	5.62746048	0.90052903
15.26399962	5.62746048	0.91633856
15.26799962	5.62746048	0.90052903
15.27199962	5.62746048	0.90052903
15.27599962	5.46690464	0.90052903
15.27999962	5.62746048	0.91633856
15.28399962	5.62746048	0.90052903
15.28799962	5.62746048	0.90052903
15.29199962	5.46690464	0.90052903
15.29599962	5.46690464	0.90052903
15.29999962	5.62746048	0.90052903
15.30399962	5.62746048	0.90052903
15.30799962	5.62746048	0.90052903
15.31199962	5.62746048	0.90052903
15.31599962	5.46690464	0.90052903
15.31999962	5.46690464	0.90052903
15.32399962	5.46690464	0.90052903
15.32799962	5.62746048	0.90052903
15.33199962	5.62746048	0.90052903
15.33599962	5.62746048	0.90052903
15.33999962	5.62746048	0.90052903
15.34399962	5.46690464	0.90052903
15.34799962	5.46690464	0.90052903
15.35199962	5.46690464	0.90052903
15.35599962	5.62746048	0.90052903
15.35999962	5.62746048	0.90052903
15.36399962	5.46690464	0.90052903
15.36799962	5.46690464	0.90052903
15.37199962	5.46690464	0.90052903
15.37599962	5.46690464	0.91633856
15.37999962	5.62746048	0.91633856
15.38399962	5.46690464	0.90052903
15.38799962	5.46690464	0.90052903
15.39199962	5.46690464	0.90052903
15.39599962	5.46690464	0.90052903
15.39999962	5.46690464	0.90052903
15.40399962	5.46690464	0.90052903
15.40799962	5.46690464	0.90052903
15.41199962	5.46690464	0.90052903
15.41599962	5.46690464	0.90052903
15.41999962	5.30634832	0.90052903
15.42399962	5.46690464	0.90052903
15.42799962	5.30634832	0.90052903
15.43199962	5.46690464	0.90052903
15.43599962	5.46690464	0.90052903
15.43999962	5.30634832	0.90052903
15.44399962	5.30634832	0.90052903
15.44799962	5.30634832	0.90052903
15.45199962	5.30634832	0.90052903
15.45599962	5.30634832	0.90052903
15.45999962	5.30634832	0.90052903
15.46399962	5.30634832	0.90052903
15.46799962	5.14517736	0.90052903
15.47199962	5.30634832	0.90052903
15.47599962	5.30634832	0.90052903
15.47999962	5.30634832	0.90052903
15.48399962	5.30634832	0.90052903
15.48799962	5.14517736	0.90052903
15.49199962	5.14517736	0.90052903
15.49599962	5.14517736	0.90052903
15.49999962	5.30634832	0.90052903
15.50399962	5.14517736	0.90052903
15.50799962	5.14517736	0.90052903
15.51199962	5.14517736	0.90052903
15.51599962	5.14517736	0.90052903
15.51999962	5.14517736	0.90052903
15.52399962	5.14517736	0.90052903
15.52799962	5.14517736	0.90052903
15.53199961	5.14517736	0.90052903
15.53599961	5.14517736	0.90052903
15.53999961	5.14517736	0.90052903
15.54399961	5.14517736	0.91633856
15.54799961	5.14517736	0.90052903
15.55199961	5.30634832	0.90052903
15.55599961	5.14517736	0.90052903
15.55999961	5.14517736	0.90052903
15.56399961	5.14517736	0.90052903
15.56799961	5.14517736	0.90052903
15.57199961	5.30634832	0.90052903
15.57599961	5.30634832	0.90052903
15.57999961	5.14517736	0.90052903
15.58399961	5.14517736	0.90052903
15.58799961	5.14517736	0.90052903
15.59199961	5.14517736	0.90052903
15.59599961	5.30634832	0.90052903
15.59999961	5.14517736	0.91633856
15.60399961	5.30634832	0.90052903
15.60799961	5.14517736	0.91633856
15.61199961	5.14517736	0.90052903
15.61599961	5.30634832	0.90052903
15.61999961	5.14517736	0.90052903
15.62399961	5.30634832	0.90052903
15.62799961	5.30634832	0.90052903
15.63199961	5.30634832	0.90052903
15.63599961	5.14517736	0.90052903
15.63999961	5.30634832	0.90052903
15.64399961	5.30634832	0.90052903
15.64799961	5.30634832	0.90052903
15.65199961	5.30634832	0.90052903
15.65599961	5.30634832	0.90052903
15.65999961	5.30634832	0.90052903
15.66399961	5.30634832	0.90052903
15.66799961	5.30634832	0.90052903
15.67199961	5.30634832	0.90052903
15.67599961	5.46690464	0.90052903
15.67999961	5.46690464	0.90052903
15.68399961	5.30634832	0.90052903
15.68799961	5.30634832	0.90052903
15.69199961	5.46690464	0.90052903
15.69599961	5.46690464	0.90052903
15.69999961	5.46690464	0.90052903
15.70399961	5.46690464	0.90052903
15.70799961	5.46690464	0.90052903
15.71199961	5.46690464	0.90052903
15.71599961	5.46690464	0.90052903
15.71999961	5.46690464	0.90052903
15.72399961	5.46690464	0.90052903
15.72799961	5.46690464	0.90052903
15.73199961	5.46690464	0.90052903
15.73599961	5.46690464	0.90052903
15.73999961	5.46690464	0.90052903
15.74399961	5.62746048	0.90052903
15.74799961	5.62746048	0.90052903
15.75199961	5.46690464	0.90052903
15.75599961	5.46690464	0.90052903
15.75999961	5.62746048	0.90052903
15.76399961	5.62746048	0.90052903
15.76799961	5.62746048	0.90052903
15.77199961	5.62746048	0.90052903
15.77599961	5.62746048	0.90052903
15.77999961	5.62746048	0.90052903
15.78399961	5.62746048	0.90052903
15.78799961	5.62746048	0.90052903
15.79199961	5.62746048	0.90052903
15.79599961	5.62746048	0.90052903
15.79999961	5.62746048	0.90052903
15.80399961	5.62746048	0.90052903
15.80799961	5.62746048	0.90052903
15.81199961	5.78863192	0.90052903
15.81599961	5.62746048	0.90052903
15.81999961	5.62746048	0.90052903
15.82399961	5.78863192	0.90052903
15.82799961	5.78863192	0.90052903
15.83199961	5.78863192	0.90052903
15.83599961	5.78863192	0.90052903
15.83999961	5.78863192	0.90052903
15.84399961	5.78863192	0.90052903
15.84799961	5.78863192	0.90052903
15.85199961	5.78863192	0.90052903
15.85599961	5.78863192	0.90052903
15.85999961	5.78863192	0.90052903
15.86399961	5.78863192	0.90052903
15.86799961	5.78863192	0.90052903
15.87199961	5.78863192	0.90052903
15.87599961	5.78863192	0.90052903
15.87999961	5.94918776	0.90052903
15.88399960	5.78863192	0.90052903
15.88799960	5.78863192	0.90052903
15.89199960	5.78863192	0.90052903
15.89599960	5.78863192	0.90052903
15.89999960	5.78863192	0.90052903
15.90399960	5.78863192	0.90052903
15.90799960	5.78863192	0.90052903
15.91199960	5.94918776	0.90052903
15.91599960	5.94918776	0.90052903
15.91999960	5.78863192	0.90052903
15.92399960	5.78863192	0.90052903
15.92799960	5.78863192	0.90052903
15.93199960	5.78863192	0.90052903
15.93599960	5.94918776	0.90052903
15.93999960	5.78863192	0.90052903
15.94399960	5.78863192	0.90052903
15.94799960	5.94918776	0.90052903
15.95199960	5.94918776	0.90052903
15.95599960	5.94918776	0.90052903
15.95999960	5.78863192	0.90052903
15.96399960	5.94918776	0.90052903
15.96799960	5.94918776	0.90052903
15.97199960	5.94918776	0.90052903
15.97599960	5.94918776	0.90052903
15.97999960	5.94918776	0.90052903
15.98399960	5.94918776	0.90052903
15.98799960	5.78863192	0.90052903
15.99199960	5.94918776	0.90052903
15.99599960	5.94918776	0.90052903
15.99999960	5.94918776	0.90052903
16.00399960	5.94918776	0.90052903
16.00799960	5.78863192	0.90052903
16.01199960	5.78863192	0.90052903
16.01599960	5.78863192	0.90052903
16.01999960	5.94918776	0.90052903
16.02399960	5.94918776	0.90052903
16.02799960	5.94918776	0.90052903
16.03199960	5.94918776	0.90052903
16.03599960	5.78863192	0.90052903
16.03999960	5.78863192	0.90052903
16.04399960	5.94918776	0.90052903
16.04799960	5.94918776	0.90052903
16.05199960	5.94918776	0.90052903
16.05599960	5.94918776	0.90052903
16.05999960	5.78863192	0.90052903
16.06399960	5.78863192	0.90052903
16.06799960	5.94918776	0.90052903
16.07199960	5.94918776	0.90052903
16.07599960	5.94918776	0.90052903
16.07999960	5.94918776	0.90052903
16.08399960	5.94918776	0.90052903
16.08799960	5.78863192	0.90052903
16.09199960	5.78863192	0.90052903
16.09599960	5.78863192	0.90052903
16.09999960	5.94918776	0.90052903
16.10399960	5.94918776	0.90052903
16.10799960	5.94918776	0.90052903
16.11199960	5.78863192	0.90052903
16.11599960	5.78863192	0.90052903
16.11999960	5.78863192	0.90052903
16.12399960	5.78863192	0.90052903
16.12799960	5.94918776	0.90052903
16.13199960	5.94918776	0.90052903
16.13599960	5.94918776	0.90052903
16.13999960	5.78863192	0.90052903
16.14399960	5.78863192	0.90052903
16.14799960	5.78863192	0.90052903
16.15199960	5.78863192	0.90052903
16.15599960	5.78863192	0.90052903
16.15999960	5.94918776	0.90052903
16.16399960	5.94918776	0.90052903
16.16799960	5.78863192	0.90052903
16.17199960	5.78863192	0.90052903
16.17599960	5.78863192	0.90052903
16.17999960	5.78863192	0.90052903
16.18399960	5.78863192	0.90052903
16.18799960	5.94918776	0.90052903
16.19199960	5.78863192	0.90052903
16.19599960	5.78863192	0.90052903
16.19999960	5.78863192	0.90052903
16.20399960	5.78863192	0.90052903
16.20799960	5.78863192	0.90052903
16.21199960	5.78863192	0.90052903
16.21599960	5.78863192	0.90052903
16.21999960	5.78863192	0.90052903
16.22399960	5.78863192	0.90052903
16.22799960	5.62746048	0.90052903
16.23199960	5.62746048	0.90052903
16.23599959	5.78863192	0.90052903
16.23999959	5.78863192	0.90052903
16.24399959	5.78863192	0.90052903
16.24799959	5.62746048	0.90052903
16.25199959	5.62746048	0.90052903
16.25599959	5.62746048	0.90052903
16.25999959	5.62746048	0.90052903
16.26399959	5.78863192	0.90052903
16.26799959	5.78863192	0.90052903
16.27199959	5.62746048	0.90052903
16.27599959	5.62746048	0.90052903
16.27999959	5.62746048	0.90052903
16.28399959	5.62746048	0.90052903
16.28799959	5.62746048	0.90052903
16.29199959	5.78863192	0.90052903
16.29599959	5.62746048	0.90052903
16.29999959	5.62746048	0.90052903
16.30399959	5.62746048	0.90052903
16.30799959	5.62746048	0.90052903
16.31199959	5.62746048	0.90052903
16.31599959	5.62746048	0.90052903
16.31999959	5.62746048	0.90052903
16.32399959	5.62746048	0.90052903
16.32799959	5.62746048	0.90052903
16.33199959	5.62746048	0.90052903
16.33599959	5.46690464	0.90052903
16.33999959	5.62746048	0.90052903
16.34399959	5.62746048	0.90052903
16.34799959	5.62746048	0.90052903
16.35199959	5.62746048	0.90052903
16.35599959	5.62746048	0.90052903
16.35999959	5.62746048	0.90052903
16.36399959	5.62746048	0.90052903
16.36799959	5.62746048	0.90052903
16.37199959	5.62746048	0.90052903
16.37599959	5.62746048	0.90052903
16.37999959	5.62746048	0.90052903
16.38399959	5.62746048	0.90052903
16.38799959	5.46690464	0.90052903
16.39199959	5.46690464	0.90052903
16.39599959	5.62746048	0.90052903
16.39999959	5.62746048	0.90052903
16.40399959	5.62746048	0.90052903
16.40799959	5.62746048	0.90052903
16.41199959	5.62746048	0.90052903
16.41599959	5.62746048	0.90052903
16.41999959	5.62746048	0.90052903
16.42399959	5.62746048	0.90052903
16.42799959	5.62746048	0.90052903
16.43199959	5.62746048	0.90052903
16.43599959	5.62746048	0.90052903
16.43999959	5.62746048	0.90052903
16.44399959	5.46690464	0.90052903
16.44799959	5.62746048	0.90052903
16.45199959	5.62746048	0.90052903
16.45599959	5.62746048	0.90052903
16.45999959	5.62746048	0.90052903
16.46399959	5.62746048	0.90052903
16.46799959	5.46690464	0.90052903
16.47199959	5.62746048	0.90052903
16.47599959	5.62746048	0.90052903
16.47999959	5.62746048	0.90052903
16.48399959	5.62746048	0.90052903
16.48799959	5.62746048	0.90052903
16.49199959	5.62746048	0.90052903
16.49599959	5.46690464	0.90052903
16.49999959	5.46690464	0.90052903
16.50399959	5.62746048	0.90052903
16.50799959	5.62746048	0.90052903
16.51199959	5.46690464	0.90052903
16.51599959	5.46690464	0.90052903
16.51999959	5.46690464	0.90052903
16.52399959	5.46690464	0.90052903
16.52799959	5.46690464	0.90052903
16.53199959	5.46690464	0.90052903
16.53599959	5.46690464	0.90052903
16.53999959	5.46690464	0.90052903
16.54399959	5.46690464	0.90052903
16.54799959	5.46690464	0.90052903
16.55199959	5.46690464	0.90052903
16.55599959	5.46690464	0.90052903
16.55999959	5.46690464	0.90052903
16.56399959	5.46690464	0.90052903
16.56799959	5.46690464	0.90052903
16.57199959	5.46690464	0.90052903
16.57599959	5.46690464	0.90052903
16.57999959	5.46690464	0.90052903
16.58399959	5.46690464	0.90052903
16.58799959	5.46690464	0.90052903
16.59199958	5.46690464	0.90052903
16.59599958	5.62746048	0.90052903
16.59999958	5.46690464	0.90052903
16.60399958	5.46690464	0.90052903
16.60799958	5.46690464	0.90052903
16.61199958	5.46690464	0.90052903
16.61599958	5.46690464	0.90052903
16.61999958	5.62746048	0.90052903
16.62399958	5.62746048	0.90052903
16.62799958	5.62746048	0.90052903
16.63199958	5.62746048	0.90052903
16.63599958	5.46690464	0.90052903
16.63999958	5.46690464	0.90052903
16.64399958	5.62746048	0.90052903
16.64799958	5.62746048	0.90052903
16.65199958	5.62746048	0.90052903
16.65599958	5.62746048	0.90052903
16.65999958	5.62746048	0.90052903
16.66399958	5.46690464	0.90052903
16.66799958	5.46690464	0.90052903
16.67199958	5.62746048	0.90052903
16.67599958	5.62746048	0.90052903
16.67999958	5.62746048	0.90052903
16.68399958	5.62746048	0.90052903
16.68799958	5.46690464	0.90052903
16.69199958	5.62746048	0.90052903
16.69599958	5.62746048	0.90052903
16.69999958	5.62746048	0.90052903
16.70399958	5.62746048	0.90052903
16.70799958	5.62746048	0.90052903
16.71199958	5.46690464	0.90052903
16.71599958	5.46690464	0.90052903
16.71999958	5.46690464	0.90052903
16.72399958	5.46690464	0.90052903
16.72799958	5.62746048	0.90052903
16.73199958	5.62746048	0.90052903
16.73599958	5.46690464	0.90052903
16.73999958	5.46690464	0.90052903
16.74399958	5.46690464	0.90052903
16.74799958	5.46690464	0.90052903
16.75199958	5.46690464	0.90052903
16.75599958	5.46690464	0.90052903
16.75999958	5.46690464	0.90052903
16.76399958	5.46690464	0.90052903
16.76799958	5.46690464	0.90052903
16.77199958	5.46690464	0.90052903
16.77599958	5.46690464	0.90052903
16.77999958	5.46690464	0.90052903
16.78399958	5.46690464	0.90052903
16.78799958	5.46690464	0.90052903
16.79199958	5.46690464	0.90052903
16.79599958	5.46690464	0.90052903
16.79999958	5.46690464	0.90052903
16.80399958	5.30634832	0.90052903
16.80799958	5.46690464	0.90052903
16.81199958	5.46690464	0.90052903
16.81599958	5.46690464	0.90052903
16.81999958	5.46690464	0.90052903
16.82399958	5.46690464	0.90052903
16.82799958	5.30634832	0.90052903
16.83199958	5.46690464	0.90052903
16.83599958	5.46690464	0.90052903
16.83999958	5.30634832	0.90052903
16.84399958	5.46690464	0.90052903
16.84799958	5.46690464	0.90052903
16.85199958	5.46690464	0.90052903
16.85599958	5.46690464	0.90052903
16.85999958	5.30634832	0.90052903
16.86399958	5.30634832	0.90052903
16.86799958	5.46690464	0.90052903
16.87199958	5.46690464	0.90052903
16.87599958	5.30634832	0.90052903
16.87999958	5.30634832	0.90052903
16.88399958	5.46690464	0.90052903
16.88799958	5.46690464	0.90052903
16.89199958	5.30634832	0.90052903
16.89599958	5.30634832	0.90052903
16.89999958	5.46690464	0.90052903
16.90399958	5.46690464	0.90052903
16.90799958	5.46690464	0.90052903
16.91199958	5.30634832	0.90052903
16.91599958	5.30634832	0.90052903
16.91999958	5.46690464	0.90052903
16.92399958	5.46690464	0.90052903
16.92799958	5.30634832	0.90052903
16.93199958	5.46690464	0.90052903
16.93599958	5.46690464	0.90052903
16.93999958	5.46690464	0.90052903
16.94399957	5.30634832	0.90052903
16.94799957	5.30634832	0.90052903
16.95199957	5.46690464	0.90052903
16.95599957	5.46690464	0.90052903
16.95999957	5.46690464	0.90052903
16.96399957	5.30634832	0.90052903
16.96799957	5.46690464	0.90052903
16.97199957	5.46690464	0.90052903
16.97599957	5.46690464	0.90052903
16.97999957	5.46690464	0.90052903
16.98399957	5.46690464	0.90052903
16.98799957	5.46690464	0.90052903
16.99199957	5.46690464	0.90052903
16.99599957	5.46690464	0.90052903
16.99999957	5.46690464	0.90052903
17.00399957	5.46690464	0.90052903
17.00799957	5.46690464	0.90052903
17.01199957	5.46690464	0.90052903
17.01599957	5.46690464	0.90052903
17.01999957	5.46690464	0.90052903
17.02399957	5.46690464	0.90052903
17.02799957	5.46690464	0.90052903
17.03199957	5.46690464	0.90052903
17.03599957	5.46690464	0.90052903
17.03999957	5.46690464	0.90052903
17.04399957	5.46690464	0.90052903
17.04799957	5.46690464	0.90052903
17.05199957	5.46690464	0.90052903
17.05599957	5.46690464	0.90052903
17.05999957	5.46690464	0.90052903
17.06399957	5.46690464	0.90052903
17.06799957	5.46690464	0.90052903
17.07199957	5.46690464	0.90052903
17.07599957	5.46690464	0.90052903
17.07999957	5.46690464	0.90052903
17.08399957	5.46690464	0.90052903
17.08799957	5.46690464	0.90052903
17.09199957	5.46690464	0.90052903
17.09599957	5.46690464	0.90052903
17.09999957	5.46690464	0.90052903
17.10399957	5.46690464	0.90052903
17.10799957	5.46690464	0.90052903
17.11199957	5.46690464	0.90052903
17.11599957	5.46690464	0.90052903
17.11999957	5.46690464	0.90052903
17.12399957	5.46690464	0.90052903
17.12799957	5.46690464	0.90052903
17.13199957	5.46690464	0.90052903
17.13599957	5.46690464	0.90052903
17.13999957	5.62746048	0.90052903
17.14399957	5.46690464	0.90052903
17.14799957	5.46690464	0.90052903
17.15199957	5.46690464	0.90052903
17.15599957	5.62746048	0.90052903
17.15999957	5.62746048	0.90052903
17.16399957	5.46690464	0.90052903
17.16799957	5.46690464	0.90052903
17.17199957	5.46690464	0.90052903
17.17599957	5.62746048	0.90052903
17.17999957	5.62746048	0.90052903
17.18399957	5.46690464	0.90052903
17.18799957	5.46690464	0.90052903
17.19199957	5.62746048	0.90052903
17.19599957	5.46690464	0.90052903
17.19999957	5.46690464	0.90052903
17.20399957	5.46690464	0.90052903
17.20799957	5.46690464	0.90052903
17.21199957	5.46690464	0.90052903
17.21599957	5.62746048	0.90052903
17.21999957	5.46690464	0.90052903
17.22399957	5.46690464	0.90052903
17.22799957	5.46690464	0.90052903
17.23199957	5.46690464	0.90052903
17.23599957	5.46690464	0.90052903
17.23999957	5.62746048	0.90052903
17.24399957	5.62746048	0.90052903
17.24799957	5.46690464	0.90052903
17.25199957	5.46690464	0.90052903
17.25599957	5.62746048	0.90052903
17.25999957	5.62746048	0.90052903
17.26399957	5.62746048	0.90052903
17.26799957	5.62746048	0.90052903
17.27199957	5.62746048	0.90052903
17.27599957	5.62746048	0.90052903
17.27999957	5.62746048	0.90052903
17.28399957	5.62746048	0.90052903
17.28799957	5.62746048	0.90052903
17.29199957	5.78863192	0.90052903
17.29599957	5.62746048	0.90052903
17.29999956	5.62746048	0.90052903
17.30399956	5.62746048	0.90052903
17.30799956	5.62746048	0.88471949
17.31199956	5.78863192	0.90052903
17.31599956	5.78863192	0.90052903
17.31999956	5.78863192	0.90052903
17.32399956	5.78863192	0.90052903
17.32799956	5.78863192	0.90052903
17.33199956	5.78863192	0.90052903
17.33599956	5.78863192	0.90052903
17.33999956	5.78863192	0.90052903
17.34399956	5.78863192	0.90052903
17.34799956	5.78863192	0.90052903
17.35199956	5.78863192	0.90052903
17.35599956	5.78863192	0.90052903
17.35999956	5.78863192	0.90052903
17.36399956	5.78863192	0.90052903
17.36799956	5.78863192	0.90052903
17.37199956	5.78863192	0.90052903
17.37599956	5.78863192	0.90052903
17.37999956	5.78863192	0.90052903
17.38399956	5.78863192	0.90052903
17.38799956	5.78863192	0.90052903
17.39199956	5.78863192	0.90052903
17.39599956	5.78863192	0.90052903
17.39999956	5.78863192	0.90052903
17.40399956	5.78863192	0.90052903
17.40799956	5.78863192	0.90052903
17.41199956	5.78863192	0.90052903
17.41599956	5.78863192	0.90052903
17.41999956	5.78863192	0.90052903
17.42399956	5.78863192	0.90052903
17.42799956	5.78863192	0.90052903
17.43199956	5.78863192	0.90052903
17.43599956	5.78863192	0.90052903
17.43999956	5.78863192	0.90052903
17.44399956	5.78863192	0.88471949
17.44799956	5.94918776	0.90052903
17.45199956	5.78863192	0.90052903
17.45599956	5.78863192	0.90052903
17.45999956	5.78863192	0.88471949
17.46399956	5.94918776	0.90052903
17.46799956	5.94918776	0.90052903
17.47199956	5.78863192	0.90052903
17.47599956	5.78863192	0.90052903
17.47999956	5.78863192	0.90052903
17.48399956	5.78863192	0.90052903
17.48799956	5.78863192	0.90052903
17.49199956	5.78863192	0.90052903
17.49599956	5.78863192	0.90052903
17.49999956	5.94918776	0.90052903
17.50399956	5.78863192	0.90052903
17.50799956	5.78863192	0.90052903
17.51199956	5.78863192	0.88471949
17.51599956	5.78863192	0.90052903
17.51999956	5.78863192	0.90052903
17.52399956	5.78863192	0.90052903
17.52799956	5.78863192	0.90052903
17.53199956	5.78863192	0.90052903
17.53599956	5.78863192	0.90052903
17.53999956	5.78863192	0.90052903
17.54399956	5.78863192	0.90052903
17.54799956	5.78863192	0.90052903
17.55199956	5.78863192	0.90052903
17.55599956	5.78863192	0.90052903
17.55999956	5.78863192	0.90052903
17.56399956	5.78863192	0.88471949
17.56799956	5.78863192	0.88471949
17.57199956	5.78863192	0.90052903
17.57599956	5.78863192	0.90052903
17.57999956	5.78863192	0.90052903
17.58399956	5.78863192	0.90052903
17.58799956	5.78863192	0.90052903
17.59199956	5.78863192	0.90052903
17.59599956	5.78863192	0.90052903
17.59999956	5.78863192	0.90052903
17.60399956	5.62746048	0.90052903
17.60799956	5.78863192	0.90052903
17.61199956	5.78863192	0.90052903
17.61599956	5.78863192	0.90052903
17.61999956	5.62746048	0.90052903
17.62399956	5.62746048	0.90052903
17.62799956	5.62746048	0.90052903
17.63199956	5.78863192	0.90052903
17.63599956	5.62746048	0.90052903
17.63999956	5.78863192	0.90052903
17.64399956	5.78863192	0.90052903
17.64799956	5.62746048	0.90052903
17.65199955	5.62746048	0.90052903
17.65599955	5.62746048	0.90052903
17.65999955	5.62746048	0.88471949
17.66399955	5.62746048	0.90052903
17.66799955	5.62746048	0.90052903
17.67199955	5.62746048	0.90052903
17.67599955	5.62746048	0.90052903
17.67999955	5.62746048	0.90052903
17.68399955	5.62746048	0.90052903
17.68799955	5.62746048	0.90052903
17.69199955	5.62746048	0.90052903
17.69599955	5.62746048	0.90052903
17.69999955	5.62746048	0.90052903
17.70399955	5.62746048	0.90052903
17.70799955	5.62746048	0.90052903
17.71199955	5.62746048	0.90052903
17.71599955	5.62746048	0.90052903
17.71999955	5.62746048	0.90052903
17.72399955	5.62746048	0.88471949
17.72799955	5.62746048	0.88471949
17.73199955	5.62746048	0.90052903
17.73599955	5.62746048	0.90052903
17.73999955	5.62746048	0.90052903
17.74399955	5.62746048	0.88471949
17.74799955	5.62746048	0.90052903
17.75199955	5.62746048	0.90052903
17.75599955	5.62746048	0.88471949
17.75999955	5.62746048	0.90052903
17.76399955	5.62746048	0.90052903
17.76799955	5.62746048	0.90052903
17.77199955	5.62746048	0.90052903
17.77599955	5.62746048	0.90052903
17.77999955	5.62746048	0.90052903
17.78399955	5.62746048	0.90052903
17.78799955	5.62746048	0.90052903
17.79199955	5.62746048	0.90052903
17.79599955	5.46690464	0.90052903
17.79999955	5.46690464	0.90052903
17.80399955	5.46690464	0.88471949
17.80799955	5.62746048	0.90052903
17.81199955	5.62746048	0.90052903
17.81599955	5.62746048	0.90052903
17.81999955	5.62746048	0.90052903
17.82399955	5.46690464	0.90052903
17.82799955	5.46690464	0.88471949
17.83199955	5.46690464	0.90052903
17.83599955	5.46690464	0.90052903
17.83999955	5.62746048	0.90052903
17.84399955	5.46690464	0.88471949
17.84799955	5.46690464	0.90052903
17.85199955	5.46690464	0.88471949
17.85599955	5.46690464	0.88471949
17.85999955	5.46690464	0.90052903
17.86399955	5.46690464	0.90052903
17.86799955	5.46690464	0.90052903
17.87199955	5.46690464	0.90052903
17.87599955	5.46690464	0.88471949
17.87999955	5.46690464	0.90052903
17.88399955	5.46690464	0.88471949
17.88799955	5.30634832	0.90052903
17.89199955	5.46690464	0.90052903
17.89599955	5.46690464	0.90052903
17.89999955	5.30634832	0.90052903
17.90399955	5.46690464	0.90052903
17.90799955	5.30634832	0.88471949
17.91199955	5.46690464	0.90052903
17.91599955	5.46690464	0.90052903
17.91999955	5.46690464	0.90052903
17.92399955	5.46690464	0.90052903
17.92799955	5.46690464	0.88471949
17.93199955	5.30634832	0.88471949
17.93599955	5.46690464	0.90052903
17.93999955	5.46690464	0.88471949
17.94399955	5.46690464	0.90052903
17.94799955	5.46690464	0.90052903
17.95199955	5.30634832	0.90052903
17.95599955	5.46690464	0.88471949
17.95999955	5.46690464	0.90052903
17.96399955	5.62746048	0.90052903
17.96799955	5.46690464	0.90052903
17.97199955	5.46690464	0.88471949
17.97599955	5.62746048	0.90052903
17.97999955	5.46690464	0.90052903
17.98399955	5.46690464	0.90052903
17.98799955	5.46690464	0.88471949
17.99199955	5.62746048	0.90052903
17.99599955	5.62746048	0.90052903
17.99999955	5.46690464	0.90052903
18.00399954	5.46690464	0.88471949
18.00799954	5.46690464	0.88471949
18.01199954	5.62746048	0.88471949
18.01599954	5.46690464	0.88471949
18.01999954	5.46690464	0.90052903
18.02399954	5.46690464	0.90052903
18.02799954	5.46690464	0.88471949
18.03199954	5.46690464	0.90052903
18.03599954	5.46690464	0.90052903
18.03999954	5.46690464	0.90052903
18.04399954	5.46690464	0.88471949
18.04799954	5.46690464	0.90052903
18.05199954	5.46690464	0.88471949
18.05599954	5.46690464	0.88471949
18.05999954	5.46690464	0.90052903
18.06399954	5.46690464	0.90052903
18.06799954	5.46690464	0.88471949
18.07199954	5.46690464	0.90052903
18.07599954	5.46690464	0.88471949
18.07999954	5.46690464	0.88471949
18.08399954	5.46690464	0.88471949
18.08799954	5.46690464	0.90052903
18.09199954	5.46690464	0.88471949
18.09599954	5.46690464	0.88471949
18.09999954	5.46690464	0.88471949
18.10399954	5.46690464	0.88471949
18.10799954	5.46690464	0.90052903
18.11199954	5.62746048	0.90052903
18.11599954	5.62746048	0.88471949
18.11999954	5.62746048	0.88471949
18.12399954	5.46690464	0.88471949
18.12799954	5.46690464	0.90052903
18.13199954	5.62746048	0.88471949
18.13599954	5.62746048	0.90052903
18.13999954	5.62746048	0.90052903
18.14399954	5.62746048	0.88471949
18.14799954	5.62746048	0.88471949
18.15199954	5.62746048	0.88471949
18.15599954	5.62746048	0.88471949
18.15999954	5.62746048	0.88471949
18.16399954	5.62746048	0.88471949
18.16799954	5.78863192	0.90052903
18.17199954	5.62746048	0.88471949
18.17599954	5.62746048	0.88471949
18.17999954	5.62746048	0.88471949
18.18399954	5.78863192	0.90052903
18.18799954	5.78863192	0.88471949
18.19199954	5.62746048	0.88471949
18.19599954	5.78863192	0.88471949
18.19999954	5.78863192	0.88471949
18.20399954	5.62746048	0.88471949
18.20799954	5.78863192	0.88471949
18.21199954	5.78863192	0.88471949
18.21599954	5.78863192	0.90052903
18.21999954	5.78863192	0.88471949
18.22399954	5.78863192	0.88471949
18.22799954	5.62746048	0.88471949
18.23199954	5.78863192	0.88471949
18.23599954	5.78863192	0.90052903
18.23999954	5.78863192	0.90052903
18.24399954	5.78863192	0.88471949
18.24799954	5.78863192	0.88471949
18.25199954	5.78863192	0.88471949
18.25599954	5.78863192	0.88471949
18.25999954	5.78863192	0.88471949
18.26399954	5.78863192	0.90052903
18.26799954	5.78863192	0.88471949
18.27199954	5.78863192	0.88471949
18.27599954	5.78863192	0.88471949
18.27999954	5.78863192	0.88471949
18.28399954	5.78863192	0.88471949
18.28799954	5.78863192	0.88471949
18.29199954	5.78863192	0.88471949
18.29599954	5.78863192	0.88471949
18.29999954	5.78863192	0.88471949
18.30399954	5.78863192	0.88471949
18.30799954	5.78863192	0.88471949
18.31199954	5.78863192	0.88471949
18.31599954	5.78863192	0.88471949
18.31999954	5.78863192	0.88471949
18.32399954	5.78863192	0.88471949
18.32799954	5.78863192	0.88471949
18.33199954	5.78863192	0.88471949
18.33599954	5.78863192	0.88471949
18.33999954	5.62746048	0.88471949
18.34399954	5.78863192	0.88471949
18.34799954	5.62746048	0.88471949
18.35199954	5.62746048	0.88471949
18.35599954	5.62746048	0.88471949
18.35999953	5.78863192	0.88471949
18.36399953	5.78863192	0.88471949
18.36799953	5.62746048	0.88471949
18.37199953	5.62746048	0.88471949
18.37599953	5.62746048	0.88471949
18.37999953	5.62746048	0.88471949
18.38399953	5.62746048	0.88471949
18.38799953	5.62746048	0.88471949
18.39199953	5.62746048	0.88471949
18.39599953	5.62746048	0.88471949
18.39999953	5.62746048	0.88471949
18.40399953	5.62746048	0.88471949
18.40799953	5.62746048	0.88471949
18.41199953	5.62746048	0.88471949
18.41599953	5.62746048	0.88471949
18.41999953	5.62746048	0.88471949
18.42399953	5.62746048	0.88471949
18.42799953	5.62746048	0.88471949
18.43199953	5.62746048	0.88471949
18.43599953	5.62746048	0.88471949
18.43999953	5.62746048	0.88471949
18.44399953	5.62746048	0.88471949
18.44799953	5.62746048	0.88471949
18.45199953	5.62746048	0.88471949
18.45599953	5.62746048	0.88471949
18.45999953	5.62746048	0.88471949
18.46399953	5.62746048	0.88471949
18.46799953	5.62746048	0.88471949
18.47199953	5.62746048	0.88471949
18.47599953	5.46690464	0.88471949
18.47999953	5.62746048	0.88471949
18.48399953	5.62746048	0.88471949
18.48799953	5.62746048	0.88471949
18.49199953	5.46690464	0.88471949
18.49599953	5.46690464	0.88471949
18.49999953	5.46690464	0.88471949
18.50399953	5.62746048	0.88471949
18.50799953	5.62746048	0.88471949
18.51199953	5.62746048	0.88471949
18.51599953	5.62746048	0.88471949
18.51999953	5.62746048	0.88471949
18.52399953	5.46690464	0.90052903
18.52799953	5.46690464	0.88471949
18.53199953	5.46690464	0.88471949
18.53599953	5.62746048	0.88471949
18.53999953	5.62746048	0.88471949
18.54399953	5.46690464	0.88471949
18.54799953	5.46690464	0.88471949
18.55199953	5.46690464	0.88471949
18.55599953	5.62746048	0.88471949
18.55999953	5.62746048	0.88471949
18.56399953	5.46690464	0.88471949
18.56799953	5.62746048	0.88471949
18.57199953	5.62746048	0.88471949
18.57599953	5.46690464	0.88471949
18.57999953	5.46690464	0.88471949
18.58399953	5.62746048	0.88471949
18.58799953	5.62746048	0.88471949
18.59199953	5.62746048	0.88471949
18.59599953	5.46690464	0.88471949
18.59999953	5.46690464	0.88471949
18.60399953	5.46690464	0.88471949
18.60799953	5.62746048	0.88471949
18.61199953	5.46690464	0.88471949
18.61599953	5.46690464	0.88471949
18.61999953	5.46690464	0.88471949
18.62399953	5.46690464	0.88471949
18.62799953	5.46690464	0.88471949
18.63199953	5.46690464	0.88471949
18.63599953	5.46690464	0.88471949
18.63999953	5.46690464	0.88471949
18.64399953	5.46690464	0.88471949
18.64799953	5.46690464	0.88471949
18.65199953	5.30634832	0.88471949
18.65599953	5.46690464	0.88471949
18.65999953	5.46690464	0.88471949
18.66399953	5.46690464	0.88471949
18.66799953	5.46690464	0.88471949
18.67199953	5.46690464	0.88471949
18.67599953	5.46690464	0.88471949
18.67999953	5.46690464	0.88471949
18.68399953	5.46690464	0.88471949
18.68799953	5.46690464	0.88471949
18.69199953	5.46690464	0.88471949
18.69599953	5.46690464	0.88471949
18.69999953	5.46690464	0.88471949
18.70399953	5.46690464	0.88471949
18.70799953	5.46690464	0.88471949
18.71199952	5.46690464	0.88471949
18.71599952	5.46690464	0.88471949
18.71999952	5.46690464	0.88471949
18.72399952	5.46690464	0.88471949
18.72799952	5.46690464	0.88471949
18.73199952	5.46690464	0.88471949
18.73599952	5.46690464	0.88471949
18.73999952	5.46690464	0.88471949
18.74399952	5.62746048	0.88471949
18.74799952	5.62746048	0.88471949
18.75199952	5.46690464	0.88471949
18.75599952	5.46690464	0.88471949
18.75999952	5.62746048	0.88471949
18.76399952	5.62746048	0.88471949
18.76799952	5.46690464	0.88471949
18.77199952	5.46690464	0.88471949
18.77599952	5.46690464	0.88471949
18.77999952	5.46690464	0.88471949
18.78399952	5.46690464	0.88471949
18.78799952	5.46690464	0.88471949
18.79199952	5.46690464	0.88471949
18.79599952	5.46690464	0.88471949
18.79999952	5.46690464	0.88471949
18.80399952	5.46690464	0.88471949
18.80799952	5.46690464	0.88471949
18.81199952	5.46690464	0.88471949
18.81599952	5.46690464	0.88471949
18.81999952	5.46690464	0.88471949
18.82399952	5.46690464	0.88471949
18.82799952	5.46690464	0.88471949
18.83199952	5.46690464	0.88471949
18.83599952	5.46690464	0.88471949
18.83999952	5.46690464	0.88471949
18.84399952	5.46690464	0.88471949
18.84799952	5.46690464	0.88471949
18.85199952	5.46690464	0.88471949
18.85599952	5.46690464	0.88471949
18.85999952	5.46690464	0.88471949
18.86399952	5.46690464	0.88471949
18.86799952	5.46690464	0.88471949
18.87199952	5.46690464	0.88471949
18.87599952	5.46690464	0.88471949
18.87999952	5.46690464	0.88471949
18.88399952	5.46690464	0.88471949
18.88799952	5.46690464	0.88471949
18.89199952	5.46690464	0.88471949
18.89599952	5.46690464	0.88471949
18.89999952	5.46690464	0.88471949
18.90399952	5.46690464	0.88471949
18.90799952	5.46690464	0.88471949
18.91199952	5.46690464	0.88471949
18.91599952	5.46690464	0.88471949
18.91999952	5.46690464	0.88471949
18.92399952	5.46690464	0.88471949
18.92799952	5.46690464	0.88471949
18.93199952	5.46690464	0.88471949
18.93599952	5.46690464	0.88471949
18.93999952	5.46690464	0.88471949
18.94399952	5.46690464	0.88471949
18.94799952	5.46690464	0.88471949
18.95199952	5.46690464	0.88471949
18.95599952	5.30634832	0.88471949
18.95999952	5.46690464	0.88471949
18.96399952	5.46690464	0.88471949
18.96799952	5.46690464	0.88471949
18.97199952	5.46690464	0.88471949
18.97599952	5.46690464	0.88471949
18.97999952	5.46690464	0.88471949
18.98399952	5.46690464	0.88471949
18.98799952	5.46690464	0.88471949
18.99199952	5.46690464	0.88471949
18.99599952	5.46690464	0.88471949
18.99999952	5.46690464	0.88471949
19.00399952	5.46690464	0.88471949
19.00799952	5.46690464	0.88471949
19.01199952	5.46690464	0.88471949
19.01599952	5.46690464	0.88471949
19.01999952	5.46690464	0.88471949
19.02399952	5.46690464	0.88471949
19.02799952	5.46690464	0.88471949
19.03199952	5.46690464	0.88471949
19.03599952	5.46690464	0.88471949
19.03999952	5.46690464	0.88471949
19.04399952	5.46690464	0.88471949
19.04799952	5.46690464	0.88471949
19.05199952	5.46690464	0.88471949
19.05599952	5.46690464	0.88471949
19.05999952	5.46690464	0.88471949
19.06399952	5.46690464	0.88471949
19.06799951	5.46690464	0.88471949
19.07199951	5.46690464	0.88471949
19.07599951	5.46690464	0.88471949
19.07999951	5.46690464	0.88471949
19.08399951	5.46690464	0.88471949
19.08799951	5.46690464	0.88471949
19.09199951	5.46690464	0.88471949
19.09599951	5.46690464	0.88471949
19.09999951	5.46690464	0.88471949
19.10399951	5.46690464	0.88471949
19.10799951	5.46690464	0.88471949
19.11199951	5.46690464	0.88471949
19.11599951	5.46690464	0.88471949
19.11999951	5.46690464	0.88471949
19.12399951	5.46690464	0.88471949
19.12799951	5.62746048	0.88471949
19.13199951	5.46690464	0.88471949
19.13599951	5.46690464	0.88471949
19.13999951	5.46690464	0.88471949
19.14399951	5.46690464	0.88471949
19.14799951	5.46690464	0.88471949
19.15199951	5.46690464	0.88471949
19.15599951	5.46690464	0.88471949
19.15999951	5.46690464	0.88471949
19.16399951	5.46690464	0.88471949
19.16799951	5.46690464	0.88471949
19.17199951	5.46690464	0.88471949
19.17599951	5.46690464	0.88471949
19.17999951	5.46690464	0.88471949
19.18399951	5.46690464	0.88471949
19.18799951	5.46690464	0.88471949
19.19199951	5.46690464	0.88471949
19.19599951	5.46690464	0.88471949
19.19999951	5.46690464	0.88471949
19.20399951	5.62746048	0.88471949
19.20799951	5.46690464	0.88471949
19.21199951	5.46690464	0.88471949
19.21599951	5.46690464	0.88471949
19.21999951	5.62746048	0.88471949
19.22399951	5.46690464	0.88471949
19.22799951	5.46690464	0.88471949
19.23199951	5.62746048	0.88471949
19.23599951	5.62746048	0.88471949
19.23999951	5.46690464	0.88471949
19.24399951	5.46690464	0.88471949
19.24799951	5.46690464	0.88471949
19.25199951	5.62746048	0.88471949
19.25599951	5.46690464	0.88471949
19.25999951	5.46690464	0.88471949
19.26399951	5.46690464	0.88471949
19.26799951	5.46690464	0.88471949
19.27199951	5.46690464	0.88471949
19.27599951	5.62746048	0.88471949
19.27999951	5.46690464	0.88471949
19.28399951	5.46690464	0.88471949
19.28799951	5.46690464	0.88471949
19.29199951	5.46690464	0.88471949
19.29599951	5.46690464	0.88471949
19.29999951	5.46690464	0.88471949
19.30399951	5.46690464	0.88471949
19.30799951	5.46690464	0.88471949
19.31199951	5.46690464	0.88471949
19.31599951	5.46690464	0.88471949
19.31999951	5.46690464	0.88471949
19.32399951	5.46690464	0.88471949
19.32799951	5.46690464	0.88471949
19.33199951	5.46690464	0.88471949
19.33599951	5.46690464	0.88471949
19.33999951	5.46690464	0.88471949
19.34399951	5.46690464	0.88471949
19.34799951	5.46690464	0.88471949
19.35199951	5.46690464	0.88471949
19.35599951	5.46690464	0.88471949
19.35999951	5.46690464	0.88471949
19.36399951	5.30634832	0.88471949
19.36799951	5.46690464	0.88471949
19.37199951	5.46690464	0.88471949
19.37599951	5.46690464	0.88471949
19.37999951	5.46690464	0.88471949
19.38399951	5.46690464	0.88471949
19.38799951	5.46690464	0.88471949
19.39199951	5.46690464	0.88471949
19.39599951	5.46690464	0.88471949
19.39999951	5.46690464	0.88471949
19.40399951	5.46690464	0.88471949
19.40799951	5.30634832	0.88471949
19.41199951	5.46690464	0.88471949
19.41599951	5.46690464	0.88471949
19.41999950	5.46690464	0.88471949
19.42399950	5.46690464	0.88471949
19.42799950	5.46690464	0.88471949
19.43199950	5.46690464	0.88471949
19.43599950	5.46690464	0.88471949
19.43999950	5.30634832	0.88471949
19.44399950	5.46690464	0.88471949
19.44799950	5.46690464	0.88471949
19.45199950	5.46690464	0.88471949
19.45599950	5.46690464	0.88471949
19.45999950	5.30634832	0.88471949
19.46399950	5.30634832	0.88471949
19.46799950	5.46690464	0.88471949
19.47199950	5.62746048	0.88471949
19.47599950	5.46690464	0.88471949
19.47999950	5.46690464	0.88471949
19.48399950	5.46690464	0.88471949
19.48799950	5.30634832	0.88471949
19.49199950	5.46690464	0.88471949
19.49599950	5.46690464	0.88471949
19.49999950	5.62746048	0.88471949
19.50399950	5.62746048	0.88471949
19.50799950	5.46690464	0.88471949
19.51199950	5.46690464	0.88471949
19.51599950	5.46690464	0.86890996
19.51999950	5.46690464	0.88471949
19.52399950	5.62746048	0.88471949
19.52799950	5.62746048	0.88471949
19.53199950	5.46690464	0.88471949
19.53599950	5.46690464	0.88471949
19.53999950	5.46690464	0.86890996
19.54399950	5.46690464	0.88471949
19.54799950	5.46690464	0.88471949
19.55199950	5.46690464	0.88471949
19.55599950	5.46690464	0.88471949
19.55999950	5.46690464	0.88471949
19.56399950	5.46690464	0.88471949
19.56799950	5.46690464	0.88471949
19.57199950	5.46690464	0.88471949
19.57599950	5.46690464	0.88471949
19.57999950	5.46690464	0.88471949
19.58399950	5.46690464	0.88471949
19.58799950	5.46690464	0.88471949
19.59199950	5.46690464	0.88471949
19.59599950	5.46690464	0.86890996
19.59999950	5.46690464	0.88471949
19.60399950	5.46690464	0.88471949
19.60799950	5.46690464	0.88471949
19.61199950	5.46690464	0.88471949
19.61599950	5.46690464	0.88471949
19.61999950	5.46690464	0.86890996
19.62399950	5.46690464	0.86890996
19.62799950	5.46690464	0.88471949
19.63199950	5.46690464	0.88471949
19.63599950	5.46690464	0.86890996
19.63999950	5.46690464	0.88471949
19.64399950	5.46690464	0.88471949
19.64799950	5.46690464	0.88471949
19.65199950	5.46690464	0.86890996
19.65599950	5.46690464	0.88471949
19.65999950	5.46690464	0.86890996
19.66399950	5.46690464	0.88471949
19.66799950	5.46690464	0.88471949
19.67199950	5.46690464	0.88471949
19.67599950	5.30634832	0.88471949
19.67999950	5.30634832	0.88471949
19.68399950	5.30634832	0.88471949
19.68799950	5.46690464	0.86890996
19.69199950	5.46690464	0.88471949
19.69599950	5.30634832	0.88471949
19.69999950	5.30634832	0.88471949
19.70399950	5.30634832	0.86890996
19.70799950	5.30634832	0.86890996
19.71199950	5.30634832	0.88471949
19.71599950	5.30634832	0.88471949
19.71999950	5.30634832	0.86890996
19.72399950	5.30634832	0.86890996
19.72799950	5.30634832	0.88471949
19.73199950	5.30634832	0.88471949
19.73599950	5.30634832	0.88471949
19.73999950	5.30634832	0.86890996
19.74399950	5.30634832	0.88471949
19.74799950	5.46690464	0.86890996
19.75199950	5.30634832	0.88471949
19.75599950	5.30634832	0.88471949
19.75999950	5.30634832	0.88471949
19.76399950	5.30634832	0.88471949
19.76799950	5.30634832	0.86890996
19.77199949	5.30634832	0.88471949
19.77599949	5.46690464	0.88471949
19.77999949	5.46690464	0.86890996
19.78399949	5.46690464	0.88471949
19.78799949	5.30634832	0.88471949
19.79199949	5.46690464	0.86890996
19.79599949	5.46690464	0.88471949
19.79999949	5.46690464	0.88471949
19.80399949	5.46690464	0.86890996
19.80799949	5.46690464	0.86890996
19.81199949	5.62746048	0.86890996
19.81599949	5.46690464	0.88471949
19.81999949	5.30634832	0.86890996
19.82399949	5.46690464	0.86890996
19.82799949	5.62746048	0.86890996
19.83199949	5.62746048	0.88471949
19.83599949	5.46690464	0.86890996
19.83999949	5.46690464	0.86890996
19.84399949	5.62746048	0.86890996
19.84799949	5.62746048	0.88471949
19.85199949	5.46690464	0.86890996
19.85599949	5.46690464	0.86890996
19.85999949	5.62746048	0.86890996
19.86399949	5.62746048	0.88471949
19.86799949	5.62746048	0.88471949
19.87199949	5.62746048	0.88471949
19.87599949	5.62746048	0.86890996
19.87999949	5.78863192	0.86890996
19.88399949	5.62746048	0.86890996
19.88799949	5.62746048	0.86890996
19.89199949	5.62746048	0.86890996
19.89599949	5.78863192	0.86890996
19.89999949	5.78863192	0.86890996
19.90399949	5.62746048	0.86890996
19.90799949	5.62746048	0.86890996
19.91199949	5.78863192	0.88471949
19.91599949	5.78863192	0.88471949
19.91999949	5.78863192	0.88471949
19.92399949	5.78863192	0.86890996
19.92799949	5.78863192	0.86890996
19.93199949	5.78863192	0.86890996
19.93599949	5.78863192	0.86890996
19.93999949	5.78863192	0.86890996
19.94399949	5.78863192	0.86890996
19.94799949	5.94918776	0.86890996
19.95199949	5.78863192	0.86890996
19.95599949	5.78863192	0.86890996
19.95999949	5.78863192	0.86890996
19.96399949	5.94918776	0.86890996
19.96799949	5.94918776	0.88471949
19.97199949	5.94918776	0.88471949
19.97599949	5.94918776	0.86890996
19.97999949	5.94918776	0.86890996
19.98399949	5.94918776	0.86890996
19.98799949	5.78863192	0.86890996
19.99199949	5.94918776	0.86890996
19.99599949	5.94918776	0.86890996
19.99999949	5.94918776	0.86890996
20.00399949	5.94918776	0.86890996
20.00799949	5.78863192	0.86890996
20.01199949	5.78863192	0.86890996
20.01599949	5.94918776	0.86890996
20.01999949	5.94918776	0.86890996
20.02399949	5.94918776	0.86890996
20.02799949	5.94918776	0.86890996
20.03199949	5.94918776	0.86890996
20.03599949	5.94918776	0.86890996
20.03999949	5.94918776	0.86890996
20.04399949	5.94918776	0.86890996
20.04799949	5.94918776	0.86890996
20.05199949	5.94918776	0.86890996
20.05599949	5.94918776	0.86890996
20.05999949	5.94918776	0.86890996
20.06399949	5.94918776	0.86890996
20.06799949	5.94918776	0.86890996
20.07199949	5.94918776	0.86890996
20.07599949	5.94918776	0.88471949
20.07999949	5.94918776	0.86890996
20.08399949	5.94918776	0.86890996
20.08799949	5.94918776	0.86890996
20.09199949	5.94918776	0.86890996
20.09599949	5.94918776	0.86890996
20.09999949	5.94918776	0.86890996
20.10399949	5.94918776	0.86890996
20.10799949	5.94918776	0.86890996
20.11199949	5.94918776	0.86890996
20.11599949	5.94918776	0.86890996
20.11999949	5.94918776	0.86890996
20.12399949	5.94918776	0.86890996
20.12799948	5.94918776	0.86890996
20.13199948	5.94918776	0.86890996
20.13599948	5.94918776	0.86890996
20.13999948	5.94918776	0.86890996
20.14399948	5.94918776	0.86890996
20.14799948	5.94918776	0.86890996
20.15199948	5.94918776	0.86890996
20.15599948	5.94918776	0.86890996
20.15999948	5.94918776	0.86890996
20.16399948	5.94918776	0.86890996
20.16799948	5.94918776	0.86890996
20.17199948	5.94918776	0.86890996
20.17599948	5.94918776	0.86890996
20.17999948	5.94918776	0.86890996
20.18399948	5.94918776	0.86890996
20.18799948	5.94918776	0.86890996
20.19199948	5.94918776	0.86890996
20.19599948	5.78863192	0.86890996
20.19999948	5.94918776	0.88471949
20.20399948	5.94918776	0.86890996
20.20799948	5.94918776	0.88471949
20.21199948	5.78863192	0.86890996
20.21599948	5.94918776	0.86890996
20.21999948	5.78863192	0.86890996
20.22399948	5.94918776	0.86890996
20.22799948	5.94918776	0.86890996
20.23199948	5.78863192	0.86890996
20.23599948	5.78863192	0.86890996
20.23999948	5.78863192	0.86890996
20.24399948	5.78863192	0.86890996
20.24799948	5.94918776	0.86890996
20.25199948	5.94918776	0.86890996
20.25599948	5.78863192	0.86890996
20.25999948	5.78863192	0.86890996
20.26399948	5.78863192	0.86890996
20.26799948	5.78863192	0.86890996
20.27199948	5.78863192	0.86890996
20.27599948	5.78863192	0.86890996
20.27999948	5.78863192	0.86890996
20.28399948	5.78863192	0.86890996
20.28799948	5.78863192	0.86890996
20.29199948	5.78863192	0.86890996
20.29599948	5.78863192	0.86890996
20.29999948	5.78863192	0.86890996
20.30399948	5.78863192	0.86890996
20.30799948	5.78863192	0.86890996
20.31199948	5.78863192	0.86890996
20.31599948	5.78863192	0.86890996
20.31999948	5.78863192	0.86890996
20.32399948	5.78863192	0.86890996
20.32799948	5.78863192	0.86890996
20.33199948	5.78863192	0.86890996
20.33599948	5.78863192	0.86890996
20.33999948	5.78863192	0.86890996
20.34399948	5.62746048	0.86890996
20.34799948	5.62746048	0.86890996
20.35199948	5.62746048	0.86890996
20.35599948	5.62746048	0.86890996
20.35999948	5.62746048	0.86890996
20.36399948	5.62746048	0.86890996
20.36799948	5.62746048	0.86890996
20.37199948	5.62746048	0.86890996
20.37599948	5.62746048	0.86890996
20.37999948	5.62746048	0.86890996
20.38399948	5.62746048	0.86890996
20.38799948	5.62746048	0.86890996
20.39199948	5.62746048	0.86890996
20.39599948	5.62746048	0.86890996
20.39999948	5.62746048	0.86890996
20.40399948	5.62746048	0.86890996
20.40799948	5.62746048	0.86890996
20.41199948	5.46690464	0.86890996
20.41599948	5.46690464	0.86890996
20.41999948	5.62746048	0.86890996
20.42399948	5.62746048	0.86890996
20.42799948	5.62746048	0.86890996
20.43199948	5.46690464	0.86890996
20.43599948	5.46690464	0.86890996
20.43999948	5.62746048	0.86890996
20.44399948	5.46690464	0.86890996
20.44799948	5.62746048	0.86890996
20.45199948	5.46690464	0.86890996
20.45599948	5.46690464	0.88471949
20.45999948	5.46690464	0.86890996
20.46399948	5.46690464	0.86890996
20.46799948	5.46690464	0.86890996
20.47199948	5.46690464	0.86890996
20.47599948	5.30634832	0.86890996
20.47999947	5.46690464	0.86890996
20.48399947	5.46690464	0.86890996
20.48799947	5.62746048	0.86890996
20.49199947	5.46690464	0.86890996
20.49599947	5.46690464	0.86890996
20.49999947	5.46690464	0.86890996
20.50399947	5.46690464	0.86890996
20.50799947	5.46690464	0.86890996
20.51199947	5.46690464	0.86890996
20.51599947	5.46690464	0.86890996
20.51999947	5.46690464	0.86890996
20.52399947	5.46690464	0.86890996
20.52799947	5.46690464	0.86890996
20.53199947	5.46690464	0.86890996
20.53599947	5.46690464	0.86890996
20.53999947	5.46690464	0.86890996
20.54399947	5.46690464	0.86890996
20.54799947	5.46690464	0.86890996
20.55199947	5.46690464	0.86890996
20.55599947	5.46690464	0.86890996
20.55999947	5.46690464	0.86890996
20.56399947	5.46690464	0.86890996
20.56799947	5.62746048	0.86890996
20.57199947	5.46690464	0.86890996
20.57599947	5.46690464	0.86890996
20.57999947	5.46690464	0.86890996
20.58399947	5.46690464	0.86890996
20.58799947	5.46690464	0.86890996
20.59199947	5.62746048	0.86890996
20.59599947	5.62746048	0.86890996
20.59999947	5.62746048	0.86890996
20.60399947	5.46690464	0.86890996
20.60799947	5.46690464	0.86890996
20.61199947	5.46690464	0.86890996
20.61599947	5.62746048	0.86890996
20.61999947	5.62746048	0.86890996
20.62399947	5.62746048	0.86890996
20.62799947	5.62746048	0.86890996
20.63199947	5.62746048	0.86890996
20.63599947	5.62746048	0.86890996
20.63999947	5.62746048	0.86890996
20.64399947	5.62746048	0.86890996
20.64799947	5.62746048	0.86890996
20.65199947	5.62746048	0.86890996
20.65599947	5.62746048	0.86890996
20.65999947	5.62746048	0.86890996
20.66399947	5.62746048	0.86890996
20.66799947	5.62746048	0.86890996
20.67199947	5.78863192	0.86890996
20.67599947	5.78863192	0.86890996
20.67999947	5.62746048	0.86890996
20.68399947	5.62746048	0.86890996
20.68799947	5.62746048	0.86890996
20.69199947	5.78863192	0.86890996
20.69599947	5.78863192	0.86890996
20.69999947	5.78863192	0.86890996
20.70399947	5.78863192	0.86890996
20.70799947	5.78863192	0.86890996
20.71199947	5.62746048	0.86890996
20.71599947	5.78863192	0.86890996
20.71999947	5.78863192	0.86890996
20.72399947	5.94918776	0.86890996
20.72799947	5.94918776	0.86890996
20.73199947	5.78863192	0.86890996
20.73599947	5.78863192	0.86890996
20.73999947	5.78863192	0.86890996
20.74399947	5.78863192	0.86890996
20.74799947	5.78863192	0.86890996
20.75199947	5.78863192	0.86890996
20.75599947	5.94918776	0.86890996
20.75999947	5.94918776	0.86890996
20.76399947	5.78863192	0.86890996
20.76799947	5.78863192	0.86890996
20.77199947	5.78863192	0.86890996
20.77599947	5.94918776	0.86890996
20.77999947	5.94918776	0.86890996
20.78399947	5.94918776	0.86890996
20.78799947	5.78863192	0.86890996
20.79199947	5.78863192	0.86890996
20.79599947	5.78863192	0.86890996
20.79999947	5.78863192	0.86890996
20.80399947	5.94918776	0.86890996
20.80799947	5.94918776	0.86890996
20.81199947	5.94918776	0.86890996
20.81599947	5.78863192	0.86890996
20.81999947	5.78863192	0.86890996
20.82399947	5.78863192	0.86890996
20.82799947	5.78863192	0.86890996
20.83199947	5.94918776	0.86890996
20.83599946	5.94918776	0.86890996
20.83999946	5.94918776	0.86890996
20.84399946	5.78863192	0.86890996
20.84799946	5.78863192	0.86890996
20.85199946	5.94918776	0.86890996
20.85599946	5.94918776	0.86890996
20.85999946	5.94918776	0.86890996
20.86399946	5.94918776	0.86890996
20.86799946	5.78863192	0.86890996
20.87199946	5.94918776	0.86890996
20.87599946	5.94918776	0.86890996
20.87999946	5.94918776	0.86890996
20.88399946	5.94918776	0.86890996
20.88799946	5.94918776	0.86890996
20.89199946	5.94918776	0.86890996
20.89599946	5.94918776	0.86890996
20.89999946	5.78863192	0.86890996
20.90399946	5.78863192	0.86890996
20.90799946	5.94918776	0.86890996
20.91199946	5.94918776	0.86890996
20.91599946	5.94918776	0.86890996
20.91999946	5.94918776	0.86890996
20.92399946	5.94918776	0.86890996
20.92799946	5.94918776	0.86890996
20.93199946	5.94918776	0.86890996
20.93599946	5.94918776	0.86890996
20.93999946	5.94918776	0.86890996
20.94399946	5.94918776	0.86890996
20.94799946	5.94918776	0.86890996
20.95199946	5.94918776	0.86890996
20.95599946	5.78863192	0.86890996
20.95999946	5.78863192	0.86890996
20.96399946	5.94918776	0.86890996
20.96799946	5.94918776	0.86890996
20.97199946	5.94918776	0.86890996
20.97599946	5.94918776	0.86890996
20.97999946	5.94918776	0.86890996
20.98399946	5.94918776	0.86890996
20.98799946	5.94918776	0.86890996
20.99199946	5.94918776	0.86890996
20.99599946	5.94918776	0.86890996
20.99999946	6.11035919	0.86890996
21.00399946	5.94918776	0.86890996
21.00799946	5.94918776	0.86890996
21.01199946	5.94918776	0.86890996
21.01599946	5.94918776	0.86890996
21.01999946	5.94918776	0.86890996
21.02399946	5.94918776	0.86890996
21.02799946	5.94918776	0.86890996
21.03199946	5.94918776	0.86890996
21.03599946	5.94918776	0.86890996
21.03999946	5.94918776	0.86890996
21.04399946	5.94918776	0.86890996
21.04799946	5.94918776	0.86890996
21.05199946	5.94918776	0.86890996
21.05599946	5.94918776	0.86890996
21.05999946	5.94918776	0.86890996
21.06399946	5.94918776	0.86890996
21.06799946	5.94918776	0.86890996
21.07199946	5.94918776	0.86890996
21.07599946	5.94918776	0.86890996
21.07999946	6.11035919	0.86890996
21.08399946	6.11035919	0.86890996
21.08799946	5.94918776	0.86890996
21.09199946	5.94918776	0.86890996
21.09599946	5.94918776	0.86890996
21.09999946	5.94918776	0.86890996
21.10399946	5.94918776	0.86890996
21.10799946	5.94918776	0.86890996
21.11199946	5.94918776	0.86890996
21.11599946	5.94918776	0.86890996
21.11999946	5.94918776	0.86890996
21.12399946	5.94918776	0.86890996
21.12799946	5.94918776	0.86890996
21.13199946	5.94918776	0.86890996
21.13599946	5.94918776	0.86890996
21.13999946	5.94918776	0.86890996
21.14399946	5.94918776	0.86890996
21.14799946	5.94918776	0.86890996
21.15199946	5.94918776	0.86890996
21.15599946	5.94918776	0.86890996
21.15999946	5.94918776	0.86890996
21.16399946	5.94918776	0.86890996
21.16799946	5.94918776	0.86890996
21.17199946	5.94918776	0.86890996
21.17599946	5.94918776	0.86890996
21.17999946	5.94918776	0.86890996
21.18399946	5.94918776	0.86890996
21.18799945	5.94918776	0.86890996
21.19199945	5.94918776	0.86890996
21.19599945	5.94918776	0.86890996
21.19999945	5.94918776	0.86890996
21.20399945	5.94918776	0.86890996
21.20799945	5.94918776	0.86890996
21.21199945	5.94918776	0.86890996
21.21599945	5.94918776	0.86890996
21.21999945	5.94918776	0.86890996
21.22399945	5.94918776	0.86890996
21.22799945	5.94918776	0.86890996
21.23199945	5.94918776	0.86890996
21.23599945	5.94918776	0.86890996
21.23999945	5.94918776	0.86890996
21.24399945	5.94918776	0.86890996
21.24799945	5.94918776	0.86890996
21.25199945	5.94918776	0.86890996
21.25599945	5.94918776	0.86890996
21.25999945	5.94918776	0.86890996
21.26399945	5.78863192	0.86890996
21.26799945	5.94918776	0.86890996
21.27199945	5.94918776	0.86890996
21.27599945	5.94918776	0.86890996
21.27999945	5.94918776	0.86890996
21.28399945	5.78863192	0.86890996
21.28799945	5.78863192	0.86890996
21.29199945	5.94918776	0.86890996
21.29599945	5.94918776	0.86890996
21.29999945	5.94918776	0.86890996
21.30399945	5.78863192	0.86890996
21.30799945	5.78863192	0.86890996
21.31199945	5.78863192	0.86890996
21.31599945	5.78863192	0.86890996
21.31999945	5.94918776	0.86890996
21.32399945	5.94918776	0.86890996
21.32799945	5.78863192	0.86890996
21.33199945	5.78863192	0.86890996
21.33599945	5.78863192	0.86890996
21.33999945	5.78863192	0.86890996
21.34399945	5.78863192	0.86890996
21.34799945	5.78863192	0.86890996
21.35199945	5.78863192	0.86890996
21.35599945	5.78863192	0.86890996
21.35999945	5.78863192	0.86890996
21.36399945	5.78863192	0.86890996
21.36799945	5.78863192	0.86890996
21.37199945	5.78863192	0.86890996
21.37599945	5.78863192	0.86890996
21.37999945	5.78863192	0.86890996
21.38399945	5.78863192	0.86890996
21.38799945	5.78863192	0.86890996
21.39199945	5.78863192	0.86890996
21.39599945	5.78863192	0.86890996
21.39999945	5.78863192	0.86890996
21.40399945	5.78863192	0.86890996
21.40799945	5.78863192	0.86890996
21.41199945	5.78863192	0.86890996
21.41599945	5.78863192	0.86890996
21.41999945	5.78863192	0.86890996
21.42399945	5.78863192	0.86890996
21.42799945	5.78863192	0.86890996
21.43199945	5.78863192	0.86890996
21.43599945	5.78863192	0.86890996
21.43999945	5.78863192	0.86890996
21.44399945	5.78863192	0.86890996
21.44799945	5.78863192	0.86890996
21.45199945	5.78863192	0.86890996
21.45599945	5.78863192	0.86890996
21.45999945	5.78863192	0.86890996
21.46399945	5.78863192	0.86890996
21.46799945	5.78863192	0.86890996
21.47199945	5.62746048	0.86890996
21.47599945	5.62746048	0.86890996
21.47999945	5.78863192	0.86890996
21.48399945	5.78863192	0.86890996
21.48799945	5.78863192	0.86890996
21.49199945	5.62746048	0.86890996
21.49599945	5.78863192	0.86890996
21.49999945	5.62746048	0.86890996
21.50399945	5.62746048	0.86890996
21.50799945	5.62746048	0.86890996
21.51199945	5.78863192	0.86890996
21.51599945	5.78863192	0.86890996
21.51999945	5.78863192	0.86890996
21.52399945	5.62746048	0.86890996
21.52799945	5.62746048	0.86890996
21.53199945	5.62746048	0.86890996
21.53599945	5.62746048	0.86890996
21.53999944	5.62746048	0.86890996
21.54399944	5.62746048	0.86890996
21.54799944	5.62746048	0.86890996
21.55199944	5.78863192	0.86890996
21.55599944	5.62746048	0.86890996
21.55999944	5.62746048	0.86890996
21.56399944	5.62746048	0.86890996
21.56799944	5.62746048	0.86890996
21.57199944	5.78863192	0.86890996
21.57599944	5.62746048	0.86890996
21.57999944	5.62746048	0.86890996
21.58399944	5.78863192	0.86890996
21.58799944	5.62746048	0.86890996
21.59199944	5.62746048	0.86890996
21.59599944	5.62746048	0.86890996
21.59999944	5.62746048	0.86890996
21.60399944	5.62746048	0.86890996
21.60799944	5.62746048	0.86890996
21.61199944	5.62746048	0.86890996
21.61599944	5.62746048	0.86890996
21.61999944	5.62746048	0.86890996
21.62399944	5.62746048	0.86890996
21.62799944	5.62746048	0.86890996
21.63199944	5.62746048	0.86890996
21.63599944	5.62746048	0.86890996
21.63999944	5.78863192	0.86890996
21.64399944	5.62746048	0.86890996
21.64799944	5.46690464	0.86890996
21.65199944	5.62746048	0.86890996
21.65599944	5.62746048	0.86890996
21.65999944	5.62746048	0.86890996
21.66399944	5.62746048	0.86890996
21.66799944	5.46690464	0.86890996
21.67199944	5.62746048	0.86890996
21.67599944	5.62746048	0.86890996
21.67999944	5.62746048	0.86890996
21.68399944	5.62746048	0.86890996
21.68799944	5.62746048	0.86890996
21.69199944	5.46690464	0.86890996
21.69599944	5.62746048	0.86890996
21.69999944	5.62746048	0.86890996
21.70399944	5.62746048	0.86890996
21.70799944	5.62746048	0.86890996
21.71199944	5.62746048	0.86890996
21.71599944	5.62746048	0.86890996
21.71999944	5.62746048	0.86890996
21.72399944	5.62746048	0.86890996
21.72799944	5.46690464	0.86890996
21.73199944	5.46690464	0.86890996
21.73599944	5.62746048	0.86890996
21.73999944	5.62746048	0.85316193
21.74399944	5.62746048	0.86890996
21.74799944	5.46690464	0.86890996
21.75199944	5.46690464	0.86890996
21.75599944	5.46690464	0.86890996
21.75999944	5.46690464	0.86890996
21.76399944	5.62746048	0.86890996
21.76799944	5.46690464	0.86890996
21.77199944	5.46690464	0.86890996
21.77599944	5.62746048	0.86890996
21.77999944	5.46690464	0.86890996
21.78399944	5.46690464	0.86890996
21.78799944	5.46690464	0.86890996
21.79199944	5.46690464	0.86890996
21.79599944	5.46690464	0.86890996
21.79999944	5.46690464	0.86890996
21.80399944	5.62746048	0.86890996
21.80799944	5.46690464	0.86890996
21.81199944	5.46690464	0.86890996
21.81599944	5.46690464	0.86890996
21.81999944	5.46690464	0.86890996
21.82399944	5.46690464	0.86890996
21.82799944	5.46690464	0.86890996
21.83199944	5.62746048	0.86890996
21.83599944	5.46690464	0.85316193
21.83999944	5.62746048	0.85316193
21.84399944	5.46690464	0.86890996
21.84799944	5.62746048	0.86890996
21.85199944	5.62746048	0.86890996
21.85599944	5.62746048	0.86890996
21.85999944	5.46690464	0.86890996
21.86399944	5.46690464	0.86890996
21.86799944	5.46690464	0.86890996
21.87199944	5.62746048	0.86890996
21.87599944	5.46690464	0.86890996
21.87999944	5.46690464	0.86890996
21.88399944	5.46690464	0.86890996
21.88799944	5.62746048	0.86890996
21.89199944	5.46690464	0.86890996
21.89599943	5.46690464	0.86890996
21.89999943	5.46690464	0.86890996
21.90399943	5.62746048	0.86890996
21.90799943	5.62746048	0.86890996
21.91199943	5.62746048	0.86890996
21.91599943	5.46690464	0.86890996
21.91999943	5.62746048	0.86890996
21.92399943	5.46690464	0.86890996
21.92799943	5.62746048	0.86890996
21.93199943	5.46690464	0.86890996
21.93599943	5.62746048	0.86890996
21.93999943	5.62746048	0.86890996
21.94399943	5.46690464	0.86890996
21.94799943	5.62746048	0.85316193
21.95199943	5.62746048	0.86890996
21.95599943	5.62746048	0.86890996
21.95999943	5.62746048	0.86890996
21.96399943	5.62746048	0.85316193
21.96799943	5.62746048	0.86890996
21.97199943	5.62746048	0.85316193
21.97599943	5.62746048	0.86890996
21.97999943	5.62746048	0.85316193
21.98399943	5.62746048	0.86890996
21.98799943	5.62746048	0.86890996
21.99199943	5.62746048	0.86890996
21.99599943	5.62746048	0.86890996
21.99999943	5.62746048	0.86890996
22.00399943	5.62746048	0.86890996
22.00799943	5.62746048	0.86890996
22.01199943	5.62746048	0.86890996
22.01599943	5.62746048	0.85316193
22.01999943	5.62746048	0.86890996
22.02399943	5.62746048	0.86890996
22.02799943	5.78863192	0.86890996
22.03199943	5.62746048	0.86890996
22.03599943	5.62746048	0.86890996
22.03999943	5.62746048	0.86890996
22.04399943	5.62746048	0.86890996
22.04799943	5.78863192	0.86890996
22.05199943	5.62746048	0.85316193
22.05599943	5.62746048	0.86890996
22.05999943	5.78863192	0.85316193
22.06399943	5.78863192	0.86890996
22.06799943	5.78863192	0.86890996
22.07199943	5.78863192	0.85316193
22.07599943	5.78863192	0.85316193
22.07999943	5.78863192	0.86890996
22.08399943	5.78863192	0.86890996
22.08799943	5.78863192	0.86890996
22.09199943	5.62746048	0.86890996
22.09599943	5.78863192	0.85316193
22.09999943	5.94918776	0.85316193
22.10399943	5.78863192	0.86890996
22.10799943	5.78863192	0.85316193
22.11199943	5.78863192	0.85316193
22.11599943	5.78863192	0.86890996
22.11999943	5.78863192	0.86890996
22.12399943	5.78863192	0.85316193
22.12799943	5.78863192	0.85316193
22.13199943	5.94918776	0.86890996
22.13599943	5.94918776	0.86890996
22.13999943	5.78863192	0.85316193
22.14399943	5.78863192	0.85316193
22.14799943	5.78863192	0.85316193
22.15199943	5.94918776	0.86890996
22.15599943	5.78863192	0.86890996
22.15999943	5.78863192	0.86890996
22.16399943	5.78863192	0.85316193
22.16799943	5.94918776	0.86890996
22.17199943	5.78863192	0.85316193
22.17599943	5.78863192	0.86890996
22.17999943	5.78863192	0.85316193
22.18399943	5.94918776	0.86890996
22.18799943	5.94918776	0.85316193
22.19199943	5.78863192	0.85316193
22.19599943	5.78863192	0.85316193
22.19999943	5.94918776	0.85316193
22.20399943	5.94918776	0.85316193
22.20799943	5.78863192	0.85316193
22.21199943	5.78863192	0.85316193
22.21599943	5.94918776	0.86890996
22.21999943	5.78863192	0.85316193
22.22399943	5.78863192	0.85316193
22.22799943	5.78863192	0.85316193
22.23199943	5.78863192	0.85316193
22.23599943	5.94918776	0.85316193
22.23999943	5.94918776	0.85316193
22.24399943	5.78863192	0.85316193
22.24799942	5.78863192	0.85316193
22.25199942	5.78863192	0.85316193
22.25599942	5.78863192	0.85316193
22.25999942	5.78863192	0.85316193
22.26399942	5.78863192	0.85316193
22.26799942	5.78863192	0.86890996
22.27199942	5.78863192	0.86890996
22.27599942	5.78863192	0.85316193
22.27999942	5.78863192	0.85316193
22.28399942	5.78863192	0.85316193
22.28799942	5.78863192	0.85316193
22.29199942	5.78863192	0.85316193
22.29599942	5.78863192	0.85316193
22.29999942	5.78863192	0.85316193
22.30399942	5.78863192	0.85316193
22.30799942	5.78863192	0.85316193
22.31199942	5.78863192	0.85316193
22.31599942	5.78863192	0.85316193
22.31999942	5.78863192	0.85316193
22.32399942	5.78863192	0.85316193
22.32799942	5.78863192	0.86890996
22.33199942	5.78863192	0.85316193
22.33599942	5.78863192	0.86890996
22.33999942	5.62746048	0.85316193
22.34399942	5.78863192	0.85316193
22.34799942	5.78863192	0.85316193
22.35199942	5.62746048	0.85316193
22.35599942	5.62746048	0.85316193
22.35999942	5.62746048	0.85316193
22.36399942	5.78863192	0.85316193
22.36799942	5.78863192	0.85316193
22.37199942	5.62746048	0.85316193
22.37599942	5.62746048	0.85316193
22.37999942	5.62746048	0.85316193
22.38399942	5.62746048	0.85316193
22.38799942	5.62746048	0.85316193
22.39199942	5.62746048	0.85316193
22.39599942	5.62746048	0.85316193
22.39999942	5.62746048	0.85316193
22.40399942	5.62746048	0.85316193
22.40799942	5.62746048	0.85316193
22.41199942	5.62746048	0.85316193
22.41599942	5.62746048	0.85316193
22.41999942	5.62746048	0.85316193
22.42399942	5.62746048	0.85316193
22.42799942	5.62746048	0.85316193
22.43199942	5.62746048	0.85316193
22.43599942	5.62746048	0.85316193
22.43999942	5.62746048	0.86890996
22.44399942	5.62746048	0.85316193
22.44799942	5.46690464	0.85316193
22.45199942	5.46690464	0.85316193
22.45599942	5.62746048	0.86890996
22.45999942	5.46690464	0.85316193
22.46399942	5.62746048	0.85316193
22.46799942	5.46690464	0.85316193
22.47199942	5.62746048	0.86890996
22.47599942	5.62746048	0.85316193
22.47999942	5.46690464	0.85316193
22.48399942	5.46690464	0.85316193
22.48799942	5.46690464	0.85316193
22.49199942	5.62746048	0.85316193
22.49599942	5.46690464	0.86890996
22.49999942	5.46690464	0.85316193
22.50399942	5.46690464	0.85316193
22.50799942	5.46690464	0.85316193
22.51199942	5.46690464	0.85316193
22.51599942	5.46690464	0.85316193
22.51999942	5.46690464	0.85316193
22.52399942	5.46690464	0.85316193
22.52799942	5.46690464	0.85316193
22.53199942	5.46690464	0.85316193
22.53599942	5.46690464	0.85316193
22.53999942	5.46690464	0.85316193
22.54399942	5.46690464	0.85316193
22.54799942	5.46690464	0.85316193
22.55199942	5.46690464	0.85316193
22.55599942	5.46690464	0.85316193
22.55999942	5.46690464	0.85316193
22.56399942	5.30634832	0.85316193
22.56799942	5.46690464	0.85316193
22.57199942	5.46690464	0.85316193
22.57599942	5.46690464	0.86890996
22.57999942	5.46690464	0.85316193
22.58399942	5.46690464	0.85316193
22.58799942	5.46690464	0.85316193
22.59199942	5.46690464	0.85316193
22.59599942	5.46690464	0.85316193
22.59999942	5.46690464	0.85316193
22.60399941	5.30634832	0.85316193
22.60799941	5.46690464	0.85316193
22.61199941	5.62746048	0.85316193
22.61599941	5.46690464	0.85316193
22.61999941	5.46690464	0.85316193
22.62399941	5.30634832	0.85316193
22.62799941	5.46690464	0.85316193
22.63199941	5.62746048	0.85316193
22.63599941	5.46690464	0.85316193
22.63999941	5.62746048	0.85316193
22.64399941	5.46690464	0.85316193
22.64799941	5.62746048	0.85316193
22.65199941	5.46690464	0.85316193
22.65599941	5.62746048	0.85316193
22.65999941	5.62746048	0.85316193
22.66399941	5.62746048	0.85316193
22.66799941	5.62746048	0.85316193
22.67199941	5.62746048	0.85316193
22.67599941	5.62746048	0.85316193
22.67999941	5.62746048	0.85316193
22.68399941	5.62746048	0.85316193
22.68799941	5.78863192	0.85316193
22.69199941	5.78863192	0.85316193
22.69599941	5.78863192	0.85316193
22.69999941	5.78863192	0.85316193
22.70399941	5.62746048	0.85316193
22.70799941	5.62746048	0.85316193
22.71199941	5.78863192	0.85316193
22.71599941	5.78863192	0.85316193
22.71999941	5.78863192	0.85316193
22.72399941	5.78863192	0.85316193
22.72799941	5.78863192	0.85316193
22.73199941	5.78863192	0.85316193
22.73599941	5.78863192	0.85316193
22.73999941	5.78863192	0.85316193
22.74399941	5.94918776	0.85316193
22.74799941	5.94918776	0.85316193
22.75199941	5.94918776	0.85316193
22.75599941	5.78863192	0.85316193
22.75999941	5.78863192	0.85316193
22.76399941	5.78863192	0.85316193
22.76799941	5.94918776	0.85316193
22.77199941	5.94918776	0.85316193
22.77599941	5.94918776	0.85316193
22.77999941	5.94918776	0.85316193
22.78399941	5.94918776	0.85316193
22.78799941	5.94918776	0.85316193
22.79199941	5.94918776	0.85316193
22.79599941	5.94918776	0.85316193
22.79999941	5.94918776	0.85316193
22.80399941	5.94918776	0.85316193
22.80799941	5.94918776	0.85316193
22.81199941	5.94918776	0.85316193
22.81599941	5.94918776	0.85316193
22.81999941	5.94918776	0.85316193
22.82399941	6.11035919	0.85316193
22.82799941	5.94918776	0.85316193
22.83199941	5.94918776	0.85316193
22.83599941	5.94918776	0.85316193
22.83999941	5.94918776	0.85316193
22.84399941	5.94918776	0.85316193
22.84799941	5.94918776	0.85316193
22.85199941	5.94918776	0.85316193
22.85599941	6.11035919	0.85316193
22.85999941	5.94918776	0.85316193
22.86399941	5.94918776	0.85316193
22.86799941	5.94918776	0.85316193
22.87199941	5.94918776	0.85316193
22.87599941	6.11035919	0.85316193
22.87999941	6.11035919	0.85316193
22.88399941	5.94918776	0.85316193
22.88799941	5.94918776	0.85316193
22.89199941	5.94918776	0.85316193
22.89599941	5.94918776	0.85316193
22.89999941	5.94918776	0.85316193
22.90399941	5.94918776	0.85316193
22.90799941	6.11035919	0.85316193
22.91199941	6.11035919	0.85316193
22.91599941	5.94918776	0.85316193
22.91999941	5.94918776	0.85316193
22.92399941	5.94918776	0.85316193
22.92799941	5.94918776	0.85316193
22.93199941	6.11035919	0.85316193
22.93599941	5.94918776	0.85316193
22.93999941	5.94918776	0.85316193
22.94399941	5.94918776	0.85316193
22.94799941	5.94918776	0.85316193
22.95199941	5.94918776	0.85316193
22.95599940	5.94918776	0.85316193
22.95999940	6.11035919	0.85316193
22.96399940	6.11035919	0.85316193
22.96799940	6.11035919	0.85316193
22.97199940	5.94918776	0.85316193
22.97599940	5.94918776	0.85316193
22.97999940	5.94918776	0.85316193
22.98399940	5.94918776	0.85316193
22.98799940	5.94918776	0.85316193
22.99199940	5.94918776	0.85316193
22.99599940	5.94918776	0.85316193
22.99999940	5.94918776	0.85316193
23.00399940	5.94918776	0.85316193
23.00799940	5.94918776	0.85316193
23.01199940	5.94918776	0.85316193
23.01599940	6.11035919	0.85316193
23.01999940	5.94918776	0.85316193
23.02399940	5.94918776	0.85316193
23.02799940	5.94918776	0.85316193
23.03199940	5.94918776	0.85316193
23.03599940	5.94918776	0.85316193
23.03999940	5.94918776	0.85316193
23.04399940	5.94918776	0.85316193
23.04799940	6.11035919	0.85316193
23.05199940	5.94918776	0.85316193
23.05599940	5.94918776	0.85316193
23.05999940	5.94918776	0.85316193
23.06399940	6.11035919	0.85316193
23.06799940	5.94918776	0.85316193
23.07199940	5.94918776	0.85316193
23.07599940	5.94918776	0.85316193
23.07999940	5.94918776	0.85316193
23.08399940	5.94918776	0.85316193
23.08799940	5.78863192	0.85316193
23.09199940	5.94918776	0.85316193
23.09599940	5.94918776	0.85316193
23.09999940	5.94918776	0.85316193
23.10399940	5.94918776	0.85316193
23.10799940	5.78863192	0.85316193
23.11199940	5.94918776	0.85316193
23.11599940	5.94918776	0.85316193
23.11999940	5.94918776	0.85316193
23.12399940	5.94918776	0.85316193
23.12799940	5.94918776	0.85316193
23.13199940	5.94918776	0.85316193
23.13599940	5.94918776	0.85316193
23.13999940	5.94918776	0.85316193
23.14399940	5.94918776	0.85316193
23.14799940	5.94918776	0.85316193
23.15199940	5.94918776	0.85316193
23.15599940	5.78863192	0.85316193
23.15999940	5.94918776	0.85316193
23.16399940	5.94918776	0.85316193
23.16799940	5.78863192	0.85316193
23.17199940	5.78863192	0.85316193
23.17599940	5.94918776	0.85316193
23.17999940	5.94918776	0.85316193
23.18399940	5.94918776	0.85316193
23.18799940	5.78863192	0.85316193
23.19199940	5.78863192	0.85316193
23.19599940	5.78863192	0.85316193
23.19999940	5.94918776	0.85316193
23.20399940	5.94918776	0.85316193
23.20799940	5.94918776	0.85316193
23.21199940	5.94918776	0.85316193
23.21599940	5.78863192	0.85316193
23.21999940	5.78863192	0.85316193
23.22399940	5.78863192	0.85316193
23.22799940	5.78863192	0.85316193
23.23199940	5.94918776	0.85316193
23.23599940	5.94918776	0.85316193
23.23999940	5.94918776	0.85316193
23.24399940	5.78863192	0.85316193
23.24799940	5.78863192	0.85316193
23.25199940	5.94918776	0.85316193
23.25599940	5.94918776	0.85316193
23.25999940	5.78863192	0.85316193
23.26399940	5.78863192	0.85316193
23.26799940	5.94918776	0.85316193
23.27199940	5.78863192	0.85316193
23.27599940	5.78863192	0.85316193
23.27999940	5.78863192	0.85316193
23.28399940	5.78863192	0.85316193
23.28799940	5.94918776	0.85316193
23.29199940	5.78863192	0.85316193
23.29599940	5.78863192	0.85316193
23.29999940	5.78863192	0.85316193
23.30399940	5.78863192	0.85316193
23.30799939	5.78863192	0.85316193
23.31199939	5.78863192	0.85316193
23.31599939	5.78863192	0.85316193
23.31999939	5.78863192	0.85316193
23.32399939	5.78863192	0.85316193
23.32799939	5.78863192	0.85316193
23.33199939	5.78863192	0.85316193
23.33599939	5.78863192	0.85316193
23.33999939	5.78863192	0.85316193
23.34399939	5.78863192	0.85316193
23.34799939	5.78863192	0.85316193
23.35199939	5.78863192	0.85316193
23.35599939	5.78863192	0.85316193
23.35999939	5.78863192	0.85316193
23.36399939	5.78863192	0.85316193
23.36799939	5.78863192	0.85316193
23.37199939	5.78863192	0.85316193
23.37599939	5.78863192	0.85316193
23.37999939	5.78863192	0.85316193
23.38399939	5.78863192	0.85316193
23.38799939	5.78863192	0.85316193
23.39199939	5.78863192	0.85316193
23.39599939	5.78863192	0.85316193
23.39999939	5.78863192	0.85316193
23.40399939	5.78863192	0.85316193
23.40799939	5.78863192	0.85316193
23.41199939	5.78863192	0.85316193
23.41599939	5.78863192	0.85316193
23.41999939	5.94918776	0.85316193
23.42399939	5.94918776	0.85316193
23.42799939	5.78863192	0.85316193
23.43199939	5.78863192	0.85316193
23.43599939	5.78863192	0.85316193
23.43999939	5.78863192	0.85316193
23.44399939	5.78863192	0.85316193
23.44799939	5.78863192	0.85316193
23.45199939	5.78863192	0.85316193
23.45599939	5.78863192	0.85316193
23.45999939	5.78863192	0.85316193
23.46399939	5.78863192	0.85316193
23.46799939	5.78863192	0.85316193
23.47199939	5.94918776	0.83735234
23.47599939	5.94918776	0.85316193
23.47999939	5.78863192	0.85316193
23.48399939	5.78863192	0.85316193
23.48799939	5.78863192	0.85316193
23.49199939	5.78863192	0.85316193
23.49599939	5.78863192	0.85316193
23.49999939	5.94918776	0.85316193
23.50399939	5.94918776	0.85316193
23.50799939	5.78863192	0.85316193
23.51199939	5.78863192	0.85316193
23.51599939	5.78863192	0.85316193
23.51999939	5.78863192	0.85316193
23.52399939	5.94918776	0.85316193
23.52799939	5.94918776	0.85316193
23.53199939	5.78863192	0.85316193
23.53599939	5.78863192	0.85316193
23.53999939	5.78863192	0.85316193
23.54399939	5.78863192	0.85316193
23.54799939	5.78863192	0.85316193
23.55199939	5.94918776	0.85316193
23.55599939	5.94918776	0.85316193
23.55999939	5.78863192	0.85316193
23.56399939	5.78863192	0.85316193
23.56799939	5.78863192	0.85316193
23.57199939	5.78863192	0.85316193
23.57599939	5.94918776	0.85316193
23.57999939	5.78863192	0.85316193
23.58399939	5.78863192	0.85316193
23.58799939	5.78863192	0.85316193
23.59199939	5.78863192	0.85316193
23.59599939	5.78863192	0.85316193
23.59999939	5.94918776	0.85316193
23.60399939	5.94918776	0.85316193
23.60799939	5.94918776	0.85316193
23.61199939	5.78863192	0.85316193
23.61599939	5.78863192	0.85316193
23.61999939	5.78863192	0.85316193
23.62399939	5.78863192	0.85316193
23.62799939	5.94918776	0.85316193
23.63199939	5.78863192	0.85316193
23.63599939	5.78863192	0.85316193
23.63999939	5.78863192	0.85316193
23.64399939	5.78863192	0.85316193
23.64799939	5.78863192	0.85316193
23.65199939	5.78863192	0.85316193
23.65599939	5.78863192	0.85316193
23.65999939	5.78863192	0.85316193
23.66399938	5.78863192	0.85316193
23.66799938	5.78863192	0.85316193
23.67199938	5.78863192	0.85316193
23.67599938	5.78863192	0.85316193
23.67999938	5.78863192	0.85316193
23.68399938	5.78863192	0.85316193
23.68799938	5.78863192	0.85316193
23.69199938	5.78863192	0.85316193
23.69599938	5.78863192	0.85316193
23.69999938	5.78863192	0.85316193
23.70399938	5.78863192	0.85316193
23.70799938	5.62746048	0.85316193
23.71199938	5.78863192	0.85316193
23.71599938	5.78863192	0.85316193
23.71999938	5.78863192	0.85316193
23.72399938	5.78863192	0.85316193
23.72799938	5.78863192	0.85316193
23.73199938	5.62746048	0.85316193
23.73599938	5.62746048	0.85316193
23.73999938	5.62746048	0.85316193
23.74399938	5.78863192	0.85316193
23.74799938	5.78863192	0.85316193
23.75199938	5.78863192	0.85316193
23.75599938	5.62746048	0.85316193
23.75999938	5.62746048	0.85316193
23.76399938	5.62746048	0.85316193
23.76799938	5.62746048	0.85316193
23.77199938	5.62746048	0.85316193
23.77599938	5.62746048	0.85316193
23.77999938	5.62746048	0.85316193
23.78399938	5.62746048	0.85316193
23.78799938	5.62746048	0.83735234
23.79199938	5.62746048	0.85316193
23.79599938	5.62746048	0.85316193
23.79999938	5.62746048	0.85316193
23.80399938	5.62746048	0.85316193
23.80799938	5.62746048	0.85316193
23.81199938	5.62746048	0.83735234
23.81599938	5.62746048	0.85316193
23.81999938	5.62746048	0.85316193
23.82399938	5.62746048	0.85316193
23.82799938	5.62746048	0.85316193
23.83199938	5.62746048	0.85316193
23.83599938	5.62746048	0.85316193
23.83999938	5.46690464	0.85316193
23.84399938	5.62746048	0.85316193
23.84799938	5.62746048	0.85316193
23.85199938	5.62746048	0.85316193
23.85599938	5.62746048	0.85316193
23.85999938	5.46690464	0.85316193
23.86399938	5.62746048	0.85316193
23.86799938	5.62746048	0.85316193
23.87199938	5.62746048	0.85316193
23.87599938	5.46690464	0.85316193
23.87999938	5.62746048	0.85316193
23.88399938	5.62746048	0.85316193
23.88799938	5.62746048	0.85316193
23.89199938	5.46690464	0.83735234
23.89599938	5.62746048	0.85316193
23.89999938	5.62746048	0.85316193
23.90399938	5.62746048	0.85316193
23.90799938	5.46690464	0.83735234
23.91199938	5.62746048	0.85316193
23.91599938	5.62746048	0.83735234
23.91999938	5.62746048	0.85316193
23.92399938	5.62746048	0.85316193
23.92799938	5.62746048	0.85316193
23.93199938	5.62746048	0.83735234
23.93599938	5.62746048	0.85316193
23.93999938	5.62746048	0.85316193
23.94399938	5.62746048	0.85316193
23.94799938	5.62746048	0.83735234
23.95199938	5.62746048	0.85316193
23.95599938	5.62746048	0.85316193
23.95999938	5.62746048	0.85316193
23.96399938	5.62746048	0.85316193
23.96799938	5.62746048	0.85316193
23.97199938	5.62746048	0.83735234
23.97599938	5.62746048	0.83735234
23.97999938	5.78863192	0.83735234
23.98399938	5.78863192	0.85316193
23.98799938	5.78863192	0.83735234
23.99199938	5.78863192	0.85316193
23.99599938	5.62746048	0.85316193
23.99999938	5.62746048	0.83735234
24.00399938	5.62746048	0.83735234
24.00799938	5.78863192	0.85316193
24.01199938	5.78863192	0.83735234
24.01599937	5.78863192	0.83735234
24.01999937	5.78863192	0.83735234
24.02399937	5.78863192	0.85316193
24.02799937	5.62746048	0.83735234
24.03199937	5.78863192	0.83735234
24.03599937	5.78863192	0.85316193
24.03999937	5.78863192	0.83735234
24.04399937	5.78863192	0.83735234
24.04799937	5.78863192	0.83735234
24.05199937	5.78863192	0.85316193
24.05599937	5.78863192	0.85316193
24.05999937	5.62746048	0.83735234
24.06399937	5.78863192	0.83735234
24.06799937	5.94918776	0.83735234
24.07199937	5.94918776	0.85316193
24.07599937	5.78863192	0.83735234
24.07999937	5.78863192	0.83735234
24.08399937	5.78863192	0.83735234
24.08799937	5.78863192	0.83735234
24.09199937	5.94918776	0.83735234
24.09599937	5.94918776	0.83735234
24.09999937	5.94918776	0.83735234
24.10399937	5.78863192	0.83735234
24.10799937	5.78863192	0.83735234
24.11199937	5.78863192	0.83735234
24.11599937	5.78863192	0.83735234
24.11999937	5.94918776	0.85316193
24.12399937	5.78863192	0.83735234
24.12799937	5.94918776	0.85316193
24.13199937	5.78863192	0.83735234
24.13599937	5.78863192	0.83735234
24.13999937	5.78863192	0.83735234
24.14399937	5.78863192	0.83735234
24.14799937	5.94918776	0.83735234
24.15199937	5.94918776	0.85316193
24.15599937	5.94918776	0.83735234
24.15999937	5.78863192	0.83735234
24.16399937	5.78863192	0.83735234
24.16799937	5.94918776	0.83735234
24.17199937	5.94918776	0.83735234
24.17599937	5.94918776	0.85316193
24.17999937	5.94918776	0.83735234
24.18399937	5.94918776	0.83735234
24.18799937	5.94918776	0.83735234
24.19199937	5.78863192	0.83735234
24.19599937	5.78863192	0.83735234
24.19999937	5.94918776	0.83735234
24.20399937	5.94918776	0.83735234
24.20799937	5.94918776	0.83735234
24.21199937	5.94918776	0.83735234
24.21599937	5.78863192	0.83735234
24.21999937	5.94918776	0.83735234
24.22399937	5.94918776	0.83735234
24.22799937	5.94918776	0.83735234
24.23199937	5.94918776	0.83735234
24.23599937	5.78863192	0.83735234
24.23999937	5.78863192	0.83735234
24.24399937	5.94918776	0.83735234
24.24799937	5.94918776	0.83735234
24.25199937	5.94918776	0.83735234
24.25599937	5.94918776	0.83735234
24.25999937	5.78863192	0.83735234
24.26399937	5.94918776	0.83735234
24.26799937	5.78863192	0.83735234
24.27199937	5.94918776	0.83735234
24.27599937	5.94918776	0.83735234
24.27999937	5.94918776	0.83735234
24.28399937	5.94918776	0.83735234
24.28799937	5.94918776	0.83735234
24.29199937	5.94918776	0.83735234
24.29599937	5.94918776	0.83735234
24.29999937	5.94918776	0.83735234
24.30399937	5.94918776	0.83735234
24.30799937	5.94918776	0.83735234
24.31199937	6.11035919	0.83735234
24.31599937	5.94918776	0.83735234
24.31999937	5.94918776	0.83735234
24.32399937	5.94918776	0.83735234
24.32799937	5.94918776	0.83735234
24.33199937	5.94918776	0.83735234
24.33599937	6.11035919	0.83735234
24.33999937	5.94918776	0.85316193
24.34399937	5.94918776	0.83735234
24.34799937	5.94918776	0.83735234
24.35199937	5.78863192	0.83735234
24.35599937	6.11035919	0.83735234
24.35999937	5.94918776	0.83735234
24.36399937	6.11035919	0.83735234
24.36799937	5.94918776	0.83735234
24.37199936	5.78863192	0.83735234
24.37599936	5.94918776	0.83735234
24.37999936	5.94918776	0.83735234
24.38399936	5.94918776	0.83735234
24.38799936	5.94918776	0.83735234
24.39199936	5.78863192	0.83735234
24.39599936	6.11035919	0.83735234
24.39999936	5.94918776	0.83735234
24.40399936	5.94918776	0.83735234
24.40799936	5.94918776	0.83735234
24.41199936	5.94918776	0.83735234
24.41599936	6.11035919	0.83735234
24.41999936	5.94918776	0.83735234
24.42399936	5.94918776	0.83735234
24.42799936	5.94918776	0.83735234
24.43199936	5.94918776	0.83735234
24.43599936	5.94918776	0.83735234
24.43999936	5.94918776	0.83735234
24.44399936	5.94918776	0.83735234
24.44799936	5.94918776	0.83735234
24.45199936	5.94918776	0.83735234
24.45599936	5.94918776	0.83735234
24.45999936	5.94918776	0.83735234
24.46399936	5.94918776	0.83735234
24.46799936	5.94918776	0.83735234
24.47199936	5.94918776	0.83735234
24.47599936	5.94918776	0.83735234
24.47999936	5.94918776	0.83735234
24.48399936	5.94918776	0.83735234
24.48799936	5.78863192	0.83735234
24.49199936	5.94918776	0.83735234
24.49599936	5.94918776	0.83735234
24.49999936	5.94918776	0.83735234
24.50399936	5.94918776	0.83735234
24.50799936	5.78863192	0.83735234
24.51199936	5.78863192	0.83735234
24.51599936	5.94918776	0.83735234
24.51999936	5.94918776	0.83735234
24.52399936	5.94918776	0.83735234
24.52799936	5.94918776	0.83735234
24.53199936	5.94918776	0.83735234
24.53599936	5.94918776	0.83735234
24.53999936	5.94918776	0.83735234
24.54399936	5.94918776	0.83735234
24.54799936	5.94918776	0.83735234
24.55199936	5.94918776	0.83735234
24.55599936	5.94918776	0.83735234
24.55999936	5.78863192	0.83735234
24.56399936	5.78863192	0.83735234
24.56799936	5.94918776	0.83735234
24.57199936	5.94918776	0.83735234
24.57599936	5.94918776	0.83735234
24.57999936	5.94918776	0.83735234
24.58399936	5.94918776	0.83735234
24.58799936	5.94918776	0.83735234
24.59199936	5.78863192	0.83735234
24.59599936	5.78863192	0.83735234
24.59999936	5.94918776	0.83735234
24.60399936	5.94918776	0.83735234
24.60799936	5.94918776	0.83735234
24.61199936	5.78863192	0.83735234
24.61599936	5.78863192	0.83735234
24.61999936	5.78863192	0.83735234
24.62399936	5.94918776	0.83735234
24.62799936	5.94918776	0.83735234
24.63199936	5.78863192	0.83735234
24.63599936	5.94918776	0.83735234
24.63999936	5.94918776	0.83735234
24.64399936	5.78863192	0.83735234
24.64799936	5.78863192	0.83735234
24.65199936	5.78863192	0.83735234
24.65599936	5.94918776	0.83735234
24.65999936	5.94918776	0.83735234
24.66399936	5.78863192	0.83735234
24.66799936	5.78863192	0.83735234
24.67199936	5.78863192	0.83735234
24.67599936	5.78863192	0.83735234
24.67999936	5.78863192	0.83735234
24.68399936	5.78863192	0.83735234
24.68799936	5.78863192	0.83735234
24.69199936	5.78863192	0.83735234
24.69599936	5.78863192	0.83735234
24.69999936	5.62746048	0.83735234
24.70399936	5.78863192	0.83735234
24.70799936	5.78863192	0.83735234
24.71199936	5.78863192	0.83735234
24.71599936	5.78863192	0.83735234
24.71999936	5.78863192	0.83735234
24.72399935	5.62746048	0.83735234
24.72799935	5.62746048	0.83735234
24.73199935	5.62746048	0.83735234
24.73599935	5.62746048	0.83735234
24.73999935	5.78863192	0.83735234
24.74399935	5.78863192	0.83735234
24.74799935	5.78863192	0.83735234
24.75199935	5.62746048	0.83735234
24.75599935	5.62746048	0.83735234
24.75999935	5.62746048	0.83735234
24.76399935	5.62746048	0.83735234
24.76799935	5.62746048	0.83735234
24.77199935	5.62746048	0.83735234
24.77599935	5.78863192	0.83735234
24.77999935	5.62746048	0.83735234
24.78399935	5.46690464	0.83735234
24.78799935	5.46690464	0.83735234
24.79199935	5.62746048	0.83735234
24.79599935	5.62746048	0.83735234
24.79999935	5.62746048	0.83735234
24.80399935	5.62746048	0.83735234
24.80799935	5.62746048	0.83735234
24.81199935	5.46690464	0.83735234
24.81599935	5.46690464	0.83735234
24.81999935	5.46690464	0.83735234
24.82399935	5.62746048	0.83735234
24.82799935	5.62746048	0.83735234
24.83199935	5.46690464	0.83735234
24.83599935	5.46690464	0.83735234
24.83999935	5.46690464	0.83735234
24.84399935	5.46690464	0.83735234
24.84799935	5.46690464	0.83735234
24.85199935	5.46690464	0.83735234
24.85599935	5.46690464	0.83735234
24.85999935	5.46690464	0.83735234
24.86399935	5.30634832	0.83735234
24.86799935	5.30634832	0.83735234
24.87199935	5.46690464	0.83735234
24.87599935	5.46690464	0.83735234
24.87999935	5.46690464	0.83735234
24.88399935	5.30634832	0.83735234
24.88799935	5.30634832	0.83735234
24.89199935	5.46690464	0.83735234
24.89599935	5.46690464	0.83735234
24.89999935	5.30634832	0.83735234
24.90399935	5.30634832	0.83735234
24.90799935	5.30634832	0.83735234
24.91199935	5.30634832	0.83735234
24.91599935	5.46690464	0.83735234
24.91999935	5.30634832	0.83735234
24.92399935	5.46690464	0.83735234
24.92799935	5.46690464	0.83735234
24.93199935	5.46690464	0.83735234
24.93599935	5.30634832	0.83735234
24.93999935	5.46690464	0.83735234
24.94399935	5.46690464	0.83735234
24.94799935	5.46690464	0.83735234
24.95199935	5.46690464	0.83735234
24.95599935	5.46690464	0.83735234
24.95999935	5.46690464	0.83735234
24.96399935	5.46690464	0.83735234
24.96799935	5.46690464	0.83735234
24.97199935	5.46690464	0.83735234
24.97599935	5.46690464	0.83735234
24.97999935	5.46690464	0.83735234
24.98399935	5.46690464	0.83735234
24.98799935	5.46690464	0.83735234
24.99199935	5.46690464	0.83735234
24.99599935	5.46690464	0.83735234
24.99999935	5.62746048	0.83735234
25.00399935	5.62746048	0.83735234
25.00799935	5.62746048	0.83735234
25.01199935	5.62746048	0.83735234
25.01599935	5.62746048	0.83735234
25.01999935	5.62746048	0.83735234
25.02399935	5.62746048	0.83735234
25.02799935	5.62746048	0.83735234
25.03199935	5.62746048	0.83735234
25.03599935	5.62746048	0.83735234
25.03999935	5.62746048	0.83735234
25.04399935	5.78863192	0.83735234
25.04799935	5.78863192	0.83735234
25.05199935	5.62746048	0.83735234
25.05599935	5.78863192	0.83735234
25.05999935	5.62746048	0.83735234
25.06399935	5.78863192	0.83735234
25.06799935	5.78863192	0.83735234
25.07199935	5.78863192	0.83735234
25.07599934	5.78863192	0.83735234
25.07999934	5.78863192	0.83735234
25.08399934	5.78863192	0.83735234
25.08799934	5.78863192	0.83735234
25.09199934	5.78863192	0.83735234
25.09599934	5.94918776	0.83735234
25.09999934	5.94918776	0.83735234
25.10399934	5.94918776	0.83735234
25.10799934	5.78863192	0.83735234
25.11199934	5.94918776	0.83735234
25.11599934	5.94918776	0.83735234
25.11999934	5.94918776	0.83735234
25.12399934	5.94918776	0.83735234
25.12799934	5.94918776	0.82154280
25.13199934	5.94918776	0.82154280
25.13599934	5.94918776	0.83735234
25.13999934	5.94918776	0.83735234
25.14399934	5.94918776	0.83735234
25.14799934	5.94918776	0.83735234
25.15199934	6.11035919	0.83735234
25.15599934	5.94918776	0.82154280
25.15999934	5.94918776	0.83735234
25.16399934	6.11035919	0.83735234
25.16799934	6.11035919	0.83735234
25.17199934	6.11035919	0.83735234
25.17599934	6.11035919	0.83735234
25.17999934	6.11035919	0.83735234
25.18399934	6.11035919	0.83735234
25.18799934	6.11035919	0.83735234
25.19199934	6.11035919	0.83735234
25.19599934	6.11035919	0.83735234
25.19999934	6.11035919	0.83735234
25.20399934	6.11035919	0.83735234
25.20799934	6.11035919	0.83735234
25.21199934	6.11035919	0.83735234
25.21599934	6.11035919	0.83735234
25.21999934	6.11035919	0.83735234
25.22399934	6.11035919	0.83735234
25.22799934	6.11035919	0.83735234
25.23199934	6.27091551	0.83735234
25.23599934	6.11035919	0.83735234
25.23999934	6.11035919	0.83735234
25.24399934	6.11035919	0.82154280
25.24799934	6.11035919	0.83735234
25.25199934	6.27091551	0.83735234
25.25599934	6.27091551	0.83735234
25.25999934	6.27091551	0.82154280
25.26399934	6.27091551	0.83735234
25.26799934	6.11035919	0.83735234
25.27199934	6.11035919	0.83735234
25.27599934	6.11035919	0.82154280
25.27999934	6.27091551	0.83735234
25.28399934	6.27091551	0.83735234
25.28799934	6.27091551	0.82154280
25.29199934	6.27091551	0.82154280
25.29599934	6.27091551	0.82154280
25.29999934	6.11035919	0.82154280
25.30399934	6.27091551	0.83735234
25.30799934	6.27091551	0.83735234
25.31199934	6.27091551	0.83735234
25.31599934	6.27091551	0.83735234
25.31999934	6.11035919	0.83735234
25.32399934	6.11035919	0.82154280
25.32799934	6.27091551	0.82154280
25.33199934	6.27091551	0.82154280
25.33599934	6.27091551	0.83735234
25.33999934	6.27091551	0.83735234
25.34399934	6.27091551	0.82154280
25.34799934	6.27091551	0.82154280
25.35199934	6.27091551	0.83735234
25.35599934	6.11035919	0.83735234
25.35999934	6.27091551	0.82154280
25.36399934	6.27091551	0.83735234
25.36799934	6.27091551	0.83735234
25.37199934	6.27091551	0.83735234
25.37599934	6.11035919	0.82154280
25.37999934	6.27091551	0.82154280
25.38399934	6.27091551	0.83735234
25.38799934	6.27091551	0.82154280
25.39199934	6.27091551	0.83735234
25.39599934	6.27091551	0.82154280
25.39999934	6.27091551	0.83735234
25.40399934	6.27091551	0.82154280
25.40799934	6.27091551	0.83735234
25.41199934	6.11035919	0.82154280
25.41599934	6.27091551	0.83735234
25.41999934	6.27091551	0.83735234
25.42399934	6.27091551	0.82154280
25.42799934	6.11035919	0.82154280
25.43199933	6.27091551	0.83735234
25.43599933	6.27091551	0.83735234
25.43999933	6.27091551	0.83735234
25.44399933	6.11035919	0.82154280
25.44799933	6.27091551	0.83735234
25.45199933	6.27091551	0.82154280
25.45599933	6.27091551	0.83735234
25.45999933	6.11035919	0.82154280
25.46399933	6.27091551	0.82154280
25.46799933	6.27091551	0.82154280
25.47199933	6.27091551	0.83735234
25.47599933	6.27091551	0.83735234
25.47999933	6.27091551	0.82154280
25.48399933	6.27091551	0.83735234
25.48799933	6.27091551	0.83735234
25.49199933	6.11035919	0.82154280
25.49599933	6.11035919	0.83735234
25.49999933	6.27091551	0.82154280
25.50399933	6.27091551	0.82154280
25.50799933	6.27091551	0.83735234
25.51199933	6.27091551	0.83735234
25.51599933	6.11035919	0.82154280
25.51999933	6.27091551	0.83735234
25.52399933	6.27091551	0.82154280
25.52799933	6.27091551	0.82154280
25.53199933	6.27091551	0.83735234
25.53599933	6.27091551	0.83735234
25.53999933	6.27091551	0.83735234
25.54399933	6.11035919	0.83735234
25.54799933	6.11035919	0.82154280
25.55199933	6.27091551	0.83735234
25.55599933	6.27091551	0.82154280
25.55999933	6.27091551	0.83735234
25.56399933	6.11035919	0.82154280
25.56799933	6.11035919	0.83735234
25.57199933	6.11035919	0.83735234
25.57599933	6.11035919	0.83735234
25.57999933	6.11035919	0.82154280
25.58399933	6.27091551	0.82154280
25.58799933	6.11035919	0.82154280
25.59199933	6.11035919	0.83735234
25.59599933	6.11035919	0.82154280
25.59999933	6.11035919	0.82154280
25.60399933	6.27091551	0.82154280
25.60799933	6.27091551	0.83735234
25.61199933	6.11035919	0.83735234
25.61599933	6.11035919	0.82154280
25.61999933	6.11035919	0.82154280
25.62399933	6.11035919	0.82154280
25.62799933	6.11035919	0.82154280
25.63199933	6.11035919	0.83735234
25.63599933	6.11035919	0.82154280
25.63999933	6.11035919	0.83735234
25.64399933	6.11035919	0.82154280
25.64799933	6.11035919	0.82154280
25.65199933	5.94918776	0.83735234
25.65599933	6.11035919	0.83735234
25.65999933	6.11035919	0.82154280
25.66399933	6.11035919	0.83735234
25.66799933	6.11035919	0.82154280
25.67199933	5.94918776	0.83735234
25.67599933	6.11035919	0.82154280
25.67999933	5.94918776	0.83735234
25.68399933	6.11035919	0.83735234
25.68799933	6.11035919	0.83735234
25.69199933	6.11035919	0.82154280
25.69599933	6.11035919	0.82154280
25.69999933	5.94918776	0.82154280
25.70399933	5.94918776	0.82154280
25.70799933	5.94918776	0.82154280
25.71199933	6.11035919	0.83735234
25.71599933	6.11035919	0.82154280
25.71999933	6.11035919	0.83735234
25.72399933	5.94918776	0.82154280
25.72799933	5.94918776	0.83735234
25.73199933	5.94918776	0.82154280
25.73599933	5.94918776	0.83735234
25.73999933	5.94918776	0.82154280
25.74399933	5.94918776	0.82154280
25.74799933	5.94918776	0.83735234
25.75199933	5.94918776	0.83735234
25.75599933	5.94918776	0.83735234
25.75999933	5.94918776	0.83735234
25.76399933	5.94918776	0.83735234
25.76799933	5.94918776	0.83735234
25.77199933	5.94918776	0.82154280
25.77599933	5.94918776	0.82154280
25.77999933	5.94918776	0.82154280
25.78399932	5.94918776	0.83735234
25.78799932	5.94918776	0.82154280
25.79199932	5.94918776	0.83735234
25.79599932	5.94918776	0.83735234
25.79999932	5.94918776	0.83735234
25.80399932	5.94918776	0.82154280
25.80799932	5.78863192	0.83735234
25.81199932	5.78863192	0.82154280
25.81599932	5.78863192	0.82154280
25.81999932	5.94918776	0.82154280
25.82399932	5.94918776	0.83735234
25.82799932	5.94918776	0.82154280
25.83199932	5.78863192	0.83735234
25.83599932	5.78863192	0.82154280
25.83999932	5.78863192	0.82154280
25.84399932	5.78863192	0.82154280
25.84799932	5.94918776	0.83735234
25.85199932	5.94918776	0.83735234
25.85599932	5.94918776	0.83735234
25.85999932	5.78863192	0.82154280
25.86399932	5.62746048	0.82154280
25.86799932	5.78863192	0.82154280
25.87199932	5.94918776	0.82154280
25.87599932	5.94918776	0.82154280
25.87999932	5.94918776	0.83735234
25.88399932	5.78863192	0.82154280
25.88799932	5.78863192	0.82154280
25.89199932	5.78863192	0.82154280
25.89599932	5.78863192	0.83735234
25.89999932	5.78863192	0.82154280
25.90399932	5.94918776	0.82154280
25.90799932	5.94918776	0.82154280
25.91199932	5.78863192	0.83735234
25.91599932	5.78863192	0.82154280
25.91999932	5.78863192	0.82154280
25.92399932	5.78863192	0.83735234
25.92799932	5.78863192	0.83735234
25.93199932	5.78863192	0.82154280
25.93599932	5.94918776	0.82154280
25.93999932	5.78863192	0.82154280
25.94399932	5.78863192	0.82154280
25.94799932	5.78863192	0.82154280
25.95199932	5.78863192	0.82154280
25.95599932	5.78863192	0.82154280
25.95999932	5.94918776	0.82154280
25.96399932	5.78863192	0.82154280
25.96799932	5.78863192	0.82154280
25.97199932	5.78863192	0.82154280
25.97599932	5.78863192	0.83735234
25.97999932	5.78863192	0.82154280
25.98399932	5.78863192	0.82154280
25.98799932	5.78863192	0.83735234
25.99199932	5.78863192	0.82154280
25.99599932	5.78863192	0.82154280
25.99999932	5.78863192	0.82154280
26.00399932	5.78863192	0.82154280
26.00799932	5.94918776	0.82154280
26.01199932	5.94918776	0.82154280
26.01599932	5.94918776	0.82154280
26.01999932	5.94918776	0.82154280
26.02399932	5.78863192	0.82154280
26.02799932	5.94918776	0.82154280
26.03199932	5.94918776	0.83735234
26.03599932	5.94918776	0.82154280
26.03999932	5.94918776	0.83735234
26.04399932	5.94918776	0.82154280
26.04799932	5.94918776	0.82154280
26.05199932	5.94918776	0.82154280
26.05599932	5.94918776	0.83735234
26.05999932	5.94918776	0.82154280
26.06399932	5.94918776	0.83735234
26.06799932	5.94918776	0.82154280
26.07199932	5.94918776	0.82154280
26.07599932	5.94918776	0.82154280
26.07999932	5.94918776	0.82154280
26.08399932	5.94918776	0.82154280
26.08799932	5.94918776	0.82154280
26.09199932	5.94918776	0.82154280
26.09599932	5.94918776	0.82154280
26.09999932	5.94918776	0.82154280
26.10399932	5.94918776	0.82154280
26.10799932	5.94918776	0.82154280
26.11199932	5.94918776	0.82154280
26.11599932	5.94918776	0.82154280
26.11999932	5.94918776	0.82154280
26.12399932	5.94918776	0.82154280
26.12799932	6.11035919	0.82154280
26.13199932	5.94918776	0.82154280
26.13599932	5.94918776	0.82154280
26.13999931	5.94918776	0.82154280
26.14399931	5.94918776	0.82154280
26.14799931	6.11035919	0.82154280
26.15199931	6.11035919	0.82154280
26.15599931	6.11035919	0.82154280
26.15999931	5.94918776	0.82154280
26.16399931	5.94918776	0.82154280
26.16799931	6.11035919	0.82154280
26.17199931	6.11035919	0.82154280
26.17599931	6.11035919	0.83735234
26.17999931	6.11035919	0.83735234
26.18399931	6.11035919	0.82154280
26.18799931	5.94918776	0.82154280
26.19199931	5.94918776	0.82154280
26.19599931	5.94918776	0.82154280
26.19999931	6.11035919	0.82154280
26.20399931	6.11035919	0.82154280
26.20799931	6.11035919	0.82154280
26.21199931	5.94918776	0.82154280
26.21599931	5.94918776	0.82154280
26.21999931	6.11035919	0.82154280
26.22399931	6.11035919	0.82154280
26.22799931	6.11035919	0.82154280
26.23199931	6.11035919	0.82154280
26.23599931	6.11035919	0.82154280
26.23999931	6.11035919	0.82154280
26.24399931	5.94918776	0.82154280
26.24799931	6.11035919	0.82154280
26.25199931	6.11035919	0.82154280
26.25599931	6.27091551	0.82154280
26.25999931	6.11035919	0.82154280
26.26399931	6.11035919	0.82154280
26.26799931	5.94918776	0.82154280
26.27199931	6.11035919	0.82154280
26.27599931	6.11035919	0.82154280
26.27999931	6.27091551	0.82154280
26.28399931	6.11035919	0.82154280
26.28799931	6.11035919	0.82154280
26.29199931	6.11035919	0.82154280
26.29599931	6.11035919	0.82154280
26.29999931	6.11035919	0.82154280
26.30399931	6.27091551	0.82154280
26.30799931	6.27091551	0.82154280
26.31199931	6.27091551	0.82154280
26.31599931	6.11035919	0.82154280
26.31999931	6.11035919	0.82154280
26.32399931	6.11035919	0.82154280
26.32799931	6.27091551	0.82154280
26.33199931	6.27091551	0.82154280
26.33599931	6.27091551	0.82154280
26.33999931	6.11035919	0.82154280
26.34399931	6.11035919	0.82154280
26.34799931	6.11035919	0.82154280
26.35199931	6.11035919	0.82154280
26.35599931	6.11035919	0.82154280
26.35999931	6.27091551	0.82154280
26.36399931	6.11035919	0.82154280
26.36799931	6.11035919	0.82154280
26.37199931	6.11035919	0.82154280
26.37599931	6.11035919	0.82154280
26.37999931	6.11035919	0.82154280
26.38399931	6.11035919	0.82154280
26.38799931	6.27091551	0.82154280
26.39199931	6.11035919	0.82154280
26.39599931	6.27091551	0.82154280
26.39999931	6.27091551	0.82154280
26.40399931	6.27091551	0.82154280
26.40799931	6.11035919	0.82154280
26.41199931	6.11035919	0.82154280
26.41599931	6.27091551	0.82154280
26.41999931	6.27091551	0.82154280
26.42399931	6.27091551	0.82154280
26.42799931	6.11035919	0.82154280
26.43199931	6.11035919	0.82154280
26.43599931	6.11035919	0.82154280
26.43999931	6.27091551	0.82154280
26.44399931	6.27091551	0.82154280
26.44799931	6.11035919	0.82154280
26.45199931	6.11035919	0.82154280
26.45599931	6.27091551	0.82154280
26.45999931	6.11035919	0.82154280
26.46399931	6.11035919	0.82154280
26.46799931	6.11035919	0.82154280
26.47199931	6.27091551	0.82154280
26.47599931	6.27091551	0.82154280
26.47999931	6.11035919	0.82154280
26.48399931	6.11035919	0.82154280
26.48799931	6.11035919	0.82154280
26.49199930	6.11035919	0.82154280
26.49599930	6.27091551	0.82154280
26.49999930	6.11035919	0.82154280
26.50399930	6.11035919	0.82154280
26.50799930	6.27091551	0.82154280
26.51199930	6.11035919	0.82154280
26.51599930	6.11035919	0.82154280
26.51999930	6.11035919	0.82154280
26.52399930	6.27091551	0.82154280
26.52799930	6.27091551	0.82154280
26.53199930	6.11035919	0.82154280
26.53599930	6.11035919	0.82154280
26.53999930	6.11035919	0.82154280
26.54399930	6.11035919	0.82154280
26.54799930	6.11035919	0.82154280
26.55199930	6.11035919	0.82154280
26.55599930	6.11035919	0.82154280
26.55999930	6.11035919	0.82154280
26.56399930	6.11035919	0.82154280
26.56799930	6.11035919	0.82154280
26.57199930	6.11035919	0.82154280
26.57599930	6.11035919	0.82154280
26.57999930	6.11035919	0.82154280
26.58399930	6.11035919	0.82154280
26.58799930	6.11035919	0.82154280
26.59199930	6.27091551	0.82154280
26.59599930	6.11035919	0.82154280
26.59999930	6.11035919	0.82154280
26.60399930	6.11035919	0.82154280
26.60799930	6.11035919	0.82154280
26.61199930	6.11035919	0.82154280
26.61599930	6.11035919	0.82154280
26.61999930	6.11035919	0.82154280
26.62399930	6.11035919	0.82154280
26.62799930	6.11035919	0.82154280
26.63199930	6.11035919	0.82154280
26.63599930	5.94918776	0.82154280
26.63999930	6.11035919	0.82154280
26.64399930	6.27091551	0.82154280
26.64799930	6.11035919	0.82154280
26.65199930	6.11035919	0.82154280
26.65599930	5.94918776	0.82154280
26.65999930	6.11035919	0.82154280
26.66399930	6.11035919	0.82154280
26.66799930	6.11035919	0.82154280
26.67199930	6.11035919	0.82154280
26.67599930	6.11035919	0.82154280
26.67999930	6.11035919	0.82154280
26.68399930	6.11035919	0.82154280
26.68799930	6.11035919	0.82154280
26.69199930	6.11035919	0.82154280
26.69599930	6.11035919	0.82154280
26.69999930	6.11035919	0.82154280
26.70399930	5.94918776	0.82154280
26.70799930	5.94918776	0.82154280
26.71199930	6.11035919	0.82154280
26.71599930	6.11035919	0.82154280
26.71999930	6.11035919	0.82154280
26.72399930	6.11035919	0.82154280
26.72799930	6.11035919	0.82154280
26.73199930	6.11035919	0.82154280
26.73599930	6.11035919	0.82154280
26.73999930	5.94918776	0.82154280
26.74399930	6.11035919	0.82154280
26.74799930	6.11035919	0.82154280
26.75199930	6.11035919	0.82154280
26.75599930	5.94918776	0.82154280
26.75999930	5.94918776	0.82154280
26.76399930	6.11035919	0.82154280
26.76799930	6.11035919	0.82154280
26.77199930	6.11035919	0.82154280
26.77599930	6.11035919	0.82154280
26.77999930	6.11035919	0.82154280
26.78399930	5.94918776	0.82154280
26.78799930	5.94918776	0.82154280
26.79199930	5.94918776	0.82154280
26.79599930	6.11035919	0.82154280
26.79999930	6.11035919	0.82154280
26.80399930	6.11035919	0.82154280
26.80799930	5.94918776	0.82154280
26.81199930	5.94918776	0.82154280
26.81599930	6.11035919	0.82154280
26.81999930	5.94918776	0.82154280
26.82399930	5.94918776	0.82154280
26.82799930	6.11035919	0.82154280
26.83199930	6.11035919	0.82154280
26.83599930	6.11035919	0.82154280
26.83999930	5.94918776	0.82154280
26.84399929	5.94918776	0.82154280
26.84799929	6.11035919	0.82154280
26.85199929	5.94918776	0.82154280
26.85599929	5.94918776	0.82154280
26.85999929	5.94918776	0.82154280
26.86399929	5.94918776	0.82154280
26.86799929	6.11035919	0.82154280
26.87199929	5.94918776	0.82154280
26.87599929	5.94918776	0.82154280
26.87999929	5.94918776	0.82154280
26.88399929	5.94918776	0.82154280
26.88799929	5.94918776	0.82154280
26.89199929	5.94918776	0.82154280
26.89599929	5.94918776	0.82154280
26.89999929	5.94918776	0.82154280
26.90399929	5.94918776	0.82154280
26.90799929	5.94918776	0.82154280
26.91199929	5.94918776	0.82154280
26.91599929	6.11035919	0.82154280
26.91999929	6.11035919	0.82154280
26.92399929	5.94918776	0.82154280
26.92799929	5.94918776	0.82154280
26.93199929	5.94918776	0.82154280
26.93599929	6.11035919	0.82154280
26.93999929	6.11035919	0.82154280
26.94399929	5.94918776	0.82154280
26.94799929	5.94918776	0.82154280
26.95199929	5.94918776	0.82154280
26.95599929	5.94918776	0.82154280
26.95999929	5.94918776	0.82154280
26.96399929	5.94918776	0.82154280
26.96799929	6.11035919	0.82154280
26.97199929	6.11035919	0.82154280
26.97599929	6.11035919	0.82154280
26.97999929	5.94918776	0.82154280
26.98399929	5.94918776	0.82154280
26.98799929	5.94918776	0.82154280
26.99199929	6.11035919	0.82154280
26.99599929	6.11035919	0.82154280
26.99999929	5.94918776	0.82154280
27.00399929	5.94918776	0.82154280
27.00799929	5.94918776	0.82154280
27.01199929	5.94918776	0.80573326
27.01599929	5.94918776	0.80573326
27.01999929	5.94918776	0.82154280
27.02399929	6.11035919	0.82154280
27.02799929	5.94918776	0.82154280
27.03199929	5.94918776	0.82154280
27.03599929	6.11035919	0.82154280
27.03999929	6.11035919	0.82154280
27.04399929	5.94918776	0.82154280
27.04799929	5.94918776	0.82154280
27.05199929	6.11035919	0.82154280
27.05599929	5.94918776	0.82154280
27.05999929	5.94918776	0.80573326
27.06399929	6.11035919	0.82154280
27.06799929	6.11035919	0.82154280
27.07199929	5.94918776	0.82154280
27.07599929	5.94918776	0.82154280
27.07999929	5.94918776	0.82154280
27.08399929	6.11035919	0.80573326
27.08799929	5.94918776	0.82154280
27.09199929	5.94918776	0.82154280
27.09599929	5.94918776	0.82154280
27.09999929	5.94918776	0.82154280
27.10399929	5.94918776	0.82154280
27.10799929	5.94918776	0.82154280
27.11199929	5.94918776	0.82154280
27.11599929	5.94918776	0.82154280
27.11999929	5.94918776	0.82154280
27.12399929	5.94918776	0.82154280
27.12799929	5.94918776	0.82154280
27.13199929	5.94918776	0.82154280
27.13599929	5.94918776	0.82154280
27.13999929	5.94918776	0.82154280
27.14399929	5.94918776	0.82154280
27.14799929	5.94918776	0.82154280
27.15199929	5.94918776	0.82154280
27.15599929	5.94918776	0.82154280
27.15999929	5.94918776	0.82154280
27.16399929	5.94918776	0.82154280
27.16799929	5.94918776	0.82154280
27.17199929	5.94918776	0.82154280
27.17599929	5.94918776	0.82154280
27.17999929	5.94918776	0.82154280
27.18399929	5.94918776	0.82154280
27.18799929	5.94918776	0.82154280
27.19199929	5.94918776	0.82154280
27.19599929	5.94918776	0.82154280
27.19999928	5.94918776	0.82154280
27.20399928	5.94918776	0.82154280
27.20799928	6.11035919	0.82154280
27.21199928	5.94918776	0.82154280
27.21599928	5.94918776	0.82154280
27.21999928	5.94918776	0.82154280
27.22399928	5.94918776	0.82154280
27.22799928	5.94918776	0.82154280
27.23199928	5.94918776	0.82154280
27.23599928	5.94918776	0.82154280
27.23999928	5.94918776	0.82154280
27.24399928	5.94918776	0.82154280
27.24799928	5.94918776	0.82154280
27.25199928	5.94918776	0.82154280
27.25599928	5.94918776	0.82154280
27.25999928	5.94918776	0.82154280
27.26399928	5.94918776	0.82154280
27.26799928	5.94918776	0.82154280
27.27199928	5.94918776	0.82154280
27.27599928	5.94918776	0.82154280
27.27999928	5.94918776	0.82154280
27.28399928	5.94918776	0.82154280
27.28799928	5.94918776	0.82154280
27.29199928	5.94918776	0.82154280
27.29599928	5.94918776	0.82154280
27.29999928	6.11035919	0.82154280
27.30399928	6.11035919	0.82154280
27.30799928	6.11035919	0.82154280
27.31199928	5.94918776	0.82154280
27.31599928	5.94918776	0.82154280
27.31999928	5.94918776	0.82154280
27.32399928	5.94918776	0.82154280
27.32799928	6.11035919	0.82154280
27.33199928	5.94918776	0.82154280
27.33599928	5.94918776	0.82154280
27.33999928	5.94918776	0.82154280
27.34399928	5.94918776	0.82154280
27.34799928	5.94918776	0.82154280
27.35199928	5.94918776	0.82154280
27.35599928	6.11035919	0.82154280
27.35999928	5.94918776	0.82154280
27.36399928	5.94918776	0.82154280
27.36799928	5.94918776	0.80573326
27.37199928	5.94918776	0.82154280
27.37599928	6.11035919	0.82154280
27.37999928	6.11035919	0.82154280
27.38399928	6.11035919	0.82154280
27.38799928	5.94918776	0.82154280
27.39199928	5.94918776	0.82154280
27.39599928	5.94918776	0.82154280
27.39999928	6.11035919	0.82154280
27.40399928	6.11035919	0.82154280
27.40799928	6.11035919	0.82154280
27.41199928	5.94918776	0.82154280
27.41599928	5.94918776	0.82154280
27.41999928	5.94918776	0.82154280
27.42399928	5.94918776	0.82154280
27.42799928	6.11035919	0.82154280
27.43199928	6.11035919	0.82154280
27.43599928	6.11035919	0.82154280
27.43999928	5.94918776	0.82154280
27.44399928	5.94918776	0.82154280
27.44799928	5.94918776	0.82154280
27.45199928	6.11035919	0.82154280
27.45599928	6.11035919	0.82154280
27.45999928	6.11035919	0.82154280
27.46399928	6.11035919	0.82154280
27.46799928	5.94918776	0.82154280
27.47199928	5.94918776	0.82154280
27.47599928	5.94918776	0.82154280
27.47999928	6.11035919	0.82154280
27.48399928	6.11035919	0.82154280
27.48799928	6.11035919	0.82154280
27.49199928	6.11035919	0.82154280
27.49599928	6.11035919	0.82154280
27.49999928	5.94918776	0.82154280
27.50399928	5.94918776	0.82154280
27.50799928	6.11035919	0.82154280
27.51199928	6.11035919	0.82154280
27.51599928	6.27091551	0.82154280
27.51999928	6.11035919	0.82154280
27.52399928	5.94918776	0.82154280
27.52799928	6.11035919	0.82154280
27.53199928	6.11035919	0.82154280
27.53599928	6.11035919	0.82154280
27.53999928	6.11035919	0.82154280
27.54399928	6.11035919	0.82154280
27.54799928	6.11035919	0.82154280
27.55199927	6.11035919	0.82154280
27.55599927	6.11035919	0.82154280
27.55999927	6.11035919	0.82154280
27.56399927	6.11035919	0.82154280
27.56799927	6.11035919	0.82154280
27.57199927	6.11035919	0.82154280
27.57599927	6.11035919	0.82154280
27.57999927	6.11035919	0.82154280
27.58399927	5.94918776	0.82154280
27.58799927	5.94918776	0.82154280
27.59199927	6.11035919	0.82154280
27.59599927	6.11035919	0.82154280
27.59999927	6.11035919	0.82154280
27.60399927	5.94918776	0.82154280
27.60799927	6.11035919	0.82154280
27.61199927	6.11035919	0.82154280
27.61599927	6.11035919	0.82154280
27.61999927	6.11035919	0.82154280
27.62399927	6.11035919	0.82154280
27.62799927	6.11035919	0.82154280
27.63199927	6.11035919	0.82154280
27.63599927	5.94918776	0.82154280
27.63999927	6.11035919	0.82154280
27.64399927	6.11035919	0.82154280
27.64799927	6.11035919	0.82154280
27.65199927	6.11035919	0.82154280
27.65599927	6.11035919	0.82154280
27.65999927	6.11035919	0.82154280
27.66399927	6.11035919	0.82154280
27.66799927	5.94918776	0.80573326
27.67199927	6.11035919	0.82154280
27.67599927	6.11035919	0.82154280
27.67999927	6.11035919	0.82154280
27.68399927	5.94918776	0.80573326
27.68799927	5.94918776	0.80573326
27.69199927	5.94918776	0.82154280
27.69599927	6.11035919	0.82154280
27.69999927	6.11035919	0.82154280
27.70399927	6.11035919	0.82154280
27.70799927	5.94918776	0.82154280
27.71199927	5.94918776	0.82154280
27.71599927	5.94918776	0.82154280
27.71999927	5.94918776	0.82154280
27.72399927	6.11035919	0.80573326
27.72799927	6.11035919	0.82154280
27.73199927	6.11035919	0.80573326
27.73599927	5.94918776	0.82154280
27.73999927	5.94918776	0.82154280
27.74399927	5.94918776	0.82154280
27.74799927	5.94918776	0.80573326
27.75199927	6.11035919	0.82154280
27.75599927	6.11035919	0.82154280
27.75999927	6.11035919	0.82154280
27.76399927	5.94918776	0.82154280
27.76799927	5.94918776	0.82154280
27.77199927	5.94918776	0.80573326
27.77599927	5.94918776	0.82154280
27.77999927	6.11035919	0.82154280
27.78399927	6.11035919	0.82154280
27.78799927	5.94918776	0.80573326
27.79199927	5.94918776	0.80573326
27.79599927	5.94918776	0.80573326
27.79999927	5.94918776	0.82154280
27.80399927	5.94918776	0.82154280
27.80799927	6.11035919	0.82154280
27.81199927	6.11035919	0.82154280
27.81599927	5.94918776	0.82154280
27.81999927	5.94918776	0.80573326
27.82399927	5.94918776	0.80573326
27.82799927	5.94918776	0.82154280
27.83199927	5.94918776	0.80573326
27.83599927	5.94918776	0.82154280
27.83999927	5.94918776	0.82154280
27.84399927	5.94918776	0.80573326
27.84799927	5.94918776	0.82154280
27.85199927	5.94918776	0.80573326
27.85599927	5.94918776	0.80573326
27.85999927	5.94918776	0.80573326
27.86399927	6.11035919	0.82154280
27.86799927	6.11035919	0.80573326
27.87199927	5.94918776	0.82154280
27.87599927	5.94918776	0.82154280
27.87999927	5.94918776	0.82154280
27.88399927	5.94918776	0.80573326
27.88799927	5.94918776	0.80573326
27.89199927	5.94918776	0.82154280
27.89599927	5.94918776	0.82154280
27.89999927	5.94918776	0.82154280
27.90399926	5.94918776	0.82154280
27.90799926	5.78863192	0.80573326
27.91199926	5.94918776	0.80573326
27.91599926	6.11035919	0.82154280
27.91999926	6.11035919	0.82154280
27.92399926	5.94918776	0.80573326
27.92799926	5.78863192	0.80573326
27.93199926	5.78863192	0.80573326
27.93599926	5.94918776	0.80573326
27.93999926	5.94918776	0.80573326
27.94399926	5.94918776	0.82154280
27.94799926	5.94918776	0.80573326
27.95199926	5.94918776	0.82154280
27.95599926	5.94918776	0.80573326
27.95999926	5.94918776	0.80573326
27.96399926	5.78863192	0.80573326
27.96799926	5.94918776	0.80573326
27.97199926	5.94918776	0.82154280
27.97599926	5.94918776	0.82154280
27.97999926	5.94918776	0.82154280
27.98399926	5.94918776	0.80573326
27.98799926	5.94918776	0.80573326
27.99199926	5.94918776	0.80573326
27.99599926	5.94918776	0.82154280
27.99999926	6.11035919	0.82154280
28.00399926	6.11035919	0.80573326
28.00799926	5.94918776	0.82154280
28.01199926	5.94918776	0.80573326
28.01599926	5.94918776	0.80573326
28.01999926	5.94918776	0.80573326
28.02399926	6.11035919	0.82154280
28.02799926	6.11035919	0.82154280
28.03199926	6.11035919	0.82154280
28.03599926	5.94918776	0.80573326
28.03999926	5.94918776	0.80573326
28.04399926	5.94918776	0.80573326
28.04799926	5.94918776	0.82154280
28.05199926	6.11035919	0.80573326
28.05599926	6.11035919	0.82154280
28.05999926	6.11035919	0.82154280
28.06399926	6.11035919	0.80573326
28.06799926	5.94918776	0.80573326
28.07199926	5.94918776	0.80573326
28.07599926	5.94918776	0.80573326
28.07999926	6.11035919	0.80573326
28.08399926	6.27091551	0.82154280
28.08799926	6.11035919	0.82154280
28.09199926	5.94918776	0.80573326
28.09599926	5.94918776	0.82154280
28.09999926	6.11035919	0.80573326
28.10399926	6.11035919	0.80573326
28.10799926	6.11035919	0.80573326
28.11199926	6.11035919	0.80573326
28.11599926	6.11035919	0.80573326
28.11999926	6.11035919	0.80573326
28.12399926	5.94918776	0.80573326
28.12799926	6.11035919	0.80573326
28.13199926	6.11035919	0.80573326
28.13599926	6.27091551	0.82154280
28.13999926	6.11035919	0.80573326
28.14399926	6.11035919	0.80573326
28.14799926	6.11035919	0.80573326
28.15199926	6.11035919	0.82154280
28.15599926	6.11035919	0.80573326
28.15999926	6.11035919	0.82154280
28.16399926	6.11035919	0.80573326
28.16799926	6.27091551	0.82154280
28.17199926	6.27091551	0.80573326
28.17599926	6.11035919	0.80573326
28.17999926	6.11035919	0.80573326
28.18399926	6.11035919	0.80573326
28.18799926	6.27091551	0.82154280
28.19199926	6.27091551	0.82154280
28.19599926	6.11035919	0.80573326
28.19999926	6.27091551	0.80573326
28.20399926	6.27091551	0.80573326
28.20799926	6.11035919	0.80573326
28.21199926	6.11035919	0.80573326
28.21599926	6.11035919	0.80573326
28.21999926	6.27091551	0.80573326
28.22399926	6.27091551	0.80573326
28.22799926	6.27091551	0.82154280
28.23199926	6.11035919	0.80573326
28.23599926	6.11035919	0.80573326
28.23999926	6.27091551	0.80573326
28.24399926	6.11035919	0.80573326
28.24799926	6.27091551	0.80573326
28.25199926	6.27091551	0.80573326
28.25599926	6.27091551	0.80573326
28.25999925	6.27091551	0.80573326
28.26399925	6.11035919	0.80573326
28.26799925	6.11035919	0.80573326
28.27199925	6.27091551	0.80573326
28.27599925	6.27091551	0.80573326
28.27999925	6.27091551	0.80573326
28.28399925	6.27091551	0.80573326
28.28799925	6.27091551	0.80573326
28.29199925	6.11035919	0.80573326
28.29599925	6.27091551	0.80573326
28.29999925	6.27091551	0.80573326
28.30399925	6.27091551	0.80573326
28.30799925	6.27091551	0.80573326
28.31199925	6.27091551	0.80573326
28.31599925	6.11035919	0.80573326
28.31999925	6.27091551	0.80573326
28.32399925	6.27091551	0.80573326
28.32799925	6.27091551	0.80573326
28.33199925	6.27091551	0.80573326
28.33599925	6.27091551	0.80573326
28.33999925	6.27091551	0.80573326
28.34399925	6.27091551	0.80573326
28.34799925	6.27091551	0.80573326
28.35199925	6.27091551	0.80573326
28.35599925	6.27091551	0.80573326
28.35999925	6.27091551	0.80573326
28.36399925	6.27091551	0.80573326
28.36799925	6.27091551	0.80573326
28.37199925	6.27091551	0.80573326
28.37599925	6.27091551	0.82154280
28.37999925	6.27091551	0.80573326
28.38399925	6.27091551	0.80573326
28.38799925	6.27091551	0.80573326
28.39199925	6.27091551	0.80573326
28.39599925	6.27091551	0.80573326
28.39999925	6.27091551	0.80573326
28.40399925	6.27091551	0.80573326
28.40799925	6.27091551	0.80573326
28.41199925	6.27091551	0.80573326
28.41599925	6.27091551	0.80573326
28.41999925	6.27091551	0.80573326
28.42399925	6.27091551	0.80573326
28.42799925	6.11035919	0.80573326
28.43199925	6.11035919	0.80573326
28.43599925	6.27091551	0.80573326
28.43999925	6.27091551	0.80573326
28.44399925	6.27091551	0.80573326
28.44799925	6.27091551	0.80573326
28.45199925	6.27091551	0.80573326
28.45599925	6.11035919	0.80573326
28.45999925	6.11035919	0.80573326
28.46399925	6.27091551	0.80573326
28.46799925	6.27091551	0.80573326
28.47199925	6.27091551	0.80573326
28.47599925	6.27091551	0.80573326
28.47999925	6.27091551	0.80573326
28.48399925	6.11035919	0.80573326
28.48799925	6.11035919	0.80573326
28.49199925	6.11035919	0.80573326
28.49599925	6.27091551	0.80573326
28.49999925	6.27091551	0.80573326
28.50399925	6.27091551	0.80573326
28.50799925	6.27091551	0.80573326
28.51199925	6.27091551	0.80573326
28.51599925	6.11035919	0.80573326
28.51999925	6.11035919	0.82154280
28.52399925	6.27091551	0.80573326
28.52799925	6.27091551	0.80573326
28.53199925	6.27091551	0.80573326
28.53599925	6.27091551	0.80573326
28.53999925	6.11035919	0.80573326
28.54399925	6.27091551	0.80573326
28.54799925	6.11035919	0.80573326
28.55199925	6.11035919	0.80573326
28.55599925	6.27091551	0.80573326
28.55999925	6.27091551	0.80573326
28.56399925	6.27091551	0.80573326
28.56799925	6.11035919	0.80573326
28.57199925	6.11035919	0.80573326
28.57599925	6.11035919	0.80573326
28.57999925	6.11035919	0.80573326
28.58399925	6.27091551	0.80573326
28.58799925	6.27091551	0.80573326
28.59199925	6.27091551	0.80573326
28.59599925	6.11035919	0.80573326
28.59999925	6.11035919	0.80573326
28.60399925	6.11035919	0.80573326
28.60799925	6.27091551	0.80573326
28.61199924	6.27091551	0.80573326
28.61599924	6.27091551	0.80573326
28.61999924	6.27091551	0.80573326
28.62399924	6.11035919	0.80573326
28.62799924	6.11035919	0.80573326
28.63199924	6.11035919	0.80573326
28.63599924	6.27091551	0.80573326
28.63999924	6.27091551	0.80573326
28.64399924	6.27091551	0.80573326
28.64799924	6.11035919	0.80573326
28.65199924	6.11035919	0.80573326
28.65599924	6.27091551	0.80573326
28.65999924	6.11035919	0.80573326
28.66399924	6.27091551	0.80573326
28.66799924	6.27091551	0.80573326
28.67199924	6.27091551	0.80573326
28.67599924	6.11035919	0.80573326
28.67999924	6.11035919	0.80573326
28.68399924	6.27091551	0.80573326
28.68799924	6.27091551	0.80573326
28.69199924	6.27091551	0.80573326
28.69599924	6.27091551	0.82154280
28.69999924	6.11035919	0.80573326
28.70399924	6.11035919	0.80573326
28.70799924	6.11035919	0.80573326
28.71199924	6.11035919	0.80573326
28.71599924	6.27091551	0.80573326
28.71999924	6.27091551	0.80573326
28.72399924	6.27091551	0.80573326
28.72799924	6.11035919	0.80573326
28.73199924	6.27091551	0.80573326
28.73599924	6.27091551	0.80573326
28.73999924	6.27091551	0.80573326
28.74399924	6.11035919	0.82154280
28.74799924	6.11035919	0.80573326
28.75199924	6.27091551	0.80573326
28.75599924	6.27091551	0.80573326
28.75999924	6.27091551	0.80573326
28.76399924	6.11035919	0.80573326
28.76799924	6.11035919	0.80573326
28.77199924	6.11035919	0.80573326
28.77599924	6.27091551	0.80573326
28.77999924	6.27091551	0.80573326
28.78399924	6.27091551	0.80573326
28.78799924	6.11035919	0.80573326
28.79199924	6.11035919	0.80573326
28.79599924	6.11035919	0.80573326
28.79999924	6.11035919	0.80573326
28.80399924	6.27091551	0.80573326
28.80799924	6.27091551	0.80573326
28.81199924	6.27091551	0.80573326
28.81599924	6.11035919	0.80573326
28.81999924	6.11035919	0.80573326
28.82399924	6.11035919	0.80573326
28.82799924	6.11035919	0.80573326
28.83199924	6.27091551	0.80573326
28.83599924	6.27091551	0.80573326
28.83999924	6.27091551	0.80573326
28.84399924	6.11035919	0.80573326
28.84799924	6.11035919	0.80573326
28.85199924	6.11035919	0.80573326
28.85599924	6.11035919	0.80573326
28.85999924	6.27091551	0.80573326
28.86399924	6.27091551	0.80573326
28.86799924	6.11035919	0.80573326
28.87199924	6.11035919	0.80573326
28.87599924	6.11035919	0.80573326
28.87999924	6.11035919	0.80573326
28.88399924	6.11035919	0.80573326
28.88799924	6.27091551	0.80573326
28.89199924	6.11035919	0.80573326
28.89599924	6.11035919	0.80573326
28.89999924	6.11035919	0.80573326
28.90399924	6.11035919	0.80573326
28.90799924	6.11035919	0.80573326
28.91199924	6.11035919	0.80573326
28.91599924	6.11035919	0.80573326
28.91999924	6.11035919	0.80573326
28.92399924	6.11035919	0.80573326
28.92799924	6.11035919	0.80573326
28.93199924	6.11035919	0.80573326
28.93599924	6.11035919	0.80573326
28.93999924	6.11035919	0.80573326
28.94399924	6.11035919	0.80573326
28.94799924	6.11035919	0.80573326
28.95199924	6.11035919	0.80573326
28.95599924	6.11035919	0.80573326
28.95999924	6.11035919	0.80573326
28.96399924	6.11035919	0.80573326
28.96799923	6.11035919	0.80573326
28.97199923	6.11035919	0.80573326
28.97599923	6.11035919	0.80573326
28.97999923	6.11035919	0.80573326
28.98399923	6.11035919	0.80573326
28.98799923	6.11035919	0.80573326
28.99199923	6.11035919	0.80573326
28.99599923	6.11035919	0.80573326
28.99999923	6.11035919	0.80573326
29.00399923	6.11035919	0.80573326
29.00799923	6.11035919	0.80573326
29.01199923	6.11035919	0.80573326
29.01599923	6.11035919	0.80573326
29.01999923	6.11035919	0.80573326
29.02399923	6.11035919	0.80573326
29.02799923	5.94918776	0.80573326
29.03199923	5.94918776	0.80573326
29.03599923	6.11035919	0.80573326
29.03999923	6.11035919	0.80573326
29.04399923	6.11035919	0.80573326
29.04799923	6.11035919	0.80573326
29.05199923	6.11035919	0.80573326
29.05599923	6.11035919	0.80573326
29.05999923	5.94918776	0.80573326
29.06399923	5.94918776	0.80573326
29.06799923	6.11035919	0.80573326
29.07199923	6.11035919	0.80573326
29.07599923	6.11035919	0.80573326
29.07999923	6.11035919	0.80573326
29.08399923	5.94918776	0.80573326
29.08799923	6.11035919	0.80573326
29.09199923	6.11035919	0.80573326
29.09599923	6.11035919	0.80573326
29.09999923	6.11035919	0.80573326
29.10399923	6.11035919	0.80573326
29.10799923	6.11035919	0.80573326
29.11199923	6.11035919	0.80573326
29.11599923	5.94918776	0.80573326
29.11999923	6.11035919	0.80573326
29.12399923	6.11035919	0.80573326
29.12799923	6.11035919	0.80573326
29.13199923	6.11035919	0.80573326
29.13599923	6.11035919	0.80573326
29.13999923	6.11035919	0.80573326
29.14399923	6.11035919	0.80573326
29.14799923	6.11035919	0.80573326
29.15199923	6.11035919	0.80573326
29.15599923	6.11035919	0.80573326
29.15999923	6.11035919	0.80573326
29.16399923	6.11035919	0.80573326
29.16799923	6.11035919	0.80573326
29.17199923	6.11035919	0.80573326
29.17599923	6.11035919	0.80573326
29.17999923	6.11035919	0.80573326
29.18399923	6.11035919	0.80573326
29.18799923	6.11035919	0.80573326
29.19199923	6.11035919	0.80573326
29.19599923	6.11035919	0.80573326
29.19999923	6.27091551	0.80573326
29.20399923	6.11035919	0.80573326
29.20799923	6.11035919	0.80573326
29.21199923	6.11035919	0.80573326
29.21599923	6.27091551	0.80573326
29.21999923	6.27091551	0.80573326
29.22399923	6.27091551	0.80573326
29.22799923	6.11035919	0.80573326
29.23199923	6.27091551	0.80573326
29.23599923	6.27091551	0.80573326
29.23999923	6.27091551	0.80573326
29.24399923	6.11035919	0.80573326
29.24799923	6.11035919	0.80573326
29.25199923	6.27091551	0.80573326
29.25599923	6.27091551	0.80573326
29.25999923	6.27091551	0.80573326
29.26399923	6.27091551	0.80573326
29.26799923	6.27091551	0.80573326
29.27199923	6.27091551	0.80573326
29.27599923	6.27091551	0.80573326
29.27999923	6.27091551	0.80573326
29.28399923	6.27091551	0.80573326
29.28799923	6.43147135	0.80573326
29.29199923	6.27091551	0.80573326
29.29599923	6.11035919	0.80573326
29.29999923	6.27091551	0.80573326
29.30399923	6.27091551	0.80573326
29.30799923	6.27091551	0.80573326
29.31199923	6.27091551	0.80573326
29.31599923	6.27091551	0.80573326
29.31999922	6.27091551	0.80573326
29.32399922	6.27091551	0.80573326
29.32799922	6.27091551	0.80573326
29.33199922	6.27091551	0.80573326
29.33599922	6.27091551	0.80573326
29.33999922	6.27091551	0.80573326
29.34399922	6.27091551	0.80573326
29.34799922	6.11035919	0.80573326
29.35199922	6.27091551	0.80573326
29.35599922	6.27091551	0.80573326
29.35999922	6.27091551	0.80573326
29.36399922	6.27091551	0.80573326
29.36799922	6.27091551	0.80573326
29.37199922	6.27091551	0.80573326
29.37599922	6.27091551	0.80573326
29.37999922	6.11035919	0.80573326
29.38399922	6.27091551	0.80573326
29.38799922	6.43147135	0.80573326
29.39199922	6.27091551	0.80573326
29.39599922	6.27091551	0.80573326
29.39999922	6.27091551	0.80573326
29.40399922	6.27091551	0.80573326
29.40799922	6.27091551	0.80573326
29.41199922	6.27091551	0.80573326
29.41599922	6.27091551	0.80573326
29.41999922	6.27091551	0.80573326
29.42399922	6.27091551	0.80573326
29.42799922	6.27091551	0.80573326
29.43199922	6.27091551	0.80573326
29.43599922	6.27091551	0.80573326
29.43999922	6.27091551	0.80573326
29.44399922	6.27091551	0.80573326
29.44799922	6.27091551	0.80573326
29.45199922	6.27091551	0.80573326
29.45599922	6.27091551	0.80573326
29.45999922	6.27091551	0.80573326
29.46399922	6.27091551	0.80573326
29.46799922	6.27091551	0.80573326
29.47199922	6.27091551	0.80573326
29.47599922	6.27091551	0.80573326
29.47999922	6.27091551	0.80573326
29.48399922	6.11035919	0.80573326
29.48799922	6.27091551	0.80573326
29.49199922	6.27091551	0.80573326
29.49599922	6.27091551	0.80573326
29.49999922	6.27091551	0.80573326
29.50399922	6.27091551	0.80573326
29.50799922	6.27091551	0.80573326
29.51199922	6.27091551	0.80573326
29.51599922	6.27091551	0.80573326
29.51999922	6.11035919	0.80573326
29.52399922	6.27091551	0.80573326
29.52799922	6.27091551	0.80573326
29.53199922	6.27091551	0.80573326
29.53599922	6.27091551	0.80573326
29.53999922	6.27091551	0.80573326
29.54399922	6.27091551	0.80573326
29.54799922	6.27091551	0.80573326
29.55199922	6.27091551	0.80573326
29.55599922	6.27091551	0.80573326
29.55999922	6.27091551	0.80573326
29.56399922	6.27091551	0.80573326
29.56799922	6.27091551	0.80573326
29.57199922	6.11035919	0.80573326
29.57599922	6.27091551	0.80573326
29.57999922	6.27091551	0.80573326
29.58399922	6.27091551	0.80573326
29.58799922	6.27091551	0.80573326
29.59199922	6.27091551	0.80573326
29.59599922	6.27091551	0.80573326
29.59999922	6.27091551	0.80573326
29.60399922	6.27091551	0.80573326
29.60799922	6.27091551	0.80573326
29.61199922	6.27091551	0.80573326
29.61599922	6.27091551	0.80573326
29.61999922	6.27091551	0.80573326
29.62399922	6.27091551	0.80573326
29.62799922	6.27091551	0.80573326
29.63199922	6.27091551	0.80573326
29.63599922	6.27091551	0.80573326
29.63999922	6.27091551	0.80573326
29.64399922	6.27091551	0.80573326
29.64799922	6.27091551	0.80573326
29.65199922	6.27091551	0.80573326
29.65599922	6.27091551	0.80573326
29.65999922	6.27091551	0.80573326
29.66399922	6.27091551	0.80573326
29.66799922	6.27091551	0.80573326
29.67199921	6.27091551	0.80573326
29.67599921	6.27091551	0.80573326
29.67999921	6.27091551	0.80573326
29.68399921	6.11035919	0.80573326
29.68799921	6.27091551	0.80573326
29.69199921	6.27091551	0.80573326
29.69599921	6.27091551	0.80573326
29.69999921	6.27091551	0.80573326
29.70399921	6.27091551	0.80573326
29.70799921	6.27091551	0.80573326
29.71199921	6.27091551	0.80573326
29.71599921	6.27091551	0.80573326
29.71999921	6.27091551	0.80573326
29.72399921	6.27091551	0.80573326
29.72799921	6.27091551	0.80573326
29.73199921	6.27091551	0.80573326
29.73599921	6.27091551	0.80573326
29.73999921	6.27091551	0.80573326
29.74399921	6.27091551	0.80573326
29.74799921	6.11035919	0.80573326
29.75199921	6.27091551	0.80573326
29.75599921	6.27091551	0.80573326
29.75999921	6.27091551	0.80573326
29.76399921	6.27091551	0.80573326
29.76799921	6.27091551	0.80573326
29.77199921	6.11035919	0.80573326
29.77599921	6.27091551	0.80573326
29.77999921	6.27091551	0.80573326
29.78399921	6.27091551	0.80573326
29.78799921	6.27091551	0.80573326
29.79199921	6.27091551	0.80573326
29.79599921	6.27091551	0.80573326
29.79999921	6.27091551	0.80573326
29.80399921	6.11035919	0.80573326
29.80799921	6.27091551	0.80573326
29.81199921	6.27091551	0.80573326
29.81599921	6.27091551	0.80573326
29.81999921	6.27091551	0.80573326
29.82399921	6.27091551	0.80573326
29.82799921	6.27091551	0.80573326
29.83199921	6.27091551	0.80573326
29.83599921	6.27091551	0.80573326
29.83999921	6.27091551	0.80573326
29.84399921	6.27091551	0.80573326
29.84799921	6.27091551	0.80573326
29.85199921	6.27091551	0.80573326
29.85599921	6.27091551	0.80573326
29.85999921	6.27091551	0.80573326
29.86399921	6.27091551	0.80573326
29.86799921	6.27091551	0.80573326
29.87199921	6.27091551	0.80573326
29.87599921	6.27091551	0.80573326
29.87999921	6.27091551	0.80573326
29.88399921	6.11035919	0.80573326
29.88799921	6.11035919	0.80573326
29.89199921	6.27091551	0.80573326
29.89599921	6.27091551	0.80573326
29.89999921	6.27091551	0.80573326
29.90399921	6.27091551	0.80573326
29.90799921	6.27091551	0.80573326
29.91199921	6.27091551	0.80573326
29.91599921	6.27091551	0.80573326
29.91999921	6.27091551	0.80573326
29.92399921	6.27091551	0.80573326
29.92799921	6.27091551	0.80573326
29.93199921	6.27091551	0.80573326
29.93599921	6.11035919	0.80573326
29.93999921	6.11035919	0.80573326
29.94399921	6.27091551	0.80573326
29.94799921	6.27091551	0.80573326
29.95199921	6.27091551	0.80573326
29.95599921	6.27091551	0.80573326
29.95999921	6.27091551	0.80573326
29.96399921	6.27091551	0.80573326
29.96799921	6.27091551	0.80573326
29.97199921	6.27091551	0.80573326
29.97599921	6.27091551	0.80573326
29.97999921	6.27091551	0.80573326
29.98399921	6.27091551	0.80573326
29.98799921	6.27091551	0.80573326
29.99199921	6.27091551	0.80573326
29.99599921	6.27091551	0.80573326
29.99999921	6.27091551	0.80573326
30.00399921	6.27091551	0.80573326
30.00799921	6.27091551	0.80573326
30.01199921	6.27091551	0.80573326
30.01599921	6.27091551	0.80573326
30.01999921	6.27091551	0.80573326
30.02399921	6.27091551	0.80573326
30.02799920	6.27091551	0.80573326
30.03199920	6.27091551	0.80573326
30.03599920	6.27091551	0.80573326
30.03999920	6.27091551	0.80573326
30.04399920	6.27091551	0.80573326
30.04799920	6.27091551	0.80573326
30.05199920	6.27091551	0.80573326
30.05599920	6.27091551	0.80573326
30.05999920	6.27091551	0.80573326
30.06399920	6.27091551	0.80573326
30.06799920	6.27091551	0.80573326
30.07199920	6.27091551	0.80573326
30.07599920	6.27091551	0.80573326
30.07999920	6.27091551	0.80573326
30.08399920	6.11035919	0.80573326
30.08799920	6.27091551	0.80573326
30.09199920	6.27091551	0.80573326
30.09599920	6.27091551	0.80573326
30.09999920	6.11035919	0.80573326
30.10399920	6.27091551	0.80573326
30.10799920	6.43147135	0.80573326
30.11199920	6.27091551	0.80573326
30.11599920	6.11035919	0.80573326
30.11999920	6.11035919	0.80573326
30.12399920	6.27091551	0.80573326
30.12799920	6.27091551	0.80573326
30.13199920	6.27091551	0.80573326
30.13599920	6.27091551	0.80573326
30.13999920	6.27091551	0.80573326
30.14399920	6.27091551	0.80573326
30.14799920	6.27091551	0.80573326
30.15199920	6.27091551	0.80573326
30.15599920	6.11035919	0.80573326
30.15999920	6.27091551	0.80573326
30.16399920	6.27091551	0.80573326
30.16799920	6.11035919	0.80573326
30.17199920	6.27091551	0.80573326
30.17599920	6.27091551	0.80573326
30.17999920	6.27091551	0.80573326
30.18399920	6.27091551	0.80573326
30.18799920	6.27091551	0.80573326
30.19199920	6.27091551	0.80573326
30.19599920	6.27091551	0.80573326
30.19999920	6.27091551	0.80573326
30.20399920	6.27091551	0.80573326
30.20799920	6.27091551	0.80573326
30.21199920	6.27091551	0.80573326
30.21599920	6.27091551	0.80573326
30.21999920	6.27091551	0.80573326
30.22399920	6.27091551	0.80573326
30.22799920	6.27091551	0.80573326
30.23199920	6.27091551	0.80573326
30.23599920	6.27091551	0.80573326
30.23999920	6.27091551	0.80573326
30.24399920	6.27091551	0.80573326
30.24799920	6.43147135	0.80573326
30.25199920	6.27091551	0.80573326
30.25599920	6.27091551	0.80573326
30.25999920	6.27091551	0.80573326
30.26399920	6.27091551	0.80573326
30.26799920	6.27091551	0.80573326
30.27199920	6.27091551	0.80573326
30.27599920	6.27091551	0.80573326
30.27999920	6.27091551	0.80573326
30.28399920	6.27091551	0.80573326
30.28799920	6.27091551	0.80573326
30.29199920	6.27091551	0.80573326
30.29599920	6.27091551	0.80573326
30.29999920	6.27091551	0.80573326
30.30399920	6.27091551	0.80573326
30.30799920	6.27091551	0.78992373
30.31199920	6.27091551	0.80573326
30.31599920	6.27091551	0.80573326
30.31999920	6.27091551	0.80573326
30.32399920	6.27091551	0.80573326
30.32799920	6.27091551	0.80573326
30.33199920	6.43147135	0.80573326
30.33599920	6.27091551	0.80573326
30.33999920	6.27091551	0.80573326
30.34399920	6.27091551	0.80573326
30.34799920	6.27091551	0.80573326
30.35199920	6.27091551	0.80573326
30.35599920	6.27091551	0.80573326
30.35999920	6.27091551	0.80573326
30.36399920	6.43147135	0.80573326
30.36799920	6.27091551	0.80573326
30.37199920	6.27091551	0.80573326
30.37599920	6.27091551	0.80573326
30.37999919	6.27091551	0.80573326
30.38399919	6.27091551	0.80573326
30.38799919	6.27091551	0.80573326
30.39199919	6.27091551	0.80573326
30.39599919	6.27091551	0.80573326
30.39999919	6.27091551	0.80573326
30.40399919	6.27091551	0.80573326
30.40799919	6.27091551	0.80573326
30.41199919	6.27091551	0.80573326
30.41599919	6.43147135	0.80573326
30.41999919	6.43147135	0.80573326
30.42399919	6.27091551	0.80573326
30.42799919	6.27091551	0.80573326
30.43199919	6.27091551	0.80573326
30.43599919	6.27091551	0.80573326
30.43999919	6.27091551	0.80573326
30.44399919	6.43147135	0.80573326
30.44799919	6.27091551	0.80573326
30.45199919	6.27091551	0.80573326
30.45599919	6.27091551	0.80573326
30.45999919	6.27091551	0.80573326
30.46399919	6.27091551	0.80573326
30.46799919	6.27091551	0.80573326
30.47199919	6.43147135	0.80573326
30.47599919	6.43147135	0.80573326
30.47999919	6.27091551	0.80573326
30.48399919	6.27091551	0.80573326
30.48799919	6.43147135	0.80573326
30.49199919	6.27091551	0.80573326
30.49599919	6.27091551	0.80573326
30.49999919	6.43147135	0.80573326
30.50399919	6.43147135	0.80573326
30.50799919	6.27091551	0.80573326
30.51199919	6.27091551	0.80573326
30.51599919	6.27091551	0.80573326
30.51999919	6.43147135	0.80573326
30.52399919	6.43147135	0.80573326
30.52799919	6.27091551	0.80573326
30.53199919	6.27091551	0.80573326
30.53599919	6.27091551	0.80573326
30.53999919	6.43147135	0.80573326
30.54399919	6.27091551	0.80573326
30.54799919	6.43147135	0.80573326
30.55199919	6.43147135	0.80573326
30.55599919	6.27091551	0.80573326
30.55999919	6.27091551	0.80573326
30.56399919	6.27091551	0.80573326
30.56799919	6.43147135	0.80573326
30.57199919	6.43147135	0.80573326
30.57599919	6.43147135	0.80573326
30.57999919	6.27091551	0.80573326
30.58399919	6.27091551	0.80573326
30.58799919	6.27091551	0.78992373
30.59199919	6.43147135	0.80573326
30.59599919	6.43147135	0.80573326
30.59999919	6.43147135	0.80573326
30.60399919	6.43147135	0.80573326
30.60799919	6.27091551	0.80573326
30.61199919	6.27091551	0.78992373
30.61599919	6.43147135	0.78992373
30.61999919	6.43147135	0.78992373
30.62399919	6.43147135	0.80573326
30.62799919	6.43147135	0.80573326
30.63199919	6.43147135	0.80573326
30.63599919	6.27091551	0.78992373
30.63999919	6.43147135	0.80573326
30.64399919	6.43147135	0.80573326
30.64799919	6.43147135	0.80573326
30.65199919	6.43147135	0.80573326
30.65599919	6.43147135	0.80573326
30.65999919	6.43147135	0.80573326
30.66399919	6.43147135	0.80573326
30.66799919	6.43147135	0.80573326
30.67199919	6.43147135	0.80573326
30.67599919	6.43147135	0.80573326
30.67999919	6.43147135	0.80573326
30.68399919	6.43147135	0.78992373
30.68799919	6.43147135	0.80573326
30.69199919	6.43147135	0.78992373
30.69599919	6.43147135	0.80573326
30.69999919	6.43147135	0.80573326
30.70399919	6.43147135	0.80573326
30.70799919	6.43147135	0.78992373
30.71199919	6.43147135	0.80573326
30.71599919	6.43147135	0.80573326
30.71999919	6.43147135	0.80573326
30.72399919	6.43147135	0.80573326
30.72799919	6.43147135	0.80573326
30.73199919	6.43147135	0.80573326
30.73599918	6.43147135	0.80573326
30.73999918	6.43147135	0.80573326
30.74399918	6.43147135	0.80573326
30.74799918	6.43147135	0.80573326
30.75199918	6.43147135	0.80573326
30.75599918	6.43147135	0.80573326
30.75999918	6.43147135	0.80573326
30.76399918	6.43147135	0.80573326
30.76799918	6.43147135	0.78992373
30.77199918	6.43147135	0.80573326
30.77599918	6.43147135	0.80573326
30.77999918	6.43147135	0.80573326
30.78399918	6.43147135	0.80573326
30.78799918	6.43147135	0.80573326
30.79199918	6.43147135	0.80573326
30.79599918	6.43147135	0.80573326
30.79999918	6.43147135	0.80573326
30.80399918	6.43147135	0.80573326
30.80799918	6.43147135	0.80573326
30.81199918	6.43147135	0.80573326
30.81599918	6.43147135	0.80573326
30.81999918	6.43147135	0.80573326
30.82399918	6.43147135	0.80573326
30.82799918	6.43147135	0.80573326
30.83199918	6.43147135	0.80573326
30.83599918	6.43147135	0.80573326
30.83999918	6.43147135	0.78992373
30.84399918	6.43147135	0.78992373
30.84799918	6.43147135	0.78992373
30.85199918	6.43147135	0.78992373
30.85599918	6.43147135	0.80573326
30.85999918	6.59264278	0.78992373
30.86399918	6.59264278	0.80573326
30.86799918	6.43147135	0.78992373
30.87199918	6.43147135	0.80573326
30.87599918	6.43147135	0.80573326
30.87999918	6.43147135	0.80573326
30.88399918	6.43147135	0.80573326
30.88799918	6.43147135	0.80573326
30.89199918	6.43147135	0.80573326
30.89599918	6.43147135	0.80573326
30.89999918	6.43147135	0.78992373
30.90399918	6.43147135	0.80573326
30.90799918	6.43147135	0.78992373
30.91199918	6.59264278	0.78992373
30.91599918	6.59264278	0.80573326
30.91999918	6.59264278	0.80573326
30.92399918	6.43147135	0.78992373
30.92799918	6.43147135	0.78992373
30.93199918	6.43147135	0.78992373
30.93599918	6.43147135	0.80573326
30.93999918	6.43147135	0.78992373
30.94399918	6.59264278	0.80573326
30.94799918	6.43147135	0.80573326
30.95199918	6.43147135	0.80573326
30.95599918	6.43147135	0.80573326
30.95999918	6.43147135	0.80573326
30.96399918	6.43147135	0.80573326
30.96799918	6.43147135	0.80573326
30.97199918	6.43147135	0.80573326
30.97599918	6.43147135	0.80573326
30.97999918	6.43147135	0.80573326
30.98399918	6.43147135	0.80573326
30.98799918	6.27091551	0.78992373
30.99199918	6.43147135	0.80573326
30.99599918	6.43147135	0.80573326
30.99999918	6.43147135	0.80573326
31.00399918	6.43147135	0.80573326
31.00799918	6.27091551	0.78992373
31.01199918	6.43147135	0.78992373
31.01599918	6.43147135	0.78992373
31.01999918	6.43147135	0.78992373
31.02399918	6.43147135	0.78992373
31.02799918	6.43147135	0.78992373
31.03199918	6.43147135	0.78992373
31.03599918	6.43147135	0.78992373
31.03999918	6.43147135	0.80573326
31.04399918	6.43147135	0.78992373
31.04799918	6.43147135	0.80573326
31.05199918	6.43147135	0.80573326
31.05599918	6.43147135	0.80573326
31.05999918	6.43147135	0.80573326
31.06399918	6.43147135	0.80573326
31.06799918	6.43147135	0.80573326
31.07199918	6.27091551	0.80573326
31.07599918	6.43147135	0.78992373
31.07999918	6.43147135	0.78992373
31.08399918	6.43147135	0.80573326
31.08799917	6.43147135	0.80573326
31.09199917	6.27091551	0.80573326
31.09599917	6.27091551	0.80573326
31.09999917	6.27091551	0.78992373
31.10399917	6.43147135	0.78992373
31.10799917	6.43147135	0.80573326
31.11199917	6.43147135	0.80573326
31.11599917	6.43147135	0.78992373
31.11999917	6.27091551	0.80573326
31.12399917	6.27091551	0.78992373
31.12799917	6.27091551	0.78992373
31.13199917	6.27091551	0.80573326
31.13599917	6.43147135	0.80573326
31.13999917	6.43147135	0.80573326
31.14399917	6.43147135	0.78992373
31.14799917	6.27091551	0.78992373
31.15199917	6.27091551	0.78992373
31.15599917	6.27091551	0.80573326
31.15999917	6.43147135	0.80573326
31.16399917	6.43147135	0.80573326
31.16799917	6.27091551	0.80573326
31.17199917	6.27091551	0.80573326
31.17599917	6.27091551	0.80573326
31.17999917	6.27091551	0.78992373
31.18399917	6.43147135	0.80573326
31.18799917	6.43147135	0.78992373
31.19199917	6.27091551	0.78992373
31.19599917	6.27091551	0.78992373
31.19999917	6.27091551	0.78992373
31.20399917	6.27091551	0.80573326
31.20799917	6.27091551	0.78992373
31.21199917	6.27091551	0.78992373
31.21599917	6.43147135	0.80573326
31.21999917	6.27091551	0.80573326
31.22399917	6.27091551	0.78992373
31.22799917	6.27091551	0.78992373
31.23199917	6.27091551	0.80573326
31.23599917	6.43147135	0.80573326
31.23999917	6.27091551	0.80573326
31.24399917	6.27091551	0.80573326
31.24799917	6.27091551	0.78992373
31.25199917	6.27091551	0.80573326
31.25599917	6.43147135	0.80573326
31.25999917	6.27091551	0.78992373
31.26399917	6.43147135	0.80573326
31.26799917	6.43147135	0.80573326
31.27199917	6.43147135	0.80573326
31.27599917	6.27091551	0.80573326
31.27999917	6.27091551	0.80573326
31.28399917	6.27091551	0.78992373
31.28799917	6.43147135	0.80573326
31.29199917	6.43147135	0.80573326
31.29599917	6.27091551	0.80573326
31.29999917	6.27091551	0.80573326
31.30399917	6.27091551	0.80573326
31.30799917	6.27091551	0.78992373
31.31199917	6.43147135	0.78992373
31.31599917	6.43147135	0.78992373
31.31999917	6.43147135	0.80573326
31.32399917	6.43147135	0.78992373
31.32799917	6.27091551	0.78992373
31.33199917	6.27091551	0.78992373
31.33599917	6.27091551	0.78992373
31.33999917	6.43147135	0.78992373
31.34399917	6.43147135	0.80573326
31.34799917	6.27091551	0.78992373
31.35199917	6.27091551	0.80573326
31.35599917	6.27091551	0.78992373
31.35999917	6.43147135	0.78992373
31.36399917	6.43147135	0.80573326
31.36799917	6.43147135	0.80573326
31.37199917	6.43147135	0.78992373
31.37599917	6.43147135	0.80573326
31.37999917	6.43147135	0.80573326
31.38399917	6.43147135	0.80573326
31.38799917	6.27091551	0.78992373
31.39199917	6.43147135	0.80573326
31.39599917	6.43147135	0.80573326
31.39999917	6.43147135	0.80573326
31.40399917	6.27091551	0.78992373
31.40799917	6.43147135	0.78992373
31.41199917	6.43147135	0.80573326
31.41599917	6.43147135	0.78992373
31.41999917	6.27091551	0.78992373
31.42399917	6.27091551	0.78992373
31.42799917	6.43147135	0.78992373
31.43199917	6.43147135	0.78992373
31.43599917	6.43147135	0.78992373
31.43999916	6.43147135	0.78992373
31.44399916	6.43147135	0.80573326
31.44799916	6.43147135	0.78992373
31.45199916	6.27091551	0.78992373
31.45599916	6.27091551	0.80573326
31.45999916	6.43147135	0.80573326
31.46399916	6.43147135	0.80573326
31.46799916	6.43147135	0.80573326
31.47199916	6.43147135	0.80573326
31.47599916	6.27091551	0.78992373
31.47999916	6.27091551	0.80573326
31.48399916	6.43147135	0.78992373
31.48799916	6.43147135	0.80573326
31.49199916	6.43147135	0.78992373
31.49599916	6.43147135	0.78992373
31.49999916	6.43147135	0.78992373
31.50399916	6.43147135	0.78992373
31.50799916	6.43147135	0.78992373
31.51199916	6.43147135	0.78992373
31.51599916	6.43147135	0.78992373
31.51999916	6.43147135	0.80573326
31.52399916	6.43147135	0.78992373
31.52799916	6.43147135	0.78992373
31.53199916	6.43147135	0.78992373
31.53599916	6.43147135	0.78992373
31.53999916	6.43147135	0.78992373
31.54399916	6.43147135	0.78992373
31.54799916	6.43147135	0.78992373
31.55199916	6.43147135	0.78992373
31.55599916	6.43147135	0.78992373
31.55999916	6.43147135	0.78992373
31.56399916	6.43147135	0.80573326
31.56799916	6.43147135	0.78992373
31.57199916	6.43147135	0.80573326
31.57599916	6.43147135	0.80573326
31.57999916	6.43147135	0.78992373
31.58399916	6.43147135	0.78992373
31.58799916	6.43147135	0.80573326
31.59199916	6.43147135	0.78992373
31.59599916	6.43147135	0.78992373
31.59999916	6.43147135	0.80573326
31.60399916	6.43147135	0.78992373
31.60799916	6.43147135	0.80573326
31.61199916	6.43147135	0.78992373
31.61599916	6.43147135	0.78992373
31.61999916	6.43147135	0.78992373
31.62399916	6.43147135	0.78992373
31.62799916	6.43147135	0.78992373
31.63199916	6.43147135	0.78992373
31.63599916	6.43147135	0.78992373
31.63999916	6.43147135	0.78992373
31.64399916	6.43147135	0.78992373
31.64799916	6.27091551	0.78992373
31.65199916	6.43147135	0.78992373
31.65599916	6.43147135	0.78992373
31.65999916	6.43147135	0.78992373
31.66399916	6.43147135	0.78992373
31.66799916	6.43147135	0.78992373
31.67199916	6.43147135	0.78992373
31.67599916	6.43147135	0.78992373
31.67999916	6.43147135	0.80573326
31.68399916	6.43147135	0.78992373
31.68799916	6.43147135	0.78992373
31.69199916	6.43147135	0.78992373
31.69599916	6.43147135	0.78992373
31.69999916	6.43147135	0.78992373
31.70399916	6.43147135	0.78992373
31.70799916	6.43147135	0.78992373
31.71199916	6.43147135	0.80573326
31.71599916	6.43147135	0.78992373
31.71999916	6.43147135	0.78992373
31.72399916	6.43147135	0.78992373
31.72799916	6.43147135	0.78992373
31.73199916	6.43147135	0.78992373
31.73599916	6.43147135	0.78992373
31.73999916	6.43147135	0.78992373
31.74399916	6.43147135	0.78992373
31.74799916	6.43147135	0.78992373
31.75199916	6.43147135	0.80573326
31.75599916	6.43147135	0.78992373
31.75999916	6.43147135	0.78992373
31.76399916	6.43147135	0.78992373
31.76799916	6.43147135	0.78992373
31.77199916	6.43147135	0.78992373
31.77599916	6.43147135	0.78992373
31.77999916	6.43147135	0.78992373
31.78399916	6.43147135	0.78992373
31.78799916	6.43147135	0.78992373
31.79199916	6.43147135	0.78992373
31.79599915	6.43147135	0.78992373
31.79999915	6.43147135	0.78992373
31.80399915	6.43147135	0.78992373
31.80799915	6.43147135	0.78992373
31.81199915	6.43147135	0.78992373
31.81599915	6.43147135	0.78992373
31.81999915	6.43147135	0.78992373
31.82399915	6.43147135	0.78992373
31.82799915	6.27091551	0.78992373
31.83199915	6.43147135	0.78992373
31.83599915	6.43147135	0.78992373
31.83999915	6.43147135	0.78992373
31.84399915	6.43147135	0.78992373
31.84799915	6.27091551	0.78992373
31.85199915	6.27091551	0.78992373
31.85599915	6.43147135	0.78992373
31.85999915	6.43147135	0.78992373
31.86399915	6.43147135	0.80573326
31.86799915	6.27091551	0.78992373
31.87199915	6.27091551	0.78992373
31.87599915	6.43147135	0.78992373
31.87999915	6.43147135	0.78992373
31.88399915	6.27091551	0.78992373
31.88799915	6.27091551	0.78992373
31.89199915	6.27091551	0.78992373
31.89599915	6.43147135	0.78992373
31.89999915	6.27091551	0.78992373
31.90399915	6.27091551	0.78992373
31.90799915	6.27091551	0.78992373
31.91199915	6.27091551	0.78992373
31.91599915	6.27091551	0.78992373
31.91999915	6.27091551	0.78992373
31.92399915	6.27091551	0.78992373
31.92799915	6.43147135	0.78992373
31.93199915	6.43147135	0.78992373
31.93599915	6.27091551	0.78992373
31.93999915	6.27091551	0.78992373
31.94399915	6.27091551	0.78992373
31.94799915	6.27091551	0.78992373
31.95199915	6.27091551	0.78992373
31.95599915	6.27091551	0.78992373
31.95999915	6.27091551	0.78992373
31.96399915	6.27091551	0.78992373
31.96799915	6.27091551	0.78992373
31.97199915	6.27091551	0.78992373
31.97599915	6.27091551	0.78992373
31.97999915	6.27091551	0.78992373
31.98399915	6.27091551	0.80573326
31.98799915	6.27091551	0.78992373
31.99199915	6.27091551	0.78992373
31.99599915	6.27091551	0.78992373
31.99999915	6.27091551	0.78992373
32.00399915	6.27091551	0.78992373
32.00799915	6.27091551	0.78992373
32.01199915	6.27091551	0.78992373
32.01599915	6.27091551	0.78992373
32.01999915	6.27091551	0.78992373
32.02399915	6.27091551	0.78992373
32.02799915	6.27091551	0.78992373
32.03199915	6.27091551	0.78992373
32.03599915	6.27091551	0.78992373
32.03999915	6.27091551	0.78992373
32.04399915	6.27091551	0.78992373
32.04799915	6.27091551	0.78992373
32.05199915	6.27091551	0.78992373
32.05599915	6.27091551	0.78992373
32.05999915	6.27091551	0.78992373
32.06399915	6.43147135	0.78992373
32.06799915	6.27091551	0.78992373
32.07199915	6.27091551	0.78992373
32.07599915	6.27091551	0.78992373
32.07999915	6.43147135	0.78992373
32.08399915	6.27091551	0.78992373
32.08799915	6.27091551	0.78992373
32.09199915	6.27091551	0.78992373
32.09599915	6.43147135	0.78992373
32.09999915	6.43147135	0.78992373
32.10399915	6.27091551	0.78992373
32.10799915	6.27091551	0.78992373
32.11199915	6.43147135	0.78992373
32.11599915	6.43147135	0.78992373
32.11999915	6.43147135	0.78992373
32.12399915	6.27091551	0.78992373
32.12799915	6.27091551	0.78992373
32.13199915	6.43147135	0.78992373
32.13599915	6.43147135	0.78992373
32.13999915	6.27091551	0.78992373
32.14399915	6.27091551	0.78992373
32.14799914	6.43147135	0.78992373
32.15199914	6.43147135	0.78992373
32.15599914	6.43147135	0.78992373
32.15999914	6.27091551	0.78992373
32.16399914	6.43147135	0.78992373
32.16799914	6.43147135	0.78992373
32.17199914	6.43147135	0.78992373
32.17599914	6.27091551	0.78992373
32.17999914	6.27091551	0.78992373
32.18399914	6.43147135	0.78992373
32.18799914	6.43147135	0.78992373
32.19199914	6.43147135	0.78992373
32.19599914	6.27091551	0.78992373
32.19999914	6.43147135	0.78992373
32.20399914	6.43147135	0.78992373
32.20799914	6.43147135	0.78992373
32.21199914	6.43147135	0.78992373
32.21599914	6.43147135	0.78992373
32.21999914	6.43147135	0.78992373
32.22399914	6.43147135	0.78992373
32.22799914	6.43147135	0.78992373
32.23199914	6.43147135	0.78992373
32.23599914	6.43147135	0.78992373
32.23999914	6.43147135	0.78992373
32.24399914	6.43147135	0.78992373
32.24799914	6.43147135	0.78992373
32.25199914	6.43147135	0.78992373
32.25599914	6.43147135	0.78992373
32.25999914	6.43147135	0.78992373
32.26399914	6.43147135	0.78992373
32.26799914	6.43147135	0.78992373
32.27199914	6.43147135	0.78992373
32.27599914	6.43147135	0.78992373
32.27999914	6.43147135	0.78992373
32.28399914	6.43147135	0.78992373
32.28799914	6.43147135	0.78992373
32.29199914	6.59264278	0.78992373
32.29599914	6.43147135	0.78992373
32.29999914	6.43147135	0.78992373
32.30399914	6.43147135	0.78992373
32.30799914	6.43147135	0.78992373
32.31199914	6.43147135	0.78992373
32.31599914	6.43147135	0.78992373
32.31999914	6.43147135	0.78992373
32.32399914	6.43147135	0.78992373
32.32799914	6.43147135	0.78992373
32.33199914	6.43147135	0.78992373
32.33599914	6.43147135	0.78992373
32.33999914	6.43147135	0.78992373
32.34399914	6.59264278	0.78992373
32.34799914	6.59264278	0.78992373
32.35199914	6.43147135	0.78992373
32.35599914	6.43147135	0.78992373
32.35999914	6.43147135	0.78992373
32.36399914	6.43147135	0.78992373
32.36799914	6.43147135	0.78992373
32.37199914	6.59264278	0.78992373
32.37599914	6.43147135	0.78992373
32.37999914	6.43147135	0.78992373
32.38399914	6.43147135	0.78992373
32.38799914	6.43147135	0.78992373
32.39199914	6.43147135	0.78992373
32.39599914	6.43147135	0.78992373
32.39999914	6.59264278	0.78992373
32.40399914	6.43147135	0.78992373
32.40799914	6.43147135	0.78992373
32.41199914	6.43147135	0.78992373
32.41599914	6.59264278	0.78992373
32.41999914	6.59264278	0.78992373
32.42399914	6.59264278	0.78992373
32.42799914	6.43147135	0.78992373
32.43199914	6.43147135	0.78992373
32.43599914	6.43147135	0.78992373
32.43999914	6.59264278	0.78992373
32.44399914	6.59264278	0.78992373
32.44799914	6.59264278	0.78992373
32.45199914	6.43147135	0.78992373
32.45599914	6.43147135	0.78992373
32.45999914	6.43147135	0.78992373
32.46399914	6.59264278	0.78992373
32.46799914	6.59264278	0.78992373
32.47199914	6.59264278	0.78992373
32.47599914	6.59264278	0.78992373
32.47999914	6.43147135	0.78992373
32.48399914	6.43147135	0.78992373
32.48799914	6.59264278	0.78992373
32.49199914	6.43147135	0.78992373
32.49599914	6.59264278	0.78992373
32.49999914	6.59264278	0.78992373
32.50399913	6.59264278	0.78992373
32.50799913	6.43147135	0.78992373
32.51199913	6.43147135	0.78992373
32.51599913	6.59264278	0.78992373
32.51999913	6.59264278	0.78992373
32.52399913	6.59264278	0.78992373
32.52799913	6.59264278	0.78992373
32.53199913	6.43147135	0.78992373
32.53599913	6.43147135	0.78992373
32.53999913	6.43147135	0.78992373
32.54399913	6.43147135	0.78992373
32.54799913	6.59264278	0.78992373
32.55199913	6.59264278	0.78992373
32.55599913	6.43147135	0.78992373
32.55999913	6.59264278	0.78992373
32.56399913	6.59264278	0.78992373
32.56799913	6.43147135	0.78992373
32.57199913	6.43147135	0.78992373
32.57599913	6.43147135	0.78992373
32.57999913	6.59264278	0.78992373
32.58399913	6.59264278	0.78992373
32.58799913	6.59264278	0.78992373
32.59199913	6.43147135	0.78992373
32.59599913	6.43147135	0.78992373
32.59999913	6.59264278	0.78992373
32.60399913	6.59264278	0.78992373
32.60799913	6.43147135	0.78992373
32.61199913	6.43147135	0.78992373
32.61599913	6.43147135	0.78992373
32.61999913	6.59264278	0.78992373
32.62399913	6.59264278	0.78992373
32.62799913	6.43147135	0.78992373
32.63199913	6.43147135	0.78992373
32.63599913	6.59264278	0.78992373
32.63999913	6.59264278	0.78992373
32.64399913	6.43147135	0.78992373
32.64799913	6.43147135	0.78992373
32.65199913	6.59264278	0.78992373
32.65599913	6.59264278	0.78992373
32.65999913	6.59264278	0.78992373
32.66399913	6.43147135	0.78992373
32.66799913	6.43147135	0.78992373
32.67199913	6.43147135	0.78992373
32.67599913	6.43147135	0.78992373
32.67999913	6.59264278	0.78992373
32.68399913	6.59264278	0.78992373
32.68799913	6.59264278	0.78992373
32.69199913	6.43147135	0.78992373
32.69599913	6.43147135	0.78992373
32.69999913	6.43147135	0.78992373
32.70399913	6.43147135	0.78992373
32.70799913	6.59264278	0.78992373
32.71199913	6.59264278	0.78992373
32.71599913	6.59264278	0.78992373
32.71999913	6.59264278	0.78992373
32.72399913	6.43147135	0.78992373
32.72799913	6.59264278	0.78992373
32.73199913	6.43147135	0.78992373
32.73599913	6.59264278	0.78992373
32.73999913	6.59264278	0.78992373
32.74399913	6.59264278	0.78992373
32.74799913	6.43147135	0.78992373
32.75199913	6.43147135	0.78992373
32.75599913	6.59264278	0.78992373
32.75999913	6.59264278	0.78992373
32.76399913	6.43147135	0.78992373
32.76799913	6.43147135	0.78992373
32.77199913	6.43147135	0.78992373
32.77599913	6.43147135	0.78992373
32.77999913	6.43147135	0.78992373
32.78399913	6.43147135	0.78992373
32.78799913	6.43147135	0.78992373
32.79199913	6.59264278	0.78992373
32.79599913	6.59264278	0.78992373
32.79999913	6.43147135	0.78992373
32.80399913	6.43147135	0.78992373
32.80799913	6.43147135	0.78992373
32.81199913	6.59264278	0.78992373
32.81599913	6.59264278	0.78992373
32.81999913	6.59264278	0.78992373
32.82399913	6.59264278	0.78992373
32.82799913	6.59264278	0.78992373
32.83199913	6.43147135	0.78992373
32.83599913	6.59264278	0.78992373
32.83999913	6.59264278	0.78992373
32.84399913	6.59264278	0.78992373
32.84799913	6.59264278	0.78992373
32.85199913	6.43147135	0.78992373
32.85599912	6.59264278	0.78992373
32.85999912	6.59264278	0.78992373
32.86399912	6.59264278	0.78992373
32.86799912	6.43147135	0.78992373
32.87199912	6.43147135	0.78992373
32.87599912	6.43147135	0.78992373
32.87999912	6.59264278	0.78992373
32.88399912	6.59264278	0.78992373
32.88799912	6.59264278	0.78992373
32.89199912	6.59264278	0.78992373
32.89599912	6.59264278	0.78992373
32.89999912	6.43147135	0.78992373
32.90399912	6.43147135	0.78992373
32.90799912	6.59264278	0.78992373
32.91199912	6.43147135	0.78992373
32.91599912	6.59264278	0.78992373
32.91999912	6.59264278	0.78992373
32.92399912	6.43147135	0.78992373
32.92799912	6.43147135	0.78992373
32.93199912	6.43147135	0.78992373
32.93599912	6.59264278	0.78992373
32.93999912	6.43147135	0.78992373
32.94399912	6.59264278	0.78992373
32.94799912	6.43147135	0.78992373
32.95199912	6.43147135	0.78992373
32.95599912	6.43147135	0.78992373
32.95999912	6.43147135	0.78992373
32.96399912	6.43147135	0.78992373
32.96799912	6.59264278	0.78992373
32.97199912	6.59264278	0.78992373
32.97599912	6.43147135	0.78992373
32.97999912	6.43147135	0.78992373
32.98399912	6.43147135	0.78992373
32.98799912	6.43147135	0.78992373
32.99199912	6.43147135	0.78992373
32.99599912	6.43147135	0.78992373
32.99999912	6.59264278	0.78992373
33.00399912	6.43147135	0.78992373
33.00799912	6.43147135	0.78992373
33.01199912	6.43147135	0.78992373
33.01599912	6.43147135	0.78992373
33.01999912	6.43147135	0.78992373
33.02399912	6.43147135	0.78992373
33.02799912	6.43147135	0.78992373
33.03199912	6.59264278	0.78992373
33.03599912	6.43147135	0.78992373
33.03999912	6.43147135	0.78992373
33.04399912	6.43147135	0.78992373
33.04799912	6.43147135	0.78992373
33.05199912	6.59264278	0.78992373
33.05599912	6.59264278	0.78992373
33.05999912	6.43147135	0.78992373
33.06399912	6.43147135	0.78992373
33.06799912	6.43147135	0.78992373
33.07199912	6.43147135	0.78992373
33.07599912	6.43147135	0.78992373
33.07999912	6.59264278	0.78992373
33.08399912	6.59264278	0.78992373
33.08799912	6.43147135	0.78992373
33.09199912	6.43147135	0.78992373
33.09599912	6.43147135	0.78992373
33.09999912	6.43147135	0.78992373
33.10399912	6.59264278	0.78992373
33.10799912	6.59264278	0.78992373
33.11199912	6.43147135	0.78992373
33.11599912	6.43147135	0.78992373
33.11999912	6.43147135	0.78992373
33.12399912	6.43147135	0.78992373
33.12799912	6.43147135	0.78992373
33.13199912	6.43147135	0.78992373
33.13599912	6.43147135	0.78992373
33.13999912	6.43147135	0.78992373
33.14399912	6.43147135	0.78992373
33.14799912	6.43147135	0.78992373
33.15199912	6.43147135	0.78992373
33.15599912	6.59264278	0.78992373
33.15999912	6.43147135	0.78992373
33.16399912	6.43147135	0.78992373
33.16799912	6.43147135	0.78992373
33.17199912	6.43147135	0.78992373
33.17599912	6.43147135	0.78992373
33.17999912	6.43147135	0.78992373
33.18399912	6.43147135	0.78992373
33.18799912	6.43147135	0.78992373
33.19199912	6.43147135	0.78992373
33.19599912	6.43147135	0.78992373
33.19999912	6.43147135	0.78992373
33.20399912	6.43147135	0.78992373
33.20799911	6.59264278	0.78992373
33.21199911	6.43147135	0.78992373
33.21599911	6.43147135	0.78992373
33.21999911	6.43147135	0.78992373
33.22399911	6.43147135	0.78992373
33.22799911	6.43147135	0.78992373
33.23199911	6.43147135	0.78992373
33.23599911	6.43147135	0.78992373
33.23999911	6.43147135	0.78992373
33.24399911	6.43147135	0.78992373
33.24799911	6.43147135	0.78992373
33.25199911	6.43147135	0.78992373
33.25599911	6.43147135	0.78992373
33.25999911	6.43147135	0.78992373
33.26399911	6.59264278	0.78992373
33.26799911	6.43147135	0.78992373
33.27199911	6.43147135	0.78992373
33.27599911	6.43147135	0.78992373
33.27999911	6.43147135	0.78992373
33.28399911	6.43147135	0.78992373
33.28799911	6.43147135	0.78992373
33.29199911	6.43147135	0.78992373
33.29599911	6.43147135	0.78992373
33.29999911	6.43147135	0.78992373
33.30399911	6.43147135	0.78992373
33.30799911	6.43147135	0.78992373
33.31199911	6.43147135	0.78992373
33.31599911	6.59264278	0.78992373
33.31999911	6.43147135	0.78992373
33.32399911	6.43147135	0.78992373
33.32799911	6.43147135	0.78992373
33.33199911	6.43147135	0.78992373
33.33599911	6.43147135	0.78992373
33.33999911	6.43147135	0.78992373
33.34399911	6.43147135	0.78992373
33.34799911	6.43147135	0.78992373
33.35199911	6.43147135	0.78992373
33.35599911	6.43147135	0.78992373
33.35999911	6.43147135	0.78992373
33.36399911	6.43147135	0.78992373
33.36799911	6.59264278	0.78992373
33.37199911	6.43147135	0.78992373
33.37599911	6.43147135	0.78992373
33.37999911	6.43147135	0.78992373
33.38399911	6.43147135	0.78992373
33.38799911	6.43147135	0.78992373
33.39199911	6.43147135	0.78992373
33.39599911	6.59264278	0.78992373
33.39999911	6.59264278	0.78992373
33.40399911	6.43147135	0.78992373
33.40799911	6.43147135	0.78992373
33.41199911	6.27091551	0.78992373
33.41599911	6.43147135	0.78992373
33.41999911	6.43147135	0.78992373
33.42399911	6.43147135	0.78992373
33.42799911	6.43147135	0.78992373
33.43199911	6.43147135	0.78992373
33.43599911	6.43147135	0.78992373
33.43999911	6.43147135	0.78992373
33.44399911	6.43147135	0.78992373
33.44799911	6.59264278	0.78992373
33.45199911	6.43147135	0.78992373
33.45599911	6.43147135	0.78992373
33.45999911	6.43147135	0.78992373
33.46399911	6.43147135	0.78992373
33.46799911	6.43147135	0.77411419
33.47199911	6.43147135	0.78992373
33.47599911	6.43147135	0.78992373
33.47999911	6.43147135	0.78992373
33.48399911	6.43147135	0.78992373
33.48799911	6.43147135	0.78992373
33.49199911	6.43147135	0.78992373
33.49599911	6.43147135	0.78992373
33.49999911	6.43147135	0.78992373
33.50399911	6.43147135	0.78992373
33.50799911	6.43147135	0.78992373
33.51199911	6.43147135	0.78992373
33.51599911	6.27091551	0.77411419
33.51999911	6.43147135	0.78992373
33.52399911	6.43147135	0.78992373
33.52799911	6.43147135	0.78992373
33.53199911	6.43147135	0.78992373
33.53599911	6.43147135	0.78992373
33.53999911	6.43147135	0.78992373
33.54399911	6.27091551	0.78992373
33.54799911	6.43147135	0.78992373
33.55199911	6.43147135	0.78992373
33.55599911	6.43147135	0.78992373
33.55999911	6.43147135	0.78992373
33.56399910	6.27091551	0.78992373
33.56799910	6.43147135	0.78992373
33.57199910	6.43147135	0.78992373
33.57599910	6.43147135	0.78992373
33.57999910	6.43147135	0.78992373
33.58399910	6.43147135	0.78992373
33.58799910	6.43147135	0.78992373
33.59199910	6.43147135	0.78992373
33.59599910	6.27091551	0.77411419
33.59999910	6.43147135	0.78992373
33.60399910	6.43147135	0.78992373
33.60799910	6.43147135	0.78992373
33.61199910	6.43147135	0.78992373
33.61599910	6.43147135	0.78992373
33.61999910	6.43147135	0.77411419
33.62399910	6.43147135	0.78992373
33.62799910	6.27091551	0.78992373
33.63199910	6.43147135	0.78992373
33.63599910	6.43147135	0.78992373
33.63999910	6.43147135	0.78992373
33.64399910	6.43147135	0.78992373
33.64799910	6.27091551	0.78992373
33.65199910	6.43147135	0.77411419
33.65599910	6.43147135	0.78992373
33.65999910	6.43147135	0.78992373
33.66399910	6.43147135	0.78992373
33.66799910	6.43147135	0.78992373
33.67199910	6.43147135	0.78992373
33.67599910	6.43147135	0.78992373
33.67999910	6.43147135	0.78992373
33.68399910	6.43147135	0.77411419
33.68799910	6.43147135	0.78992373
33.69199910	6.43147135	0.78992373
33.69599910	6.43147135	0.78992373
33.69999910	6.43147135	0.77411419
33.70399910	6.43147135	0.78992373
33.70799910	6.43147135	0.78992373
33.71199910	6.43147135	0.78992373
33.71599910	6.43147135	0.78992373
33.71999910	6.59264278	0.78992373
33.72399910	6.43147135	0.78992373
33.72799910	6.43147135	0.78992373
33.73199910	6.43147135	0.77411419
33.73599910	6.43147135	0.78992373
33.73999910	6.43147135	0.78992373
33.74399910	6.43147135	0.78992373
33.74799910	6.43147135	0.78992373
33.75199910	6.43147135	0.78992373
33.75599910	6.43147135	0.78992373
33.75999910	6.43147135	0.78992373
33.76399910	6.43147135	0.78992373
33.76799910	6.43147135	0.78992373
33.77199910	6.43147135	0.78992373
33.77599910	6.43147135	0.78992373
33.77999910	6.43147135	0.78992373
33.78399910	6.43147135	0.78992373
33.78799910	6.43147135	0.78992373
33.79199910	6.59264278	0.78992373
33.79599910	6.59264278	0.78992373
33.79999910	6.43147135	0.78992373
33.80399910	6.43147135	0.77411419
33.80799910	6.27091551	0.77411419
33.81199910	6.43147135	0.78992373
33.81599910	6.43147135	0.78992373
33.81999910	6.59264278	0.78992373
33.82399910	6.43147135	0.78992373
33.82799910	6.43147135	0.77411419
33.83199910	6.43147135	0.77411419
33.83599910	6.43147135	0.78992373
33.83999910	6.43147135	0.78992373
33.84399910	6.59264278	0.78992373
33.84799910	6.59264278	0.78992373
33.85199910	6.43147135	0.77411419
33.85599910	6.43147135	0.77411419
33.85999910	6.43147135	0.77411419
33.86399910	6.43147135	0.78992373
33.86799910	6.43147135	0.77411419
33.87199910	6.59264278	0.78992373
33.87599910	6.59264278	0.78992373
33.87999910	6.43147135	0.78992373
33.88399910	6.43147135	0.77411419
33.88799910	6.43147135	0.78992373
33.89199910	6.43147135	0.78992373
33.89599910	6.59264278	0.78992373
33.89999910	6.59264278	0.77411419
33.90399910	6.59264278	0.78992373
33.90799910	6.59264278	0.77411419
33.91199910	6.43147135	0.78992373
33.91599909	6.43147135	0.77411419
33.91999909	6.43147135	0.78992373
33.92399909	6.59264278	0.77411419
33.92799909	6.59264278	0.78992373
33.93199909	6.59264278	0.78992373
33.93599909	6.59264278	0.77411419
33.93999909	6.43147135	0.77411419
33.94399909	6.43147135	0.77411419
33.94799909	6.59264278	0.77411419
33.95199909	6.59264278	0.78992373
33.95599909	6.59264278	0.77411419
33.95999909	6.59264278	0.78992373
33.96399909	6.59264278	0.78992373
33.96799909	6.43147135	0.78992373
33.97199909	6.43147135	0.77411419
33.97599909	6.43147135	0.78992373
33.97999909	6.59264278	0.78992373
33.98399909	6.59264278	0.77411419
33.98799909	6.59264278	0.78992373
33.99199909	6.59264278	0.78992373
33.99599909	6.43147135	0.78992373
33.99999909	6.43147135	0.78992373
34.00399909	6.43147135	0.77411419
34.00799909	6.59264278	0.77411419
34.01199909	6.59264278	0.77411419
34.01599909	6.59264278	0.78992373
34.01999909	6.43147135	0.78992373
34.02399909	6.59264278	0.77411419
34.02799909	6.43147135	0.77411419
34.03199909	6.59264278	0.78992373
34.03599909	6.43147135	0.77411419
34.03999909	6.59264278	0.78992373
34.04399909	6.59264278	0.77411419
34.04799909	6.43147135	0.77411419
34.05199909	6.43147135	0.77411419
34.05599909	6.59264278	0.78992373
34.05999909	6.59264278	0.78992373
34.06399909	6.43147135	0.78992373
34.06799909	6.43147135	0.78992373
34.07199909	6.59264278	0.77411419
34.07599909	6.59264278	0.77411419
34.07999909	6.43147135	0.78992373
34.08399909	6.43147135	0.77411419
34.08799909	6.59264278	0.78992373
34.09199909	6.59264278	0.77411419
34.09599909	6.59264278	0.78992373
34.09999909	6.43147135	0.77411419
34.10399909	6.43147135	0.78992373
34.10799909	6.59264278	0.77411419
34.11199909	6.59264278	0.77411419
34.11599909	6.43147135	0.77411419
34.11999909	6.59264278	0.78992373
34.12399909	6.59264278	0.77411419
34.12799909	6.59264278	0.78992373
34.13199909	6.43147135	0.77411419
34.13599909	6.59264278	0.77411419
34.13999909	6.59264278	0.77411419
34.14399909	6.59264278	0.77411419
34.14799909	6.43147135	0.77411419
34.15199909	6.43147135	0.77411419
34.15599909	6.59264278	0.77411419
34.15999909	6.59264278	0.77411419
34.16399909	6.59264278	0.78992373
34.16799909	6.43147135	0.77411419
34.17199909	6.43147135	0.77411419
34.17599909	6.59264278	0.77411419
34.17999909	6.59264278	0.77411419
34.18399909	6.59264278	0.77411419
34.18799909	6.43147135	0.77411419
34.19199909	6.59264278	0.78992373
34.19599909	6.59264278	0.77411419
34.19999909	6.59264278	0.77411419
34.20399909	6.43147135	0.77411419
34.20799909	6.43147135	0.77411419
34.21199909	6.59264278	0.77411419
34.21599909	6.59264278	0.78992373
34.21999909	6.43147135	0.77411419
34.22399909	6.43147135	0.77411419
34.22799909	6.59264278	0.77411419
34.23199909	6.59264278	0.78992373
34.23599909	6.59264278	0.77411419
34.23999909	6.43147135	0.77411419
34.24399909	6.43147135	0.77411419
34.24799909	6.59264278	0.77411419
34.25199909	6.59264278	0.77411419
34.25599909	6.59264278	0.78992373
34.25999909	6.43147135	0.77411419
34.26399909	6.59264278	0.77411419
34.26799909	6.59264278	0.77411419
34.27199908	6.43147135	0.77411419
34.27599908	6.43147135	0.77411419
34.27999908	6.59264278	0.77411419
34.28399908	6.59264278	0.77411419
34.28799908	6.59264278	0.77411419
34.29199908	6.43147135	0.77411419
34.29599908	6.43147135	0.77411419
34.29999908	6.59264278	0.77411419
34.30399908	6.59264278	0.78992373
34.30799908	6.43147135	0.77411419
34.31199908	6.59264278	0.77411419
34.31599908	6.59264278	0.77411419
34.31999908	6.43147135	0.77411419
34.32399908	6.59264278	0.77411419
34.32799908	6.43147135	0.77411419
34.33199908	6.59264278	0.77411419
34.33599908	6.59264278	0.77411419
34.33999908	6.43147135	0.77411419
34.34399908	6.43147135	0.77411419
34.34799908	6.43147135	0.77411419
34.35199908	6.43147135	0.77411419
34.35599908	6.59264278	0.77411419
34.35999908	6.59264278	0.77411419
34.36399908	6.59264278	0.77411419
34.36799908	6.59264278	0.77411419
34.37199908	6.43147135	0.77411419
34.37599908	6.43147135	0.77411419
34.37999908	6.43147135	0.77411419
34.38399908	6.59264278	0.77411419
34.38799908	6.59264278	0.77411419
34.39199908	6.59264278	0.77411419
34.39599908	6.43147135	0.77411419
34.39999908	6.43147135	0.77411419
34.40399908	6.59264278	0.77411419
34.40799908	6.59264278	0.77411419
34.41199908	6.43147135	0.77411419
34.41599908	6.59264278	0.77411419
34.41999908	6.59264278	0.77411419
34.42399908	6.59264278	0.77411419
34.42799908	6.43147135	0.77411419
34.43199908	6.43147135	0.77411419
34.43599908	6.59264278	0.77411419
34.43999908	6.59264278	0.78992373
34.44399908	6.59264278	0.77411419
34.44799908	6.43147135	0.77411419
34.45199908	6.43147135	0.77411419
34.45599908	6.43147135	0.77411419
34.45999908	6.43147135	0.77411419
34.46399908	6.43147135	0.77411419
34.46799908	6.59264278	0.77411419
34.47199908	6.59264278	0.78992373
34.47599908	6.59264278	0.77411419
34.47999908	6.59264278	0.77411419
34.48399908	6.43147135	0.77411419
34.48799908	6.43147135	0.77411419
34.49199908	6.43147135	0.77411419
34.49599908	6.59264278	0.77411419
34.49999908	6.59264278	0.77411419
34.50399908	6.59264278	0.77411419
34.50799908	6.43147135	0.77411419
34.51199908	6.43147135	0.77411419
34.51599908	6.43147135	0.77411419
34.51999908	6.59264278	0.77411419
34.52399908	6.59264278	0.77411419
34.52799908	6.59264278	0.77411419
34.53199908	6.59264278	0.77411419
34.53599908	6.43147135	0.77411419
34.53999908	6.43147135	0.77411419
34.54399908	6.43147135	0.77411419
34.54799908	6.59264278	0.77411419
34.55199908	6.59264278	0.77411419
34.55599908	6.59264278	0.77411419
34.55999908	6.59264278	0.77411419
34.56399908	6.43147135	0.77411419
34.56799908	6.43147135	0.77411419
34.57199908	6.59264278	0.77411419
34.57599908	6.59264278	0.77411419
34.57999908	6.59264278	0.77411419
34.58399908	6.59264278	0.77411419
34.58799908	6.59264278	0.77411419
34.59199908	6.43147135	0.77411419
34.59599908	6.43147135	0.77411419
34.59999908	6.43147135	0.77411419
34.60399908	6.59264278	0.77411419
34.60799908	6.59264278	0.77411419
34.61199908	6.43147135	0.77411419
34.61599908	6.43147135	0.77411419
34.61999908	6.43147135	0.77411419
34.62399907	6.43147135	0.77411419
34.62799907	6.43147135	0.77411419
34.63199907	6.59264278	0.77411419
34.63599907	6.59264278	0.77411419
34.63999907	6.43147135	0.77411419
34.64399907	6.43147135	0.77411419
34.64799907	6.43147135	0.77411419
34.65199907	6.43147135	0.77411419
34.65599907	6.43147135	0.77411419
34.65999907	6.59264278	0.77411419
34.66399907	6.59264278	0.77411419
34.66799907	6.43147135	0.77411419
34.67199907	6.43147135	0.77411419
34.67599907	6.43147135	0.77411419
34.67999907	6.43147135	0.77411419
34.68399907	6.43147135	0.77411419
34.68799907	6.43147135	0.77411419
34.69199907	6.43147135	0.77411419
34.69599907	6.59264278	0.77411419
34.69999907	6.43147135	0.77411419
34.70399907	6.43147135	0.77411419
34.70799907	6.43147135	0.77411419
34.71199907	6.43147135	0.77411419
34.71599907	6.43147135	0.77411419
34.71999907	6.43147135	0.77411419
34.72399907	6.43147135	0.77411419
34.72799907	6.43147135	0.77411419
34.73199907	6.43147135	0.77411419
34.73599907	6.43147135	0.77411419
34.73999907	6.43147135	0.77411419
34.74399907	6.59264278	0.77411419
34.74799907	6.43147135	0.77411419
34.75199907	6.43147135	0.77411419
34.75599907	6.43147135	0.77411419
34.75999907	6.43147135	0.77411419
34.76399907	6.43147135	0.77411419
34.76799907	6.43147135	0.77411419
34.77199907	6.43147135	0.77411419
34.77599907	6.59264278	0.77411419
34.77999907	6.43147135	0.77411419
34.78399907	6.43147135	0.77411419
34.78799907	6.43147135	0.77411419
34.79199907	6.43147135	0.77411419
34.79599907	6.43147135	0.77411419
34.79999907	6.43147135	0.77411419
34.80399907	6.43147135	0.77411419
34.80799907	6.43147135	0.77411419
34.81199907	6.43147135	0.77411419
34.81599907	6.43147135	0.77411419
34.81999907	6.43147135	0.77411419
34.82399907	6.43147135	0.77411419
34.82799907	6.43147135	0.77411419
34.83199907	6.43147135	0.77411419
34.83599907	6.43147135	0.77411419
34.83999907	6.43147135	0.77411419
34.84399907	6.43147135	0.77411419
34.84799907	6.59264278	0.77411419
34.85199907	6.59264278	0.77411419
34.85599907	6.43147135	0.77411419
34.85999907	6.43147135	0.77411419
34.86399907	6.43147135	0.77411419
34.86799907	6.43147135	0.77411419
34.87199907	6.43147135	0.77411419
34.87599907	6.59264278	0.77411419
34.87999907	6.59264278	0.77411419
34.88399907	6.59264278	0.77411419
34.88799907	6.43147135	0.77411419
34.89199907	6.43147135	0.77411419
34.89599907	6.43147135	0.77411419
34.89999907	6.43147135	0.77411419
34.90399907	6.59264278	0.77411419
34.90799907	6.59264278	0.77411419
34.91199907	6.43147135	0.77411419
34.91599907	6.43147135	0.77411419
34.91999907	6.59264278	0.77411419
34.92399907	6.59264278	0.77411419
34.92799907	6.43147135	0.77411419
34.93199907	6.59264278	0.77411419
34.93599907	6.59264278	0.77411419
34.93999907	6.59264278	0.77411419
34.94399907	6.43147135	0.77411419
34.94799907	6.43147135	0.77411419
34.95199907	6.59264278	0.77411419
34.95599907	6.59264278	0.77411419
34.95999907	6.59264278	0.77411419
34.96399907	6.43147135	0.77411419
34.96799907	6.59264278	0.77411419
34.97199907	6.43147135	0.77411419
34.97599906	6.43147135	0.77411419
34.97999906	6.59264278	0.77411419
34.98399906	6.59264278	0.77411419
34.98799906	6.59264278	0.77411419
34.99199906	6.59264278	0.77411419
34.99599906	6.59264278	0.77411419
34.99999906	6.43147135	0.77411419
35.00399906	6.43147135	0.77411419
35.00799906	6.43147135	0.77411419
35.01199906	6.59264278	0.77411419
35.01599906	6.59264278	0.77411419
35.01999906	6.59264278	0.77411419
35.02399906	6.59264278	0.77411419
35.02799906	6.43147135	0.77411419
35.03199906	6.59264278	0.77411419
35.03599906	6.59264278	0.77411419
35.03999906	6.59264278	0.77411419
35.04399906	6.59264278	0.77411419
35.04799906	6.59264278	0.77411419
35.05199906	6.59264278	0.77411419
35.05599906	6.43147135	0.77411419
35.05999906	6.43147135	0.77411419
35.06399906	6.59264278	0.77411419
35.06799906	6.59264278	0.77411419
35.07199906	6.59264278	0.77411419
35.07599906	6.59264278	0.77411419
35.07999906	6.59264278	0.77411419
35.08399906	6.59264278	0.77411419
35.08799906	6.43147135	0.77411419
35.09199906	6.59264278	0.77411419
35.09599906	6.59264278	0.77411419
35.09999906	6.59264278	0.77411419
35.10399906	6.59264278	0.77411419
35.10799906	6.59264278	0.77411419
35.11199906	6.43147135	0.77411419
35.11599906	6.59264278	0.77411419
35.11999906	6.59264278	0.77411419
35.12399906	6.59264278	0.77411419
35.12799906	6.59264278	0.77411419
35.13199906	6.59264278	0.77411419
35.13599906	6.43147135	0.77411419
35.13999906	6.59264278	0.77411419
35.14399906	6.59264278	0.77411419
35.14799906	6.59264278	0.77411419
35.15199906	6.59264278	0.77411419
35.15599906	6.59264278	0.77411419
35.15999906	6.59264278	0.77411419
35.16399906	6.43147135	0.77411419
35.16799906	6.43147135	0.77411419
35.17199906	6.59264278	0.77411419
35.17599906	6.59264278	0.77411419
35.17999906	6.59264278	0.77411419
35.18399906	6.59264278	0.77411419
35.18799906	6.43147135	0.77411419
35.19199906	6.59264278	0.77411419
35.19599906	6.59264278	0.77411419
35.19999906	6.59264278	0.77411419
35.20399906	6.59264278	0.77411419
35.20799906	6.59264278	0.77411419
35.21199906	6.59264278	0.77411419
35.21599906	6.43147135	0.77411419
35.21999906	6.43147135	0.77411419
35.22399906	6.59264278	0.77411419
35.22799906	6.59264278	0.77411419
35.23199906	6.59264278	0.77411419
35.23599906	6.59264278	0.77411419
35.23999906	6.59264278	0.77411419
35.24399906	6.59264278	0.77411419
35.24799906	6.43147135	0.77411419
35.25199906	6.43147135	0.77411419
35.25599906	6.59264278	0.77411419
35.25999906	6.59264278	0.77411419
35.26399906	6.59264278	0.77411419
35.26799906	6.59264278	0.77411419
35.27199906	6.59264278	0.77411419
35.27599906	6.59264278	0.77411419
35.27999906	6.59264278	0.77411419
35.28399906	6.59264278	0.77411419
35.28799906	6.59264278	0.77411419
35.29199906	6.59264278	0.77411419
35.29599906	6.59264278	0.77411419
35.29999906	6.59264278	0.77411419
35.30399906	6.59264278	0.77411419
35.30799906	6.59264278	0.77411419
35.31199906	6.59264278	0.77411419
35.31599906	6.59264278	0.77411419
35.31999906	6.59264278	0.77411419
35.32399906	6.43147135	0.77411419
35.32799906	6.59264278	0.77411419
35.33199905	6.59264278	0.77411419
35.33599905	6.59264278	0.77411419
35.33999905	6.59264278	0.77411419
35.34399905	6.59264278	0.77411419
35.34799905	6.59264278	0.77411419
35.35199905	6.43147135	0.77411419
35.35599905	6.43147135	0.77411419
35.35999905	6.59264278	0.77411419
35.36399905	6.59264278	0.77411419
35.36799905	6.59264278	0.77411419
35.37199905	6.59264278	0.77411419
35.37599905	6.59264278	0.77411419
35.37999905	6.59264278	0.77411419
35.38399905	6.59264278	0.77411419
35.38799905	6.59264278	0.77411419
35.39199905	6.59264278	0.77411419
35.39599905	6.59264278	0.77411419
35.39999905	6.75319862	0.77411419
35.40399905	6.59264278	0.77411419
35.40799905	6.59264278	0.77411419
35.41199905	6.43147135	0.77411419
35.41599905	6.59264278	0.77411419
35.41999905	6.59264278	0.77411419
35.42399905	6.59264278	0.77411419
35.42799905	6.59264278	0.77411419
35.43199905	6.59264278	0.77411419
35.43599905	6.59264278	0.77411419
35.43999905	6.59264278	0.77411419
35.44399905	6.59264278	0.77411419
35.44799905	6.59264278	0.77411419
35.45199905	6.59264278	0.77411419
35.45599905	6.59264278	0.77411419
35.45999905	6.59264278	0.77411419
35.46399905	6.59264278	0.77411419
35.46799905	6.59264278	0.77411419
35.47199905	6.59264278	0.77411419
35.47599905	6.59264278	0.77411419
35.47999905	6.59264278	0.77411419
35.48399905	6.59264278	0.77411419
35.48799905	6.59264278	0.77411419
35.49199905	6.59264278	0.77411419
35.49599905	6.59264278	0.77411419
35.49999905	6.59264278	0.77411419
35.50399905	6.59264278	0.77411419
35.50799905	6.59264278	0.77411419
35.51199905	6.59264278	0.77411419
35.51599905	6.59264278	0.77411419
35.51999905	6.43147135	0.77411419
35.52399905	6.59264278	0.77411419
35.52799905	6.59264278	0.77411419
35.53199905	6.59264278	0.77411419
35.53599905	6.59264278	0.77411419
35.53999905	6.59264278	0.77411419
35.54399905	6.59264278	0.77411419
35.54799905	6.43147135	0.77411419
35.55199905	6.59264278	0.77411419
35.55599905	6.59264278	0.77411419
35.55999905	6.75319862	0.77411419
35.56399905	6.59264278	0.77411419
35.56799905	6.59264278	0.77411419
35.57199905	6.43147135	0.77411419
35.57599905	6.59264278	0.77411419
35.57999905	6.59264278	0.77411419
35.58399905	6.59264278	0.77411419
35.58799905	6.59264278	0.77411419
35.59199905	6.59264278	0.77411419
35.59599905	6.59264278	0.77411419
35.59999905	6.59264278	0.77411419
35.60399905	6.59264278	0.77411419
35.60799905	6.59264278	0.77411419
35.61199905	6.59264278	0.77411419
35.61599905	6.59264278	0.77411419
35.61999905	6.59264278	0.77411419
35.62399905	6.59264278	0.77411419
35.62799905	6.59264278	0.77411419
35.63199905	6.59264278	0.77411419
35.63599905	6.59264278	0.77411419
35.63999905	6.59264278	0.77411419
35.64399905	6.59264278	0.75836617
35.64799905	6.59264278	0.77411419
35.65199905	6.59264278	0.77411419
35.65599905	6.59264278	0.77411419
35.65999905	6.59264278	0.77411419
35.66399905	6.59264278	0.77411419
35.66799905	6.59264278	0.77411419
35.67199905	6.59264278	0.77411419
35.67599905	6.59264278	0.77411419
35.67999905	6.59264278	0.77411419
35.68399904	6.59264278	0.77411419
35.68799904	6.59264278	0.77411419
35.69199904	6.59264278	0.77411419
35.69599904	6.59264278	0.77411419
35.69999904	6.59264278	0.77411419
35.70399904	6.59264278	0.77411419
35.70799904	6.59264278	0.77411419
35.71199904	6.59264278	0.77411419
35.71599904	6.59264278	0.77411419
35.71999904	6.59264278	0.77411419
35.72399904	6.59264278	0.77411419
35.72799904	6.59264278	0.77411419
35.73199904	6.43147135	0.77411419
35.73599904	6.59264278	0.77411419
35.73999904	6.59264278	0.77411419
35.74399904	6.59264278	0.77411419
35.74799904	6.59264278	0.77411419
35.75199904	6.59264278	0.77411419
35.75599904	6.59264278	0.75836617
35.75999904	6.59264278	0.77411419
35.76399904	6.43147135	0.77411419
35.76799904	6.59264278	0.77411419
35.77199904	6.59264278	0.77411419
35.77599904	6.59264278	0.77411419
35.77999904	6.43147135	0.77411419
35.78399904	6.59264278	0.77411419
35.78799904	6.43147135	0.77411419
35.79199904	6.59264278	0.77411419
35.79599904	6.43147135	0.75836617
35.79999904	6.43147135	0.77411419
35.80399904	6.59264278	0.77411419
35.80799904	6.59264278	0.77411419
35.81199904	6.43147135	0.77411419
35.81599904	6.43147135	0.77411419
35.81999904	6.59264278	0.77411419
35.82399904	6.59264278	0.77411419
35.82799904	6.43147135	0.77411419
35.83199904	6.43147135	0.77411419
35.83599904	6.43147135	0.77411419
35.83999904	6.59264278	0.77411419
35.84399904	6.43147135	0.77411419
35.84799904	6.43147135	0.77411419
35.85199904	6.43147135	0.77411419
35.85599904	6.59264278	0.77411419
35.85999904	6.43147135	0.77411419
35.86399904	6.43147135	0.77411419
35.86799904	6.43147135	0.77411419
35.87199904	6.59264278	0.77411419
35.87599904	6.59264278	0.77411419
35.87999904	6.43147135	0.77411419
35.88399904	6.43147135	0.75836617
35.88799904	6.43147135	0.77411419
35.89199904	6.43147135	0.75836617
35.89599904	6.43147135	0.77411419
35.89999904	6.43147135	0.75836617
35.90399904	6.59264278	0.77411419
35.90799904	6.59264278	0.77411419
35.91199904	6.43147135	0.77411419
35.91599904	6.43147135	0.75836617
35.91999904	6.43147135	0.77411419
35.92399904	6.43147135	0.77411419
35.92799904	6.59264278	0.77411419
35.93199904	6.43147135	0.77411419
35.93599904	6.43147135	0.77411419
35.93999904	6.43147135	0.77411419
35.94399904	6.59264278	0.77411419
35.94799904	6.43147135	0.77411419
35.95199904	6.43147135	0.75836617
35.95599904	6.43147135	0.75836617
35.95999904	6.43147135	0.77411419
35.96399904	6.43147135	0.75836617
35.96799904	6.43147135	0.77411419
35.97199904	6.43147135	0.77411419
35.97599904	6.43147135	0.77411419
35.97999904	6.43147135	0.77411419
35.98399904	6.59264278	0.77411419
35.98799904	6.43147135	0.75836617
35.99199904	6.43147135	0.75836617
35.99599904	6.43147135	0.77411419
35.99999904	6.43147135	0.77411419
36.00399904	6.43147135	0.77411419
36.00799904	6.59264278	0.77411419
36.01199904	6.43147135	0.77411419
36.01599904	6.43147135	0.77411419
36.01999904	6.43147135	0.75836617
36.02399904	6.43147135	0.77411419
36.02799904	6.43147135	0.77411419
36.03199904	6.43147135	0.77411419
36.03599904	6.43147135	0.77411419
36.03999903	6.59264278	0.75836617
36.04399903	6.43147135	0.75836617
36.04799903	6.43147135	0.75836617
36.05199903	6.43147135	0.75836617
36.05599903	6.43147135	0.77411419
36.05999903	6.43147135	0.75836617
36.06399903	6.43147135	0.75836617
36.06799903	6.43147135	0.77411419
36.07199903	6.43147135	0.75836617
36.07599903	6.43147135	0.75836617
36.07999903	6.43147135	0.77411419
36.08399903	6.43147135	0.77411419
36.08799903	6.43147135	0.75836617
36.09199903	6.59264278	0.75836617
36.09599903	6.59264278	0.77411419
36.09999903	6.43147135	0.77411419
36.10399903	6.43147135	0.75836617
36.10799903	6.43147135	0.75836617
36.11199903	6.43147135	0.77411419
36.11599903	6.43147135	0.75836617
36.11999903	6.43147135	0.77411419
36.12399903	6.43147135	0.77411419
36.12799903	6.43147135	0.77411419
36.13199903	6.43147135	0.75836617
36.13599903	6.43147135	0.75836617
36.13999903	6.43147135	0.75836617
36.14399903	6.43147135	0.77411419
36.14799903	6.43147135	0.75836617
36.15199903	6.43147135	0.77411419
36.15599903	6.43147135	0.75836617
36.15999903	6.43147135	0.75836617
36.16399903	6.43147135	0.75836617
36.16799903	6.43147135	0.77411419
36.17199903	6.43147135	0.75836617
36.17599903	6.43147135	0.77411419
36.17999903	6.43147135	0.75836617
36.18399903	6.43147135	0.75836617
36.18799903	6.43147135	0.77411419
36.19199903	6.43147135	0.77411419
36.19599903	6.43147135	0.77411419
36.19999903	6.43147135	0.77411419
36.20399903	6.43147135	0.75836617
36.20799903	6.43147135	0.75836617
36.21199903	6.43147135	0.75836617
36.21599903	6.59264278	0.75836617
36.21999903	6.59264278	0.75836617
36.22399903	6.43147135	0.77411419
36.22799903	6.43147135	0.75836617
36.23199903	6.43147135	0.75836617
36.23599903	6.43147135	0.75836617
36.23999903	6.43147135	0.75836617
36.24399903	6.43147135	0.75836617
36.24799903	6.59264278	0.75836617
36.25199903	6.43147135	0.75836617
36.25599903	6.43147135	0.75836617
36.25999903	6.43147135	0.75836617
36.26399903	6.59264278	0.75836617
36.26799903	6.59264278	0.75836617
36.27199903	6.43147135	0.77411419
36.27599903	6.59264278	0.75836617
36.27999903	6.59264278	0.75836617
36.28399903	6.59264278	0.75836617
36.28799903	6.59264278	0.75836617
36.29199903	6.59264278	0.75836617
36.29599903	6.59264278	0.77411419
36.29999903	6.43147135	0.75836617
36.30399903	6.43147135	0.75836617
36.30799903	6.43147135	0.75836617
36.31199903	6.59264278	0.75836617
36.31599903	6.59264278	0.75836617
36.31999903	6.59264278	0.75836617
36.32399903	6.59264278	0.75836617
36.32799903	6.59264278	0.75836617
36.33199903	6.59264278	0.75836617
36.33599903	6.59264278	0.75836617
36.33999903	6.59264278	0.75836617
36.34399903	6.59264278	0.75836617
36.34799903	6.59264278	0.75836617
36.35199903	6.59264278	0.75836617
36.35599903	6.59264278	0.75836617
36.35999903	6.59264278	0.75836617
36.36399903	6.59264278	0.75836617
36.36799903	6.59264278	0.75836617
36.37199903	6.59264278	0.75836617
36.37599903	6.59264278	0.75836617
36.37999903	6.59264278	0.75836617
36.38399903	6.43147135	0.75836617
36.38799903	6.59264278	0.75836617
36.39199902	6.59264278	0.75836617
36.39599902	6.59264278	0.75836617
36.39999902	6.59264278	0.75836617
36.40399902	6.59264278	0.75836617
36.40799902	6.59264278	0.75836617
36.41199902	6.59264278	0.75836617
36.41599902	6.59264278	0.75836617
36.41999902	6.59264278	0.75836617
36.42399902	6.59264278	0.75836617
36.42799902	6.59264278	0.75836617
36.43199902	6.59264278	0.75836617
36.43599902	6.43147135	0.75836617
36.43999902	6.43147135	0.75836617
36.44399902	6.59264278	0.75836617
36.44799902	6.59264278	0.75836617
36.45199902	6.75319862	0.75836617
36.45599902	6.59264278	0.75836617
36.45999902	6.59264278	0.75836617
36.46399902	6.43147135	0.75836617
36.46799902	6.59264278	0.75836617
36.47199902	6.59264278	0.75836617
36.47599902	6.59264278	0.75836617
36.47999902	6.59264278	0.75836617
36.48399902	6.59264278	0.75836617
36.48799902	6.59264278	0.75836617
36.49199902	6.59264278	0.75836617
36.49599902	6.59264278	0.75836617
36.49999902	6.59264278	0.75836617
36.50399902	6.59264278	0.75836617
36.50799902	6.75319862	0.75836617
36.51199902	6.59264278	0.75836617
36.51599902	6.59264278	0.75836617
36.51999902	6.43147135	0.75836617
36.52399902	6.59264278	0.75836617
36.52799902	6.59264278	0.75836617
36.53199902	6.59264278	0.75836617
36.53599902	6.75319862	0.75836617
36.53999902	6.59264278	0.75836617
36.54399902	6.59264278	0.75836617
36.54799902	6.43147135	0.75836617
36.55199902	6.59264278	0.75836617
36.55599902	6.59264278	0.75836617
36.55999902	6.59264278	0.75836617
36.56399902	6.59264278	0.75836617
36.56799902	6.59264278	0.75836617
36.57199902	6.59264278	0.75836617
36.57599902	6.59264278	0.75836617
36.57999902	6.59264278	0.75836617
36.58399902	6.59264278	0.75836617
36.58799902	6.59264278	0.75836617
36.59199902	6.59264278	0.75836617
36.59599902	6.59264278	0.75836617
36.59999902	6.59264278	0.75836617
36.60399902	6.43147135	0.75836617
36.60799902	6.59264278	0.75836617
36.61199902	6.59264278	0.75836617
36.61599902	6.75319862	0.75836617
36.61999902	6.59264278	0.75836617
36.62399902	6.59264278	0.75836617
36.62799902	6.59264278	0.75836617
36.63199902	6.59264278	0.75836617
36.63599902	6.59264278	0.75836617
36.63999902	6.59264278	0.75836617
36.64399902	6.59264278	0.75836617
36.64799902	6.59264278	0.75836617
36.65199902	6.59264278	0.75836617
36.65599902	6.59264278	0.75836617
36.65999902	6.59264278	0.75836617
36.66399902	6.59264278	0.75836617
36.66799902	6.59264278	0.75836617
36.67199902	6.59264278	0.75836617
36.67599902	6.59264278	0.75836617
36.67999902	6.59264278	0.75836617
36.68399902	6.59264278	0.75836617
36.68799902	6.59264278	0.75836617
36.69199902	6.59264278	0.75836617
36.69599902	6.59264278	0.75836617
36.69999902	6.59264278	0.75836617
36.70399902	6.59264278	0.75836617
36.70799902	6.59264278	0.75836617
36.71199902	6.59264278	0.75836617
36.71599902	6.59264278	0.75836617
36.71999902	6.59264278	0.75836617
36.72399902	6.59264278	0.75836617
36.72799902	6.59264278	0.75836617
36.73199902	6.59264278	0.75836617
36.73599902	6.59264278	0.75836617
36.73999902	6.59264278	0.75836617
36.74399901	6.59264278	0.75836617
36.74799901	6.59264278	0.75836617
36.75199901	6.59264278	0.75836617
36.75599901	6.59264278	0.75836617
36.75999901	6.59264278	0.75836617
36.76399901	6.59264278	0.75836617
36.76799901	6.59264278	0.75836617
36.77199901	6.59264278	0.75836617
36.77599901	6.59264278	0.75836617
36.77999901	6.59264278	0.75836617
36.78399901	6.59264278	0.75836617
36.78799901	6.59264278	0.75836617
36.79199901	6.59264278	0.75836617
36.79599901	6.59264278	0.75836617
36.79999901	6.59264278	0.75836617
36.80399901	6.59264278	0.75836617
36.80799901	6.59264278	0.75836617
36.81199901	6.59264278	0.75836617
36.81599901	6.59264278	0.75836617
36.81999901	6.59264278	0.75836617
36.82399901	6.59264278	0.75836617
36.82799901	6.59264278	0.75836617
36.83199901	6.59264278	0.75836617
36.83599901	6.43147135	0.75836617
36.83999901	6.59264278	0.75836617
36.84399901	6.59264278	0.75836617
36.84799901	6.59264278	0.75836617
36.85199901	6.59264278	0.75836617
36.85599901	6.59264278	0.75836617
36.85999901	6.59264278	0.75836617
36.86399901	6.43147135	0.75836617
36.86799901	6.59264278	0.75836617
36.87199901	6.59264278	0.75836617
36.87599901	6.59264278	0.75836617
36.87999901	6.59264278	0.75836617
36.88399901	6.59264278	0.75836617
36.88799901	6.59264278	0.75836617
36.89199901	6.59264278	0.75836617
36.89599901	6.59264278	0.75836617
36.89999901	6.59264278	0.75836617
36.90399901	6.59264278	0.75836617
36.90799901	6.59264278	0.75836617
36.91199901	6.59264278	0.75836617
36.91599901	6.59264278	0.75836617
36.91999901	6.59264278	0.75836617
36.92399901	6.59264278	0.75836617
36.92799901	6.59264278	0.75836617
36.93199901	6.43147135	0.75836617
36.93599901	6.59264278	0.75836617
36.93999901	6.59264278	0.75836617
36.94399901	6.59264278	0.75836617
36.94799901	6.59264278	0.75836617
36.95199901	6.59264278	0.75836617
36.95599901	6.59264278	0.75836617
36.95999901	6.59264278	0.75836617
36.96399901	6.59264278	0.75836617
36.96799901	6.59264278	0.75836617
36.97199901	6.59264278	0.75836617
36.97599901	6.59264278	0.75836617
36.97999901	6.43147135	0.75836617
36.98399901	6.43147135	0.75836617
36.98799901	6.59264278	0.75836617
36.99199901	6.59264278	0.75836617
36.99599901	6.59264278	0.75836617
36.99999901	6.59264278	0.75836617
37.00399901	6.43147135	0.75836617
37.00799901	6.43147135	0.75836617
37.01199901	6.59264278	0.75836617
37.01599901	6.59264278	0.75836617
37.01999901	6.59264278	0.75836617
37.02399901	6.59264278	0.75836617
37.02799901	6.59264278	0.75836617
37.03199901	6.43147135	0.75836617
37.03599901	6.43147135	0.75836617
37.03999901	6.43147135	0.75836617
37.04399901	6.59264278	0.75836617
37.04799901	6.59264278	0.75836617
37.05199901	6.59264278	0.75836617
37.05599901	6.43147135	0.75836617
37.05999901	6.43147135	0.75836617
37.06399901	6.59264278	0.75836617
37.06799901	6.59264278	0.75836617
37.07199901	6.59264278	0.75836617
37.07599901	6.59264278	0.75836617
37.07999901	6.59264278	0.75836617
37.08399901	6.59264278	0.75836617
37.08799901	6.43147135	0.75836617
37.09199901	6.43147135	0.75836617
37.09599901	6.59264278	0.75836617
37.09999900	6.59264278	0.75836617
37.10399900	6.59264278	0.75836617
37.10799900	6.59264278	0.75836617
37.11199900	6.59264278	0.75836617
37.11599900	6.43147135	0.75836617
37.11999900	6.43147135	0.75836617
37.12399900	6.59264278	0.75836617
37.12799900	6.59264278	0.75836617
37.13199900	6.59264278	0.75836617
37.13599900	6.59264278	0.75836617
37.13999900	6.43147135	0.75836617
37.14399900	6.43147135	0.75836617
37.14799900	6.59264278	0.75836617
37.15199900	6.59264278	0.75836617
37.15599900	6.59264278	0.75836617
37.15999900	6.59264278	0.75836617
37.16399900	6.59264278	0.75836617
37.16799900	6.59264278	0.75836617
37.17199900	6.43147135	0.75836617
37.17599900	6.59264278	0.75836617
37.17999900	6.43147135	0.75836617
37.18399900	6.59264278	0.75836617
37.18799900	6.59264278	0.75836617
37.19199900	6.59264278	0.75836617
37.19599900	6.43147135	0.75836617
37.19999900	6.59264278	0.75836617
37.20399900	6.59264278	0.75836617
37.20799900	6.59264278	0.75836617
37.21199900	6.59264278	0.75836617
37.21599900	6.59264278	0.75836617
37.21999900	6.59264278	0.75836617
37.22399900	6.59264278	0.75836617
37.22799900	6.59264278	0.75836617
37.23199900	6.59264278	0.75836617
37.23599900	6.59264278	0.75836617
37.23999900	6.59264278	0.75836617
37.24399900	6.59264278	0.75836617
37.24799900	6.59264278	0.75836617
37.25199900	6.59264278	0.75836617
37.25599900	6.59264278	0.75836617
37.25999900	6.59264278	0.75836617
37.26399900	6.59264278	0.75836617
37.26799900	6.59264278	0.75836617
37.27199900	6.59264278	0.75836617
37.27599900	6.59264278	0.75836617
37.27999900	6.43147135	0.75836617
37.28399900	6.59264278	0.75836617
37.28799900	6.59264278	0.75836617
37.29199900	6.59264278	0.75836617
37.29599900	6.59264278	0.75836617
37.29999900	6.59264278	0.75836617
37.30399900	6.59264278	0.75836617
37.30799900	6.59264278	0.75836617
37.31199900	6.59264278	0.75836617
37.31599900	6.59264278	0.75836617
37.31999900	6.59264278	0.75836617
37.32399900	6.59264278	0.75836617
37.32799900	6.59264278	0.75836617
37.33199900	6.59264278	0.75836617
37.33599900	6.59264278	0.75836617
37.33999900	6.59264278	0.75836617
37.34399900	6.59264278	0.75836617
37.34799900	6.59264278	0.75836617
37.35199900	6.59264278	0.75836617
37.35599900	6.59264278	0.75836617
37.35999900	6.43147135	0.75836617
37.36399900	6.43147135	0.75836617
37.36799900	6.59264278	0.75836617
37.37199900	6.59264278	0.75836617
37.37599900	6.59264278	0.75836617
37.37999900	6.59264278	0.75836617
37.38399900	6.59264278	0.75836617
37.38799900	6.43147135	0.75836617
37.39199900	6.43147135	0.75836617
37.39599900	6.59264278	0.75836617
37.39999900	6.59264278	0.75836617
37.40399900	6.59264278	0.75836617
37.40799900	6.43147135	0.75836617
37.41199900	6.43147135	0.74255657
37.41599900	6.59264278	0.75836617
37.41999900	6.59264278	0.75836617
37.42399900	6.59264278	0.75836617
37.42799900	6.59264278	0.75836617
37.43199900	6.59264278	0.75836617
37.43599900	6.59264278	0.74255657
37.43999900	6.59264278	0.75836617
37.44399900	6.43147135	0.75836617
37.44799900	6.59264278	0.75836617
37.45199899	6.59264278	0.75836617
37.45599899	6.59264278	0.75836617
37.45999899	6.43147135	0.75836617
37.46399899	6.59264278	0.75836617
37.46799899	6.59264278	0.75836617
37.47199899	6.59264278	0.75836617
37.47599899	6.59264278	0.75836617
37.47999899	6.59264278	0.75836617
37.48399899	6.59264278	0.75836617
37.48799899	6.59264278	0.75836617
37.49199899	6.43147135	0.75836617
37.49599899	6.43147135	0.75836617
37.49999899	6.59264278	0.74255657
37.50399899	6.59264278	0.75836617
37.50799899	6.59264278	0.75836617
37.51199899	6.59264278	0.74255657
37.51599899	6.59264278	0.74255657
37.51999899	6.43147135	0.75836617
37.52399899	6.43147135	0.74255657
37.52799899	6.59264278	0.75836617
37.53199899	6.59264278	0.74255657
37.53599899	6.59264278	0.75836617
37.53999899	6.59264278	0.75836617
37.54399899	6.59264278	0.75836617
37.54799899	6.43147135	0.75836617
37.55199899	6.59264278	0.75836617
37.55599899	6.59264278	0.75836617
37.55999899	6.59264278	0.75836617
37.56399899	6.59264278	0.74255657
37.56799899	6.43147135	0.74255657
37.57199899	6.43147135	0.74255657
37.57599899	6.59264278	0.75836617
37.57999899	6.43147135	0.74255657
37.58399899	6.59264278	0.75836617
37.58799899	6.59264278	0.75836617
37.59199899	6.59264278	0.74255657
37.59599899	6.59264278	0.75836617
37.59999899	6.43147135	0.75836617
37.60399899	6.43147135	0.74255657
37.60799899	6.59264278	0.75836617
37.61199899	6.59264278	0.75836617
37.61599899	6.59264278	0.74255657
37.61999899	6.59264278	0.74255657
37.62399899	6.59264278	0.75836617
37.62799899	6.59264278	0.75836617
37.63199899	6.43147135	0.75836617
37.63599899	6.59264278	0.75836617
37.63999899	6.59264278	0.75836617
37.64399899	6.59264278	0.75836617
37.64799899	6.59264278	0.75836617
37.65199899	6.43147135	0.74255657
37.65599899	6.43147135	0.74255657
37.65999899	6.59264278	0.74255657
37.66399899	6.59264278	0.74255657
37.66799899	6.59264278	0.74255657
37.67199899	6.59264278	0.74255657
37.67599899	6.59264278	0.75836617
37.67999899	6.59264278	0.75836617
37.68399899	6.59264278	0.75836617
37.68799899	6.59264278	0.75836617
37.69199899	6.59264278	0.74255657
37.69599899	6.59264278	0.74255657
37.69999899	6.43147135	0.74255657
37.70399899	6.43147135	0.74255657
37.70799899	6.59264278	0.74255657
37.71199899	6.59264278	0.74255657
37.71599899	6.59264278	0.75836617
37.71999899	6.59264278	0.74255657
37.72399899	6.59264278	0.74255657
37.72799899	6.59264278	0.74255657
37.73199899	6.59264278	0.74255657
37.73599899	6.59264278	0.74255657
37.73999899	6.59264278	0.74255657
37.74399899	6.59264278	0.75836617
37.74799899	6.59264278	0.75836617
37.75199899	6.59264278	0.75836617
37.75599899	6.43147135	0.74255657
37.75999899	6.59264278	0.74255657
37.76399899	6.59264278	0.74255657
37.76799899	6.59264278	0.75836617
37.77199899	6.59264278	0.74255657
37.77599899	6.59264278	0.75836617
37.77999899	6.59264278	0.75836617
37.78399899	6.43147135	0.75836617
37.78799899	6.43147135	0.74255657
37.79199899	6.59264278	0.74255657
37.79599899	6.59264278	0.74255657
37.79999899	6.59264278	0.75836617
37.80399899	6.59264278	0.74255657
37.80799898	6.43147135	0.74255657
37.81199898	6.43147135	0.74255657
37.81599898	6.59264278	0.75836617
37.81999898	6.59264278	0.74255657
37.82399898	6.59264278	0.74255657
37.82799898	6.59264278	0.74255657
37.83199898	6.59264278	0.75836617
37.83599898	6.43147135	0.74255657
37.83999898	6.43147135	0.74255657
37.84399898	6.59264278	0.74255657
37.84799898	6.59264278	0.75836617
37.85199898	6.59264278	0.74255657
37.85599898	6.59264278	0.74255657
37.85999898	6.43147135	0.74255657
37.86399898	6.59264278	0.74255657
37.86799898	6.59264278	0.74255657
37.87199898	6.59264278	0.75836617
37.87599898	6.59264278	0.75836617
37.87999898	6.59264278	0.74255657
37.88399898	6.59264278	0.74255657
37.88799898	6.59264278	0.74255657
37.89199898	6.43147135	0.74255657
37.89599898	6.59264278	0.74255657
37.89999898	6.59264278	0.74255657
37.90399898	6.59264278	0.75836617
37.90799898	6.59264278	0.74255657
37.91199898	6.59264278	0.74255657
37.91599898	6.59264278	0.74255657
37.91999898	6.59264278	0.74255657
37.92399898	6.59264278	0.74255657
37.92799898	6.59264278	0.74255657
37.93199898	6.59264278	0.74255657
37.93599898	6.59264278	0.74255657
37.93999898	6.59264278	0.74255657
37.94399898	6.59264278	0.74255657
37.94799898	6.59264278	0.74255657
37.95199898	6.59264278	0.74255657
37.95599898	6.59264278	0.75836617
37.95999898	6.59264278	0.74255657
37.96399898	6.59264278	0.74255657
37.96799898	6.59264278	0.75836617
37.97199898	6.43147135	0.74255657
37.97599898	6.59264278	0.74255657
37.97999898	6.59264278	0.74255657
37.98399898	6.75319862	0.74255657
37.98799898	6.59264278	0.74255657
37.99199898	6.59264278	0.74255657
37.99599898	6.59264278	0.74255657
37.99999898	6.59264278	0.74255657
38.00399898	6.59264278	0.74255657
38.00799898	6.59264278	0.74255657
38.01199898	6.59264278	0.74255657
38.01599898	6.59264278	0.74255657
38.01999898	6.59264278	0.74255657
38.02399898	6.59264278	0.74255657
38.02799898	6.59264278	0.74255657
38.03199898	6.59264278	0.74255657
38.03599898	6.59264278	0.74255657
38.03999898	6.59264278	0.74255657
38.04399898	6.59264278	0.74255657
38.04799898	6.59264278	0.74255657
38.05199898	6.59264278	0.74255657
38.05599898	6.59264278	0.74255657
38.05999898	6.59264278	0.74255657
38.06399898	6.59264278	0.74255657
38.06799898	6.59264278	0.74255657
38.07199898	6.59264278	0.74255657
38.07599898	6.59264278	0.74255657
38.07999898	6.59264278	0.74255657
38.08399898	6.59264278	0.74255657
38.08799898	6.59264278	0.74255657
38.09199898	6.59264278	0.74255657
38.09599898	6.59264278	0.74255657
38.09999898	6.59264278	0.74255657
38.10399898	6.75319862	0.74255657
38.10799898	6.59264278	0.74255657
38.11199898	6.59264278	0.74255657
38.11599898	6.59264278	0.74255657
38.11999898	6.59264278	0.74255657
38.12399898	6.59264278	0.74255657
38.12799898	6.59264278	0.74255657
38.13199898	6.59264278	0.74255657
38.13599898	6.59264278	0.74255657
38.13999898	6.59264278	0.74255657
38.14399898	6.59264278	0.74255657
38.14799898	6.59264278	0.74255657
38.15199898	6.59264278	0.74255657
38.15599898	6.59264278	0.74255657
38.15999897	6.59264278	0.74255657
38.16399897	6.59264278	0.74255657
38.16799897	6.59264278	0.74255657
38.17199897	6.59264278	0.74255657
38.17599897	6.59264278	0.74255657
38.17999897	6.59264278	0.74255657
38.18399897	6.59264278	0.74255657
38.18799897	6.75319862	0.74255657
38.19199897	6.59264278	0.74255657
38.19599897	6.59264278	0.74255657
38.19999897	6.59264278	0.74255657
38.20399897	6.59264278	0.74255657
38.20799897	6.59264278	0.74255657
38.21199897	6.59264278	0.74255657
38.21599897	6.59264278	0.74255657
38.21999897	6.59264278	0.74255657
38.22399897	6.59264278	0.74255657
38.22799897	6.59264278	0.74255657
38.23199897	6.59264278	0.74255657
38.23599897	6.59264278	0.74255657
38.23999897	6.59264278	0.74255657
38.24399897	6.75319862	0.74255657
38.24799897	6.59264278	0.74255657
38.25199897	6.59264278	0.74255657
38.25599897	6.43147135	0.74255657
38.25999897	6.59264278	0.74255657
38.26399897	6.59264278	0.74255657
38.26799897	6.59264278	0.74255657
38.27199897	6.59264278	0.74255657
38.27599897	6.59264278	0.74255657
38.27999897	6.59264278	0.74255657
38.28399897	6.59264278	0.74255657
38.28799897	6.59264278	0.74255657
38.29199897	6.59264278	0.74255657
38.29599897	6.59264278	0.74255657
38.29999897	6.59264278	0.74255657
38.30399897	6.59264278	0.74255657
38.30799897	6.59264278	0.74255657
38.31199897	6.59264278	0.74255657
38.31599897	6.59264278	0.74255657
38.31999897	6.59264278	0.74255657
38.32399897	6.59264278	0.74255657
38.32799897	6.59264278	0.74255657
38.33199897	6.59264278	0.74255657
38.33599897	6.59264278	0.74255657
38.33999897	6.59264278	0.74255657
38.34399897	6.59264278	0.74255657
38.34799897	6.59264278	0.74255657
38.35199897	6.59264278	0.74255657
38.35599897	6.59264278	0.74255657
38.35999897	6.59264278	0.74255657
38.36399897	6.59264278	0.74255657
38.36799897	6.59264278	0.74255657
38.37199897	6.59264278	0.74255657
38.37599897	6.59264278	0.74255657
38.37999897	6.59264278	0.74255657
38.38399897	6.59264278	0.74255657
38.38799897	6.43147135	0.74255657
38.39199897	6.59264278	0.74255657
38.39599897	6.59264278	0.74255657
38.39999897	6.59264278	0.74255657
38.40399897	6.59264278	0.74255657
38.40799897	6.59264278	0.74255657
38.41199897	6.59264278	0.74255657
38.41599897	6.59264278	0.74255657
38.41999897	6.59264278	0.74255657
38.42399897	6.59264278	0.74255657
38.42799897	6.59264278	0.74255657
38.43199897	6.59264278	0.74255657
38.43599897	6.59264278	0.74255657
38.43999897	6.59264278	0.74255657
38.44399897	6.59264278	0.74255657
38.44799897	6.43147135	0.74255657
38.45199897	6.43147135	0.74255657
38.45599897	6.59264278	0.74255657
38.45999897	6.59264278	0.74255657
38.46399897	6.59264278	0.74255657
38.46799897	6.59264278	0.74255657
38.47199897	6.43147135	0.74255657
38.47599897	6.43147135	0.74255657
38.47999897	6.59264278	0.74255657
38.48399897	6.59264278	0.74255657
38.48799897	6.59264278	0.74255657
38.49199897	6.43147135	0.74255657
38.49599897	6.59264278	0.74255657
38.49999897	6.59264278	0.74255657
38.50399897	6.59264278	0.74255657
38.50799897	6.59264278	0.74255657
38.51199896	6.59264278	0.74255657
38.51599896	6.59264278	0.74255657
38.51999896	6.59264278	0.74255657
38.52399896	6.43147135	0.74255657
38.52799896	6.59264278	0.74255657
38.53199896	6.59264278	0.74255657
38.53599896	6.59264278	0.74255657
38.53999896	6.43147135	0.74255657
38.54399896	6.43147135	0.74255657
38.54799896	6.59264278	0.74255657
38.55199896	6.59264278	0.74255657
38.55599896	6.59264278	0.74255657
38.55999896	6.43147135	0.74255657
38.56399896	6.59264278	0.74255657
38.56799896	6.59264278	0.74255657
38.57199896	6.59264278	0.74255657
38.57599896	6.59264278	0.74255657
38.57999896	6.43147135	0.74255657
38.58399896	6.59264278	0.74255657
38.58799896	6.59264278	0.74255657
38.59199896	6.59264278	0.74255657
38.59599896	6.43147135	0.74255657
38.59999896	6.59264278	0.74255657
38.60399896	6.59264278	0.74255657
38.60799896	6.59264278	0.74255657
38.61199896	6.43147135	0.74255657
38.61599896	6.59264278	0.74255657
38.61999896	6.59264278	0.74255657
38.62399896	6.59264278	0.74255657
38.62799896	6.59264278	0.74255657
38.63199896	6.59264278	0.74255657
38.63599896	6.59264278	0.74255657
38.63999896	6.59264278	0.74255657
38.64399896	6.43147135	0.74255657
38.64799896	6.59264278	0.74255657
38.65199896	6.59264278	0.74255657
38.65599896	6.59264278	0.74255657
38.65999896	6.59264278	0.74255657
38.66399896	6.59264278	0.74255657
38.66799896	6.43147135	0.74255657
38.67199896	6.59264278	0.74255657
38.67599896	6.59264278	0.74255657
38.67999896	6.59264278	0.74255657
38.68399896	6.59264278	0.74255657
38.68799896	6.59264278	0.74255657
38.69199896	6.59264278	0.74255657
38.69599896	6.59264278	0.74255657
38.69999896	6.59264278	0.74255657
38.70399896	6.59264278	0.74255657
38.70799896	6.59264278	0.74255657
38.71199896	6.59264278	0.74255657
38.71599896	6.59264278	0.74255657
38.71999896	6.59264278	0.74255657
38.72399896	6.59264278	0.74255657
38.72799896	6.59264278	0.74255657
38.73199896	6.59264278	0.74255657
38.73599896	6.59264278	0.74255657
38.73999896	6.59264278	0.74255657
38.74399896	6.59264278	0.74255657
38.74799896	6.59264278	0.74255657
38.75199896	6.59264278	0.74255657
38.75599896	6.59264278	0.74255657
38.75999896	6.59264278	0.74255657
38.76399896	6.59264278	0.74255657
38.76799896	6.59264278	0.74255657
38.77199896	6.59264278	0.74255657
38.77599896	6.59264278	0.74255657
38.77999896	6.59264278	0.74255657
38.78399896	6.59264278	0.74255657
38.78799896	6.59264278	0.74255657
38.79199896	6.59264278	0.74255657
38.79599896	6.59264278	0.74255657
38.79999896	6.59264278	0.74255657
38.80399896	6.59264278	0.74255657
38.80799896	6.75319862	0.74255657
38.81199896	6.59264278	0.74255657
38.81599896	6.59264278	0.74255657
38.81999896	6.59264278	0.74255657
38.82399896	6.59264278	0.74255657
38.82799896	6.59264278	0.74255657
38.83199896	6.59264278	0.74255657
38.83599896	6.59264278	0.74255657
38.83999896	6.59264278	0.74255657
38.84399896	6.59264278	0.74255657
38.84799896	6.59264278	0.74255657
38.85199896	6.59264278	0.74255657
38.85599896	6.59264278	0.74255657
38.85999896	6.59264278	0.74255657
38.86399896	6.59264278	0.74255657
38.86799895	6.59264278	0.74255657
38.87199895	6.59264278	0.74255657
38.87599895	6.59264278	0.74255657
38.87999895	6.59264278	0.74255657
38.88399895	6.59264278	0.74255657
38.88799895	6.75319862	0.74255657
38.89199895	6.59264278	0.74255657
38.89599895	6.59264278	0.74255657
38.89999895	6.59264278	0.72674704
38.90399895	6.75319862	0.74255657
38.90799895	6.59264278	0.74255657
38.91199895	6.59264278	0.74255657
38.91599895	6.59264278	0.74255657
38.91999895	6.59264278	0.74255657
38.92399895	6.59264278	0.74255657
38.92799895	6.75319862	0.74255657
38.93199895	6.75319862	0.74255657
38.93599895	6.75319862	0.74255657
38.93999895	6.59264278	0.74255657
38.94399895	6.59264278	0.74255657
38.94799895	6.59264278	0.74255657
38.95199895	6.59264278	0.74255657
38.95599895	6.59264278	0.72674704
38.95999895	6.75319862	0.74255657
38.96399895	6.59264278	0.74255657
38.96799895	6.59264278	0.74255657
38.97199895	6.59264278	0.72674704
38.97599895	6.59264278	0.74255657
38.97999895	6.75319862	0.74255657
38.98399895	6.59264278	0.74255657
38.98799895	6.59264278	0.74255657
38.99199895	6.75319862	0.74255657
38.99599895	6.59264278	0.74255657
38.99999895	6.59264278	0.72674704
39.00399895	6.59264278	0.72674704
39.00799895	6.59264278	0.74255657
39.01199895	6.75319862	0.74255657
39.01599895	6.75319862	0.74255657
39.01999895	6.59264278	0.74255657
39.02399895	6.59264278	0.74255657
39.02799895	6.59264278	0.74255657
39.03199895	6.75319862	0.72674704
39.03599895	6.59264278	0.74255657
39.03999895	6.59264278	0.74255657
39.04399895	6.75319862	0.72674704
39.04799895	6.75319862	0.74255657
39.05199895	6.75319862	0.74255657
39.05599895	6.59264278	0.74255657
39.05999895	6.59264278	0.72674704
39.06399895	6.59264278	0.74255657
39.06799895	6.59264278	0.72674704
39.07199895	6.59264278	0.74255657
39.07599895	6.59264278	0.74255657
39.07999895	6.59264278	0.74255657
39.08399895	6.59264278	0.72674704
39.08799895	6.59264278	0.74255657
39.09199895	6.59264278	0.74255657
39.09599895	6.75319862	0.72674704
39.09999895	6.75319862	0.74255657
39.10399895	6.59264278	0.74255657
39.10799895	6.59264278	0.72674704
39.11199895	6.59264278	0.74255657
39.11599895	6.59264278	0.74255657
39.11999895	6.75319862	0.72674704
39.12399895	6.75319862	0.74255657
39.12799895	6.75319862	0.74255657
39.13199895	6.59264278	0.72674704
39.13599895	6.59264278	0.74255657
39.13999895	6.59264278	0.74255657
39.14399895	6.59264278	0.74255657
39.14799895	6.75319862	0.72674704
39.15199895	6.75319862	0.74255657
39.15599895	6.59264278	0.72674704
39.15999895	6.59264278	0.74255657
39.16399895	6.59264278	0.72674704
39.16799895	6.59264278	0.72674704
39.17199895	6.59264278	0.74255657
39.17599895	6.75319862	0.74255657
39.17999895	6.75319862	0.74255657
39.18399895	6.59264278	0.72674704
39.18799895	6.59264278	0.72674704
39.19199895	6.59264278	0.72674704
39.19599895	6.59264278	0.72674704
39.19999895	6.75319862	0.74255657
39.20399895	6.59264278	0.74255657
39.20799895	6.59264278	0.74255657
39.21199895	6.75319862	0.72674704
39.21599895	6.59264278	0.72674704
39.21999894	6.59264278	0.72674704
39.22399894	6.59264278	0.74255657
39.22799894	6.75319862	0.72674704
39.23199894	6.75319862	0.74255657
39.23599894	6.59264278	0.72674704
39.23999894	6.59264278	0.72674704
39.24399894	6.59264278	0.72674704
39.24799894	6.75319862	0.74255657
39.25199894	6.75319862	0.72674704
39.25599894	6.59264278	0.72674704
39.25999894	6.59264278	0.72674704
39.26399894	6.59264278	0.72674704
39.26799894	6.75319862	0.72674704
39.27199894	6.59264278	0.72674704
39.27599894	6.59264278	0.72674704
39.27999894	6.59264278	0.72674704
39.28399894	6.75319862	0.72674704
39.28799894	6.59264278	0.74255657
39.29199894	6.59264278	0.72674704
39.29599894	6.59264278	0.72674704
39.29999894	6.59264278	0.72674704
39.30399894	6.75319862	0.74255657
39.30799894	6.59264278	0.72674704
39.31199894	6.59264278	0.72674704
39.31599894	6.59264278	0.72674704
39.31999894	6.59264278	0.74255657
39.32399894	6.59264278	0.72674704
39.32799894	6.59264278	0.72674704
39.33199894	6.59264278	0.74255657
39.33599894	6.75319862	0.74255657
39.33999894	6.59264278	0.72674704
39.34399894	6.59264278	0.72674704
39.34799894	6.59264278	0.72674704
39.35199894	6.59264278	0.72674704
39.35599894	6.59264278	0.72674704
39.35999894	6.59264278	0.72674704
39.36399894	6.59264278	0.72674704
39.36799894	6.59264278	0.72674704
39.37199894	6.59264278	0.72674704
39.37599894	6.59264278	0.72674704
39.37999894	6.59264278	0.72674704
39.38399894	6.59264278	0.74255657
39.38799894	6.75319862	0.72674704
39.39199894	6.59264278	0.72674704
39.39599894	6.59264278	0.72674704
39.39999894	6.59264278	0.72674704
39.40399894	6.59264278	0.72674704
39.40799894	6.59264278	0.72674704
39.41199894	6.59264278	0.72674704
39.41599894	6.59264278	0.72674704
39.41999894	6.59264278	0.72674704
39.42399894	6.59264278	0.72674704
39.42799894	6.59264278	0.72674704
39.43199894	6.59264278	0.72674704
39.43599894	6.59264278	0.72674704
39.43999894	6.59264278	0.74255657
39.44399894	6.59264278	0.72674704
39.44799894	6.59264278	0.72674704
39.45199894	6.59264278	0.72674704
39.45599894	6.59264278	0.72674704
39.45999894	6.59264278	0.72674704
39.46399894	6.59264278	0.72674704
39.46799894	6.59264278	0.72674704
39.47199894	6.75319862	0.72674704
39.47599894	6.59264278	0.72674704
39.47999894	6.59264278	0.72674704
39.48399894	6.59264278	0.72674704
39.48799894	6.59264278	0.72674704
39.49199894	6.59264278	0.72674704
39.49599894	6.59264278	0.72674704
39.49999894	6.59264278	0.72674704
39.50399894	6.59264278	0.72674704
39.50799894	6.59264278	0.72674704
39.51199894	6.59264278	0.72674704
39.51599894	6.59264278	0.72674704
39.51999894	6.59264278	0.72674704
39.52399894	6.59264278	0.72674704
39.52799894	6.75319862	0.72674704
39.53199894	6.59264278	0.72674704
39.53599894	6.59264278	0.72674704
39.53999894	6.59264278	0.72674704
39.54399894	6.59264278	0.72674704
39.54799894	6.59264278	0.72674704
39.55199894	6.75319862	0.72674704
39.55599894	6.75319862	0.72674704
39.55999894	6.59264278	0.72674704
39.56399894	6.59264278	0.72674704
39.56799894	6.59264278	0.72674704
39.57199894	6.59264278	0.72674704
39.57599893	6.75319862	0.72674704
39.57999893	6.75319862	0.72674704
39.58399893	6.59264278	0.72674704
39.58799893	6.59264278	0.72674704
39.59199893	6.59264278	0.72674704
39.59599893	6.59264278	0.72674704
39.59999893	6.59264278	0.72674704
39.60399893	6.75319862	0.72674704
39.60799893	6.75319862	0.72674704
39.61199893	6.59264278	0.72674704
39.61599893	6.59264278	0.72674704
39.61999893	6.59264278	0.72674704
39.62399893	6.59264278	0.72674704
39.62799893	6.59264278	0.72674704
39.63199893	6.75319862	0.72674704
39.63599893	6.75319862	0.72674704
39.63999893	6.75319862	0.72674704
39.64399893	6.59264278	0.72674704
39.64799893	6.59264278	0.72674704
39.65199893	6.59264278	0.72674704
39.65599893	6.59264278	0.72674704
39.65999893	6.75319862	0.72674704
39.66399893	6.75319862	0.72674704
39.66799893	6.75319862	0.72674704
39.67199893	6.59264278	0.72674704
39.67599893	6.59264278	0.72674704
39.67999893	6.59264278	0.72674704
39.68399893	6.75319862	0.72674704
39.68799893	6.75319862	0.72674704
39.69199893	6.75319862	0.72674704
39.69599893	6.75319862	0.72674704
39.69999893	6.59264278	0.72674704
39.70399893	6.59264278	0.72674704
39.70799893	6.75319862	0.72674704
39.71199893	6.75319862	0.72674704
39.71599893	6.75319862	0.72674704
39.71999893	6.59264278	0.72674704
39.72399893	6.59264278	0.72674704
39.72799893	6.59264278	0.72674704
39.73199893	6.59264278	0.72674704
39.73599893	6.75319862	0.72674704
39.73999893	6.75319862	0.72674704
39.74399893	6.75319862	0.72674704
39.74799893	6.75319862	0.72674704
39.75199893	6.59264278	0.72674704
39.75599893	6.59264278	0.72674704
39.75999893	6.75319862	0.72674704
39.76399893	6.75319862	0.72674704
39.76799893	6.75319862	0.72674704
39.77199893	6.75319862	0.72674704
39.77599893	6.59264278	0.72674704
39.77999893	6.75319862	0.72674704
39.78399893	6.59264278	0.72674704
39.78799893	6.59264278	0.72674704
39.79199893	6.75319862	0.72674704
39.79599893	6.75319862	0.72674704
39.79999893	6.75319862	0.72674704
39.80399893	6.59264278	0.72674704
39.80799893	6.59264278	0.72674704
39.81199893	6.59264278	0.72674704
39.81599893	6.75319862	0.72674704
39.81999893	6.75319862	0.72674704
39.82399893	6.75319862	0.72674704
39.82799893	6.59264278	0.72674704
39.83199893	6.59264278	0.72674704
39.83599893	6.59264278	0.72674704
39.83999893	6.75319862	0.72674704
39.84399893	6.75319862	0.72674704
39.84799893	6.75319862	0.72674704
39.85199893	6.75319862	0.72674704
39.85599893	6.59264278	0.72674704
39.85999893	6.59264278	0.72674704
39.86399893	6.59264278	0.72674704
39.86799893	6.75319862	0.72674704
39.87199893	6.75319862	0.72674704
39.87599893	6.75319862	0.72674704
39.87999893	6.75319862	0.72674704
39.88399893	6.59264278	0.72674704
39.88799893	6.75319862	0.72674704
39.89199893	6.59264278	0.72674704
39.89599893	6.75319862	0.72674704
39.89999893	6.75319862	0.72674704
39.90399893	6.75319862	0.72674704
39.90799893	6.75319862	0.72674704
39.91199893	6.75319862	0.72674704
39.91599893	6.59264278	0.72674704
39.91999893	6.75319862	0.72674704
39.92399893	6.75319862	0.72674704
39.92799892	6.75319862	0.72674704
39.93199892	6.75319862	0.72674704
39.93599892	6.75319862	0.72674704
39.93999892	6.59264278	0.72674704
39.94399892	6.75319862	0.72674704
39.94799892	6.75319862	0.72674704
39.95199892	6.75319862	0.72674704
39.95599892	6.75319862	0.72674704
39.95999892	6.75319862	0.72674704
39.96399892	6.75319862	0.72674704
39.96799892	6.75319862	0.72674704
39.97199892	6.75319862	0.72674704
39.97599892	6.75319862	0.72674704
39.97999892	6.75319862	0.72674704
39.98399892	6.75319862	0.72674704
39.98799892	6.75319862	0.72674704
39.99199892	6.75319862	0.72674704
39.99599892	6.59264278	0.72674704
39.99999892	6.75319862	0.72674704
40.00399892	6.75319862	0.72674704
40.00799892	6.75319862	0.72674704
40.01199892	6.75319862	0.72674704
40.01599892	6.59264278	0.72674704
40.01999892	6.75319862	0.72674704
40.02399892	6.75319862	0.72674704
40.02799892	6.75319862	0.72674704
40.03199892	6.75319862	0.72674704
40.03599892	6.75319862	0.72674704
40.03999892	6.75319862	0.72674704
40.04399892	6.75319862	0.72674704
40.04799892	6.59264278	0.72674704
40.05199892	6.59264278	0.72674704
40.05599892	6.75319862	0.72674704
40.05999892	6.75319862	0.72674704
40.06399892	6.75319862	0.72674704
40.06799892	6.59264278	0.72674704
40.07199892	6.59264278	0.72674704
40.07599892	6.59264278	0.72674704
40.07999892	6.75319862	0.72674704
40.08399892	6.75319862	0.72674704
40.08799892	6.75319862	0.72674704
40.09199892	6.75319862	0.72674704
40.09599892	6.75319862	0.72674704
40.09999892	6.59264278	0.72674704
40.10399892	6.59264278	0.72674704
40.10799892	6.59264278	0.72674704
40.11199892	6.75319862	0.72674704
40.11599892	6.75319862	0.72674704
40.11999892	6.75319862	0.72674704
40.12399892	6.59264278	0.72674704
40.12799892	6.59264278	0.72674704
40.13199892	6.59264278	0.72674704
40.13599892	6.59264278	0.72674704
40.13999892	6.75319862	0.72674704
40.14399892	6.75319862	0.72674704
40.14799892	6.75319862	0.72674704
40.15199892	6.59264278	0.72674704
40.15599892	6.59264278	0.72674704
40.15999892	6.59264278	0.72674704
40.16399892	6.59264278	0.72674704
40.16799892	6.75319862	0.72674704
40.17199892	6.75319862	0.72674704
40.17599892	6.59264278	0.72674704
40.17999892	6.59264278	0.72674704
40.18399892	6.75319862	0.72674704
40.18799892	6.59264278	0.72674704
40.19199892	6.59264278	0.72674704
40.19599892	6.59264278	0.72674704
40.19999892	6.75319862	0.72674704
40.20399892	6.59264278	0.72674704
40.20799892	6.59264278	0.72674704
40.21199892	6.59264278	0.72674704
40.21599892	6.59264278	0.72674704
40.21999892	6.59264278	0.72674704
40.22399892	6.59264278	0.72674704
40.22799892	6.59264278	0.72674704
40.23199892	6.75319862	0.72674704
40.23599892	6.75319862	0.72674704
40.23999892	6.59264278	0.72674704
40.24399892	6.59264278	0.72674704
40.24799892	6.59264278	0.72674704
40.25199892	6.75319862	0.72674704
40.25599892	6.75319862	0.72674704
40.25999892	6.59264278	0.72674704
40.26399892	6.59264278	0.72674704
40.26799892	6.59264278	0.72674704
40.27199892	6.59264278	0.72674704
40.27599892	6.59264278	0.72674704
40.27999891	6.75319862	0.72674704
40.28399891	6.59264278	0.72674704
40.28799891	6.59264278	0.72674704
40.29199891	6.59264278	0.72674704
40.29599891	6.59264278	0.72674704
40.29999891	6.75319862	0.72674704
40.30399891	6.75319862	0.72674704
40.30799891	6.59264278	0.72674704
40.31199891	6.59264278	0.72674704
40.31599891	6.59264278	0.72674704
40.31999891	6.59264278	0.72674704
40.32399891	6.59264278	0.72674704
40.32799891	6.75319862	0.72674704
40.33199891	6.59264278	0.72674704
40.33599891	6.75319862	0.72674704
40.33999891	6.59264278	0.72674704
40.34399891	6.59264278	0.72674704
40.34799891	6.59264278	0.72674704
40.35199891	6.59264278	0.72674704
40.35599891	6.75319862	0.72674704
40.35999891	6.75319862	0.72674704
40.36399891	6.59264278	0.72674704
40.36799891	6.59264278	0.72674704
40.37199891	6.59264278	0.71093750
40.37599891	6.59264278	0.72674704
40.37999891	6.59264278	0.72674704
40.38399891	6.59264278	0.72674704
40.38799891	6.59264278	0.72674704
40.39199891	6.59264278	0.72674704
40.39599891	6.75319862	0.72674704
40.39999891	6.75319862	0.72674704
40.40399891	6.59264278	0.72674704
40.40799891	6.59264278	0.72674704
40.41199891	6.59264278	0.72674704
40.41599891	6.75319862	0.72674704
40.41999891	6.59264278	0.72674704
40.42399891	6.59264278	0.72674704
40.42799891	6.59264278	0.72674704
40.43199891	6.59264278	0.72674704
40.43599891	6.59264278	0.72674704
40.43999891	6.59264278	0.72674704
40.44399891	6.75319862	0.72674704
40.44799891	6.59264278	0.72674704
40.45199891	6.59264278	0.72674704
40.45599891	6.59264278	0.72674704
40.45999891	6.59264278	0.72674704
40.46399891	6.59264278	0.72674704
40.46799891	6.59264278	0.72674704
40.47199891	6.59264278	0.72674704
40.47599891	6.59264278	0.72674704
40.47999891	6.59264278	0.72674704
40.48399891	6.59264278	0.72674704
40.48799891	6.59264278	0.72674704
40.49199891	6.59264278	0.71093750
40.49599891	6.59264278	0.72674704
40.49999891	6.59264278	0.71093750
40.50399891	6.59264278	0.72674704
40.50799891	6.59264278	0.72674704
40.51199891	6.59264278	0.72674704
40.51599891	6.59264278	0.72674704
40.51999891	6.59264278	0.72674704
40.52399891	6.59264278	0.72674704
40.52799891	6.59264278	0.72674704
40.53199891	6.59264278	0.72674704
40.53599891	6.59264278	0.72674704
40.53999891	6.59264278	0.72674704
40.54399891	6.59264278	0.72674704
40.54799891	6.59264278	0.72674704
40.55199891	6.59264278	0.72674704
40.55599891	6.59264278	0.72674704
40.55999891	6.59264278	0.72674704
40.56399891	6.75319862	0.72674704
40.56799891	6.75319862	0.72674704
40.57199891	6.59264278	0.72674704
40.57599891	6.59264278	0.72674704
40.57999891	6.59264278	0.71093750
40.58399891	6.59264278	0.72674704
40.58799891	6.59264278	0.72674704
40.59199891	6.59264278	0.72674704
40.59599891	6.75319862	0.72674704
40.59999891	6.75319862	0.72674704
40.60399891	6.59264278	0.72674704
40.60799891	6.59264278	0.72674704
40.61199891	6.59264278	0.71093750
40.61599891	6.75319862	0.71093750
40.61999891	6.75319862	0.72674704
40.62399891	6.75319862	0.72674704
40.62799891	6.59264278	0.71093750
40.63199891	6.59264278	0.71093750
40.63599890	6.59264278	0.71093750
40.63999890	6.59264278	0.72674704
40.64399890	6.75319862	0.72674704
40.64799890	6.75319862	0.72674704
40.65199890	6.75319862	0.72674704
40.65599890	6.59264278	0.72674704
40.65999890	6.59264278	0.71093750
40.66399890	6.59264278	0.72674704
40.66799890	6.75319862	0.72674704
40.67199890	6.75319862	0.72674704
40.67599890	6.75319862	0.72674704
40.67999890	6.59264278	0.72674704
40.68399890	6.59264278	0.71093750
40.68799890	6.59264278	0.71093750
40.69199890	6.59264278	0.71093750
40.69599890	6.75319862	0.72674704
40.69999890	6.75319862	0.72674704
40.70399890	6.59264278	0.72674704
40.70799890	6.59264278	0.71093750
40.71199890	6.59264278	0.71093750
40.71599890	6.59264278	0.72674704
40.71999890	6.59264278	0.72674704
40.72399890	6.59264278	0.71093750
40.72799890	6.59264278	0.72674704
40.73199890	6.59264278	0.71093750
40.73599890	6.59264278	0.71093750
40.73999890	6.59264278	0.71093750
40.74399890	6.59264278	0.72674704
40.74799890	6.59264278	0.71093750
40.75199890	6.75319862	0.72674704
40.75599890	6.75319862	0.72674704
40.75999890	6.75319862	0.72674704
40.76399890	6.59264278	0.71093750
40.76799890	6.59264278	0.71093750
40.77199890	6.59264278	0.71093750
40.77599890	6.75319862	0.71093750
40.77999890	6.59264278	0.71093750
40.78399890	6.59264278	0.71093750
40.78799890	6.59264278	0.71093750
40.79199890	6.59264278	0.71093750
40.79599890	6.59264278	0.71093750
40.79999890	6.59264278	0.71093750
40.80399890	6.59264278	0.71093750
40.80799890	6.59264278	0.71093750
40.81199890	6.59264278	0.71093750
40.81599890	6.59264278	0.71093750
40.81999890	6.75319862	0.71093750
40.82399890	6.59264278	0.72674704
40.82799890	6.59264278	0.71093750
40.83199890	6.59264278	0.72674704
40.83599890	6.59264278	0.71093750
40.83999890	6.59264278	0.71093750
40.84399890	6.59264278	0.71093750
40.84799890	6.59264278	0.71093750
40.85199890	6.59264278	0.71093750
40.85599890	6.75319862	0.72674704
40.85999890	6.59264278	0.71093750
40.86399890	6.59264278	0.71093750
40.86799890	6.59264278	0.71093750
40.87199890	6.59264278	0.71093750
40.87599890	6.59264278	0.71093750
40.87999890	6.59264278	0.71093750
40.88399890	6.59264278	0.71093750
40.88799890	6.75319862	0.72674704
40.89199890	6.59264278	0.71093750
40.89599890	6.59264278	0.71093750
40.89999890	6.59264278	0.71093750
40.90399890	6.59264278	0.71093750
40.90799890	6.75319862	0.71093750
40.91199890	6.59264278	0.71093750
40.91599890	6.59264278	0.71093750
40.91999890	6.59264278	0.71093750
40.92399890	6.75319862	0.71093750
40.92799890	6.59264278	0.71093750
40.93199890	6.59264278	0.71093750
40.93599890	6.75319862	0.71093750
40.93999890	6.75319862	0.72674704
40.94399890	6.75319862	0.71093750
40.94799890	6.59264278	0.71093750
40.95199890	6.59264278	0.71093750
40.95599890	6.59264278	0.71093750
40.95999890	6.75319862	0.71093750
40.96399890	6.59264278	0.71093750
40.96799890	6.59264278	0.71093750
40.97199890	6.59264278	0.71093750
40.97599890	6.59264278	0.71093750
40.97999890	6.59264278	0.71093750
40.98399890	6.59264278	0.71093750
40.98799889	6.59264278	0.71093750
40.99199889	6.75319862	0.71093750
40.99599889	6.75319862	0.71093750
40.99999889	6.59264278	0.71093750
41.00399889	6.59264278	0.71093750
41.00799889	6.59264278	0.71093750
41.01199889	6.59264278	0.71093750
41.01599889	6.59264278	0.71093750
41.01999889	6.59264278	0.71093750
41.02399889	6.59264278	0.71093750
41.02799889	6.75319862	0.71093750
41.03199889	6.59264278	0.71093750
41.03599889	6.59264278	0.71093750
41.03999889	6.59264278	0.71093750
41.04399889	6.75319862	0.71093750
41.04799889	6.75319862	0.71093750
41.05199889	6.59264278	0.71093750
41.05599889	6.59264278	0.71093750
41.05999889	6.59264278	0.71093750
41.06399889	6.59264278	0.71093750
41.06799889	6.59264278	0.71093750
41.07199889	6.75319862	0.71093750
41.07599889	6.75319862	0.71093750
41.07999889	6.75319862	0.71093750
41.08399889	6.59264278	0.71093750
41.08799889	6.59264278	0.71093750
41.09199889	6.59264278	0.71093750
41.09599889	6.75319862	0.71093750
41.09999889	6.75319862	0.71093750
41.10399889	6.75319862	0.71093750
41.10799889	6.59264278	0.71093750
41.11199889	6.75319862	0.71093750
41.11599889	6.59264278	0.71093750
41.11999889	6.59264278	0.71093750
41.12399889	6.59264278	0.71093750
41.12799889	6.75319862	0.71093750
41.13199889	6.75319862	0.71093750
41.13599889	6.75319862	0.71093750
41.13999889	6.59264278	0.71093750
41.14399889	6.59264278	0.71093750
41.14799889	6.75319862	0.71093750
41.15199889	6.75319862	0.72674704
41.15599889	6.75319862	0.71093750
41.15999889	6.75319862	0.71093750
41.16399889	6.75319862	0.71093750
41.16799889	6.75319862	0.71093750
41.17199889	6.59264278	0.71093750
41.17599889	6.59264278	0.71093750
41.17999889	6.75319862	0.71093750
41.18399889	6.75319862	0.71093750
41.18799889	6.75319862	0.71093750
41.19199889	6.59264278	0.71093750
41.19599889	6.59264278	0.71093750
41.19999889	6.75319862	0.71093750
41.20399889	6.59264278	0.71093750
41.20799889	6.75319862	0.71093750
41.21199889	6.75319862	0.71093750
41.21599889	6.75319862	0.71093750
41.21999889	6.75319862	0.71093750
41.22399889	6.75319862	0.71093750
41.22799889	6.59264278	0.71093750
41.23199889	6.75319862	0.71093750
41.23599889	6.75319862	0.71093750
41.23999889	6.75319862	0.71093750
41.24399889	6.75319862	0.71093750
41.24799889	6.75319862	0.71093750
41.25199889	6.75319862	0.71093750
41.25599889	6.75319862	0.71093750
41.25999889	6.59264278	0.71093750
41.26399889	6.75319862	0.71093750
41.26799889	6.75319862	0.71093750
41.27199889	6.75319862	0.71093750
41.27599889	6.75319862	0.71093750
41.27999889	6.59264278	0.71093750
41.28399889	6.75319862	0.71093750
41.28799889	6.75319862	0.71093750
41.29199889	6.75319862	0.71093750
41.29599889	6.75319862	0.71093750
41.29999889	6.75319862	0.71093750
41.30399889	6.75319862	0.71093750
41.30799889	6.75319862	0.71093750
41.31199889	6.75319862	0.71093750
41.31599889	6.75319862	0.71093750
41.31999889	6.75319862	0.71093750
41.32399889	6.75319862	0.71093750
41.32799889	6.75319862	0.71093750
41.33199889	6.59264278	0.71093750
41.33599889	6.75319862	0.71093750
41.33999889	6.75319862	0.71093750
41.34399888	6.75319862	0.71093750
41.34799888	6.75319862	0.71093750
41.35199888	6.75319862	0.71093750
41.35599888	6.75319862	0.71093750
41.35999888	6.75319862	0.71093750
41.36399888	6.75319862	0.71093750
41.36799888	6.75319862	0.71093750
41.37199888	6.75319862	0.71093750
41.37599888	6.75319862	0.71093750
41.37999888	6.75319862	0.71093750
41.38399888	6.75319862	0.71093750
41.38799888	6.59264278	0.71093750
41.39199888	6.75319862	0.71093750
41.39599888	6.75319862	0.71093750
41.39999888	6.75319862	0.71093750
41.40399888	6.75319862	0.71093750
41.40799888	6.59264278	0.71093750
41.41199888	6.75319862	0.71093750
41.41599888	6.75319862	0.71093750
41.41999888	6.75319862	0.71093750
41.42399888	6.75319862	0.71093750
41.42799888	6.75319862	0.71093750
41.43199888	6.75319862	0.71093750
41.43599888	6.75319862	0.71093750
41.43999888	6.59264278	0.71093750
41.44399888	6.75319862	0.71093750
41.44799888	6.75319862	0.71093750
41.45199888	6.75319862	0.71093750
41.45599888	6.75319862	0.71093750
41.45999888	6.59264278	0.71093750
41.46399888	6.75319862	0.71093750
41.46799888	6.75319862	0.71093750
41.47199888	6.75319862	0.71093750
41.47599888	6.75319862	0.71093750
41.47999888	6.75319862	0.71093750
41.48399888	6.75319862	0.71093750
41.48799888	6.75319862	0.71093750
41.49199888	6.59264278	0.71093750
41.49599888	6.59264278	0.71093750
41.49999888	6.75319862	0.71093750
41.50399888	6.75319862	0.71093750
41.50799888	6.75319862	0.71093750
41.51199888	6.75319862	0.71093750
41.51599888	6.75319862	0.71093750
41.51999888	6.75319862	0.71093750
41.52399888	6.75319862	0.71093750
41.52799888	6.75319862	0.71093750
41.53199888	6.75319862	0.71093750
41.53599888	6.75319862	0.71093750
41.53999888	6.75319862	0.71093750
41.54399888	6.75319862	0.71093750
41.54799888	6.59264278	0.71093750
41.55199888	6.75319862	0.71093750
41.55599888	6.75319862	0.71093750
41.55999888	6.75319862	0.71093750
41.56399888	6.75319862	0.71093750
41.56799888	6.75319862	0.71093750
41.57199888	6.59264278	0.71093750
41.57599888	6.75319862	0.71093750
41.57999888	6.75319862	0.71093750
41.58399888	6.75319862	0.71093750
41.58799888	6.75319862	0.71093750
41.59199888	6.75319862	0.71093750
41.59599888	6.75319862	0.71093750
41.59999888	6.75319862	0.71093750
41.60399888	6.59264278	0.71093750
41.60799888	6.59264278	0.71093750
41.61199888	6.75319862	0.71093750
41.61599888	6.75319862	0.71093750
41.61999888	6.75319862	0.71093750
41.62399888	6.59264278	0.71093750
41.62799888	6.59264278	0.71093750
41.63199888	6.59264278	0.71093750
41.63599888	6.75319862	0.71093750
41.63999888	6.75319862	0.71093750
41.64399888	6.75319862	0.71093750
41.64799888	6.75319862	0.71093750
41.65199888	6.59264278	0.71093750
41.65599888	6.59264278	0.71093750
41.65999888	6.59264278	0.71093750
41.66399888	6.75319862	0.71093750
41.66799888	6.75319862	0.71093750
41.67199888	6.75319862	0.71093750
41.67599888	6.75319862	0.71093750
41.67999888	6.59264278	0.71093750
41.68399888	6.59264278	0.71093750
41.68799888	6.75319862	0.71093750
41.69199888	6.75319862	0.71093750
41.69599887	6.75319862	0.71093750
41.69999887	6.75319862	0.71093750
41.70399887	6.75319862	0.71093750
41.70799887	6.59264278	0.71093750
41.71199887	6.59264278	0.71093750
41.71599887	6.75319862	0.71093750
41.71999887	6.75319862	0.71093750
41.72399887	6.75319862	0.71093750
41.72799887	6.59264278	0.71093750
41.73199887	6.59264278	0.71093750
41.73599887	6.59264278	0.71093750
41.73999887	6.59264278	0.71093750
41.74399887	6.75319862	0.71093750
41.74799887	6.75319862	0.71093750
41.75199887	6.75319862	0.71093750
41.75599887	6.59264278	0.71093750
41.75999887	6.59264278	0.71093750
41.76399887	6.59264278	0.69512796
41.76799887	6.75319862	0.71093750
41.77199887	6.75319862	0.71093750
41.77599887	6.75319862	0.71093750
41.77999887	6.75319862	0.71093750
41.78399887	6.75319862	0.71093750
41.78799887	6.59264278	0.71093750
41.79199887	6.59264278	0.71093750
41.79599887	6.59264278	0.71093750
41.79999887	6.75319862	0.71093750
41.80399887	6.75319862	0.71093750
41.80799887	6.75319862	0.71093750
41.81199887	6.59264278	0.71093750
41.81599887	6.59264278	0.71093750
41.81999887	6.75319862	0.71093750
41.82399887	6.75319862	0.71093750
41.82799887	6.75319862	0.71093750
41.83199887	6.75319862	0.71093750
41.83599887	6.75319862	0.71093750
41.83999887	6.59264278	0.71093750
41.84399887	6.59264278	0.71093750
41.84799887	6.59264278	0.71093750
41.85199887	6.75319862	0.71093750
41.85599887	6.75319862	0.71093750
41.85999887	6.75319862	0.71093750
41.86399887	6.59264278	0.71093750
41.86799887	6.59264278	0.69512796
41.87199887	6.59264278	0.71093750
41.87599887	6.59264278	0.71093750
41.87999887	6.75319862	0.71093750
41.88399887	6.75319862	0.71093750
41.88799887	6.75319862	0.71093750
41.89199887	6.59264278	0.71093750
41.89599887	6.59264278	0.71093750
41.89999887	6.59264278	0.71093750
41.90399887	6.75319862	0.71093750
41.90799887	6.75319862	0.71093750
41.91199887	6.75319862	0.69512796
41.91599887	6.75319862	0.69512796
41.91999887	6.75319862	0.71093750
41.92399887	6.59264278	0.71093750
41.92799887	6.59264278	0.71093750
41.93199887	6.59264278	0.71093750
41.93599887	6.75319862	0.71093750
41.93999887	6.91437006	0.71093750
41.94399887	6.75319862	0.71093750
41.94799887	6.59264278	0.71093750
41.95199887	6.59264278	0.71093750
41.95599887	6.59264278	0.69512796
41.95999887	6.75319862	0.71093750
41.96399887	6.75319862	0.71093750
41.96799887	6.75319862	0.71093750
41.97199887	6.75319862	0.71093750
41.97599887	6.75319862	0.71093750
41.97999887	6.59264278	0.69512796
41.98399887	6.59264278	0.69512796
41.98799887	6.75319862	0.69512796
41.99199887	6.91437006	0.71093750
41.99599887	6.75319862	0.71093750
41.99999887	6.59264278	0.71093750
42.00399887	6.59264278	0.69512796
42.00799887	6.59264278	0.69512796
42.01199887	6.75319862	0.71093750
42.01599887	6.75319862	0.71093750
42.01999887	6.75319862	0.71093750
42.02399887	6.75319862	0.71093750
42.02799887	6.59264278	0.69512796
42.03199887	6.59264278	0.71093750
42.03599887	6.59264278	0.69512796
42.03999887	6.75319862	0.71093750
42.04399887	6.75319862	0.71093750
42.04799886	6.75319862	0.71093750
42.05199886	6.75319862	0.71093750
42.05599886	6.75319862	0.69512796
42.05999886	6.59264278	0.69512796
42.06399886	6.59264278	0.71093750
42.06799886	6.59264278	0.69512796
42.07199886	6.75319862	0.71093750
42.07599886	6.75319862	0.71093750
42.07999886	6.75319862	0.71093750
42.08399886	6.59264278	0.69512796
42.08799886	6.59264278	0.71093750
42.09199886	6.59264278	0.69512796
42.09599886	6.59264278	0.69512796
42.09999886	6.75319862	0.71093750
42.10399886	6.75319862	0.71093750
42.10799886	6.75319862	0.71093750
42.11199886	6.75319862	0.71093750
42.11599886	6.59264278	0.71093750
42.11999886	6.59264278	0.71093750
42.12399886	6.75319862	0.69512796
42.12799886	6.75319862	0.71093750
42.13199886	6.75319862	0.69512796
42.13599886	6.75319862	0.69512796
42.13999886	6.75319862	0.69512796
42.14399886	6.59264278	0.71093750
42.14799886	6.59264278	0.69512796
42.15199886	6.75319862	0.71093750
42.15599886	6.75319862	0.69512796
42.15999886	6.75319862	0.71093750
42.16399886	6.75319862	0.71093750
42.16799886	6.59264278	0.69512796
42.17199886	6.75319862	0.69512796
42.17599886	6.75319862	0.69512796
42.17999886	6.75319862	0.69512796
42.18399886	6.75319862	0.69512796
42.18799886	6.75319862	0.69512796
42.19199886	6.75319862	0.71093750
42.19599886	6.59264278	0.69512796
42.19999886	6.59264278	0.69512796
42.20399886	6.75319862	0.69512796
42.20799886	6.75319862	0.69512796
42.21199886	6.75319862	0.69512796
42.21599886	6.75319862	0.69512796
42.21999886	6.75319862	0.69512796
42.22399886	6.59264278	0.69512796
42.22799886	6.59264278	0.69512796
42.23199886	6.75319862	0.69512796
42.23599886	6.75319862	0.69512796
42.23999886	6.75319862	0.69512796
42.24399886	6.75319862	0.69512796
42.24799886	6.75319862	0.69512796
42.25199886	6.75319862	0.69512796
42.25599886	6.75319862	0.71093750
42.25999886	6.75319862	0.69512796
42.26399886	6.75319862	0.69512796
42.26799886	6.75319862	0.69512796
42.27199886	6.75319862	0.69512796
42.27599886	6.59264278	0.69512796
42.27999886	6.59264278	0.69512796
42.28399886	6.75319862	0.69512796
42.28799886	6.75319862	0.69512796
42.29199886	6.75319862	0.71093750
42.29599886	6.75319862	0.69512796
42.29999886	6.75319862	0.69512796
42.30399886	6.75319862	0.69512796
42.30799886	6.75319862	0.69512796
42.31199886	6.75319862	0.69512796
42.31599886	6.75319862	0.69512796
42.31999886	6.75319862	0.69512796
42.32399886	6.75319862	0.69512796
42.32799886	6.59264278	0.69512796
42.33199886	6.59264278	0.69512796
42.33599886	6.75319862	0.69512796
42.33999886	6.75319862	0.69512796
42.34399886	6.75319862	0.69512796
42.34799886	6.75319862	0.69512796
42.35199886	6.75319862	0.69512796
42.35599886	6.75319862	0.69512796
42.35999886	6.75319862	0.69512796
42.36399886	6.75319862	0.69512796
42.36799886	6.75319862	0.69512796
42.37199886	6.75319862	0.69512796
42.37599886	6.75319862	0.69512796
42.37999886	6.59264278	0.69512796
42.38399886	6.75319862	0.69512796
42.38799886	6.75319862	0.69512796
42.39199886	6.75319862	0.69512796
42.39599886	6.75319862	0.69512796
42.39999886	6.59264278	0.69512796
42.40399885	6.59264278	0.69512796
42.40799885	6.75319862	0.69512796
42.41199885	6.75319862	0.69512796
42.41599885	6.75319862	0.69512796
42.41999885	6.75319862	0.69512796
42.42399885	6.75319862	0.69512796
42.42799885	6.75319862	0.69512796
42.43199885	6.75319862	0.69512796
42.43599885	6.75319862	0.69512796
42.43999885	6.75319862	0.69512796
42.44399885	6.75319862	0.69512796
42.44799885	6.75319862	0.69512796
42.45199885	6.75319862	0.69512796
42.45599885	6.75319862	0.69512796
42.45999885	6.75319862	0.69512796
42.46399885	6.75319862	0.69512796
42.46799885	6.75319862	0.69512796
42.47199885	6.75319862	0.69512796
42.47599885	6.75319862	0.69512796
42.47999885	6.75319862	0.69512796
42.48399885	6.75319862	0.69512796
42.48799885	6.75319862	0.69512796
42.49199885	6.75319862	0.69512796
42.49599885	6.75319862	0.69512796
42.49999885	6.75319862	0.69512796
42.50399885	6.75319862	0.69512796
42.50799885	6.75319862	0.69512796
42.51199885	6.75319862	0.69512796
42.51599885	6.75319862	0.69512796
42.51999885	6.75319862	0.69512796
42.52399885	6.75319862	0.69512796
42.52799885	6.75319862	0.69512796
42.53199885	6.75319862	0.69512796
42.53599885	6.75319862	0.69512796
42.53999885	6.75319862	0.69512796
42.54399885	6.75319862	0.69512796
42.54799885	6.75319862	0.69512796
42.55199885	6.75319862	0.69512796
42.55599885	6.75319862	0.69512796
42.55999885	6.75319862	0.69512796
42.56399885	6.75319862	0.69512796
42.56799885	6.75319862	0.69512796
42.57199885	6.75319862	0.69512796
42.57599885	6.75319862	0.69512796
42.57999885	6.75319862	0.69512796
42.58399885	6.75319862	0.69512796
42.58799885	6.75319862	0.69512796
42.59199885	6.59264278	0.69512796
42.59599885	6.75319862	0.69512796
42.59999885	6.75319862	0.69512796
42.60399885	6.75319862	0.69512796
42.60799885	6.75319862	0.69512796
42.61199885	6.75319862	0.69512796
42.61599885	6.75319862	0.69512796
42.61999885	6.75319862	0.69512796
42.62399885	6.75319862	0.69512796
42.62799885	6.75319862	0.69512796
42.63199885	6.75319862	0.69512796
42.63599885	6.75319862	0.69512796
42.63999885	6.75319862	0.69512796
42.64399885	6.75319862	0.69512796
42.64799885	6.75319862	0.69512796
42.65199885	6.75319862	0.69512796
42.65599885	6.75319862	0.69512796
42.65999885	6.75319862	0.69512796
42.66399885	6.75319862	0.69512796
42.66799885	6.75319862	0.69512796
42.67199885	6.75319862	0.69512796
42.67599885	6.75319862	0.69512796
42.67999885	6.75319862	0.69512796
42.68399885	6.75319862	0.69512796
42.68799885	6.75319862	0.69512796
42.69199885	6.59264278	0.69512796
42.69599885	6.75319862	0.69512796
42.69999885	6.75319862	0.69512796
42.70399885	6.75319862	0.69512796
42.70799885	6.75319862	0.69512796
42.71199885	6.75319862	0.69512796
42.71599885	6.75319862	0.69512796
42.71999885	6.75319862	0.69512796
42.72399885	6.75319862	0.69512796
42.72799885	6.75319862	0.69512796
42.73199885	6.75319862	0.69512796
42.73599885	6.75319862	0.69512796
42.73999885	6.75319862	0.69512796
42.74399885	6.75319862	0.69512796
42.74799885	6.75319862	0.69512796
42.75199885	6.75319862	0.69512796
42.75599884	6.75319862	0.69512796
42.75999884	6.75319862	0.69512796
42.76399884	6.75319862	0.69512796
42.76799884	6.59264278	0.69512796
42.77199884	6.75319862	0.69512796
42.77599884	6.75319862	0.69512796
42.77999884	6.75319862	0.69512796
42.78399884	6.75319862	0.69512796
42.78799884	6.75319862	0.69512796
42.79199884	6.75319862	0.69512796
42.79599884	6.75319862	0.69512796
42.79999884	6.75319862	0.69512796
42.80399884	6.75319862	0.69512796
42.80799884	6.75319862	0.69512796
42.81199884	6.75319862	0.69512796
42.81599884	6.75319862	0.69512796
42.81999884	6.75319862	0.69512796
42.82399884	6.75319862	0.69512796
42.82799884	6.75319862	0.69512796
42.83199884	6.75319862	0.69512796
42.83599884	6.75319862	0.69512796
42.83999884	6.75319862	0.69512796
42.84399884	6.75319862	0.69512796
42.84799884	6.75319862	0.69512796
42.85199884	6.75319862	0.69512796
42.85599884	6.75319862	0.69512796
42.85999884	6.75319862	0.69512796
42.86399884	6.75319862	0.69512796
42.86799884	6.75319862	0.69512796
42.87199884	6.75319862	0.69512796
42.87599884	6.75319862	0.69512796
42.87999884	6.75319862	0.69512796
42.88399884	6.75319862	0.69512796
42.88799884	6.75319862	0.69512796
42.89199884	6.75319862	0.69512796
42.89599884	6.75319862	0.69512796
42.89999884	6.75319862	0.69512796
42.90399884	6.75319862	0.69512796
42.90799884	6.75319862	0.69512796
42.91199884	6.75319862	0.69512796
42.91599884	6.75319862	0.69512796
42.91999884	6.75319862	0.69512796
42.92399884	6.75319862	0.69512796
42.92799884	6.75319862	0.69512796
42.93199884	6.75319862	0.69512796
42.93599884	6.75319862	0.69512796
42.93999884	6.75319862	0.69512796
42.94399884	6.75319862	0.69512796
42.94799884	6.75319862	0.69512796
42.95199884	6.75319862	0.69512796
42.95599884	6.75319862	0.69512796
42.95999884	6.75319862	0.69512796
42.96399884	6.75319862	0.69512796
42.96799884	6.75319862	0.69512796
42.97199884	6.75319862	0.69512796
42.97599884	6.75319862	0.69512796
42.97999884	6.75319862	0.69512796
42.98399884	6.75319862	0.69512796
42.98799884	6.75319862	0.69512796
42.99199884	6.75319862	0.69512796
42.99599884	6.75319862	0.69512796
42.99999884	6.75319862	0.69512796
43.00399884	6.75319862	0.69512796
43.00799884	6.59264278	0.69512796
43.01199884	6.59264278	0.69512796
43.01599884	6.75319862	0.69512796
43.01999884	6.91437006	0.69512796
43.02399884	6.75319862	0.69512796
43.02799884	6.75319862	0.69512796
43.03199884	6.75319862	0.69512796
43.03599884	6.75319862	0.69512796
43.03999884	6.75319862	0.69512796
43.04399884	6.75319862	0.69512796
43.04799884	6.75319862	0.69512796
43.05199884	6.75319862	0.69512796
43.05599884	6.75319862	0.69512796
43.05999884	6.75319862	0.69512796
43.06399884	6.75319862	0.69512796
43.06799884	6.75319862	0.69512796
43.07199884	6.75319862	0.69512796
43.07599884	6.75319862	0.69512796
43.07999884	6.75319862	0.69512796
43.08399884	6.75319862	0.69512796
43.08799884	6.75319862	0.69512796
43.09199884	6.75319862	0.69512796
43.09599884	6.75319862	0.69512796
43.09999884	6.75319862	0.69512796
43.10399884	6.75319862	0.69512796
43.10799884	6.75319862	0.69512796
43.11199883	6.75319862	0.69512796
43.11599883	6.75319862	0.69512796
43.11999883	6.75319862	0.69512796
43.12399883	6.75319862	0.69512796
43.12799883	6.75319862	0.69512796
43.13199883	6.75319862	0.69512796
43.13599883	6.75319862	0.69512796
43.13999883	6.75319862	0.69512796
43.14399883	6.75319862	0.69512796
43.14799883	6.75319862	0.69512796
43.15199883	6.75319862	0.69512796
43.15599883	6.75319862	0.69512796
43.15999883	6.75319862	0.69512796
43.16399883	6.75319862	0.69512796
43.16799883	6.75319862	0.69512796
43.17199883	6.75319862	0.69512796
43.17599883	6.75319862	0.69512796
43.17999883	6.75319862	0.69512796
43.18399883	6.75319862	0.69512796
43.18799883	6.75319862	0.69512796
43.19199883	6.75319862	0.69512796
43.19599883	6.75319862	0.69512796
43.19999883	6.75319862	0.69512796
43.20399883	6.75319862	0.69512796
43.20799883	6.75319862	0.69512796
43.21199883	6.75319862	0.69512796
43.21599883	6.75319862	0.69512796
43.21999883	6.75319862	0.69512796
43.22399883	6.75319862	0.69512796
43.22799883	6.75319862	0.69512796
43.23199883	6.75319862	0.69512796
43.23599883	6.91437006	0.69512796
43.23999883	6.91437006	0.69512796
43.24399883	6.75319862	0.69512796
43.24799883	6.75319862	0.69512796
43.25199883	6.75319862	0.67931843
43.25599883	6.75319862	0.69512796
43.25999883	6.75319862	0.69512796
43.26399883	6.75319862	0.69512796
43.26799883	6.75319862	0.69512796
43.27199883	6.75319862	0.69512796
43.27599883	6.75319862	0.69512796
43.27999883	6.75319862	0.69512796
43.28399883	6.75319862	0.69512796
43.28799883	6.75319862	0.69512796
43.29199883	6.75319862	0.69512796
43.29599883	6.75319862	0.69512796
43.29999883	6.75319862	0.69512796
43.30399883	6.75319862	0.69512796
43.30799883	6.75319862	0.69512796
43.31199883	6.75319862	0.69512796
43.31599883	6.75319862	0.69512796
43.31999883	6.75319862	0.69512796
43.32399883	6.75319862	0.67931843
43.32799883	6.75319862	0.69512796
43.33199883	6.75319862	0.69512796
43.33599883	6.75319862	0.69512796
43.33999883	6.75319862	0.69512796
43.34399883	6.75319862	0.69512796
43.34799883	6.75319862	0.69512796
43.35199883	6.75319862	0.69512796
43.35599883	6.75319862	0.69512796
43.35999883	6.75319862	0.69512796
43.36399883	6.75319862	0.67931843
43.36799883	6.91437006	0.69512796
43.37199883	6.75319862	0.69512796
43.37599883	6.75319862	0.69512796
43.37999883	6.75319862	0.67931843
43.38399883	6.75319862	0.69512796
43.38799883	6.75319862	0.69512796
43.39199883	6.75319862	0.69512796
43.39599883	6.75319862	0.69512796
43.39999883	6.75319862	0.69512796
43.40399883	6.75319862	0.69512796
43.40799883	6.75319862	0.67931843
43.41199883	6.75319862	0.69512796
43.41599883	6.75319862	0.69512796
43.41999883	6.75319862	0.67931843
43.42399883	6.75319862	0.69512796
43.42799883	6.75319862	0.67931843
43.43199883	6.75319862	0.67931843
43.43599883	6.75319862	0.69512796
43.43999883	6.75319862	0.69512796
43.44399883	6.75319862	0.67931843
43.44799883	6.75319862	0.69512796
43.45199883	6.75319862	0.69512796
43.45599883	6.75319862	0.69512796
43.45999883	6.75319862	0.67931843
43.46399882	6.59264278	0.69512796
43.46799882	6.75319862	0.69512796
43.47199882	6.91437006	0.69512796
43.47599882	6.91437006	0.69512796
43.47999882	6.75319862	0.69512796
43.48399882	6.75319862	0.67931843
43.48799882	6.75319862	0.69512796
43.49199882	6.75319862	0.69512796
43.49599882	6.75319862	0.69512796
43.49999882	6.75319862	0.69512796
43.50399882	6.75319862	0.67931843
43.50799882	6.75319862	0.69512796
43.51199882	6.75319862	0.69512796
43.51599882	6.75319862	0.67931843
43.51999882	6.75319862	0.67931843
43.52399882	6.75319862	0.67931843
43.52799882	6.91437006	0.69512796
43.53199882	6.91437006	0.67931843
43.53599882	6.75319862	0.67931843
43.53999882	6.75319862	0.67931843
43.54399882	6.75319862	0.69512796
43.54799882	6.75319862	0.69512796
43.55199882	6.75319862	0.67931843
43.55599882	6.91437006	0.67931843
43.55999882	6.91437006	0.69512796
43.56399882	6.75319862	0.67931843
43.56799882	6.75319862	0.69512796
43.57199882	6.75319862	0.69512796
43.57599882	6.75319862	0.67931843
43.57999882	6.75319862	0.67931843
43.58399882	6.75319862	0.69512796
43.58799882	6.91437006	0.69512796
43.59199882	6.75319862	0.69512796
43.59599882	6.75319862	0.67931843
43.59999882	6.59264278	0.67931843
43.60399882	6.75319862	0.67931843
43.60799882	6.75319862	0.67931843
43.61199882	6.75319862	0.69512796
43.61599882	6.91437006	0.69512796
43.61999882	6.75319862	0.69512796
43.62399882	6.75319862	0.67931843
43.62799882	6.75319862	0.67931843
43.63199882	6.75319862	0.69512796
43.63599882	6.75319862	0.67931843
43.63999882	6.91437006	0.69512796
43.64399882	6.75319862	0.69512796
43.64799882	6.75319862	0.69512796
43.65199882	6.75319862	0.67931843
43.65599882	6.75319862	0.67931843
43.65999882	6.75319862	0.67931843
43.66399882	6.75319862	0.67931843
43.66799882	6.75319862	0.69512796
43.67199882	6.75319862	0.67931843
43.67599882	6.75319862	0.69512796
43.67999882	6.75319862	0.67931843
43.68399882	6.75319862	0.67931843
43.68799882	6.75319862	0.67931843
43.69199882	6.75319862	0.67931843
43.69599882	6.91437006	0.67931843
43.69999882	6.75319862	0.67931843
43.70399882	6.75319862	0.67931843
43.70799882	6.75319862	0.67931843
43.71199882	6.75319862	0.67931843
43.71599882	6.75319862	0.67931843
43.71999882	6.91437006	0.67931843
43.72399882	6.91437006	0.67931843
43.72799882	6.75319862	0.67931843
43.73199882	6.75319862	0.67931843
43.73599882	6.75319862	0.67931843
43.73999882	6.75319862	0.67931843
43.74399882	6.91437006	0.67931843
43.74799882	6.91437006	0.69512796
43.75199882	6.75319862	0.67931843
43.75599882	6.75319862	0.67931843
43.75999882	6.75319862	0.67931843
43.76399882	6.75319862	0.67931843
43.76799882	6.75319862	0.67931843
43.77199882	6.75319862	0.67931843
43.77599882	6.75319862	0.69512796
43.77999882	6.75319862	0.67931843
43.78399882	6.75319862	0.67931843
43.78799882	6.75319862	0.67931843
43.79199882	6.75319862	0.67931843
43.79599882	6.75319862	0.67931843
43.79999882	6.75319862	0.67931843
43.80399882	6.75319862	0.67931843
43.80799882	6.75319862	0.67931843
43.81199882	6.75319862	0.67931843
43.81599881	6.75319862	0.67931843
43.81999881	6.75319862	0.67931843
43.82399881	6.75319862	0.67931843
43.82799881	6.75319862	0.67931843
43.83199881	6.75319862	0.67931843
43.83599881	6.75319862	0.67931843
43.83999881	6.75319862	0.67931843
43.84399881	6.75319862	0.67931843
43.84799881	6.75319862	0.67931843
43.85199881	6.75319862	0.67931843
43.85599881	6.91437006	0.67931843
43.85999881	6.91437006	0.67931843
43.86399881	6.75319862	0.67931843
43.86799881	6.59264278	0.67931843
43.87199881	6.75319862	0.67931843
43.87599881	6.75319862	0.67931843
43.87999881	6.91437006	0.67931843
43.88399881	6.91437006	0.67931843
43.88799881	6.75319862	0.67931843
43.89199881	6.75319862	0.67931843
43.89599881	6.75319862	0.67931843
43.89999881	6.75319862	0.67931843
43.90399881	6.75319862	0.67931843
43.90799881	6.75319862	0.67931843
43.91199881	6.91437006	0.67931843
43.91599881	6.91437006	0.67931843
43.91999881	6.75319862	0.67931843
43.92399881	6.75319862	0.67931843
43.92799881	6.75319862	0.67931843
43.93199881	6.75319862	0.67931843
43.93599881	6.75319862	0.67931843
43.93999881	6.75319862	0.67931843
43.94399881	6.75319862	0.67931843
43.94799881	6.75319862	0.67931843
43.95199881	6.75319862	0.67931843
43.95599881	6.75319862	0.67931843
43.95999881	6.75319862	0.67931843
43.96399881	6.75319862	0.67931843
43.96799881	6.75319862	0.67931843
43.97199881	6.75319862	0.67931843
43.97599881	6.75319862	0.67931843
43.97999881	6.75319862	0.67931843
43.98399881	6.75319862	0.67931843
43.98799881	6.75319862	0.67931843
43.99199881	6.75319862	0.67931843
43.99599881	6.75319862	0.67931843
43.99999881	6.75319862	0.67931843
44.00399881	6.75319862	0.67931843
44.00799881	6.75319862	0.67931843
44.01199881	6.75319862	0.67931843
44.01599881	6.75319862	0.67931843
44.01999881	6.75319862	0.67931843
44.02399881	6.75319862	0.67931843
44.02799881	6.75319862	0.67931843
44.03199881	6.75319862	0.67931843
44.03599881	6.75319862	0.67931843
44.03999881	6.75319862	0.67931843
44.04399881	6.75319862	0.67931843
44.04799881	6.75319862	0.67931843
44.05199881	6.75319862	0.67931843
44.05599881	6.75319862	0.67931843
44.05999881	6.75319862	0.67931843
44.06399881	6.75319862	0.67931843
44.06799881	6.75319862	0.67931843
44.07199881	6.75319862	0.67931843
44.07599881	6.75319862	0.67931843
44.07999881	6.91437006	0.67931843
44.08399881	6.75319862	0.67931843
44.08799881	6.75319862	0.67931843
44.09199881	6.75319862	0.67931843
44.09599881	6.75319862	0.67931843
44.09999881	6.75319862	0.67931843
44.10399881	6.75319862	0.67931843
44.10799881	6.75319862	0.67931843
44.11199881	6.75319862	0.67931843
44.11599881	6.75319862	0.67931843
44.11999881	6.75319862	0.67931843
44.12399881	6.75319862	0.67931843
44.12799881	6.75319862	0.67931843
44.13199881	6.91437006	0.67931843
44.13599881	6.91437006	0.67931843
44.13999881	6.75319862	0.67931843
44.14399881	6.75319862	0.67931843
44.14799881	6.75319862	0.67931843
44.15199881	6.75319862	0.67931843
44.15599881	6.75319862	0.67931843
44.15999881	6.75319862	0.67931843
44.16399881	6.75319862	0.67931843
44.16799881	6.75319862	0.67931843
44.17199880	6.75319862	0.67931843
44.17599880	6.75319862	0.67931843
44.17999880	6.75319862	0.67931843
44.18399880	6.91437006	0.67931843
44.18799880	6.91437006	0.67931843
44.19199880	6.75319862	0.67931843
44.19599880	6.75319862	0.67931843
44.19999880	6.75319862	0.67931843
44.20399880	6.75319862	0.67931843
44.20799880	6.75319862	0.67931843
44.21199880	6.91437006	0.67931843
44.21599880	6.91437006	0.67931843
44.21999880	6.75319862	0.67931843
44.22399880	6.75319862	0.67931843
44.22799880	6.75319862	0.67931843
44.23199880	6.75319862	0.67931843
44.23599880	6.75319862	0.67931843
44.23999880	6.91437006	0.67931843
44.24399880	6.91437006	0.67931843
44.24799880	6.75319862	0.67931843
44.25199880	6.75319862	0.67931843
44.25599880	6.75319862	0.67931843
44.25999880	6.75319862	0.67931843
44.26399880	6.75319862	0.67931843
44.26799880	6.75319862	0.67931843
44.27199880	6.75319862	0.67931843
44.27599880	6.75319862	0.67931843
44.27999880	6.75319862	0.67931843
44.28399880	6.75319862	0.67931843
44.28799880	6.75319862	0.67931843
44.29199880	6.91437006	0.67931843
44.29599880	6.75319862	0.67931843
44.29999880	6.75319862	0.67931843
44.30399880	6.75319862	0.67931843
44.30799880	6.75319862	0.67931843
44.31199880	6.75319862	0.67931843
44.31599880	6.75319862	0.67931843
44.31999880	6.75319862	0.67931843
44.32399880	6.75319862	0.67931843
44.32799880	6.75319862	0.67931843
44.33199880	6.75319862	0.67931843
44.33599880	6.75319862	0.67931843
44.33999880	6.75319862	0.67931843
44.34399880	6.75319862	0.67931843
44.34799880	6.75319862	0.67931843
44.35199880	6.75319862	0.67931843
44.35599880	6.75319862	0.67931843
44.35999880	6.75319862	0.67931843
44.36399880	6.75319862	0.67931843
44.36799880	6.75319862	0.67931843
44.37199880	6.75319862	0.67931843
44.37599880	6.75319862	0.67931843
44.37999880	6.91437006	0.67931843
44.38399880	6.91437006	0.67931843
44.38799880	6.75319862	0.67931843
44.39199880	6.75319862	0.67931843
44.39599880	6.75319862	0.67931843
44.39999880	6.75319862	0.67931843
44.40399880	6.91437006	0.67931843
44.40799880	6.91437006	0.67931843
44.41199880	6.75319862	0.67931843
44.41599880	6.75319862	0.67931843
44.41999880	6.75319862	0.67931843
44.42399880	6.75319862	0.67931843
44.42799880	6.75319862	0.67931843
44.43199880	6.75319862	0.67931843
44.43599880	6.75319862	0.67931843
44.43999880	6.75319862	0.67931843
44.44399880	6.75319862	0.67931843
44.44799880	6.75319862	0.67931843
44.45199880	6.75319862	0.67931843
44.45599880	6.75319862	0.67931843
44.45999880	6.75319862	0.67931843
44.46399880	6.75319862	0.67931843
44.46799880	6.91437006	0.67931843
44.47199880	6.91437006	0.67931843
44.47599880	6.75319862	0.67931843
44.47999880	6.75319862	0.67931843
44.48399880	6.75319862	0.67931843
44.48799880	6.91437006	0.67931843
44.49199880	6.91437006	0.67931843
44.49599880	6.75319862	0.67931843
44.49999880	6.75319862	0.67931843
44.50399880	6.75319862	0.67931843
44.50799880	6.75319862	0.67931843
44.51199880	6.75319862	0.67931843
44.51599880	6.75319862	0.67931843
44.51999880	6.91437006	0.67931843
44.52399879	6.91437006	0.67931843
44.52799879	6.75319862	0.67931843
44.53199879	6.75319862	0.67931843
44.53599879	6.75319862	0.67931843
44.53999879	6.91437006	0.67931843
44.54399879	6.91437006	0.67931843
44.54799879	6.91437006	0.67931843
44.55199879	6.91437006	0.67931843
44.55599879	6.75319862	0.67931843
44.55999879	6.75319862	0.67931843
44.56399879	6.75319862	0.67931843
44.56799879	6.91437006	0.67931843
44.57199879	6.91437006	0.67931843
44.57599879	6.91437006	0.67931843
44.57999879	6.91437006	0.67931843
44.58399879	6.75319862	0.67931843
44.58799879	6.75319862	0.67931843
44.59199879	6.91437006	0.67931843
44.59599879	6.91437006	0.67931843
44.59999879	6.91437006	0.67931843
44.60399879	6.75319862	0.67931843
44.60799879	6.75319862	0.67931843
44.61199879	6.75319862	0.67931843
44.61599879	6.91437006	0.67931843
44.61999879	6.91437006	0.67931843
44.62399879	6.91437006	0.67931843
44.62799879	6.91437006	0.67931843
44.63199879	6.91437006	0.67931843
44.63599879	6.91437006	0.67931843
44.63999879	6.75319862	0.67931843
44.64399879	6.91437006	0.67931843
44.64799879	6.91437006	0.67931843
44.65199879	6.91437006	0.67931843
44.65599879	6.75319862	0.67931843
44.65999879	6.75319862	0.67931843
44.66399879	6.91437006	0.67931843
44.66799879	6.91437006	0.67931843
44.67199879	6.91437006	0.67931843
44.67599879	6.75319862	0.67931843
44.67999879	6.75319862	0.67931843
44.68399879	6.75319862	0.67931843
44.68799879	6.91437006	0.67931843
44.69199879	6.91437006	0.66357034
44.69599879	6.91437006	0.67931843
44.69999879	6.91437006	0.67931843
44.70399879	6.75319862	0.67931843
44.70799879	6.75319862	0.67931843
44.71199879	6.75319862	0.67931843
44.71599879	6.91437006	0.67931843
44.71999879	6.91437006	0.67931843
44.72399879	6.91437006	0.67931843
44.72799879	6.91437006	0.67931843
44.73199879	6.75319862	0.67931843
44.73599879	6.75319862	0.67931843
44.73999879	6.91437006	0.67931843
44.74399879	6.91437006	0.67931843
44.74799879	6.91437006	0.67931843
44.75199879	6.91437006	0.67931843
44.75599879	6.91437006	0.67931843
44.75999879	6.75319862	0.67931843
44.76399879	6.75319862	0.66357034
44.76799879	6.91437006	0.67931843
44.77199879	6.91437006	0.67931843
44.77599879	6.91437006	0.67931843
44.77999879	6.91437006	0.67931843
44.78399879	6.91437006	0.67931843
44.78799879	6.75319862	0.67931843
44.79199879	6.75319862	0.66357034
44.79599879	6.75319862	0.66357034
44.79999879	6.91437006	0.67931843
44.80399879	6.91437006	0.67931843
44.80799879	6.91437006	0.67931843
44.81199879	6.91437006	0.67931843
44.81599879	6.75319862	0.67931843
44.81999879	6.75319862	0.67931843
44.82399879	6.91437006	0.67931843
44.82799879	6.91437006	0.67931843
44.83199879	6.91437006	0.67931843
44.83599879	6.91437006	0.67931843
44.83999879	6.91437006	0.67931843
44.84399879	6.91437006	0.67931843
44.84799879	6.75319862	0.67931843
44.85199879	6.75319862	0.67931843
44.85599879	6.91437006	0.67931843
44.85999879	6.91437006	0.67931843
44.86399879	6.91437006	0.67931843
44.86799879	6.91437006	0.67931843
44.87199879	6.75319862	0.67931843
44.87599878	6.75319862	0.66357034
44.87999878	6.75319862	0.67931843
44.88399878	6.75319862	0.66357034
44.88799878	6.91437006	0.66357034
44.89199878	6.91437006	0.66357034
44.89599878	6.91437006	0.67931843
44.89999878	6.75319862	0.66357034
44.90399878	6.75319862	0.66357034
44.90799878	6.75319862	0.66357034
44.91199878	6.91437006	0.67931843
44.91599878	6.91437006	0.67931843
44.91999878	6.91437006	0.67931843
44.92399878	6.75319862	0.67931843
44.92799878	6.91437006	0.67931843
44.93199878	6.91437006	0.67931843
44.93599878	6.91437006	0.67931843
44.93999878	6.91437006	0.66357034
44.94399878	6.91437006	0.67931843
44.94799878	6.91437006	0.67931843
44.95199878	6.75319862	0.67931843
44.95599878	6.91437006	0.67931843
44.95999878	6.91437006	0.67931843
44.96399878	6.91437006	0.67931843
44.96799878	6.91437006	0.67931843
44.97199878	6.91437006	0.66357034
44.97599878	6.91437006	0.67931843
44.97999878	6.91437006	0.66357034
44.98399878	6.75319862	0.67931843
44.98799878	6.75319862	0.67931843
44.99199878	6.91437006	0.66357034
44.99599878	6.91437006	0.66357034
44.99999878	6.91437006	0.66357034
45.00399878	6.91437006	0.66357034
45.00799878	6.75319862	0.66357034
45.01199878	6.75319862	0.67931843
45.01599878	6.91437006	0.67931843
45.01999878	6.91437006	0.66357034
45.02399878	6.91437006	0.66357034
45.02799878	6.91437006	0.66357034
45.03199878	6.91437006	0.66357034
45.03599878	6.91437006	0.66357034
45.03999878	6.75319862	0.66357034
45.04399878	6.91437006	0.66357034
45.04799878	6.91437006	0.66357034
45.05199878	6.91437006	0.66357034
45.05599878	6.91437006	0.67931843
45.05999878	6.91437006	0.67931843
45.06399878	6.75319862	0.66357034
45.06799878	6.75319862	0.66357034
45.07199878	6.75319862	0.66357034
45.07599878	6.91437006	0.66357034
45.07999878	6.91437006	0.66357034
45.08399878	6.91437006	0.66357034
45.08799878	6.75319862	0.66357034
45.09199878	6.75319862	0.66357034
45.09599878	6.75319862	0.66357034
45.09999878	6.91437006	0.66357034
45.10399878	6.91437006	0.66357034
45.10799878	6.91437006	0.66357034
45.11199878	6.91437006	0.66357034
45.11599878	6.75319862	0.66357034
45.11999878	6.75319862	0.66357034
45.12399878	6.75319862	0.66357034
45.12799878	6.91437006	0.67931843
45.13199878	6.91437006	0.66357034
45.13599878	6.91437006	0.67931843
45.13999878	6.91437006	0.67931843
45.14399878	6.75319862	0.66357034
45.14799878	6.75319862	0.66357034
45.15199878	6.91437006	0.66357034
45.15599878	6.91437006	0.66357034
45.15999878	6.91437006	0.67931843
45.16399878	6.91437006	0.66357034
45.16799878	6.91437006	0.66357034
45.17199878	6.75319862	0.66357034
45.17599878	6.75319862	0.66357034
45.17999878	6.91437006	0.66357034
45.18399878	6.91437006	0.66357034
45.18799878	6.91437006	0.66357034
45.19199878	6.91437006	0.66357034
45.19599878	6.75319862	0.66357034
45.19999878	6.75319862	0.66357034
45.20399878	6.91437006	0.66357034
45.20799878	6.91437006	0.67931843
45.21199878	6.91437006	0.66357034
45.21599878	6.91437006	0.66357034
45.21999878	6.91437006	0.66357034
45.22399878	6.91437006	0.66357034
45.22799878	6.75319862	0.66357034
45.23199877	6.75319862	0.66357034
45.23599877	6.91437006	0.66357034
45.23999877	6.91437006	0.67931843
45.24399877	6.91437006	0.66357034
45.24799877	6.91437006	0.67931843
45.25199877	6.75319862	0.66357034
45.25599877	6.91437006	0.66357034
45.25999877	6.75319862	0.66357034
45.26399877	6.91437006	0.66357034
45.26799877	6.91437006	0.66357034
45.27199877	6.91437006	0.66357034
45.27599877	6.91437006	0.66357034
45.27999877	6.91437006	0.66357034
45.28399877	6.75319862	0.66357034
45.28799877	6.75319862	0.66357034
45.29199877	6.75319862	0.66357034
45.29599877	6.91437006	0.66357034
45.29999877	6.91437006	0.66357034
45.30399877	6.91437006	0.67931843
45.30799877	6.75319862	0.66357034
45.31199877	6.75319862	0.66357034
45.31599877	6.91437006	0.66357034
45.31999877	6.91437006	0.66357034
45.32399877	6.91437006	0.66357034
45.32799877	6.91437006	0.66357034
45.33199877	6.91437006	0.66357034
45.33599877	6.91437006	0.66357034
45.33999877	6.75319862	0.66357034
45.34399877	6.75319862	0.66357034
45.34799877	6.91437006	0.66357034
45.35199877	6.91437006	0.66357034
45.35599877	6.91437006	0.66357034
45.35999877	6.75319862	0.66357034
45.36399877	6.75319862	0.66357034
45.36799877	6.75319862	0.66357034
45.37199877	6.91437006	0.66357034
45.37599877	6.91437006	0.66357034
45.37999877	6.91437006	0.66357034
45.38399877	6.91437006	0.66357034
45.38799877	6.91437006	0.66357034
45.39199877	6.75319862	0.66357034
45.39599877	6.75319862	0.66357034
45.39999877	6.91437006	0.66357034
45.40399877	6.91437006	0.66357034
45.40799877	6.91437006	0.66357034
45.41199877	6.91437006	0.66357034
45.41599877	6.91437006	0.66357034
45.41999877	6.91437006	0.66357034
45.42399877	6.91437006	0.66357034
45.42799877	6.91437006	0.66357034
45.43199877	6.91437006	0.66357034
45.43599877	6.91437006	0.66357034
45.43999877	6.91437006	0.66357034
45.44399877	6.75319862	0.66357034
45.44799877	6.75319862	0.66357034
45.45199877	6.91437006	0.66357034
45.45599877	6.91437006	0.66357034
45.45999877	6.91437006	0.66357034
45.46399877	6.91437006	0.66357034
45.46799877	6.91437006	0.66357034
45.47199877	6.91437006	0.66357034
45.47599877	6.91437006	0.66357034
45.47999877	6.91437006	0.66357034
45.48399877	6.91437006	0.66357034
45.48799877	6.91437006	0.66357034
45.49199877	6.91437006	0.66357034
45.49599877	6.75319862	0.66357034
45.49999877	6.75319862	0.66357034
45.50399877	6.75319862	0.66357034
45.50799877	6.75319862	0.66357034
45.51199877	6.91437006	0.66357034
45.51599877	6.91437006	0.66357034
45.51999877	6.91437006	0.66357034
45.52399877	6.91437006	0.66357034
45.52799877	6.75319862	0.66357034
45.53199877	6.75319862	0.66357034
45.53599877	6.91437006	0.66357034
45.53999877	6.91437006	0.66357034
45.54399877	6.91437006	0.66357034
45.54799877	6.91437006	0.66357034
45.55199877	6.75319862	0.66357034
45.55599877	6.75319862	0.66357034
45.55999877	6.91437006	0.66357034
45.56399877	6.91437006	0.66357034
45.56799877	6.91437006	0.66357034
45.57199877	6.91437006	0.66357034
45.57599877	6.75319862	0.66357034
45.57999877	6.75319862	0.66357034
45.58399876	6.91437006	0.66357034
45.58799876	6.91437006	0.66357034
45.59199876	6.91437006	0.66357034
45.59599876	6.75319862	0.66357034
45.59999876	6.91437006	0.66357034
45.60399876	6.91437006	0.66357034
45.60799876	6.91437006	0.66357034
45.61199876	6.75319862	0.66357034
45.61599876	6.75319862	0.66357034
45.61999876	6.91437006	0.66357034
45.62399876	6.91437006	0.66357034
45.62799876	6.91437006	0.66357034
45.63199876	6.75319862	0.66357034
45.63599876	6.75319862	0.66357034
45.63999876	6.91437006	0.66357034
45.64399876	6.91437006	0.66357034
45.64799876	6.91437006	0.66357034
45.65199876	6.91437006	0.66357034
45.65599876	6.91437006	0.66357034
45.65999876	6.91437006	0.66357034
45.66399876	6.75319862	0.66357034
45.66799876	6.91437006	0.66357034
45.67199876	6.91437006	0.66357034
45.67599876	6.91437006	0.66357034
45.67999876	6.75319862	0.66357034
45.68399876	6.91437006	0.66357034
45.68799876	6.91437006	0.66357034
45.69199876	6.75319862	0.66357034
45.69599876	6.75319862	0.66357034
45.69999876	6.75319862	0.66357034
45.70399876	6.91437006	0.66357034
45.70799876	6.91437006	0.66357034
45.71199876	6.91437006	0.66357034
45.71599876	6.75319862	0.66357034
45.71999876	6.75319862	0.66357034
45.72399876	6.91437006	0.66357034
45.72799876	6.91437006	0.66357034
45.73199876	6.91437006	0.66357034
45.73599876	6.91437006	0.66357034
45.73999876	6.91437006	0.66357034
45.74399876	6.75319862	0.66357034
45.74799876	6.91437006	0.66357034
45.75199876	6.91437006	0.66357034
45.75599876	6.91437006	0.66357034
45.75999876	6.91437006	0.66357034
45.76399876	6.91437006	0.66357034
45.76799876	6.91437006	0.66357034
45.77199876	6.91437006	0.66357034
45.77599876	6.91437006	0.66357034
45.77999876	6.91437006	0.66357034
45.78399876	6.91437006	0.66357034
45.78799876	6.91437006	0.66357034
45.79199876	6.91437006	0.66357034
45.79599876	6.75319862	0.66357034
45.79999876	6.91437006	0.66357034
45.80399876	6.91437006	0.66357034
45.80799876	6.91437006	0.66357034
45.81199876	6.91437006	0.66357034
45.81599876	6.91437006	0.66357034
45.81999876	6.75319862	0.66357034
45.82399876	6.75319862	0.66357034
45.82799876	6.91437006	0.66357034
45.83199876	6.91437006	0.66357034
45.83599876	6.91437006	0.66357034
45.83999876	6.91437006	0.66357034
45.84399876	6.75319862	0.66357034
45.84799876	6.75319862	0.66357034
45.85199876	6.91437006	0.66357034
45.85599876	6.91437006	0.66357034
45.85999876	6.91437006	0.66357034
45.86399876	6.91437006	0.66357034
45.86799876	6.91437006	0.66357034
45.87199876	6.75319862	0.66357034
45.87599876	6.91437006	0.66357034
45.87999876	6.91437006	0.66357034
45.88399876	6.91437006	0.66357034
45.88799876	6.91437006	0.66357034
45.89199876	6.91437006	0.66357034
45.89599876	6.91437006	0.66357034
45.89999876	6.91437006	0.66357034
45.90399876	6.91437006	0.66357034
45.90799876	6.91437006	0.66357034
45.91199876	6.91437006	0.66357034
45.91599876	6.91437006	0.66357034
45.91999876	6.91437006	0.66357034
45.92399876	6.75319862	0.66357034
45.92799876	6.91437006	0.66357034
45.93199876	6.91437006	0.66357034
45.93599876	6.91437006	0.66357034
45.93999875	6.91437006	0.66357034
45.94399875	6.91437006	0.66357034
45.94799875	6.91437006	0.66357034
45.95199875	6.91437006	0.66357034
45.95599875	6.91437006	0.66357034
45.95999875	6.75319862	0.66357034
45.96399875	6.75319862	0.66357034
45.96799875	6.91437006	0.66357034
45.97199875	6.91437006	0.66357034
45.97599875	6.91437006	0.66357034
45.97999875	6.75319862	0.66357034
45.98399875	6.91437006	0.66357034
45.98799875	6.91437006	0.66357034
45.99199875	6.91437006	0.66357034
45.99599875	6.91437006	0.66357034
45.99999875	6.91437006	0.66357034
46.00399875	6.91437006	0.66357034
46.00799875	6.91437006	0.66357034
46.01199875	6.75319862	0.66357034
46.01599875	6.75319862	0.66357034
46.01999875	6.91437006	0.66357034
46.02399875	6.91437006	0.66357034
46.02799875	6.91437006	0.66357034
46.03199875	6.91437006	0.66357034
46.03599875	6.91437006	0.66357034
46.03999875	6.91437006	0.66357034
46.04399875	6.91437006	0.66357034
46.04799875	6.75319862	0.66357034
46.05199875	6.91437006	0.66357034
46.05599875	6.91437006	0.66357034
46.05999875	6.91437006	0.66357034
46.06399875	6.91437006	0.66357034
46.06799875	6.91437006	0.66357034
46.07199875	6.91437006	0.66357034
46.07599875	6.91437006	0.66357034
46.07999875	6.75319862	0.66357034
46.08399875	6.75319862	0.66357034
46.08799875	6.75319862	0.66357034
46.09199875	6.75319862	0.66357034
46.09599875	6.75319862	0.66357034
46.09999875	6.75319862	0.66357034
46.10399875	6.91437006	0.66357034
46.10799875	6.91437006	0.66357034
46.11199875	6.91437006	0.66357034
46.11599875	6.75319862	0.66357034
46.11999875	6.91437006	0.66357034
46.12399875	6.91437006	0.66357034
46.12799875	6.91437006	0.66357034
46.13199875	6.75319862	0.66357034
46.13599875	6.91437006	0.66357034
46.13999875	6.91437006	0.66357034
46.14399875	6.91437006	0.66357034
46.14799875	6.75319862	0.66357034
46.15199875	6.75319862	0.66357034
46.15599875	6.75319862	0.66357034
46.15999875	6.91437006	0.66357034
46.16399875	6.75319862	0.66357034
46.16799875	6.75319862	0.66357034
46.17199875	6.91437006	0.66357034
46.17599875	6.91437006	0.66357034
46.17999875	6.75319862	0.66357034
46.18399875	6.75319862	0.66357034
46.18799875	6.75319862	0.66357034
46.19199875	6.91437006	0.66357034
46.19599875	6.91437006	0.66357034
46.19999875	6.75319862	0.66357034
46.20399875	6.75319862	0.66357034
46.20799875	6.75319862	0.66357034
46.21199875	6.91437006	0.66357034
46.21599875	6.91437006	0.66357034
46.21999875	6.75319862	0.66357034
46.22399875	6.75319862	0.66357034
46.22799875	6.75319862	0.66357034
46.23199875	6.75319862	0.66357034
46.23599875	6.75319862	0.66357034
46.23999875	6.75319862	0.66357034
46.24399875	6.91437006	0.66357034
46.24799875	6.91437006	0.66357034
46.25199875	6.75319862	0.66357034
46.25599875	6.75319862	0.66357034
46.25999875	6.75319862	0.66357034
46.26399875	6.91437006	0.66357034
46.26799875	6.91437006	0.66357034
46.27199875	6.91437006	0.66357034
46.27599875	6.75319862	0.66357034
46.27999875	6.75319862	0.66357034
46.28399875	6.75319862	0.66357034
46.28799875	6.75319862	0.66357034
46.29199874	6.91437006	0.66357034
46.29599874	6.91437006	0.66357034
46.29999874	6.91437006	0.66357034
46.30399874	6.75319862	0.66357034
46.30799874	6.75319862	0.66357034
46.31199874	6.75319862	0.66357034
46.31599874	6.75319862	0.66357034
46.31999874	6.75319862	0.66357034
46.32399874	6.91437006	0.66357034
46.32799874	6.91437006	0.66357034
46.33199874	6.75319862	0.66357034
46.33599874	6.75319862	0.66357034
46.33999874	6.75319862	0.66357034
46.34399874	6.75319862	0.66357034
46.34799874	6.75319862	0.64776081
46.35199874	6.91437006	0.66357034
46.35599874	6.91437006	0.66357034
46.35999874	6.75319862	0.66357034
46.36399874	6.75319862	0.66357034
46.36799874	6.91437006	0.66357034
46.37199874	6.75319862	0.66357034
46.37599874	6.75319862	0.66357034
46.37999874	6.75319862	0.66357034
46.38399874	6.91437006	0.66357034
46.38799874	6.75319862	0.66357034
46.39199874	6.75319862	0.66357034
46.39599874	6.75319862	0.64776081
46.39999874	6.91437006	0.66357034
46.40399874	6.91437006	0.66357034
46.40799874	6.91437006	0.66357034
46.41199874	6.75319862	0.66357034
46.41599874	6.75319862	0.66357034
46.41999874	6.75319862	0.66357034
46.42399874	6.91437006	0.66357034
46.42799874	6.75319862	0.66357034
46.43199874	6.75319862	0.64776081
46.43599874	6.75319862	0.66357034
46.43999874	6.75319862	0.66357034
46.44399874	6.75319862	0.64776081
46.44799874	6.91437006	0.64776081
46.45199874	6.91437006	0.66357034
46.45599874	6.75319862	0.66357034
46.45999874	6.75319862	0.64776081
46.46399874	6.91437006	0.64776081
46.46799874	6.91437006	0.66357034
46.47199874	6.91437006	0.66357034
46.47599874	6.75319862	0.64776081
46.47999874	6.75319862	0.64776081
46.48399874	6.91437006	0.66357034
46.48799874	6.91437006	0.66357034
46.49199874	6.75319862	0.66357034
46.49599874	6.75319862	0.64776081
46.49999874	6.75319862	0.64776081
46.50399874	6.91437006	0.64776081
46.50799874	6.75319862	0.66357034
46.51199874	6.75319862	0.64776081
46.51599874	6.75319862	0.64776081
46.51999874	6.75319862	0.64776081
46.52399874	6.75319862	0.66357034
46.52799874	6.75319862	0.64776081
46.53199874	6.75319862	0.64776081
46.53599874	6.91437006	0.66357034
46.53999874	6.91437006	0.66357034
46.54399874	6.75319862	0.66357034
46.54799874	6.75319862	0.64776081
46.55199874	6.75319862	0.66357034
46.55599874	6.91437006	0.64776081
46.55999874	6.91437006	0.66357034
46.56399874	6.75319862	0.66357034
46.56799874	6.91437006	0.66357034
46.57199874	6.91437006	0.64776081
46.57599874	6.75319862	0.66357034
46.57999874	6.75319862	0.64776081
46.58399874	6.75319862	0.64776081
46.58799874	6.91437006	0.64776081
46.59199874	6.91437006	0.64776081
46.59599874	6.91437006	0.64776081
46.59999874	6.75319862	0.64776081
46.60399874	6.75319862	0.64776081
46.60799874	6.75319862	0.64776081
46.61199874	6.75319862	0.64776081
46.61599874	6.91437006	0.66357034
46.61999874	6.91437006	0.64776081
46.62399874	6.91437006	0.64776081
46.62799874	6.75319862	0.64776081
46.63199874	6.75319862	0.64776081
46.63599874	6.75319862	0.64776081
46.63999874	6.91437006	0.64776081
46.64399873	6.91437006	0.64776081
46.64799873	6.91437006	0.64776081
46.65199873	6.75319862	0.64776081
46.65599873	6.75319862	0.64776081
46.65999873	6.75319862	0.64776081
46.66399873	6.75319862	0.64776081
46.66799873	6.75319862	0.64776081
46.67199873	6.91437006	0.66357034
46.67599873	6.91437006	0.64776081
46.67999873	6.75319862	0.64776081
46.68399873	6.75319862	0.64776081
46.68799873	6.75319862	0.64776081
46.69199873	6.91437006	0.64776081
46.69599873	6.91437006	0.66357034
46.69999873	6.75319862	0.66357034
46.70399873	6.75319862	0.66357034
46.70799873	6.75319862	0.64776081
46.71199873	6.75319862	0.64776081
46.71599873	6.75319862	0.64776081
46.71999873	6.75319862	0.64776081
46.72399873	6.91437006	0.64776081
46.72799873	6.91437006	0.64776081
46.73199873	6.75319862	0.64776081
46.73599873	6.75319862	0.64776081
46.73999873	6.91437006	0.64776081
46.74399873	6.91437006	0.64776081
46.74799873	6.75319862	0.64776081
46.75199873	6.75319862	0.64776081
46.75599873	6.75319862	0.64776081
46.75999873	6.91437006	0.64776081
46.76399873	6.91437006	0.64776081
46.76799873	6.91437006	0.64776081
46.77199873	6.75319862	0.64776081
46.77599873	6.75319862	0.64776081
46.77999873	6.75319862	0.64776081
46.78399873	6.75319862	0.64776081
46.78799873	6.75319862	0.64776081
46.79199873	6.91437006	0.64776081
46.79599873	6.75319862	0.64776081
46.79999873	6.75319862	0.64776081
46.80399873	6.75319862	0.64776081
46.80799873	6.75319862	0.64776081
46.81199873	6.75319862	0.64776081
46.81599873	6.75319862	0.64776081
46.81999873	6.91437006	0.64776081
46.82399873	6.91437006	0.64776081
46.82799873	6.75319862	0.64776081
46.83199873	6.75319862	0.64776081
46.83599873	6.75319862	0.64776081
46.83999873	6.91437006	0.64776081
46.84399873	6.75319862	0.64776081
46.84799873	6.75319862	0.64776081
46.85199873	6.75319862	0.64776081
46.85599873	6.75319862	0.64776081
46.85999873	6.75319862	0.64776081
46.86399873	6.75319862	0.64776081
46.86799873	6.75319862	0.64776081
46.87199873	6.75319862	0.64776081
46.87599873	6.75319862	0.64776081
46.87999873	6.75319862	0.64776081
46.88399873	6.91437006	0.64776081
46.88799873	6.75319862	0.64776081
46.89199873	6.75319862	0.64776081
46.89599873	6.75319862	0.64776081
46.89999873	6.75319862	0.64776081
46.90399873	6.91437006	0.64776081
46.90799873	6.91437006	0.64776081
46.91199873	6.75319862	0.64776081
46.91599873	6.75319862	0.64776081
46.91999873	6.75319862	0.64776081
46.92399873	6.91437006	0.64776081
46.92799873	6.91437006	0.64776081
46.93199873	6.75319862	0.64776081
46.93599873	6.75319862	0.64776081
46.93999873	6.75319862	0.64776081
46.94399873	6.75319862	0.64776081
46.94799873	6.75319862	0.64776081
46.95199873	6.75319862	0.64776081
46.95599873	6.75319862	0.64776081
46.95999873	6.75319862	0.64776081
46.96399873	6.75319862	0.64776081
46.96799873	6.75319862	0.64776081
46.97199873	6.75319862	0.64776081
46.97599873	6.91437006	0.64776081
46.97999873	6.91437006	0.64776081
46.98399873	6.91437006	0.64776081
46.98799873	6.75319862	0.64776081
46.99199873	6.75319862	0.64776081
46.99599873	6.75319862	0.64776081
46.99999872	6.75319862	0.64776081
47.00399872	6.91437006	0.64776081
47.00799872	6.91437006	0.64776081
47.01199872	6.75319862	0.64776081
47.01599872	6.75319862	0.64776081
47.01999872	6.75319862	0.64776081
47.02399872	6.75319862	0.64776081
47.02799872	6.75319862	0.64776081
47.03199872	6.75319862	0.64776081
47.03599872	6.91437006	0.64776081
47.03999872	6.91437006	0.64776081
47.04399872	6.75319862	0.64776081
47.04799872	6.75319862	0.64776081
47.05199872	6.91437006	0.64776081
47.05599872	6.91437006	0.64776081
47.05999872	6.75319862	0.64776081
47.06399872	6.75319862	0.64776081
47.06799872	6.75319862	0.64776081
47.07199872	6.75319862	0.64776081
47.07599872	6.91437006	0.64776081
47.07999872	6.75319862	0.64776081
47.08399872	6.75319862	0.64776081
47.08799872	6.91437006	0.64776081
47.09199872	6.91437006	0.64776081
47.09599872	6.75319862	0.64776081
47.09999872	6.75319862	0.64776081
47.10399872	6.75319862	0.64776081
47.10799872	6.91437006	0.64776081
47.11199872	6.75319862	0.64776081
47.11599872	6.75319862	0.64776081
47.11999872	6.75319862	0.64776081
47.12399872	6.75319862	0.64776081
47.12799872	6.91437006	0.64776081
47.13199872	6.75319862	0.64776081
47.13599872	6.75319862	0.64776081
47.13999872	6.91437006	0.64776081
47.14399872	6.75319862	0.64776081
47.14799872	6.75319862	0.64776081
47.15199872	6.75319862	0.64776081
47.15599872	6.75319862	0.64776081
47.15999872	6.75319862	0.64776081
47.16399872	6.75319862	0.64776081
47.16799872	6.75319862	0.64776081
47.17199872	6.91437006	0.64776081
47.17599872	6.91437006	0.64776081
47.17999872	6.75319862	0.64776081
47.18399872	6.75319862	0.64776081
47.18799872	6.75319862	0.64776081
47.19199872	6.91437006	0.64776081
47.19599872	6.91437006	0.64776081
47.19999872	6.75319862	0.64776081
47.20399872	6.75319862	0.64776081
47.20799872	6.75319862	0.64776081
47.21199872	6.91437006	0.64776081
47.21599872	6.75319862	0.64776081
47.21999872	6.75319862	0.64776081
47.22399872	6.75319862	0.64776081
47.22799872	6.75319862	0.64776081
47.23199872	6.75319862	0.64776081
47.23599872	6.75319862	0.64776081
47.23999872	6.75319862	0.64776081
47.24399872	6.75319862	0.64776081
47.24799872	6.75319862	0.64776081
47.25199872	6.75319862	0.64776081
47.25599872	6.75319862	0.64776081
47.25999872	6.75319862	0.64776081
47.26399872	6.75319862	0.64776081
47.26799872	6.75319862	0.64776081
47.27199872	6.75319862	0.64776081
47.27599872	6.75319862	0.64776081
47.27999872	6.75319862	0.64776081
47.28399872	6.75319862	0.64776081
47.28799872	6.75319862	0.64776081
47.29199872	6.75319862	0.64776081
47.29599872	6.75319862	0.64776081
47.29999872	6.75319862	0.64776081
47.30399872	6.75319862	0.64776081
47.30799872	6.91437006	0.64776081
47.31199872	6.75319862	0.64776081
47.31599872	6.75319862	0.64776081
47.31999872	6.75319862	0.64776081
47.32399872	6.91437006	0.64776081
47.32799872	6.91437006	0.64776081
47.33199872	6.75319862	0.64776081
47.33599872	6.75319862	0.64776081
47.33999872	6.75319862	0.64776081
47.34399872	6.75319862	0.64776081
47.34799872	6.75319862	0.64776081
47.35199871	6.91437006	0.64776081
47.35599871	6.91437006	0.64776081
47.35999871	6.75319862	0.64776081
47.36399871	6.75319862	0.64776081
47.36799871	6.75319862	0.64776081
47.37199871	6.75319862	0.64776081
47.37599871	6.91437006	0.64776081
47.37999871	6.75319862	0.64776081
47.38399871	6.75319862	0.64776081
47.38799871	6.75319862	0.64776081
47.39199871	6.75319862	0.64776081
47.39599871	6.75319862	0.64776081
47.39999871	6.75319862	0.64776081
47.40399871	6.75319862	0.64776081
47.40799871	6.91437006	0.64776081
47.41199871	6.75319862	0.64776081
47.41599871	6.75319862	0.64776081
47.41999871	6.75319862	0.64776081
47.42399871	6.75319862	0.64776081
47.42799871	6.75319862	0.64776081
47.43199871	6.75319862	0.64776081
47.43599871	6.75319862	0.64776081
47.43999871	6.75319862	0.64776081
47.44399871	6.75319862	0.64776081
47.44799871	6.75319862	0.64776081
47.45199871	6.75319862	0.64776081
47.45599871	6.75319862	0.64776081
47.45999871	6.91437006	0.64776081
47.46399871	6.91437006	0.64776081
47.46799871	6.75319862	0.64776081
47.47199871	6.75319862	0.64776081
47.47599871	6.75319862	0.64776081
47.47999871	6.75319862	0.64776081
47.48399871	6.75319862	0.64776081
47.48799871	6.75319862	0.64776081
47.49199871	6.91437006	0.64776081
47.49599871	6.75319862	0.64776081
47.49999871	6.75319862	0.64776081
47.50399871	6.75319862	0.64776081
47.50799871	6.75319862	0.64776081
47.51199871	6.75319862	0.64776081
47.51599871	6.91437006	0.64776081
47.51999871	6.75319862	0.64776081
47.52399871	6.75319862	0.64776081
47.52799871	6.75319862	0.64776081
47.53199871	6.75319862	0.64776081
47.53599871	6.75319862	0.64776081
47.53999871	6.75319862	0.64776081
47.54399871	6.91437006	0.64776081
47.54799871	6.75319862	0.64776081
47.55199871	6.75319862	0.64776081
47.55599871	6.75319862	0.64776081
47.55999871	6.75319862	0.64776081
47.56399871	6.75319862	0.64776081
47.56799871	6.91437006	0.64776081
47.57199871	6.91437006	0.64776081
47.57599871	6.75319862	0.64776081
47.57999871	6.75319862	0.64776081
47.58399871	6.75319862	0.64776081
47.58799871	6.75319862	0.64776081
47.59199871	6.75319862	0.64776081
47.59599871	6.91437006	0.64776081
47.59999871	6.91437006	0.64776081
47.60399871	6.75319862	0.64776081
47.60799871	6.75319862	0.64776081
47.61199871	6.75319862	0.63195127
47.61599871	6.75319862	0.63195127
47.61999871	6.91437006	0.64776081
47.62399871	6.91437006	0.64776081
47.62799871	6.91437006	0.63195127
47.63199871	6.75319862	0.64776081
47.63599871	6.75319862	0.63195127
47.63999871	6.75319862	0.63195127
47.64399871	6.75319862	0.64776081
47.64799871	6.91437006	0.64776081
47.65199871	6.91437006	0.64776081
47.65599871	6.75319862	0.64776081
47.65999871	6.75319862	0.64776081
47.66399871	6.75319862	0.63195127
47.66799871	6.75319862	0.64776081
47.67199871	6.91437006	0.64776081
47.67599871	6.91437006	0.64776081
47.67999871	6.91437006	0.64776081
47.68399871	6.75319862	0.64776081
47.68799871	6.75319862	0.64776081
47.69199871	6.75319862	0.63195127
47.69599871	6.75319862	0.63195127
47.69999871	6.91437006	0.64776081
47.70399871	6.91437006	0.64776081
47.70799870	6.75319862	0.64776081
47.71199870	6.75319862	0.64776081
47.71599870	6.59264278	0.63195127
47.71999870	6.75319862	0.64776081
47.72399870	6.75319862	0.64776081
47.72799870	6.75319862	0.64776081
47.73199870	6.75319862	0.64776081
47.73599870	6.91437006	0.63195127
47.73999870	6.75319862	0.64776081
47.74399870	6.75319862	0.64776081
47.74799870	6.59264278	0.63195127
47.75199870	6.75319862	0.64776081
47.75599870	6.91437006	0.64776081
47.75999870	6.91437006	0.64776081
47.76399870	6.75319862	0.64776081
47.76799870	6.75319862	0.63195127
47.77199870	6.75319862	0.63195127
47.77599870	6.75319862	0.64776081
47.77999870	6.91437006	0.63195127
47.78399870	6.91437006	0.63195127
47.78799870	6.91437006	0.64776081
47.79199870	6.75319862	0.64776081
47.79599870	6.75319862	0.63195127
47.79999870	6.75319862	0.63195127
47.80399870	6.75319862	0.63195127
47.80799870	6.91437006	0.63195127
47.81199870	6.75319862	0.63195127
47.81599870	6.75319862	0.63195127
47.81999870	6.75319862	0.63195127
47.82399870	6.75319862	0.63195127
47.82799870	6.75319862	0.63195127
47.83199870	6.75319862	0.64776081
47.83599870	6.75319862	0.63195127
47.83999870	6.91437006	0.63195127
47.84399870	6.91437006	0.64776081
47.84799870	6.75319862	0.63195127
47.85199870	6.75319862	0.63195127
47.85599870	6.75319862	0.64776081
47.85999870	6.91437006	0.64776081
47.86399870	6.91437006	0.63195127
47.86799870	6.75319862	0.63195127
47.87199870	6.75319862	0.63195127
47.87599870	6.75319862	0.63195127
47.87999870	6.75319862	0.64776081
47.88399870	6.75319862	0.63195127
47.88799870	6.75319862	0.63195127
47.89199870	6.75319862	0.63195127
47.89599870	6.75319862	0.63195127
47.89999870	6.75319862	0.63195127
47.90399870	6.75319862	0.63195127
47.90799870	6.75319862	0.63195127
47.91199870	6.75319862	0.63195127
47.91599870	6.75319862	0.63195127
47.91999870	6.75319862	0.63195127
47.92399870	6.75319862	0.63195127
47.92799870	6.91437006	0.63195127
47.93199870	6.75319862	0.63195127
47.93599870	6.75319862	0.63195127
47.93999870	6.75319862	0.63195127
47.94399870	6.75319862	0.63195127
47.94799870	6.75319862	0.63195127
47.95199870	6.75319862	0.63195127
47.95599870	6.91437006	0.63195127
47.95999870	6.75319862	0.64776081
47.96399870	6.75319862	0.63195127
47.96799870	6.75319862	0.63195127
47.97199870	6.75319862	0.63195127
47.97599870	6.75319862	0.63195127
47.97999870	6.75319862	0.63195127
47.98399870	6.75319862	0.63195127
47.98799870	6.75319862	0.63195127
47.99199870	6.75319862	0.63195127
47.99599870	6.75319862	0.63195127
47.99999870	6.75319862	0.63195127
48.00399870	6.75319862	0.63195127
48.00799870	6.91437006	0.63195127
48.01199870	6.75319862	0.63195127
48.01599870	6.75319862	0.63195127
48.01999870	6.75319862	0.63195127
48.02399870	6.75319862	0.63195127
48.02799870	6.75319862	0.63195127
48.03199870	6.75319862	0.63195127
48.03599870	6.75319862	0.63195127
48.03999870	6.75319862	0.63195127
48.04399870	6.75319862	0.63195127
48.04799870	6.75319862	0.63195127
48.05199870	6.75319862	0.63195127
48.05599870	6.75319862	0.63195127
48.05999869	6.91437006	0.63195127
48.06399869	6.75319862	0.63195127
48.06799869	6.75319862	0.63195127
48.07199869	6.75319862	0.63195127
48.07599869	6.75319862	0.63195127
48.07999869	6.75319862	0.63195127
48.08399869	6.75319862	0.63195127
48.08799869	6.75319862	0.63195127
48.09199869	6.75319862	0.63195127
48.09599869	6.75319862	0.63195127
48.09999869	6.75319862	0.63195127
48.10399869	6.75319862	0.63195127
48.10799869	6.75319862	0.63195127
48.11199869	6.75319862	0.63195127
48.11599869	6.75319862	0.63195127
48.11999869	6.75319862	0.63195127
48.12399869	6.75319862	0.63195127
48.12799869	6.75319862	0.63195127
48.13199869	6.75319862	0.63195127
48.13599869	6.75319862	0.63195127
48.13999869	6.75319862	0.63195127
48.14399869	6.75319862	0.63195127
48.14799869	6.75319862	0.63195127
48.15199869	6.75319862	0.63195127
48.15599869	6.75319862	0.63195127
48.15999869	6.75319862	0.63195127
48.16399869	6.75319862	0.63195127
48.16799869	6.75319862	0.63195127
48.17199869	6.75319862	0.63195127
48.17599869	6.75319862	0.63195127
48.17999869	6.75319862	0.63195127
48.18399869	6.75319862	0.63195127
48.18799869	6.75319862	0.63195127
48.19199869	6.75319862	0.63195127
48.19599869	6.75319862	0.63195127
48.19999869	6.75319862	0.63195127
48.20399869	6.75319862	0.63195127
48.20799869	6.75319862	0.63195127
48.21199869	6.75319862	0.63195127
48.21599869	6.75319862	0.63195127
48.21999869	6.75319862	0.63195127
48.22399869	6.75319862	0.63195127
48.22799869	6.75319862	0.63195127
48.23199869	6.75319862	0.63195127
48.23599869	6.75319862	0.63195127
48.23999869	6.75319862	0.63195127
48.24399869	6.75319862	0.63195127
48.24799869	6.75319862	0.63195127
48.25199869	6.75319862	0.63195127
48.25599869	6.75319862	0.63195127
48.25999869	6.75319862	0.63195127
48.26399869	6.75319862	0.63195127
48.26799869	6.75319862	0.63195127
48.27199869	6.75319862	0.63195127
48.27599869	6.75319862	0.63195127
48.27999869	6.75319862	0.63195127
48.28399869	6.75319862	0.63195127
48.28799869	6.75319862	0.63195127
48.29199869	6.75319862	0.63195127
48.29599869	6.75319862	0.63195127
48.29999869	6.75319862	0.63195127
48.30399869	6.75319862	0.63195127
48.30799869	6.75319862	0.63195127
48.31199869	6.75319862	0.63195127
48.31599869	6.75319862	0.63195127
48.31999869	6.75319862	0.63195127
48.32399869	6.75319862	0.63195127
48.32799869	6.75319862	0.63195127
48.33199869	6.91437006	0.63195127
48.33599869	6.75319862	0.63195127
48.33999869	6.75319862	0.63195127
48.34399869	6.75319862	0.63195127
48.34799869	6.75319862	0.63195127
48.35199869	6.75319862	0.63195127
48.35599869	6.75319862	0.63195127
48.35999869	6.75319862	0.63195127
48.36399869	6.75319862	0.63195127
48.36799869	6.75319862	0.63195127
48.37199869	6.75319862	0.63195127
48.37599869	6.75319862	0.63195127
48.37999869	6.75319862	0.63195127
48.38399869	6.75319862	0.63195127
48.38799869	6.75319862	0.63195127
48.39199869	6.75319862	0.63195127
48.39599869	6.75319862	0.63195127
48.39999869	6.75319862	0.63195127
48.40399869	6.75319862	0.63195127
48.40799869	6.75319862	0.63195127
48.41199868	6.75319862	0.63195127
48.41599868	6.75319862	0.63195127
48.41999868	6.75319862	0.63195127
48.42399868	6.75319862	0.63195127
48.42799868	6.75319862	0.63195127
48.43199868	6.75319862	0.63195127
48.43599868	6.91437006	0.63195127
48.43999868	6.91437006	0.63195127
48.44399868	6.75319862	0.63195127
48.44799868	6.75319862	0.63195127
48.45199868	6.91437006	0.63195127
48.45599868	6.75319862	0.63195127
48.45999868	6.75319862	0.63195127
48.46399868	6.75319862	0.63195127
48.46799868	6.75319862	0.63195127
48.47199868	6.91437006	0.63195127
48.47599868	6.75319862	0.63195127
48.47999868	6.75319862	0.63195127
48.48399868	6.75319862	0.63195127
48.48799868	6.91437006	0.63195127
48.49199868	6.75319862	0.63195127
48.49599868	6.75319862	0.63195127
48.49999868	6.75319862	0.63195127
48.50399868	6.75319862	0.63195127
48.50799868	6.75319862	0.63195127
48.51199868	6.75319862	0.63195127
48.51599868	6.75319862	0.63195127
48.51999868	6.75319862	0.63195127
48.52399868	6.75319862	0.63195127
48.52799868	6.75319862	0.63195127
48.53199868	6.75319862	0.63195127
48.53599868	6.75319862	0.63195127
48.53999868	6.75319862	0.63195127
48.54399868	6.75319862	0.63195127
48.54799868	6.75319862	0.63195127
48.55199868	6.91437006	0.63195127
48.55599868	6.75319862	0.63195127
48.55999868	6.75319862	0.63195127
48.56399868	6.75319862	0.63195127
48.56799868	6.75319862	0.63195127
48.57199868	6.75319862	0.63195127
48.57599868	6.75319862	0.63195127
48.57999868	6.75319862	0.63195127
48.58399868	6.75319862	0.63195127
48.58799868	6.75319862	0.63195127
48.59199868	6.75319862	0.63195127
48.59599868	6.75319862	0.63195127
48.59999868	6.75319862	0.63195127
48.60399868	6.75319862	0.63195127
48.60799868	6.75319862	0.63195127
48.61199868	6.91437006	0.63195127
48.61599868	6.91437006	0.63195127
48.61999868	6.91437006	0.63195127
48.62399868	6.75319862	0.63195127
48.62799868	6.75319862	0.63195127
48.63199868	6.75319862	0.63195127
48.63599868	6.91437006	0.63195127
48.63999868	6.75319862	0.63195127
48.64399868	6.75319862	0.63195127
48.64799868	6.75319862	0.63195127
48.65199868	6.75319862	0.63195127
48.65599868	6.75319862	0.63195127
48.65999868	6.75319862	0.63195127
48.66399868	6.75319862	0.63195127
48.66799868	6.75319862	0.63195127
48.67199868	6.75319862	0.63195127
48.67599868	6.75319862	0.63195127
48.67999868	6.75319862	0.63195127
48.68399868	6.75319862	0.63195127
48.68799868	6.91437006	0.63195127
48.69199868	6.75319862	0.63195127
48.69599868	6.75319862	0.63195127
48.69999868	6.75319862	0.63195127
48.70399868	6.75319862	0.63195127
48.70799868	6.75319862	0.63195127
48.71199868	6.75319862	0.63195127
48.71599868	6.75319862	0.63195127
48.71999868	6.75319862	0.63195127
48.72399868	6.75319862	0.63195127
48.72799868	6.75319862	0.63195127
48.73199868	6.75319862	0.63195127
48.73599868	6.75319862	0.63195127
48.73999868	6.75319862	0.63195127
48.74399868	6.75319862	0.63195127
48.74799868	6.75319862	0.61614174
48.75199868	6.75319862	0.63195127
48.75599868	6.75319862	0.63195127
48.75999868	6.75319862	0.63195127
48.76399868	6.75319862	0.63195127
48.76799867	6.75319862	0.63195127
48.77199867	6.75319862	0.61614174
48.77599867	6.91437006	0.63195127
48.77999867	6.75319862	0.63195127
48.78399867	6.75319862	0.63195127
48.78799867	6.75319862	0.63195127
48.79199867	6.91437006	0.63195127
48.79599867	6.75319862	0.63195127
48.79999867	6.75319862	0.63195127
48.80399867	6.75319862	0.63195127
48.80799867	6.75319862	0.61614174
48.81199867	6.75319862	0.63195127
48.81599867	6.75319862	0.63195127
48.81999867	6.75319862	0.63195127
48.82399867	6.75319862	0.63195127
48.82799867	6.75319862	0.63195127
48.83199867	6.75319862	0.63195127
48.83599867	6.75319862	0.63195127
48.83999867	6.75319862	0.63195127
48.84399867	6.75319862	0.63195127
48.84799867	6.75319862	0.63195127
48.85199867	6.75319862	0.61614174
48.85599867	6.75319862	0.61614174
48.85999867	6.75319862	0.63195127
48.86399867	6.75319862	0.61614174
48.86799867	6.75319862	0.63195127
48.87199867	6.75319862	0.63195127
48.87599867	6.75319862	0.61614174
48.87999867	6.75319862	0.63195127
48.88399867	6.75319862	0.63195127
48.88799867	6.75319862	0.61614174
48.89199867	6.59264278	0.61614174
48.89599867	6.75319862	0.61614174
48.89999867	6.75319862	0.63195127
48.90399867	6.75319862	0.61614174
48.90799867	6.75319862	0.61614174
48.91199867	6.75319862	0.63195127
48.91599867	6.75319862	0.63195127
48.91999867	6.75319862	0.63195127
48.92399867	6.75319862	0.61614174
48.92799867	6.75319862	0.61614174
48.93199867	6.75319862	0.61614174
48.93599867	6.75319862	0.63195127
48.93999867	6.75319862	0.61614174
48.94399867	6.59264278	0.63195127
48.94799867	6.75319862	0.61614174
48.95199867	6.75319862	0.61614174
48.95599867	6.75319862	0.63195127
48.95999867	6.75319862	0.61614174
48.96399867	6.75319862	0.61614174
48.96799867	6.75319862	0.63195127
48.97199867	6.59264278	0.63195127
48.97599867	6.75319862	0.63195127
48.97999867	6.75319862	0.61614174
48.98399867	6.75319862	0.63195127
48.98799867	6.75319862	0.61614174
48.99199867	6.75319862	0.61614174
48.99599867	6.75319862	0.61614174
48.99999867	6.75319862	0.63195127
49.00399867	6.59264278	0.61614174
49.00799867	6.59264278	0.61614174
49.01199867	6.75319862	0.61614174
49.01599867	6.75319862	0.61614174
49.01999867	6.75319862	0.61614174
49.02399867	6.59264278	0.61614174
49.02799867	6.75319862	0.61614174
49.03199867	6.75319862	0.61614174
49.03599867	6.75319862	0.63195127
49.03999867	6.75319862	0.61614174
49.04399867	6.75319862	0.61614174
49.04799867	6.75319862	0.61614174
49.05199867	6.75319862	0.61614174
49.05599867	6.59264278	0.63195127
49.05999867	6.59264278	0.61614174
49.06399867	6.75319862	0.61614174
49.06799867	6.75319862	0.61614174
49.07199867	6.75319862	0.61614174
49.07599867	6.75319862	0.61614174
49.07999867	6.75319862	0.61614174
49.08399867	6.75319862	0.61614174
49.08799867	6.75319862	0.61614174
49.09199867	6.59264278	0.61614174
49.09599867	6.59264278	0.61614174
49.09999867	6.75319862	0.63195127
49.10399867	6.75319862	0.61614174
49.10799867	6.75319862	0.61614174
49.11199867	6.75319862	0.61614174
49.11599867	6.75319862	0.61614174
49.11999866	6.75319862	0.61614174
49.12399866	6.75319862	0.61614174
49.12799866	6.75319862	0.61614174
49.13199866	6.75319862	0.61614174
49.13599866	6.75319862	0.61614174
49.13999866	6.75319862	0.61614174
49.14399866	6.75319862	0.61614174
49.14799866	6.75319862	0.61614174
49.15199866	6.75319862	0.61614174
49.15599866	6.75319862	0.61614174
49.15999866	6.75319862	0.61614174
49.16399866	6.75319862	0.61614174
49.16799866	6.59264278	0.61614174
49.17199866	6.75319862	0.61614174
49.17599866	6.75319862	0.61614174
49.17999866	6.75319862	0.61614174
49.18399866	6.75319862	0.61614174
49.18799866	6.75319862	0.61614174
49.19199866	6.75319862	0.61614174
49.19599866	6.75319862	0.61614174
49.19999866	6.75319862	0.61614174
49.20399866	6.75319862	0.61614174
49.20799866	6.75319862	0.63195127
49.21199866	6.75319862	0.61614174
49.21599866	6.75319862	0.61614174
49.21999866	6.75319862	0.61614174
49.22399866	6.75319862	0.61614174
49.22799866	6.75319862	0.61614174
49.23199866	6.75319862	0.61614174
49.23599866	6.75319862	0.61614174
49.23999866	6.75319862	0.61614174
49.24399866	6.75319862	0.61614174
49.24799866	6.75319862	0.61614174
49.25199866	6.75319862	0.61614174
49.25599866	6.75319862	0.61614174
49.25999866	6.75319862	0.61614174
49.26399866	6.75319862	0.61614174
49.26799866	6.75319862	0.61614174
49.27199866	6.75319862	0.61614174
49.27599866	6.75319862	0.61614174
49.27999866	6.75319862	0.61614174
49.28399866	6.75319862	0.61614174
49.28799866	6.75319862	0.61614174
49.29199866	6.75319862	0.61614174
49.29599866	6.75319862	0.61614174
49.29999866	6.75319862	0.61614174
49.30399866	6.75319862	0.61614174
49.30799866	6.75319862	0.61614174
49.31199866	6.75319862	0.61614174
49.31599866	6.75319862	0.61614174
49.31999866	6.75319862	0.61614174
49.32399866	6.75319862	0.61614174
49.32799866	6.75319862	0.61614174
49.33199866	6.75319862	0.61614174
49.33599866	6.75319862	0.61614174
49.33999866	6.75319862	0.61614174
49.34399866	6.75319862	0.61614174
49.34799866	6.75319862	0.61614174
49.35199866	6.75319862	0.61614174
49.35599866	6.75319862	0.61614174
49.35999866	6.75319862	0.61614174
49.36399866	6.75319862	0.61614174
49.36799866	6.75319862	0.61614174
49.37199866	6.75319862	0.61614174
49.37599866	6.75319862	0.61614174
49.37999866	6.75319862	0.61614174
49.38399866	6.75319862	0.61614174
49.38799866	6.75319862	0.61614174
49.39199866	6.75319862	0.61614174
49.39599866	6.75319862	0.61614174
49.39999866	6.75319862	0.61614174
49.40399866	6.75319862	0.61614174
49.40799866	6.75319862	0.61614174
49.41199866	6.75319862	0.61614174
49.41599866	6.75319862	0.61614174
49.41999866	6.75319862	0.61614174
49.42399866	6.75319862	0.61614174
49.42799866	6.75319862	0.61614174
49.43199866	6.75319862	0.61614174
49.43599866	6.75319862	0.61614174
49.43999866	6.75319862	0.61614174
49.44399866	6.75319862	0.61614174
49.44799866	6.75319862	0.61614174
49.45199866	6.75319862	0.61614174
49.45599866	6.75319862	0.61614174
49.45999866	6.75319862	0.61614174
49.46399866	6.75319862	0.61614174
49.46799866	6.75319862	0.61614174
49.47199866	6.75319862	0.61614174
49.47599865	6.75319862	0.61614174
49.47999865	6.75319862	0.61614174
49.48399865	6.75319862	0.61614174
49.48799865	6.75319862	0.61614174
49.49199865	6.75319862	0.61614174
49.49599865	6.75319862	0.61614174
49.49999865	6.75319862	0.61614174
49.50399865	6.75319862	0.61614174
49.50799865	6.75319862	0.61614174
49.51199865	6.75319862	0.61614174
49.51599865	6.75319862	0.61614174
49.51999865	6.75319862	0.61614174
49.52399865	6.75319862	0.61614174
49.52799865	6.75319862	0.61614174
49.53199865	6.75319862	0.61614174
49.53599865	6.75319862	0.61614174
49.53999865	6.75319862	0.61614174
49.54399865	6.75319862	0.61614174
49.54799865	6.59264278	0.61614174
49.55199865	6.75319862	0.61614174
49.55599865	6.91437006	0.61614174
49.55999865	6.75319862	0.61614174
49.56399865	6.75319862	0.61614174
49.56799865	6.75319862	0.61614174
49.57199865	6.75319862	0.61614174
49.57599865	6.75319862	0.61614174
49.57999865	6.75319862	0.61614174
49.58399865	6.75319862	0.61614174
49.58799865	6.75319862	0.61614174
49.59199865	6.75319862	0.61614174
49.59599865	6.75319862	0.61614174
49.59999865	6.75319862	0.61614174
49.60399865	6.75319862	0.61614174
49.60799865	6.75319862	0.61614174
49.61199865	6.75319862	0.61614174
49.61599865	6.75319862	0.61614174
49.61999865	6.75319862	0.61614174
49.62399865	6.75319862	0.61614174
49.62799865	6.75319862	0.61614174
49.63199865	6.75319862	0.61614174
49.63599865	6.75319862	0.61614174
49.63999865	6.75319862	0.61614174
49.64399865	6.75319862	0.61614174
49.64799865	6.75319862	0.61614174
49.65199865	6.59264278	0.61614174
49.65599865	6.75319862	0.61614174
49.65999865	6.75319862	0.61614174
49.66399865	6.75319862	0.61614174
49.66799865	6.75319862	0.61614174
49.67199865	6.75319862	0.61614174
49.67599865	6.75319862	0.61614174
49.67999865	6.75319862	0.61614174
49.68399865	6.75319862	0.61614174
49.68799865	6.75319862	0.61614174
49.69199865	6.75319862	0.61614174
49.69599865	6.75319862	0.61614174
49.69999865	6.75319862	0.61614174
49.70399865	6.75319862	0.61614174
49.70799865	6.75319862	0.61614174
49.71199865	6.75319862	0.61614174
49.71599865	6.75319862	0.61614174
49.71999865	6.75319862	0.61614174
49.72399865	6.75319862	0.61614174
49.72799865	6.75319862	0.61614174
49.73199865	6.75319862	0.61614174
49.73599865	6.75319862	0.61614174
49.73999865	6.75319862	0.61614174
49.74399865	6.75319862	0.61614174
49.74799865	6.75319862	0.61614174
49.75199865	6.75319862	0.61614174
49.75599865	6.75319862	0.61614174
49.75999865	6.75319862	0.61614174
49.76399865	6.75319862	0.61614174
49.76799865	6.75319862	0.61614174
49.77199865	6.75319862	0.61614174
49.77599865	6.75319862	0.61614174
49.77999865	6.75319862	0.61614174
49.78399865	6.75319862	0.61614174
49.78799865	6.75319862	0.61614174
49.79199865	6.75319862	0.61614174
49.79599865	6.75319862	0.61614174
49.79999865	6.75319862	0.61614174
49.80399865	6.75319862	0.60033220
49.80799865	6.75319862	0.61614174
49.81199865	6.75319862	0.61614174
49.81599865	6.75319862	0.61614174
49.81999865	6.75319862	0.61614174
49.82399865	6.75319862	0.61614174
49.82799864	6.75319862	0.61614174
49.83199864	6.75319862	0.61614174
49.83599864	6.75319862	0.61614174
49.83999864	6.75319862	0.61614174
49.84399864	6.75319862	0.61614174
49.84799864	6.75319862	0.61614174
49.85199864	6.75319862	0.61614174
49.85599864	6.75319862	0.61614174
49.85999864	6.75319862	0.61614174
49.86399864	6.75319862	0.60033220
49.86799864	6.75319862	0.60033220
49.87199864	6.75319862	0.61614174
49.87599864	6.75319862	0.61614174
49.87999864	6.75319862	0.61614174
49.88399864	6.75319862	0.61614174
49.88799864	6.75319862	0.61614174
49.89199864	6.75319862	0.60033220
49.89599864	6.75319862	0.61614174
49.89999864	6.75319862	0.61614174
49.90399864	6.75319862	0.61614174
49.90799864	6.75319862	0.61614174
49.91199864	6.75319862	0.61614174
49.91599864	6.75319862	0.61614174
49.91999864	6.75319862	0.61614174
49.92399864	6.75319862	0.61614174
49.92799864	6.75319862	0.61614174
49.93199864	6.75319862	0.60033220
49.93599864	6.75319862	0.61614174
49.93999864	6.75319862	0.61614174
49.94399864	6.75319862	0.61614174
49.94799864	6.75319862	0.61614174
49.95199864	6.75319862	0.61614174
49.95599864	6.75319862	0.61614174
49.95999864	6.75319862	0.61614174
49.96399864	6.59264278	0.60033220
49.96799864	6.75319862	0.61614174
49.97199864	6.75319862	0.60033220
49.97599864	6.75319862	0.61614174
49.97999864	6.75319862	0.60033220
49.98399864	6.75319862	0.60033220
49.98799864	6.75319862	0.61614174
49.99199864	6.75319862	0.61614174
49.99599864	6.75319862	0.60033220
49.99999864	6.75319862	0.61614174
50.00399864	6.75319862	0.60033220
50.00799864	6.75319862	0.61614174
50.01199864	6.59264278	0.60033220
50.01599864	6.59264278	0.60033220
50.01999864	6.75319862	0.61614174
50.02399864	6.75319862	0.60033220
50.02799864	6.75319862	0.60033220
50.03199864	6.75319862	0.61614174
50.03599864	6.75319862	0.60033220
50.03999864	6.75319862	0.60033220
50.04399864	6.59264278	0.61614174
50.04799864	6.75319862	0.60033220
50.05199864	6.75319862	0.60033220
50.05599864	6.75319862	0.61614174
50.05999864	6.75319862	0.60033220
50.06399864	6.59264278	0.61614174
50.06799864	6.59264278	0.60033220
50.07199864	6.75319862	0.61614174
50.07599864	6.75319862	0.60033220
50.07999864	6.75319862	0.61614174
50.08399864	6.75319862	0.60033220
50.08799864	6.75319862	0.60033220
50.09199864	6.75319862	0.60033220
50.09599864	6.59264278	0.60033220
50.09999864	6.59264278	0.60033220
50.10399864	6.75319862	0.60033220
50.10799864	6.75319862	0.60033220
50.11199864	6.75319862	0.60033220
50.11599864	6.75319862	0.60033220
50.11999864	6.75319862	0.60033220
50.12399864	6.59264278	0.60033220
50.12799864	6.59264278	0.60033220
50.13199864	6.75319862	0.60033220
50.13599864	6.75319862	0.60033220
50.13999864	6.75319862	0.60033220
50.14399864	6.59264278	0.60033220
50.14799864	6.59264278	0.60033220
50.15199864	6.59264278	0.60033220
50.15599864	6.75319862	0.60033220
50.15999864	6.75319862	0.60033220
50.16399864	6.75319862	0.60033220
50.16799864	6.75319862	0.61614174
50.17199864	6.59264278	0.60033220
50.17599864	6.59264278	0.60033220
50.17999863	6.59264278	0.60033220
50.18399863	6.75319862	0.60033220
50.18799863	6.75319862	0.61614174
50.19199863	6.75319862	0.60033220
50.19599863	6.75319862	0.60033220
50.19999863	6.75319862	0.60033220
50.20399863	6.59264278	0.60033220
50.20799863	6.59264278	0.60033220
50.21199863	6.59264278	0.60033220
50.21599863	6.75319862	0.60033220
50.21999863	6.75319862	0.60033220
50.22399863	6.75319862	0.60033220
50.22799863	6.59264278	0.60033220
50.23199863	6.59264278	0.60033220
50.23599863	6.59264278	0.60033220
50.23999863	6.75319862	0.60033220
50.24399863	6.75319862	0.60033220
50.24799863	6.75319862	0.60033220
50.25199863	6.75319862	0.60033220
50.25599863	6.59264278	0.60033220
50.25999863	6.59264278	0.60033220
50.26399863	6.59264278	0.60033220
50.26799863	6.75319862	0.60033220
50.27199863	6.75319862	0.60033220
50.27599863	6.75319862	0.60033220
50.27999863	6.59264278	0.60033220
50.28399863	6.59264278	0.60033220
50.28799863	6.59264278	0.60033220
50.29199863	6.59264278	0.60033220
50.29599863	6.75319862	0.60033220
50.29999863	6.75319862	0.60033220
50.30399863	6.75319862	0.60033220
50.30799863	6.59264278	0.60033220
50.31199863	6.59264278	0.60033220
50.31599863	6.59264278	0.60033220
50.31999863	6.59264278	0.60033220
50.32399863	6.75319862	0.60033220
50.32799863	6.75319862	0.60033220
50.33199863	6.59264278	0.60033220
50.33599863	6.75319862	0.60033220
50.33999863	6.59264278	0.60033220
50.34399863	6.75319862	0.60033220
50.34799863	6.59264278	0.60033220
50.35199863	6.75319862	0.60033220
50.35599863	6.75319862	0.60033220
50.35999863	6.75319862	0.60033220
50.36399863	6.59264278	0.60033220
50.36799863	6.59264278	0.60033220
50.37199863	6.59264278	0.60033220
50.37599863	6.75319862	0.60033220
50.37999863	6.75319862	0.60033220
50.38399863	6.75319862	0.60033220
50.38799863	6.59264278	0.60033220
50.39199863	6.75319862	0.60033220
50.39599863	6.59264278	0.60033220
50.39999863	6.59264278	0.60033220
50.40399863	6.75319862	0.60033220
50.40799863	6.75319862	0.60033220
50.41199863	6.75319862	0.60033220
50.41599863	6.59264278	0.60033220
50.41999863	6.59264278	0.60033220
50.42399863	6.59264278	0.60033220
50.42799863	6.75319862	0.60033220
50.43199863	6.75319862	0.60033220
50.43599863	6.75319862	0.60033220
50.43999863	6.75319862	0.60033220
50.44399863	6.75319862	0.60033220
50.44799863	6.75319862	0.60033220
50.45199863	6.59264278	0.60033220
50.45599863	6.75319862	0.60033220
50.45999863	6.75319862	0.60033220
50.46399863	6.59264278	0.60033220
50.46799863	6.75319862	0.60033220
50.47199863	6.75319862	0.60033220
50.47599863	6.75319862	0.60033220
50.47999863	6.59264278	0.60033220
50.48399863	6.59264278	0.60033220
50.48799863	6.75319862	0.60033220
50.49199863	6.75319862	0.60033220
50.49599863	6.75319862	0.60033220
50.49999863	6.75319862	0.60033220
50.50399863	6.75319862	0.60033220
50.50799863	6.59264278	0.60033220
50.51199863	6.75319862	0.60033220
50.51599863	6.75319862	0.60033220
50.51999863	6.75319862	0.60033220
50.52399863	6.75319862	0.60033220
50.52799863	6.59264278	0.60033220
50.53199863	6.59264278	0.60033220
50.53599862	6.59264278	0.60033220
50.53999862	6.75319862	0.60033220
50.54399862	6.75319862	0.60033220
50.54799862	6.75319862	0.60033220
50.55199862	6.75319862	0.60033220
50.55599862	6.59264278	0.60033220
50.55999862	6.59264278	0.60033220
50.56399862	6.59264278	0.60033220
50.56799862	6.75319862	0.60033220
50.57199862	6.75319862	0.60033220
50.57599862	6.75319862	0.60033220
50.57999862	6.59264278	0.60033220
50.58399862	6.59264278	0.60033220
50.58799862	6.59264278	0.60033220
50.59199862	6.75319862	0.60033220
50.59599862	6.59264278	0.60033220
50.59999862	6.75319862	0.60033220
50.60399862	6.75319862	0.60033220
50.60799862	6.59264278	0.60033220
50.61199862	6.59264278	0.60033220
50.61599862	6.59264278	0.60033220
50.61999862	6.75319862	0.60033220
50.62399862	6.75319862	0.60033220
50.62799862	6.75319862	0.60033220
50.63199862	6.59264278	0.60033220
50.63599862	6.75319862	0.60033220
50.63999862	6.59264278	0.60033220
50.64399862	6.75319862	0.60033220
50.64799862	6.75319862	0.60033220
50.65199862	6.75319862	0.60033220
50.65599862	6.75319862	0.60033220
50.65999862	6.75319862	0.60033220
50.66399862	6.59264278	0.60033220
50.66799862	6.59264278	0.60033220
50.67199862	6.75319862	0.60033220
50.67599862	6.75319862	0.60033220
50.67999862	6.75319862	0.60033220
50.68399862	6.75319862	0.60033220
50.68799862	6.75319862	0.60033220
50.69199862	6.59264278	0.60033220
50.69599862	6.75319862	0.60033220
50.69999862	6.75319862	0.60033220
50.70399862	6.75319862	0.60033220
50.70799862	6.75319862	0.60033220
50.71199862	6.59264278	0.60033220
50.71599862	6.59264278	0.60033220
50.71999862	6.75319862	0.60033220
50.72399862	6.75319862	0.60033220
50.72799862	6.75319862	0.60033220
50.73199862	6.75319862	0.60033220
50.73599862	6.75319862	0.60033220
50.73999862	6.75319862	0.60033220
50.74399862	6.75319862	0.60033220
50.74799862	6.75319862	0.60033220
50.75199862	6.59264278	0.60033220
50.75599862	6.59264278	0.60033220
50.75999862	6.59264278	0.60033220
50.76399862	6.75319862	0.60033220
50.76799862	6.75319862	0.60033220
50.77199862	6.75319862	0.60033220
50.77599862	6.75319862	0.60033220
50.77999862	6.59264278	0.60033220
50.78399862	6.75319862	0.60033220
50.78799862	6.75319862	0.60033220
50.79199862	6.75319862	0.60033220
50.79599862	6.75319862	0.60033220
50.79999862	6.75319862	0.60033220
50.80399862	6.75319862	0.60033220
50.80799862	6.75319862	0.60033220
50.81199862	6.75319862	0.60033220
50.81599862	6.59264278	0.60033220
50.81999862	6.75319862	0.60033220
50.82399862	6.75319862	0.60033220
50.82799862	6.75319862	0.60033220
50.83199862	6.75319862	0.60033220
50.83599862	6.59264278	0.60033220
50.83999862	6.59264278	0.60033220
50.84399862	6.59264278	0.58452266
50.84799862	6.75319862	0.60033220
50.85199862	6.75319862	0.60033220
50.85599862	6.75319862	0.60033220
50.85999862	6.59264278	0.60033220
50.86399862	6.59264278	0.60033220
50.86799862	6.75319862	0.60033220
50.87199862	6.75319862	0.60033220
50.87599862	6.75319862	0.60033220
50.87999862	6.75319862	0.60033220
50.88399862	6.75319862	0.60033220
50.88799861	6.75319862	0.60033220
50.89199861	6.75319862	0.58452266
50.89599861	6.59264278	0.60033220
50.89999861	6.59264278	0.58452266
50.90399861	6.59264278	0.60033220
50.90799861	6.75319862	0.60033220
50.91199861	6.75319862	0.60033220
50.91599861	6.59264278	0.58452266
50.91999861	6.59264278	0.60033220
50.92399861	6.59264278	0.60033220
50.92799861	6.75319862	0.58452266
50.93199861	6.75319862	0.60033220
50.93599861	6.75319862	0.60033220
50.93999861	6.59264278	0.58452266
50.94399861	6.59264278	0.60033220
50.94799861	6.59264278	0.58452266
50.95199861	6.59264278	0.60033220
50.95599861	6.59264278	0.58452266
50.95999861	6.75319862	0.58452266
50.96399861	6.75319862	0.60033220
50.96799861	6.59264278	0.60033220
50.97199861	6.59264278	0.58452266
50.97599861	6.59264278	0.58452266
50.97999861	6.75319862	0.60033220
50.98399861	6.75319862	0.60033220
50.98799861	6.59264278	0.58452266
50.99199861	6.59264278	0.58452266
50.99599861	6.59264278	0.58452266
50.99999861	6.59264278	0.58452266
51.00399861	6.59264278	0.58452266
51.00799861	6.59264278	0.60033220
51.01199861	6.75319862	0.60033220
51.01599861	6.59264278	0.60033220
51.01999861	6.59264278	0.58452266
51.02399861	6.59264278	0.58452266
51.02799861	6.59264278	0.58452266
51.03199861	6.75319862	0.60033220
51.03599861	6.59264278	0.60033220
51.03999861	6.59264278	0.60033220
51.04399861	6.59264278	0.58452266
51.04799861	6.59264278	0.58452266
51.05199861	6.59264278	0.58452266
51.05599861	6.59264278	0.58452266
51.05999861	6.59264278	0.60033220
51.06399861	6.59264278	0.58452266
51.06799861	6.59264278	0.58452266
51.07199861	6.59264278	0.60033220
51.07599861	6.59264278	0.58452266
51.07999861	6.59264278	0.58452266
51.08399861	6.59264278	0.58452266
51.08799861	6.59264278	0.58452266
51.09199861	6.59264278	0.58452266
51.09599861	6.59264278	0.58452266
51.09999861	6.59264278	0.58452266
51.10399861	6.59264278	0.58452266
51.10799861	6.59264278	0.58452266
51.11199861	6.59264278	0.58452266
51.11599861	6.59264278	0.58452266
51.11999861	6.59264278	0.58452266
51.12399861	6.59264278	0.58452266
51.12799861	6.59264278	0.58452266
51.13199861	6.59264278	0.58452266
51.13599861	6.59264278	0.58452266
51.13999861	6.59264278	0.58452266
51.14399861	6.59264278	0.60033220
51.14799861	6.59264278	0.58452266
51.15199861	6.59264278	0.58452266
51.15599861	6.59264278	0.58452266
51.15999861	6.59264278	0.58452266
51.16399861	6.59264278	0.58452266
51.16799861	6.59264278	0.58452266
51.17199861	6.59264278	0.58452266
51.17599861	6.59264278	0.58452266
51.17999861	6.59264278	0.58452266
51.18399861	6.59264278	0.58452266
51.18799861	6.59264278	0.58452266
51.19199861	6.59264278	0.58452266
51.19599861	6.59264278	0.58452266
51.19999861	6.59264278	0.58452266
51.20399861	6.59264278	0.58452266
51.20799861	6.59264278	0.58452266
51.21199861	6.59264278	0.58452266
51.21599861	6.59264278	0.58452266
51.21999861	6.59264278	0.58452266
51.22399861	6.59264278	0.58452266
51.22799861	6.59264278	0.58452266
51.23199861	6.59264278	0.58452266
51.23599861	6.59264278	0.58452266
51.23999861	6.59264278	0.58452266
51.24399860	6.59264278	0.58452266
51.24799860	6.59264278	0.58452266
51.25199860	6.59264278	0.58452266
51.25599860	6.59264278	0.58452266
51.25999860	6.59264278	0.58452266
51.26399860	6.59264278	0.58452266
51.26799860	6.59264278	0.58452266
51.27199860	6.59264278	0.58452266
51.27599860	6.59264278	0.58452266
51.27999860	6.59264278	0.58452266
51.28399860	6.59264278	0.58452266
51.28799860	6.59264278	0.58452266
51.29199860	6.59264278	0.58452266
51.29599860	6.59264278	0.58452266
51.29999860	6.59264278	0.58452266
51.30399860	6.75319862	0.58452266
51.30799860	6.59264278	0.58452266
51.31199860	6.59264278	0.58452266
51.31599860	6.59264278	0.58452266
51.31999860	6.59264278	0.58452266
51.32399860	6.59264278	0.58452266
51.32799860	6.59264278	0.58452266
51.33199860	6.59264278	0.58452266
51.33599860	6.59264278	0.58452266
51.33999860	6.59264278	0.58452266
51.34399860	6.59264278	0.58452266
51.34799860	6.43147135	0.58452266
51.35199860	6.59264278	0.58452266
51.35599860	6.59264278	0.58452266
51.35999860	6.59264278	0.58452266
51.36399860	6.59264278	0.58452266
51.36799860	6.59264278	0.58452266
51.37199860	6.59264278	0.58452266
51.37599860	6.59264278	0.58452266
51.37999860	6.59264278	0.58452266
51.38399860	6.59264278	0.58452266
51.38799860	6.59264278	0.58452266
51.39199860	6.59264278	0.58452266
51.39599860	6.59264278	0.58452266
51.39999860	6.59264278	0.58452266
51.40399860	6.59264278	0.58452266
51.40799860	6.59264278	0.58452266
51.41199860	6.59264278	0.58452266
51.41599860	6.59264278	0.58452266
51.41999860	6.59264278	0.58452266
51.42399860	6.59264278	0.58452266
51.42799860	6.59264278	0.58452266
51.43199860	6.59264278	0.58452266
51.43599860	6.59264278	0.58452266
51.43999860	6.59264278	0.58452266
51.44399860	6.59264278	0.58452266
51.44799860	6.59264278	0.58452266
51.45199860	6.59264278	0.58452266
51.45599860	6.59264278	0.58452266
51.45999860	6.59264278	0.58452266
51.46399860	6.59264278	0.58452266
51.46799860	6.59264278	0.58452266
51.47199860	6.59264278	0.58452266
51.47599860	6.59264278	0.58452266
51.47999860	6.59264278	0.58452266
51.48399860	6.59264278	0.58452266
51.48799860	6.59264278	0.58452266
51.49199860	6.59264278	0.58452266
51.49599860	6.59264278	0.58452266
51.49999860	6.59264278	0.58452266
51.50399860	6.59264278	0.58452266
51.50799860	6.59264278	0.58452266
51.51199860	6.59264278	0.58452266
51.51599860	6.59264278	0.58452266
51.51999860	6.59264278	0.58452266
51.52399860	6.59264278	0.58452266
51.52799860	6.75319862	0.58452266
51.53199860	6.59264278	0.58452266
51.53599860	6.59264278	0.58452266
51.53999860	6.59264278	0.58452266
51.54399860	6.59264278	0.58452266
51.54799860	6.59264278	0.58452266
51.55199860	6.59264278	0.58452266
51.55599860	6.75319862	0.58452266
51.55999860	6.75319862	0.58452266
51.56399860	6.59264278	0.58452266
51.56799860	6.59264278	0.58452266
51.57199860	6.59264278	0.58452266
51.57599860	6.59264278	0.58452266
51.57999860	6.59264278	0.58452266
51.58399860	6.59264278	0.58452266
51.58799860	6.75319862	0.58452266
51.59199860	6.59264278	0.58452266
51.59599859	6.59264278	0.58452266
51.59999859	6.59264278	0.58452266
51.60399859	6.59264278	0.58452266
51.60799859	6.75319862	0.58452266
51.61199859	6.59264278	0.58452266
51.61599859	6.59264278	0.58452266
51.61999859	6.59264278	0.58452266
51.62399859	6.59264278	0.58452266
51.62799859	6.59264278	0.58452266
51.63199859	6.59264278	0.58452266
51.63599859	6.59264278	0.58452266
51.63999859	6.75319862	0.58452266
51.64399859	6.59264278	0.58452266
51.64799859	6.59264278	0.58452266
51.65199859	6.59264278	0.58452266
51.65599859	6.59264278	0.58452266
51.65999859	6.59264278	0.58452266
51.66399859	6.59264278	0.56877458
51.66799859	6.59264278	0.58452266
51.67199859	6.59264278	0.58452266
51.67599859	6.59264278	0.58452266
51.67999859	6.59264278	0.58452266
51.68399859	6.59264278	0.58452266
51.68799859	6.59264278	0.58452266
51.69199859	6.75319862	0.58452266
51.69599859	6.59264278	0.58452266
51.69999859	6.59264278	0.58452266
51.70399859	6.59264278	0.58452266
51.70799859	6.59264278	0.58452266
51.71199859	6.59264278	0.58452266
51.71599859	6.59264278	0.58452266
51.71999859	6.59264278	0.58452266
51.72399859	6.59264278	0.56877458
51.72799859	6.59264278	0.58452266
51.73199859	6.59264278	0.58452266
51.73599859	6.43147135	0.58452266
51.73999859	6.59264278	0.58452266
51.74399859	6.75319862	0.58452266
51.74799859	6.75319862	0.58452266
51.75199859	6.59264278	0.58452266
51.75599859	6.59264278	0.58452266
51.75999859	6.59264278	0.58452266
51.76399859	6.59264278	0.58452266
51.76799859	6.59264278	0.58452266
51.77199859	6.59264278	0.58452266
51.77599859	6.75319862	0.58452266
51.77999859	6.59264278	0.58452266
51.78399859	6.59264278	0.56877458
51.78799859	6.59264278	0.56877458
51.79199859	6.59264278	0.58452266
51.79599859	6.59264278	0.58452266
51.79999859	6.59264278	0.58452266
51.80399859	6.59264278	0.58452266
51.80799859	6.59264278	0.58452266
51.81199859	6.59264278	0.58452266
51.81599859	6.59264278	0.56877458
51.81999859	6.59264278	0.58452266
51.82399859	6.59264278	0.58452266
51.82799859	6.59264278	0.58452266
51.83199859	6.59264278	0.58452266
51.83599859	6.59264278	0.58452266
51.83999859	6.59264278	0.56877458
51.84399859	6.59264278	0.58452266
51.84799859	6.59264278	0.58452266
51.85199859	6.59264278	0.58452266
51.85599859	6.59264278	0.56877458
51.85999859	6.59264278	0.56877458
51.86399859	6.59264278	0.58452266
51.86799859	6.59264278	0.56877458
51.87199859	6.59264278	0.56877458
51.87599859	6.59264278	0.58452266
51.87999859	6.59264278	0.58452266
51.88399859	6.59264278	0.56877458
51.88799859	6.59264278	0.56877458
51.89199859	6.59264278	0.56877458
51.89599859	6.59264278	0.56877458
51.89999859	6.59264278	0.56877458
51.90399859	6.59264278	0.56877458
51.90799859	6.75319862	0.56877458
51.91199859	6.59264278	0.58452266
51.91599859	6.59264278	0.56877458
51.91999859	6.59264278	0.56877458
51.92399859	6.59264278	0.58452266
51.92799859	6.59264278	0.58452266
51.93199859	6.59264278	0.56877458
51.93599859	6.59264278	0.56877458
51.93999859	6.59264278	0.56877458
51.94399859	6.75319862	0.58452266
51.94799858	6.59264278	0.56877458
51.95199858	6.59264278	0.56877458
51.95599858	6.59264278	0.56877458
51.95999858	6.59264278	0.56877458
51.96399858	6.75319862	0.56877458
51.96799858	6.59264278	0.56877458
51.97199858	6.59264278	0.56877458
51.97599858	6.59264278	0.56877458
51.97999858	6.59264278	0.56877458
51.98399858	6.59264278	0.56877458
51.98799858	6.59264278	0.56877458
51.99199858	6.75319862	0.56877458
51.99599858	6.75319862	0.56877458
51.99999858	6.59264278	0.56877458
52.00399858	6.43147135	0.56877458
52.00799858	6.59264278	0.56877458
52.01199858	6.75319862	0.56877458
52.01599858	6.75319862	0.58452266
52.01999858	6.75319862	0.56877458
52.02399858	6.59264278	0.58452266
52.02799858	6.59264278	0.56877458
52.03199858	6.59264278	0.56877458
52.03599858	6.59264278	0.56877458
52.03999858	6.59264278	0.56877458
52.04399858	6.59264278	0.56877458
52.04799858	6.75319862	0.56877458
52.05199858	6.75319862	0.56877458
52.05599858	6.59264278	0.56877458
52.05999858	6.59264278	0.56877458
52.06399858	6.59264278	0.56877458
52.06799858	6.75319862	0.56877458
52.07199858	6.75319862	0.56877458
52.07599858	6.59264278	0.56877458
52.07999858	6.59264278	0.56877458
52.08399858	6.59264278	0.56877458
52.08799858	6.59264278	0.56877458
52.09199858	6.59264278	0.56877458
52.09599858	6.59264278	0.56877458
52.09999858	6.75319862	0.56877458
52.10399858	6.75319862	0.56877458
52.10799858	6.59264278	0.56877458
52.11199858	6.59264278	0.56877458
52.11599858	6.59264278	0.56877458
52.11999858	6.75319862	0.56877458
52.12399858	6.75319862	0.56877458
52.12799858	6.75319862	0.56877458
52.13199858	6.59264278	0.56877458
52.13599858	6.59264278	0.56877458
52.13999858	6.75319862	0.56877458
52.14399858	6.75319862	0.56877458
52.14799858	6.75319862	0.56877458
52.15199858	6.75319862	0.56877458
52.15599858	6.75319862	0.56877458
52.15999858	6.59264278	0.56877458
52.16399858	6.59264278	0.56877458
52.16799858	6.59264278	0.56877458
52.17199858	6.75319862	0.56877458
52.17599858	6.75319862	0.56877458
52.17999858	6.75319862	0.56877458
52.18399858	6.75319862	0.56877458
52.18799858	6.59264278	0.56877458
52.19199858	6.59264278	0.56877458
52.19599858	6.75319862	0.56877458
52.19999858	6.75319862	0.56877458
52.20399858	6.75319862	0.56877458
52.20799858	6.75319862	0.56877458
52.21199858	6.59264278	0.56877458
52.21599858	6.75319862	0.56877458
52.21999858	6.75319862	0.56877458
52.22399858	6.75319862	0.56877458
52.22799858	6.75319862	0.56877458
52.23199858	6.75319862	0.56877458
52.23599858	6.75319862	0.56877458
52.23999858	6.75319862	0.56877458
52.24399858	6.75319862	0.56877458
52.24799858	6.75319862	0.56877458
52.25199858	6.75319862	0.56877458
52.25599858	6.75319862	0.56877458
52.25999858	6.75319862	0.56877458
52.26399858	6.75319862	0.56877458
52.26799858	6.75319862	0.56877458
52.27199858	6.75319862	0.56877458
52.27599858	6.59264278	0.56877458
52.27999858	6.59264278	0.56877458
52.28399858	6.75319862	0.56877458
52.28799858	6.75319862	0.56877458
52.29199858	6.75319862	0.56877458
52.29599858	6.59264278	0.56877458
52.29999858	6.59264278	0.56877458
52.30399857	6.75319862	0.56877458
52.30799857	6.75319862	0.56877458
52.31199857	6.75319862	0.56877458
52.31599857	6.59264278	0.56877458
52.31999857	6.75319862	0.56877458
52.32399857	6.59264278	0.56877458
52.32799857	6.59264278	0.56877458
52.33199857	6.59264278	0.56877458
52.33599857	6.75319862	0.56877458
52.33999857	6.75319862	0.56877458
52.34399857	6.59264278	0.56877458
52.34799857	6.59264278	0.56877458
52.35199857	6.59264278	0.56877458
52.35599857	6.59264278	0.56877458
52.35999857	6.75319862	0.56877458
52.36399857	6.75319862	0.56877458
52.36799857	6.59264278	0.56877458
52.37199857	6.59264278	0.56877458
52.37599857	6.59264278	0.56877458
52.37999857	6.59264278	0.56877458
52.38399857	6.75319862	0.56877458
52.38799857	6.75319862	0.56877458
52.39199857	6.59264278	0.56877458
52.39599857	6.59264278	0.56877458
52.39999857	6.59264278	0.56877458
52.40399857	6.59264278	0.56877458
52.40799857	6.75319862	0.56877458
52.41199857	6.75319862	0.56877458
52.41599857	6.75319862	0.56877458
52.41999857	6.75319862	0.56877458
52.42399857	6.59264278	0.56877458
52.42799857	6.59264278	0.56877458
52.43199857	6.59264278	0.56877458
52.43599857	6.75319862	0.56877458
52.43999857	6.75319862	0.56877458
52.44399857	6.75319862	0.56877458
52.44799857	6.59264278	0.56877458
52.45199857	6.59264278	0.56877458
52.45599857	6.59264278	0.56877458
52.45999857	6.59264278	0.56877458
52.46399857	6.59264278	0.56877458
52.46799857	6.75319862	0.56877458
52.47199857	6.75319862	0.56877458
52.47599857	6.59264278	0.56877458
52.47999857	6.59264278	0.56877458
52.48399857	6.59264278	0.56877458
52.48799857	6.59264278	0.56877458
52.49199857	6.75319862	0.56877458
52.49599857	6.59264278	0.56877458
52.49999857	6.59264278	0.56877458
52.50399857	6.59264278	0.56877458
52.50799857	6.59264278	0.56877458
52.51199857	6.59264278	0.56877458
52.51599857	6.59264278	0.56877458
52.51999857	6.75319862	0.56877458
52.52399857	6.59264278	0.56877458
52.52799857	6.59264278	0.56877458
52.53199857	6.59264278	0.56877458
52.53599857	6.59264278	0.56877458
52.53999857	6.59264278	0.56877458
52.54399857	6.59264278	0.56877458
52.54799857	6.59264278	0.56877458
52.55199857	6.59264278	0.56877458
52.55599857	6.59264278	0.56877458
52.55999857	6.59264278	0.56877458
52.56399857	6.59264278	0.56877458
52.56799857	6.59264278	0.56877458
52.57199857	6.75319862	0.56877458
52.57599857	6.75319862	0.56877458
52.57999857	6.59264278	0.56877458
52.58399857	6.59264278	0.56877458
52.58799857	6.59264278	0.56877458
52.59199857	6.59264278	0.56877458
52.59599857	6.59264278	0.56877458
52.59999857	6.59264278	0.56877458
52.60399857	6.59264278	0.56877458
52.60799857	6.59264278	0.56877458
52.61199857	6.59264278	0.56877458
52.61599857	6.59264278	0.56877458
52.61999857	6.59264278	0.56877458
52.62399857	6.59264278	0.56877458
52.62799857	6.59264278	0.56877458
52.63199857	6.59264278	0.56877458
52.63599857	6.59264278	0.56877458
52.63999857	6.59264278	0.56877458
52.64399857	6.59264278	0.56877458
52.64799857	6.59264278	0.56877458
52.65199857	6.59264278	0.56877458
52.65599856	6.59264278	0.56877458
52.65999856	6.59264278	0.56877458
52.66399856	6.59264278	0.56877458
52.66799856	6.59264278	0.56877458
52.67199856	6.59264278	0.56877458
52.67599856	6.59264278	0.56877458
52.67999856	6.59264278	0.56877458
52.68399856	6.59264278	0.56877458
52.68799856	6.59264278	0.56877458
52.69199856	6.59264278	0.56877458
52.69599856	6.59264278	0.56877458
52.69999856	6.59264278	0.56877458
52.70399856	6.59264278	0.56877458
52.70799856	6.59264278	0.56877458
52.71199856	6.59264278	0.56877458
52.71599856	6.43147135	0.56877458
52.71999856	6.59264278	0.56877458
52.72399856	6.59264278	0.56877458
52.72799856	6.59264278	0.56877458
52.73199856	6.59264278	0.56877458
52.73599856	6.59264278	0.56877458
52.73999856	6.59264278	0.56877458
52.74399856	6.59264278	0.56877458
52.74799856	6.43147135	0.56877458
52.75199856	6.59264278	0.56877458
52.75599856	6.59264278	0.56877458
52.75999856	6.59264278	0.56877458
52.76399856	6.59264278	0.56877458
52.76799856	6.43147135	0.56877458
52.77199856	6.43147135	0.55296504
52.77599856	6.59264278	0.56877458
52.77999856	6.59264278	0.55296504
52.78399856	6.59264278	0.56877458
52.78799856	6.59264278	0.55296504
52.79199856	6.59264278	0.55296504
52.79599856	6.59264278	0.56877458
52.79999856	6.59264278	0.56877458
52.80399856	6.43147135	0.55296504
52.80799856	6.43147135	0.55296504
52.81199856	6.59264278	0.56877458
52.81599856	6.59264278	0.56877458
52.81999856	6.59264278	0.56877458
52.82399856	6.59264278	0.56877458
52.82799856	6.43147135	0.55296504
52.83199856	6.59264278	0.56877458
52.83599856	6.59264278	0.56877458
52.83999856	6.59264278	0.56877458
52.84399856	6.59264278	0.56877458
52.84799856	6.59264278	0.55296504
52.85199856	6.59264278	0.56877458
52.85599856	6.43147135	0.55296504
52.85999856	6.43147135	0.55296504
52.86399856	6.59264278	0.55296504
52.86799856	6.59264278	0.55296504
52.87199856	6.59264278	0.56877458
52.87599856	6.59264278	0.55296504
52.87999856	6.59264278	0.55296504
52.88399856	6.59264278	0.55296504
52.88799856	6.43147135	0.55296504
52.89199856	6.59264278	0.55296504
52.89599856	6.59264278	0.55296504
52.89999856	6.59264278	0.56877458
52.90399856	6.59264278	0.56877458
52.90799856	6.43147135	0.55296504
52.91199856	6.43147135	0.55296504
52.91599856	6.59264278	0.55296504
52.91999856	6.59264278	0.56877458
52.92399856	6.59264278	0.55296504
52.92799856	6.59264278	0.55296504
52.93199856	6.59264278	0.55296504
52.93599856	6.59264278	0.55296504
52.93999856	6.59264278	0.55296504
52.94399856	6.59264278	0.55296504
52.94799856	6.59264278	0.55296504
52.95199856	6.59264278	0.55296504
52.95599856	6.59264278	0.55296504
52.95999856	6.43147135	0.55296504
52.96399856	6.43147135	0.55296504
52.96799856	6.59264278	0.55296504
52.97199856	6.59264278	0.55296504
52.97599856	6.59264278	0.56877458
52.97999856	6.59264278	0.55296504
52.98399856	6.59264278	0.55296504
52.98799856	6.59264278	0.55296504
52.99199856	6.59264278	0.56877458
52.99599856	6.43147135	0.55296504
52.99999856	6.59264278	0.55296504
53.00399856	6.59264278	0.55296504
53.00799856	6.59264278	0.55296504
53.01199855	6.43147135	0.55296504
53.01599855	6.43147135	0.55296504
53.01999855	6.59264278	0.55296504
53.02399855	6.59264278	0.55296504
53.02799855	6.59264278	0.55296504
53.03199855	6.59264278	0.55296504
53.03599855	6.59264278	0.55296504
53.03999855	6.59264278	0.55296504
53.04399855	6.59264278	0.55296504
53.04799855	6.59264278	0.55296504
53.05199855	6.59264278	0.55296504
53.05599855	6.59264278	0.55296504
53.05999855	6.59264278	0.55296504
53.06399855	6.59264278	0.55296504
53.06799855	6.59264278	0.55296504
53.07199855	6.59264278	0.55296504
53.07599855	6.59264278	0.55296504
53.07999855	6.59264278	0.55296504
53.08399855	6.59264278	0.55296504
53.08799855	6.59264278	0.55296504
53.09199855	6.59264278	0.55296504
53.09599855	6.59264278	0.55296504
53.09999855	6.43147135	0.55296504
53.10399855	6.43147135	0.55296504
53.10799855	6.59264278	0.55296504
53.11199855	6.59264278	0.55296504
53.11599855	6.59264278	0.55296504
53.11999855	6.59264278	0.55296504
53.12399855	6.59264278	0.55296504
53.12799855	6.59264278	0.55296504
53.13199855	6.59264278	0.55296504
53.13599855	6.59264278	0.55296504
53.13999855	6.59264278	0.55296504
53.14399855	6.59264278	0.55296504
53.14799855	6.59264278	0.55296504
53.15199855	6.59264278	0.55296504
53.15599855	6.59264278	0.55296504
53.15999855	6.59264278	0.55296504
53.16399855	6.59264278	0.55296504
53.16799855	6.59264278	0.55296504
53.17199855	6.59264278	0.55296504
53.17599855	6.59264278	0.55296504
53.17999855	6.59264278	0.55296504
53.18399855	6.59264278	0.55296504
53.18799855	6.43147135	0.55296504
53.19199855	6.59264278	0.55296504
53.19599855	6.59264278	0.55296504
53.19999855	6.59264278	0.55296504
53.20399855	6.59264278	0.55296504
53.20799855	6.59264278	0.55296504
53.21199855	6.59264278	0.55296504
53.21599855	6.59264278	0.55296504
53.21999855	6.59264278	0.55296504
53.22399855	6.59264278	0.55296504
53.22799855	6.59264278	0.55296504
53.23199855	6.59264278	0.55296504
53.23599855	6.59264278	0.55296504
53.23999855	6.59264278	0.55296504
53.24399855	6.59264278	0.55296504
53.24799855	6.59264278	0.55296504
53.25199855	6.59264278	0.55296504
53.25599855	6.59264278	0.55296504
53.25999855	6.59264278	0.55296504
53.26399855	6.59264278	0.55296504
53.26799855	6.59264278	0.55296504
53.27199855	6.59264278	0.55296504
53.27599855	6.59264278	0.55296504
53.27999855	6.59264278	0.55296504
53.28399855	6.59264278	0.55296504
53.28799855	6.59264278	0.55296504
53.29199855	6.59264278	0.55296504
53.29599855	6.59264278	0.55296504
53.29999855	6.59264278	0.55296504
53.30399855	6.59264278	0.55296504
53.30799855	6.59264278	0.55296504
53.31199855	6.59264278	0.55296504
53.31599855	6.59264278	0.55296504
53.31999855	6.59264278	0.55296504
53.32399855	6.59264278	0.55296504
53.32799855	6.59264278	0.55296504
53.33199855	6.59264278	0.55296504
53.33599855	6.59264278	0.55296504
53.33999855	6.59264278	0.55296504
53.34399855	6.59264278	0.55296504
53.34799855	6.59264278	0.55296504
53.35199855	6.59264278	0.55296504
53.35599855	6.59264278	0.55296504
53.35999855	6.59264278	0.55296504
53.36399854	6.59264278	0.55296504
53.36799854	6.59264278	0.55296504
53.37199854	6.59264278	0.55296504
53.37599854	6.43147135	0.55296504
53.37999854	6.43147135	0.55296504
53.38399854	6.59264278	0.55296504
53.38799854	6.59264278	0.55296504
53.39199854	6.59264278	0.55296504
53.39599854	6.59264278	0.55296504
53.39999854	6.59264278	0.55296504
53.40399854	6.59264278	0.55296504
53.40799854	6.43147135	0.55296504
53.41199854	6.59264278	0.55296504
53.41599854	6.59264278	0.55296504
53.41999854	6.59264278	0.55296504
53.42399854	6.59264278	0.55296504
53.42799854	6.59264278	0.55296504
53.43199854	6.59264278	0.55296504
53.43599854	6.43147135	0.55296504
53.43999854	6.59264278	0.55296504
53.44399854	6.59264278	0.55296504
53.44799854	6.59264278	0.55296504
53.45199854	6.59264278	0.55296504
53.45599854	6.59264278	0.55296504
53.45999854	6.43147135	0.55296504
53.46399854	6.43147135	0.55296504
53.46799854	6.59264278	0.55296504
53.47199854	6.59264278	0.55296504
53.47599854	6.59264278	0.55296504
53.47999854	6.59264278	0.55296504
53.48399854	6.59264278	0.55296504
53.48799854	6.43147135	0.55296504
53.49199854	6.59264278	0.55296504
53.49599854	6.59264278	0.55296504
53.49999854	6.59264278	0.55296504
53.50399854	6.59264278	0.55296504
53.50799854	6.59264278	0.55296504
53.51199854	6.59264278	0.55296504
53.51599854	6.43147135	0.55296504
53.51999854	6.43147135	0.55296504
53.52399854	6.59264278	0.55296504
53.52799854	6.59264278	0.55296504
53.53199854	6.59264278	0.55296504
53.53599854	6.59264278	0.55296504
53.53999854	6.43147135	0.55296504
53.54399854	6.43147135	0.55296504
53.54799854	6.59264278	0.55296504
53.55199854	6.59264278	0.55296504
53.55599854	6.59264278	0.55296504
53.55999854	6.59264278	0.55296504
53.56399854	6.59264278	0.55296504
53.56799854	6.43147135	0.55296504
53.57199854	6.43147135	0.55296504
53.57599854	6.43147135	0.55296504
53.57999854	6.59264278	0.55296504
53.58399854	6.59264278	0.55296504
53.58799854	6.59264278	0.55296504
53.59199854	6.43147135	0.55296504
53.59599854	6.43147135	0.53715551
53.59999854	6.59264278	0.55296504
53.60399854	6.59264278	0.53715551
53.60799854	6.59264278	0.55296504
53.61199854	6.59264278	0.55296504
53.61599854	6.59264278	0.55296504
53.61999854	6.59264278	0.55296504
53.62399854	6.43147135	0.53715551
53.62799854	6.43147135	0.53715551
53.63199854	6.59264278	0.53715551
53.63599854	6.59264278	0.55296504
53.63999854	6.59264278	0.55296504
53.64399854	6.59264278	0.55296504
53.64799854	6.43147135	0.53715551
53.65199854	6.43147135	0.53715551
53.65599854	6.59264278	0.55296504
53.65999854	6.59264278	0.53715551
53.66399854	6.59264278	0.55296504
53.66799854	6.59264278	0.55296504
53.67199854	6.59264278	0.55296504
53.67599854	6.43147135	0.53715551
53.67999854	6.43147135	0.53715551
53.68399854	6.59264278	0.53715551
53.68799854	6.59264278	0.55296504
53.69199854	6.59264278	0.53715551
53.69599854	6.59264278	0.55296504
53.69999854	6.59264278	0.55296504
53.70399854	6.43147135	0.55296504
53.70799854	6.43147135	0.53715551
53.71199854	6.59264278	0.55296504
53.71599853	6.59264278	0.53715551
53.71999853	6.59264278	0.55296504
53.72399853	6.59264278	0.55296504
53.72799853	6.59264278	0.55296504
53.73199853	6.43147135	0.53715551
53.73599853	6.59264278	0.53715551
53.73999853	6.59264278	0.55296504
53.74399853	6.59264278	0.55296504
53.74799853	6.75319862	0.53715551
53.75199853	6.59264278	0.55296504
53.75599853	6.43147135	0.53715551
53.75999853	6.43147135	0.53715551
53.76399853	6.59264278	0.53715551
53.76799853	6.75319862	0.53715551
53.77199853	6.75319862	0.53715551
53.77599853	6.59264278	0.53715551
53.77999853	6.43147135	0.53715551
53.78399853	6.59264278	0.53715551
53.78799853	6.59264278	0.53715551
53.79199853	6.59264278	0.53715551
53.79599853	6.59264278	0.53715551
53.79999853	6.59264278	0.55296504
53.80399853	6.59264278	0.53715551
53.80799853	6.43147135	0.53715551
53.81199853	6.43147135	0.53715551
53.81599853	6.59264278	0.53715551
53.81999853	6.59264278	0.53715551
53.82399853	6.59264278	0.55296504
53.82799853	6.59264278	0.53715551
53.83199853	6.59264278	0.53715551
53.83599853	6.59264278	0.53715551
53.83999853	6.43147135	0.53715551
53.84399853	6.43147135	0.53715551
53.84799853	6.59264278	0.53715551
53.85199853	6.59264278	0.53715551
53.85599853	6.59264278	0.53715551
53.85999853	6.59264278	0.53715551
53.86399853	6.59264278	0.53715551
53.86799853	6.59264278	0.53715551
53.87199853	6.59264278	0.53715551
53.87599853	6.43147135	0.53715551
53.87999853	6.59264278	0.53715551
53.88399853	6.59264278	0.53715551
53.88799853	6.59264278	0.53715551
53.89199853	6.43147135	0.53715551
53.89599853	6.43147135	0.53715551
53.89999853	6.43147135	0.53715551
53.90399853	6.59264278	0.53715551
53.90799853	6.59264278	0.53715551
53.91199853	6.59264278	0.53715551
53.91599853	6.59264278	0.53715551
53.91999853	6.43147135	0.53715551
53.92399853	6.43147135	0.53715551
53.92799853	6.43147135	0.53715551
53.93199853	6.59264278	0.53715551
53.93599853	6.43147135	0.53715551
53.93999853	6.43147135	0.53715551
53.94399853	6.59264278	0.53715551
53.94799853	6.59264278	0.53715551
53.95199853	6.43147135	0.53715551
53.95599853	6.43147135	0.53715551
53.95999853	6.43147135	0.53715551
53.96399853	6.59264278	0.53715551
53.96799853	6.59264278	0.53715551
53.97199853	6.59264278	0.53715551
53.97599853	6.43147135	0.53715551
53.97999853	6.43147135	0.53715551
53.98399853	6.59264278	0.53715551
53.98799853	6.59264278	0.53715551
53.99199853	6.59264278	0.53715551
53.99599853	6.59264278	0.53715551
53.99999853	6.43147135	0.53715551
54.00399853	6.43147135	0.53715551
54.00799853	6.43147135	0.53715551
54.01199853	6.59264278	0.53715551
54.01599853	6.59264278	0.53715551
54.01999853	6.59264278	0.53715551
54.02399853	6.59264278	0.53715551
54.02799853	6.59264278	0.53715551
54.03199853	6.43147135	0.53715551
54.03599853	6.43147135	0.53715551
54.03999853	6.59264278	0.53715551
54.04399853	6.43147135	0.53715551
54.04799853	6.59264278	0.53715551
54.05199853	6.43147135	0.53715551
54.05599853	6.43147135	0.53715551
54.05999853	6.43147135	0.53715551
54.06399853	6.43147135	0.53715551
54.06799853	6.43147135	0.53715551
54.07199852	6.59264278	0.53715551
54.07599852	6.59264278	0.53715551
54.07999852	6.59264278	0.53715551
54.08399852	6.43147135	0.53715551
54.08799852	6.43147135	0.53715551
54.09199852	6.59264278	0.53715551
54.09599852	6.59264278	0.53715551
54.09999852	6.59264278	0.53715551
54.10399852	6.59264278	0.53715551
54.10799852	6.43147135	0.53715551
54.11199852	6.59264278	0.53715551
54.11599852	6.43147135	0.53715551
54.11999852	6.43147135	0.53715551
54.12399852	6.43147135	0.53715551
54.12799852	6.43147135	0.53715551
54.13199852	6.59264278	0.53715551
54.13599852	6.43147135	0.53715551
54.13999852	6.43147135	0.53715551
54.14399852	6.43147135	0.53715551
54.14799852	6.43147135	0.53715551
54.15199852	6.59264278	0.53715551
54.15599852	6.59264278	0.53715551
54.15999852	6.43147135	0.53715551
54.16399852	6.43147135	0.53715551
54.16799852	6.43147135	0.53715551
54.17199852	6.43147135	0.53715551
54.17599852	6.43147135	0.53715551
54.17999852	6.59264278	0.53715551
54.18399852	6.59264278	0.53715551
54.18799852	6.59264278	0.53715551
54.19199852	6.43147135	0.53715551
54.19599852	6.43147135	0.53715551
54.19999852	6.59264278	0.53715551
54.20399852	6.59264278	0.53715551
54.20799852	6.59264278	0.53715551
54.21199852	6.59264278	0.53715551
54.21599852	6.43147135	0.53715551
54.21999852	6.43147135	0.53715551
54.22399852	6.43147135	0.53715551
54.22799852	6.59264278	0.53715551
54.23199852	6.59264278	0.53715551
54.23599852	6.59264278	0.53715551
54.23999852	6.59264278	0.53715551
54.24399852	6.43147135	0.53715551
54.24799852	6.43147135	0.53715551
54.25199852	6.59264278	0.53715551
54.25599852	6.59264278	0.53715551
54.25999852	6.59264278	0.53715551
54.26399852	6.59264278	0.53715551
54.26799852	6.59264278	0.53715551
54.27199852	6.43147135	0.53715551
54.27599852	6.43147135	0.53715551
54.27999852	6.43147135	0.53715551
54.28399852	6.59264278	0.53715551
54.28799852	6.59264278	0.53715551
54.29199852	6.59264278	0.53715551
54.29599852	6.59264278	0.53715551
54.29999852	6.43147135	0.53715551
54.30399852	6.43147135	0.53715551
54.30799852	6.43147135	0.53715551
54.31199852	6.59264278	0.53715551
54.31599852	6.59264278	0.53715551
54.31999852	6.59264278	0.53715551
54.32399852	6.43147135	0.53715551
54.32799852	6.43147135	0.53715551
54.33199852	6.43147135	0.53715551
54.33599852	6.59264278	0.53715551
54.33999852	6.59264278	0.53715551
54.34399852	6.59264278	0.53715551
54.34799852	6.59264278	0.53715551
54.35199852	6.43147135	0.53715551
54.35599852	6.43147135	0.53715551
54.35999852	6.43147135	0.53715551
54.36399852	6.43147135	0.53715551
54.36799852	6.59264278	0.53715551
54.37199852	6.75319862	0.53715551
54.37599852	6.59264278	0.53715551
54.37999852	6.43147135	0.53715551
54.38399852	6.43147135	0.53715551
54.38799852	6.43147135	0.53715551
54.39199852	6.43147135	0.53715551
54.39599852	6.59264278	0.53715551
54.39999852	6.59264278	0.53715551
54.40399852	6.59264278	0.53715551
54.40799852	6.43147135	0.53715551
54.41199852	6.43147135	0.53715551
54.41599852	6.43147135	0.52134597
54.41999852	6.59264278	0.52134597
54.42399851	6.59264278	0.53715551
54.42799851	6.59264278	0.53715551
54.43199851	6.43147135	0.53715551
54.43599851	6.43147135	0.52134597
54.43999851	6.43147135	0.53715551
54.44399851	6.43147135	0.53715551
54.44799851	6.43147135	0.53715551
54.45199851	6.59264278	0.53715551
54.45599851	6.59264278	0.53715551
54.45999851	6.43147135	0.53715551
54.46399851	6.43147135	0.53715551
54.46799851	6.43147135	0.53715551
54.47199851	6.43147135	0.53715551
54.47599851	6.43147135	0.53715551
54.47999851	6.43147135	0.53715551
54.48399851	6.59264278	0.53715551
54.48799851	6.59264278	0.53715551
54.49199851	6.59264278	0.53715551
54.49599851	6.43147135	0.53715551
54.49999851	6.43147135	0.53715551
54.50399851	6.43147135	0.53715551
54.50799851	6.59264278	0.53715551
54.51199851	6.59264278	0.53715551
54.51599851	6.43147135	0.53715551
54.51999851	6.43147135	0.53715551
54.52399851	6.43147135	0.52134597
54.52799851	6.43147135	0.53715551
54.53199851	6.43147135	0.52134597
54.53599851	6.59264278	0.53715551
54.53999851	6.59264278	0.53715551
54.54399851	6.43147135	0.53715551
54.54799851	6.43147135	0.53715551
54.55199851	6.43147135	0.52134597
54.55599851	6.43147135	0.52134597
54.55999851	6.59264278	0.53715551
54.56399851	6.43147135	0.53715551
54.56799851	6.43147135	0.53715551
54.57199851	6.59264278	0.52134597
54.57599851	6.43147135	0.53715551
54.57999851	6.43147135	0.52134597
54.58399851	6.43147135	0.52134597
54.58799851	6.59264278	0.52134597
54.59199851	6.59264278	0.53715551
54.59599851	6.43147135	0.52134597
54.59999851	6.59264278	0.52134597
54.60399851	6.59264278	0.52134597
54.60799851	6.59264278	0.53715551
54.61199851	6.43147135	0.53715551
54.61599851	6.59264278	0.52134597
54.61999851	6.59264278	0.53715551
54.62399851	6.43147135	0.52134597
54.62799851	6.43147135	0.53715551
54.63199851	6.43147135	0.53715551
54.63599851	6.59264278	0.52134597
54.63999851	6.59264278	0.53715551
54.64399851	6.43147135	0.53715551
54.64799851	6.43147135	0.53715551
54.65199851	6.43147135	0.52134597
54.65599851	6.59264278	0.52134597
54.65999851	6.43147135	0.52134597
54.66399851	6.59264278	0.52134597
54.66799851	6.59264278	0.52134597
54.67199851	6.59264278	0.52134597
54.67599851	6.43147135	0.52134597
54.67999851	6.43147135	0.52134597
54.68399851	6.43147135	0.52134597
54.68799851	6.59264278	0.52134597
54.69199851	6.59264278	0.52134597
54.69599851	6.59264278	0.52134597
54.69999851	6.43147135	0.52134597
54.70399851	6.43147135	0.52134597
54.70799851	6.59264278	0.52134597
54.71199851	6.43147135	0.52134597
54.71599851	6.43147135	0.52134597
54.71999851	6.43147135	0.52134597
54.72399851	6.59264278	0.52134597
54.72799851	6.43147135	0.52134597
54.73199851	6.43147135	0.52134597
54.73599851	6.43147135	0.52134597
54.73999851	6.59264278	0.52134597
54.74399851	6.59264278	0.52134597
54.74799851	6.43147135	0.52134597
54.75199851	6.43147135	0.52134597
54.75599851	6.43147135	0.52134597
54.75999851	6.59264278	0.52134597
54.76399851	6.43147135	0.52134597
54.76799851	6.43147135	0.52134597
54.77199851	6.43147135	0.52134597
54.77599851	6.59264278	0.52134597
54.77999850	6.43147135	0.52134597
54.78399850	6.43147135	0.52134597
54.78799850	6.43147135	0.52134597
54.79199850	6.43147135	0.52134597
54.79599850	6.43147135	0.52134597
54.79999850	6.43147135	0.52134597
54.80399850	6.43147135	0.52134597
54.80799850	6.43147135	0.52134597
54.81199850	6.43147135	0.52134597
54.81599850	6.43147135	0.52134597
54.81999850	6.43147135	0.52134597
54.82399850	6.43147135	0.52134597
54.82799850	6.59264278	0.52134597
54.83199850	6.43147135	0.52134597
54.83599850	6.43147135	0.52134597
54.83999850	6.43147135	0.52134597
54.84399850	6.43147135	0.52134597
54.84799850	6.43147135	0.52134597
54.85199850	6.43147135	0.52134597
54.85599850	6.43147135	0.52134597
54.85999850	6.43147135	0.52134597
54.86399850	6.43147135	0.52134597
54.86799850	6.43147135	0.52134597
54.87199850	6.43147135	0.52134597
54.87599850	6.43147135	0.52134597
54.87999850	6.43147135	0.52134597
54.88399850	6.43147135	0.52134597
54.88799850	6.43147135	0.52134597
54.89199850	6.43147135	0.52134597
54.89599850	6.43147135	0.52134597
54.89999850	6.43147135	0.52134597
54.90399850	6.43147135	0.52134597
54.90799850	6.43147135	0.52134597
54.91199850	6.43147135	0.52134597
54.91599850	6.43147135	0.52134597
54.91999850	6.43147135	0.52134597
54.92399850	6.27091551	0.52134597
54.92799850	6.43147135	0.52134597
54.93199850	6.43147135	0.52134597
54.93599850	6.43147135	0.52134597
54.93999850	6.43147135	0.52134597
54.94399850	6.43147135	0.52134597
54.94799850	6.43147135	0.52134597
54.95199850	6.43147135	0.52134597
54.95599850	6.43147135	0.52134597
54.95999850	6.43147135	0.52134597
54.96399850	6.43147135	0.52134597
54.96799850	6.43147135	0.52134597
54.97199850	6.43147135	0.52134597
54.97599850	6.43147135	0.52134597
54.97999850	6.43147135	0.52134597
54.98399850	6.43147135	0.52134597
54.98799850	6.43147135	0.52134597
54.99199850	6.43147135	0.52134597
54.99599850	6.43147135	0.52134597
54.99999850	6.43147135	0.52134597
55.00399850	6.43147135	0.52134597
55.00799850	6.43147135	0.52134597
55.01199850	6.43147135	0.52134597
55.01599850	6.43147135	0.52134597
55.01999850	6.43147135	0.52134597
55.02399850	6.43147135	0.52134597
55.02799850	6.43147135	0.52134597
55.03199850	6.43147135	0.52134597
55.03599850	6.43147135	0.52134597
55.03999850	6.43147135	0.52134597
55.04399850	6.43147135	0.52134597
55.04799850	6.43147135	0.52134597
55.05199850	6.43147135	0.52134597
55.05599850	6.43147135	0.52134597
55.05999850	6.43147135	0.52134597
55.06399850	6.43147135	0.52134597
55.06799850	6.43147135	0.52134597
55.07199850	6.43147135	0.52134597
55.07599850	6.43147135	0.52134597
55.07999850	6.43147135	0.52134597
55.08399850	6.43147135	0.52134597
55.08799850	6.43147135	0.52134597
55.09199850	6.43147135	0.52134597
55.09599850	6.43147135	0.52134597
55.09999850	6.43147135	0.52134597
55.10399850	6.43147135	0.52134597
55.10799850	6.43147135	0.52134597
55.11199850	6.43147135	0.52134597
55.11599850	6.43147135	0.52134597
55.11999850	6.43147135	0.52134597
55.12399850	6.43147135	0.52134597
55.12799850	6.43147135	0.52134597
55.13199849	6.43147135	0.52134597
55.13599849	6.43147135	0.52134597
55.13999849	6.43147135	0.52134597
55.14399849	6.43147135	0.52134597
55.14799849	6.43147135	0.52134597
55.15199849	6.43147135	0.52134597
55.15599849	6.43147135	0.52134597
55.15999849	6.43147135	0.52134597
55.16399849	6.43147135	0.52134597
55.16799849	6.43147135	0.52134597
55.17199849	6.43147135	0.52134597
55.17599849	6.43147135	0.52134597
55.17999849	6.43147135	0.52134597
55.18399849	6.43147135	0.52134597
55.18799849	6.43147135	0.52134597
55.19199849	6.59264278	0.52134597
55.19599849	6.59264278	0.52134597
55.19999849	6.43147135	0.52134597
55.20399849	6.43147135	0.52134597
55.20799849	6.43147135	0.52134597
55.21199849	6.43147135	0.52134597
55.21599849	6.43147135	0.52134597
55.21999849	6.43147135	0.52134597
55.22399849	6.59264278	0.52134597
55.22799849	6.59264278	0.52134597
55.23199849	6.43147135	0.52134597
55.23599849	6.27091551	0.52134597
55.23999849	6.43147135	0.52134597
55.24399849	6.59264278	0.52134597
55.24799849	6.59264278	0.52134597
55.25199849	6.59264278	0.52134597
55.25599849	6.43147135	0.52134597
55.25999849	6.43147135	0.50553644
55.26399849	6.43147135	0.52134597
55.26799849	6.43147135	0.50553644
55.27199849	6.43147135	0.52134597
55.27599849	6.59264278	0.52134597
55.27999849	6.59264278	0.52134597
55.28399849	6.59264278	0.52134597
55.28799849	6.43147135	0.52134597
55.29199849	6.43147135	0.52134597
55.29599849	6.43147135	0.50553644
55.29999849	6.59264278	0.52134597
55.30399849	6.59264278	0.52134597
55.30799849	6.59264278	0.50553644
55.31199849	6.43147135	0.52134597
55.31599849	6.43147135	0.52134597
55.31999849	6.43147135	0.52134597
55.32399849	6.43147135	0.52134597
55.32799849	6.59264278	0.52134597
55.33199849	6.59264278	0.52134597
55.33599849	6.59264278	0.52134597
55.33999849	6.59264278	0.50553644
55.34399849	6.43147135	0.50553644
55.34799849	6.43147135	0.50553644
55.35199849	6.59264278	0.52134597
55.35599849	6.43147135	0.50553644
55.35999849	6.59264278	0.52134597
55.36399849	6.59264278	0.52134597
55.36799849	6.59264278	0.52134597
55.37199849	6.43147135	0.50553644
55.37599849	6.43147135	0.50553644
55.37999849	6.59264278	0.52134597
55.38399849	6.59264278	0.52134597
55.38799849	6.59264278	0.52134597
55.39199849	6.59264278	0.52134597
55.39599849	6.59264278	0.50553644
55.39999849	6.59264278	0.52134597
55.40399849	6.43147135	0.50553644
55.40799849	6.43147135	0.50553644
55.41199849	6.59264278	0.50553644
55.41599849	6.59264278	0.52134597
55.41999849	6.59264278	0.50553644
55.42399849	6.59264278	0.52134597
55.42799849	6.43147135	0.50553644
55.43199849	6.43147135	0.50553644
55.43599849	6.59264278	0.50553644
55.43999849	6.59264278	0.52134597
55.44399849	6.59264278	0.52134597
55.44799849	6.43147135	0.52134597
55.45199849	6.43147135	0.50553644
55.45599849	6.43147135	0.50553644
55.45999849	6.59264278	0.50553644
55.46399849	6.43147135	0.50553644
55.46799849	6.59264278	0.50553644
55.47199849	6.59264278	0.50553644
55.47599849	6.43147135	0.50553644
55.47999849	6.59264278	0.52134597
55.48399848	6.43147135	0.50553644
55.48799848	6.59264278	0.52134597
55.49199848	6.59264278	0.50553644
55.49599848	6.59264278	0.50553644
55.49999848	6.59264278	0.50553644
55.50399848	6.43147135	0.50553644
55.50799848	6.43147135	0.50553644
55.51199848	6.43147135	0.50553644
55.51599848	6.59264278	0.50553644
55.51999848	6.59264278	0.50553644
55.52399848	6.59264278	0.50553644
55.52799848	6.43147135	0.52134597
55.53199848	6.43147135	0.50553644
55.53599848	6.43147135	0.50553644
55.53999848	6.59264278	0.50553644
55.54399848	6.59264278	0.50553644
55.54799848	6.59264278	0.50553644
55.55199848	6.59264278	0.50553644
55.55599848	6.43147135	0.50553644
55.55999848	6.43147135	0.50553644
55.56399848	6.43147135	0.50553644
55.56799848	6.43147135	0.50553644
55.57199848	6.59264278	0.50553644
55.57599848	6.59264278	0.50553644
55.57999848	6.59264278	0.50553644
55.58399848	6.43147135	0.50553644
55.58799848	6.43147135	0.50553644
55.59199848	6.43147135	0.50553644
55.59599848	6.59264278	0.50553644
55.59999848	6.59264278	0.50553644
55.60399848	6.59264278	0.50553644
55.60799848	6.59264278	0.50553644
55.61199848	6.43147135	0.50553644
55.61599848	6.43147135	0.50553644
55.61999848	6.43147135	0.50553644
55.62399848	6.59264278	0.50553644
55.62799848	6.59264278	0.50553644
55.63199848	6.43147135	0.50553644
55.63599848	6.43147135	0.50553644
55.63999848	6.43147135	0.50553644
55.64399848	6.43147135	0.50553644
55.64799848	6.59264278	0.50553644
55.65199848	6.59264278	0.50553644
55.65599848	6.59264278	0.50553644
55.65999848	6.59264278	0.50553644
55.66399848	6.43147135	0.50553644
55.66799848	6.43147135	0.50553644
55.67199848	6.43147135	0.50553644
55.67599848	6.59264278	0.50553644
55.67999848	6.59264278	0.50553644
55.68399848	6.43147135	0.50553644
55.68799848	6.59264278	0.50553644
55.69199848	6.59264278	0.50553644
55.69599848	6.43147135	0.50553644
55.69999848	6.43147135	0.50553644
55.70399848	6.43147135	0.50553644
55.70799848	6.43147135	0.50553644
55.71199848	6.59264278	0.50553644
55.71599848	6.43147135	0.50553644
55.71999848	6.43147135	0.50553644
55.72399848	6.43147135	0.50553644
55.72799848	6.43147135	0.50553644
55.73199848	6.43147135	0.50553644
55.73599848	6.43147135	0.50553644
55.73999848	6.43147135	0.50553644
55.74399848	6.59264278	0.50553644
55.74799848	6.43147135	0.50553644
55.75199848	6.43147135	0.50553644
55.75599848	6.43147135	0.50553644
55.75999848	6.43147135	0.50553644
55.76399848	6.59264278	0.50553644
55.76799848	6.59264278	0.50553644
55.77199848	6.43147135	0.50553644
55.77599848	6.43147135	0.50553644
55.77999848	6.43147135	0.50553644
55.78399848	6.43147135	0.50553644
55.78799848	6.43147135	0.50553644
55.79199848	6.59264278	0.50553644
55.79599848	6.59264278	0.50553644
55.79999848	6.43147135	0.50553644
55.80399848	6.43147135	0.50553644
55.80799848	6.43147135	0.50553644
55.81199848	6.43147135	0.50553644
55.81599848	6.43147135	0.50553644
55.81999848	6.59264278	0.50553644
55.82399848	6.59264278	0.50553644
55.82799848	6.59264278	0.50553644
55.83199848	6.43147135	0.50553644
55.83599848	6.43147135	0.50553644
55.83999847	6.43147135	0.50553644
55.84399847	6.59264278	0.50553644
55.84799847	6.59264278	0.50553644
55.85199847	6.59264278	0.50553644
55.85599847	6.43147135	0.50553644
55.85999847	6.43147135	0.50553644
55.86399847	6.43147135	0.50553644
55.86799847	6.43147135	0.50553644
55.87199847	6.59264278	0.50553644
55.87599847	6.59264278	0.50553644
55.87999847	6.59264278	0.50553644
55.88399847	6.43147135	0.50553644
55.88799847	6.43147135	0.50553644
55.89199847	6.43147135	0.50553644
55.89599847	6.43147135	0.50553644
55.89999847	6.59264278	0.50553644
55.90399847	6.59264278	0.50553644
55.90799847	6.59264278	0.50553644
55.91199847	6.43147135	0.50553644
55.91599847	6.43147135	0.50553644
55.91999847	6.43147135	0.50553644
55.92399847	6.59264278	0.50553644
55.92799847	6.59264278	0.50553644
55.93199847	6.43147135	0.50553644
55.93599847	6.43147135	0.50553644
55.93999847	6.43147135	0.50553644
55.94399847	6.43147135	0.50553644
55.94799847	6.43147135	0.50553644
55.95199847	6.59264278	0.50553644
55.95599847	6.59264278	0.50553644
55.95999847	6.59264278	0.50553644
55.96399847	6.43147135	0.50553644
55.96799847	6.43147135	0.50553644
55.97199847	6.43147135	0.50553644
55.97599847	6.59264278	0.50553644
55.97999847	6.59264278	0.50553644
55.98399847	6.59264278	0.50553644
55.98799847	6.43147135	0.50553644
55.99199847	6.43147135	0.50553644
55.99599847	6.59264278	0.50553644
55.99999847	6.43147135	0.50553644
56.00399847	6.59264278	0.50553644
56.00799847	6.59264278	0.50553644
56.01199847	6.59264278	0.50553644
56.01599847	6.43147135	0.50553644
56.01999847	6.43147135	0.50553644
56.02399847	6.59264278	0.50553644
56.02799847	6.59264278	0.50553644
56.03199847	6.59264278	0.50553644
56.03599847	6.43147135	0.50553644
56.03999847	6.59264278	0.50553644
56.04399847	6.59264278	0.50553644
56.04799847	6.43147135	0.50553644
56.05199847	6.43147135	0.50553644
56.05599847	6.43147135	0.50553644
56.05999847	6.59264278	0.50553644
56.06399847	6.59264278	0.50553644
56.06799847	6.59264278	0.50553644
56.07199847	6.43147135	0.50553644
56.07599847	6.43147135	0.50553644
56.07999847	6.43147135	0.50553644
56.08399847	6.59264278	0.50553644
56.08799847	6.59264278	0.50553644
56.09199847	6.59264278	0.50553644
56.09599847	6.43147135	0.50553644
56.09999847	6.43147135	0.50553644
56.10399847	6.43147135	0.50553644
56.10799847	6.43147135	0.50553644
56.11199847	6.59264278	0.50553644
56.11599847	6.59264278	0.50553644
56.11999847	6.59264278	0.50553644
56.12399847	6.59264278	0.50553644
56.12799847	6.43147135	0.50553644
56.13199847	6.43147135	0.50553644
56.13599847	6.43147135	0.50553644
56.13999847	6.43147135	0.50553644
56.14399847	6.59264278	0.50553644
56.14799847	6.59264278	0.50553644
56.15199847	6.43147135	0.50553644
56.15599847	6.43147135	0.50553644
56.15999847	6.43147135	0.50553644
56.16399847	6.43147135	0.48972687
56.16799847	6.59264278	0.50553644
56.17199847	6.59264278	0.50553644
56.17599847	6.43147135	0.50553644
56.17999847	6.43147135	0.50553644
56.18399847	6.43147135	0.48972687
56.18799847	6.43147135	0.50553644
56.19199846	6.59264278	0.50553644
56.19599846	6.43147135	0.50553644
56.19999846	6.59264278	0.50553644
56.20399846	6.59264278	0.50553644
56.20799846	6.43147135	0.50553644
56.21199846	6.43147135	0.48972687
56.21599846	6.43147135	0.50553644
56.21999846	6.43147135	0.50553644
56.22399846	6.59264278	0.50553644
56.22799846	6.59264278	0.48972687
56.23199846	6.59264278	0.50553644
56.23599846	6.43147135	0.48972687
56.23999846	6.43147135	0.50553644
56.24399846	6.43147135	0.48972687
56.24799846	6.43147135	0.50553644
56.25199846	6.59264278	0.48972687
56.25599846	6.59264278	0.50553644
56.25999846	6.59264278	0.50553644
56.26399846	6.43147135	0.50553644
56.26799846	6.43147135	0.48972687
56.27199846	6.43147135	0.48972687
56.27599846	6.43147135	0.48972687
56.27999846	6.43147135	0.50553644
56.28399846	6.43147135	0.48972687
56.28799846	6.43147135	0.48972687
56.29199846	6.43147135	0.48972687
56.29599846	6.43147135	0.48972687
56.29999846	6.43147135	0.48972687
56.30399846	6.43147135	0.48972687
56.30799846	6.59264278	0.50553644
56.31199846	6.59264278	0.50553644
56.31599846	6.43147135	0.48972687
56.31999846	6.43147135	0.50553644
56.32399846	6.43147135	0.50553644
56.32799846	6.43147135	0.48972687
56.33199846	6.43147135	0.48972687
56.33599846	6.43147135	0.48972687
56.33999846	6.59264278	0.48972687
56.34399846	6.59264278	0.48972687
56.34799846	6.43147135	0.48972687
56.35199846	6.43147135	0.48972687
56.35599846	6.43147135	0.48972687
56.35999846	6.43147135	0.48972687
56.36399846	6.43147135	0.48972687
56.36799846	6.43147135	0.50553644
56.37199846	6.59264278	0.48972687
56.37599846	6.43147135	0.50553644
56.37999846	6.43147135	0.48972687
56.38399846	6.43147135	0.48972687
56.38799846	6.43147135	0.48972687
56.39199846	6.43147135	0.48972687
56.39599846	6.43147135	0.48972687
56.39999846	6.43147135	0.48972687
56.40399846	6.43147135	0.48972687
56.40799846	6.43147135	0.48972687
56.41199846	6.43147135	0.48972687
56.41599846	6.43147135	0.48972687
56.41999846	6.59264278	0.48972687
56.42399846	6.59264278	0.48972687
56.42799846	6.43147135	0.48972687
56.43199846	6.43147135	0.48972687
56.43599846	6.43147135	0.48972687
56.43999846	6.43147135	0.48972687
56.44399846	6.43147135	0.48972687
56.44799846	6.43147135	0.48972687
56.45199846	6.43147135	0.48972687
56.45599846	6.43147135	0.48972687
56.45999846	6.43147135	0.48972687
56.46399846	6.43147135	0.48972687
56.46799846	6.43147135	0.48972687
56.47199846	6.59264278	0.48972687
56.47599846	6.59264278	0.48972687
56.47999846	6.43147135	0.48972687
56.48399846	6.43147135	0.48972687
56.48799846	6.43147135	0.48972687
56.49199846	6.43147135	0.48972687
56.49599846	6.43147135	0.48972687
56.49999846	6.43147135	0.48972687
56.50399846	6.59264278	0.48972687
56.50799846	6.43147135	0.48972687
56.51199846	6.43147135	0.48972687
56.51599846	6.43147135	0.48972687
56.51999846	6.43147135	0.48972687
56.52399846	6.43147135	0.48972687
56.52799846	6.43147135	0.48972687
56.53199846	6.59264278	0.48972687
56.53599846	6.59264278	0.48972687
56.53999846	6.43147135	0.48972687
56.54399846	6.43147135	0.48972687
56.54799845	6.43147135	0.48972687
56.55199845	6.43147135	0.48972687
56.55599845	6.59264278	0.48972687
56.55999845	6.59264278	0.48972687
56.56399845	6.43147135	0.48972687
56.56799845	6.43147135	0.48972687
56.57199845	6.43147135	0.48972687
56.57599845	6.43147135	0.48972687
56.57999845	6.43147135	0.48972687
56.58399845	6.43147135	0.48972687
56.58799845	6.59264278	0.48972687
56.59199845	6.59264278	0.48972687
56.59599845	6.43147135	0.48972687
56.59999845	6.27091551	0.48972687
56.60399845	6.43147135	0.48972687
56.60799845	6.43147135	0.48972687
56.61199845	6.59264278	0.48972687
56.61599845	6.43147135	0.48972687
56.61999845	6.43147135	0.48972687
56.62399845	6.43147135	0.48972687
56.62799845	6.43147135	0.48972687
56.63199845	6.43147135	0.48972687
56.63599845	6.43147135	0.48972687
56.63999845	6.59264278	0.48972687
56.64399845	6.59264278	0.48972687
56.64799845	6.43147135	0.48972687
56.65199845	6.27091551	0.48972687
56.65599845	6.27091551	0.48972687
56.65999845	6.43147135	0.48972687
56.66399845	6.59264278	0.48972687
56.66799845	6.59264278	0.48972687
56.67199845	6.43147135	0.48972687
56.67599845	6.43147135	0.48972687
56.67999845	6.43147135	0.48972687
56.68399845	6.43147135	0.48972687
56.68799845	6.43147135	0.48972687
56.69199845	6.43147135	0.48972687
56.69599845	6.59264278	0.48972687
56.69999845	6.43147135	0.48972687
56.70399845	6.43147135	0.48972687
56.70799845	6.43147135	0.48972687
56.71199845	6.43147135	0.48972687
56.71599845	6.43147135	0.48972687
56.71999845	6.43147135	0.48972687
56.72399845	6.43147135	0.48972687
56.72799845	6.59264278	0.48972687
56.73199845	6.43147135	0.48972687
56.73599845	6.43147135	0.48972687
56.73999845	6.43147135	0.48972687
56.74399845	6.43147135	0.48972687
56.74799845	6.43147135	0.48972687
56.75199845	6.43147135	0.48972687
56.75599845	6.43147135	0.48972687
56.75999845	6.43147135	0.48972687
56.76399845	6.43147135	0.48972687
56.76799845	6.43147135	0.48972687
56.77199845	6.43147135	0.48972687
56.77599845	6.43147135	0.48972687
56.77999845	6.59264278	0.48972687
56.78399845	6.43147135	0.48972687
56.78799845	6.43147135	0.48972687
56.79199845	6.43147135	0.48972687
56.79599845	6.43147135	0.48972687
56.79999845	6.43147135	0.48972687
56.80399845	6.43147135	0.48972687
56.80799845	6.43147135	0.48972687
56.81199845	6.59264278	0.48972687
56.81599845	6.43147135	0.48972687
56.81999845	6.43147135	0.48972687
56.82399845	6.43147135	0.48972687
56.82799845	6.59264278	0.48972687
56.83199845	6.59264278	0.48972687
56.83599845	6.59264278	0.48972687
56.83999845	6.43147135	0.48972687
56.84399845	6.43147135	0.48972687
56.84799845	6.43147135	0.48972687
56.85199845	6.59264278	0.48972687
56.85599845	6.59264278	0.48972687
56.85999845	6.43147135	0.48972687
56.86399845	6.59264278	0.48972687
56.86799845	6.59264278	0.48972687
56.87199845	6.59264278	0.48972687
56.87599845	6.43147135	0.48972687
56.87999845	6.43147135	0.48972687
56.88399845	6.43147135	0.48972687
56.88799845	6.59264278	0.48972687
56.89199845	6.59264278	0.48972687
56.89599845	6.59264278	0.48972687
56.89999844	6.43147135	0.48972687
56.90399844	6.59264278	0.48972687
56.90799844	6.59264278	0.48972687
56.91199844	6.59264278	0.48972687
56.91599844	6.59264278	0.48972687
56.91999844	6.59264278	0.48972687
56.92399844	6.59264278	0.48972687
56.92799844	6.59264278	0.48972687
56.93199844	6.59264278	0.48972687
56.93599844	6.59264278	0.48972687
56.93999844	6.59264278	0.48972687
56.94399844	6.59264278	0.48972687
56.94799844	6.59264278	0.48972687
56.95199844	6.59264278	0.48972687
56.95599844	6.59264278	0.48972687
56.95999844	6.59264278	0.48972687
56.96399844	6.59264278	0.48972687
56.96799844	6.59264278	0.48972687
56.97199844	6.59264278	0.48972687
56.97599844	6.59264278	0.48972687
56.97999844	6.59264278	0.48972687
56.98399844	6.59264278	0.48972687
56.98799844	6.59264278	0.48972687
56.99199844	6.59264278	0.48972687
56.99599844	6.59264278	0.48972687
56.99999844	6.59264278	0.48972687
57.00399844	6.59264278	0.48972687
57.00799844	6.59264278	0.48972687
57.01199844	6.59264278	0.48972687
57.01599844	6.59264278	0.48972687
57.01999844	6.59264278	0.47397885
57.02399844	6.59264278	0.48972687
57.02799844	6.59264278	0.48972687
57.03199844	6.59264278	0.48972687
57.03599844	6.59264278	0.48972687
57.03999844	6.59264278	0.48972687
57.04399844	6.59264278	0.48972687
57.04799844	6.59264278	0.48972687
57.05199844	6.59264278	0.48972687
57.05599844	6.59264278	0.48972687
57.05999844	6.59264278	0.47397885
57.06399844	6.75319862	0.48972687
57.06799844	6.59264278	0.48972687
57.07199844	6.59264278	0.48972687
57.07599844	6.59264278	0.48972687
57.07999844	6.59264278	0.48972687
57.08399844	6.59264278	0.47397885
57.08799844	6.59264278	0.48972687
57.09199844	6.59264278	0.47397885
57.09599844	6.59264278	0.48972687
57.09999844	6.59264278	0.47397885
57.10399844	6.59264278	0.47397885
57.10799844	6.59264278	0.47397885
57.11199844	6.59264278	0.48972687
57.11599844	6.59264278	0.47397885
57.11999844	6.59264278	0.48972687
57.12399844	6.59264278	0.47397885
57.12799844	6.59264278	0.48972687
57.13199844	6.59264278	0.48972687
57.13599844	6.59264278	0.48972687
57.13999844	6.59264278	0.48972687
57.14399844	6.59264278	0.47397885
57.14799844	6.59264278	0.47397885
57.15199844	6.59264278	0.47397885
57.15599844	6.59264278	0.48972687
57.15999844	6.59264278	0.48972687
57.16399844	6.59264278	0.47397885
57.16799844	6.59264278	0.48972687
57.17199844	6.59264278	0.47397885
57.17599844	6.59264278	0.47397885
57.17999844	6.59264278	0.47397885
57.18399844	6.59264278	0.47397885
57.18799844	6.59264278	0.48972687
57.19199844	6.59264278	0.48972687
57.19599844	6.59264278	0.47397885
57.19999844	6.59264278	0.47397885
57.20399844	6.59264278	0.47397885
57.20799844	6.59264278	0.48972687
57.21199844	6.59264278	0.47397885
57.21599844	6.75319862	0.47397885
57.21999844	6.59264278	0.47397885
57.22399844	6.59264278	0.47397885
57.22799844	6.59264278	0.47397885
57.23199844	6.59264278	0.47397885
57.23599844	6.59264278	0.47397885
57.23999844	6.59264278	0.48972687
57.24399844	6.59264278	0.47397885
57.24799844	6.59264278	0.47397885
57.25199843	6.59264278	0.47397885
57.25599843	6.59264278	0.47397885
57.25999843	6.59264278	0.47397885
57.26399843	6.59264278	0.47397885
57.26799843	6.59264278	0.47397885
57.27199843	6.59264278	0.47397885
57.27599843	6.59264278	0.47397885
57.27999843	6.59264278	0.47397885
57.28399843	6.59264278	0.47397885
57.28799843	6.59264278	0.47397885
57.29199843	6.59264278	0.47397885
57.29599843	6.59264278	0.47397885
57.29999843	6.59264278	0.47397885
57.30399843	6.59264278	0.47397885
57.30799843	6.59264278	0.47397885
57.31199843	6.59264278	0.47397885
57.31599843	6.59264278	0.47397885
57.31999843	6.59264278	0.47397885
57.32399843	6.59264278	0.47397885
57.32799843	6.59264278	0.47397885
57.33199843	6.59264278	0.47397885
57.33599843	6.59264278	0.47397885
57.33999843	6.59264278	0.47397885
57.34399843	6.59264278	0.47397885
57.34799843	6.59264278	0.47397885
57.35199843	6.59264278	0.48972687
57.35599843	6.59264278	0.47397885
57.35999843	6.59264278	0.47397885
57.36399843	6.59264278	0.47397885
57.36799843	6.59264278	0.47397885
57.37199843	6.59264278	0.47397885
57.37599843	6.59264278	0.47397885
57.37999843	6.59264278	0.47397885
57.38399843	6.59264278	0.47397885
57.38799843	6.59264278	0.47397885
57.39199843	6.59264278	0.47397885
57.39599843	6.59264278	0.47397885
57.39999843	6.59264278	0.47397885
57.40399843	6.59264278	0.47397885
57.40799843	6.59264278	0.47397885
57.41199843	6.59264278	0.47397885
57.41599843	6.59264278	0.47397885
57.41999843	6.43147135	0.47397885
57.42399843	6.59264278	0.47397885
57.42799843	6.59264278	0.47397885
57.43199843	6.75319862	0.47397885
57.43599843	6.59264278	0.47397885
57.43999843	6.59264278	0.47397885
57.44399843	6.43147135	0.47397885
57.44799843	6.59264278	0.47397885
57.45199843	6.59264278	0.47397885
57.45599843	6.59264278	0.47397885
57.45999843	6.59264278	0.47397885
57.46399843	6.59264278	0.47397885
57.46799843	6.59264278	0.47397885
57.47199843	6.43147135	0.47397885
57.47599843	6.59264278	0.47397885
57.47999843	6.59264278	0.47397885
57.48399843	6.59264278	0.47397885
57.48799843	6.59264278	0.47397885
57.49199843	6.59264278	0.47397885
57.49599843	6.59264278	0.47397885
57.49999843	6.59264278	0.47397885
57.50399843	6.59264278	0.47397885
57.50799843	6.59264278	0.47397885
57.51199843	6.59264278	0.47397885
57.51599843	6.59264278	0.47397885
57.51999843	6.59264278	0.47397885
57.52399843	6.43147135	0.47397885
57.52799843	6.59264278	0.47397885
57.53199843	6.59264278	0.47397885
57.53599843	6.59264278	0.47397885
57.53999843	6.59264278	0.47397885
57.54399843	6.59264278	0.47397885
57.54799843	6.59264278	0.47397885
57.55199843	6.59264278	0.47397885
57.55599843	6.59264278	0.47397885
57.55999843	6.59264278	0.47397885
57.56399843	6.59264278	0.47397885
57.56799843	6.59264278	0.47397885
57.57199843	6.59264278	0.47397885
57.57599843	6.59264278	0.47397885
57.57999843	6.59264278	0.47397885
57.58399843	6.59264278	0.47397885
57.58799843	6.59264278	0.47397885
57.59199843	6.59264278	0.47397885
57.59599843	6.59264278	0.47397885
57.59999843	6.59264278	0.47397885
57.60399843	6.43147135	0.47397885
57.60799842	6.59264278	0.47397885
57.61199842	6.59264278	0.47397885
57.61599842	6.59264278	0.47397885
57.61999842	6.59264278	0.47397885
57.62399842	6.59264278	0.47397885
57.62799842	6.59264278	0.47397885
57.63199842	6.59264278	0.47397885
57.63599842	6.59264278	0.47397885
57.63999842	6.59264278	0.47397885
57.64399842	6.59264278	0.47397885
57.64799842	6.59264278	0.47397885
57.65199842	6.59264278	0.47397885
57.65599842	6.59264278	0.47397885
57.65999842	6.59264278	0.47397885
57.66399842	6.59264278	0.47397885
57.66799842	6.59264278	0.47397885
57.67199842	6.59264278	0.47397885
57.67599842	6.59264278	0.47397885
57.67999842	6.59264278	0.47397885
57.68399842	6.43147135	0.47397885
57.68799842	6.59264278	0.47397885
57.69199842	6.59264278	0.47397885
57.69599842	6.59264278	0.47397885
57.69999842	6.59264278	0.47397885
57.70399842	6.59264278	0.47397885
57.70799842	6.59264278	0.47397885
57.71199842	6.59264278	0.47397885
57.71599842	6.59264278	0.47397885
57.71999842	6.59264278	0.47397885
57.72399842	6.59264278	0.47397885
57.72799842	6.59264278	0.47397885
57.73199842	6.59264278	0.47397885
57.73599842	6.59264278	0.47397885
57.73999842	6.59264278	0.47397885
57.74399842	6.59264278	0.47397885
57.74799842	6.59264278	0.47397885
57.75199842	6.59264278	0.47397885
57.75599842	6.59264278	0.47397885
57.75999842	6.59264278	0.47397885
57.76399842	6.59264278	0.47397885
57.76799842	6.59264278	0.47397885
57.77199842	6.59264278	0.47397885
57.77599842	6.59264278	0.47397885
57.77999842	6.59264278	0.47397885
57.78399842	6.59264278	0.47397885
57.78799842	6.59264278	0.47397885
57.79199842	6.59264278	0.47397885
57.79599842	6.59264278	0.47397885
57.79999842	6.59264278	0.47397885
57.80399842	6.59264278	0.45816928
57.80799842	6.59264278	0.47397885
57.81199842	6.59264278	0.47397885
57.81599842	6.59264278	0.47397885
57.81999842	6.59264278	0.47397885
57.82399842	6.59264278	0.47397885
57.82799842	6.59264278	0.47397885
57.83199842	6.59264278	0.47397885
57.83599842	6.59264278	0.47397885
57.83999842	6.59264278	0.47397885
57.84399842	6.59264278	0.47397885
57.84799842	6.59264278	0.47397885
57.85199842	6.59264278	0.47397885
57.85599842	6.59264278	0.47397885
57.85999842	6.59264278	0.47397885
57.86399842	6.59264278	0.47397885
57.86799842	6.59264278	0.47397885
57.87199842	6.59264278	0.47397885
57.87599842	6.59264278	0.47397885
57.87999842	6.59264278	0.47397885
57.88399842	6.59264278	0.47397885
57.88799842	6.59264278	0.47397885
57.89199842	6.59264278	0.47397885
57.89599842	6.43147135	0.47397885
57.89999842	6.59264278	0.47397885
57.90399842	6.59264278	0.47397885
57.90799842	6.59264278	0.47397885
57.91199842	6.59264278	0.47397885
57.91599842	6.59264278	0.47397885
57.91999842	6.59264278	0.47397885
57.92399842	6.59264278	0.45816928
57.92799842	6.59264278	0.47397885
57.93199842	6.59264278	0.47397885
57.93599842	6.59264278	0.47397885
57.93999842	6.59264278	0.47397885
57.94399842	6.59264278	0.47397885
57.94799842	6.59264278	0.45816928
57.95199842	6.43147135	0.47397885
57.95599842	6.59264278	0.47397885
57.95999841	6.59264278	0.47397885
57.96399841	6.59264278	0.47397885
57.96799841	6.59264278	0.47397885
57.97199841	6.59264278	0.47397885
57.97599841	6.59264278	0.47397885
57.97999841	6.43147135	0.47397885
57.98399841	6.59264278	0.47397885
57.98799841	6.59264278	0.47397885
57.99199841	6.59264278	0.47397885
57.99599841	6.59264278	0.47397885
57.99999841	6.43147135	0.47397885
58.00399841	6.43147135	0.47397885
58.00799841	6.59264278	0.47397885
58.01199841	6.59264278	0.47397885
58.01599841	6.59264278	0.47397885
58.01999841	6.59264278	0.47397885
58.02399841	6.59264278	0.47397885
58.02799841	6.59264278	0.47397885
58.03199841	6.59264278	0.47397885
58.03599841	6.59264278	0.47397885
58.03999841	6.59264278	0.47397885
58.04399841	6.59264278	0.47397885
58.04799841	6.59264278	0.47397885
58.05199841	6.43147135	0.47397885
58.05599841	6.59264278	0.45816928
58.05999841	6.59264278	0.45816928
58.06399841	6.59264278	0.47397885
58.06799841	6.43147135	0.47397885
58.07199841	6.43147135	0.47397885
58.07599841	6.43147135	0.45816928
58.07999841	6.59264278	0.47397885
58.08399841	6.59264278	0.45816928
58.08799841	6.59264278	0.47397885
58.09199841	6.59264278	0.47397885
58.09599841	6.59264278	0.47397885
58.09999841	6.43147135	0.47397885
58.10399841	6.43147135	0.45816928
58.10799841	6.43147135	0.47397885
58.11199841	6.59264278	0.47397885
58.11599841	6.59264278	0.47397885
58.11999841	6.59264278	0.47397885
58.12399841	6.43147135	0.45816928
58.12799841	6.59264278	0.47397885
58.13199841	6.59264278	0.45816928
58.13599841	6.43147135	0.47397885
58.13999841	6.43147135	0.47397885
58.14399841	6.59264278	0.47397885
58.14799841	6.59264278	0.47397885
58.15199841	6.59264278	0.47397885
58.15599841	6.59264278	0.45816928
58.15999841	6.59264278	0.45816928
58.16399841	6.43147135	0.47397885
58.16799841	6.59264278	0.47397885
58.17199841	6.59264278	0.45816928
58.17599841	6.59264278	0.45816928
58.17999841	6.59264278	0.47397885
58.18399841	6.59264278	0.47397885
58.18799841	6.43147135	0.45816928
58.19199841	6.59264278	0.45816928
58.19599841	6.59264278	0.47397885
58.19999841	6.59264278	0.47397885
58.20399841	6.59264278	0.45816928
58.20799841	6.59264278	0.47397885
58.21199841	6.59264278	0.45816928
58.21599841	6.59264278	0.45816928
58.21999841	6.59264278	0.45816928
58.22399841	6.59264278	0.47397885
58.22799841	6.43147135	0.45816928
58.23199841	6.59264278	0.47397885
58.23599841	6.59264278	0.45816928
58.23999841	6.59264278	0.47397885
58.24399841	6.59264278	0.47397885
58.24799841	6.59264278	0.47397885
58.25199841	6.59264278	0.45816928
58.25599841	6.59264278	0.47397885
58.25999841	6.59264278	0.45816928
58.26399841	6.59264278	0.45816928
58.26799841	6.59264278	0.45816928
58.27199841	6.43147135	0.47397885
58.27599841	6.43147135	0.45816928
58.27999841	6.59264278	0.45816928
58.28399841	6.59264278	0.45816928
58.28799841	6.43147135	0.47397885
58.29199841	6.43147135	0.45816928
58.29599841	6.43147135	0.45816928
58.29999841	6.59264278	0.45816928
58.30399841	6.59264278	0.45816928
58.30799841	6.43147135	0.45816928
58.31199841	6.43147135	0.47397885
58.31599840	6.59264278	0.45816928
58.31999840	6.59264278	0.45816928
58.32399840	6.43147135	0.45816928
58.32799840	6.43147135	0.45816928
58.33199840	6.43147135	0.45816928
58.33599840	6.43147135	0.45816928
58.33999840	6.43147135	0.45816928
58.34399840	6.43147135	0.45816928
58.34799840	6.43147135	0.45816928
58.35199840	6.43147135	0.45816928
58.35599840	6.43147135	0.45816928
58.35999840	6.43147135	0.45816928
58.36399840	6.59264278	0.45816928
58.36799840	6.59264278	0.47397885
58.37199840	6.43147135	0.45816928
58.37599840	6.43147135	0.47397885
58.37999840	6.43147135	0.45816928
58.38399840	6.43147135	0.45816928
58.38799840	6.59264278	0.45816928
58.39199840	6.59264278	0.45816928
58.39599840	6.43147135	0.45816928
58.39999840	6.43147135	0.45816928
58.40399840	6.43147135	0.45816928
58.40799840	6.43147135	0.45816928
58.41199840	6.43147135	0.45816928
58.41599840	6.59264278	0.45816928
58.41999840	6.59264278	0.45816928
58.42399840	6.59264278	0.45816928
58.42799840	6.43147135	0.45816928
58.43199840	6.43147135	0.45816928
58.43599840	6.43147135	0.45816928
58.43999840	6.59264278	0.45816928
58.44399840	6.59264278	0.45816928
58.44799840	6.43147135	0.45816928
58.45199840	6.43147135	0.45816928
58.45599840	6.43147135	0.45816928
58.45999840	6.43147135	0.45816928
58.46399840	6.43147135	0.45816928
58.46799840	6.43147135	0.45816928
58.47199840	6.59264278	0.45816928
58.47599840	6.43147135	0.45816928
58.47999840	6.43147135	0.45816928
58.48399840	6.43147135	0.45816928
58.48799840	6.43147135	0.45816928
58.49199840	6.59264278	0.45816928
58.49599840	6.59264278	0.45816928
58.49999840	6.59264278	0.45816928
58.50399840	6.43147135	0.45816928
58.50799840	6.43147135	0.45816928
58.51199840	6.43147135	0.45816928
58.51599840	6.43147135	0.45816928
58.51999840	6.43147135	0.45816928
58.52399840	6.59264278	0.45816928
58.52799840	6.43147135	0.45816928
58.53199840	6.43147135	0.45816928
58.53599840	6.43147135	0.45816928
58.53999840	6.43147135	0.45816928
58.54399840	6.43147135	0.45816928
58.54799840	6.43147135	0.45816928
58.55199840	6.43147135	0.45816928
58.55599840	6.43147135	0.45816928
58.55999840	6.43147135	0.45816928
58.56399840	6.43147135	0.45816928
58.56799840	6.43147135	0.45816928
58.57199840	6.43147135	0.45816928
58.57599840	6.43147135	0.45816928
58.57999840	6.43147135	0.45816928
58.58399840	6.43147135	0.45816928
58.58799840	6.43147135	0.45816928
58.59199840	6.43147135	0.45816928
58.59599840	6.43147135	0.45816928
58.59999840	6.43147135	0.45816928
58.60399840	6.43147135	0.45816928
58.60799840	6.43147135	0.45816928
58.61199840	6.43147135	0.45816928
58.61599840	6.43147135	0.45816928
58.61999840	6.43147135	0.45816928
58.62399840	6.43147135	0.45816928
58.62799840	6.43147135	0.45816928
58.63199840	6.43147135	0.45816928
58.63599840	6.43147135	0.45816928
58.63999840	6.59264278	0.45816928
58.64399840	6.59264278	0.45816928
58.64799840	6.43147135	0.45816928
58.65199840	6.43147135	0.45816928
58.65599840	6.43147135	0.45816928
58.65999840	6.59264278	0.45816928
58.66399840	6.59264278	0.45816928
58.66799839	6.43147135	0.45816928
58.67199839	6.43147135	0.45816928
58.67599839	6.43147135	0.45816928
58.67999839	6.43147135	0.45816928
58.68399839	6.43147135	0.45816928
58.68799839	6.43147135	0.45816928
58.69199839	6.43147135	0.45816928
58.69599839	6.43147135	0.45816928
58.69999839	6.43147135	0.45816928
58.70399839	6.43147135	0.45816928
58.70799839	6.43147135	0.45816928
58.71199839	6.43147135	0.45816928
58.71599839	6.43147135	0.45816928
58.71999839	6.43147135	0.45816928
58.72399839	6.43147135	0.45816928
58.72799839	6.59264278	0.45816928
58.73199839	6.43147135	0.45816928
58.73599839	6.43147135	0.45816928
58.73999839	6.43147135	0.45816928
58.74399839	6.43147135	0.45816928
58.74799839	6.43147135	0.45816928
58.75199839	6.43147135	0.45816928
58.75599839	6.43147135	0.45816928
58.75999839	6.59264278	0.45816928
58.76399839	6.59264278	0.45816928
58.76799839	6.43147135	0.45816928
58.77199839	6.43147135	0.45816928
58.77599839	6.43147135	0.45816928
58.77999839	6.59264278	0.45816928
58.78399839	6.59264278	0.45816928
58.78799839	6.43147135	0.45816928
58.79199839	6.43147135	0.45816928
58.79599839	6.43147135	0.45816928
58.79999839	6.43147135	0.45816928
58.80399839	6.43147135	0.45816928
58.80799839	6.59264278	0.45816928
58.81199839	6.59264278	0.45816928
58.81599839	6.59264278	0.45816928
58.81999839	6.43147135	0.45816928
58.82399839	6.43147135	0.45816928
58.82799839	6.59264278	0.45816928
58.83199839	6.59264278	0.45816928
58.83599839	6.59264278	0.45816928
58.83999839	6.59264278	0.45816928
58.84399839	6.43147135	0.45816928
58.84799839	6.43147135	0.45816928
58.85199839	6.59264278	0.45816928
58.85599839	6.59264278	0.45816928
58.85999839	6.59264278	0.45816928
58.86399839	6.59264278	0.45816928
58.86799839	6.43147135	0.45816928
58.87199839	6.43147135	0.45816928
58.87599839	6.59264278	0.45816928
58.87999839	6.59264278	0.45816928
58.88399839	6.43147135	0.45816928
58.88799839	6.43147135	0.45816928
58.89199839	6.59264278	0.45816928
58.89599839	6.59264278	0.45816928
58.89999839	6.43147135	0.45816928
58.90399839	6.59264278	0.45816928
58.90799839	6.43147135	0.45816928
58.91199839	6.59264278	0.45816928
58.91599839	6.59264278	0.45816928
58.91999839	6.59264278	0.45816928
58.92399839	6.43147135	0.45816928
58.92799839	6.43147135	0.45816928
58.93199839	6.59264278	0.45816928
58.93599839	6.59264278	0.45816928
58.93999839	6.59264278	0.45816928
58.94399839	6.59264278	0.45816928
58.94799839	6.59264278	0.45816928
58.95199839	6.59264278	0.45816928
58.95599839	6.43147135	0.45816928
58.95999839	6.43147135	0.45816928
58.96399839	6.59264278	0.45816928
58.96799839	6.59264278	0.45816928
58.97199839	6.59264278	0.45816928
58.97599839	6.59264278	0.45816928
58.97999839	6.59264278	0.45816928
58.98399839	6.59264278	0.45816928
58.98799839	6.59264278	0.45816928
58.99199839	6.43147135	0.45816928
58.99599839	6.43147135	0.45816928
58.99999839	6.59264278	0.45816928
59.00399839	6.59264278	0.44235975
59.00799839	6.59264278	0.45816928
59.01199839	6.59264278	0.45816928
59.01599839	6.59264278	0.45816928
59.01999838	6.59264278	0.45816928
59.02399838	6.43147135	0.45816928
59.02799838	6.43147135	0.45816928
59.03199838	6.59264278	0.45816928
59.03599838	6.59264278	0.45816928
59.03999838	6.59264278	0.45816928
59.04399838	6.43147135	0.45816928
59.04799838	6.43147135	0.45816928
59.05199838	6.59264278	0.45816928
59.05599838	6.43147135	0.45816928
59.05999838	6.43147135	0.45816928
59.06399838	6.59264278	0.45816928
59.06799838	6.59264278	0.45816928
59.07199838	6.59264278	0.44235975
59.07599838	6.43147135	0.45816928
59.07999838	6.43147135	0.45816928
59.08399838	6.59264278	0.44235975
59.08799838	6.59264278	0.45816928
59.09199838	6.59264278	0.45816928
59.09599838	6.59264278	0.45816928
59.09999838	6.59264278	0.44235975
59.10399838	6.59264278	0.45816928
59.10799838	6.43147135	0.45816928
59.11199838	6.59264278	0.45816928
59.11599838	6.59264278	0.45816928
59.11999838	6.59264278	0.45816928
59.12399838	6.59264278	0.45816928
59.12799838	6.43147135	0.45816928
59.13199838	6.43147135	0.45816928
59.13599838	6.59264278	0.44235975
59.13999838	6.59264278	0.44235975
59.14399838	6.59264278	0.45816928
59.14799838	6.59264278	0.44235975
59.15199838	6.43147135	0.44235975
59.15599838	6.43147135	0.45816928
59.15999838	6.59264278	0.44235975
59.16399838	6.59264278	0.44235975
59.16799838	6.59264278	0.45816928
59.17199838	6.43147135	0.45816928
59.17599838	6.43147135	0.45816928
59.17999838	6.59264278	0.44235975
59.18399838	6.59264278	0.45816928
59.18799838	6.43147135	0.44235975
59.19199838	6.43147135	0.45816928
59.19599838	6.43147135	0.44235975
59.19999838	6.59264278	0.45816928
59.20399838	6.43147135	0.45816928
59.20799838	6.43147135	0.45816928
59.21199838	6.43147135	0.44235975
59.21599838	6.59264278	0.45816928
59.21999838	6.59264278	0.44235975
59.22399838	6.59264278	0.45816928
59.22799838	6.43147135	0.44235975
59.23199838	6.43147135	0.44235975
59.23599838	6.43147135	0.44235975
59.23999838	6.59264278	0.44235975
59.24399838	6.59264278	0.44235975
59.24799838	6.43147135	0.44235975
59.25199838	6.43147135	0.44235975
59.25599838	6.43147135	0.44235975
59.25999838	6.43147135	0.44235975
59.26399838	6.43147135	0.44235975
59.26799838	6.43147135	0.44235975
59.27199838	6.59264278	0.44235975
59.27599838	6.59264278	0.44235975
59.27999838	6.59264278	0.45816928
59.28399838	6.43147135	0.44235975
59.28799838	6.43147135	0.44235975
59.29199838	6.43147135	0.44235975
59.29599838	6.43147135	0.44235975
59.29999838	6.43147135	0.44235975
59.30399838	6.43147135	0.44235975
59.30799838	6.43147135	0.44235975
59.31199838	6.43147135	0.45816928
59.31599838	6.43147135	0.44235975
59.31999838	6.43147135	0.44235975
59.32399838	6.43147135	0.44235975
59.32799838	6.43147135	0.44235975
59.33199838	6.59264278	0.44235975
59.33599838	6.43147135	0.45816928
59.33999838	6.43147135	0.44235975
59.34399838	6.43147135	0.44235975
59.34799838	6.43147135	0.44235975
59.35199838	6.43147135	0.44235975
59.35599838	6.43147135	0.44235975
59.35999838	6.43147135	0.44235975
59.36399838	6.43147135	0.44235975
59.36799838	6.43147135	0.44235975
59.37199838	6.43147135	0.44235975
59.37599837	6.43147135	0.44235975
59.37999837	6.43147135	0.44235975
59.38399837	6.59264278	0.44235975
59.38799837	6.43147135	0.44235975
59.39199837	6.43147135	0.44235975
59.39599837	6.43147135	0.44235975
59.39999837	6.43147135	0.44235975
59.40399837	6.43147135	0.44235975
59.40799837	6.43147135	0.44235975
59.41199837	6.43147135	0.44235975
59.41599837	6.43147135	0.44235975
59.41999837	6.43147135	0.44235975
59.42399837	6.43147135	0.44235975
59.42799837	6.43147135	0.44235975
59.43199837	6.59264278	0.44235975
59.43599837	6.59264278	0.44235975
59.43999837	6.43147135	0.44235975
59.44399837	6.43147135	0.44235975
59.44799837	6.43147135	0.44235975
59.45199837	6.43147135	0.44235975
59.45599837	6.59264278	0.44235975
59.45999837	6.59264278	0.44235975
59.46399837	6.43147135	0.44235975
59.46799837	6.43147135	0.44235975
59.47199837	6.43147135	0.44235975
59.47599837	6.59264278	0.44235975
59.47999837	6.59264278	0.44235975
59.48399837	6.43147135	0.44235975
59.48799837	6.43147135	0.44235975
59.49199837	6.59264278	0.44235975
59.49599837	6.43147135	0.44235975
59.49999837	6.43147135	0.44235975
59.50399837	6.59264278	0.44235975
59.50799837	6.43147135	0.44235975
59.51199837	6.59264278	0.44235975
59.51599837	6.59264278	0.44235975
59.51999837	6.59264278	0.44235975
59.52399837	6.43147135	0.44235975
59.52799837	6.43147135	0.44235975
59.53199837	6.43147135	0.44235975
59.53599837	6.43147135	0.44235975
59.53999837	6.59264278	0.44235975
59.54399837	6.59264278	0.44235975
59.54799837	6.59264278	0.44235975
59.55199837	6.59264278	0.44235975
59.55599837	6.43147135	0.44235975
59.55999837	6.43147135	0.44235975
59.56399837	6.59264278	0.44235975
59.56799837	6.59264278	0.44235975
59.57199837	6.59264278	0.44235975
59.57599837	6.43147135	0.44235975
59.57999837	6.59264278	0.44235975
59.58399837	6.59264278	0.44235975
59.58799837	6.59264278	0.44235975
59.59199837	6.59264278	0.44235975
59.59599837	6.59264278	0.44235975
59.59999837	6.59264278	0.44235975
59.60399837	6.59264278	0.44235975
59.60799837	6.59264278	0.44235975
59.61199837	6.43147135	0.44235975
59.61599837	6.59264278	0.44235975
59.61999837	6.59264278	0.44235975
59.62399837	6.59264278	0.44235975
59.62799837	6.59264278	0.44235975
59.63199837	6.59264278	0.44235975
59.63599837	6.59264278	0.44235975
59.63999837	6.59264278	0.44235975
59.64399837	6.43147135	0.44235975
59.64799837	6.59264278	0.44235975
59.65199837	6.59264278	0.44235975
59.65599837	6.59264278	0.44235975
59.65999837	6.59264278	0.44235975
59.66399837	6.59264278	0.44235975
59.66799837	6.59264278	0.44235975
59.67199837	6.59264278	0.44235975
59.67599837	6.43147135	0.44235975
59.67999837	6.43147135	0.44235975
59.68399837	6.59264278	0.44235975
59.68799837	6.59264278	0.44235975
59.69199837	6.59264278	0.44235975
59.69599837	6.59264278	0.44235975
59.69999837	6.59264278	0.44235975
59.70399837	6.59264278	0.44235975
59.70799837	6.59264278	0.44235975
59.71199837	6.43147135	0.44235975
59.71599837	6.43147135	0.44235975
59.71999837	6.59264278	0.44235975
59.72399837	6.59264278	0.44235975
59.72799836	6.59264278	0.44235975
59.73199836	6.43147135	0.44235975
59.73599836	6.59264278	0.44235975
59.73999836	6.59264278	0.44235975
59.74399836	6.59264278	0.44235975
59.74799836	6.59264278	0.44235975
59.75199836	6.59264278	0.44235975
59.75599836	6.59264278	0.44235975
59.75999836	6.59264278	0.44235975
59.76399836	6.43147135	0.44235975
59.76799836	6.59264278	0.44235975
59.77199836	6.59264278	0.44235975
59.77599836	6.59264278	0.44235975
59.77999836	6.59264278	0.44235975
59.78399836	6.59264278	0.44235975
59.78799836	6.59264278	0.44235975
59.79199836	6.59264278	0.44235975
59.79599836	6.59264278	0.44235975
59.79999836	6.59264278	0.44235975
59.80399836	6.59264278	0.44235975
59.80799836	6.59264278	0.44235975
59.81199836	6.59264278	0.44235975
59.81599836	6.59264278	0.44235975
59.81999836	6.43147135	0.44235975
59.82399836	6.59264278	0.44235975
59.82799836	6.59264278	0.44235975
59.83199836	6.59264278	0.44235975
59.83599836	6.59264278	0.44235975
59.83999836	6.59264278	0.44235975
59.84399836	6.59264278	0.44235975
59.84799836	6.59264278	0.44235975
59.85199836	6.43147135	0.44235975
59.85599836	6.59264278	0.44235975
59.85999836	6.59264278	0.44235975
59.86399836	6.59264278	0.44235975
59.86799836	6.59264278	0.44235975
59.87199836	6.43147135	0.44235975
59.87599836	6.59264278	0.44235975
59.87999836	6.59264278	0.44235975
59.88399836	6.59264278	0.44235975
59.88799836	6.59264278	0.44235975
59.89199836	6.59264278	0.44235975
59.89599836	6.59264278	0.44235975
59.89999836	6.43147135	0.44235975
59.90399836	6.43147135	0.44235975
59.90799836	6.59264278	0.44235975
59.91199836	6.59264278	0.44235975
59.91599836	6.59264278	0.44235975
59.91999836	6.59264278	0.44235975
59.92399836	6.59264278	0.44235975
59.92799836	6.59264278	0.44235975
59.93199836	6.43147135	0.44235975
59.93599836	6.43147135	0.44235975
59.93999836	6.59264278	0.44235975
59.94399836	6.59264278	0.44235975
59.94799836	6.59264278	0.44235975
59.95199836	6.59264278	0.44235975
59.95599836	6.43147135	0.44235975
59.95999836	6.59264278	0.44235975
59.96399836	6.59264278	0.44235975
59.96799836	6.59264278	0.44235975
59.97199836	6.59264278	0.44235975
59.97599836	6.59264278	0.44235975
59.97999836	6.59264278	0.44235975
59.98399836	6.59264278	0.44235975
59.98799836	6.59264278	0.44235975
59.99199836	6.59264278	0.44235975
59.99599836	6.59264278	0.44235975
59.99999836	6.59264278	0.44235975
60.00399836	6.59264278	0.44235975
60.00799836	6.59264278	0.44235975
60.01199836	6.59264278	0.44235975
60.01599836	6.59264278	0.44235975
60.01999836	6.59264278	0.44235975
60.02399836	6.59264278	0.44235975
60.02799836	6.59264278	0.42655021
60.03199836	6.59264278	0.44235975
60.03599836	6.59264278	0.44235975
60.03999836	6.59264278	0.44235975
60.04399836	6.59264278	0.44235975
60.04799836	6.59264278	0.44235975
60.05199836	6.59264278	0.44235975
60.05599836	6.59264278	0.44235975
60.05999836	6.59264278	0.42655021
60.06399836	6.59264278	0.44235975
60.06799836	6.59264278	0.44235975
60.07199836	6.59264278	0.44235975
60.07599836	6.59264278	0.42655021
60.07999836	6.59264278	0.44235975
60.08399835	6.75319862	0.44235975
60.08799835	6.59264278	0.44235975
60.09199835	6.59264278	0.42655021
60.09599835	6.59264278	0.44235975
60.09999835	6.59264278	0.44235975
60.10399835	6.59264278	0.44235975
60.10799835	6.59264278	0.44235975
60.11199835	6.59264278	0.44235975
60.11599835	6.59264278	0.44235975
60.11999835	6.59264278	0.44235975
60.12399835	6.59264278	0.42655021
60.12799835	6.59264278	0.42655021
60.13199835	6.59264278	0.44235975
60.13599835	6.59264278	0.44235975
60.13999835	6.59264278	0.44235975
60.14399835	6.59264278	0.44235975
60.14799835	6.59264278	0.42655021
60.15199835	6.59264278	0.44235975
60.15599835	6.59264278	0.42655021
60.15999835	6.75319862	0.44235975
60.16399835	6.59264278	0.44235975
60.16799835	6.59264278	0.42655021
60.17199835	6.59264278	0.42655021
60.17599835	6.59264278	0.42655021
60.17999835	6.59264278	0.42655021
60.18399835	6.59264278	0.42655021
60.18799835	6.59264278	0.44235975
60.19199835	6.59264278	0.44235975
60.19599835	6.59264278	0.42655021
60.19999835	6.59264278	0.44235975
60.20399835	6.59264278	0.44235975
60.20799835	6.59264278	0.44235975
60.21199835	6.59264278	0.44235975
60.21599835	6.59264278	0.44235975
60.21999835	6.59264278	0.42655021
60.22399835	6.59264278	0.42655021
60.22799835	6.59264278	0.42655021
60.23199835	6.59264278	0.42655021
60.23599835	6.59264278	0.42655021
60.23999835	6.59264278	0.42655021
60.24399835	6.59264278	0.42655021
60.24799835	6.59264278	0.44235975
60.25199835	6.59264278	0.42655021
60.25599835	6.59264278	0.42655021
60.25999835	6.59264278	0.42655021
60.26399835	6.59264278	0.44235975
60.26799835	6.59264278	0.42655021
60.27199835	6.59264278	0.42655021
60.27599835	6.59264278	0.44235975
60.27999835	6.43147135	0.42655021
60.28399835	6.43147135	0.42655021
60.28799835	6.59264278	0.42655021
60.29199835	6.59264278	0.42655021
60.29599835	6.59264278	0.44235975
60.29999835	6.59264278	0.44235975
60.30399835	6.43147135	0.42655021
60.30799835	6.43147135	0.42655021
60.31199835	6.43147135	0.44235975
60.31599835	6.59264278	0.42655021
60.31999835	6.59264278	0.44235975
60.32399835	6.59264278	0.42655021
60.32799835	6.59264278	0.44235975
60.33199835	6.43147135	0.42655021
60.33599835	6.43147135	0.42655021
60.33999835	6.59264278	0.42655021
60.34399835	6.59264278	0.44235975
60.34799835	6.59264278	0.42655021
60.35199835	6.59264278	0.42655021
60.35599835	6.43147135	0.42655021
60.35999835	6.43147135	0.42655021
60.36399835	6.43147135	0.42655021
60.36799835	6.43147135	0.44235975
60.37199835	6.59264278	0.42655021
60.37599835	6.59264278	0.42655021
60.37999835	6.59264278	0.42655021
60.38399835	6.43147135	0.44235975
60.38799835	6.43147135	0.42655021
60.39199835	6.43147135	0.42655021
60.39599835	6.59264278	0.42655021
60.39999835	6.59264278	0.42655021
60.40399835	6.43147135	0.42655021
60.40799835	6.43147135	0.42655021
60.41199835	6.43147135	0.42655021
60.41599835	6.43147135	0.42655021
60.41999835	6.43147135	0.42655021
60.42399835	6.59264278	0.42655021
60.42799835	6.59264278	0.42655021
60.43199835	6.59264278	0.42655021
60.43599834	6.59264278	0.42655021
60.43999834	6.43147135	0.42655021
60.44399834	6.43147135	0.42655021
60.44799834	6.43147135	0.42655021
60.45199834	6.43147135	0.42655021
60.45599834	6.59264278	0.42655021
60.45999834	6.59264278	0.42655021
60.46399834	6.59264278	0.42655021
60.46799834	6.59264278	0.42655021
60.47199834	6.43147135	0.42655021
60.47599834	6.43147135	0.42655021
60.47999834	6.59264278	0.42655021
60.48399834	6.59264278	0.42655021
60.48799834	6.59264278	0.42655021
60.49199834	6.43147135	0.42655021
60.49599834	6.43147135	0.42655021
60.49999834	6.43147135	0.42655021
60.50399834	6.43147135	0.42655021
60.50799834	6.43147135	0.42655021
60.51199834	6.43147135	0.42655021
60.51599834	6.59264278	0.42655021
60.51999834	6.59264278	0.42655021
60.52399834	6.43147135	0.42655021
60.52799834	6.43147135	0.42655021
60.53199834	6.59264278	0.42655021
60.53599834	6.59264278	0.42655021
60.53999834	6.43147135	0.42655021
60.54399834	6.43147135	0.42655021
60.54799834	6.59264278	0.42655021
60.55199834	6.59264278	0.42655021
60.55599834	6.43147135	0.42655021
60.55999834	6.43147135	0.42655021
60.56399834	6.59264278	0.42655021
60.56799834	6.59264278	0.42655021
60.57199834	6.59264278	0.42655021
60.57599834	6.43147135	0.42655021
60.57999834	6.43147135	0.42655021
60.58399834	6.59264278	0.42655021
60.58799834	6.43147135	0.42655021
60.59199834	6.59264278	0.42655021
60.59599834	6.43147135	0.42655021
60.59999834	6.59264278	0.42655021
60.60399834	6.43147135	0.42655021
60.60799834	6.59264278	0.42655021
60.61199834	6.43147135	0.42655021
60.61599834	6.59264278	0.42655021
60.61999834	6.59264278	0.42655021
60.62399834	6.43147135	0.42655021
60.62799834	6.43147135	0.42655021
60.63199834	6.43147135	0.42655021
60.63599834	6.43147135	0.42655021
60.63999834	6.59264278	0.42655021
60.64399834	6.59264278	0.42655021
60.64799834	6.59264278	0.42655021
60.65199834	6.43147135	0.42655021
60.65599834	6.43147135	0.42655021
60.65999834	6.59264278	0.42655021
60.66399834	6.59264278	0.42655021
60.66799834	6.59264278	0.42655021
60.67199834	6.43147135	0.42655021
60.67599834	6.43147135	0.42655021
60.67999834	6.59264278	0.42655021
60.68399834	6.43147135	0.42655021
60.68799834	6.43147135	0.42655021
60.69199834	6.59264278	0.42655021
60.69599834	6.59264278	0.42655021
60.69999834	6.43147135	0.42655021
60.70399834	6.43147135	0.42655021
60.70799834	6.43147135	0.42655021
60.71199834	6.59264278	0.42655021
60.71599834	6.59264278	0.42655021
60.71999834	6.59264278	0.42655021
60.72399834	6.59264278	0.42655021
60.72799834	6.59264278	0.42655021
60.73199834	6.43147135	0.42655021
60.73599834	6.43147135	0.42655021
60.73999834	6.59264278	0.42655021
60.74399834	6.59264278	0.42655021
60.74799834	6.59264278	0.42655021
60.75199834	6.59264278	0.42655021
60.75599834	6.59264278	0.42655021
60.75999834	6.43147135	0.42655021
60.76399834	6.43147135	0.42655021
60.76799834	6.59264278	0.42655021
60.77199834	6.59264278	0.42655021
60.77599834	6.59264278	0.42655021
60.77999834	6.59264278	0.42655021
60.78399834	6.59264278	0.42655021
60.78799833	6.43147135	0.42655021
60.79199833	6.59264278	0.42655021
60.79599833	6.59264278	0.42655021
60.79999833	6.59264278	0.42655021
60.80399833	6.59264278	0.42655021
60.80799833	6.59264278	0.42655021
60.81199833	6.59264278	0.42655021
60.81599833	6.43147135	0.42655021
60.81999833	6.59264278	0.42655021
60.82399833	6.59264278	0.42655021
60.82799833	6.59264278	0.42655021
60.83199833	6.59264278	0.42655021
60.83599833	6.59264278	0.42655021
60.83999833	6.59264278	0.42655021
60.84399833	6.59264278	0.42655021
60.84799833	6.59264278	0.42655021
60.85199833	6.59264278	0.42655021
60.85599833	6.59264278	0.42655021
60.85999833	6.59264278	0.42655021
60.86399833	6.59264278	0.42655021
60.86799833	6.43147135	0.42655021
60.87199833	6.43147135	0.42655021
60.87599833	6.59264278	0.42655021
60.87999833	6.59264278	0.42655021
60.88399833	6.59264278	0.42655021
60.88799833	6.59264278	0.42655021
60.89199833	6.43147135	0.42655021
60.89599833	6.59264278	0.42655021
60.89999833	6.59264278	0.42655021
60.90399833	6.59264278	0.42655021
60.90799833	6.59264278	0.42655021
60.91199833	6.59264278	0.42655021
60.91599833	6.43147135	0.42655021
60.91999833	6.43147135	0.42655021
60.92399833	6.43147135	0.42655021
60.92799833	6.59264278	0.42655021
60.93199833	6.75319862	0.42655021
60.93599833	6.59264278	0.42655021
60.93999833	6.59264278	0.42655021
60.94399833	6.43147135	0.42655021
60.94799833	6.59264278	0.42655021
60.95199833	6.59264278	0.42655021
60.95599833	6.59264278	0.42655021
60.95999833	6.59264278	0.42655021
60.96399833	6.59264278	0.42655021
60.96799833	6.59264278	0.42655021
60.97199833	6.43147135	0.41074064
60.97599833	6.43147135	0.42655021
60.97999833	6.59264278	0.42655021
60.98399833	6.59264278	0.42655021
60.98799833	6.59264278	0.42655021
60.99199833	6.59264278	0.42655021
60.99599833	6.59264278	0.42655021
60.99999833	6.59264278	0.42655021
61.00399833	6.59264278	0.42655021
61.00799833	6.59264278	0.42655021
61.01199833	6.59264278	0.42655021
61.01599833	6.59264278	0.42655021
61.01999833	6.59264278	0.42655021
61.02399833	6.59264278	0.42655021
61.02799833	6.43147135	0.42655021
61.03199833	6.59264278	0.42655021
61.03599833	6.59264278	0.42655021
61.03999833	6.59264278	0.42655021
61.04399833	6.59264278	0.42655021
61.04799833	6.59264278	0.42655021
61.05199833	6.59264278	0.42655021
61.05599833	6.59264278	0.42655021
61.05999833	6.59264278	0.42655021
61.06399833	6.43147135	0.42655021
61.06799833	6.59264278	0.41074064
61.07199833	6.59264278	0.42655021
61.07599833	6.59264278	0.42655021
61.07999833	6.59264278	0.42655021
61.08399833	6.59264278	0.41074064
61.08799833	6.59264278	0.42655021
61.09199833	6.59264278	0.42655021
61.09599833	6.59264278	0.42655021
61.09999833	6.59264278	0.42655021
61.10399833	6.59264278	0.42655021
61.10799833	6.59264278	0.42655021
61.11199833	6.59264278	0.42655021
61.11599833	6.59264278	0.42655021
61.11999833	6.59264278	0.42655021
61.12399833	6.59264278	0.42655021
61.12799833	6.59264278	0.42655021
61.13199833	6.59264278	0.42655021
61.13599833	6.59264278	0.42655021
61.13999833	6.59264278	0.42655021
61.14399832	6.59264278	0.42655021
61.14799832	6.59264278	0.41074064
61.15199832	6.59264278	0.42655021
61.15599832	6.59264278	0.42655021
61.15999832	6.59264278	0.42655021
61.16399832	6.59264278	0.42655021
61.16799832	6.59264278	0.42655021
61.17199832	6.59264278	0.42655021
61.17599832	6.59264278	0.42655021
61.17999832	6.59264278	0.42655021
61.18399832	6.59264278	0.42655021
61.18799832	6.59264278	0.41074064
61.19199832	6.59264278	0.42655021
61.19599832	6.59264278	0.42655021
61.19999832	6.59264278	0.42655021
61.20399832	6.59264278	0.42655021
61.20799832	6.59264278	0.42655021
61.21199832	6.59264278	0.42655021
61.21599832	6.59264278	0.42655021
61.21999832	6.59264278	0.41074064
61.22399832	6.59264278	0.42655021
61.22799832	6.59264278	0.42655021
61.23199832	6.59264278	0.42655021
61.23599832	6.59264278	0.42655021
61.23999832	6.59264278	0.42655021
61.24399832	6.59264278	0.41074064
61.24799832	6.59264278	0.41074064
61.25199832	6.59264278	0.41074064
61.25599832	6.75319862	0.42655021
61.25999832	6.59264278	0.41074064
61.26399832	6.59264278	0.41074064
61.26799832	6.59264278	0.41074064
61.27199832	6.59264278	0.42655021
61.27599832	6.59264278	0.41074064
61.27999832	6.59264278	0.42655021
61.28399832	6.75319862	0.41074064
61.28799832	6.75319862	0.42655021
61.29199832	6.59264278	0.42655021
61.29599832	6.59264278	0.41074064
61.29999832	6.59264278	0.41074064
61.30399832	6.59264278	0.42655021
61.30799832	6.59264278	0.42655021
61.31199832	6.59264278	0.42655021
61.31599832	6.59264278	0.42655021
61.31999832	6.59264278	0.42655021
61.32399832	6.59264278	0.41074064
61.32799832	6.59264278	0.41074064
61.33199832	6.59264278	0.42655021
61.33599832	6.59264278	0.42655021
61.33999832	6.59264278	0.41074064
61.34399832	6.59264278	0.42655021
61.34799832	6.59264278	0.41074064
61.35199832	6.59264278	0.41074064
61.35599832	6.59264278	0.41074064
61.35999832	6.75319862	0.42655021
61.36399832	6.59264278	0.41074064
61.36799832	6.59264278	0.42655021
61.37199832	6.59264278	0.41074064
61.37599832	6.59264278	0.41074064
61.37999832	6.59264278	0.41074064
61.38399832	6.59264278	0.42655021
61.38799832	6.59264278	0.41074064
61.39199832	6.59264278	0.41074064
61.39599832	6.59264278	0.41074064
61.39999832	6.59264278	0.42655021
61.40399832	6.59264278	0.41074064
61.40799832	6.59264278	0.41074064
61.41199832	6.59264278	0.41074064
61.41599832	6.59264278	0.42655021
61.41999832	6.59264278	0.41074064
61.42399832	6.59264278	0.41074064
61.42799832	6.59264278	0.41074064
61.43199832	6.59264278	0.42655021
61.43599832	6.59264278	0.41074064
61.43999832	6.59264278	0.41074064
61.44399832	6.59264278	0.41074064
61.44799832	6.59264278	0.42655021
61.45199832	6.59264278	0.41074064
61.45599832	6.59264278	0.41074064
61.45999832	6.59264278	0.41074064
61.46399832	6.59264278	0.41074064
61.46799832	6.59264278	0.41074064
61.47199832	6.59264278	0.41074064
61.47599832	6.43147135	0.41074064
61.47999832	6.59264278	0.41074064
61.48399832	6.59264278	0.41074064
61.48799832	6.59264278	0.41074064
61.49199832	6.59264278	0.42655021
61.49599831	6.59264278	0.41074064
61.49999831	6.59264278	0.41074064
61.50399831	6.59264278	0.41074064
61.50799831	6.59264278	0.41074064
61.51199831	6.43147135	0.41074064
61.51599831	6.59264278	0.41074064
61.51999831	6.59264278	0.41074064
61.52399831	6.59264278	0.41074064
61.52799831	6.59264278	0.41074064
61.53199831	6.59264278	0.41074064
61.53599831	6.59264278	0.41074064
61.53999831	6.59264278	0.41074064
61.54399831	6.59264278	0.41074064
61.54799831	6.59264278	0.41074064
61.55199831	6.59264278	0.41074064
61.55599831	6.59264278	0.41074064
61.55999831	6.43147135	0.42655021
61.56399831	6.43147135	0.41074064
61.56799831	6.59264278	0.41074064
61.57199831	6.59264278	0.41074064
61.57599831	6.59264278	0.41074064
61.57999831	6.59264278	0.41074064
61.58399831	6.59264278	0.41074064
61.58799831	6.59264278	0.41074064
61.59199831	6.59264278	0.41074064
61.59599831	6.59264278	0.41074064
61.59999831	6.59264278	0.41074064
61.60399831	6.59264278	0.41074064
61.60799831	6.59264278	0.41074064
61.61199831	6.43147135	0.41074064
61.61599831	6.43147135	0.41074064
61.61999831	6.59264278	0.41074064
61.62399831	6.59264278	0.41074064
61.62799831	6.59264278	0.41074064
61.63199831	6.59264278	0.41074064
61.63599831	6.59264278	0.41074064
61.63999831	6.59264278	0.41074064
61.64399831	6.59264278	0.41074064
61.64799831	6.59264278	0.41074064
61.65199831	6.59264278	0.41074064
61.65599831	6.59264278	0.41074064
61.65999831	6.59264278	0.41074064
61.66399831	6.59264278	0.41074064
61.66799831	6.59264278	0.41074064
61.67199831	6.59264278	0.41074064
61.67599831	6.59264278	0.41074064
61.67999831	6.59264278	0.41074064
61.68399831	6.59264278	0.41074064
61.68799831	6.59264278	0.41074064
61.69199831	6.59264278	0.41074064
61.69599831	6.43147135	0.41074064
61.69999831	6.59264278	0.41074064
61.70399831	6.59264278	0.41074064
61.70799831	6.59264278	0.41074064
61.71199831	6.59264278	0.41074064
61.71599831	6.59264278	0.41074064
61.71999831	6.59264278	0.41074064
61.72399831	6.59264278	0.41074064
61.72799831	6.59264278	0.41074064
61.73199831	6.59264278	0.41074064
61.73599831	6.59264278	0.41074064
61.73999831	6.59264278	0.41074064
61.74399831	6.59264278	0.41074064
61.74799831	6.43147135	0.41074064
61.75199831	6.43147135	0.41074064
61.75599831	6.59264278	0.41074064
61.75999831	6.59264278	0.41074064
61.76399831	6.59264278	0.41074064
61.76799831	6.59264278	0.41074064
61.77199831	6.59264278	0.41074064
61.77599831	6.59264278	0.41074064
61.77999831	6.43147135	0.41074064
61.78399831	6.59264278	0.41074064
61.78799831	6.59264278	0.41074064
61.79199831	6.59264278	0.41074064
61.79599831	6.59264278	0.41074064
61.79999831	6.43147135	0.41074064
61.80399831	6.43147135	0.41074064
61.80799831	6.59264278	0.41074064
61.81199831	6.59264278	0.41074064
61.81599831	6.43147135	0.41074064
61.81999831	6.59264278	0.41074064
61.82399831	6.59264278	0.41074064
61.82799831	6.59264278	0.41074064
61.83199831	6.43147135	0.41074064
61.83599831	6.43147135	0.41074064
61.83999831	6.59264278	0.41074064
61.84399831	6.59264278	0.41074064
61.84799830	6.59264278	0.41074064
61.85199830	6.43147135	0.41074064
61.85599830	6.43147135	0.41074064
61.85999830	6.59264278	0.41074064
61.86399830	6.59264278	0.41074064
61.86799830	6.43147135	0.41074064
61.87199830	6.59264278	0.41074064
61.87599830	6.59264278	0.41074064
61.87999830	6.59264278	0.41074064
61.88399830	6.43147135	0.41074064
61.88799830	6.43147135	0.41074064
61.89199830	6.59264278	0.41074064
61.89599830	6.59264278	0.41074064
61.89999830	6.59264278	0.41074064
61.90399830	6.43147135	0.41074064
61.90799830	6.59264278	0.41074064
61.91199830	6.59264278	0.41074064
61.91599830	6.43147135	0.41074064
61.91999830	6.43147135	0.41074064
61.92399830	6.59264278	0.41074064
61.92799830	6.59264278	0.41074064
61.93199830	6.59264278	0.41074064
61.93599830	6.43147135	0.41074064
61.93999830	6.43147135	0.41074064
61.94399830	6.59264278	0.41074064
61.94799830	6.59264278	0.41074064
61.95199830	6.59264278	0.41074064
61.95599830	6.59264278	0.41074064
61.95999830	6.59264278	0.41074064
61.96399830	6.59264278	0.41074064
61.96799830	6.43147135	0.41074064
61.97199830	6.43147135	0.41074064
61.97599830	6.59264278	0.41074064
61.97999830	6.59264278	0.41074064
61.98399830	6.59264278	0.41074064
61.98799830	6.59264278	0.41074064
61.99199830	6.59264278	0.41074064
61.99599830	6.43147135	0.41074064
61.99999830	6.59264278	0.41074064
62.00399830	6.59264278	0.41074064
62.00799830	6.59264278	0.41074064
62.01199830	6.59264278	0.41074064
62.01599830	6.59264278	0.41074064
62.01999830	6.59264278	0.41074064
62.02399830	6.59264278	0.41074064
62.02799830	6.59264278	0.41074064
62.03199830	6.59264278	0.41074064
62.03599830	6.59264278	0.41074064
62.03999830	6.59264278	0.41074064
62.04399830	6.59264278	0.41074064
62.04799830	6.43147135	0.41074064
62.05199830	6.43147135	0.41074064
62.05599830	6.59264278	0.41074064
62.05999830	6.59264278	0.41074064
62.06399830	6.59264278	0.41074064
62.06799830	6.59264278	0.41074064
62.07199830	6.59264278	0.41074064
62.07599830	6.43147135	0.41074064
62.07999830	6.43147135	0.41074064
62.08399830	6.59264278	0.41074064
62.08799830	6.59264278	0.41074064
62.09199830	6.59264278	0.41074064
62.09599830	6.59264278	0.41074064
62.09999830	6.43147135	0.41074064
62.10399830	6.43147135	0.41074064
62.10799830	6.59264278	0.39493111
62.11199830	6.59264278	0.41074064
62.11599830	6.59264278	0.41074064
62.11999830	6.59264278	0.41074064
62.12399830	6.59264278	0.41074064
62.12799830	6.59264278	0.41074064
62.13199830	6.59264278	0.41074064
62.13599830	6.59264278	0.41074064
62.13999830	6.59264278	0.41074064
62.14399830	6.59264278	0.41074064
62.14799830	6.59264278	0.41074064
62.15199830	6.59264278	0.41074064
62.15599830	6.43147135	0.41074064
62.15999830	6.43147135	0.41074064
62.16399830	6.59264278	0.41074064
62.16799830	6.59264278	0.41074064
62.17199830	6.59264278	0.41074064
62.17599830	6.59264278	0.41074064
62.17999830	6.59264278	0.41074064
62.18399830	6.59264278	0.41074064
62.18799830	6.43147135	0.41074064
62.19199830	6.43147135	0.41074064
62.19599830	6.59264278	0.39493111
62.19999830	6.59264278	0.41074064
62.20399829	6.59264278	0.41074064
62.20799829	6.43147135	0.41074064
62.21199829	6.59264278	0.41074064
62.21599829	6.59264278	0.41074064
62.21999829	6.59264278	0.41074064
62.22399829	6.59264278	0.41074064
62.22799829	6.59264278	0.41074064
62.23199829	6.59264278	0.41074064
62.23599829	6.59264278	0.41074064
62.23999829	6.43147135	0.41074064
62.24399829	6.59264278	0.41074064
62.24799829	6.59264278	0.41074064
62.25199829	6.59264278	0.41074064
62.25599829	6.59264278	0.41074064
62.25999829	6.43147135	0.41074064
62.26399829	6.59264278	0.41074064
62.26799829	6.59264278	0.41074064
62.27199829	6.59264278	0.41074064
62.27599829	6.59264278	0.41074064
62.27999829	6.59264278	0.41074064
62.28399829	6.59264278	0.41074064
62.28799829	6.59264278	0.41074064
62.29199829	6.43147135	0.39493111
62.29599829	6.43147135	0.41074064
62.29999829	6.59264278	0.41074064
62.30399829	6.59264278	0.41074064
62.30799829	6.59264278	0.41074064
62.31199829	6.59264278	0.41074064
62.31599829	6.59264278	0.41074064
62.31999829	6.59264278	0.41074064
62.32399829	6.59264278	0.41074064
62.32799829	6.59264278	0.41074064
62.33199829	6.59264278	0.39493111
62.33599829	6.59264278	0.41074064
62.33999829	6.59264278	0.41074064
62.34399829	6.59264278	0.41074064
62.34799829	6.59264278	0.39493111
62.35199829	6.59264278	0.41074064
62.35599829	6.59264278	0.41074064
62.35999829	6.59264278	0.41074064
62.36399829	6.59264278	0.39493111
62.36799829	6.59264278	0.41074064
62.37199829	6.59264278	0.41074064
62.37599829	6.59264278	0.41074064
62.37999829	6.59264278	0.41074064
62.38399829	6.59264278	0.41074064
62.38799829	6.59264278	0.41074064
62.39199829	6.59264278	0.41074064
62.39599829	6.59264278	0.39493111
62.39999829	6.59264278	0.41074064
62.40399829	6.59264278	0.41074064
62.40799829	6.59264278	0.41074064
62.41199829	6.59264278	0.41074064
62.41599829	6.59264278	0.39493111
62.41999829	6.59264278	0.41074064
62.42399829	6.59264278	0.41074064
62.42799829	6.59264278	0.39493111
62.43199829	6.59264278	0.41074064
62.43599829	6.59264278	0.39493111
62.43999829	6.59264278	0.41074064
62.44399829	6.59264278	0.39493111
62.44799829	6.59264278	0.41074064
62.45199829	6.59264278	0.41074064
62.45599829	6.59264278	0.41074064
62.45999829	6.59264278	0.41074064
62.46399829	6.59264278	0.39493111
62.46799829	6.59264278	0.41074064
62.47199829	6.59264278	0.41074064
62.47599829	6.59264278	0.41074064
62.47999829	6.59264278	0.41074064
62.48399829	6.59264278	0.39493111
62.48799829	6.59264278	0.39493111
62.49199829	6.59264278	0.41074064
62.49599829	6.59264278	0.41074064
62.49999829	6.59264278	0.39493111
62.50399829	6.59264278	0.39493111
62.50799829	6.59264278	0.39493111
62.51199829	6.59264278	0.39493111
62.51599829	6.59264278	0.41074064
62.51999829	6.59264278	0.41074064
62.52399829	6.59264278	0.39493111
62.52799829	6.59264278	0.39493111
62.53199829	6.43147135	0.39493111
62.53599829	6.59264278	0.41074064
62.53999829	6.59264278	0.39493111
62.54399829	6.59264278	0.39493111
62.54799829	6.59264278	0.39493111
62.55199829	6.59264278	0.39493111
62.55599828	6.59264278	0.39493111
62.55999828	6.59264278	0.39493111
62.56399828	6.59264278	0.39493111
62.56799828	6.59264278	0.39493111
62.57199828	6.59264278	0.39493111
62.57599828	6.59264278	0.39493111
62.57999828	6.59264278	0.41074064
62.58399828	6.59264278	0.39493111
62.58799828	6.59264278	0.41074064
62.59199828	6.59264278	0.39493111
62.59599828	6.59264278	0.41074064
62.59999828	6.59264278	0.41074064
62.60399828	6.59264278	0.39493111
62.60799828	6.59264278	0.39493111
62.61199828	6.59264278	0.39493111
62.61599828	6.59264278	0.41074064
62.61999828	6.59264278	0.39493111
62.62399828	6.59264278	0.39493111
62.62799828	6.75319862	0.39493111
62.63199828	6.59264278	0.41074064
62.63599828	6.59264278	0.39493111
62.63999828	6.59264278	0.39493111
62.64399828	6.59264278	0.39493111
62.64799828	6.59264278	0.41074064
62.65199828	6.59264278	0.39493111
62.65599828	6.59264278	0.39493111
62.65999828	6.59264278	0.39493111
62.66399828	6.59264278	0.39493111
62.66799828	6.59264278	0.39493111
62.67199828	6.59264278	0.39493111
62.67599828	6.59264278	0.39493111
62.67999828	6.59264278	0.41074064
62.68399828	6.59264278	0.39493111
62.68799828	6.59264278	0.39493111
62.69199828	6.59264278	0.39493111
62.69599828	6.59264278	0.39493111
62.69999828	6.59264278	0.39493111
62.70399828	6.59264278	0.39493111
62.70799828	6.59264278	0.39493111
62.71199828	6.75319862	0.39493111
62.71599828	6.59264278	0.39493111
62.71999828	6.59264278	0.41074064
62.72399828	6.59264278	0.39493111
62.72799828	6.59264278	0.39493111
62.73199828	6.59264278	0.39493111
62.73599828	6.59264278	0.39493111
62.73999828	6.59264278	0.39493111
62.74399828	6.59264278	0.39493111
62.74799828	6.59264278	0.39493111
62.75199828	6.59264278	0.39493111
62.75599828	6.43147135	0.39493111
62.75999828	6.59264278	0.39493111
62.76399828	6.59264278	0.39493111
62.76799828	6.59264278	0.39493111
62.77199828	6.59264278	0.39493111
62.77599828	6.59264278	0.39493111
62.77999828	6.59264278	0.39493111
62.78399828	6.59264278	0.39493111
62.78799828	6.59264278	0.39493111
62.79199828	6.59264278	0.39493111
62.79599828	6.59264278	0.39493111
62.79999828	6.59264278	0.41074064
62.80399828	6.59264278	0.39493111
62.80799828	6.59264278	0.39493111
62.81199828	6.59264278	0.39493111
62.81599828	6.59264278	0.39493111
62.81999828	6.59264278	0.39493111
62.82399828	6.59264278	0.39493111
62.82799828	6.59264278	0.39493111
62.83199828	6.59264278	0.39493111
62.83599828	6.43147135	0.39493111
62.83999828	6.43147135	0.39493111
62.84399828	6.59264278	0.39493111
62.84799828	6.59264278	0.39493111
62.85199828	6.59264278	0.39493111
62.85599828	6.59264278	0.39493111
62.85999828	6.59264278	0.39493111
62.86399828	6.59264278	0.39493111
62.86799828	6.43147135	0.39493111
62.87199828	6.59264278	0.39493111
62.87599828	6.59264278	0.39493111
62.87999828	6.59264278	0.39493111
62.88399828	6.59264278	0.39493111
62.88799828	6.59264278	0.39493111
62.89199828	6.59264278	0.39493111
62.89599828	6.43147135	0.39493111
62.89999828	6.59264278	0.39493111
62.90399828	6.59264278	0.39493111
62.90799828	6.59264278	0.39493111
62.91199827	6.59264278	0.39493111
62.91599827	6.59264278	0.39493111
62.91999827	6.59264278	0.39493111
62.92399827	6.43147135	0.39493111
62.92799827	6.59264278	0.39493111
62.93199827	6.59264278	0.39493111
62.93599827	6.59264278	0.39493111
62.93999827	6.59264278	0.39493111
62.94399827	6.43147135	0.39493111
62.94799827	6.59264278	0.39493111
62.95199827	6.43147135	0.39493111
62.95599827	6.59264278	0.39493111
62.95999827	6.59264278	0.39493111
62.96399827	6.59264278	0.39493111
62.96799827	6.59264278	0.39493111
62.97199827	6.43147135	0.39493111
62.97599827	6.43147135	0.39493111
62.97999827	6.43147135	0.39493111
62.98399827	6.43147135	0.39493111
62.98799827	6.59264278	0.39493111
62.99199827	6.59264278	0.39493111
62.99599827	6.59264278	0.39493111
62.99999827	6.43147135	0.39493111
63.00399827	6.43147135	0.39493111
63.00799827	6.43147135	0.39493111
63.01199827	6.43147135	0.39493111
63.01599827	6.59264278	0.39493111
63.01999827	6.59264278	0.39493111
63.02399827	6.59264278	0.39493111
63.02799827	6.43147135	0.39493111
63.03199827	6.43147135	0.39493111
63.03599827	6.43147135	0.39493111
63.03999827	6.43147135	0.39493111
63.04399827	6.59264278	0.39493111
63.04799827	6.59264278	0.39493111
63.05199827	6.59264278	0.39493111
63.05599827	6.43147135	0.39493111
63.05999827	6.43147135	0.39493111
63.06399827	6.43147135	0.39493111
63.06799827	6.43147135	0.39493111
63.07199827	6.43147135	0.39493111
63.07599827	6.59264278	0.39493111
63.07999827	6.59264278	0.39493111
63.08399827	6.43147135	0.39493111
63.08799827	6.43147135	0.39493111
63.09199827	6.43147135	0.39493111
63.09599827	6.43147135	0.39493111
63.09999827	6.59264278	0.39493111
63.10399827	6.59264278	0.39493111
63.10799827	6.59264278	0.39493111
63.11199827	6.43147135	0.39493111
63.11599827	6.43147135	0.39493111
63.11999827	6.59264278	0.39493111
63.12399827	6.43147135	0.39493111
63.12799827	6.59264278	0.39493111
63.13199827	6.59264278	0.39493111
63.13599827	6.59264278	0.39493111
63.13999827	6.43147135	0.39493111
63.14399827	6.43147135	0.39493111
63.14799827	6.43147135	0.39493111
63.15199827	6.59264278	0.39493111
63.15599827	6.59264278	0.39493111
63.15999827	6.59264278	0.39493111
63.16399827	6.43147135	0.39493111
63.16799827	6.43147135	0.39493111
63.17199827	6.43147135	0.39493111
63.17599827	6.59264278	0.39493111
63.17999827	6.59264278	0.39493111
63.18399827	6.59264278	0.39493111
63.18799827	6.59264278	0.39493111
63.19199827	6.59264278	0.39493111
63.19599827	6.43147135	0.39493111
63.19999827	6.59264278	0.39493111
63.20399827	6.59264278	0.39493111
63.20799827	6.59264278	0.39493111
63.21199827	6.59264278	0.39493111
63.21599827	6.43147135	0.39493111
63.21999827	6.43147135	0.39493111
63.22399827	6.59264278	0.39493111
63.22799827	6.59264278	0.39493111
63.23199827	6.59264278	0.39493111
63.23599827	6.59264278	0.39493111
63.23999827	6.59264278	0.39493111
63.24399827	6.59264278	0.39493111
63.24799827	6.43147135	0.39493111
63.25199827	6.59264278	0.39493111
63.25599827	6.59264278	0.39493111
63.25999827	6.59264278	0.39493111
63.26399826	6.59264278	0.39493111
63.26799826	6.59264278	0.39493111
63.27199826	6.59264278	0.39493111
63.27599826	6.59264278	0.39493111
63.27999826	6.59264278	0.39493111
63.28399826	6.59264278	0.39493111
63.28799826	6.59264278	0.39493111
63.29199826	6.59264278	0.39493111
63.29599826	6.59264278	0.39493111
63.29999826	6.43147135	0.39493111
63.30399826	6.43147135	0.39493111
63.30799826	6.59264278	0.39493111
63.31199826	6.59264278	0.39493111
63.31599826	6.59264278	0.39493111
63.31999826	6.59264278	0.39493111
63.32399826	6.59264278	0.39493111
63.32799826	6.43147135	0.39493111
63.33199826	6.43147135	0.39493111
63.33599826	6.43147135	0.39493111
63.33999826	6.59264278	0.39493111
63.34399826	6.59264278	0.39493111
63.34799826	6.59264278	0.39493111
63.35199826	6.59264278	0.39493111
63.35599826	6.59264278	0.39493111
63.35999826	6.59264278	0.39493111
63.36399826	6.43147135	0.39493111
63.36799826	6.59264278	0.39493111
63.37199826	6.59264278	0.39493111
63.37599826	6.59264278	0.39493111
63.37999826	6.59264278	0.39493111
63.38399826	6.43147135	0.39493111
63.38799826	6.59264278	0.37918308
63.39199826	6.59264278	0.39493111
63.39599826	6.59264278	0.39493111
63.39999826	6.59264278	0.39493111
63.40399826	6.43147135	0.39493111
63.40799826	6.59264278	0.39493111
63.41199826	6.59264278	0.39493111
63.41599826	6.59264278	0.39493111
63.41999826	6.59264278	0.39493111
63.42399826	6.59264278	0.39493111
63.42799826	6.59264278	0.39493111
63.43199826	6.59264278	0.39493111
63.43599826	6.43147135	0.39493111
63.43999826	6.59264278	0.39493111
63.44399826	6.59264278	0.39493111
63.44799826	6.59264278	0.39493111
63.45199826	6.43147135	0.39493111
63.45599826	6.59264278	0.39493111
63.45999826	6.59264278	0.39493111
63.46399826	6.59264278	0.39493111
63.46799826	6.59264278	0.39493111
63.47199826	6.43147135	0.39493111
63.47599826	6.59264278	0.39493111
63.47999826	6.59264278	0.39493111
63.48399826	6.43147135	0.39493111
63.48799826	6.59264278	0.39493111
63.49199826	6.59264278	0.39493111
63.49599826	6.59264278	0.39493111
63.49999826	6.59264278	0.39493111
63.50399826	6.43147135	0.39493111
63.50799826	6.43147135	0.39493111
63.51199826	6.59264278	0.39493111
63.51599826	6.59264278	0.37918308
63.51999826	6.43147135	0.37918308
63.52399826	6.43147135	0.37918308
63.52799826	6.59264278	0.39493111
63.53199826	6.59264278	0.39493111
63.53599826	6.43147135	0.39493111
63.53999826	6.43147135	0.39493111
63.54399826	6.59264278	0.39493111
63.54799826	6.59264278	0.39493111
63.55199826	6.59264278	0.39493111
63.55599826	6.59264278	0.39493111
63.55999826	6.59264278	0.39493111
63.56399826	6.59264278	0.39493111
63.56799826	6.43147135	0.39493111
63.57199826	6.43147135	0.37918308
63.57599826	6.59264278	0.39493111
63.57999826	6.59264278	0.39493111
63.58399826	6.59264278	0.39493111
63.58799826	6.59264278	0.37918308
63.59199826	6.43147135	0.39493111
63.59599826	6.43147135	0.37918308
63.59999826	6.59264278	0.39493111
63.60399826	6.59264278	0.37918308
63.60799826	6.59264278	0.39493111
63.61199826	6.59264278	0.37918308
63.61599825	6.59264278	0.39493111
63.61999825	6.43147135	0.39493111
63.62399825	6.43147135	0.39493111
63.62799825	6.59264278	0.39493111
63.63199825	6.59264278	0.39493111
63.63599825	6.59264278	0.37918308
63.63999825	6.59264278	0.39493111
63.64399825	6.43147135	0.37918308
63.64799825	6.43147135	0.39493111
63.65199825	6.43147135	0.37918308
63.65599825	6.59264278	0.39493111
63.65999825	6.59264278	0.39493111
63.66399825	6.59264278	0.39493111
63.66799825	6.43147135	0.37918308
63.67199825	6.59264278	0.39493111
63.67599825	6.59264278	0.37918308
63.67999825	6.59264278	0.39493111
63.68399825	6.43147135	0.37918308
63.68799825	6.59264278	0.37918308
63.69199825	6.59264278	0.37918308
63.69599825	6.59264278	0.37918308
63.69999825	6.59264278	0.37918308
63.70399825	6.43147135	0.37918308
63.70799825	6.43147135	0.37918308
63.71199825	6.59264278	0.39493111
63.71599825	6.59264278	0.39493111
63.71999825	6.59264278	0.37918308
63.72399825	6.59264278	0.37918308
63.72799825	6.59264278	0.39493111
63.73199825	6.43147135	0.37918308
63.73599825	6.59264278	0.39493111
63.73999825	6.43147135	0.37918308
63.74399825	6.59264278	0.37918308
63.74799825	6.59264278	0.39493111
63.75199825	6.59264278	0.37918308
63.75599825	6.59264278	0.37918308
63.75999825	6.43147135	0.39493111
63.76399825	6.43147135	0.37918308
63.76799825	6.43147135	0.39493111
63.77199825	6.59264278	0.37918308
63.77599825	6.59264278	0.37918308
63.77999825	6.59264278	0.39493111
63.78399825	6.43147135	0.37918308
63.78799825	6.43147135	0.37918308
63.79199825	6.43147135	0.37918308
63.79599825	6.43147135	0.37918308
63.79999825	6.59264278	0.37918308
63.80399825	6.59264278	0.39493111
63.80799825	6.59264278	0.39493111
63.81199825	6.59264278	0.37918308
63.81599825	6.43147135	0.37918308
63.81999825	6.59264278	0.37918308
63.82399825	6.59264278	0.37918308
63.82799825	6.59264278	0.37918308
63.83199825	6.59264278	0.37918308
63.83599825	6.43147135	0.39493111
63.83999825	6.43147135	0.37918308
63.84399825	6.43147135	0.37918308
63.84799825	6.59264278	0.37918308
63.85199825	6.59264278	0.37918308
63.85599825	6.59264278	0.39493111
63.85999825	6.59264278	0.37918308
63.86399825	6.43147135	0.37918308
63.86799825	6.59264278	0.37918308
63.87199825	6.59264278	0.37918308
63.87599825	6.59264278	0.37918308
63.87999825	6.59264278	0.39493111
63.88399825	6.59264278	0.37918308
63.88799825	6.59264278	0.37918308
63.89199825	6.43147135	0.37918308
63.89599825	6.43147135	0.37918308
63.89999825	6.59264278	0.37918308
63.90399825	6.59264278	0.37918308
63.90799825	6.59264278	0.37918308
63.91199825	6.43147135	0.37918308
63.91599825	6.43147135	0.37918308
63.91999825	6.59264278	0.39493111
63.92399825	6.59264278	0.37918308
63.92799825	6.59264278	0.39493111
63.93199825	6.59264278	0.37918308
63.93599825	6.59264278	0.37918308
63.93999825	6.59264278	0.37918308
63.94399825	6.59264278	0.37918308
63.94799825	6.43147135	0.37918308
63.95199825	6.59264278	0.37918308
63.95599825	6.59264278	0.37918308
63.95999825	6.59264278	0.37918308
63.96399825	6.59264278	0.37918308
63.96799825	6.59264278	0.37918308
63.97199824	6.59264278	0.37918308
63.97599824	6.59264278	0.37918308
63.97999824	6.59264278	0.37918308
63.98399824	6.59264278	0.37918308
63.98799824	6.59264278	0.37918308
63.99199824	6.59264278	0.37918308
63.99599824	6.59264278	0.37918308
63.99999824	6.59264278	0.37918308
64.00399824	6.59264278	0.37918308
64.00799824	6.59264278	0.37918308
64.01199824	6.59264278	0.37918308
64.01599824	6.59264278	0.37918308
64.01999824	6.59264278	0.37918308
64.02399824	6.59264278	0.37918308
64.02799824	6.59264278	0.37918308
64.03199824	6.59264278	0.37918308
64.03599824	6.59264278	0.37918308
64.03999824	6.59264278	0.37918308
64.04399824	6.59264278	0.37918308
64.04799824	6.59264278	0.37918308
64.05199824	6.59264278	0.37918308
64.05599824	6.59264278	0.37918308
64.05999824	6.59264278	0.37918308
64.06399824	6.59264278	0.37918308
64.06799824	6.59264278	0.37918308
64.07199824	6.59264278	0.37918308
64.07599824	6.59264278	0.37918308
64.07999824	6.59264278	0.37918308
64.08399824	6.59264278	0.37918308
64.08799824	6.59264278	0.37918308
64.09199824	6.59264278	0.37918308
64.09599824	6.59264278	0.37918308
64.09999824	6.59264278	0.37918308
64.10399824	6.59264278	0.37918308
64.10799824	6.59264278	0.37918308
64.11199824	6.59264278	0.37918308
64.11599824	6.59264278	0.37918308
64.11999824	6.59264278	0.37918308
64.12399824	6.59264278	0.37918308
64.12799824	6.59264278	0.37918308
64.13199824	6.59264278	0.37918308
64.13599824	6.59264278	0.37918308
64.13999824	6.59264278	0.37918308
64.14399824	6.59264278	0.37918308
64.14799824	6.59264278	0.37918308
64.15199824	6.59264278	0.37918308
64.15599824	6.59264278	0.37918308
64.15999824	6.59264278	0.37918308
64.16399824	6.59264278	0.37918308
64.16799824	6.59264278	0.37918308
64.17199824	6.59264278	0.37918308
64.17599824	6.59264278	0.37918308
64.17999824	6.59264278	0.37918308
64.18399824	6.59264278	0.37918308
64.18799824	6.59264278	0.37918308
64.19199824	6.59264278	0.37918308
64.19599824	6.59264278	0.37918308
64.19999824	6.59264278	0.37918308
64.20399824	6.59264278	0.37918308
64.20799824	6.59264278	0.37918308
64.21199824	6.59264278	0.37918308
64.21599824	6.59264278	0.37918308
64.21999824	6.59264278	0.37918308
64.22399824	6.43147135	0.37918308
64.22799824	6.59264278	0.37918308
64.23199824	6.59264278	0.37918308
64.23599824	6.59264278	0.37918308
64.23999824	6.59264278	0.37918308
64.24399824	6.59264278	0.37918308
64.24799824	6.59264278	0.37918308
64.25199824	6.59264278	0.37918308
64.25599824	6.43147135	0.37918308
64.25999824	6.59264278	0.37918308
64.26399824	6.59264278	0.37918308
64.26799824	6.59264278	0.37918308
64.27199824	6.43147135	0.37918308
64.27599824	6.43147135	0.37918308
64.27999824	6.59264278	0.37918308
64.28399824	6.59264278	0.37918308
64.28799824	6.59264278	0.37918308
64.29199824	6.59264278	0.37918308
64.29599824	6.59264278	0.37918308
64.29999824	6.59264278	0.37918308
64.30399824	6.43147135	0.37918308
64.30799824	6.43147135	0.37918308
64.31199824	6.43147135	0.37918308
64.31599824	6.59264278	0.37918308
64.31999824	6.59264278	0.37918308
64.32399823	6.59264278	0.37918308
64.32799823	6.43147135	0.37918308
64.33199823	6.43147135	0.37918308
64.33599823	6.43147135	0.37918308
64.33999823	6.43147135	0.37918308
64.34399823	6.59264278	0.37918308
64.34799823	6.59264278	0.37918308
64.35199823	6.59264278	0.37918308
64.35599823	6.43147135	0.37918308
64.35999823	6.43147135	0.37918308
64.36399823	6.43147135	0.37918308
64.36799823	6.43147135	0.37918308
64.37199823	6.59264278	0.37918308
64.37599823	6.59264278	0.37918308
64.37999823	6.59264278	0.37918308
64.38399823	6.59264278	0.37918308
64.38799823	6.43147135	0.37918308
64.39199823	6.43147135	0.37918308
64.39599823	6.43147135	0.37918308
64.39999823	6.59264278	0.37918308
64.40399823	6.59264278	0.37918308
64.40799823	6.59264278	0.37918308
64.41199823	6.43147135	0.37918308
64.41599823	6.43147135	0.37918308
64.41999823	6.43147135	0.37918308
64.42399823	6.59264278	0.37918308
64.42799823	6.59264278	0.37918308
64.43199823	6.43147135	0.37918308
64.43599823	6.43147135	0.37918308
64.43999823	6.43147135	0.37918308
64.44399823	6.43147135	0.37918308
64.44799823	6.59264278	0.37918308
64.45199823	6.59264278	0.37918308
64.45599823	6.59264278	0.37918308
64.45999823	6.43147135	0.37918308
64.46399823	6.43147135	0.37918308
64.46799823	6.43147135	0.37918308
64.47199823	6.43147135	0.37918308
64.47599823	6.59264278	0.37918308
64.47999823	6.59264278	0.37918308
64.48399823	6.43147135	0.37918308
64.48799823	6.43147135	0.37918308
64.49199823	6.43147135	0.37918308
64.49599823	6.59264278	0.37918308
64.49999823	6.59264278	0.37918308
64.50399823	6.59264278	0.37918308
64.50799823	6.43147135	0.37918308
64.51199823	6.43147135	0.37918308
64.51599823	6.43147135	0.37918308
64.51999823	6.59264278	0.37918308
64.52399823	6.43147135	0.37918308
64.52799823	6.59264278	0.37918308
64.53199823	6.59264278	0.37918308
64.53599823	6.59264278	0.37918308
64.53999823	6.43147135	0.37918308
64.54399823	6.43147135	0.37918308
64.54799823	6.43147135	0.37918308
64.55199823	6.59264278	0.37918308
64.55599823	6.59264278	0.37918308
64.55999823	6.43147135	0.37918308
64.56399823	6.43147135	0.37918308
64.56799823	6.59264278	0.37918308
64.57199823	6.59264278	0.37918308
64.57599823	6.43147135	0.37918308
64.57999823	6.43147135	0.37918308
64.58399823	6.43147135	0.37918308
64.58799823	6.59264278	0.37918308
64.59199823	6.43147135	0.37918308
64.59599823	6.43147135	0.37918308
64.59999823	6.43147135	0.37918308
64.60399823	6.59264278	0.37918308
64.60799823	6.59264278	0.37918308
64.61199823	6.43147135	0.37918308
64.61599823	6.43147135	0.37918308
64.61999823	6.43147135	0.37918308
64.62399823	6.43147135	0.37918308
64.62799823	6.43147135	0.37918308
64.63199823	6.43147135	0.37918308
64.63599823	6.59264278	0.37918308
64.63999823	6.59264278	0.37918308
64.64399823	6.43147135	0.37918308
64.64799823	6.59264278	0.37918308
64.65199823	6.43147135	0.37918308
64.65599823	6.43147135	0.37918308
64.65999823	6.59264278	0.37918308
64.66399823	6.59264278	0.37918308
64.66799823	6.59264278	0.37918308
64.67199823	6.43147135	0.37918308
64.67599823	6.43147135	0.37918308
64.67999822	6.59264278	0.37918308
64.68399822	6.59264278	0.37918308
64.68799822	6.59264278	0.37918308
64.69199822	6.43147135	0.37918308
64.69599822	6.43147135	0.37918308
64.69999822	6.43147135	0.37918308
64.70399822	6.59264278	0.37918308
64.70799822	6.43147135	0.37918308
64.71199822	6.43147135	0.37918308
64.71599822	6.59264278	0.37918308
64.71999822	6.59264278	0.37918308
64.72399822	6.43147135	0.37918308
64.72799822	6.43147135	0.37918308
64.73199822	6.43147135	0.36337352
64.73599822	6.59264278	0.37918308
64.73999822	6.59264278	0.37918308
64.74399822	6.43147135	0.37918308
64.74799822	6.43147135	0.36337352
64.75199822	6.43147135	0.36337352
64.75599822	6.59264278	0.37918308
64.75999822	6.59264278	0.37918308
64.76399822	6.43147135	0.37918308
64.76799822	6.43147135	0.36337352
64.77199822	6.43147135	0.36337352
64.77599822	6.43147135	0.37918308
64.77999822	6.43147135	0.36337352
64.78399822	6.43147135	0.37918308
64.78799822	6.59264278	0.37918308
64.79199822	6.59264278	0.37918308
64.79599822	6.43147135	0.36337352
64.79999822	6.43147135	0.37918308
64.80399822	6.43147135	0.36337352
64.80799822	6.43147135	0.37918308
64.81199822	6.43147135	0.36337352
64.81599822	6.59264278	0.37918308
64.81999822	6.59264278	0.37918308
64.82399822	6.43147135	0.37918308
64.82799822	6.43147135	0.37918308
64.83199822	6.43147135	0.37918308
64.83599822	6.43147135	0.37918308
64.83999822	6.43147135	0.37918308
64.84399822	6.43147135	0.37918308
64.84799822	6.43147135	0.37918308
64.85199822	6.59264278	0.37918308
64.85599822	6.43147135	0.37918308
64.85999822	6.43147135	0.36337352
64.86399822	6.43147135	0.36337352
64.86799822	6.59264278	0.36337352
64.87199822	6.59264278	0.37918308
64.87599822	6.59264278	0.37918308
64.87999822	6.43147135	0.37918308
64.88399822	6.43147135	0.36337352
64.88799822	6.43147135	0.36337352
64.89199822	6.43147135	0.36337352
64.89599822	6.59264278	0.36337352
64.89999822	6.59264278	0.37918308
64.90399822	6.59264278	0.37918308
64.90799822	6.59264278	0.37918308
64.91199822	6.43147135	0.36337352
64.91599822	6.43147135	0.36337352
64.91999822	6.43147135	0.37918308
64.92399822	6.59264278	0.36337352
64.92799822	6.59264278	0.37918308
64.93199822	6.59264278	0.36337352
64.93599822	6.43147135	0.36337352
64.93999822	6.43147135	0.36337352
64.94399822	6.43147135	0.37918308
64.94799822	6.59264278	0.36337352
64.95199822	6.59264278	0.37918308
64.95599822	6.59264278	0.36337352
64.95999822	6.43147135	0.36337352
64.96399822	6.43147135	0.36337352
64.96799822	6.43147135	0.36337352
64.97199822	6.43147135	0.36337352
64.97599822	6.43147135	0.36337352
64.97999822	6.59264278	0.36337352
64.98399822	6.59264278	0.36337352
64.98799822	6.43147135	0.36337352
64.99199822	6.43147135	0.36337352
64.99599822	6.43147135	0.36337352
64.99999822	6.59264278	0.36337352
65.00399822	6.59264278	0.36337352
65.00799822	6.43147135	0.37918308
65.01199822	6.43147135	0.36337352
65.01599822	6.59264278	0.36337352
65.01999822	6.43147135	0.36337352
65.02399822	6.59264278	0.36337352
65.02799822	6.43147135	0.36337352
65.03199821	6.43147135	0.36337352
65.03599821	6.43147135	0.36337352
65.03999821	6.43147135	0.36337352
65.04399821	6.43147135	0.36337352
65.04799821	6.59264278	0.36337352
65.05199821	6.43147135	0.36337352
65.05599821	6.43147135	0.36337352
65.05999821	6.43147135	0.36337352
65.06399821	6.59264278	0.37918308
65.06799821	6.59264278	0.36337352
65.07199821	6.43147135	0.36337352
65.07599821	6.59264278	0.36337352
65.07999821	6.59264278	0.36337352
65.08399821	6.43147135	0.36337352
65.08799821	6.43147135	0.36337352
65.09199821	6.43147135	0.36337352
65.09599821	6.59264278	0.36337352
65.09999821	6.43147135	0.36337352
65.10399821	6.43147135	0.36337352
65.10799821	6.43147135	0.36337352
65.11199821	6.59264278	0.36337352
65.11599821	6.43147135	0.36337352
65.11999821	6.43147135	0.36337352
65.12399821	6.43147135	0.36337352
65.12799821	6.59264278	0.36337352
65.13199821	6.59264278	0.36337352
65.13599821	6.43147135	0.36337352
65.13999821	6.43147135	0.36337352
65.14399821	6.43147135	0.36337352
65.14799821	6.43147135	0.36337352
65.15199821	6.43147135	0.36337352
65.15599821	6.43147135	0.36337352
65.15999821	6.59264278	0.36337352
65.16399821	6.43147135	0.36337352
65.16799821	6.43147135	0.36337352
65.17199821	6.27091551	0.36337352
65.17599821	6.43147135	0.36337352
65.17999821	6.59264278	0.36337352
65.18399821	6.59264278	0.37918308
65.18799821	6.43147135	0.36337352
65.19199821	6.43147135	0.36337352
65.19599821	6.43147135	0.36337352
65.19999821	6.43147135	0.36337352
65.20399821	6.43147135	0.36337352
65.20799821	6.43147135	0.36337352
65.21199821	6.43147135	0.36337352
65.21599821	6.43147135	0.36337352
65.21999821	6.43147135	0.36337352
65.22399821	6.43147135	0.36337352
65.22799821	6.43147135	0.36337352
65.23199821	6.59264278	0.36337352
65.23599821	6.59264278	0.36337352
65.23999821	6.43147135	0.36337352
65.24399821	6.43147135	0.36337352
65.24799821	6.43147135	0.36337352
65.25199821	6.43147135	0.36337352
65.25599821	6.43147135	0.36337352
65.25999821	6.43147135	0.36337352
65.26399821	6.43147135	0.36337352
65.26799821	6.43147135	0.36337352
65.27199821	6.43147135	0.36337352
65.27599821	6.43147135	0.36337352
65.27999821	6.27091551	0.36337352
65.28399821	6.43147135	0.36337352
65.28799821	6.59264278	0.36337352
65.29199821	6.59264278	0.36337352
65.29599821	6.43147135	0.36337352
65.29999821	6.43147135	0.36337352
65.30399821	6.43147135	0.36337352
65.30799821	6.43147135	0.36337352
65.31199821	6.43147135	0.36337352
65.31599821	6.43147135	0.36337352
65.31999821	6.43147135	0.36337352
65.32399821	6.43147135	0.36337352
65.32799821	6.43147135	0.36337352
65.33199821	6.27091551	0.36337352
65.33599821	6.43147135	0.36337352
65.33999821	6.43147135	0.36337352
65.34399821	6.59264278	0.36337352
65.34799821	6.43147135	0.36337352
65.35199821	6.43147135	0.36337352
65.35599821	6.43147135	0.36337352
65.35999821	6.43147135	0.36337352
65.36399821	6.43147135	0.36337352
65.36799821	6.43147135	0.36337352
65.37199821	6.43147135	0.36337352
65.37599821	6.43147135	0.36337352
65.37999821	6.43147135	0.36337352
65.38399820	6.43147135	0.36337352
65.38799820	6.43147135	0.36337352
65.39199820	6.43147135	0.36337352
65.39599820	6.43147135	0.36337352
65.39999820	6.43147135	0.36337352
65.40399820	6.43147135	0.36337352
65.40799820	6.43147135	0.36337352
65.41199820	6.43147135	0.36337352
65.41599820	6.59264278	0.36337352
65.41999820	6.43147135	0.36337352
65.42399820	6.43147135	0.36337352
65.42799820	6.43147135	0.36337352
65.43199820	6.43147135	0.36337352
65.43599820	6.43147135	0.36337352
65.43999820	6.43147135	0.36337352
65.44399820	6.43147135	0.36337352
65.44799820	6.43147135	0.36337352
65.45199820	6.43147135	0.36337352
65.45599820	6.43147135	0.36337352
65.45999820	6.27091551	0.36337352
65.46399820	6.43147135	0.36337352
65.46799820	6.43147135	0.36337352
65.47199820	6.43147135	0.36337352
65.47599820	6.43147135	0.36337352
65.47999820	6.43147135	0.36337352
65.48399820	6.43147135	0.36337352
65.48799820	6.43147135	0.36337352
65.49199820	6.43147135	0.36337352
65.49599820	6.43147135	0.36337352
65.49999820	6.43147135	0.36337352
65.50399820	6.43147135	0.36337352
65.50799820	6.43147135	0.36337352
65.51199820	6.43147135	0.36337352
65.51599820	6.43147135	0.36337352
65.51999820	6.43147135	0.36337352
65.52399820	6.43147135	0.36337352
65.52799820	6.43147135	0.36337352
65.53199820	6.43147135	0.36337352
65.53599820	6.43147135	0.36337352
65.53999820	6.43147135	0.36337352
65.54399820	6.43147135	0.36337352
65.54799820	6.43147135	0.36337352
65.55199820	6.43147135	0.36337352
65.55599820	6.43147135	0.36337352
65.55999820	6.43147135	0.36337352
65.56399820	6.43147135	0.36337352
65.56799820	6.43147135	0.36337352
65.57199820	6.43147135	0.36337352
65.57599820	6.43147135	0.36337352
65.57999820	6.43147135	0.36337352
65.58399820	6.43147135	0.36337352
65.58799820	6.59264278	0.36337352
65.59199820	6.43147135	0.36337352
65.59599820	6.27091551	0.36337352
65.59999820	6.43147135	0.36337352
65.60399820	6.59264278	0.36337352
65.60799820	6.43147135	0.36337352
65.61199820	6.43147135	0.36337352
65.61599820	6.43147135	0.36337352
65.61999820	6.43147135	0.36337352
65.62399820	6.43147135	0.36337352
65.62799820	6.43147135	0.36337352
65.63199820	6.43147135	0.36337352
65.63599820	6.43147135	0.36337352
65.63999820	6.59264278	0.36337352
65.64399820	6.43147135	0.36337352
65.64799820	6.43147135	0.36337352
65.65199820	6.43147135	0.36337352
65.65599820	6.43147135	0.36337352
65.65999820	6.43147135	0.36337352
65.66399820	6.43147135	0.36337352
65.66799820	6.43147135	0.36337352
65.67199820	6.43147135	0.36337352
65.67599820	6.43147135	0.36337352
65.67999820	6.43147135	0.36337352
65.68399820	6.43147135	0.36337352
65.68799820	6.43147135	0.36337352
65.69199820	6.59264278	0.36337352
65.69599820	6.43147135	0.36337352
65.69999820	6.43147135	0.36337352
65.70399820	6.43147135	0.36337352
65.70799820	6.43147135	0.36337352
65.71199820	6.43147135	0.36337352
65.71599820	6.59264278	0.36337352
65.71999820	6.43147135	0.36337352
65.72399820	6.43147135	0.36337352
65.72799820	6.43147135	0.36337352
65.73199820	6.43147135	0.36337352
65.73599820	6.43147135	0.36337352
65.73999819	6.43147135	0.36337352
65.74399819	6.43147135	0.36337352
65.74799819	6.43147135	0.36337352
65.75199819	6.43147135	0.36337352
65.75599819	6.43147135	0.36337352
65.75999819	6.43147135	0.36337352
65.76399819	6.43147135	0.36337352
65.76799819	6.43147135	0.36337352
65.77199819	6.43147135	0.34756398
65.77599819	6.43147135	0.36337352
65.77999819	6.43147135	0.36337352
65.78399819	6.43147135	0.36337352
65.78799819	6.43147135	0.36337352
65.79199819	6.43147135	0.36337352
65.79599819	6.43147135	0.34756398
65.79999819	6.43147135	0.36337352
65.80399819	6.43147135	0.34756398
65.80799819	6.43147135	0.36337352
65.81199819	6.43147135	0.36337352
65.81599819	6.43147135	0.36337352
65.81999819	6.43147135	0.36337352
65.82399819	6.43147135	0.36337352
65.82799819	6.43147135	0.36337352
65.83199819	6.59264278	0.36337352
65.83599819	6.43147135	0.36337352
65.83999819	6.43147135	0.36337352
65.84399819	6.43147135	0.34756398
65.84799819	6.43147135	0.34756398
65.85199819	6.59264278	0.36337352
65.85599819	6.43147135	0.36337352
65.85999819	6.43147135	0.36337352
65.86399819	6.43147135	0.36337352
65.86799819	6.43147135	0.34756398
65.87199819	6.43147135	0.36337352
65.87599819	6.43147135	0.36337352
65.87999819	6.59264278	0.36337352
65.88399819	6.59264278	0.36337352
65.88799819	6.43147135	0.36337352
65.89199819	6.43147135	0.34756398
65.89599819	6.43147135	0.34756398
65.89999819	6.59264278	0.36337352
65.90399819	6.59264278	0.36337352
65.90799819	6.43147135	0.36337352
65.91199819	6.43147135	0.36337352
65.91599819	6.43147135	0.34756398
65.91999819	6.43147135	0.36337352
65.92399819	6.43147135	0.36337352
65.92799819	6.43147135	0.36337352
65.93199819	6.43147135	0.34756398
65.93599819	6.59264278	0.36337352
65.93999819	6.59264278	0.34756398
65.94399819	6.43147135	0.36337352
65.94799819	6.43147135	0.34756398
65.95199819	6.43147135	0.36337352
65.95599819	6.59264278	0.36337352
65.95999819	6.43147135	0.36337352
65.96399819	6.43147135	0.34756398
65.96799819	6.43147135	0.36337352
65.97199819	6.43147135	0.34756398
65.97599819	6.43147135	0.36337352
65.97999819	6.43147135	0.34756398
65.98399819	6.43147135	0.34756398
65.98799819	6.59264278	0.34756398
65.99199819	6.59264278	0.34756398
65.99599819	6.43147135	0.36337352
65.99999819	6.43147135	0.36337352
66.00399819	6.43147135	0.34756398
66.00799819	6.59264278	0.36337352
66.01199819	6.43147135	0.36337352
66.01599819	6.43147135	0.36337352
66.01999819	6.43147135	0.34756398
66.02399819	6.43147135	0.34756398
66.02799819	6.43147135	0.34756398
66.03199819	6.43147135	0.36337352
66.03599819	6.43147135	0.36337352
66.03999819	6.43147135	0.36337352
66.04399819	6.43147135	0.34756398
66.04799819	6.43147135	0.36337352
66.05199819	6.43147135	0.36337352
66.05599819	6.43147135	0.36337352
66.05999819	6.43147135	0.34756398
66.06399819	6.43147135	0.34756398
66.06799819	6.43147135	0.34756398
66.07199819	6.43147135	0.36337352
66.07599819	6.43147135	0.34756398
66.07999819	6.43147135	0.36337352
66.08399819	6.43147135	0.34756398
66.08799819	6.43147135	0.36337352
66.09199818	6.43147135	0.34756398
66.09599818	6.43147135	0.34756398
66.09999818	6.43147135	0.34756398
66.10399818	6.43147135	0.34756398
66.10799818	6.43147135	0.34756398
66.11199818	6.43147135	0.34756398
66.11599818	6.43147135	0.34756398
66.11999818	6.43147135	0.36337352
66.12399818	6.43147135	0.34756398
66.12799818	6.43147135	0.34756398
66.13199818	6.43147135	0.34756398
66.13599818	6.43147135	0.34756398
66.13999818	6.43147135	0.34756398
66.14399818	6.43147135	0.34756398
66.14799818	6.43147135	0.34756398
66.15199818	6.43147135	0.34756398
66.15599818	6.43147135	0.34756398
66.15999818	6.43147135	0.36337352
66.16399818	6.43147135	0.34756398
66.16799818	6.43147135	0.34756398
66.17199818	6.43147135	0.34756398
66.17599818	6.43147135	0.34756398
66.17999818	6.43147135	0.34756398
66.18399818	6.43147135	0.34756398
66.18799818	6.43147135	0.34756398
66.19199818	6.43147135	0.34756398
66.19599818	6.43147135	0.34756398
66.19999818	6.43147135	0.34756398
66.20399818	6.43147135	0.36337352
66.20799818	6.43147135	0.34756398
66.21199818	6.43147135	0.34756398
66.21599818	6.43147135	0.36337352
66.21999818	6.43147135	0.34756398
66.22399818	6.43147135	0.34756398
66.22799818	6.43147135	0.34756398
66.23199818	6.43147135	0.34756398
66.23599818	6.43147135	0.34756398
66.23999818	6.43147135	0.34756398
66.24399818	6.43147135	0.34756398
66.24799818	6.43147135	0.34756398
66.25199818	6.43147135	0.34756398
66.25599818	6.43147135	0.34756398
66.25999818	6.43147135	0.34756398
66.26399818	6.43147135	0.34756398
66.26799818	6.43147135	0.34756398
66.27199818	6.43147135	0.34756398
66.27599818	6.43147135	0.34756398
66.27999818	6.43147135	0.34756398
66.28399818	6.43147135	0.34756398
66.28799818	6.43147135	0.34756398
66.29199818	6.59264278	0.34756398
66.29599818	6.43147135	0.34756398
66.29999818	6.43147135	0.34756398
66.30399818	6.43147135	0.34756398
66.30799818	6.43147135	0.34756398
66.31199818	6.43147135	0.34756398
66.31599818	6.43147135	0.34756398
66.31999818	6.43147135	0.34756398
66.32399818	6.43147135	0.34756398
66.32799818	6.43147135	0.34756398
66.33199818	6.43147135	0.34756398
66.33599818	6.43147135	0.34756398
66.33999818	6.43147135	0.34756398
66.34399818	6.59264278	0.34756398
66.34799818	6.43147135	0.34756398
66.35199818	6.43147135	0.34756398
66.35599818	6.43147135	0.34756398
66.35999818	6.43147135	0.34756398
66.36399818	6.59264278	0.34756398
66.36799818	6.43147135	0.34756398
66.37199818	6.43147135	0.34756398
66.37599818	6.59264278	0.34756398
66.37999818	6.43147135	0.34756398
66.38399818	6.43147135	0.34756398
66.38799818	6.43147135	0.34756398
66.39199818	6.59264278	0.34756398
66.39599818	6.59264278	0.34756398
66.39999818	6.43147135	0.34756398
66.40399818	6.43147135	0.34756398
66.40799818	6.43147135	0.34756398
66.41199818	6.43147135	0.34756398
66.41599818	6.43147135	0.34756398
66.41999818	6.43147135	0.34756398
66.42399818	6.43147135	0.34756398
66.42799818	6.43147135	0.34756398
66.43199818	6.43147135	0.34756398
66.43599818	6.43147135	0.34756398
66.43999818	6.59264278	0.34756398
66.44399818	6.43147135	0.34756398
66.44799817	6.43147135	0.34756398
66.45199817	6.59264278	0.34756398
66.45599817	6.59264278	0.34756398
66.45999817	6.43147135	0.34756398
66.46399817	6.43147135	0.34756398
66.46799817	6.59264278	0.34756398
66.47199817	6.59264278	0.34756398
66.47599817	6.59264278	0.34756398
66.47999817	6.43147135	0.34756398
66.48399817	6.59264278	0.34756398
66.48799817	6.43147135	0.34756398
66.49199817	6.43147135	0.34756398
66.49599817	6.43147135	0.34756398
66.49999817	6.59264278	0.34756398
66.50399817	6.59264278	0.34756398
66.50799817	6.43147135	0.34756398
66.51199817	6.43147135	0.34756398
66.51599817	6.43147135	0.34756398
66.51999817	6.59264278	0.34756398
66.52399817	6.59264278	0.34756398
66.52799817	6.43147135	0.34756398
66.53199817	6.43147135	0.34756398
66.53599817	6.43147135	0.34756398
66.53999817	6.43147135	0.34756398
66.54399817	6.59264278	0.34756398
66.54799817	6.43147135	0.34756398
66.55199817	6.43147135	0.34756398
66.55599817	6.43147135	0.34756398
66.55999817	6.59264278	0.34756398
66.56399817	6.43147135	0.34756398
66.56799817	6.43147135	0.34756398
66.57199817	6.43147135	0.34756398
66.57599817	6.43147135	0.34756398
66.57999817	6.43147135	0.34756398
66.58399817	6.59264278	0.34756398
66.58799817	6.43147135	0.34756398
66.59199817	6.43147135	0.34756398
66.59599817	6.43147135	0.34756398
66.59999817	6.43147135	0.34756398
66.60399817	6.43147135	0.34756398
66.60799817	6.43147135	0.34756398
66.61199817	6.43147135	0.34756398
66.61599817	6.43147135	0.34756398
66.61999817	6.59264278	0.34756398
66.62399817	6.59264278	0.34756398
66.62799817	6.43147135	0.34756398
66.63199817	6.43147135	0.34756398
66.63599817	6.43147135	0.34756398
66.63999817	6.59264278	0.34756398
66.64399817	6.59264278	0.34756398
66.64799817	6.43147135	0.34756398
66.65199817	6.43147135	0.34756398
66.65599817	6.43147135	0.34756398
66.65999817	6.59264278	0.34756398
66.66399817	6.59264278	0.34756398
66.66799817	6.43147135	0.34756398
66.67199817	6.59264278	0.34756398
66.67599817	6.59264278	0.34756398
66.67999817	6.43147135	0.34756398
66.68399817	6.43147135	0.34756398
66.68799817	6.43147135	0.34756398
66.69199817	6.59264278	0.34756398
66.69599817	6.59264278	0.34756398
66.69999817	6.43147135	0.34756398
66.70399817	6.59264278	0.34756398
66.70799817	6.59264278	0.34756398
66.71199817	6.43147135	0.34756398
66.71599817	6.43147135	0.34756398
66.71999817	6.59264278	0.34756398
66.72399817	6.59264278	0.34756398
66.72799817	6.59264278	0.34756398
66.73199817	6.59264278	0.34756398
66.73599817	6.43147135	0.34756398
66.73999817	6.59264278	0.34756398
66.74399817	6.59264278	0.34756398
66.74799817	6.59264278	0.34756398
66.75199817	6.59264278	0.34756398
66.75599817	6.59264278	0.34756398
66.75999817	6.59264278	0.34756398
66.76399817	6.59264278	0.34756398
66.76799817	6.59264278	0.34756398
66.77199817	6.59264278	0.34756398
66.77599817	6.59264278	0.34756398
66.77999817	6.59264278	0.34756398
66.78399817	6.59264278	0.34756398
66.78799817	6.59264278	0.34756398
66.79199817	6.59264278	0.34756398
66.79599817	6.59264278	0.34756398
66.79999816	6.59264278	0.34756398
66.80399816	6.59264278	0.34756398
66.80799816	6.59264278	0.34756398
66.81199816	6.75319862	0.34756398
66.81599816	6.59264278	0.34756398
66.81999816	6.59264278	0.34756398
66.82399816	6.59264278	0.34756398
66.82799816	6.59264278	0.34756398
66.83199816	6.59264278	0.34756398
66.83599816	6.75319862	0.34756398
66.83999816	6.75319862	0.34756398
66.84399816	6.59264278	0.34756398
66.84799816	6.59264278	0.34756398
66.85199816	6.59264278	0.34756398
66.85599816	6.59264278	0.34756398
66.85999816	6.75319862	0.34756398
66.86399816	6.75319862	0.34756398
66.86799816	6.75319862	0.34756398
66.87199816	6.59264278	0.34756398
66.87599816	6.59264278	0.34756398
66.87999816	6.59264278	0.34756398
66.88399816	6.59264278	0.34756398
66.88799816	6.75319862	0.34756398
66.89199816	6.75319862	0.34756398
66.89599816	6.59264278	0.34756398
66.89999816	6.59264278	0.34756398
66.90399816	6.59264278	0.34756398
66.90799816	6.59264278	0.34756398
66.91199816	6.59264278	0.34756398
66.91599816	6.75319862	0.34756398
66.91999816	6.75319862	0.34756398
66.92399816	6.59264278	0.34756398
66.92799816	6.59264278	0.34756398
66.93199816	6.59264278	0.34756398
66.93599816	6.59264278	0.34756398
66.93999816	6.75319862	0.34756398
66.94399816	6.75319862	0.34756398
66.94799816	6.59264278	0.34756398
66.95199816	6.59264278	0.34756398
66.95599816	6.59264278	0.34756398
66.95999816	6.59264278	0.34756398
66.96399816	6.59264278	0.34756398
66.96799816	6.59264278	0.34756398
66.97199816	6.75319862	0.34756398
66.97599816	6.75319862	0.34756398
66.97999816	6.59264278	0.34756398
66.98399816	6.59264278	0.34756398
66.98799816	6.59264278	0.33175442
66.99199816	6.59264278	0.34756398
66.99599816	6.75319862	0.34756398
66.99999816	6.75319862	0.34756398
67.00399816	6.59264278	0.34756398
67.00799816	6.59264278	0.34756398
67.01199816	6.59264278	0.34756398
67.01599816	6.59264278	0.34756398
67.01999816	6.59264278	0.34756398
67.02399816	6.75319862	0.34756398
67.02799816	6.59264278	0.34756398
67.03199816	6.59264278	0.34756398
67.03599816	6.59264278	0.33175442
67.03999816	6.59264278	0.34756398
67.04399816	6.59264278	0.34756398
67.04799816	6.59264278	0.34756398
67.05199816	6.59264278	0.34756398
67.05599816	6.59264278	0.33175442
67.05999816	6.59264278	0.34756398
67.06399816	6.59264278	0.34756398
67.06799816	6.59264278	0.33175442
67.07199816	6.59264278	0.34756398
67.07599816	6.59264278	0.34756398
67.07999816	6.59264278	0.34756398
67.08399816	6.59264278	0.33175442
67.08799816	6.59264278	0.34756398
67.09199816	6.59264278	0.34756398
67.09599816	6.59264278	0.34756398
67.09999816	6.59264278	0.33175442
67.10399816	6.75319862	0.34756398
67.10799816	6.59264278	0.34756398
67.11199816	6.59264278	0.34756398
67.11599816	6.59264278	0.33175442
67.11999816	6.59264278	0.33175442
67.12399816	6.75319862	0.34756398
67.12799816	6.75319862	0.34756398
67.13199816	6.59264278	0.34756398
67.13599816	6.59264278	0.34756398
67.13999816	6.59264278	0.33175442
67.14399816	6.59264278	0.34756398
67.14799816	6.59264278	0.34756398
67.15199815	6.59264278	0.34756398
67.15599815	6.59264278	0.34756398
67.15999815	6.59264278	0.34756398
67.16399815	6.59264278	0.33175442
67.16799815	6.59264278	0.34756398
67.17199815	6.59264278	0.34756398
67.17599815	6.59264278	0.34756398
67.17999815	6.59264278	0.33175442
67.18399815	6.59264278	0.34756398
67.18799815	6.59264278	0.33175442
67.19199815	6.75319862	0.34756398
67.19599815	6.75319862	0.34756398
67.19999815	6.59264278	0.34756398
67.20399815	6.59264278	0.34756398
67.20799815	6.75319862	0.34756398
67.21199815	6.75319862	0.34756398
67.21599815	6.75319862	0.34756398
67.21999815	6.59264278	0.33175442
67.22399815	6.59264278	0.34756398
67.22799815	6.59264278	0.33175442
67.23199815	6.75319862	0.33175442
67.23599815	6.59264278	0.34756398
67.23999815	6.59264278	0.34756398
67.24399815	6.75319862	0.33175442
67.24799815	6.75319862	0.33175442
67.25199815	6.75319862	0.33175442
67.25599815	6.59264278	0.34756398
67.25999815	6.59264278	0.33175442
67.26399815	6.75319862	0.34756398
67.26799815	6.75319862	0.33175442
67.27199815	6.75319862	0.34756398
67.27599815	6.75319862	0.33175442
67.27999815	6.59264278	0.34756398
67.28399815	6.59264278	0.34756398
67.28799815	6.75319862	0.34756398
67.29199815	6.59264278	0.34756398
67.29599815	6.75319862	0.34756398
67.29999815	6.59264278	0.33175442
67.30399815	6.59264278	0.34756398
67.30799815	6.59264278	0.33175442
67.31199815	6.59264278	0.33175442
67.31599815	6.75319862	0.33175442
67.31999815	6.59264278	0.34756398
67.32399815	6.59264278	0.33175442
67.32799815	6.59264278	0.34756398
67.33199815	6.59264278	0.33175442
67.33599815	6.75319862	0.34756398
67.33999815	6.59264278	0.33175442
67.34399815	6.59264278	0.34756398
67.34799815	6.75319862	0.33175442
67.35199815	6.59264278	0.34756398
67.35599815	6.59264278	0.34756398
67.35999815	6.59264278	0.33175442
67.36399815	6.59264278	0.33175442
67.36799815	6.59264278	0.34756398
67.37199815	6.59264278	0.33175442
67.37599815	6.59264278	0.34756398
67.37999815	6.59264278	0.33175442
67.38399815	6.59264278	0.34756398
67.38799815	6.59264278	0.33175442
67.39199815	6.59264278	0.34756398
67.39599815	6.59264278	0.33175442
67.39999815	6.75319862	0.34756398
67.40399815	6.59264278	0.33175442
67.40799815	6.59264278	0.33175442
67.41199815	6.59264278	0.33175442
67.41599815	6.59264278	0.34756398
67.41999815	6.59264278	0.33175442
67.42399815	6.59264278	0.34756398
67.42799815	6.59264278	0.33175442
67.43199815	6.59264278	0.34756398
67.43599815	6.59264278	0.34756398
67.43999815	6.59264278	0.33175442
67.44399815	6.59264278	0.33175442
67.44799815	6.59264278	0.33175442
67.45199815	6.59264278	0.33175442
67.45599815	6.59264278	0.33175442
67.45999815	6.59264278	0.33175442
67.46399815	6.59264278	0.33175442
67.46799815	6.59264278	0.33175442
67.47199815	6.59264278	0.33175442
67.47599815	6.59264278	0.33175442
67.47999815	6.59264278	0.34756398
67.48399815	6.75319862	0.33175442
67.48799815	6.59264278	0.34756398
67.49199815	6.59264278	0.33175442
67.49599815	6.59264278	0.33175442
67.49999815	6.59264278	0.33175442
67.50399815	6.59264278	0.33175442
67.50799814	6.59264278	0.33175442
67.51199814	6.59264278	0.34756398
67.51599814	6.59264278	0.33175442
67.51999814	6.59264278	0.33175442
67.52399814	6.59264278	0.33175442
67.52799814	6.59264278	0.33175442
67.53199814	6.75319862	0.33175442
67.53599814	6.59264278	0.34756398
67.53999814	6.59264278	0.33175442
67.54399814	6.59264278	0.33175442
67.54799814	6.59264278	0.33175442
67.55199814	6.59264278	0.33175442
67.55599814	6.59264278	0.33175442
67.55999814	6.59264278	0.33175442
67.56399814	6.59264278	0.33175442
67.56799814	6.59264278	0.33175442
67.57199814	6.59264278	0.33175442
67.57599814	6.59264278	0.33175442
67.57999814	6.59264278	0.33175442
67.58399814	6.59264278	0.34756398
67.58799814	6.59264278	0.33175442
67.59199814	6.59264278	0.33175442
67.59599814	6.59264278	0.33175442
67.59999814	6.59264278	0.33175442
67.60399814	6.59264278	0.33175442
67.60799814	6.59264278	0.34756398
67.61199814	6.59264278	0.33175442
67.61599814	6.59264278	0.33175442
67.61999814	6.59264278	0.33175442
67.62399814	6.59264278	0.33175442
67.62799814	6.43147135	0.33175442
67.63199814	6.59264278	0.33175442
67.63599814	6.59264278	0.33175442
67.63999814	6.59264278	0.33175442
67.64399814	6.59264278	0.33175442
67.64799814	6.59264278	0.33175442
67.65199814	6.59264278	0.33175442
67.65599814	6.59264278	0.33175442
67.65999814	6.59264278	0.33175442
67.66399814	6.59264278	0.33175442
67.66799814	6.59264278	0.33175442
67.67199814	6.59264278	0.33175442
67.67599814	6.59264278	0.33175442
67.67999814	6.59264278	0.33175442
67.68399814	6.59264278	0.33175442
67.68799814	6.59264278	0.33175442
67.69199814	6.59264278	0.33175442
67.69599814	6.59264278	0.33175442
67.69999814	6.59264278	0.33175442
67.70399814	6.59264278	0.33175442
67.70799814	6.59264278	0.33175442
67.71199814	6.59264278	0.33175442
67.71599814	6.59264278	0.33175442
67.71999814	6.59264278	0.33175442
67.72399814	6.59264278	0.33175442
67.72799814	6.43147135	0.33175442
67.73199814	6.43147135	0.33175442
67.73599814	6.59264278	0.33175442
67.73999814	6.59264278	0.33175442
67.74399814	6.59264278	0.33175442
67.74799814	6.59264278	0.33175442
67.75199814	6.59264278	0.33175442
67.75599814	6.59264278	0.33175442
67.75999814	6.59264278	0.33175442
67.76399814	6.59264278	0.33175442
67.76799814	6.59264278	0.33175442
67.77199814	6.59264278	0.33175442
67.77599814	6.59264278	0.33175442
67.77999814	6.43147135	0.33175442
67.78399814	6.59264278	0.33175442
67.78799814	6.59264278	0.33175442
67.79199814	6.59264278	0.33175442
67.79599814	6.59264278	0.33175442
67.79999814	6.59264278	0.33175442
67.80399814	6.59264278	0.33175442
67.80799814	6.59264278	0.33175442
67.81199814	6.59264278	0.33175442
67.81599814	6.59264278	0.33175442
67.81999814	6.59264278	0.33175442
67.82399814	6.59264278	0.33175442
67.82799814	6.59264278	0.33175442
67.83199814	6.43147135	0.33175442
67.83599814	6.43147135	0.33175442
67.83999814	6.59264278	0.33175442
67.84399814	6.59264278	0.33175442
67.84799814	6.59264278	0.33175442
67.85199814	6.59264278	0.33175442
67.85599814	6.59264278	0.33175442
67.85999813	6.59264278	0.33175442
67.86399813	6.59264278	0.33175442
67.86799813	6.59264278	0.33175442
67.87199813	6.59264278	0.33175442
67.87599813	6.59264278	0.33175442
67.87999813	6.59264278	0.33175442
67.88399813	6.43147135	0.33175442
67.88799813	6.59264278	0.33175442
67.89199813	6.59264278	0.33175442
67.89599813	6.59264278	0.33175442
67.89999813	6.59264278	0.33175442
67.90399813	6.59264278	0.33175442
67.90799813	6.59264278	0.33175442
67.91199813	6.59264278	0.33175442
67.91599813	6.59264278	0.33175442
67.91999813	6.59264278	0.33175442
67.92399813	6.59264278	0.33175442
67.92799813	6.59264278	0.33175442
67.93199813	6.59264278	0.33175442
67.93599813	6.59264278	0.33175442
67.93999813	6.59264278	0.33175442
67.94399813	6.59264278	0.33175442
67.94799813	6.59264278	0.33175442
67.95199813	6.59264278	0.33175442
67.95599813	6.59264278	0.33175442
67.95999813	6.59264278	0.33175442
67.96399813	6.59264278	0.33175442
67.96799813	6.59264278	0.33175442
67.97199813	6.59264278	0.33175442
67.97599813	6.59264278	0.33175442
67.97999813	6.59264278	0.33175442
67.98399813	6.59264278	0.33175442
67.98799813	6.59264278	0.33175442
67.99199813	6.59264278	0.33175442
67.99599813	6.59264278	0.33175442
67.99999813	6.59264278	0.33175442
68.00399813	6.59264278	0.33175442
68.00799813	6.59264278	0.33175442
68.01199813	6.59264278	0.33175442
68.01599813	6.59264278	0.33175442
68.01999813	6.59264278	0.33175442
68.02399813	6.59264278	0.33175442
68.02799813	6.59264278	0.33175442
68.03199813	6.59264278	0.33175442
68.03599813	6.59264278	0.33175442
68.03999813	6.59264278	0.33175442
68.04399813	6.59264278	0.33175442
68.04799813	6.59264278	0.33175442
68.05199813	6.59264278	0.33175442
68.05599813	6.75319862	0.33175442
68.05999813	6.59264278	0.33175442
68.06399813	6.59264278	0.33175442
68.06799813	6.59264278	0.33175442
68.07199813	6.59264278	0.33175442
68.07599813	6.59264278	0.33175442
68.07999813	6.59264278	0.33175442
68.08399813	6.75319862	0.33175442
68.08799813	6.59264278	0.33175442
68.09199813	6.59264278	0.33175442
68.09599813	6.43147135	0.33175442
68.09999813	6.59264278	0.33175442
68.10399813	6.59264278	0.33175442
68.10799813	6.59264278	0.33175442
68.11199813	6.59264278	0.33175442
68.11599813	6.59264278	0.33175442
68.11999813	6.59264278	0.33175442
68.12399813	6.59264278	0.33175442
68.12799813	6.59264278	0.33175442
68.13199813	6.59264278	0.33175442
68.13599813	6.59264278	0.33175442
68.13999813	6.59264278	0.33175442
68.14399813	6.59264278	0.33175442
68.14799813	6.59264278	0.33175442
68.15199813	6.43147135	0.33175442
68.15599813	6.43147135	0.33175442
68.15999813	6.59264278	0.33175442
68.16399813	6.59264278	0.33175442
68.16799813	6.59264278	0.33175442
68.17199813	6.43147135	0.33175442
68.17599813	6.43147135	0.33175442
68.17999813	6.43147135	0.33175442
68.18399813	6.59264278	0.33175442
68.18799813	6.75319862	0.33175442
68.19199813	6.59264278	0.33175442
68.19599813	6.59264278	0.33175442
68.19999813	6.59264278	0.33175442
68.20399813	6.43147135	0.33175442
68.20799813	6.59264278	0.33175442
68.21199813	6.59264278	0.33175442
68.21599812	6.59264278	0.33175442
68.21999812	6.59264278	0.33175442
68.22399812	6.43147135	0.33175442
68.22799812	6.59264278	0.33175442
68.23199812	6.59264278	0.33175442
68.23599812	6.59264278	0.33175442
68.23999812	6.43147135	0.33175442
68.24399812	6.43147135	0.33175442
68.24799812	6.59264278	0.33175442
68.25199812	6.59264278	0.33175442
68.25599812	6.59264278	0.33175442
68.25999812	6.59264278	0.33175442
68.26399812	6.59264278	0.33175442
68.26799812	6.59264278	0.33175442
68.27199812	6.59264278	0.33175442
68.27599812	6.59264278	0.33175442
68.27999812	6.59264278	0.33175442
68.28399812	6.43147135	0.33175442
68.28799812	6.43147135	0.33175442
68.29199812	6.59264278	0.33175442
68.29599812	6.59264278	0.33175442
68.29999812	6.59264278	0.33175442
68.30399812	6.59264278	0.33175442
68.30799812	6.43147135	0.33175442
68.31199812	6.43147135	0.33175442
68.31599812	6.59264278	0.33175442
68.31999812	6.59264278	0.33175442
68.32399812	6.59264278	0.33175442
68.32799812	6.59264278	0.33175442
68.33199812	6.43147135	0.33175442
68.33599812	6.59264278	0.33175442
68.33999812	6.43147135	0.33175442
68.34399812	6.43147135	0.33175442
68.34799812	6.43147135	0.33175442
68.35199812	6.43147135	0.33175442
68.35599812	6.43147135	0.33175442
68.35999812	6.59264278	0.33175442
68.36399812	6.43147135	0.33175442
68.36799812	6.43147135	0.33175442
68.37199812	6.43147135	0.33175442
68.37599812	6.59264278	0.33175442
68.37999812	6.59264278	0.33175442
68.38399812	6.59264278	0.33175442
68.38799812	6.43147135	0.33175442
68.39199812	6.43147135	0.33175442
68.39599812	6.43147135	0.33175442
68.39999812	6.43147135	0.33175442
68.40399812	6.43147135	0.33175442
68.40799812	6.43147135	0.33175442
68.41199812	6.43147135	0.33175442
68.41599812	6.43147135	0.33175442
68.41999812	6.43147135	0.33175442
68.42399812	6.43147135	0.33175442
68.42799812	6.43147135	0.33175442
68.43199812	6.43147135	0.33175442
68.43599812	6.59264278	0.33175442
68.43999812	6.43147135	0.33175442
68.44399812	6.43147135	0.33175442
68.44799812	6.43147135	0.33175442
68.45199812	6.43147135	0.33175442
68.45599812	6.43147135	0.33175442
68.45999812	6.59264278	0.33175442
68.46399812	6.59264278	0.33175442
68.46799812	6.43147135	0.33175442
68.47199812	6.43147135	0.33175442
68.47599812	6.43147135	0.33175442
68.47999812	6.59264278	0.33175442
68.48399812	6.43147135	0.33175442
68.48799812	6.43147135	0.33175442
68.49199812	6.43147135	0.33175442
68.49599812	6.43147135	0.33175442
68.49999812	6.43147135	0.33175442
68.50399812	6.43147135	0.33175442
68.50799812	6.43147135	0.33175442
68.51199812	6.43147135	0.33175442
68.51599812	6.59264278	0.33175442
68.51999812	6.43147135	0.33175442
68.52399812	6.43147135	0.33175442
68.52799812	6.43147135	0.33175442
68.53199812	6.43147135	0.33175442
68.53599812	6.59264278	0.33175442
68.53999812	6.59264278	0.33175442
68.54399812	6.43147135	0.33175442
68.54799812	6.43147135	0.33175442
68.55199812	6.43147135	0.33175442
68.55599812	6.43147135	0.33175442
68.55999812	6.43147135	0.33175442
68.56399812	6.43147135	0.33175442
68.56799811	6.43147135	0.33175442
68.57199811	6.59264278	0.33175442
68.57599811	6.59264278	0.33175442
68.57999811	6.43147135	0.33175442
68.58399811	6.43147135	0.33175442
68.58799811	6.43147135	0.33175442
68.59199811	6.43147135	0.33175442
68.59599811	6.59264278	0.33175442
68.59999811	6.59264278	0.33175442
68.60399811	6.43147135	0.33175442
68.60799811	6.43147135	0.33175442
68.61199811	6.43147135	0.33175442
68.61599811	6.43147135	0.33175442
68.61999811	6.43147135	0.31594488
68.62399811	6.59264278	0.33175442
68.62799811	6.43147135	0.33175442
68.63199811	6.43147135	0.33175442
68.63599811	6.43147135	0.31594488
68.63999811	6.43147135	0.33175442
68.64399811	6.43147135	0.33175442
68.64799811	6.59264278	0.33175442
68.65199811	6.59264278	0.33175442
68.65599811	6.59264278	0.33175442
68.65999811	6.43147135	0.31594488
68.66399811	6.43147135	0.33175442
68.66799811	6.43147135	0.33175442
68.67199811	6.59264278	0.33175442
68.67599811	6.59264278	0.33175442
68.67999811	6.59264278	0.33175442
68.68399811	6.43147135	0.31594488
68.68799811	6.43147135	0.31594488
68.69199811	6.43147135	0.31594488
68.69599811	6.43147135	0.33175442
68.69999811	6.43147135	0.33175442
68.70399811	6.43147135	0.33175442
68.70799811	6.59264278	0.33175442
68.71199811	6.43147135	0.33175442
68.71599811	6.43147135	0.31594488
68.71999811	6.43147135	0.31594488
68.72399811	6.43147135	0.31594488
68.72799811	6.59264278	0.33175442
68.73199811	6.59264278	0.31594488
68.73599811	6.43147135	0.33175442
68.73999811	6.43147135	0.31594488
68.74399811	6.43147135	0.33175442
68.74799811	6.43147135	0.33175442
68.75199811	6.59264278	0.33175442
68.75599811	6.59264278	0.33175442
68.75999811	6.59264278	0.31594488
68.76399811	6.43147135	0.31594488
68.76799811	6.43147135	0.31594488
68.77199811	6.43147135	0.31594488
68.77599811	6.43147135	0.33175442
68.77999811	6.43147135	0.33175442
68.78399811	6.43147135	0.33175442
68.78799811	6.43147135	0.31594488
68.79199811	6.59264278	0.33175442
68.79599811	6.43147135	0.31594488
68.79999811	6.43147135	0.33175442
68.80399811	6.43147135	0.31594488
68.80799811	6.43147135	0.31594488
68.81199811	6.59264278	0.31594488
68.81599811	6.59264278	0.31594488
68.81999811	6.43147135	0.33175442
68.82399811	6.43147135	0.33175442
68.82799811	6.43147135	0.33175442
68.83199811	6.43147135	0.33175442
68.83599811	6.43147135	0.31594488
68.83999811	6.43147135	0.33175442
68.84399811	6.43147135	0.31594488
68.84799811	6.59264278	0.33175442
68.85199811	6.43147135	0.31594488
68.85599811	6.43147135	0.33175442
68.85999811	6.43147135	0.31594488
68.86399811	6.43147135	0.33175442
68.86799811	6.43147135	0.31594488
68.87199811	6.43147135	0.33175442
68.87599811	6.43147135	0.31594488
68.87999811	6.43147135	0.31594488
68.88399811	6.43147135	0.31594488
68.88799811	6.43147135	0.31594488
68.89199811	6.43147135	0.31594488
68.89599811	6.59264278	0.31594488
68.89999811	6.59264278	0.31594488
68.90399811	6.43147135	0.33175442
68.90799811	6.43147135	0.31594488
68.91199811	6.43147135	0.31594488
68.91599811	6.59264278	0.31594488
68.91999810	6.59264278	0.33175442
68.92399810	6.43147135	0.31594488
68.92799810	6.43147135	0.31594488
68.93199810	6.43147135	0.31594488
68.93599810	6.43147135	0.31594488
68.93999810	6.43147135	0.31594488
68.94399810	6.43147135	0.31594488
68.94799810	6.43147135	0.33175442
68.95199810	6.59264278	0.33175442
68.95599810	6.43147135	0.31594488
68.95999810	6.43147135	0.33175442
68.96399810	6.43147135	0.31594488
68.96799810	6.43147135	0.31594488
68.97199810	6.59264278	0.31594488
68.97599810	6.43147135	0.31594488
68.97999810	6.43147135	0.31594488
68.98399810	6.43147135	0.31594488
68.98799810	6.43147135	0.31594488
68.99199810	6.43147135	0.31594488
68.99599810	6.43147135	0.31594488
68.99999810	6.43147135	0.31594488
69.00399810	6.59264278	0.31594488
69.00799810	6.43147135	0.31594488
69.01199810	6.43147135	0.31594488
69.01599810	6.43147135	0.31594488
69.01999810	6.43147135	0.31594488
69.02399810	6.43147135	0.31594488
69.02799810	6.43147135	0.31594488
69.03199810	6.43147135	0.31594488
69.03599810	6.43147135	0.31594488
69.03999810	6.43147135	0.31594488
69.04399810	6.43147135	0.31594488
69.04799810	6.43147135	0.31594488
69.05199810	6.43147135	0.31594488
69.05599810	6.43147135	0.31594488
69.05999810	6.43147135	0.31594488
69.06399810	6.43147135	0.31594488
69.06799810	6.43147135	0.31594488
69.07199810	6.59264278	0.31594488
69.07599810	6.43147135	0.31594488
69.07999810	6.43147135	0.31594488
69.08399810	6.43147135	0.31594488
69.08799810	6.43147135	0.31594488
69.09199810	6.43147135	0.31594488
69.09599810	6.43147135	0.31594488
69.09999810	6.43147135	0.31594488
69.10399810	6.43147135	0.31594488
69.10799810	6.43147135	0.31594488
69.11199810	6.59264278	0.31594488
69.11599810	6.59264278	0.31594488
69.11999810	6.43147135	0.31594488
69.12399810	6.43147135	0.31594488
69.12799810	6.43147135	0.31594488
69.13199810	6.43147135	0.31594488
69.13599810	6.43147135	0.31594488
69.13999810	6.43147135	0.31594488
69.14399810	6.43147135	0.31594488
69.14799810	6.43147135	0.31594488
69.15199810	6.43147135	0.31594488
69.15599810	6.43147135	0.31594488
69.15999810	6.43147135	0.31594488
69.16399810	6.43147135	0.31594488
69.16799810	6.43147135	0.31594488
69.17199810	6.43147135	0.31594488
69.17599810	6.59264278	0.31594488
69.17999810	6.43147135	0.31594488
69.18399810	6.43147135	0.31594488
69.18799810	6.43147135	0.31594488
69.19199810	6.59264278	0.31594488
69.19599810	6.43147135	0.31594488
69.19999810	6.43147135	0.31594488
69.20399810	6.43147135	0.31594488
69.20799810	6.43147135	0.31594488
69.21199810	6.59264278	0.31594488
69.21599810	6.43147135	0.31594488
69.21999810	6.43147135	0.31594488
69.22399810	6.43147135	0.31594488
69.22799810	6.59264278	0.31594488
69.23199810	6.43147135	0.31594488
69.23599810	6.43147135	0.31594488
69.23999810	6.59264278	0.31594488
69.24399810	6.59264278	0.31594488
69.24799810	6.43147135	0.31594488
69.25199810	6.43147135	0.31594488
69.25599810	6.43147135	0.31594488
69.25999810	6.59264278	0.31594488
69.26399810	6.59264278	0.31594488
69.26799810	6.43147135	0.31594488
69.27199810	6.43147135	0.31594488
69.27599809	6.59264278	0.31594488
69.27999809	6.59264278	0.31594488
69.28399809	6.43147135	0.31594488
69.28799809	6.43147135	0.31594488
69.29199809	6.59264278	0.31594488
69.29599809	6.59264278	0.31594488
69.29999809	6.43147135	0.31594488
69.30399809	6.43147135	0.31594488
69.30799809	6.59264278	0.31594488
69.31199809	6.43147135	0.31594488
69.31599809	6.43147135	0.31594488
69.31999809	6.43147135	0.31594488
69.32399809	6.59264278	0.31594488
69.32799809	6.59264278	0.31594488
69.33199809	6.43147135	0.31594488
69.33599809	6.43147135	0.31594488
69.33999809	6.43147135	0.31594488
69.34399809	6.43147135	0.31594488
69.34799809	6.43147135	0.31594488
69.35199809	6.59264278	0.31594488
69.35599809	6.59264278	0.31594488
69.35999809	6.43147135	0.31594488
69.36399809	6.43147135	0.31594488
69.36799809	6.43147135	0.31594488
69.37199809	6.43147135	0.31594488
69.37599809	6.43147135	0.31594488
69.37999809	6.59264278	0.31594488
69.38399809	6.59264278	0.31594488
69.38799809	6.59264278	0.31594488
69.39199809	6.59264278	0.31594488
69.39599809	6.43147135	0.31594488
69.39999809	6.43147135	0.31594488
69.40399809	6.43147135	0.31594488
69.40799809	6.43147135	0.31594488
69.41199809	6.59264278	0.31594488
69.41599809	6.59264278	0.31594488
69.41999809	6.59264278	0.31594488
69.42399809	6.59264278	0.31594488
69.42799809	6.43147135	0.31594488
69.43199809	6.43147135	0.31594488
69.43599809	6.59264278	0.31594488
69.43999809	6.59264278	0.31594488
69.44399809	6.59264278	0.31594488
69.44799809	6.59264278	0.31594488
69.45199809	6.43147135	0.31594488
69.45599809	6.43147135	0.31594488
69.45999809	6.43147135	0.31594488
69.46399809	6.59264278	0.31594488
69.46799809	6.59264278	0.31594488
69.47199809	6.59264278	0.31594488
69.47599809	6.43147135	0.31594488
69.47999809	6.43147135	0.31594488
69.48399809	6.43147135	0.31594488
69.48799809	6.59264278	0.31594488
69.49199809	6.59264278	0.31594488
69.49599809	6.59264278	0.31594488
69.49999809	6.59264278	0.31594488
69.50399809	6.59264278	0.31594488
69.50799809	6.43147135	0.31594488
69.51199809	6.43147135	0.31594488
69.51599809	6.59264278	0.31594488
69.51999809	6.59264278	0.31594488
69.52399809	6.59264278	0.31594488
69.52799809	6.59264278	0.31594488
69.53199809	6.43147135	0.31594488
69.53599809	6.43147135	0.31594488
69.53999809	6.59264278	0.31594488
69.54399809	6.59264278	0.31594488
69.54799809	6.59264278	0.31594488
69.55199809	6.59264278	0.31594488
69.55599809	6.43147135	0.31594488
69.55999809	6.59264278	0.31594488
69.56399809	6.59264278	0.31594488
69.56799809	6.59264278	0.31594488
69.57199809	6.59264278	0.31594488
69.57599809	6.59264278	0.31594488
69.57999809	6.59264278	0.31594488
69.58399809	6.59264278	0.31594488
69.58799809	6.43147135	0.31594488
69.59199809	6.43147135	0.31594488
69.59599809	6.59264278	0.31594488
69.59999809	6.59264278	0.31594488
69.60399809	6.59264278	0.31594488
69.60799809	6.59264278	0.31594488
69.61199809	6.59264278	0.31594488
69.61599809	6.59264278	0.31594488
69.61999809	6.59264278	0.31594488
69.62399809	6.59264278	0.31594488
69.62799808	6.59264278	0.31594488
69.63199808	6.59264278	0.31594488
69.63599808	6.59264278	0.31594488
69.63999808	6.59264278	0.31594488
69.64399808	6.59264278	0.31594488
69.64799808	6.59264278	0.31594488
69.65199808	6.59264278	0.31594488
69.65599808	6.59264278	0.31594488
69.65999808	6.59264278	0.31594488
69.66399808	6.59264278	0.31594488
69.66799808	6.59264278	0.31594488
69.67199808	6.59264278	0.31594488
69.67599808	6.59264278	0.31594488
69.67999808	6.59264278	0.31594488
69.68399808	6.59264278	0.31594488
69.68799808	6.59264278	0.31594488
69.69199808	6.59264278	0.31594488
69.69599808	6.59264278	0.31594488
69.69999808	6.59264278	0.31594488
69.70399808	6.59264278	0.31594488
69.70799808	6.59264278	0.31594488
69.71199808	6.59264278	0.31594488
69.71599808	6.59264278	0.31594488
69.71999808	6.59264278	0.31594488
69.72399808	6.59264278	0.31594488
69.72799808	6.59264278	0.31594488
69.73199808	6.59264278	0.31594488
69.73599808	6.59264278	0.31594488
69.73999808	6.59264278	0.31594488
69.74399808	6.59264278	0.31594488
69.74799808	6.59264278	0.31594488
69.75199808	6.59264278	0.31594488
69.75599808	6.59264278	0.31594488
69.75999808	6.59264278	0.31594488
69.76399808	6.59264278	0.31594488
69.76799808	6.59264278	0.31594488
69.77199808	6.59264278	0.31594488
69.77599808	6.59264278	0.31594488
69.77999808	6.59264278	0.31594488
69.78399808	6.59264278	0.31594488
69.78799808	6.59264278	0.31594488
69.79199808	6.59264278	0.31594488
69.79599808	6.43147135	0.31594488
69.79999808	6.59264278	0.31594488
69.80399808	6.59264278	0.31594488
69.80799808	6.59264278	0.31594488
69.81199808	6.59264278	0.31594488
69.81599808	6.59264278	0.31594488
69.81999808	6.59264278	0.31594488
69.82399808	6.59264278	0.31594488
69.82799808	6.43147135	0.31594488
69.83199808	6.59264278	0.31594488
69.83599808	6.59264278	0.31594488
69.83999808	6.75319862	0.31594488
69.84399808	6.59264278	0.31594488
69.84799808	6.59264278	0.31594488
69.85199808	6.59264278	0.31594488
69.85599808	6.59264278	0.31594488
69.85999808	6.59264278	0.31594488
69.86399808	6.59264278	0.31594488
69.86799808	6.59264278	0.31594488
69.87199808	6.59264278	0.31594488
69.87599808	6.59264278	0.31594488
69.87999808	6.59264278	0.31594488
69.88399808	6.59264278	0.31594488
69.88799808	6.59264278	0.31594488
69.89199808	6.75319862	0.31594488
69.89599808	6.75319862	0.31594488
69.89999808	6.59264278	0.30013534
69.90399808	6.59264278	0.31594488
69.90799808	6.59264278	0.31594488
69.91199808	6.75319862	0.31594488
69.91599808	6.59264278	0.31594488
69.91999808	6.59264278	0.31594488
69.92399808	6.59264278	0.31594488
69.92799808	6.75319862	0.31594488
69.93199808	6.59264278	0.31594488
69.93599808	6.59264278	0.31594488
69.93999808	6.59264278	0.31594488
69.94399808	6.59264278	0.31594488
69.94799808	6.59264278	0.31594488
69.95199808	6.59264278	0.31594488
69.95599808	6.59264278	0.31594488
69.95999808	6.75319862	0.31594488
69.96399808	6.75319862	0.31594488
69.96799808	6.59264278	0.31594488
69.97199808	6.59264278	0.31594488
69.97599808	6.59264278	0.31594488
69.97999808	6.75319862	0.31594488
69.98399807	6.59264278	0.31594488
69.98799807	6.75319862	0.31594488
69.99199807	6.75319862	0.31594488
69.99599807	6.59264278	0.31594488
69.99999807	6.59264278	0.31594488
70.00399807	6.59264278	0.30013534
70.00799807	6.59264278	0.31594488
70.01199807	6.75319862	0.31594488
70.01599807	6.75319862	0.31594488
70.01999807	6.59264278	0.31594488
70.02399807	6.59264278	0.31594488
70.02799807	6.59264278	0.31594488
70.03199807	6.59264278	0.31594488
70.03599807	6.75319862	0.31594488
70.03999807	6.75319862	0.31594488
70.04399807	6.59264278	0.31594488
70.04799807	6.59264278	0.31594488
70.05199807	6.59264278	0.30013534
70.05599807	6.59264278	0.31594488
70.05999807	6.59264278	0.30013534
70.06399807	6.59264278	0.31594488
70.06799807	6.59264278	0.31594488
70.07199807	6.59264278	0.31594488
70.07599807	6.59264278	0.30013534
70.07999807	6.59264278	0.30013534
70.08399807	6.59264278	0.31594488
70.08799807	6.59264278	0.31594488
70.09199807	6.59264278	0.31594488
70.09599807	6.59264278	0.31594488
70.09999807	6.59264278	0.30013534
70.10399807	6.59264278	0.31594488
70.10799807	6.59264278	0.30013534
70.11199807	6.59264278	0.31594488
70.11599807	6.59264278	0.31594488
70.11999807	6.59264278	0.31594488
70.12399807	6.59264278	0.30013534
70.12799807	6.59264278	0.31594488
70.13199807	6.59264278	0.30013534
70.13599807	6.59264278	0.31594488
70.13999807	6.59264278	0.31594488
70.14399807	6.59264278	0.31594488
70.14799807	6.59264278	0.31594488
70.15199807	6.59264278	0.31594488
70.15599807	6.59264278	0.31594488
70.15999807	6.43147135	0.30013534
70.16399807	6.59264278	0.30013534
70.16799807	6.75319862	0.31594488
70.17199807	6.75319862	0.30013534
70.17599807	6.59264278	0.31594488
70.17999807	6.59264278	0.30013534
70.18399807	6.59264278	0.30013534
70.18799807	6.59264278	0.30013534
70.19199807	6.59264278	0.31594488
70.19599807	6.59264278	0.31594488
70.19999807	6.75319862	0.31594488
70.20399807	6.59264278	0.31594488
70.20799807	6.59264278	0.30013534
70.21199807	6.43147135	0.30013534
70.21599807	6.59264278	0.30013534
70.21999807	6.59264278	0.31594488
70.22399807	6.59264278	0.31594488
70.22799807	6.59264278	0.30013534
70.23199807	6.59264278	0.31594488
70.23599807	6.59264278	0.30013534
70.23999807	6.59264278	0.31594488
70.24399807	6.59264278	0.31594488
70.24799807	6.59264278	0.31594488
70.25199807	6.59264278	0.30013534
70.25599807	6.75319862	0.31594488
70.25999807	6.59264278	0.31594488
70.26399807	6.59264278	0.31594488
70.26799807	6.43147135	0.30013534
70.27199807	6.59264278	0.30013534
70.27599807	6.75319862	0.31594488
70.27999807	6.75319862	0.31594488
70.28399807	6.59264278	0.30013534
70.28799807	6.59264278	0.31594488
70.29199807	6.59264278	0.30013534
70.29599807	6.59264278	0.31594488
70.29999807	6.59264278	0.30013534
70.30399807	6.59264278	0.31594488
70.30799807	6.59264278	0.30013534
70.31199807	6.59264278	0.31594488
70.31599807	6.59264278	0.30013534
70.31999807	6.59264278	0.30013534
70.32399807	6.59264278	0.30013534
70.32799807	6.59264278	0.31594488
70.33199807	6.59264278	0.31594488
70.33599806	6.59264278	0.31594488
70.33999806	6.59264278	0.30013534
70.34399806	6.59264278	0.31594488
70.34799806	6.59264278	0.30013534
70.35199806	6.59264278	0.30013534
70.35599806	6.59264278	0.30013534
70.35999806	6.59264278	0.30013534
70.36399806	6.59264278	0.30013534
70.36799806	6.59264278	0.30013534
70.37199806	6.59264278	0.30013534
70.37599806	6.59264278	0.30013534
70.37999806	6.59264278	0.30013534
70.38399806	6.59264278	0.30013534
70.38799806	6.59264278	0.30013534
70.39199806	6.59264278	0.31594488
70.39599806	6.59264278	0.31594488
70.39999806	6.59264278	0.30013534
70.40399806	6.59264278	0.30013534
70.40799806	6.59264278	0.30013534
70.41199806	6.59264278	0.30013534
70.41599806	6.75319862	0.31594488
70.41999806	6.59264278	0.31594488
70.42399806	6.59264278	0.30013534
70.42799806	6.59264278	0.30013534
70.43199806	6.59264278	0.30013534
70.43599806	6.59264278	0.30013534
70.43999806	6.75319862	0.31594488
70.44399806	6.59264278	0.30013534
70.44799806	6.59264278	0.30013534
70.45199806	6.59264278	0.30013534
70.45599806	6.59264278	0.30013534
70.45999806	6.59264278	0.30013534
70.46399806	6.59264278	0.31594488
70.46799806	6.59264278	0.31594488
70.47199806	6.59264278	0.30013534
70.47599806	6.59264278	0.30013534
70.47999806	6.59264278	0.30013534
70.48399806	6.75319862	0.30013534
70.48799806	6.75319862	0.30013534
70.49199806	6.59264278	0.30013534
70.49599806	6.59264278	0.30013534
70.49999806	6.59264278	0.30013534
70.50399806	6.59264278	0.30013534
70.50799806	6.59264278	0.30013534
70.51199806	6.75319862	0.30013534
70.51599806	6.59264278	0.31594488
70.51999806	6.75319862	0.30013534
70.52399806	6.59264278	0.30013534
70.52799806	6.59264278	0.30013534
70.53199806	6.59264278	0.30013534
70.53599806	6.59264278	0.30013534
70.53999806	6.59264278	0.30013534
70.54399806	6.75319862	0.30013534
70.54799806	6.59264278	0.30013534
70.55199806	6.59264278	0.30013534
70.55599806	6.59264278	0.30013534
70.55999806	6.59264278	0.30013534
70.56399806	6.75319862	0.30013534
70.56799806	6.75319862	0.30013534
70.57199806	6.59264278	0.30013534
70.57599806	6.59264278	0.30013534
70.57999806	6.59264278	0.30013534
70.58399806	6.59264278	0.30013534
70.58799806	6.59264278	0.30013534
70.59199806	6.59264278	0.30013534
70.59599806	6.59264278	0.30013534
70.59999806	6.75319862	0.30013534
70.60399806	6.59264278	0.30013534
70.60799806	6.59264278	0.30013534
70.61199806	6.59264278	0.30013534
70.61599806	6.75319862	0.30013534
70.61999806	6.75319862	0.30013534
70.62399806	6.59264278	0.30013534
70.62799806	6.59264278	0.30013534
70.63199806	6.59264278	0.30013534
70.63599806	6.75319862	0.30013534
70.63999806	6.75319862	0.30013534
70.64399806	6.75319862	0.30013534
70.64799806	6.59264278	0.30013534
70.65199806	6.59264278	0.30013534
70.65599806	6.75319862	0.30013534
70.65999806	6.75319862	0.30013534
70.66399806	6.59264278	0.30013534
70.66799806	6.59264278	0.30013534
70.67199806	6.59264278	0.30013534
70.67599806	6.75319862	0.30013534
70.67999806	6.59264278	0.30013534
70.68399806	6.75319862	0.30013534
70.68799805	6.75319862	0.30013534
70.69199805	6.59264278	0.30013534
70.69599805	6.59264278	0.30013534
70.69999805	6.59264278	0.30013534
70.70399805	6.75319862	0.30013534
70.70799805	6.75319862	0.30013534
70.71199805	6.59264278	0.30013534
70.71599805	6.59264278	0.30013534
70.71999805	6.75319862	0.30013534
70.72399805	6.75319862	0.30013534
70.72799805	6.59264278	0.30013534
70.73199805	6.59264278	0.30013534
70.73599805	6.75319862	0.30013534
70.73999805	6.75319862	0.30013534
70.74399805	6.75319862	0.30013534
70.74799805	6.59264278	0.30013534
70.75199805	6.59264278	0.30013534
70.75599805	6.75319862	0.30013534
70.75999805	6.75319862	0.31594488
70.76399805	6.59264278	0.30013534
70.76799805	6.59264278	0.30013534
70.77199805	6.75319862	0.30013534
70.77599805	6.75319862	0.30013534
70.77999805	6.59264278	0.30013534
70.78399805	6.59264278	0.30013534
70.78799805	6.75319862	0.30013534
70.79199805	6.75319862	0.30013534
70.79599805	6.75319862	0.30013534
70.79999805	6.59264278	0.30013534
70.80399805	6.75319862	0.30013534
70.80799805	6.75319862	0.30013534
70.81199805	6.59264278	0.30013534
70.81599805	6.59264278	0.30013534
70.81999805	6.59264278	0.30013534
70.82399805	6.75319862	0.30013534
70.82799805	6.75319862	0.30013534
70.83199805	6.59264278	0.30013534
70.83599805	6.59264278	0.30013534
70.83999805	6.75319862	0.30013534
70.84399805	6.75319862	0.30013534
70.84799805	6.75319862	0.30013534
70.85199805	6.59264278	0.30013534
70.85599805	6.75319862	0.30013534
70.85999805	6.59264278	0.30013534
70.86399805	6.59264278	0.30013534
70.86799805	6.59264278	0.30013534
70.87199805	6.75319862	0.30013534
70.87599805	6.75319862	0.30013534
70.87999805	6.59264278	0.30013534
70.88399805	6.59264278	0.30013534
70.88799805	6.59264278	0.30013534
70.89199805	6.75319862	0.30013534
70.89599805	6.59264278	0.30013534
70.89999805	6.59264278	0.30013534
70.90399805	6.75319862	0.30013534
70.90799805	6.75319862	0.30013534
70.91199805	6.75319862	0.30013534
70.91599805	6.59264278	0.30013534
70.91999805	6.59264278	0.30013534
70.92399805	6.59264278	0.30013534
70.92799805	6.75319862	0.30013534
70.93199805	6.75319862	0.30013534
70.93599805	6.75319862	0.30013534
70.93999805	6.59264278	0.30013534
70.94399805	6.75319862	0.30013534
70.94799805	6.75319862	0.30013534
70.95199805	6.75319862	0.30013534
70.95599805	6.59264278	0.30013534
70.95999805	6.75319862	0.30013534
70.96399805	6.75319862	0.30013534
70.96799805	6.75319862	0.30013534
70.97199805	6.59264278	0.30013534
70.97599805	6.75319862	0.30013534
70.97999805	6.75319862	0.30013534
70.98399805	6.59264278	0.30013534
70.98799805	6.59264278	0.30013534
70.99199805	6.75319862	0.30013534
70.99599805	6.75319862	0.30013534
70.99999805	6.75319862	0.30013534
71.00399805	6.59264278	0.30013534
71.00799805	6.59264278	0.30013534
71.01199805	6.75319862	0.30013534
71.01599805	6.75319862	0.30013534
71.01999805	6.75319862	0.30013534
71.02399805	6.59264278	0.30013534
71.02799805	6.75319862	0.30013534
71.03199805	6.75319862	0.30013534
71.03599805	6.75319862	0.30013534
71.03999805	6.75319862	0.30013534
71.04399804	6.75319862	0.30013534
71.04799804	6.75319862	0.30013534
71.05199804	6.75319862	0.30013534
71.05599804	6.75319862	0.30013534
71.05999804	6.75319862	0.30013534
71.06399804	6.75319862	0.30013534
71.06799804	6.75319862	0.30013534
71.07199804	6.75319862	0.30013534
71.07599804	6.75319862	0.30013534
71.07999804	6.75319862	0.30013534
71.08399804	6.75319862	0.30013534
71.08799804	6.75319862	0.30013534
71.09199804	6.75319862	0.30013534
71.09599804	6.75319862	0.30013534
71.09999804	6.75319862	0.30013534
71.10399804	6.75319862	0.30013534
71.10799804	6.59264278	0.30013534
71.11199804	6.75319862	0.30013534
71.11599804	6.75319862	0.30013534
71.11999804	6.75319862	0.30013534
71.12399804	6.75319862	0.30013534
71.12799804	6.75319862	0.30013534
71.13199804	6.75319862	0.30013534
71.13599804	6.75319862	0.30013534
71.13999804	6.75319862	0.30013534
71.14399804	6.59264278	0.30013534
71.14799804	6.75319862	0.30013534
71.15199804	6.75319862	0.30013534
71.15599804	6.75319862	0.30013534
71.15999804	6.59264278	0.30013534
71.16399804	6.59264278	0.30013534
71.16799804	6.75319862	0.30013534
71.17199804	6.75319862	0.30013534
71.17599804	6.75319862	0.30013534
71.17999804	6.59264278	0.30013534
71.18399804	6.59264278	0.30013534
71.18799804	6.75319862	0.30013534
71.19199804	6.75319862	0.30013534
71.19599804	6.59264278	0.30013534
71.19999804	6.59264278	0.30013534
71.20399804	6.59264278	0.30013534
71.20799804	6.75319862	0.30013534
71.21199804	6.75319862	0.30013534
71.21599804	6.59264278	0.30013534
71.21999804	6.75319862	0.30013534
71.22399804	6.75319862	0.30013534
71.22799804	6.59264278	0.30013534
71.23199804	6.59264278	0.30013534
71.23599804	6.59264278	0.30013534
71.23999804	6.75319862	0.30013534
71.24399804	6.75319862	0.30013534
71.24799804	6.59264278	0.30013534
71.25199804	6.59264278	0.30013534
71.25599804	6.59264278	0.30013534
71.25999804	6.59264278	0.30013534
71.26399804	6.75319862	0.30013534
71.26799804	6.75319862	0.30013534
71.27199804	6.75319862	0.30013534
71.27599804	6.59264278	0.30013534
71.27999804	6.59264278	0.30013534
71.28399804	6.59264278	0.30013534
71.28799804	6.59264278	0.30013534
71.29199804	6.59264278	0.30013534
71.29599804	6.75319862	0.30013534
71.29999804	6.75319862	0.30013534
71.30399804	6.59264278	0.30013534
71.30799804	6.59264278	0.30013534
71.31199804	6.59264278	0.30013534
71.31599804	6.59264278	0.30013534
71.31999804	6.59264278	0.30013534
71.32399804	6.59264278	0.30013534
71.32799804	6.75319862	0.30013534
71.33199804	6.75319862	0.30013534
71.33599804	6.59264278	0.30013534
71.33999804	6.59264278	0.30013534
71.34399804	6.59264278	0.30013534
71.34799804	6.59264278	0.30013534
71.35199804	6.75319862	0.30013534
71.35599804	6.75319862	0.30013534
71.35999804	6.59264278	0.30013534
71.36399804	6.59264278	0.30013534
71.36799804	6.59264278	0.30013534
71.37199804	6.59264278	0.30013534
71.37599804	6.75319862	0.30013534
71.37999804	6.59264278	0.30013534
71.38399804	6.59264278	0.30013534
71.38799804	6.75319862	0.30013534
71.39199804	6.59264278	0.30013534
71.39599803	6.59264278	0.30013534
71.39999803	6.75319862	0.30013534
71.40399803	6.59264278	0.30013534
71.40799803	6.59264278	0.30013534
71.41199803	6.59264278	0.30013534
71.41599803	6.75319862	0.30013534
71.41999803	6.75319862	0.30013534
71.42399803	6.75319862	0.30013534
71.42799803	6.59264278	0.30013534
71.43199803	6.59264278	0.30013534
71.43599803	6.59264278	0.30013534
71.43999803	6.75319862	0.30013534
71.44399803	6.75319862	0.30013534
71.44799803	6.59264278	0.30013534
71.45199803	6.59264278	0.30013534
71.45599803	6.75319862	0.30013534
71.45999803	6.75319862	0.30013534
71.46399803	6.59264278	0.30013534
71.46799803	6.59264278	0.30013534
71.47199803	6.59264278	0.30013534
71.47599803	6.75319862	0.30013534
71.47999803	6.75319862	0.30013534
71.48399803	6.59264278	0.30013534
71.48799803	6.59264278	0.30013534
71.49199803	6.59264278	0.30013534
71.49599803	6.75319862	0.30013534
71.49999803	6.59264278	0.30013534
71.50399803	6.75319862	0.30013534
71.50799803	6.75319862	0.30013534
71.51199803	6.59264278	0.30013534
71.51599803	6.59264278	0.30013534
71.51999803	6.59264278	0.30013534
71.52399803	6.75319862	0.30013534
71.52799803	6.75319862	0.30013534
71.53199803	6.75319862	0.30013534
71.53599803	6.59264278	0.30013534
71.53999803	6.59264278	0.30013534
71.54399803	6.59264278	0.30013534
71.54799803	6.59264278	0.30013534
71.55199803	6.75319862	0.30013534
71.55599803	6.75319862	0.30013534
71.55999803	6.75319862	0.30013534
71.56399803	6.75319862	0.30013534
71.56799803	6.59264278	0.30013534
71.57199803	6.59264278	0.30013534
71.57599803	6.59264278	0.30013534
71.57999803	6.75319862	0.30013534
71.58399803	6.75319862	0.30013534
71.58799803	6.75319862	0.30013534
71.59199803	6.59264278	0.30013534
71.59599803	6.59264278	0.30013534
71.59999803	6.59264278	0.30013534
71.60399803	6.59264278	0.30013534
71.60799803	6.75319862	0.30013534
71.61199803	6.75319862	0.30013534
71.61599803	6.75319862	0.30013534
71.61999803	6.59264278	0.30013534
71.62399803	6.59264278	0.30013534
71.62799803	6.59264278	0.30013534
71.63199803	6.59264278	0.30013534
71.63599803	6.75319862	0.30013534
71.63999803	6.75319862	0.30013534
71.64399803	6.75319862	0.30013534
71.64799803	6.59264278	0.30013534
71.65199803	6.59264278	0.30013534
71.65599803	6.59264278	0.30013534
71.65999803	6.59264278	0.30013534
71.66399803	6.75319862	0.30013534
71.66799803	6.75319862	0.30013534
71.67199803	6.75319862	0.30013534
71.67599803	6.59264278	0.30013534
71.67999803	6.59264278	0.30013534
71.68399803	6.59264278	0.30013534
71.68799803	6.75319862	0.30013534
71.69199803	6.75319862	0.30013534
71.69599803	6.75319862	0.30013534
71.69999803	6.75319862	0.30013534
71.70399803	6.75319862	0.30013534
71.70799803	6.59264278	0.28438729
71.71199803	6.59264278	0.30013534
71.71599803	6.75319862	0.30013534
71.71999803	6.75319862	0.30013534
71.72399803	6.75319862	0.30013534
71.72799803	6.75319862	0.30013534
71.73199803	6.59264278	0.30013534
71.73599803	6.75319862	0.30013534
71.73999803	6.75319862	0.30013534
71.74399803	6.75319862	0.30013534
71.74799803	6.75319862	0.30013534
71.75199802	6.75319862	0.30013534
71.75599802	6.75319862	0.30013534
71.75999802	6.75319862	0.30013534
71.76399802	6.75319862	0.30013534
71.76799802	6.75319862	0.30013534
71.77199802	6.75319862	0.30013534
71.77599802	6.75319862	0.30013534
71.77999802	6.75319862	0.30013534
71.78399802	6.75319862	0.30013534
71.78799802	6.75319862	0.30013534
71.79199802	6.75319862	0.30013534
71.79599802	6.75319862	0.30013534
71.79999802	6.75319862	0.30013534
71.80399802	6.59264278	0.30013534
71.80799802	6.75319862	0.30013534
71.81199802	6.75319862	0.30013534
71.81599802	6.75319862	0.30013534
71.81999802	6.75319862	0.30013534
71.82399802	6.75319862	0.30013534
71.82799802	6.75319862	0.30013534
71.83199802	6.75319862	0.30013534
71.83599802	6.75319862	0.30013534
71.83999802	6.75319862	0.30013534
71.84399802	6.75319862	0.30013534
71.84799802	6.75319862	0.30013534
71.85199802	6.75319862	0.30013534
71.85599802	6.59264278	0.30013534
71.85999802	6.59264278	0.30013534
71.86399802	6.75319862	0.30013534
71.86799802	6.75319862	0.28438729
71.87199802	6.75319862	0.30013534
71.87599802	6.75319862	0.30013534
71.87999802	6.59264278	0.30013534
71.88399802	6.59264278	0.30013534
71.88799802	6.75319862	0.30013534
71.89199802	6.75319862	0.30013534
71.89599802	6.75319862	0.30013534
71.89999802	6.75319862	0.30013534
71.90399802	6.75319862	0.30013534
71.90799802	6.75319862	0.28438729
71.91199802	6.75319862	0.30013534
71.91599802	6.75319862	0.30013534
71.91999802	6.75319862	0.30013534
71.92399802	6.75319862	0.30013534
71.92799802	6.75319862	0.30013534
71.93199802	6.75319862	0.30013534
71.93599802	6.75319862	0.30013534
71.93999802	6.75319862	0.30013534
71.94399802	6.75319862	0.30013534
71.94799802	6.75319862	0.30013534
71.95199802	6.75319862	0.30013534
71.95599802	6.75319862	0.30013534
71.95999802	6.75319862	0.30013534
71.96399802	6.75319862	0.30013534
71.96799802	6.75319862	0.30013534
71.97199802	6.75319862	0.30013534
71.97599802	6.75319862	0.30013534
71.97999802	6.75319862	0.28438729
71.98399802	6.59264278	0.30013534
71.98799802	6.75319862	0.28438729
71.99199802	6.91437006	0.30013534
71.99599802	6.75319862	0.30013534
71.99999802	6.75319862	0.30013534
72.00399802	6.75319862	0.30013534
72.00799802	6.75319862	0.30013534
72.01199802	6.75319862	0.30013534
72.01599802	6.75319862	0.30013534
72.01999802	6.75319862	0.30013534
72.02399802	6.75319862	0.30013534
72.02799802	6.75319862	0.30013534
72.03199802	6.59264278	0.30013534
72.03599802	6.75319862	0.30013534
72.03999802	6.75319862	0.30013534
72.04399802	6.75319862	0.30013534
72.04799802	6.75319862	0.30013534
72.05199802	6.75319862	0.30013534
72.05599802	6.75319862	0.30013534
72.05999802	6.75319862	0.28438729
72.06399802	6.91437006	0.30013534
72.06799802	6.75319862	0.30013534
72.07199802	6.75319862	0.30013534
72.07599802	6.75319862	0.28438729
72.07999802	6.75319862	0.30013534
72.08399802	6.75319862	0.30013534
72.08799802	6.75319862	0.30013534
72.09199802	6.75319862	0.28438729
72.09599802	6.75319862	0.30013534
72.09999802	6.75319862	0.30013534
72.10399801	6.75319862	0.30013534
72.10799801	6.75319862	0.28438729
72.11199801	6.75319862	0.30013534
72.11599801	6.75319862	0.30013534
72.11999801	6.75319862	0.30013534
72.12399801	6.75319862	0.28438729
72.12799801	6.75319862	0.28438729
72.13199801	6.75319862	0.28438729
72.13599801	6.75319862	0.28438729
72.13999801	6.75319862	0.30013534
72.14399801	6.75319862	0.30013534
72.14799801	6.75319862	0.30013534
72.15199801	6.75319862	0.28438729
72.15599801	6.75319862	0.28438729
72.15999801	6.75319862	0.28438729
72.16399801	6.75319862	0.30013534
72.16799801	6.75319862	0.30013534
72.17199801	6.75319862	0.30013534
72.17599801	6.75319862	0.30013534
72.17999801	6.75319862	0.30013534
72.18399801	6.75319862	0.30013534
72.18799801	6.75319862	0.30013534
72.19199801	6.75319862	0.30013534
72.19599801	6.75319862	0.30013534
72.19999801	6.75319862	0.30013534
72.20399801	6.75319862	0.28438729
72.20799801	6.75319862	0.28438729
72.21199801	6.75319862	0.30013534
72.21599801	6.75319862	0.30013534
72.21999801	6.75319862	0.30013534
72.22399801	6.75319862	0.30013534
72.22799801	6.59264278	0.28438729
72.23199801	6.75319862	0.28438729
72.23599801	6.75319862	0.28438729
72.23999801	6.75319862	0.30013534
72.24399801	6.75319862	0.30013534
72.24799801	6.59264278	0.28438729
72.25199801	6.75319862	0.28438729
72.25599801	6.75319862	0.28438729
72.25999801	6.75319862	0.30013534
72.26399801	6.75319862	0.30013534
72.26799801	6.75319862	0.30013534
72.27199801	6.75319862	0.30013534
72.27599801	6.59264278	0.30013534
72.27999801	6.59264278	0.30013534
72.28399801	6.75319862	0.30013534
72.28799801	6.75319862	0.30013534
72.29199801	6.75319862	0.30013534
72.29599801	6.75319862	0.30013534
72.29999801	6.75319862	0.28438729
72.30399801	6.59264278	0.28438729
72.30799801	6.59264278	0.28438729
72.31199801	6.59264278	0.30013534
72.31599801	6.75319862	0.28438729
72.31999801	6.75319862	0.30013534
72.32399801	6.75319862	0.30013534
72.32799801	6.59264278	0.30013534
72.33199801	6.59264278	0.28438729
72.33599801	6.75319862	0.30013534
72.33999801	6.59264278	0.28438729
72.34399801	6.75319862	0.30013534
72.34799801	6.75319862	0.28438729
72.35199801	6.75319862	0.30013534
72.35599801	6.75319862	0.30013534
72.35999801	6.59264278	0.30013534
72.36399801	6.59264278	0.28438729
72.36799801	6.75319862	0.30013534
72.37199801	6.75319862	0.28438729
72.37599801	6.75319862	0.30013534
72.37999801	6.75319862	0.28438729
72.38399801	6.75319862	0.30013534
72.38799801	6.59264278	0.28438729
72.39199801	6.75319862	0.30013534
72.39599801	6.75319862	0.30013534
72.39999801	6.75319862	0.30013534
72.40399801	6.75319862	0.30013534
72.40799801	6.75319862	0.30013534
72.41199801	6.75319862	0.28438729
72.41599801	6.75319862	0.30013534
72.41999801	6.75319862	0.28438729
72.42399801	6.75319862	0.30013534
72.42799801	6.75319862	0.28438729
72.43199801	6.75319862	0.28438729
72.43599801	6.75319862	0.28438729
72.43999801	6.75319862	0.28438729
72.44399801	6.75319862	0.30013534
72.44799801	6.75319862	0.30013534
72.45199801	6.75319862	0.28438729
72.45599800	6.75319862	0.30013534
72.45999800	6.59264278	0.28438729
72.46399800	6.59264278	0.28438729
72.46799800	6.75319862	0.28438729
72.47199800	6.75319862	0.30013534
72.47599800	6.75319862	0.28438729
72.47999800	6.75319862	0.28438729
72.48399800	6.75319862	0.28438729
72.48799800	6.75319862	0.30013534
72.49199800	6.75319862	0.30013534
72.49599800	6.59264278	0.28438729
72.49999800	6.59264278	0.28438729
72.50399800	6.75319862	0.28438729
72.50799800	6.75319862	0.28438729
72.51199800	6.75319862	0.28438729
72.51599800	6.59264278	0.28438729
72.51999800	6.75319862	0.30013534
72.52399800	6.75319862	0.28438729
72.52799800	6.59264278	0.28438729
72.53199800	6.75319862	0.28438729
72.53599800	6.75319862	0.30013534
72.53999800	6.75319862	0.28438729
72.54399800	6.59264278	0.30013534
72.54799800	6.59264278	0.28438729
72.55199800	6.75319862	0.30013534
72.55599800	6.75319862	0.28438729
72.55999800	6.75319862	0.30013534
72.56399800	6.75319862	0.30013534
72.56799800	6.75319862	0.28438729
72.57199800	6.59264278	0.28438729
72.57599800	6.59264278	0.28438729
72.57999800	6.75319862	0.28438729
72.58399800	6.75319862	0.30013534
72.58799800	6.75319862	0.30013534
72.59199800	6.75319862	0.28438729
72.59599800	6.59264278	0.28438729
72.59999800	6.75319862	0.28438729
72.60399800	6.75319862	0.28438729
72.60799800	6.75319862	0.28438729
72.61199800	6.75319862	0.28438729
72.61599800	6.75319862	0.28438729
72.61999800	6.75319862	0.28438729
72.62399800	6.75319862	0.28438729
72.62799800	6.75319862	0.28438729
72.63199800	6.75319862	0.28438729
72.63599800	6.75319862	0.28438729
72.63999800	6.75319862	0.28438729
72.64399800	6.75319862	0.28438729
72.64799800	6.59264278	0.28438729
72.65199800	6.75319862	0.28438729
72.65599800	6.75319862	0.28438729
72.65999800	6.75319862	0.28438729
72.66399800	6.75319862	0.30013534
72.66799800	6.59264278	0.28438729
72.67199800	6.75319862	0.28438729
72.67599800	6.75319862	0.28438729
72.67999800	6.75319862	0.30013534
72.68399800	6.59264278	0.28438729
72.68799800	6.75319862	0.28438729
72.69199800	6.75319862	0.28438729
72.69599800	6.75319862	0.28438729
72.69999800	6.75319862	0.28438729
72.70399800	6.75319862	0.28438729
72.70799800	6.75319862	0.28438729
72.71199800	6.75319862	0.30013534
72.71599800	6.59264278	0.28438729
72.71999800	6.75319862	0.28438729
72.72399800	6.75319862	0.28438729
72.72799800	6.75319862	0.28438729
72.73199800	6.75319862	0.28438729
72.73599800	6.75319862	0.28438729
72.73999800	6.75319862	0.28438729
72.74399800	6.75319862	0.28438729
72.74799800	6.75319862	0.28438729
72.75199800	6.75319862	0.28438729
72.75599800	6.75319862	0.28438729
72.75999800	6.75319862	0.30013534
72.76399800	6.59264278	0.28438729
72.76799800	6.75319862	0.28438729
72.77199800	6.75319862	0.28438729
72.77599800	6.75319862	0.30013534
72.77999800	6.75319862	0.28438729
72.78399800	6.75319862	0.28438729
72.78799800	6.75319862	0.28438729
72.79199800	6.75319862	0.28438729
72.79599800	6.75319862	0.28438729
72.79999800	6.75319862	0.28438729
72.80399800	6.59264278	0.28438729
72.80799800	6.75319862	0.28438729
72.81199799	6.75319862	0.28438729
72.81599799	6.75319862	0.28438729
72.81999799	6.75319862	0.28438729
72.82399799	6.59264278	0.30013534
72.82799799	6.75319862	0.28438729
72.83199799	6.75319862	0.28438729
72.83599799	6.75319862	0.28438729
72.83999799	6.75319862	0.28438729
72.84399799	6.75319862	0.28438729
72.84799799	6.75319862	0.28438729
72.85199799	6.59264278	0.28438729
72.85599799	6.59264278	0.28438729
72.85999799	6.75319862	0.28438729
72.86399799	6.91437006	0.30013534
72.86799799	6.75319862	0.28438729
72.87199799	6.59264278	0.28438729
72.87599799	6.59264278	0.28438729
72.87999799	6.75319862	0.28438729
72.88399799	6.75319862	0.28438729
72.88799799	6.75319862	0.28438729
72.89199799	6.75319862	0.28438729
72.89599799	6.75319862	0.28438729
72.89999799	6.59264278	0.28438729
72.90399799	6.59264278	0.28438729
72.90799799	6.75319862	0.28438729
72.91199799	6.75319862	0.30013534
72.91599799	6.75319862	0.28438729
72.91999799	6.59264278	0.30013534
72.92399799	6.59264278	0.28438729
72.92799799	6.75319862	0.28438729
72.93199799	6.75319862	0.28438729
72.93599799	6.75319862	0.30013534
72.93999799	6.59264278	0.28438729
72.94399799	6.75319862	0.28438729
72.94799799	6.75319862	0.28438729
72.95199799	6.75319862	0.28438729
72.95599799	6.59264278	0.28438729
72.95999799	6.59264278	0.28438729
72.96399799	6.75319862	0.28438729
72.96799799	6.75319862	0.28438729
72.97199799	6.75319862	0.28438729
72.97599799	6.59264278	0.28438729
72.97999799	6.75319862	0.28438729
72.98399799	6.75319862	0.30013534
72.98799799	6.75319862	0.28438729
72.99199799	6.59264278	0.28438729
72.99599799	6.59264278	0.28438729
72.99999799	6.75319862	0.28438729
73.00399799	6.75319862	0.28438729
73.00799799	6.75319862	0.28438729
73.01199799	6.59264278	0.28438729
73.01599799	6.75319862	0.28438729
73.01999799	6.75319862	0.28438729
73.02399799	6.75319862	0.28438729
73.02799799	6.75319862	0.28438729
73.03199799	6.75319862	0.28438729
73.03599799	6.75319862	0.28438729
73.03999799	6.75319862	0.28438729
73.04399799	6.59264278	0.28438729
73.04799799	6.75319862	0.28438729
73.05199799	6.75319862	0.28438729
73.05599799	6.75319862	0.28438729
73.05999799	6.59264278	0.28438729
73.06399799	6.59264278	0.28438729
73.06799799	6.75319862	0.28438729
73.07199799	6.75319862	0.28438729
73.07599799	6.75319862	0.28438729
73.07999799	6.75319862	0.28438729
73.08399799	6.75319862	0.28438729
73.08799799	6.59264278	0.28438729
73.09199799	6.59264278	0.28438729
73.09599799	6.75319862	0.28438729
73.09999799	6.75319862	0.28438729
73.10399799	6.75319862	0.28438729
73.10799799	6.75319862	0.28438729
73.11199799	6.75319862	0.28438729
73.11599799	6.75319862	0.28438729
73.11999799	6.75319862	0.28438729
73.12399799	6.75319862	0.28438729
73.12799799	6.75319862	0.28438729
73.13199799	6.75319862	0.28438729
73.13599799	6.75319862	0.28438729
73.13999799	6.75319862	0.28438729
73.14399799	6.75319862	0.28438729
73.14799799	6.75319862	0.28438729
73.15199799	6.75319862	0.28438729
73.15599799	6.75319862	0.28438729
73.15999799	6.75319862	0.28438729
73.16399798	6.75319862	0.28438729
73.16799798	6.75319862	0.28438729
73.17199798	6.75319862	0.28438729
73.17599798	6.75319862	0.28438729
73.17999798	6.75319862	0.28438729
73.18399798	6.75319862	0.28438729
73.18799798	6.75319862	0.28438729
73.19199798	6.75319862	0.28438729
73.19599798	6.75319862	0.28438729
73.19999798	6.75319862	0.28438729
73.20399798	6.75319862	0.28438729
73.20799798	6.75319862	0.28438729
73.21199798	6.59264278	0.28438729
73.21599798	6.75319862	0.28438729
73.21999798	6.75319862	0.28438729
73.22399798	6.75319862	0.28438729
73.22799798	6.75319862	0.28438729
73.23199798	6.75319862	0.28438729
73.23599798	6.75319862	0.28438729
73.23999798	6.75319862	0.28438729
73.24399798	6.59264278	0.28438729
73.24799798	6.75319862	0.28438729
73.25199798	6.75319862	0.28438729
73.25599798	6.91437006	0.28438729
73.25999798	6.75319862	0.28438729
73.26399798	6.75319862	0.28438729
73.26799798	6.75319862	0.28438729
73.27199798	6.75319862	0.28438729
73.27599798	6.75319862	0.28438729
73.27999798	6.75319862	0.28438729
73.28399798	6.75319862	0.28438729
73.28799798	6.75319862	0.28438729
73.29199798	6.75319862	0.28438729
73.29599798	6.59264278	0.28438729
73.29999798	6.75319862	0.28438729
73.30399798	6.75319862	0.28438729
73.30799798	6.91437006	0.28438729
73.31199798	6.75319862	0.28438729
73.31599798	6.75319862	0.28438729
73.31999798	6.75319862	0.28438729
73.32399798	6.75319862	0.28438729
73.32799798	6.75319862	0.28438729
73.33199798	6.75319862	0.28438729
73.33599798	6.75319862	0.28438729
73.33999798	6.91437006	0.28438729
73.34399798	6.75319862	0.28438729
73.34799798	6.75319862	0.28438729
73.35199798	6.59264278	0.28438729
73.35599798	6.75319862	0.28438729
73.35999798	6.75319862	0.28438729
73.36399798	6.91437006	0.28438729
73.36799798	6.91437006	0.28438729
73.37199798	6.75319862	0.28438729
73.37599798	6.75319862	0.28438729
73.37999798	6.75319862	0.28438729
73.38399798	6.75319862	0.28438729
73.38799798	6.75319862	0.28438729
73.39199798	6.91437006	0.28438729
73.39599798	6.91437006	0.28438729
73.39999798	6.75319862	0.28438729
73.40399798	6.75319862	0.28438729
73.40799798	6.75319862	0.28438729
73.41199798	6.75319862	0.28438729
73.41599798	6.75319862	0.28438729
73.41999798	6.91437006	0.28438729
73.42399798	6.91437006	0.28438729
73.42799798	6.75319862	0.28438729
73.43199798	6.75319862	0.28438729
73.43599798	6.75319862	0.28438729
73.43999798	6.75319862	0.28438729
73.44399798	6.75319862	0.28438729
73.44799798	6.75319862	0.28438729
73.45199798	6.75319862	0.28438729
73.45599798	6.75319862	0.28438729
73.45999798	6.75319862	0.28438729
73.46399798	6.75319862	0.28438729
73.46799798	6.75319862	0.28438729
73.47199798	6.91437006	0.28438729
73.47599798	6.75319862	0.28438729
73.47999798	6.75319862	0.28438729
73.48399798	6.75319862	0.28438729
73.48799798	6.75319862	0.28438729
73.49199798	6.91437006	0.28438729
73.49599798	6.75319862	0.28438729
73.49999798	6.75319862	0.28438729
73.50399798	6.75319862	0.28438729
73.50799798	6.75319862	0.28438729
73.51199798	6.75319862	0.28438729
73.51599798	6.75319862	0.28438729
73.51999797	6.75319862	0.28438729
73.52399797	6.75319862	0.28438729
73.52799797	6.75319862	0.28438729
73.53199797	6.75319862	0.28438729
73.53599797	6.75319862	0.28438729
73.53999797	6.75319862	0.28438729
73.54399797	6.75319862	0.28438729
73.54799797	6.75319862	0.28438729
73.55199797	6.75319862	0.28438729
73.55599797	6.75319862	0.28438729
73.55999797	6.75319862	0.28438729
73.56399797	6.75319862	0.28438729
73.56799797	6.75319862	0.28438729
73.57199797	6.75319862	0.28438729
73.57599797	6.75319862	0.28438729
73.57999797	6.75319862	0.28438729
73.58399797	6.75319862	0.28438729
73.58799797	6.75319862	0.28438729
73.59199797	6.75319862	0.28438729
73.59599797	6.75319862	0.28438729
73.59999797	6.75319862	0.28438729
73.60399797	6.75319862	0.28438729
73.60799797	6.75319862	0.28438729
73.61199797	6.75319862	0.28438729
73.61599797	6.75319862	0.28438729
73.61999797	6.75319862	0.28438729
73.62399797	6.91437006	0.28438729
73.62799797	6.75319862	0.28438729
73.63199797	6.75319862	0.28438729
73.63599797	6.75319862	0.28438729
73.63999797	6.75319862	0.28438729
73.64399797	6.75319862	0.28438729
73.64799797	6.75319862	0.28438729
73.65199797	6.75319862	0.28438729
73.65599797	6.75319862	0.28438729
73.65999797	6.75319862	0.28438729
73.66399797	6.75319862	0.28438729
73.66799797	6.75319862	0.28438729
73.67199797	6.75319862	0.28438729
73.67599797	6.75319862	0.28438729
73.67999797	6.75319862	0.28438729
73.68399797	6.75319862	0.28438729
73.68799797	6.75319862	0.28438729
73.69199797	6.75319862	0.28438729
73.69599797	6.75319862	0.28438729
73.69999797	6.75319862	0.28438729
73.70399797	6.75319862	0.28438729
73.70799797	6.75319862	0.28438729
73.71199797	6.75319862	0.28438729
73.71599797	6.75319862	0.28438729
73.71999797	6.75319862	0.28438729
73.72399797	6.75319862	0.28438729
73.72799797	6.75319862	0.28438729
73.73199797	6.75319862	0.28438729
73.73599797	6.75319862	0.28438729
73.73999797	6.75319862	0.28438729
73.74399797	6.75319862	0.28438729
73.74799797	6.75319862	0.28438729
73.75199797	6.75319862	0.28438729
73.75599797	6.75319862	0.28438729
73.75999797	6.75319862	0.28438729
73.76399797	6.75319862	0.28438729
73.76799797	6.75319862	0.28438729
73.77199797	6.75319862	0.28438729
73.77599797	6.75319862	0.28438729
73.77999797	6.75319862	0.28438729
73.78399797	6.75319862	0.28438729
73.78799797	6.75319862	0.28438729
73.79199797	6.75319862	0.28438729
73.79599797	6.75319862	0.28438729
73.79999797	6.75319862	0.28438729
73.80399797	6.75319862	0.28438729
73.80799797	6.75319862	0.28438729
73.81199797	6.75319862	0.28438729
73.81599797	6.91437006	0.28438729
73.81999797	6.75319862	0.28438729
73.82399797	6.75319862	0.28438729
73.82799797	6.75319862	0.28438729
73.83199797	6.75319862	0.28438729
73.83599797	6.75319862	0.28438729
73.83999797	6.75319862	0.28438729
73.84399797	6.91437006	0.28438729
73.84799797	6.91437006	0.28438729
73.85199797	6.75319862	0.28438729
73.85599797	6.59264278	0.28438729
73.85999797	6.59264278	0.28438729
73.86399797	6.75319862	0.28438729
73.86799797	6.91437006	0.28438729
73.87199796	6.75319862	0.28438729
73.87599796	6.75319862	0.28438729
73.87999796	6.75319862	0.28438729
73.88399796	6.75319862	0.28438729
73.88799796	6.75319862	0.28438729
73.89199796	6.75319862	0.28438729
73.89599796	6.75319862	0.28438729
73.89999796	6.75319862	0.28438729
73.90399796	6.75319862	0.28438729
73.90799796	6.75319862	0.28438729
73.91199796	6.75319862	0.28438729
73.91599796	6.75319862	0.28438729
73.91999796	6.75319862	0.28438729
73.92399796	6.75319862	0.28438729
73.92799796	6.75319862	0.28438729
73.93199796	6.75319862	0.28438729
73.93599796	6.75319862	0.28438729
73.93999796	6.75319862	0.28438729
73.94399796	6.75319862	0.28438729
73.94799796	6.75319862	0.28438729
73.95199796	6.75319862	0.28438729
73.95599796	6.75319862	0.28438729
73.95999796	6.75319862	0.28438729
73.96399796	6.75319862	0.28438729
73.96799796	6.75319862	0.28438729
73.97199796	6.75319862	0.28438729
73.97599796	6.75319862	0.28438729
73.97999796	6.59264278	0.28438729
73.98399796	6.75319862	0.28438729
73.98799796	6.75319862	0.28438729
73.99199796	6.75319862	0.28438729
73.99599796	6.59264278	0.28438729
73.99999796	6.75319862	0.28438729
74.00399796	6.75319862	0.28438729
74.00799796	6.75319862	0.28438729
74.01199796	6.75319862	0.28438729
74.01599796	6.59264278	0.28438729
74.01999796	6.75319862	0.28438729
74.02399796	6.91437006	0.28438729
74.02799796	6.75319862	0.28438729
74.03199796	6.75319862	0.28438729
74.03599796	6.75319862	0.28438729
74.03999796	6.75319862	0.28438729
74.04399796	6.75319862	0.28438729
74.04799796	6.75319862	0.28438729
74.05199796	6.75319862	0.28438729
74.05599796	6.75319862	0.28438729
74.05999796	6.75319862	0.28438729
74.06399796	6.75319862	0.28438729
74.06799796	6.59264278	0.28438729
74.07199796	6.59264278	0.28438729
74.07599796	6.75319862	0.28438729
74.07999796	6.75319862	0.28438729
74.08399796	6.75319862	0.28438729
74.08799796	6.75319862	0.28438729
74.09199796	6.75319862	0.28438729
74.09599796	6.75319862	0.28438729
74.09999796	6.75319862	0.28438729
74.10399796	6.75319862	0.28438729
74.10799796	6.75319862	0.28438729
74.11199796	6.75319862	0.28438729
74.11599796	6.91437006	0.28438729
74.11999796	6.75319862	0.28438729
74.12399796	6.59264278	0.28438729
74.12799796	6.75319862	0.28438729
74.13199796	6.75319862	0.28438729
74.13599796	6.75319862	0.28438729
74.13999796	6.75319862	0.28438729
74.14399796	6.75319862	0.28438729
74.14799796	6.75319862	0.28438729
74.15199796	6.75319862	0.28438729
74.15599796	6.59264278	0.28438729
74.15999796	6.59264278	0.28438729
74.16399796	6.75319862	0.28438729
74.16799796	6.75319862	0.28438729
74.17199796	6.75319862	0.28438729
74.17599796	6.75319862	0.28438729
74.17999796	6.75319862	0.28438729
74.18399796	6.75319862	0.28438729
74.18799796	6.59264278	0.28438729
74.19199796	6.59264278	0.28438729
74.19599796	6.75319862	0.28438729
74.19999796	6.91437006	0.28438729
74.20399796	6.75319862	0.28438729
74.20799796	6.59264278	0.28438729
74.21199796	6.59264278	0.28438729
74.21599796	6.75319862	0.28438729
74.21999796	6.75319862	0.28438729
74.22399795	6.75319862	0.28438729
74.22799795	6.75319862	0.28438729
74.23199795	6.75319862	0.28438729
74.23599795	6.75319862	0.28438729
74.23999795	6.75319862	0.28438729
74.24399795	6.59264278	0.28438729
74.24799795	6.75319862	0.28438729
74.25199795	6.75319862	0.28438729
74.25599795	6.75319862	0.28438729
74.25999795	6.75319862	0.28438729
74.26399795	6.75319862	0.28438729
74.26799795	6.75319862	0.28438729
74.27199795	6.75319862	0.28438729
74.27599795	6.59264278	0.28438729
74.27999795	6.75319862	0.28438729
74.28399795	6.75319862	0.28438729
74.28799795	6.75319862	0.28438729
74.29199795	6.75319862	0.28438729
74.29599795	6.75319862	0.28438729
74.29999795	6.59264278	0.28438729
74.30399795	6.59264278	0.28438729
74.30799795	6.75319862	0.28438729
74.31199795	6.75319862	0.28438729
74.31599795	6.75319862	0.28438729
74.31999795	6.75319862	0.28438729
74.32399795	6.75319862	0.28438729
74.32799795	6.59264278	0.28438729
74.33199795	6.59264278	0.26857775
74.33599795	6.59264278	0.28438729
74.33999795	6.75319862	0.28438729
74.34399795	6.75319862	0.28438729
74.34799795	6.75319862	0.28438729
74.35199795	6.75319862	0.28438729
74.35599795	6.59264278	0.28438729
74.35999795	6.59264278	0.28438729
74.36399795	6.59264278	0.28438729
74.36799795	6.59264278	0.28438729
74.37199795	6.75319862	0.28438729
74.37599795	6.75319862	0.28438729
74.37999795	6.59264278	0.28438729
74.38399795	6.59264278	0.28438729
74.38799795	6.59264278	0.28438729
74.39199795	6.59264278	0.28438729
74.39599795	6.75319862	0.26857775
74.39999795	6.75319862	0.28438729
74.40399795	6.75319862	0.28438729
74.40799795	6.59264278	0.28438729
74.41199795	6.59264278	0.26857775
74.41599795	6.59264278	0.26857775
74.41999795	6.59264278	0.28438729
74.42399795	6.75319862	0.28438729
74.42799795	6.75319862	0.28438729
74.43199795	6.75319862	0.28438729
74.43599795	6.59264278	0.28438729
74.43999795	6.59264278	0.26857775
74.44399795	6.59264278	0.26857775
74.44799795	6.75319862	0.28438729
74.45199795	6.75319862	0.28438729
74.45599795	6.75319862	0.28438729
74.45999795	6.59264278	0.28438729
74.46399795	6.59264278	0.28438729
74.46799795	6.59264278	0.28438729
74.47199795	6.75319862	0.28438729
74.47599795	6.75319862	0.28438729
74.47999795	6.75319862	0.28438729
74.48399795	6.75319862	0.28438729
74.48799795	6.59264278	0.28438729
74.49199795	6.59264278	0.28438729
74.49599795	6.59264278	0.28438729
74.49999795	6.75319862	0.28438729
74.50399795	6.75319862	0.28438729
74.50799795	6.75319862	0.28438729
74.51199795	6.75319862	0.28438729
74.51599795	6.59264278	0.26857775
74.51999795	6.75319862	0.28438729
74.52399795	6.59264278	0.28438729
74.52799795	6.59264278	0.28438729
74.53199795	6.75319862	0.28438729
74.53599795	6.75319862	0.28438729
74.53999795	6.75319862	0.28438729
74.54399795	6.59264278	0.28438729
74.54799795	6.59264278	0.28438729
74.55199795	6.59264278	0.28438729
74.55599795	6.75319862	0.28438729
74.55999795	6.75319862	0.28438729
74.56399795	6.75319862	0.26857775
74.56799795	6.75319862	0.28438729
74.57199795	6.59264278	0.28438729
74.57599795	6.59264278	0.28438729
74.57999794	6.59264278	0.26857775
74.58399794	6.59264278	0.28438729
74.58799794	6.75319862	0.28438729
74.59199794	6.75319862	0.28438729
74.59599794	6.75319862	0.28438729
74.59999794	6.59264278	0.28438729
74.60399794	6.59264278	0.28438729
74.60799794	6.59264278	0.28438729
74.61199794	6.59264278	0.28438729
74.61599794	6.75319862	0.28438729
74.61999794	6.75319862	0.28438729
74.62399794	6.75319862	0.28438729
74.62799794	6.75319862	0.28438729
74.63199794	6.59264278	0.28438729
74.63599794	6.59264278	0.26857775
74.63999794	6.59264278	0.26857775
74.64399794	6.75319862	0.28438729
74.64799794	6.75319862	0.28438729
74.65199794	6.75319862	0.26857775
74.65599794	6.59264278	0.28438729
74.65999794	6.59264278	0.26857775
74.66399794	6.59264278	0.28438729
74.66799794	6.59264278	0.28438729
74.67199794	6.75319862	0.28438729
74.67599794	6.75319862	0.28438729
74.67999794	6.75319862	0.28438729
74.68399794	6.59264278	0.28438729
74.68799794	6.59264278	0.28438729
74.69199794	6.59264278	0.28438729
74.69599794	6.75319862	0.28438729
74.69999794	6.75319862	0.28438729
74.70399794	6.75319862	0.28438729
74.70799794	6.59264278	0.28438729
74.71199794	6.59264278	0.28438729
74.71599794	6.75319862	0.26857775
74.71999794	6.75319862	0.28438729
74.72399794	6.59264278	0.28438729
74.72799794	6.59264278	0.28438729
74.73199794	6.75319862	0.26857775
74.73599794	6.75319862	0.26857775
74.73999794	6.75319862	0.28438729
74.74399794	6.59264278	0.28438729
74.74799794	6.59264278	0.26857775
74.75199794	6.75319862	0.28438729
74.75599794	6.75319862	0.28438729
74.75999794	6.75319862	0.28438729
74.76399794	6.59264278	0.26857775
74.76799794	6.59264278	0.26857775
74.77199794	6.75319862	0.28438729
74.77599794	6.59264278	0.28438729
74.77999794	6.59264278	0.26857775
74.78399794	6.75319862	0.28438729
74.78799794	6.75319862	0.28438729
74.79199794	6.75319862	0.28438729
74.79599794	6.59264278	0.28438729
74.79999794	6.59264278	0.28438729
74.80399794	6.75319862	0.28438729
74.80799794	6.75319862	0.28438729
74.81199794	6.75319862	0.28438729
74.81599794	6.59264278	0.26857775
74.81999794	6.59264278	0.26857775
74.82399794	6.59264278	0.28438729
74.82799794	6.59264278	0.26857775
74.83199794	6.59264278	0.28438729
74.83599794	6.75319862	0.26857775
74.83999794	6.75319862	0.28438729
74.84399794	6.59264278	0.28438729
74.84799794	6.43147135	0.28438729
74.85199794	6.59264278	0.26857775
74.85599794	6.75319862	0.28438729
74.85999794	6.75319862	0.26857775
74.86399794	6.75319862	0.28438729
74.86799794	6.75319862	0.26857775
74.87199794	6.75319862	0.28438729
74.87599794	6.59264278	0.26857775
74.87999794	6.43147135	0.26857775
74.88399794	6.59264278	0.26857775
74.88799794	6.75319862	0.28438729
74.89199794	6.75319862	0.28438729
74.89599794	6.59264278	0.28438729
74.89999794	6.59264278	0.26857775
74.90399794	6.59264278	0.26857775
74.90799794	6.59264278	0.26857775
74.91199794	6.59264278	0.28438729
74.91599794	6.75319862	0.26857775
74.91999794	6.75319862	0.26857775
74.92399794	6.75319862	0.26857775
74.92799794	6.59264278	0.28438729
74.93199793	6.59264278	0.26857775
74.93599793	6.59264278	0.26857775
74.93999793	6.75319862	0.26857775
74.94399793	6.75319862	0.28438729
74.94799793	6.59264278	0.28438729
74.95199793	6.59264278	0.26857775
74.95599793	6.59264278	0.26857775
74.95999793	6.59264278	0.26857775
74.96399793	6.59264278	0.26857775
74.96799793	6.75319862	0.28438729
74.97199793	6.75319862	0.26857775
74.97599793	6.75319862	0.26857775
74.97999793	6.59264278	0.26857775
74.98399793	6.59264278	0.26857775
74.98799793	6.59264278	0.26857775
74.99199793	6.59264278	0.26857775
74.99599793	6.59264278	0.26857775
74.99999793	6.75319862	0.28438729
75.00399793	6.75319862	0.26857775
75.00799793	6.59264278	0.26857775
75.01199793	6.59264278	0.26857775
75.01599793	6.59264278	0.26857775
75.01999793	6.59264278	0.26857775
75.02399793	6.75319862	0.28438729
75.02799793	6.75319862	0.26857775
75.03199793	6.75319862	0.26857775
75.03599793	6.59264278	0.26857775
75.03999793	6.59264278	0.26857775
75.04399793	6.59264278	0.26857775
75.04799793	6.75319862	0.26857775
75.05199793	6.75319862	0.26857775
75.05599793	6.75319862	0.28438729
75.05999793	6.59264278	0.26857775
75.06399793	6.59264278	0.26857775
75.06799793	6.59264278	0.26857775
75.07199793	6.59264278	0.26857775
75.07599793	6.59264278	0.26857775
75.07999793	6.75319862	0.28438729
75.08399793	6.75319862	0.26857775
75.08799793	6.59264278	0.26857775
75.09199793	6.59264278	0.26857775
75.09599793	6.59264278	0.26857775
75.09999793	6.75319862	0.26857775
75.10399793	6.75319862	0.26857775
75.10799793	6.59264278	0.26857775
75.11199793	6.75319862	0.28438729
75.11599793	6.75319862	0.26857775
75.11999793	6.59264278	0.26857775
75.12399793	6.59264278	0.26857775
75.12799793	6.59264278	0.26857775
75.13199793	6.75319862	0.26857775
75.13599793	6.75319862	0.28438729
75.13999793	6.59264278	0.26857775
75.14399793	6.59264278	0.26857775
75.14799793	6.59264278	0.26857775
75.15199793	6.59264278	0.26857775
75.15599793	6.59264278	0.26857775
75.15999793	6.75319862	0.26857775
75.16399793	6.75319862	0.26857775
75.16799793	6.59264278	0.28438729
75.17199793	6.59264278	0.26857775
75.17599793	6.59264278	0.26857775
75.17999793	6.59264278	0.26857775
75.18399793	6.59264278	0.26857775
75.18799793	6.59264278	0.26857775
75.19199793	6.59264278	0.26857775
75.19599793	6.59264278	0.26857775
75.19999793	6.75319862	0.26857775
75.20399793	6.59264278	0.26857775
75.20799793	6.59264278	0.26857775
75.21199793	6.59264278	0.26857775
75.21599793	6.59264278	0.26857775
75.21999793	6.59264278	0.26857775
75.22399793	6.75319862	0.26857775
75.22799793	6.75319862	0.26857775
75.23199793	6.59264278	0.28438729
75.23599793	6.59264278	0.26857775
75.23999793	6.59264278	0.26857775
75.24399793	6.59264278	0.26857775
75.24799793	6.75319862	0.26857775
75.25199793	6.59264278	0.26857775
75.25599793	6.59264278	0.26857775
75.25999793	6.59264278	0.26857775
75.26399793	6.59264278	0.26857775
75.26799793	6.59264278	0.26857775
75.27199793	6.59264278	0.26857775
75.27599793	6.59264278	0.26857775
75.27999793	6.59264278	0.26857775
75.28399793	6.59264278	0.26857775
75.28799792	6.75319862	0.26857775
75.29199792	6.59264278	0.26857775
75.29599792	6.59264278	0.26857775
75.29999792	6.59264278	0.26857775
75.30399792	6.59264278	0.26857775
75.30799792	6.59264278	0.26857775
75.31199792	6.75319862	0.26857775
75.31599792	6.59264278	0.26857775
75.31999792	6.59264278	0.26857775
75.32399792	6.59264278	0.26857775
75.32799792	6.59264278	0.26857775
75.33199792	6.59264278	0.26857775
75.33599792	6.59264278	0.26857775
75.33999792	6.75319862	0.26857775
75.34399792	6.59264278	0.26857775
75.34799792	6.59264278	0.26857775
75.35199792	6.75319862	0.26857775
75.35599792	6.59264278	0.26857775
75.35999792	6.59264278	0.26857775
75.36399792	6.59264278	0.26857775
75.36799792	6.75319862	0.26857775
75.37199792	6.75319862	0.26857775
75.37599792	6.59264278	0.26857775
75.37999792	6.59264278	0.26857775
75.38399792	6.59264278	0.26857775
75.38799792	6.75319862	0.26857775
75.39199792	6.75319862	0.26857775
75.39599792	6.59264278	0.26857775
75.39999792	6.59264278	0.26857775
75.40399792	6.59264278	0.26857775
75.40799792	6.59264278	0.28438729
75.41199792	6.59264278	0.26857775
75.41599792	6.59264278	0.26857775
75.41999792	6.59264278	0.26857775
75.42399792	6.59264278	0.26857775
75.42799792	6.59264278	0.26857775
75.43199792	6.59264278	0.26857775
75.43599792	6.59264278	0.26857775
75.43999792	6.59264278	0.26857775
75.44399792	6.59264278	0.26857775
75.44799792	6.59264278	0.26857775
75.45199792	6.59264278	0.26857775
75.45599792	6.59264278	0.26857775
75.45999792	6.59264278	0.26857775
75.46399792	6.75319862	0.26857775
75.46799792	6.75319862	0.26857775
75.47199792	6.59264278	0.26857775
75.47599792	6.75319862	0.26857775
75.47999792	6.75319862	0.26857775
75.48399792	6.59264278	0.26857775
75.48799792	6.75319862	0.26857775
75.49199792	6.75319862	0.26857775
75.49599792	6.75319862	0.26857775
75.49999792	6.75319862	0.26857775
75.50399792	6.75319862	0.26857775
75.50799792	6.75319862	0.26857775
75.51199792	6.75319862	0.26857775
75.51599792	6.75319862	0.26857775
75.51999792	6.59264278	0.26857775
75.52399792	6.75319862	0.26857775
75.52799792	6.75319862	0.26857775
75.53199792	6.75319862	0.26857775
75.53599792	6.59264278	0.26857775
75.53999792	6.59264278	0.26857775
75.54399792	6.75319862	0.26857775
75.54799792	6.75319862	0.26857775
75.55199792	6.75319862	0.26857775
75.55599792	6.75319862	0.26857775
75.55999792	6.75319862	0.26857775
75.56399792	6.75319862	0.26857775
75.56799792	6.59264278	0.26857775
75.57199792	6.59264278	0.26857775
75.57599792	6.75319862	0.26857775
75.57999792	6.75319862	0.26857775
75.58399792	6.75319862	0.26857775
75.58799792	6.75319862	0.26857775
75.59199792	6.59264278	0.26857775
75.59599792	6.59264278	0.26857775
75.59999792	6.59264278	0.26857775
75.60399792	6.75319862	0.26857775
75.60799792	6.75319862	0.26857775
75.61199792	6.75319862	0.26857775
75.61599792	6.59264278	0.26857775
75.61999792	6.59264278	0.26857775
75.62399792	6.75319862	0.26857775
75.62799792	6.75319862	0.26857775
75.63199792	6.75319862	0.26857775
75.63599792	6.75319862	0.26857775
75.63999791	6.75319862	0.26857775
75.64399791	6.75319862	0.26857775
75.64799791	6.75319862	0.26857775
75.65199791	6.59264278	0.26857775
75.65599791	6.59264278	0.26857775
75.65999791	6.75319862	0.26857775
75.66399791	6.75319862	0.26857775
75.66799791	6.75319862	0.26857775
75.67199791	6.59264278	0.26857775
75.67599791	6.59264278	0.26857775
75.67999791	6.75319862	0.26857775
75.68399791	6.75319862	0.26857775
75.68799791	6.59264278	0.26857775
75.69199791	6.75319862	0.26857775
75.69599791	6.75319862	0.26857775
75.69999791	6.75319862	0.26857775
75.70399791	6.59264278	0.26857775
75.70799791	6.59264278	0.26857775
75.71199791	6.75319862	0.26857775
75.71599791	6.75319862	0.26857775
75.71999791	6.75319862	0.26857775
75.72399791	6.59264278	0.26857775
75.72799791	6.59264278	0.26857775
75.73199791	6.59264278	0.26857775
75.73599791	6.75319862	0.26857775
75.73999791	6.75319862	0.26857775
75.74399791	6.75319862	0.26857775
75.74799791	6.75319862	0.26857775
75.75199791	6.75319862	0.26857775
75.75599791	6.59264278	0.26857775
75.75999791	6.59264278	0.26857775
75.76399791	6.59264278	0.26857775
75.76799791	6.75319862	0.26857775
75.77199791	6.75319862	0.26857775
75.77599791	6.75319862	0.26857775
75.77999791	6.75319862	0.26857775
75.78399791	6.75319862	0.26857775
75.78799791	6.75319862	0.26857775
75.79199791	6.59264278	0.26857775
75.79599791	6.75319862	0.26857775
75.79999791	6.75319862	0.26857775
75.80399791	6.75319862	0.26857775
75.80799791	6.75319862	0.26857775
75.81199791	6.59264278	0.26857775
75.81599791	6.75319862	0.26857775
75.81999791	6.75319862	0.26857775
75.82399791	6.75319862	0.26857775
75.82799791	6.59264278	0.26857775
75.83199791	6.75319862	0.26857775
75.83599791	6.75319862	0.26857775
75.83999791	6.75319862	0.26857775
75.84399791	6.75319862	0.26857775
75.84799791	6.75319862	0.26857775
75.85199791	6.75319862	0.26857775
75.85599791	6.75319862	0.26857775
75.85999791	6.59264278	0.26857775
75.86399791	6.59264278	0.26857775
75.86799791	6.75319862	0.26857775
75.87199791	6.91437006	0.26857775
75.87599791	6.75319862	0.26857775
75.87999791	6.75319862	0.26857775
75.88399791	6.59264278	0.26857775
75.88799791	6.75319862	0.26857775
75.89199791	6.75319862	0.26857775
75.89599791	6.75319862	0.26857775
75.89999791	6.75319862	0.26857775
75.90399791	6.75319862	0.26857775
75.90799791	6.75319862	0.26857775
75.91199791	6.59264278	0.26857775
75.91599791	6.75319862	0.26857775
75.91999791	6.75319862	0.26857775
75.92399791	6.75319862	0.26857775
75.92799791	6.75319862	0.26857775
75.93199791	6.75319862	0.26857775
75.93599791	6.75319862	0.26857775
75.93999791	6.75319862	0.26857775
75.94399791	6.75319862	0.26857775
75.94799791	6.75319862	0.26857775
75.95199791	6.75319862	0.26857775
75.95599791	6.91437006	0.26857775
75.95999791	6.75319862	0.26857775
75.96399791	6.75319862	0.26857775
75.96799791	6.75319862	0.26857775
75.97199791	6.75319862	0.26857775
75.97599791	6.91437006	0.26857775
75.97999791	6.75319862	0.26857775
75.98399791	6.75319862	0.26857775
75.98799791	6.75319862	0.26857775
75.99199790	6.75319862	0.26857775
75.99599790	6.59264278	0.26857775
75.99999790	6.75319862	0.26857775
76.00399790	6.91437006	0.26857775
76.00799790	6.91437006	0.26857775
76.01199790	6.75319862	0.26857775
76.01599790	6.75319862	0.26857775
76.01999790	6.59264278	0.26857775
76.02399790	6.75319862	0.26857775
76.02799790	6.75319862	0.26857775
76.03199790	6.75319862	0.26857775
76.03599790	6.91437006	0.26857775
76.03999790	6.91437006	0.26857775
76.04399790	6.59264278	0.26857775
76.04799790	6.59264278	0.26857775
76.05199790	6.75319862	0.26857775
76.05599790	6.75319862	0.26857775
76.05999790	6.91437006	0.26857775
76.06399790	6.75319862	0.26857775
76.06799790	6.75319862	0.26857775
76.07199790	6.75319862	0.26857775
76.07599790	6.75319862	0.26857775
76.07999790	6.75319862	0.26857775
76.08399790	6.75319862	0.26857775
76.08799790	6.91437006	0.26857775
76.09199790	6.75319862	0.26857775
76.09599790	6.75319862	0.26857775
76.09999790	6.59264278	0.26857775
76.10399790	6.75319862	0.26857775
76.10799790	6.75319862	0.26857775
76.11199790	6.75319862	0.26857775
76.11599790	6.75319862	0.26857775
76.11999790	6.75319862	0.26857775
76.12399790	6.75319862	0.26857775
76.12799790	6.75319862	0.26857775
76.13199790	6.75319862	0.26857775
76.13599790	6.75319862	0.26857775
76.13999790	6.75319862	0.26857775
76.14399790	6.75319862	0.26857775
76.14799790	6.75319862	0.26857775
76.15199790	6.75319862	0.26857775
76.15599790	6.75319862	0.26857775
76.15999790	6.75319862	0.26857775
76.16399790	6.75319862	0.26857775
76.16799790	6.75319862	0.26857775
76.17199790	6.91437006	0.26857775
76.17599790	6.75319862	0.26857775
76.17999790	6.75319862	0.26857775
76.18399790	6.75319862	0.26857775
76.18799790	6.75319862	0.26857775
76.19199790	6.75319862	0.26857775
76.19599790	6.75319862	0.26857775
76.19999790	6.91437006	0.26857775
76.20399790	6.75319862	0.26857775
76.20799790	6.75319862	0.26857775
76.21199790	6.75319862	0.26857775
76.21599790	6.75319862	0.26857775
76.21999790	6.75319862	0.26857775
76.22399790	6.75319862	0.26857775
76.22799790	6.91437006	0.26857775
76.23199790	6.75319862	0.26857775
76.23599790	6.75319862	0.26857775
76.23999790	6.75319862	0.26857775
76.24399790	6.59264278	0.26857775
76.24799790	6.75319862	0.26857775
76.25199790	6.75319862	0.26857775
76.25599790	6.91437006	0.26857775
76.25999790	6.75319862	0.26857775
76.26399790	6.75319862	0.26857775
76.26799790	6.59264278	0.26857775
76.27199790	6.75319862	0.26857775
76.27599790	6.75319862	0.26857775
76.27999790	6.91437006	0.26857775
76.28399790	6.91437006	0.26857775
76.28799790	6.75319862	0.26857775
76.29199790	6.75319862	0.26857775
76.29599790	6.59264278	0.26857775
76.29999790	6.75319862	0.26857775
76.30399790	6.75319862	0.26857775
76.30799790	6.75319862	0.26857775
76.31199790	6.91437006	0.26857775
76.31599790	6.75319862	0.26857775
76.31999790	6.75319862	0.26857775
76.32399790	6.59264278	0.26857775
76.32799790	6.75319862	0.26857775
76.33199790	6.75319862	0.26857775
76.33599790	6.91437006	0.26857775
76.33999790	6.91437006	0.26857775
76.34399790	6.75319862	0.26857775
76.34799789	6.59264278	0.26857775
76.35199789	6.75319862	0.26857775
76.35599789	6.75319862	0.26857775
76.35999789	6.91437006	0.26857775
76.36399789	6.75319862	0.26857775
76.36799789	6.75319862	0.26857775
76.37199789	6.75319862	0.26857775
76.37599789	6.75319862	0.26857775
76.37999789	6.75319862	0.26857775
76.38399789	6.75319862	0.26857775
76.38799789	6.91437006	0.26857775
76.39199789	6.75319862	0.26857775
76.39599789	6.75319862	0.26857775
76.39999789	6.75319862	0.26857775
76.40399789	6.75319862	0.26857775
76.40799789	6.75319862	0.26857775
76.41199789	6.75319862	0.26857775
76.41599789	6.75319862	0.26857775
76.41999789	6.75319862	0.26857775
76.42399789	6.91437006	0.26857775
76.42799789	6.75319862	0.26857775
76.43199789	6.59264278	0.26857775
76.43599789	6.59264278	0.26857775
76.43999789	6.75319862	0.26857775
76.44399789	6.91437006	0.26857775
76.44799789	6.91437006	0.26857775
76.45199789	6.75319862	0.26857775
76.45599789	6.59264278	0.26857775
76.45999789	6.59264278	0.26857775
76.46399789	6.75319862	0.26857775
76.46799789	6.75319862	0.26857775
76.47199789	6.75319862	0.26857775
76.47599789	6.75319862	0.26857775
76.47999789	6.75319862	0.26857775
76.48399789	6.75319862	0.26857775
76.48799789	6.75319862	0.26857775
76.49199789	6.75319862	0.26857775
76.49599789	6.75319862	0.26857775
76.49999789	6.91437006	0.26857775
76.50399789	6.75319862	0.26857775
76.50799789	6.75319862	0.26857775
76.51199789	6.75319862	0.26857775
76.51599789	6.75319862	0.26857775
76.51999789	6.75319862	0.26857775
76.52399789	6.75319862	0.26857775
76.52799789	6.75319862	0.26857775
76.53199789	6.75319862	0.26857775
76.53599789	6.75319862	0.26857775
76.53999789	6.59264278	0.26857775
76.54399789	6.59264278	0.26857775
76.54799789	6.75319862	0.26857775
76.55199789	6.91437006	0.26857775
76.55599789	6.75319862	0.26857775
76.55999789	6.75319862	0.26857775
76.56399789	6.75319862	0.26857775
76.56799789	6.75319862	0.26857775
76.57199789	6.59264278	0.26857775
76.57599789	6.75319862	0.26857775
76.57999789	6.75319862	0.26857775
76.58399789	6.91437006	0.26857775
76.58799789	6.91437006	0.26857775
76.59199789	6.75319862	0.26857775
76.59599789	6.59264278	0.26857775
76.59999789	6.75319862	0.26857775
76.60399789	6.75319862	0.26857775
76.60799789	6.75319862	0.26857775
76.61199789	6.75319862	0.26857775
76.61599789	6.75319862	0.26857775
76.61999789	6.75319862	0.26857775
76.62399789	6.75319862	0.26857775
76.62799789	6.75319862	0.26857775
76.63199789	6.75319862	0.26857775
76.63599789	6.75319862	0.26857775
76.63999789	6.75319862	0.26857775
76.64399789	6.75319862	0.26857775
76.64799789	6.75319862	0.26857775
76.65199789	6.75319862	0.26857775
76.65599789	6.75319862	0.26857775
76.65999789	6.75319862	0.26857775
76.66399789	6.75319862	0.26857775
76.66799789	6.75319862	0.26857775
76.67199789	6.75319862	0.26857775
76.67599789	6.75319862	0.26857775
76.67999789	6.75319862	0.26857775
76.68399789	6.75319862	0.25276822
76.68799789	6.75319862	0.26857775
76.69199789	6.75319862	0.26857775
76.69599789	6.91437006	0.26857775
76.69999788	6.75319862	0.26857775
76.70399788	6.75319862	0.26857775
76.70799788	6.75319862	0.26857775
76.71199788	6.75319862	0.26857775
76.71599788	6.75319862	0.25276822
76.71999788	6.75319862	0.26857775
76.72399788	6.75319862	0.26857775
76.72799788	6.91437006	0.26857775
76.73199788	6.75319862	0.26857775
76.73599788	6.75319862	0.26857775
76.73999788	6.75319862	0.26857775
76.74399788	6.75319862	0.26857775
76.74799788	6.91437006	0.26857775
76.75199788	6.75319862	0.26857775
76.75599788	6.75319862	0.26857775
76.75999788	6.75319862	0.26857775
76.76399788	6.75319862	0.26857775
76.76799788	6.75319862	0.26857775
76.77199788	6.75319862	0.26857775
76.77599788	6.75319862	0.26857775
76.77999788	6.91437006	0.26857775
76.78399788	6.75319862	0.26857775
76.78799788	6.75319862	0.26857775
76.79199788	6.75319862	0.26857775
76.79599788	6.75319862	0.25276822
76.79999788	6.91437006	0.26857775
76.80399788	6.91437006	0.26857775
76.80799788	6.75319862	0.26857775
76.81199788	6.75319862	0.26857775
76.81599788	6.75319862	0.25276822
76.81999788	6.75319862	0.26857775
76.82399788	6.75319862	0.26857775
76.82799788	6.75319862	0.26857775
76.83199788	6.91437006	0.26857775
76.83599788	6.91437006	0.26857775
76.83999788	6.75319862	0.26857775
76.84399788	6.59264278	0.26857775
76.84799788	6.59264278	0.26857775
76.85199788	6.75319862	0.26857775
76.85599788	6.91437006	0.26857775
76.85999788	6.91437006	0.26857775
76.86399788	6.75319862	0.26857775
76.86799788	6.75319862	0.26857775
76.87199788	6.75319862	0.26857775
76.87599788	6.75319862	0.26857775
76.87999788	6.75319862	0.26857775
76.88399788	6.75319862	0.26857775
76.88799788	6.91437006	0.26857775
76.89199788	6.75319862	0.26857775
76.89599788	6.75319862	0.26857775
76.89999788	6.75319862	0.26857775
76.90399788	6.91437006	0.26857775
76.90799788	6.91437006	0.26857775
76.91199788	6.75319862	0.26857775
76.91599788	6.75319862	0.26857775
76.91999788	6.75319862	0.26857775
76.92399788	6.75319862	0.26857775
76.92799788	6.75319862	0.26857775
76.93199788	6.75319862	0.26857775
76.93599788	6.91437006	0.26857775
76.93999788	6.75319862	0.26857775
76.94399788	6.75319862	0.26857775
76.94799788	6.75319862	0.26857775
76.95199788	6.75319862	0.26857775
76.95599788	6.75319862	0.26857775
76.95999788	6.91437006	0.26857775
76.96399788	6.75319862	0.26857775
76.96799788	6.75319862	0.26857775
76.97199788	6.75319862	0.26857775
76.97599788	6.75319862	0.26857775
76.97999788	6.75319862	0.26857775
76.98399788	6.75319862	0.26857775
76.98799788	6.75319862	0.26857775
76.99199788	6.75319862	0.26857775
76.99599788	6.75319862	0.26857775
76.99999788	6.75319862	0.26857775
77.00399788	6.75319862	0.26857775
77.00799788	6.91437006	0.26857775
77.01199788	6.91437006	0.26857775
77.01599788	6.75319862	0.26857775
77.01999788	6.75319862	0.26857775
77.02399788	6.75319862	0.25276822
77.02799788	6.91437006	0.25276822
77.03199788	6.91437006	0.26857775
77.03599788	6.75319862	0.26857775
77.03999788	6.75319862	0.26857775
77.04399788	6.75319862	0.25276822
77.04799788	6.75319862	0.26857775
77.05199787	6.75319862	0.26857775
77.05599787	6.75319862	0.26857775
77.05999787	6.75319862	0.26857775
77.06399787	6.75319862	0.26857775
77.06799787	6.75319862	0.26857775
77.07199787	6.75319862	0.25276822
77.07599787	6.75319862	0.26857775
77.07999787	6.91437006	0.26857775
77.08399787	6.75319862	0.26857775
77.08799787	6.75319862	0.26857775
77.09199787	6.75319862	0.26857775
77.09599787	6.75319862	0.26857775
77.09999787	6.75319862	0.26857775
77.10399787	6.75319862	0.26857775
77.10799787	6.75319862	0.26857775
77.11199787	6.75319862	0.26857775
77.11599787	6.75319862	0.25276822
77.11999787	6.75319862	0.25276822
77.12399787	6.75319862	0.26857775
77.12799787	6.75319862	0.26857775
77.13199787	6.75319862	0.26857775
77.13599787	6.75319862	0.26857775
77.13999787	6.75319862	0.26857775
77.14399787	6.75319862	0.25276822
77.14799787	6.75319862	0.25276822
77.15199787	6.75319862	0.26857775
77.15599787	6.75319862	0.26857775
77.15999787	6.75319862	0.26857775
77.16399787	6.75319862	0.25276822
77.16799787	6.75319862	0.26857775
77.17199787	6.75319862	0.26857775
77.17599787	6.75319862	0.26857775
77.17999787	6.75319862	0.26857775
77.18399787	6.75319862	0.26857775
77.18799787	6.75319862	0.25276822
77.19199787	6.91437006	0.26857775
77.19599787	6.91437006	0.25276822
77.19999787	6.75319862	0.26857775
77.20399787	6.75319862	0.25276822
77.20799787	6.75319862	0.26857775
77.21199787	6.91437006	0.26857775
77.21599787	6.75319862	0.26857775
77.21999787	6.75319862	0.26857775
77.22399787	6.75319862	0.26857775
77.22799787	6.75319862	0.26857775
77.23199787	6.75319862	0.26857775
77.23599787	6.75319862	0.25276822
77.23999787	6.75319862	0.26857775
77.24399787	6.91437006	0.25276822
77.24799787	6.75319862	0.26857775
77.25199787	6.75319862	0.25276822
77.25599787	6.75319862	0.25276822
77.25999787	6.75319862	0.25276822
77.26399787	6.75319862	0.26857775
77.26799787	6.75319862	0.25276822
77.27199787	6.91437006	0.26857775
77.27599787	6.91437006	0.26857775
77.27999787	6.75319862	0.26857775
77.28399787	6.75319862	0.26857775
77.28799787	6.75319862	0.25276822
77.29199787	6.75319862	0.25276822
77.29599787	6.75319862	0.25276822
77.29999787	6.91437006	0.26857775
77.30399787	6.91437006	0.26857775
77.30799787	6.75319862	0.26857775
77.31199787	6.75319862	0.26857775
77.31599787	6.75319862	0.25276822
77.31999787	6.75319862	0.26857775
77.32399787	6.75319862	0.26857775
77.32799787	6.91437006	0.26857775
77.33199787	6.91437006	0.26857775
77.33599787	6.75319862	0.26857775
77.33999787	6.75319862	0.25276822
77.34399787	6.75319862	0.25276822
77.34799787	6.75319862	0.25276822
77.35199787	6.91437006	0.26857775
77.35599787	6.91437006	0.26857775
77.35999787	6.75319862	0.26857775
77.36399787	6.75319862	0.25276822
77.36799787	6.75319862	0.25276822
77.37199787	6.75319862	0.25276822
77.37599787	6.75319862	0.26857775
77.37999787	6.91437006	0.26857775
77.38399787	6.91437006	0.26857775
77.38799787	6.91437006	0.25276822
77.39199787	6.75319862	0.26857775
77.39599787	6.59264278	0.25276822
77.39999787	6.75319862	0.25276822
77.40399787	6.91437006	0.25276822
77.40799786	6.75319862	0.26857775
77.41199786	6.91437006	0.25276822
77.41599786	6.91437006	0.26857775
77.41999786	6.75319862	0.25276822
77.42399786	6.59264278	0.25276822
77.42799786	6.59264278	0.25276822
77.43199786	6.91437006	0.26857775
77.43599786	6.91437006	0.25276822
77.43999786	6.75319862	0.26857775
77.44399786	6.75319862	0.25276822
77.44799786	6.75319862	0.26857775
77.45199786	6.75319862	0.25276822
77.45599786	6.75319862	0.26857775
77.45999786	6.75319862	0.26857775
77.46399786	6.75319862	0.26857775
77.46799786	6.91437006	0.26857775
77.47199786	6.75319862	0.26857775
77.47599786	6.59264278	0.25276822
77.47999786	6.59264278	0.25276822
77.48399786	6.75319862	0.25276822
77.48799786	6.91437006	0.26857775
77.49199786	6.91437006	0.25276822
77.49599786	6.75319862	0.26857775
77.49999786	6.59264278	0.25276822
77.50399786	6.75319862	0.25276822
77.50799786	6.75319862	0.25276822
77.51199786	6.75319862	0.25276822
77.51599786	6.75319862	0.26857775
77.51999786	6.91437006	0.26857775
77.52399786	6.75319862	0.25276822
77.52799786	6.59264278	0.26857775
77.53199786	6.59264278	0.25276822
77.53599786	6.75319862	0.25276822
77.53999786	6.91437006	0.26857775
77.54399786	6.75319862	0.26857775
77.54799786	6.75319862	0.25276822
77.55199786	6.75319862	0.25276822
77.55599786	6.75319862	0.25276822
77.55999786	6.59264278	0.26857775
77.56399786	6.59264278	0.25276822
77.56799786	6.75319862	0.25276822
77.57199786	6.91437006	0.25276822
77.57599786	6.75319862	0.26857775
77.57999786	6.59264278	0.25276822
77.58399786	6.59264278	0.25276822
77.58799786	6.75319862	0.25276822
77.59199786	6.75319862	0.26857775
77.59599786	6.75319862	0.25276822
77.59999786	6.75319862	0.26857775
77.60399786	6.75319862	0.25276822
77.60799786	6.75319862	0.26857775
77.61199786	6.59264278	0.25276822
77.61599786	6.75319862	0.25276822
77.61999786	6.75319862	0.25276822
77.62399786	6.91437006	0.26857775
77.62799786	6.91437006	0.25276822
77.63199786	6.75319862	0.26857775
77.63599786	6.75319862	0.25276822
77.63999786	6.75319862	0.25276822
77.64399786	6.75319862	0.25276822
77.64799786	6.75319862	0.25276822
77.65199786	6.75319862	0.25276822
77.65599786	6.75319862	0.25276822
77.65999786	6.75319862	0.25276822
77.66399786	6.59264278	0.26857775
77.66799786	6.59264278	0.25276822
77.67199786	6.75319862	0.25276822
77.67599786	6.75319862	0.26857775
77.67999786	6.75319862	0.26857775
77.68399786	6.75319862	0.25276822
77.68799786	6.59264278	0.25276822
77.69199786	6.75319862	0.25276822
77.69599786	6.75319862	0.25276822
77.69999786	6.75319862	0.25276822
77.70399786	6.75319862	0.25276822
77.70799786	6.75319862	0.26857775
77.71199786	6.75319862	0.25276822
77.71599786	6.59264278	0.25276822
77.71999786	6.59264278	0.25276822
77.72399786	6.75319862	0.25276822
77.72799786	6.75319862	0.26857775
77.73199786	6.75319862	0.25276822
77.73599786	6.75319862	0.25276822
77.73999786	6.75319862	0.25276822
77.74399786	6.59264278	0.26857775
77.74799786	6.59264278	0.25276822
77.75199786	6.75319862	0.25276822
77.75599786	6.75319862	0.25276822
77.75999785	6.75319862	0.26857775
77.76399785	6.75319862	0.25276822
77.76799785	6.75319862	0.26857775
77.77199785	6.75319862	0.25276822
77.77599785	6.59264278	0.26857775
77.77999785	6.75319862	0.25276822
77.78399785	6.75319862	0.26857775
77.78799785	6.75319862	0.25276822
77.79199785	6.59264278	0.25276822
77.79599785	6.59264278	0.25276822
77.79999785	6.59264278	0.25276822
77.80399785	6.59264278	0.25276822
77.80799785	6.75319862	0.26857775
77.81199785	6.75319862	0.25276822
77.81599785	6.75319862	0.25276822
77.81999785	6.75319862	0.25276822
77.82399785	6.59264278	0.25276822
77.82799785	6.59264278	0.25276822
77.83199785	6.59264278	0.26857775
77.83599785	6.59264278	0.25276822
77.83999785	6.75319862	0.25276822
77.84399785	6.59264278	0.25276822
77.84799785	6.59264278	0.25276822
77.85199785	6.59264278	0.25276822
77.85599785	6.75319862	0.25276822
77.85999785	6.75319862	0.25276822
77.86399785	6.59264278	0.25276822
77.86799785	6.59264278	0.25276822
77.87199785	6.59264278	0.25276822
77.87599785	6.75319862	0.25276822
77.87999785	6.75319862	0.25276822
77.88399785	6.59264278	0.25276822
77.88799785	6.59264278	0.25276822
77.89199785	6.75319862	0.25276822
77.89599785	6.75319862	0.25276822
77.89999785	6.59264278	0.25276822
77.90399785	6.59264278	0.25276822
77.90799785	6.75319862	0.25276822
77.91199785	6.75319862	0.26857775
77.91599785	6.75319862	0.25276822
77.91999785	6.59264278	0.25276822
77.92399785	6.59264278	0.25276822
77.92799785	6.59264278	0.25276822
77.93199785	6.59264278	0.25276822
77.93599785	6.75319862	0.25276822
77.93999785	6.75319862	0.25276822
77.94399785	6.75319862	0.25276822
77.94799785	6.59264278	0.25276822
77.95199785	6.59264278	0.25276822
77.95599785	6.59264278	0.25276822
77.95999785	6.75319862	0.25276822
77.96399785	6.75319862	0.25276822
77.96799785	6.75319862	0.25276822
77.97199785	6.75319862	0.25276822
77.97599785	6.75319862	0.25276822
77.97999785	6.59264278	0.25276822
77.98399785	6.59264278	0.25276822
77.98799785	6.75319862	0.25276822
77.99199785	6.75319862	0.25276822
77.99599785	6.75319862	0.25276822
77.99999785	6.59264278	0.25276822
78.00399785	6.59264278	0.25276822
78.00799785	6.75319862	0.25276822
78.01199785	6.59264278	0.25276822
78.01599785	6.59264278	0.25276822
78.01999785	6.59264278	0.25276822
78.02399785	6.75319862	0.25276822
78.02799785	6.75319862	0.25276822
78.03199785	6.75319862	0.25276822
78.03599785	6.75319862	0.25276822
78.03999785	6.75319862	0.25276822
78.04399785	6.75319862	0.25276822
78.04799785	6.59264278	0.25276822
78.05199785	6.75319862	0.25276822
78.05599785	6.75319862	0.25276822
78.05999785	6.75319862	0.25276822
78.06399785	6.75319862	0.25276822
78.06799785	6.59264278	0.25276822
78.07199785	6.75319862	0.25276822
78.07599785	6.75319862	0.25276822
78.07999785	6.75319862	0.25276822
78.08399785	6.59264278	0.25276822
78.08799785	6.59264278	0.25276822
78.09199785	6.75319862	0.25276822
78.09599785	6.75319862	0.25276822
78.09999785	6.59264278	0.25276822
78.10399785	6.59264278	0.25276822
78.10799785	6.75319862	0.25276822
78.11199785	6.75319862	0.25276822
78.11599784	6.75319862	0.25276822
78.11999784	6.75319862	0.25276822
78.12399784	6.75319862	0.25276822
78.12799784	6.75319862	0.25276822
78.13199784	6.75319862	0.25276822
78.13599784	6.75319862	0.25276822
78.13999784	6.59264278	0.25276822
78.14399784	6.75319862	0.25276822
78.14799784	6.75319862	0.25276822
78.15199784	6.75319862	0.25276822
78.15599784	6.59264278	0.25276822
78.15999784	6.75319862	0.25276822
78.16399784	6.75319862	0.25276822
78.16799784	6.75319862	0.25276822
78.17199784	6.59264278	0.25276822
78.17599784	6.75319862	0.25276822
78.17999784	6.75319862	0.25276822
78.18399784	6.75319862	0.25276822
78.18799784	6.75319862	0.25276822
78.19199784	6.59264278	0.25276822
78.19599784	6.59264278	0.25276822
78.19999784	6.75319862	0.25276822
78.20399784	6.75319862	0.25276822
78.20799784	6.75319862	0.25276822
78.21199784	6.59264278	0.25276822
78.21599784	6.59264278	0.25276822
78.21999784	6.75319862	0.25276822
78.22399784	6.75319862	0.25276822
78.22799784	6.75319862	0.25276822
78.23199784	6.75319862	0.25276822
78.23599784	6.75319862	0.25276822
78.23999784	6.59264278	0.25276822
78.24399784	6.59264278	0.25276822
78.24799784	6.75319862	0.25276822
78.25199784	6.75319862	0.25276822
78.25599784	6.75319862	0.25276822
78.25999784	6.75319862	0.25276822
78.26399784	6.75319862	0.25276822
78.26799784	6.59264278	0.25276822
78.27199784	6.59264278	0.25276822
78.27599784	6.59264278	0.25276822
78.27999784	6.75319862	0.25276822
78.28399784	6.75319862	0.25276822
78.28799784	6.75319862	0.25276822
78.29199784	6.59264278	0.25276822
78.29599784	6.59264278	0.25276822
78.29999784	6.75319862	0.25276822
78.30399784	6.75319862	0.25276822
78.30799784	6.75319862	0.25276822
78.31199784	6.75319862	0.25276822
78.31599784	6.75319862	0.25276822
78.31999784	6.75319862	0.25276822
78.32399784	6.59264278	0.25276822
78.32799784	6.59264278	0.25276822
78.33199784	6.75319862	0.25276822
78.33599784	6.75319862	0.25276822
78.33999784	6.75319862	0.25276822
78.34399784	6.59264278	0.25276822
78.34799784	6.59264278	0.25276822
78.35199784	6.75319862	0.25276822
78.35599784	6.75319862	0.25276822
78.35999784	6.75319862	0.25276822
78.36399784	6.75319862	0.25276822
78.36799784	6.75319862	0.25276822
78.37199784	6.75319862	0.25276822
78.37599784	6.59264278	0.25276822
78.37999784	6.59264278	0.25276822
78.38399784	6.75319862	0.25276822
78.38799784	6.75319862	0.25276822
78.39199784	6.75319862	0.25276822
78.39599784	6.59264278	0.25276822
78.39999784	6.75319862	0.25276822
78.40399784	6.75319862	0.25276822
78.40799784	6.75319862	0.25276822
78.41199784	6.75319862	0.25276822
78.41599784	6.75319862	0.25276822
78.41999784	6.75319862	0.25276822
78.42399784	6.75319862	0.25276822
78.42799784	6.59264278	0.25276822
78.43199784	6.59264278	0.25276822
78.43599784	6.75319862	0.25276822
78.43999784	6.75319862	0.25276822
78.44399784	6.75319862	0.25276822
78.44799784	6.59264278	0.25276822
78.45199784	6.75319862	0.25276822
78.45599784	6.75319862	0.25276822
78.45999784	6.59264278	0.25276822
78.46399784	6.59264278	0.25276822
78.46799783	6.75319862	0.25276822
78.47199783	6.75319862	0.25276822
78.47599783	6.75319862	0.25276822
78.47999783	6.75319862	0.25276822
78.48399783	6.75319862	0.25276822
78.48799783	6.75319862	0.25276822
78.49199783	6.75319862	0.25276822
78.49599783	6.59264278	0.25276822
78.49999783	6.75319862	0.25276822
78.50399783	6.75319862	0.25276822
78.50799783	6.75319862	0.25276822
78.51199783	6.59264278	0.25276822
78.51599783	6.59264278	0.25276822
78.51999783	6.75319862	0.25276822
78.52399783	6.75319862	0.25276822
78.52799783	6.75319862	0.25276822
78.53199783	6.75319862	0.25276822
78.53599783	6.75319862	0.25276822
78.53999783	6.75319862	0.25276822
78.54399783	6.59264278	0.25276822
78.54799783	6.59264278	0.25276822
78.55199783	6.75319862	0.25276822
78.55599783	6.75319862	0.25276822
78.55999783	6.75319862	0.25276822
78.56399783	6.59264278	0.25276822
78.56799783	6.75319862	0.25276822
78.57199783	6.75319862	0.25276822
78.57599783	6.75319862	0.25276822
78.57999783	6.59264278	0.25276822
78.58399783	6.75319862	0.25276822
78.58799783	6.75319862	0.25276822
78.59199783	6.75319862	0.25276822
78.59599783	6.75319862	0.25276822
78.59999783	6.75319862	0.25276822
78.60399783	6.75319862	0.25276822
78.60799783	6.59264278	0.25276822
78.61199783	6.59264278	0.25276822
78.61599783	6.59264278	0.25276822
78.61999783	6.75319862	0.25276822
78.62399783	6.75319862	0.25276822
78.62799783	6.75319862	0.25276822
78.63199783	6.59264278	0.25276822
78.63599783	6.59264278	0.25276822
78.63999783	6.59264278	0.25276822
78.64399783	6.75319862	0.25276822
78.64799783	6.75319862	0.25276822
78.65199783	6.75319862	0.25276822
78.65599783	6.59264278	0.25276822
78.65999783	6.75319862	0.25276822
78.66399783	6.75319862	0.25276822
78.66799783	6.75319862	0.25276822
78.67199783	6.59264278	0.25276822
78.67599783	6.75319862	0.25276822
78.67999783	6.75319862	0.25276822
78.68399783	6.75319862	0.25276822
78.68799783	6.59264278	0.25276822
78.69199783	6.59264278	0.25276822
78.69599783	6.75319862	0.25276822
78.69999783	6.75319862	0.25276822
78.70399783	6.75319862	0.25276822
78.70799783	6.75319862	0.25276822
78.71199783	6.75319862	0.25276822
78.71599783	6.75319862	0.25276822
78.71999783	6.75319862	0.25276822
78.72399783	6.59264278	0.25276822
78.72799783	6.75319862	0.25276822
78.73199783	6.75319862	0.25276822
78.73599783	6.75319862	0.25276822
78.73999783	6.59264278	0.25276822
78.74399783	6.59264278	0.25276822
78.74799783	6.75319862	0.25276822
78.75199783	6.75319862	0.25276822
78.75599783	6.75319862	0.25276822
78.75999783	6.59264278	0.25276822
78.76399783	6.75319862	0.25276822
78.76799783	6.75319862	0.25276822
78.77199783	6.75319862	0.25276822
78.77599783	6.59264278	0.25276822
78.77999783	6.59264278	0.25276822
78.78399783	6.75319862	0.25276822
78.78799783	6.75319862	0.25276822
78.79199783	6.75319862	0.25276822
78.79599783	6.75319862	0.25276822
78.79999783	6.75319862	0.25276822
78.80399783	6.59264278	0.25276822
78.80799783	6.59264278	0.25276822
78.81199783	6.75319862	0.25276822
78.81599783	6.75319862	0.25276822
78.81999782	6.75319862	0.25276822
78.82399782	6.75319862	0.25276822
78.82799782	6.59264278	0.25276822
78.83199782	6.59264278	0.25276822
78.83599782	6.75319862	0.25276822
78.83999782	6.75319862	0.25276822
78.84399782	6.75319862	0.25276822
78.84799782	6.75319862	0.25276822
78.85199782	6.75319862	0.25276822
78.85599782	6.75319862	0.25276822
78.85999782	6.75319862	0.25276822
78.86399782	6.59264278	0.25276822
78.86799782	6.59264278	0.25276822
78.87199782	6.75319862	0.25276822
78.87599782	6.75319862	0.25276822
78.87999782	6.75319862	0.25276822
78.88399782	6.75319862	0.25276822
78.88799782	6.75319862	0.25276822
78.89199782	6.75319862	0.25276822
78.89599782	6.75319862	0.25276822
78.89999782	6.59264278	0.25276822
78.90399782	6.75319862	0.25276822
78.90799782	6.75319862	0.25276822
78.91199782	6.75319862	0.25276822
78.91599782	6.75319862	0.25276822
78.91999782	6.75319862	0.25276822
78.92399782	6.75319862	0.25276822
78.92799782	6.75319862	0.25276822
78.93199782	6.75319862	0.25276822
78.93599782	6.75319862	0.25276822
78.93999782	6.75319862	0.25276822
78.94399782	6.75319862	0.25276822
78.94799782	6.75319862	0.25276822
78.95199782	6.75319862	0.25276822
78.95599782	6.75319862	0.25276822
78.95999782	6.75319862	0.25276822
78.96399782	6.75319862	0.25276822
78.96799782	6.75319862	0.25276822
78.97199782	6.75319862	0.25276822
78.97599782	6.75319862	0.25276822
78.97999782	6.75319862	0.25276822
78.98399782	6.75319862	0.25276822
78.98799782	6.59264278	0.25276822
78.99199782	6.75319862	0.25276822
78.99599782	6.75319862	0.25276822
78.99999782	6.75319862	0.25276822
79.00399782	6.75319862	0.25276822
79.00799782	6.75319862	0.25276822
79.01199782	6.75319862	0.25276822
79.01599782	6.75319862	0.25276822
79.01999782	6.75319862	0.25276822
79.02399782	6.75319862	0.25276822
79.02799782	6.59264278	0.25276822
79.03199782	6.59264278	0.25276822
79.03599782	6.75319862	0.25276822
79.03999782	6.75319862	0.25276822
79.04399782	6.75319862	0.25276822
79.04799782	6.75319862	0.25276822
79.05199782	6.59264278	0.25276822
79.05599782	6.75319862	0.25276822
79.05999782	6.75319862	0.25276822
79.06399782	6.75319862	0.25276822
79.06799782	6.75319862	0.25276822
79.07199782	6.75319862	0.25276822
79.07599782	6.75319862	0.25276822
79.07999782	6.75319862	0.25276822
79.08399782	6.59264278	0.25276822
79.08799782	6.59264278	0.25276822
79.09199782	6.75319862	0.25276822
79.09599782	6.75319862	0.25276822
79.09999782	6.75319862	0.25276822
79.10399782	6.59264278	0.25276822
79.10799782	6.59264278	0.25276822
79.11199782	6.75319862	0.25276822
79.11599782	6.75319862	0.25276822
79.11999782	6.75319862	0.25276822
79.12399782	6.75319862	0.25276822
79.12799782	6.75319862	0.25276822
79.13199782	6.75319862	0.25276822
79.13599782	6.75319862	0.25276822
79.13999782	6.75319862	0.25276822
79.14399782	6.59264278	0.25276822
79.14799782	6.59264278	0.25276822
79.15199782	6.75319862	0.25276822
79.15599782	6.75319862	0.25276822
79.15999782	6.75319862	0.25276822
79.16399782	6.59264278	0.25276822
79.16799782	6.59264278	0.25276822
79.17199782	6.59264278	0.25276822
79.17599781	6.75319862	0.25276822
79.17999781	6.75319862	0.25276822
79.18399781	6.75319862	0.25276822
79.18799781	6.75319862	0.25276822
79.19199781	6.75319862	0.25276822
79.19599781	6.59264278	0.25276822
79.19999781	6.59264278	0.25276822
79.20399781	6.75319862	0.25276822
79.20799781	6.75319862	0.25276822
79.21199781	6.75319862	0.25276822
79.21599781	6.75319862	0.25276822
79.21999781	6.75319862	0.25276822
79.22399781	6.75319862	0.25276822
79.22799781	6.59264278	0.25276822
79.23199781	6.75319862	0.25276822
79.23599781	6.75319862	0.25276822
79.23999781	6.75319862	0.25276822
79.24399781	6.75319862	0.25276822
79.24799781	6.75319862	0.25276822
79.25199781	6.59264278	0.25276822
79.25599781	6.75319862	0.25276822
79.25999781	6.75319862	0.25276822
79.26399781	6.75319862	0.25276822
79.26799781	6.75319862	0.25276822
79.27199781	6.75319862	0.25276822
79.27599781	6.75319862	0.25276822
79.27999781	6.75319862	0.25276822
79.28399781	6.59264278	0.25276822
79.28799781	6.75319862	0.25276822
79.29199781	6.75319862	0.25276822
79.29599781	6.75319862	0.25276822
79.29999781	6.75319862	0.25276822
79.30399781	6.75319862	0.25276822
79.30799781	6.75319862	0.25276822
79.31199781	6.75319862	0.25276822
79.31599781	6.75319862	0.25276822
79.31999781	6.75319862	0.25276822
79.32399781	6.75319862	0.25276822
79.32799781	6.75319862	0.25276822
79.33199781	6.59264278	0.25276822
79.33599781	6.59264278	0.25276822
79.33999781	6.59264278	0.25276822
79.34399781	6.75319862	0.25276822
79.34799781	6.75319862	0.25276822
79.35199781	6.75319862	0.25276822
79.35599781	6.59264278	0.25276822
79.35999781	6.59264278	0.25276822
79.36399781	6.59264278	0.25276822
79.36799781	6.75319862	0.25276822
79.37199781	6.75319862	0.25276822
79.37599781	6.75319862	0.25276822
79.37999781	6.75319862	0.25276822
79.38399781	6.75319862	0.25276822
79.38799781	6.75319862	0.25276822
79.39199781	6.59264278	0.25276822
79.39599781	6.75319862	0.25276822
79.39999781	6.75319862	0.25276822
79.40399781	6.75319862	0.25276822
79.40799781	6.75319862	0.25276822
79.41199781	6.75319862	0.23695867
79.41599781	6.75319862	0.25276822
79.41999781	6.75319862	0.25276822
79.42399781	6.75319862	0.25276822
79.42799781	6.59264278	0.23695867
79.43199781	6.75319862	0.25276822
79.43599781	6.75319862	0.23695867
79.43999781	6.75319862	0.25276822
79.44399781	6.59264278	0.25276822
79.44799781	6.75319862	0.25276822
79.45199781	6.75319862	0.25276822
79.45599781	6.75319862	0.25276822
79.45999781	6.75319862	0.25276822
79.46399781	6.59264278	0.25276822
79.46799781	6.75319862	0.25276822
79.47199781	6.75319862	0.25276822
79.47599781	6.75319862	0.25276822
79.47999781	6.75319862	0.25276822
79.48399781	6.59264278	0.23695867
79.48799781	6.75319862	0.25276822
79.49199781	6.75319862	0.25276822
79.49599781	6.75319862	0.25276822
79.49999781	6.75319862	0.23695867
79.50399781	6.75319862	0.23695867
79.50799781	6.75319862	0.25276822
79.51199781	6.59264278	0.25276822
79.51599781	6.75319862	0.25276822
79.51999781	6.75319862	0.25276822
79.52399781	6.75319862	0.25276822
79.52799780	6.75319862	0.25276822
79.53199780	6.75319862	0.23695867
79.53599780	6.75319862	0.25276822
79.53999780	6.75319862	0.25276822
79.54399780	6.75319862	0.25276822
79.54799780	6.75319862	0.25276822
79.55199780	6.59264278	0.25276822
79.55599780	6.59264278	0.25276822
79.55999780	6.75319862	0.25276822
79.56399780	6.75319862	0.23695867
79.56799780	6.75319862	0.25276822
79.57199780	6.75319862	0.25276822
79.57599780	6.59264278	0.25276822
79.57999780	6.75319862	0.25276822
79.58399780	6.75319862	0.25276822
79.58799780	6.75319862	0.25276822
79.59199780	6.75319862	0.25276822
79.59599780	6.75319862	0.25276822
79.59999780	6.75319862	0.25276822
79.60399780	6.75319862	0.25276822
79.60799780	6.75319862	0.25276822
79.61199780	6.75319862	0.25276822
79.61599780	6.75319862	0.25276822
79.61999780	6.75319862	0.25276822
79.62399780	6.75319862	0.25276822
79.62799780	6.75319862	0.23695867
79.63199780	6.75319862	0.25276822
79.63599780	6.75319862	0.23695867
79.63999780	6.75319862	0.25276822
79.64399780	6.75319862	0.25276822
79.64799780	6.75319862	0.25276822
79.65199780	6.75319862	0.23695867
79.65599780	6.75319862	0.23695867
79.65999780	6.75319862	0.23695867
79.66399780	6.75319862	0.25276822
79.66799780	6.75319862	0.25276822
79.67199780	6.75319862	0.23695867
79.67599780	6.75319862	0.25276822
79.67999780	6.75319862	0.25276822
79.68399780	6.75319862	0.25276822
79.68799780	6.75319862	0.25276822
79.69199780	6.75319862	0.25276822
79.69599780	6.75319862	0.25276822
79.69999780	6.75319862	0.25276822
79.70399780	6.75319862	0.25276822
79.70799780	6.75319862	0.23695867
79.71199780	6.75319862	0.25276822
79.71599780	6.75319862	0.25276822
79.71999780	6.75319862	0.25276822
79.72399780	6.75319862	0.23695867
79.72799780	6.75319862	0.25276822
79.73199780	6.75319862	0.23695867
79.73599780	6.75319862	0.25276822
79.73999780	6.75319862	0.23695867
79.74399780	6.75319862	0.23695867
79.74799780	6.75319862	0.25276822
79.75199780	6.75319862	0.23695867
79.75599780	6.75319862	0.23695867
79.75999780	6.75319862	0.25276822
79.76399780	6.75319862	0.25276822
79.76799780	6.75319862	0.25276822
79.77199780	6.75319862	0.25276822
79.77599780	6.75319862	0.23695867
79.77999780	6.75319862	0.23695867
79.78399780	6.75319862	0.25276822
79.78799780	6.75319862	0.23695867
79.79199780	6.75319862	0.23695867
79.79599780	6.75319862	0.25276822
79.79999780	6.75319862	0.25276822
79.80399780	6.75319862	0.23695867
79.80799780	6.75319862	0.25276822
79.81199780	6.75319862	0.25276822
79.81599780	6.75319862	0.25276822
79.81999780	6.75319862	0.25276822
79.82399780	6.75319862	0.23695867
79.82799780	6.91437006	0.23695867
79.83199780	6.91437006	0.25276822
79.83599780	6.75319862	0.25276822
79.83999780	6.75319862	0.23695867
79.84399780	6.91437006	0.23695867
79.84799780	6.91437006	0.25276822
79.85199780	6.75319862	0.23695867
79.85599780	6.75319862	0.23695867
79.85999780	6.75319862	0.25276822
79.86399780	6.75319862	0.25276822
79.86799780	6.75319862	0.23695867
79.87199780	6.75319862	0.25276822
79.87599780	6.75319862	0.23695867
79.87999780	6.91437006	0.25276822
79.88399779	6.91437006	0.25276822
79.88799779	6.75319862	0.25276822
79.89199779	6.75319862	0.23695867
79.89599779	6.91437006	0.25276822
79.89999779	6.91437006	0.25276822
79.90399779	6.75319862	0.23695867
79.90799779	6.75319862	0.23695867
79.91199779	6.91437006	0.23695867
79.91599779	6.91437006	0.23695867
79.91999779	6.75319862	0.25276822
79.92399779	6.75319862	0.23695867
79.92799779	6.75319862	0.23695867
79.93199779	6.91437006	0.23695867
79.93599779	6.91437006	0.23695867
79.93999779	6.75319862	0.23695867
79.94399779	6.75319862	0.25276822
79.94799779	6.75319862	0.23695867
79.95199779	6.91437006	0.25276822
79.95599779	6.91437006	0.23695867
79.95999779	6.91437006	0.23695867
79.96399779	6.91437006	0.23695867
79.96799779	6.91437006	0.25276822
79.97199779	6.75319862	0.25276822
79.97599779	6.75319862	0.25276822
79.97999779	6.91437006	0.23695867
79.98399779	6.91437006	0.25276822
79.98799779	6.91437006	0.25276822
79.99199779	6.75319862	0.25276822
79.99599779	6.75319862	0.23695867
79.99999779	6.91437006	0.23695867
80.00399779	6.75319862	0.23695867
80.00799779	6.75319862	0.23695867
80.01199779	6.75319862	0.23695867
80.01599779	6.91437006	0.23695867
80.01999779	6.91437006	0.23695867
80.02399779	6.75319862	0.25276822
80.02799779	6.75319862	0.23695867
80.03199779	6.75319862	0.23695867
80.03599779	6.91437006	0.23695867
80.03999779	6.91437006	0.25276822
80.04399779	6.91437006	0.23695867
80.04799779	6.91437006	0.23695867
80.05199779	6.91437006	0.23695867
80.05599779	6.75319862	0.25276822
80.05999779	6.75319862	0.23695867
80.06399779	6.75319862	0.23695867
80.06799779	6.91437006	0.23695867
80.07199779	6.91437006	0.25276822
80.07599779	6.91437006	0.23695867
80.07999779	6.75319862	0.23695867
80.08399779	6.75319862	0.23695867
80.08799779	6.75319862	0.23695867
80.09199779	6.75319862	0.23695867
80.09599779	6.75319862	0.25276822
80.09999779	6.91437006	0.23695867
80.10399779	6.91437006	0.25276822
80.10799779	6.75319862	0.23695867
80.11199779	6.75319862	0.23695867
80.11599779	6.75319862	0.23695867
80.11999779	6.75319862	0.25276822
80.12399779	6.75319862	0.25276822
80.12799779	6.75319862	0.23695867
80.13199779	6.75319862	0.23695867
80.13599779	6.91437006	0.23695867
80.13999779	6.75319862	0.23695867
80.14399779	6.75319862	0.25276822
80.14799779	6.75319862	0.25276822
80.15199779	6.91437006	0.25276822
80.15599779	6.91437006	0.23695867
80.15999779	6.91437006	0.23695867
80.16399779	6.75319862	0.23695867
80.16799779	6.75319862	0.23695867
80.17199779	6.91437006	0.23695867
80.17599779	6.75319862	0.23695867
80.17999779	6.75319862	0.23695867
80.18399779	6.91437006	0.23695867
80.18799779	6.91437006	0.23695867
80.19199779	6.75319862	0.25276822
80.19599779	6.75319862	0.23695867
80.19999779	6.75319862	0.23695867
80.20399779	6.75319862	0.23695867
80.20799779	6.91437006	0.23695867
80.21199779	6.75319862	0.23695867
80.21599779	6.75319862	0.23695867
80.21999779	6.75319862	0.23695867
80.22399779	6.91437006	0.23695867
80.22799779	6.91437006	0.23695867
80.23199779	6.75319862	0.23695867
80.23599778	6.75319862	0.23695867
80.23999778	6.91437006	0.23695867
80.24399778	6.91437006	0.23695867
80.24799778	6.75319862	0.23695867
80.25199778	6.75319862	0.23695867
80.25599778	6.91437006	0.23695867
80.25999778	6.91437006	0.23695867
80.26399778	6.75319862	0.23695867
80.26799778	6.75319862	0.23695867
80.27199778	6.91437006	0.23695867
80.27599778	6.91437006	0.23695867
80.27999778	6.91437006	0.25276822
80.28399778	6.75319862	0.23695867
80.28799778	6.75319862	0.23695867
80.29199778	6.91437006	0.23695867
80.29599778	6.91437006	0.25276822
80.29999778	6.75319862	0.23695867
80.30399778	6.75319862	0.23695867
80.30799778	6.91437006	0.23695867
80.31199778	6.91437006	0.25276822
80.31599778	6.91437006	0.23695867
80.31999778	6.75319862	0.23695867
80.32399778	6.91437006	0.23695867
80.32799778	6.91437006	0.25276822
80.33199778	6.91437006	0.23695867
80.33599778	6.75319862	0.23695867
80.33999778	6.75319862	0.23695867
80.34399778	6.91437006	0.23695867
80.34799778	6.91437006	0.23695867
80.35199778	6.75319862	0.23695867
80.35599778	6.75319862	0.23695867
80.35999778	6.91437006	0.23695867
80.36399778	6.91437006	0.23695867
80.36799778	6.75319862	0.23695867
80.37199778	6.75319862	0.23695867
80.37599778	6.91437006	0.23695867
80.37999778	6.91437006	0.23695867
80.38399778	6.75319862	0.23695867
80.38799778	6.91437006	0.23695867
80.39199778	6.91437006	0.23695867
80.39599778	6.91437006	0.23695867
80.39999778	6.75319862	0.25276822
80.40399778	6.75319862	0.23695867
80.40799778	6.75319862	0.23695867
80.41199778	6.91437006	0.23695867
80.41599778	6.91437006	0.25276822
80.41999778	6.75319862	0.23695867
80.42399778	6.75319862	0.23695867
80.42799778	6.91437006	0.23695867
80.43199778	6.91437006	0.25276822
80.43599778	6.91437006	0.23695867
80.43999778	6.75319862	0.23695867
80.44399778	6.75319862	0.23695867
80.44799778	6.91437006	0.23695867
80.45199778	6.91437006	0.23695867
80.45599778	6.91437006	0.23695867
80.45999778	6.91437006	0.23695867
80.46399778	6.91437006	0.23695867
80.46799778	6.91437006	0.23695867
80.47199778	6.75319862	0.23695867
80.47599778	6.75319862	0.23695867
80.47999778	6.91437006	0.23695867
80.48399778	6.91437006	0.23695867
80.48799778	6.91437006	0.23695867
80.49199778	6.75319862	0.25276822
80.49599778	6.75319862	0.23695867
80.49999778	6.75319862	0.23695867
80.50399778	6.91437006	0.23695867
80.50799778	6.91437006	0.23695867
80.51199778	6.75319862	0.25276822
80.51599778	6.75319862	0.23695867
80.51999778	6.91437006	0.23695867
80.52399778	6.91437006	0.23695867
80.52799778	6.75319862	0.23695867
80.53199778	6.75319862	0.23695867
80.53599778	6.91437006	0.23695867
80.53999778	6.91437006	0.23695867
80.54399778	6.75319862	0.23695867
80.54799778	6.91437006	0.23695867
80.55199778	6.91437006	0.23695867
80.55599778	6.75319862	0.23695867
80.55999778	6.75319862	0.23695867
80.56399778	6.75319862	0.23695867
80.56799778	6.75319862	0.23695867
80.57199778	6.91437006	0.23695867
80.57599778	6.91437006	0.23695867
80.57999778	6.91437006	0.23695867
80.58399778	6.75319862	0.25276822
80.58799777	6.75319862	0.23695867
80.59199777	6.75319862	0.23695867
80.59599777	6.91437006	0.23695867
80.59999777	6.91437006	0.23695867
80.60399777	6.91437006	0.23695867
80.60799777	6.91437006	0.23695867
80.61199777	6.75319862	0.23695867
80.61599777	6.75319862	0.23695867
80.61999777	6.75319862	0.23695867
80.62399777	6.91437006	0.23695867
80.62799777	6.91437006	0.23695867
80.63199777	6.75319862	0.23695867
80.63599777	6.75319862	0.23695867
80.63999777	6.91437006	0.23695867
80.64399777	6.91437006	0.23695867
80.64799777	6.91437006	0.23695867
80.65199777	6.75319862	0.23695867
80.65599777	6.75319862	0.23695867
80.65999777	6.91437006	0.23695867
80.66399777	6.91437006	0.23695867
80.66799777	6.75319862	0.23695867
80.67199777	6.75319862	0.23695867
80.67599777	6.75319862	0.23695867
80.67999777	6.91437006	0.23695867
80.68399777	6.91437006	0.23695867
80.68799777	6.75319862	0.23695867
80.69199777	6.75319862	0.23695867
80.69599777	6.75319862	0.23695867
80.69999777	6.75319862	0.23695867
80.70399777	6.91437006	0.23695867
80.70799777	6.75319862	0.23695867
80.71199777	6.75319862	0.23695867
80.71599777	6.75319862	0.23695867
80.71999777	6.75319862	0.23695867
80.72399777	6.91437006	0.23695867
80.72799777	6.91437006	0.23695867
80.73199777	6.91437006	0.23695867
80.73599777	6.75319862	0.23695867
80.73999777	6.75319862	0.23695867
80.74399777	6.75319862	0.23695867
80.74799777	6.75319862	0.23695867
80.75199777	6.91437006	0.23695867
80.75599777	6.91437006	0.23695867
80.75999777	6.91437006	0.25276822
80.76399777	6.75319862	0.23695867
80.76799777	6.75319862	0.23695867
80.77199777	6.75319862	0.23695867
80.77599777	6.75319862	0.23695867
80.77999777	6.75319862	0.23695867
80.78399777	6.75319862	0.25276822
80.78799777	6.91437006	0.23695867
80.79199777	6.91437006	0.23695867
80.79599777	6.75319862	0.23695867
80.79999777	6.59264278	0.23695867
80.80399777	6.75319862	0.23695867
80.80799777	6.91437006	0.23695867
80.81199777	6.91437006	0.23695867
80.81599777	6.75319862	0.23695867
80.81999777	6.75319862	0.23695867
80.82399777	6.75319862	0.23695867
80.82799777	6.75319862	0.23695867
80.83199777	6.75319862	0.23695867
80.83599777	6.91437006	0.23695867
80.83999777	6.91437006	0.23695867
80.84399777	6.91437006	0.23695867
80.84799777	6.75319862	0.23695867
80.85199777	6.59264278	0.23695867
80.85599777	6.75319862	0.23695867
80.85999777	6.75319862	0.23695867
80.86399777	6.91437006	0.23695867
80.86799777	6.91437006	0.23695867
80.87199777	6.75319862	0.23695867
80.87599777	6.75319862	0.23695867
80.87999777	6.75319862	0.23695867
80.88399777	6.75319862	0.23695867
80.88799777	6.75319862	0.23695867
80.89199777	6.75319862	0.23695867
80.89599777	6.91437006	0.23695867
80.89999777	6.91437006	0.23695867
80.90399777	6.75319862	0.23695867
80.90799777	6.75319862	0.23695867
80.91199777	6.75319862	0.23695867
80.91599777	6.91437006	0.23695867
80.91999777	6.91437006	0.23695867
80.92399777	6.91437006	0.23695867
80.92799777	6.91437006	0.23695867
80.93199777	6.75319862	0.23695867
80.93599777	6.59264278	0.23695867
80.93999777	6.75319862	0.23695867
80.94399776	6.91437006	0.23695867
80.94799776	6.91437006	0.23695867
80.95199776	6.75319862	0.23695867
80.95599776	6.75319862	0.23695867
80.95999776	6.75319862	0.23695867
80.96399776	6.75319862	0.23695867
80.96799776	6.75319862	0.23695867
80.97199776	6.75319862	0.23695867
80.97599776	6.75319862	0.23695867
80.97999776	6.91437006	0.23695867
80.98399776	6.91437006	0.23695867
80.98799776	6.75319862	0.23695867
80.99199776	6.59264278	0.23695867
80.99599776	6.75319862	0.23695867
80.99999776	6.75319862	0.23695867
81.00399776	6.91437006	0.23695867
81.00799776	6.91437006	0.23695867
81.01199776	6.75319862	0.23695867
81.01599776	6.75319862	0.23695867
81.01999776	6.75319862	0.23695867
81.02399776	6.75319862	0.23695867
81.02799776	6.75319862	0.23695867
81.03199776	6.91437006	0.23695867
81.03599776	6.75319862	0.23695867
81.03999776	6.75319862	0.23695867
81.04399776	6.75319862	0.23695867
81.04799776	6.75319862	0.23695867
81.05199776	6.75319862	0.23695867
81.05599776	6.91437006	0.23695867
81.05999776	6.91437006	0.23695867
81.06399776	6.75319862	0.23695867
81.06799776	6.59264278	0.23695867
81.07199776	6.59264278	0.23695867
81.07599776	6.75319862	0.23695867
81.07999776	6.91437006	0.23695867
81.08399776	6.91437006	0.23695867
81.08799776	6.75319862	0.25276822
81.09199776	6.59264278	0.23695867
81.09599776	6.75319862	0.23695867
81.09999776	6.75319862	0.23695867
81.10399776	6.91437006	0.23695867
81.10799776	6.91437006	0.23695867
81.11199776	6.91437006	0.23695867
81.11599776	6.75319862	0.23695867
81.11999776	6.75319862	0.23695867
81.12399776	6.75319862	0.23695867
81.12799776	6.75319862	0.23695867
81.13199776	6.91437006	0.23695867
81.13599776	6.91437006	0.23695867
81.13999776	6.91437006	0.23695867
81.14399776	6.75319862	0.23695867
81.14799776	6.75319862	0.23695867
81.15199776	6.75319862	0.23695867
81.15599776	6.91437006	0.23695867
81.15999776	6.91437006	0.23695867
81.16399776	6.91437006	0.23695867
81.16799776	6.75319862	0.23695867
81.17199776	6.75319862	0.23695867
81.17599776	6.75319862	0.23695867
81.17999776	6.75319862	0.23695867
81.18399776	6.91437006	0.23695867
81.18799776	6.91437006	0.23695867
81.19199776	6.91437006	0.23695867
81.19599776	6.75319862	0.23695867
81.19999776	6.75319862	0.23695867
81.20399776	6.75319862	0.23695867
81.20799776	6.91437006	0.23695867
81.21199776	6.91437006	0.23695867
81.21599776	6.91437006	0.23695867
81.21999776	6.75319862	0.23695867
81.22399776	6.75319862	0.23695867
81.22799776	6.75319862	0.23695867
81.23199776	6.75319862	0.23695867
81.23599776	6.75319862	0.23695867
81.23999776	6.75319862	0.23695867
81.24399776	6.75319862	0.23695867
81.24799776	6.75319862	0.23695867
81.25199776	6.75319862	0.23695867
81.25599776	6.75319862	0.23695867
81.25999776	6.75319862	0.23695867
81.26399776	6.75319862	0.23695867
81.26799776	6.75319862	0.23695867
81.27199776	6.75319862	0.23695867
81.27599776	6.75319862	0.23695867
81.27999776	6.75319862	0.23695867
81.28399776	6.75319862	0.23695867
81.28799776	6.91437006	0.23695867
81.29199776	6.75319862	0.23695867
81.29599775	6.75319862	0.23695867
81.29999775	6.75319862	0.23695867
81.30399775	6.75319862	0.23695867
81.30799775	6.75319862	0.23695867
81.31199775	6.75319862	0.23695867
81.31599775	6.75319862	0.23695867
81.31999775	6.75319862	0.23695867
81.32399775	6.75319862	0.23695867
81.32799775	6.75319862	0.23695867
81.33199775	6.75319862	0.23695867
81.33599775	6.75319862	0.23695867
81.33999775	6.75319862	0.23695867
81.34399775	6.75319862	0.23695867
81.34799775	6.75319862	0.23695867
81.35199775	6.91437006	0.23695867
81.35599775	6.91437006	0.23695867
81.35999775	6.75319862	0.23695867
81.36399775	6.75319862	0.23695867
81.36799775	6.75319862	0.23695867
81.37199775	6.75319862	0.23695867
81.37599775	6.75319862	0.23695867
81.37999775	6.75319862	0.23695867
81.38399775	6.75319862	0.23695867
81.38799775	6.75319862	0.23695867
81.39199775	6.75319862	0.23695867
81.39599775	6.75319862	0.23695867
81.39999775	6.75319862	0.23695867
81.40399775	6.75319862	0.23695867
81.40799775	6.75319862	0.23695867
81.41199775	6.75319862	0.23695867
81.41599775	6.75319862	0.23695867
81.41999775	6.75319862	0.23695867
81.42399775	6.75319862	0.23695867
81.42799775	6.75319862	0.23695867
81.43199775	6.75319862	0.23695867
81.43599775	6.75319862	0.23695867
81.43999775	6.75319862	0.23695867
81.44399775	6.75319862	0.23695867
81.44799775	6.75319862	0.23695867
81.45199775	6.75319862	0.23695867
81.45599775	6.75319862	0.23695867
81.45999775	6.75319862	0.23695867
81.46399775	6.75319862	0.23695867
81.46799775	6.75319862	0.23695867
81.47199775	6.91437006	0.23695867
81.47599775	6.75319862	0.23695867
81.47999775	6.75319862	0.23695867
81.48399775	6.75319862	0.23695867
81.48799775	6.75319862	0.23695867
81.49199775	6.75319862	0.23695867
81.49599775	6.75319862	0.23695867
81.49999775	6.75319862	0.23695867
81.50399775	6.75319862	0.23695867
81.50799775	6.75319862	0.23695867
81.51199775	6.75319862	0.23695867
81.51599775	6.75319862	0.23695867
81.51999775	6.75319862	0.23695867
81.52399775	6.75319862	0.23695867
81.52799775	6.75319862	0.23695867
81.53199775	6.75319862	0.23695867
81.53599775	6.75319862	0.23695867
81.53999775	6.75319862	0.23695867
81.54399775	6.91437006	0.23695867
81.54799775	6.75319862	0.23695867
81.55199775	6.75319862	0.23695867
81.55599775	6.75319862	0.23695867
81.55999775	6.75319862	0.23695867
81.56399775	6.75319862	0.23695867
81.56799775	6.75319862	0.23695867
81.57199775	6.75319862	0.23695867
81.57599775	6.75319862	0.23695867
81.57999775	6.75319862	0.23695867
81.58399775	6.75319862	0.23695867
81.58799775	6.75319862	0.23695867
81.59199775	6.75319862	0.23695867
81.59599775	6.75319862	0.23695867
81.59999775	6.75319862	0.23695867
81.60399775	6.75319862	0.23695867
81.60799775	6.75319862	0.23695867
81.61199775	6.75319862	0.23695867
81.61599775	6.75319862	0.23695867
81.61999775	6.75319862	0.23695867
81.62399775	6.75319862	0.23695867
81.62799775	6.75319862	0.23695867
81.63199775	6.75319862	0.23695867
81.63599775	6.75319862	0.23695867
81.63999775	6.75319862	0.23695867
81.64399775	6.75319862	0.23695867
81.64799775	6.75319862	0.23695867
81.65199774	6.75319862	0.23695867
81.65599774	6.75319862	0.23695867
81.65999774	6.75319862	0.23695867
81.66399774	6.75319862	0.23695867
81.66799774	6.75319862	0.23695867
81.67199774	6.75319862	0.23695867
81.67599774	6.75319862	0.23695867
81.67999774	6.75319862	0.23695867
81.68399774	6.75319862	0.23695867
81.68799774	6.75319862	0.23695867
81.69199774	6.75319862	0.23695867
81.69599774	6.75319862	0.23695867
81.69999774	6.75319862	0.23695867
81.70399774	6.91437006	0.23695867
81.70799774	6.91437006	0.23695867
81.71199774	6.75319862	0.23695867
81.71599774	6.75319862	0.23695867
81.71999774	6.75319862	0.23695867
81.72399774	6.75319862	0.23695867
81.72799774	6.75319862	0.23695867
81.73199774	6.75319862	0.23695867
81.73599774	6.75319862	0.23695867
81.73999774	6.75319862	0.23695867
81.74399774	6.75319862	0.23695867
81.74799774	6.75319862	0.23695867
81.75199774	6.75319862	0.23695867
81.75599774	6.75319862	0.23695867
81.75999774	6.75319862	0.23695867
81.76399774	6.75319862	0.23695867
81.76799774	6.75319862	0.23695867
81.77199774	6.75319862	0.23695867
81.77599774	6.75319862	0.23695867
81.77999774	6.75319862	0.23695867
81.78399774	6.75319862	0.23695867
81.78799774	6.75319862	0.23695867
81.79199774	6.75319862	0.23695867
81.79599774	6.75319862	0.23695867
81.79999774	6.75319862	0.23695867
81.80399774	6.75319862	0.23695867
81.80799774	6.75319862	0.23695867
81.81199774	6.75319862	0.23695867
81.81599774	6.75319862	0.23695867
81.81999774	6.75319862	0.23695867
81.82399774	6.75319862	0.23695867
81.82799774	6.75319862	0.23695867
81.83199774	6.75319862	0.23695867
81.83599774	6.75319862	0.23695867
81.83999774	6.75319862	0.23695867
81.84399774	6.75319862	0.23695867
81.84799774	6.75319862	0.23695867
81.85199774	6.75319862	0.23695867
81.85599774	6.75319862	0.23695867
81.85999774	6.75319862	0.23695867
81.86399774	6.75319862	0.23695867
81.86799774	6.75319862	0.23695867
81.87199774	6.75319862	0.23695867
81.87599774	6.75319862	0.23695867
81.87999774	6.75319862	0.23695867
81.88399774	6.75319862	0.23695867
81.88799774	6.75319862	0.23695867
81.89199774	6.75319862	0.23695867
81.89599774	6.75319862	0.23695867
81.89999774	6.75319862	0.23695867
81.90399774	6.75319862	0.23695867
81.90799774	6.75319862	0.23695867
81.91199774	6.75319862	0.23695867
81.91599774	6.75319862	0.23695867
81.91999774	6.75319862	0.23695867
81.92399774	6.75319862	0.23695867
81.92799774	6.75319862	0.23695867
81.93199774	6.75319862	0.23695867
81.93599774	6.75319862	0.23695867
81.93999774	6.75319862	0.23695867
81.94399774	6.75319862	0.23695867
81.94799774	6.75319862	0.23695867
81.95199774	6.75319862	0.23695867
81.95599774	6.75319862	0.23695867
81.95999774	6.75319862	0.23695867
81.96399774	6.75319862	0.23695867
81.96799774	6.75319862	0.23695867
81.97199774	6.75319862	0.23695867
81.97599774	6.75319862	0.23695867
81.97999774	6.75319862	0.23695867
81.98399774	6.91437006	0.23695867
81.98799774	6.75319862	0.23695867
81.99199774	6.59264278	0.23695867
81.99599774	6.59264278	0.23695867
81.99999774	6.75319862	0.23695867
82.00399773	6.75319862	0.23695867
82.00799773	6.91437006	0.23695867
82.01199773	6.75319862	0.23695867
82.01599773	6.75319862	0.23695867
82.01999773	6.75319862	0.23695867
82.02399773	6.59264278	0.23695867
82.02799773	6.75319862	0.23695867
82.03199773	6.75319862	0.23695867
82.03599773	6.91437006	0.23695867
82.03999773	6.91437006	0.23695867
82.04399773	6.75319862	0.23695867
82.04799773	6.75319862	0.23695867
82.05199773	6.59264278	0.23695867
82.05599773	6.75319862	0.23695867
82.05999773	6.75319862	0.23695867
82.06399773	6.75319862	0.23695867
82.06799773	6.75319862	0.23695867
82.07199773	6.75319862	0.23695867
82.07599773	6.75319862	0.23695867
82.07999773	6.75319862	0.23695867
82.08399773	6.75319862	0.23695867
82.08799773	6.91437006	0.23695867
82.09199773	6.75319862	0.23695867
82.09599773	6.75319862	0.23695867
82.09999773	6.75319862	0.23695867
82.10399773	6.75319862	0.23695867
82.10799773	6.75319862	0.23695867
82.11199773	6.75319862	0.23695867
82.11599773	6.75319862	0.23695867
82.11999773	6.75319862	0.23695867
82.12399773	6.75319862	0.23695867
82.12799773	6.75319862	0.23695867
82.13199773	6.75319862	0.23695867
82.13599773	6.75319862	0.23695867
82.13999773	6.75319862	0.23695867
82.14399773	6.91437006	0.23695867
82.14799773	6.75319862	0.23695867
82.15199773	6.75319862	0.23695867
82.15599773	6.75319862	0.23695867
82.15999773	6.75319862	0.23695867
82.16399773	6.75319862	0.23695867
82.16799773	6.75319862	0.23695867
82.17199773	6.91437006	0.23695867
82.17599773	6.75319862	0.23695867
82.17999773	6.75319862	0.23695867
82.18399773	6.75319862	0.23695867
82.18799773	6.75319862	0.23695867
82.19199773	6.75319862	0.23695867
82.19599773	6.75319862	0.23695867
82.19999773	6.75319862	0.23695867
82.20399773	6.75319862	0.23695867
82.20799773	6.75319862	0.23695867
82.21199773	6.75319862	0.23695867
82.21599773	6.75319862	0.23695867
82.21999773	6.75319862	0.23695867
82.22399773	6.75319862	0.23695867
82.22799773	6.75319862	0.23695867
82.23199773	6.75319862	0.23695867
82.23599773	6.75319862	0.23695867
82.23999773	6.75319862	0.23695867
82.24399773	6.75319862	0.23695867
82.24799773	6.75319862	0.23695867
82.25199773	6.75319862	0.23695867
82.25599773	6.75319862	0.23695867
82.25999773	6.75319862	0.23695867
82.26399773	6.75319862	0.23695867
82.26799773	6.75319862	0.23695867
82.27199773	6.75319862	0.23695867
82.27599773	6.75319862	0.23695867
82.27999773	6.75319862	0.23695867
82.28399773	6.75319862	0.23695867
82.28799773	6.75319862	0.23695867
82.29199773	6.75319862	0.23695867
82.29599773	6.75319862	0.23695867
82.29999773	6.75319862	0.23695867
82.30399773	6.75319862	0.23695867
82.30799773	6.75319862	0.23695867
82.31199773	6.75319862	0.23695867
82.31599773	6.75319862	0.23695867
82.31999773	6.91437006	0.23695867
82.32399773	6.91437006	0.23695867
82.32799773	6.91437006	0.23695867
82.33199773	6.75319862	0.23695867
82.33599773	6.75319862	0.23695867
82.33999773	6.75319862	0.23695867
82.34399773	6.91437006	0.23695867
82.34799773	6.91437006	0.23695867
82.35199773	6.91437006	0.23695867
82.35599772	6.75319862	0.23695867
82.35999772	6.75319862	0.23695867
82.36399772	6.75319862	0.23695867
82.36799772	6.75319862	0.23695867
82.37199772	6.91437006	0.23695867
82.37599772	6.91437006	0.23695867
82.37999772	6.91437006	0.23695867
82.38399772	6.75319862	0.23695867
82.38799772	6.75319862	0.23695867
82.39199772	6.91437006	0.23695867
82.39599772	6.75319862	0.23695867
82.39999772	6.75319862	0.23695867
82.40399772	6.75319862	0.23695867
82.40799772	6.91437006	0.23695867
82.41199772	6.75319862	0.23695867
82.41599772	6.75319862	0.23695867
82.41999772	6.75319862	0.23695867
82.42399772	6.91437006	0.23695867
82.42799772	6.75319862	0.23695867
82.43199772	6.75319862	0.23695867
82.43599772	6.75319862	0.23695867
82.43999772	6.91437006	0.23695867
82.44399772	6.91437006	0.23695867
82.44799772	6.75319862	0.23695867
82.45199772	6.75319862	0.23695867
82.45599772	6.91437006	0.23695867
82.45999772	6.91437006	0.23695867
82.46399772	6.91437006	0.23695867
82.46799772	6.75319862	0.23695867
82.47199772	6.75319862	0.23695867
82.47599772	6.91437006	0.23695867
82.47999772	6.75319862	0.23695867
82.48399772	6.75319862	0.23695867
82.48799772	6.91437006	0.23695867
82.49199772	6.91437006	0.23695867
82.49599772	6.91437006	0.23695867
82.49999772	6.75319862	0.23695867
82.50399772	6.75319862	0.23695867
82.50799772	6.91437006	0.23695867
82.51199772	6.91437006	0.23695867
82.51599772	6.91437006	0.23695867
82.51999772	6.75319862	0.23695867
82.52399772	6.91437006	0.22114912
82.52799772	6.91437006	0.23695867
82.53199772	6.75319862	0.23695867
82.53599772	6.75319862	0.23695867
82.53999772	6.75319862	0.23695867
82.54399772	6.91437006	0.23695867
82.54799772	6.91437006	0.23695867
82.55199772	6.75319862	0.23695867
82.55599772	6.75319862	0.23695867
82.55999772	6.75319862	0.23695867
82.56399772	6.91437006	0.23695867
82.56799772	6.91437006	0.23695867
82.57199772	6.91437006	0.23695867
82.57599772	6.75319862	0.23695867
82.57999772	6.91437006	0.23695867
82.58399772	6.91437006	0.23695867
82.58799772	6.91437006	0.23695867
82.59199772	6.91437006	0.23695867
82.59599772	6.75319862	0.23695867
82.59999772	6.75319862	0.23695867
82.60399772	6.91437006	0.23695867
82.60799772	6.91437006	0.23695867
82.61199772	6.91437006	0.22114912
82.61599772	6.75319862	0.23695867
82.61999772	6.75319862	0.23695867
82.62399772	6.75319862	0.23695867
82.62799772	6.91437006	0.22114912
82.63199772	6.91437006	0.23695867
82.63599772	6.91437006	0.23695867
82.63999772	6.75319862	0.23695867
82.64399772	6.75319862	0.23695867
82.64799772	6.75319862	0.23695867
82.65199772	6.75319862	0.23695867
82.65599772	6.91437006	0.23695867
82.65999772	6.91437006	0.23695867
82.66399772	6.91437006	0.23695867
82.66799772	6.75319862	0.23695867
82.67199772	6.75319862	0.23695867
82.67599772	6.75319862	0.23695867
82.67999772	6.91437006	0.23695867
82.68399772	6.91437006	0.23695867
82.68799772	6.75319862	0.23695867
82.69199772	6.75319862	0.23695867
82.69599772	6.91437006	0.23695867
82.69999772	6.91437006	0.23695867
82.70399772	6.75319862	0.23695867
82.70799772	6.75319862	0.23695867
82.71199771	6.91437006	0.23695867
82.71599771	6.91437006	0.23695867
82.71999771	6.75319862	0.23695867
82.72399771	6.75319862	0.22114912
82.72799771	6.75319862	0.23695867
82.73199771	6.91437006	0.23695867
82.73599771	6.91437006	0.23695867
82.73999771	6.75319862	0.23695867
82.74399771	6.91437006	0.23695867
82.74799771	6.91437006	0.23695867
82.75199771	6.91437006	0.23695867
82.75599771	6.75319862	0.23695867
82.75999771	6.75319862	0.23695867
82.76399771	6.91437006	0.23695867
82.76799771	6.91437006	0.23695867
82.77199771	6.75319862	0.23695867
82.77599771	6.75319862	0.22114912
82.77999771	6.91437006	0.23695867
82.78399771	6.91437006	0.23695867
82.78799771	6.75319862	0.23695867
82.79199771	6.91437006	0.23695867
82.79599771	6.91437006	0.23695867
82.79999771	6.91437006	0.23695867
82.80399771	6.75319862	0.23695867
82.80799771	6.75319862	0.23695867
82.81199771	6.91437006	0.23695867
82.81599771	6.91437006	0.23695867
82.81999771	6.91437006	0.23695867
82.82399771	6.75319862	0.23695867
82.82799771	6.75319862	0.22114912
82.83199771	6.91437006	0.23695867
82.83599771	6.91437006	0.23695867
82.83999771	6.91437006	0.23695867
82.84399771	6.91437006	0.23695867
82.84799771	6.91437006	0.23695867
82.85199771	6.91437006	0.23695867
82.85599771	6.75319862	0.23695867
82.85999771	6.75319862	0.23695867
82.86399771	6.75319862	0.23695867
82.86799771	6.91437006	0.23695867
82.87199771	7.07492638	0.23695867
82.87599771	6.91437006	0.23695867
82.87999771	6.75319862	0.23695867
82.88399771	6.75319862	0.23695867
82.88799771	6.75319862	0.23695867
82.89199771	6.91437006	0.23695867
82.89599771	6.91437006	0.23695867
82.89999771	6.91437006	0.23695867
82.90399771	6.75319862	0.23695867
82.90799771	6.75319862	0.22114912
82.91199771	6.75319862	0.23695867
82.91599771	6.75319862	0.23695867
82.91999771	6.91437006	0.23695867
82.92399771	6.91437006	0.23695867
82.92799771	6.91437006	0.23695867
82.93199771	6.75319862	0.23695867
82.93599771	6.75319862	0.23695867
82.93999771	6.91437006	0.22114912
82.94399771	6.91437006	0.23695867
82.94799771	6.91437006	0.23695867
82.95199771	6.91437006	0.23695867
82.95599771	6.91437006	0.23695867
82.95999771	6.91437006	0.23695867
82.96399771	6.75319862	0.23695867
82.96799771	6.75319862	0.23695867
82.97199771	6.75319862	0.23695867
82.97599771	6.91437006	0.23695867
82.97999771	6.91437006	0.23695867
82.98399771	6.91437006	0.23695867
82.98799771	6.75319862	0.23695867
82.99199771	6.91437006	0.23695867
82.99599771	6.75319862	0.23695867
82.99999771	6.91437006	0.23695867
83.00399771	6.75319862	0.23695867
83.00799771	6.91437006	0.23695867
83.01199771	6.91437006	0.23695867
83.01599771	6.75319862	0.23695867
83.01999771	6.75319862	0.23695867
83.02399771	6.91437006	0.22114912
83.02799771	6.91437006	0.23695867
83.03199771	6.91437006	0.23695867
83.03599771	6.75319862	0.22114912
83.03999771	6.91437006	0.23695867
83.04399771	6.91437006	0.23695867
83.04799771	6.91437006	0.22114912
83.05199771	6.75319862	0.23695867
83.05599771	6.75319862	0.23695867
83.05999771	6.91437006	0.23695867
83.06399770	6.91437006	0.22114912
83.06799770	6.91437006	0.23695867
83.07199770	6.75319862	0.23695867
83.07599770	6.91437006	0.22114912
83.07999770	6.91437006	0.23695867
83.08399770	6.91437006	0.22114912
83.08799770	6.91437006	0.23695867
83.09199770	6.91437006	0.23695867
83.09599770	6.91437006	0.23695867
83.09999770	6.91437006	0.23695867
83.10399770	6.75319862	0.23695867
83.10799770	6.75319862	0.22114912
83.11199770	6.91437006	0.23695867
83.11599770	6.91437006	0.23695867
83.11999770	6.91437006	0.23695867
83.12399770	6.75319862	0.23695867
83.12799770	6.75319862	0.23695867
83.13199770	6.91437006	0.22114912
83.13599770	6.91437006	0.23695867
83.13999770	6.91437006	0.23695867
83.14399770	6.91437006	0.23695867
83.14799770	6.91437006	0.22114912
83.15199770	6.91437006	0.23695867
83.15599770	6.91437006	0.22114912
83.15999770	6.75319862	0.23695867
83.16399770	6.75319862	0.22114912
83.16799770	6.91437006	0.23695867
83.17199770	6.91437006	0.23695867
83.17599770	6.91437006	0.22114912
83.17999770	6.75319862	0.22114912
83.18399770	6.75319862	0.23695867
83.18799770	6.91437006	0.23695867
83.19199770	6.75319862	0.23695867
83.19599770	6.75319862	0.22114912
83.19999770	6.91437006	0.22114912
83.20399770	6.91437006	0.23695867
83.20799770	6.75319862	0.23695867
83.21199770	6.75319862	0.22114912
83.21599770	6.75319862	0.23695867
83.21999770	6.91437006	0.23695867
83.22399770	6.91437006	0.23695867
83.22799770	6.91437006	0.23695867
83.23199770	6.91437006	0.22114912
83.23599770	6.91437006	0.23695867
83.23999770	6.75319862	0.23695867
83.24399770	6.75319862	0.22114912
83.24799770	6.91437006	0.22114912
83.25199770	6.91437006	0.23695867
83.25599770	6.91437006	0.23695867
83.25999770	6.91437006	0.22114912
83.26399770	6.91437006	0.23695867
83.26799770	6.91437006	0.22114912
83.27199770	6.75319862	0.23695867
83.27599770	6.75319862	0.22114912
83.27999770	6.75319862	0.22114912
83.28399770	6.91437006	0.22114912
83.28799770	6.91437006	0.23695867
83.29199770	6.75319862	0.22114912
83.29599770	6.75319862	0.23695867
83.29999770	6.75319862	0.22114912
83.30399770	6.91437006	0.23695867
83.30799770	6.91437006	0.22114912
83.31199770	6.91437006	0.23695867
83.31599770	6.91437006	0.23695867
83.31999770	6.91437006	0.23695867
83.32399770	6.91437006	0.23695867
83.32799770	6.75319862	0.23695867
83.33199770	6.75319862	0.23695867
83.33599770	6.91437006	0.23695867
83.33999770	6.91437006	0.23695867
83.34399770	6.91437006	0.23695867
83.34799770	6.75319862	0.23695867
83.35199770	6.75319862	0.22114912
83.35599770	6.91437006	0.23695867
83.35999770	6.91437006	0.23695867
83.36399770	6.91437006	0.23695867
83.36799770	6.91437006	0.22114912
83.37199770	6.91437006	0.22114912
83.37599770	6.91437006	0.23695867
83.37999770	6.75319862	0.22114912
83.38399770	6.75319862	0.22114912
83.38799770	6.91437006	0.23695867
83.39199770	6.91437006	0.23695867
83.39599770	6.91437006	0.23695867
83.39999770	6.91437006	0.23695867
83.40399770	6.91437006	0.23695867
83.40799770	6.75319862	0.23695867
83.41199770	6.91437006	0.22114912
83.41599770	6.91437006	0.23695867
83.41999769	6.91437006	0.23695867
83.42399769	6.91437006	0.23695867
83.42799769	6.91437006	0.22114912
83.43199769	6.91437006	0.22114912
83.43599769	6.75319862	0.22114912
83.43999769	6.75319862	0.22114912
83.44399769	6.91437006	0.22114912
83.44799769	6.91437006	0.23695867
83.45199769	6.91437006	0.23695867
83.45599769	6.91437006	0.23695867
83.45999769	6.75319862	0.22114912
83.46399769	6.75319862	0.22114912
83.46799769	6.75319862	0.22114912
83.47199769	6.91437006	0.23695867
83.47599769	6.91437006	0.23695867
83.47999769	6.91437006	0.22114912
83.48399769	6.91437006	0.22114912
83.48799769	6.75319862	0.22114912
83.49199769	6.75319862	0.22114912
83.49599769	6.91437006	0.22114912
83.49999769	6.91437006	0.23695867
83.50399769	6.91437006	0.23695867
83.50799769	6.91437006	0.23695867
83.51199769	6.75319862	0.22114912
83.51599769	6.75319862	0.22114912
83.51999769	6.91437006	0.22114912
83.52399769	6.91437006	0.23695867
83.52799769	6.91437006	0.23695867
83.53199769	6.91437006	0.22114912
83.53599769	6.91437006	0.23695867
83.53999769	6.75319862	0.22114912
83.54399769	6.75319862	0.23695867
83.54799769	6.75319862	0.22114912
83.55199769	6.91437006	0.23695867
83.55599769	6.91437006	0.22114912
83.55999769	6.91437006	0.23695867
83.56399769	6.91437006	0.22114912
83.56799769	6.75319862	0.22114912
83.57199769	6.91437006	0.22114912
83.57599769	6.75319862	0.22114912
83.57999769	6.91437006	0.22114912
83.58399769	6.91437006	0.23695867
83.58799769	6.91437006	0.22114912
83.59199769	6.91437006	0.23695867
83.59599769	6.75319862	0.22114912
83.59999769	6.91437006	0.23695867
83.60399769	6.75319862	0.23695867
83.60799769	6.91437006	0.23695867
83.61199769	6.91437006	0.22114912
83.61599769	6.91437006	0.22114912
83.61999769	6.91437006	0.22114912
83.62399769	6.91437006	0.23695867
83.62799769	6.75319862	0.23695867
83.63199769	6.91437006	0.22114912
83.63599769	6.91437006	0.22114912
83.63999769	6.91437006	0.22114912
83.64399769	6.91437006	0.22114912
83.64799769	6.91437006	0.23695867
83.65199769	6.91437006	0.22114912
83.65599769	6.91437006	0.23695867
83.65999769	6.75319862	0.22114912
83.66399769	6.91437006	0.22114912
83.66799769	7.07492638	0.22114912
83.67199769	6.91437006	0.22114912
83.67599769	6.75319862	0.23695867
83.67999769	6.75319862	0.22114912
83.68399769	6.91437006	0.22114912
83.68799769	6.91437006	0.22114912
83.69199769	6.91437006	0.23695867
83.69599769	6.91437006	0.23695867
83.69999769	6.91437006	0.22114912
83.70399769	6.91437006	0.22114912
83.70799769	6.91437006	0.22114912
83.71199769	6.75319862	0.22114912
83.71599769	6.91437006	0.22114912
83.71999769	6.91437006	0.22114912
83.72399769	6.91437006	0.22114912
83.72799769	6.91437006	0.22114912
83.73199769	6.91437006	0.22114912
83.73599769	6.91437006	0.22114912
83.73999769	6.91437006	0.22114912
83.74399769	6.75319862	0.23695867
83.74799769	6.75319862	0.22114912
83.75199769	6.91437006	0.22114912
83.75599769	7.07492638	0.22114912
83.75999769	6.91437006	0.23695867
83.76399769	6.75319862	0.22114912
83.76799769	6.91437006	0.22114912
83.77199768	6.91437006	0.22114912
83.77599768	6.91437006	0.22114912
83.77999768	6.91437006	0.22114912
83.78399768	6.91437006	0.22114912
83.78799768	6.91437006	0.23695867
83.79199768	6.75319862	0.23695867
83.79599768	6.75319862	0.22114912
83.79999768	6.91437006	0.22114912
83.80399768	7.07492638	0.22114912
83.80799768	7.07492638	0.23695867
83.81199768	6.75319862	0.22114912
83.81599768	6.75319862	0.22114912
83.81999768	6.91437006	0.22114912
83.82399768	7.07492638	0.22114912
83.82799768	6.91437006	0.22114912
83.83199768	6.91437006	0.23695867
83.83599768	6.91437006	0.22114912
83.83999768	6.91437006	0.23695867
83.84399768	6.91437006	0.22114912
83.84799768	6.75319862	0.22114912
83.85199768	6.91437006	0.22114912
83.85599768	6.91437006	0.23695867
83.85999768	6.91437006	0.23695867
83.86399768	6.91437006	0.22114912
83.86799768	6.75319862	0.22114912
83.87199768	6.91437006	0.22114912
83.87599768	6.91437006	0.22114912
83.87999768	6.91437006	0.22114912
83.88399768	6.91437006	0.22114912
83.88799768	6.75319862	0.23695867
83.89199768	6.91437006	0.22114912
83.89599768	6.91437006	0.23695867
83.89999768	6.91437006	0.22114912
83.90399768	6.91437006	0.23695867
83.90799768	6.91437006	0.22114912
83.91199768	6.91437006	0.22114912
83.91599768	6.91437006	0.23695867
83.91999768	6.91437006	0.22114912
83.92399768	6.75319862	0.22114912
83.92799768	6.75319862	0.22114912
83.93199768	6.91437006	0.22114912
83.93599768	7.07492638	0.22114912
83.93999768	6.91437006	0.22114912
83.94399768	6.91437006	0.22114912
83.94799768	6.75319862	0.22114912
83.95199768	6.75319862	0.22114912
83.95599768	6.91437006	0.22114912
83.95999768	6.91437006	0.23695867
83.96399768	6.91437006	0.22114912
83.96799768	6.91437006	0.22114912
83.97199768	6.91437006	0.22114912
83.97599768	6.91437006	0.23695867
83.97999768	6.75319862	0.22114912
83.98399768	6.75319862	0.22114912
83.98799768	7.07492638	0.22114912
83.99199768	7.07492638	0.23695867
83.99599768	6.91437006	0.23695867
83.99999768	6.75319862	0.22114912
84.00399768	6.75319862	0.22114912
84.00799768	6.75319862	0.23695867
84.01199768	6.75319862	0.22114912
84.01599768	6.91437006	0.22114912
84.01999768	6.91437006	0.22114912
84.02399768	6.91437006	0.22114912
84.02799768	6.75319862	0.22114912
84.03199768	6.59264278	0.22114912
84.03599768	6.75319862	0.22114912
84.03999768	6.91437006	0.22114912
84.04399768	7.07492638	0.22114912
84.04799768	6.91437006	0.23695867
84.05199768	6.91437006	0.22114912
84.05599768	6.75319862	0.22114912
84.05999768	6.75319862	0.22114912
84.06399768	6.75319862	0.22114912
84.06799768	6.91437006	0.22114912
84.07199768	6.91437006	0.22114912
84.07599768	6.91437006	0.23695867
84.07999768	6.75319862	0.22114912
84.08399768	6.75319862	0.22114912
84.08799768	6.75319862	0.23695867
84.09199768	6.91437006	0.22114912
84.09599768	6.91437006	0.22114912
84.09999768	6.91437006	0.22114912
84.10399768	6.91437006	0.23695867
84.10799768	6.75319862	0.22114912
84.11199768	6.75319862	0.22114912
84.11599768	6.75319862	0.22114912
84.11999768	6.91437006	0.22114912
84.12399767	6.91437006	0.22114912
84.12799767	6.91437006	0.23695867
84.13199767	6.91437006	0.22114912
84.13599767	6.91437006	0.22114912
84.13999767	6.75319862	0.22114912
84.14399767	6.75319862	0.22114912
84.14799767	6.75319862	0.22114912
84.15199767	7.07492638	0.22114912
84.15599767	6.91437006	0.22114912
84.15999767	6.91437006	0.22114912
84.16399767	6.75319862	0.22114912
84.16799767	6.75319862	0.22114912
84.17199767	6.75319862	0.22114912
84.17599767	6.91437006	0.22114912
84.17999767	6.91437006	0.22114912
84.18399767	6.91437006	0.22114912
84.18799767	6.75319862	0.22114912
84.19199767	6.75319862	0.22114912
84.19599767	6.75319862	0.22114912
84.19999767	6.91437006	0.22114912
84.20399767	7.07492638	0.22114912
84.20799767	6.91437006	0.23695867
84.21199767	6.91437006	0.22114912
84.21599767	6.75319862	0.22114912
84.21999767	6.75319862	0.22114912
84.22399767	6.75319862	0.22114912
84.22799767	6.91437006	0.22114912
84.23199767	6.91437006	0.23695867
84.23599767	6.91437006	0.22114912
84.23999767	6.91437006	0.22114912
84.24399767	6.75319862	0.22114912
84.24799767	6.75319862	0.22114912
84.25199767	6.91437006	0.22114912
84.25599767	6.91437006	0.22114912
84.25999767	7.07492638	0.22114912
84.26399767	6.91437006	0.22114912
84.26799767	6.75319862	0.22114912
84.27199767	6.75319862	0.22114912
84.27599767	6.75319862	0.22114912
84.27999767	6.91437006	0.22114912
84.28399767	6.91437006	0.23695867
84.28799767	6.91437006	0.22114912
84.29199767	6.91437006	0.22114912
84.29599767	6.91437006	0.22114912
84.29999767	6.75319862	0.22114912
84.30399767	6.75319862	0.22114912
84.30799767	6.91437006	0.22114912
84.31199767	6.91437006	0.23695867
84.31599767	6.91437006	0.22114912
84.31999767	6.91437006	0.22114912
84.32399767	6.75319862	0.22114912
84.32799767	6.91437006	0.22114912
84.33199767	6.91437006	0.22114912
84.33599767	6.91437006	0.22114912
84.33999767	6.91437006	0.22114912
84.34399767	6.91437006	0.22114912
84.34799767	6.91437006	0.22114912
84.35199767	6.91437006	0.22114912
84.35599767	6.91437006	0.22114912
84.35999767	6.91437006	0.22114912
84.36399767	6.91437006	0.22114912
84.36799767	6.91437006	0.22114912
84.37199767	6.91437006	0.22114912
84.37599767	6.91437006	0.22114912
84.37999767	6.91437006	0.22114912
84.38399767	6.91437006	0.22114912
84.38799767	6.75319862	0.22114912
84.39199767	6.75319862	0.22114912
84.39599767	6.91437006	0.22114912
84.39999767	7.07492638	0.22114912
84.40399767	6.91437006	0.22114912
84.40799767	6.75319862	0.22114912
84.41199767	6.75319862	0.22114912
84.41599767	6.91437006	0.22114912
84.41999767	6.91437006	0.22114912
84.42399767	6.91437006	0.22114912
84.42799767	6.91437006	0.22114912
84.43199767	6.91437006	0.22114912
84.43599767	6.91437006	0.22114912
84.43999767	6.91437006	0.22114912
84.44399767	6.91437006	0.22114912
84.44799767	6.91437006	0.22114912
84.45199767	6.91437006	0.23695867
84.45599767	6.75319862	0.22114912
84.45999767	6.91437006	0.22114912
84.46399767	6.91437006	0.22114912
84.46799767	6.91437006	0.22114912
84.47199767	6.91437006	0.23695867
84.47599767	6.75319862	0.22114912
84.47999766	6.91437006	0.22114912
84.48399766	6.91437006	0.22114912
84.48799766	6.91437006	0.22114912
84.49199766	6.91437006	0.22114912
84.49599766	6.91437006	0.22114912
84.49999766	6.91437006	0.22114912
84.50399766	6.91437006	0.22114912
84.50799766	6.75319862	0.22114912
84.51199766	6.75319862	0.22114912
84.51599766	6.75319862	0.22114912
84.51999766	6.91437006	0.22114912
84.52399766	7.07492638	0.22114912
84.52799766	6.91437006	0.22114912
84.53199766	6.91437006	0.22114912
84.53599766	6.91437006	0.22114912
84.53999766	6.91437006	0.22114912
84.54399766	6.91437006	0.22114912
84.54799766	6.91437006	0.22114912
84.55199766	6.91437006	0.22114912
84.55599766	6.91437006	0.22114912
84.55999766	6.91437006	0.22114912
84.56399766	6.91437006	0.22114912
84.56799766	6.91437006	0.22114912
84.57199766	6.91437006	0.22114912
84.57599766	6.91437006	0.22114912
84.57999766	6.91437006	0.22114912
84.58399766	6.91437006	0.22114912
84.58799766	6.91437006	0.22114912
84.59199766	6.91437006	0.22114912
84.59599766	6.91437006	0.22114912
84.59999766	6.91437006	0.22114912
84.60399766	6.91437006	0.22114912
84.60799766	6.91437006	0.22114912
84.61199766	6.91437006	0.22114912
84.61599766	6.91437006	0.22114912
84.61999766	6.91437006	0.22114912
84.62399766	6.91437006	0.22114912
84.62799766	6.91437006	0.22114912
84.63199766	6.91437006	0.22114912
84.63599766	6.91437006	0.22114912
84.63999766	6.91437006	0.22114912
84.64399766	6.75319862	0.22114912
84.64799766	6.91437006	0.22114912
84.65199766	6.91437006	0.22114912
84.65599766	6.91437006	0.22114912
84.65999766	6.91437006	0.22114912
84.66399766	6.75319862	0.22114912
84.66799766	6.91437006	0.22114912
84.67199766	6.91437006	0.22114912
84.67599766	6.75319862	0.22114912
84.67999766	6.75319862	0.22114912
84.68399766	6.91437006	0.22114912
84.68799766	6.91437006	0.22114912
84.69199766	6.91437006	0.22114912
84.69599766	6.91437006	0.22114912
84.69999766	6.91437006	0.22114912
84.70399766	6.91437006	0.22114912
84.70799766	6.91437006	0.22114912
84.71199766	6.91437006	0.22114912
84.71599766	6.91437006	0.22114912
84.71999766	6.91437006	0.22114912
84.72399766	6.91437006	0.22114912
84.72799766	6.75319862	0.22114912
84.73199766	6.75319862	0.22114912
84.73599766	6.91437006	0.22114912
84.73999766	7.07492638	0.22114912
84.74399766	6.91437006	0.22114912
84.74799766	6.75319862	0.22114912
84.75199766	6.75319862	0.22114912
84.75599766	6.91437006	0.22114912
84.75999766	6.91437006	0.22114912
84.76399766	6.91437006	0.22114912
84.76799766	6.91437006	0.22114912
84.77199766	6.91437006	0.22114912
84.77599766	6.91437006	0.22114912
84.77999766	6.91437006	0.22114912
84.78399766	6.91437006	0.22114912
84.78799766	6.91437006	0.22114912
84.79199766	6.91437006	0.22114912
84.79599766	6.91437006	0.22114912
84.79999766	6.91437006	0.22114912
84.80399766	6.75319862	0.22114912
84.80799766	6.91437006	0.22114912
84.81199766	6.91437006	0.22114912
84.81599766	6.91437006	0.22114912
84.81999766	6.91437006	0.22114912
84.82399766	6.91437006	0.22114912
84.82799766	6.91437006	0.22114912
84.83199765	6.91437006	0.22114912
84.83599765	6.91437006	0.22114912
84.83999765	6.91437006	0.22114912
84.84399765	6.91437006	0.22114912
84.84799765	6.91437006	0.22114912
84.85199765	6.91437006	0.22114912
84.85599765	6.75319862	0.22114912
84.85999765	6.91437006	0.22114912
84.86399765	6.91437006	0.22114912
84.86799765	6.91437006	0.22114912
84.87199765	6.91437006	0.22114912
84.87599765	6.91437006	0.22114912
84.87999765	6.91437006	0.22114912
84.88399765	6.75319862	0.22114912
84.88799765	6.91437006	0.22114912
84.89199765	6.91437006	0.22114912
84.89599765	6.91437006	0.22114912
84.89999765	6.91437006	0.22114912
84.90399765	6.91437006	0.22114912
84.90799765	6.75319862	0.22114912
84.91199765	6.75319862	0.22114912
84.91599765	6.91437006	0.22114912
84.91999765	6.91437006	0.22114912
84.92399765	6.91437006	0.22114912
84.92799765	6.91437006	0.22114912
84.93199765	6.91437006	0.22114912
84.93599765	6.91437006	0.22114912
84.93999765	6.91437006	0.22114912
84.94399765	6.91437006	0.22114912
84.94799765	6.91437006	0.22114912
84.95199765	6.91437006	0.22114912
84.95599765	6.91437006	0.22114912
84.95999765	6.91437006	0.22114912
84.96399765	6.75319862	0.22114912
84.96799765	6.91437006	0.22114912
84.97199765	6.91437006	0.22114912
84.97599765	6.91437006	0.22114912
84.97999765	6.91437006	0.22114912
84.98399765	6.91437006	0.22114912
84.98799765	6.91437006	0.22114912
84.99199765	6.75319862	0.22114912
84.99599765	6.75319862	0.22114912
84.99999765	6.91437006	0.22114912
85.00399765	7.07492638	0.22114912
85.00799765	6.91437006	0.22114912
85.01199765	6.75319862	0.22114912
85.01599765	6.75319862	0.22114912
85.01999765	6.91437006	0.22114912
85.02399765	6.91437006	0.22114912
85.02799765	6.91437006	0.22114912
85.03199765	6.91437006	0.22114912
85.03599765	6.91437006	0.22114912
85.03999765	6.91437006	0.22114912
85.04399765	6.75319862	0.22114912
85.04799765	6.75319862	0.22114912
85.05199765	6.91437006	0.22114912
85.05599765	6.91437006	0.22114912
85.05999765	6.91437006	0.22114912
85.06399765	6.91437006	0.22114912
85.06799765	6.91437006	0.22114912
85.07199765	6.91437006	0.22114912
85.07599765	6.91437006	0.22114912
85.07999765	6.91437006	0.22114912
85.08399765	6.91437006	0.22114912
85.08799765	6.91437006	0.22114912
85.09199765	6.91437006	0.22114912
85.09599765	6.75319862	0.22114912
85.09999765	6.75319862	0.22114912
85.10399765	6.91437006	0.22114912
85.10799765	7.07492638	0.22114912
85.11199765	6.91437006	0.22114912
85.11599765	6.91437006	0.22114912
85.11999765	6.75319862	0.22114912
85.12399765	6.91437006	0.22114912
85.12799765	6.91437006	0.22114912
85.13199765	6.91437006	0.22114912
85.13599765	6.91437006	0.22114912
85.13999765	6.91437006	0.22114912
85.14399765	7.07492638	0.22114912
85.14799765	6.91437006	0.22114912
85.15199765	6.75319862	0.22114912
85.15599765	6.75319862	0.22114912
85.15999765	6.91437006	0.22114912
85.16399765	6.91437006	0.22114912
85.16799765	6.91437006	0.22114912
85.17199765	6.91437006	0.22114912
85.17599765	6.91437006	0.22114912
85.17999765	6.91437006	0.22114912
85.18399765	6.75319862	0.22114912
85.18799764	6.91437006	0.22114912
85.19199764	6.91437006	0.22114912
85.19599764	7.07492638	0.22114912
85.19999764	6.91437006	0.22114912
85.20399764	6.91437006	0.22114912
85.20799764	6.91437006	0.22114912
85.21199764	6.91437006	0.22114912
85.21599764	6.91437006	0.22114912
85.21999764	6.75319862	0.22114912
85.22399764	6.91437006	0.22114912
85.22799764	7.07492638	0.22114912
85.23199764	6.91437006	0.22114912
85.23599764	6.75319862	0.22114912
85.23999764	6.75319862	0.22114912
85.24399764	6.91437006	0.22114912
85.24799764	7.07492638	0.22114912
85.25199764	6.91437006	0.22114912
85.25599764	6.91437006	0.22114912
85.25999764	6.75319862	0.22114912
85.26399764	6.91437006	0.22114912
85.26799764	6.75319862	0.22114912
85.27199764	6.75319862	0.22114912
85.27599764	6.91437006	0.22114912
85.27999764	7.07492638	0.22114912
85.28399764	6.91437006	0.22114912
85.28799764	6.75319862	0.22114912
85.29199764	6.75319862	0.22114912
85.29599764	6.91437006	0.22114912
85.29999764	6.91437006	0.22114912
85.30399764	6.91437006	0.22114912
85.30799764	6.91437006	0.22114912
85.31199764	6.91437006	0.22114912
85.31599764	6.91437006	0.22114912
85.31999764	6.75319862	0.22114912
85.32399764	6.75319862	0.22114912
85.32799764	6.91437006	0.22114912
85.33199764	7.07492638	0.22114912
85.33599764	6.91437006	0.22114912
85.33999764	6.75319862	0.22114912
85.34399764	6.91437006	0.22114912
85.34799764	6.91437006	0.22114912
85.35199764	6.91437006	0.22114912
85.35599764	6.91437006	0.22114912
85.35999764	6.91437006	0.22114912
85.36399764	6.91437006	0.22114912
85.36799764	6.91437006	0.22114912
85.37199764	6.91437006	0.22114912
85.37599764	6.91437006	0.22114912
85.37999764	6.75319862	0.22114912
85.38399764	6.91437006	0.22114912
85.38799764	6.91437006	0.22114912
85.39199764	6.91437006	0.22114912
85.39599764	6.91437006	0.22114912
85.39999764	6.91437006	0.22114912
85.40399764	6.75319862	0.22114912
85.40799764	6.75319862	0.22114912
85.41199764	6.91437006	0.22114912
85.41599764	6.91437006	0.22114912
85.41999764	6.91437006	0.22114912
85.42399764	6.91437006	0.22114912
85.42799764	6.91437006	0.22114912
85.43199764	6.75319862	0.22114912
85.43599764	6.75319862	0.22114912
85.43999764	6.91437006	0.22114912
85.44399764	6.91437006	0.22114912
85.44799764	6.91437006	0.22114912
85.45199764	6.75319862	0.22114912
85.45599764	6.75319862	0.22114912
85.45999764	6.75319862	0.22114912
85.46399764	6.91437006	0.22114912
85.46799764	7.07492638	0.22114912
85.47199764	6.91437006	0.22114912
85.47599764	6.75319862	0.22114912
85.47999764	6.75319862	0.22114912
85.48399764	6.91437006	0.22114912
85.48799764	6.91437006	0.22114912
85.49199764	6.91437006	0.22114912
85.49599764	6.91437006	0.22114912
85.49999764	6.91437006	0.22114912
85.50399764	6.91437006	0.22114912
85.50799764	6.75319862	0.22114912
85.51199764	6.75319862	0.22114912
85.51599764	6.91437006	0.22114912
85.51999764	6.91437006	0.22114912
85.52399764	6.75319862	0.22114912
85.52799764	6.75319862	0.22114912
85.53199764	6.91437006	0.22114912
85.53599764	6.91437006	0.22114912
85.53999763	6.75319862	0.22114912
85.54399763	6.75319862	0.22114912
85.54799763	6.75319862	0.22114912
85.55199763	6.91437006	0.22114912
85.55599763	6.91437006	0.22114912
85.55999763	6.91437006	0.22114912
85.56399763	6.75319862	0.22114912
85.56799763	6.91437006	0.22114912
85.57199763	6.91437006	0.22114912
85.57599763	6.91437006	0.22114912
85.57999763	6.75319862	0.22114912
85.58399763	6.91437006	0.22114912
85.58799763	6.91437006	0.22114912
85.59199763	6.91437006	0.22114912
85.59599763	6.75319862	0.22114912
85.59999763	6.91437006	0.22114912
85.60399763	6.91437006	0.22114912
85.60799763	6.91437006	0.22114912
85.61199763	6.75319862	0.22114912
85.61599763	6.75319862	0.22114912
85.61999763	6.91437006	0.22114912
85.62399763	6.91437006	0.22114912
85.62799763	6.91437006	0.22114912
85.63199763	6.75319862	0.22114912
85.63599763	6.91437006	0.22114912
85.63999763	6.91437006	0.22114912
85.64399763	6.91437006	0.22114912
85.64799763	6.75319862	0.22114912
85.65199763	6.75319862	0.22114912
85.65599763	6.91437006	0.22114912
85.65999763	6.91437006	0.22114912
85.66399763	6.91437006	0.22114912
85.66799763	6.91437006	0.22114912
85.67199763	6.91437006	0.22114912
85.67599763	6.91437006	0.22114912
85.67999763	6.75319862	0.22114912
85.68399763	6.75319862	0.22114912
85.68799763	6.91437006	0.22114912
85.69199763	6.91437006	0.22114912
85.69599763	6.75319862	0.22114912
85.69999763	6.91437006	0.22114912
85.70399763	6.91437006	0.22114912
85.70799763	6.91437006	0.22114912
85.71199763	6.75319862	0.22114912
85.71599763	6.75319862	0.22114912
85.71999763	6.91437006	0.22114912
85.72399763	6.91437006	0.22114912
85.72799763	6.91437006	0.22114912
85.73199763	6.91437006	0.22114912
85.73599763	6.91437006	0.22114912
85.73999763	7.07492638	0.22114912
85.74399763	6.91437006	0.22114912
85.74799763	6.75319862	0.22114912
85.75199763	6.91437006	0.22114912
85.75599763	6.91437006	0.22114912
85.75999763	6.91437006	0.22114912
85.76399763	6.91437006	0.22114912
85.76799763	6.75319862	0.22114912
85.77199763	6.91437006	0.22114912
85.77599763	6.91437006	0.22114912
85.77999763	6.91437006	0.22114912
85.78399763	6.91437006	0.22114912
85.78799763	6.91437006	0.22114912
85.79199763	6.91437006	0.22114912
85.79599763	6.91437006	0.22114912
85.79999763	6.75319862	0.22114912
85.80399763	6.91437006	0.22114912
85.80799763	6.91437006	0.22114912
85.81199763	6.91437006	0.22114912
85.81599763	6.91437006	0.22114912
85.81999763	6.91437006	0.22114912
85.82399763	6.91437006	0.22114912
85.82799763	6.91437006	0.22114912
85.83199763	6.91437006	0.22114912
85.83599763	6.75319862	0.22114912
85.83999763	6.91437006	0.22114912
85.84399763	6.91437006	0.22114912
85.84799763	6.91437006	0.22114912
85.85199763	6.91437006	0.22114912
85.85599763	6.91437006	0.22114912
85.85999763	6.91437006	0.22114912
85.86399763	6.91437006	0.22114912
85.86799763	6.75319862	0.22114912
85.87199763	6.91437006	0.22114912
85.87599763	6.91437006	0.22114912
85.87999763	6.91437006	0.22114912
85.88399763	6.91437006	0.22114912
85.88799763	6.91437006	0.22114912
85.89199762	6.91437006	0.22114912
85.89599762	6.91437006	0.22114912
85.89999762	6.75319862	0.22114912
85.90399762	6.91437006	0.22114912
85.90799762	6.91437006	0.22114912
85.91199762	6.91437006	0.22114912
85.91599762	6.75319862	0.22114912
85.91999762	6.75319862	0.22114912
85.92399762	6.91437006	0.22114912
85.92799762	6.91437006	0.22114912
85.93199762	6.91437006	0.22114912
85.93599762	6.75319862	0.22114912
85.93999762	6.75319862	0.22114912
85.94399762	6.91437006	0.22114912
85.94799762	6.91437006	0.22114912
85.95199762	6.91437006	0.22114912
85.95599762	6.91437006	0.22114912
85.95999762	6.91437006	0.22114912
85.96399762	6.91437006	0.22114912
85.96799762	6.75319862	0.22114912
85.97199762	6.75319862	0.22114912
85.97599762	6.91437006	0.22114912
85.97999762	6.91437006	0.22114912
85.98399762	6.91437006	0.22114912
85.98799762	6.75319862	0.22114912
85.99199762	6.91437006	0.22114912
85.99599762	6.91437006	0.22114912
85.99999762	6.75319862	0.22114912
86.00399762	6.75319862	0.22114912
86.00799762	6.75319862	0.22114912
86.01199762	6.91437006	0.22114912
86.01599762	6.91437006	0.22114912
86.01999762	6.75319862	0.22114912
86.02399762	6.75319862	0.22114912
86.02799762	6.75319862	0.22114912
86.03199762	6.75319862	0.22114912
86.03599762	6.75319862	0.22114912
86.03999762	6.75319862	0.22114912
86.04399762	6.91437006	0.22114912
86.04799762	6.91437006	0.22114912
86.05199762	6.75319862	0.22114912
86.05599762	6.75319862	0.22114912
86.05999762	6.75319862	0.22114912
86.06399762	6.91437006	0.22114912
86.06799762	6.91437006	0.22114912
86.07199762	6.91437006	0.22114912
86.07599762	6.91437006	0.22114912
86.07999762	6.91437006	0.22114912
86.08399762	6.91437006	0.22114912
86.08799762	6.75319862	0.22114912
86.09199762	6.75319862	0.22114912
86.09599762	6.91437006	0.22114912
86.09999762	6.91437006	0.22114912
86.10399762	6.91437006	0.22114912
86.10799762	6.75319862	0.22114912
86.11199762	6.91437006	0.22114912
86.11599762	6.91437006	0.22114912
86.11999762	6.91437006	0.22114912
86.12399762	6.75319862	0.22114912
86.12799762	6.75319862	0.22114912
86.13199762	6.91437006	0.22114912
86.13599762	6.91437006	0.22114912
86.13999762	6.91437006	0.22114912
86.14399762	6.75319862	0.22114912
86.14799762	6.75319862	0.22114912
86.15199762	6.91437006	0.22114912
86.15599762	6.91437006	0.22114912
86.15999762	6.91437006	0.22114912
86.16399762	6.91437006	0.22114912
86.16799762	6.91437006	0.22114912
86.17199762	6.75319862	0.22114912
86.17599762	6.75319862	0.22114912
86.17999762	6.91437006	0.22114912
86.18399762	6.91437006	0.22114912
86.18799762	6.91437006	0.22114912
86.19199762	6.75319862	0.22114912
86.19599762	6.75319862	0.22114912
86.19999762	6.91437006	0.22114912
86.20399762	6.91437006	0.22114912
86.20799762	6.91437006	0.22114912
86.21199762	6.75319862	0.22114912
86.21599762	6.75319862	0.22114912
86.21999762	6.75319862	0.22114912
86.22399762	6.91437006	0.22114912
86.22799762	6.91437006	0.22114912
86.23199762	6.91437006	0.22114912
86.23599762	6.75319862	0.22114912
86.23999762	6.75319862	0.22114912
86.24399762	6.75319862	0.22114912
86.24799761	6.91437006	0.22114912
86.25199761	6.91437006	0.22114912
86.25599761	6.91437006	0.22114912
86.25999761	6.91437006	0.22114912
86.26399761	6.75319862	0.22114912
86.26799761	6.75319862	0.22114912
86.27199761	6.75319862	0.22114912
86.27599761	6.91437006	0.22114912
86.27999761	6.91437006	0.22114912
86.28399761	6.91437006	0.22114912
86.28799761	6.75319862	0.22114912
86.29199761	6.75319862	0.22114912
86.29599761	6.75319862	0.22114912
86.29999761	6.75319862	0.22114912
86.30399761	6.75319862	0.22114912
86.30799761	6.91437006	0.22114912
86.31199761	6.91437006	0.22114912
86.31599761	6.91437006	0.22114912
86.31999761	6.75319862	0.22114912
86.32399761	6.75319862	0.22114912
86.32799761	6.75319862	0.22114912
86.33199761	6.91437006	0.22114912
86.33599761	6.91437006	0.22114912
86.33999761	6.91437006	0.22114912
86.34399761	6.75319862	0.22114912
86.34799761	6.75319862	0.22114912
86.35199761	6.75319862	0.22114912
86.35599761	6.91437006	0.22114912
86.35999761	6.91437006	0.22114912
86.36399761	6.91437006	0.22114912
86.36799761	6.91437006	0.22114912
86.37199761	6.75319862	0.22114912
86.37599761	6.75319862	0.22114912
86.37999761	6.91437006	0.22114912
86.38399761	6.91437006	0.22114912
86.38799761	6.75319862	0.22114912
86.39199761	6.75319862	0.22114912
86.39599761	6.75319862	0.22114912
86.39999761	6.91437006	0.22114912
86.40399761	6.91437006	0.22114912
86.40799761	6.75319862	0.22114912
86.41199761	6.75319862	0.22114912
86.41599761	6.75319862	0.22114912
86.41999761	6.91437006	0.22114912
86.42399761	6.91437006	0.22114912
86.42799761	6.91437006	0.22114912
86.43199761	6.75319862	0.22114912
86.43599761	6.75319862	0.22114912
86.43999761	6.75319862	0.22114912
86.44399761	6.75319862	0.22114912
86.44799761	6.75319862	0.22114912
86.45199761	6.91437006	0.22114912
86.45599761	6.91437006	0.22114912
86.45999761	6.75319862	0.22114912
86.46399761	6.75319862	0.22114912
86.46799761	6.75319862	0.22114912
86.47199761	6.91437006	0.22114912
86.47599761	6.75319862	0.22114912
86.47999761	6.75319862	0.22114912
86.48399761	6.75319862	0.22114912
86.48799761	6.91437006	0.22114912
86.49199761	6.75319862	0.22114912
86.49599761	6.75319862	0.22114912
86.49999761	6.75319862	0.22114912
86.50399761	6.91437006	0.22114912
86.50799761	6.91437006	0.22114912
86.51199761	6.75319862	0.22114912
86.51599761	6.75319862	0.22114912
86.51999761	6.75319862	0.22114912
86.52399761	6.75319862	0.22114912
86.52799761	6.75319862	0.22114912
86.53199761	6.75319862	0.22114912
86.53599761	6.75319862	0.22114912
86.53999761	6.91437006	0.22114912
86.54399761	6.75319862	0.22114912
86.54799761	6.75319862	0.22114912
86.55199761	6.75319862	0.22114912
86.55599761	6.75319862	0.22114912
86.55999761	6.75319862	0.22114912
86.56399761	6.75319862	0.22114912
86.56799761	6.91437006	0.22114912
86.57199761	6.91437006	0.22114912
86.57599761	6.91437006	0.22114912
86.57999761	6.75319862	0.22114912
86.58399761	6.75319862	0.22114912
86.58799761	6.75319862	0.22114912
86.59199761	6.91437006	0.22114912
86.59599761	6.91437006	0.22114912
86.59999760	6.75319862	0.22114912
86.60399760	6.75319862	0.22114912
86.60799760	6.75319862	0.22114912
86.61199760	6.75319862	0.22114912
86.61599760	6.91437006	0.22114912
86.61999760	6.91437006	0.22114912
86.62399760	6.91437006	0.22114912
86.62799760	6.75319862	0.22114912
86.63199760	6.75319862	0.22114912
86.63599760	6.75319862	0.22114912
86.63999760	6.75319862	0.22114912
86.64399760	6.75319862	0.22114912
86.64799760	6.91437006	0.22114912
86.65199760	6.91437006	0.22114912
86.65599760	6.75319862	0.22114912
86.65999760	6.75319862	0.22114912
86.66399760	6.75319862	0.22114912
86.66799760	6.91437006	0.22114912
86.67199760	6.91437006	0.22114912
86.67599760	6.75319862	0.22114912
86.67999760	6.75319862	0.22114912
86.68399760	6.75319862	0.22114912
86.68799760	6.91437006	0.22114912
86.69199760	6.75319862	0.22114912
86.69599760	6.75319862	0.22114912
86.69999760	6.75319862	0.22114912
86.70399760	6.91437006	0.22114912
86.70799760	6.75319862	0.22114912
86.71199760	6.75319862	0.22114912
86.71599760	6.75319862	0.22114912
86.71999760	6.91437006	0.22114912
86.72399760	6.91437006	0.22114912
86.72799760	6.91437006	0.22114912
86.73199760	6.75319862	0.22114912
86.73599760	6.75319862	0.22114912
86.73999760	6.91437006	0.22114912
86.74399760	6.75319862	0.22114912
86.74799760	6.75319862	0.22114912
86.75199760	6.75319862	0.22114912
86.75599760	6.75319862	0.22114912
86.75999760	6.75319862	0.22114912
86.76399760	6.91437006	0.22114912
86.76799760	6.91437006	0.22114912
86.77199760	6.91437006	0.22114912
86.77599760	6.91437006	0.22114912
86.77999760	6.75319862	0.22114912
86.78399760	6.75319862	0.22114912
86.78799760	6.75319862	0.22114912
86.79199760	6.91437006	0.22114912
86.79599760	6.91437006	0.22114912
86.79999760	6.91437006	0.22114912
86.80399760	6.75319862	0.22114912
86.80799760	6.75319862	0.22114912
86.81199760	6.75319862	0.20533957
86.81599760	6.91437006	0.22114912
86.81999760	6.91437006	0.22114912
86.82399760	6.91437006	0.22114912
86.82799760	6.75319862	0.22114912
86.83199760	6.75319862	0.20533957
86.83599760	6.75319862	0.20533957
86.83999760	6.91437006	0.22114912
86.84399760	6.91437006	0.22114912
86.84799760	6.91437006	0.22114912
86.85199760	6.91437006	0.22114912
86.85599760	6.75319862	0.22114912
86.85999760	6.75319862	0.20533957
86.86399760	6.91437006	0.22114912
86.86799760	6.91437006	0.22114912
86.87199760	6.91437006	0.22114912
86.87599760	6.91437006	0.22114912
86.87999760	6.91437006	0.22114912
86.88399760	6.91437006	0.22114912
86.88799760	6.91437006	0.22114912
86.89199760	6.75319862	0.22114912
86.89599760	6.75319862	0.22114912
86.89999760	6.91437006	0.20533957
86.90399760	6.91437006	0.22114912
86.90799760	6.91437006	0.22114912
86.91199760	6.91437006	0.22114912
86.91599760	6.75319862	0.22114912
86.91999760	6.75319862	0.22114912
86.92399760	6.91437006	0.22114912
86.92799760	6.91437006	0.22114912
86.93199760	6.75319862	0.22114912
86.93599760	6.75319862	0.22114912
86.93999760	6.75319862	0.22114912
86.94399760	6.91437006	0.22114912
86.94799760	6.91437006	0.22114912
86.95199760	6.91437006	0.22114912
86.95599759	6.75319862	0.20533957
86.95999759	6.75319862	0.22114912
86.96399759	6.75319862	0.22114912
86.96799759	6.75319862	0.20533957
86.97199759	6.91437006	0.20533957
86.97599759	6.91437006	0.22114912
86.97999759	6.75319862	0.22114912
86.98399759	6.75319862	0.22114912
86.98799759	6.75319862	0.20533957
86.99199759	6.91437006	0.20533957
86.99599759	6.91437006	0.22114912
86.99999759	6.75319862	0.22114912
87.00399759	6.75319862	0.22114912
87.00799759	6.91437006	0.22114912
87.01199759	6.91437006	0.20533957
87.01599759	6.91437006	0.22114912
87.01999759	6.75319862	0.22114912
87.02399759	6.75319862	0.22114912
87.02799759	6.91437006	0.22114912
87.03199759	6.91437006	0.22114912
87.03599759	6.91437006	0.22114912
87.03999759	6.91437006	0.22114912
87.04399759	6.91437006	0.22114912
87.04799759	6.91437006	0.22114912
87.05199759	6.75319862	0.20533957
87.05599759	6.75319862	0.22114912
87.05999759	6.91437006	0.20533957
87.06399759	6.91437006	0.22114912
87.06799759	6.91437006	0.22114912
87.07199759	6.91437006	0.22114912
87.07599759	6.91437006	0.22114912
87.07999759	6.91437006	0.22114912
87.08399759	6.91437006	0.22114912
87.08799759	6.75319862	0.22114912
87.09199759	6.75319862	0.20533957
87.09599759	6.91437006	0.22114912
87.09999759	6.91437006	0.22114912
87.10399759	6.75319862	0.22114912
87.10799759	6.75319862	0.22114912
87.11199759	6.91437006	0.22114912
87.11599759	6.91437006	0.22114912
87.11999759	6.91437006	0.22114912
87.12399759	6.91437006	0.22114912
87.12799759	6.75319862	0.22114912
87.13199759	6.91437006	0.22114912
87.13599759	6.75319862	0.22114912
87.13999759	6.75319862	0.20533957
87.14399759	6.91437006	0.22114912
87.14799759	6.91437006	0.22114912
87.15199759	6.91437006	0.22114912
87.15599759	6.75319862	0.22114912
87.15999759	6.75319862	0.22114912
87.16399759	6.91437006	0.22114912
87.16799759	6.91437006	0.22114912
87.17199759	6.91437006	0.22114912
87.17599759	6.91437006	0.22114912
87.17999759	6.75319862	0.20533957
87.18399759	6.91437006	0.22114912
87.18799759	6.91437006	0.22114912
87.19199759	6.91437006	0.22114912
87.19599759	6.91437006	0.22114912
87.19999759	6.91437006	0.22114912
87.20399759	6.91437006	0.22114912
87.20799759	6.91437006	0.22114912
87.21199759	6.91437006	0.20533957
87.21599759	6.91437006	0.22114912
87.21999759	6.91437006	0.22114912
87.22399759	6.91437006	0.22114912
87.22799759	6.91437006	0.22114912
87.23199759	6.91437006	0.22114912
87.23599759	6.91437006	0.22114912
87.23999759	6.91437006	0.22114912
87.24399759	6.91437006	0.22114912
87.24799759	6.91437006	0.22114912
87.25199759	6.91437006	0.22114912
87.25599759	6.91437006	0.22114912
87.25999759	6.91437006	0.22114912
87.26399759	6.91437006	0.22114912
87.26799759	6.91437006	0.22114912
87.27199759	6.91437006	0.22114912
87.27599759	6.91437006	0.22114912
87.27999759	6.91437006	0.22114912
87.28399759	6.75319862	0.22114912
87.28799759	6.91437006	0.22114912
87.29199759	6.91437006	0.20533957
87.29599759	6.91437006	0.22114912
87.29999759	6.91437006	0.22114912
87.30399759	6.91437006	0.22114912
87.30799758	6.91437006	0.20533957
87.31199758	6.75319862	0.22114912
87.31599758	6.91437006	0.20533957
87.31999758	6.91437006	0.22114912
87.32399758	6.91437006	0.22114912
87.32799758	6.91437006	0.22114912
87.33199758	6.91437006	0.22114912
87.33599758	6.91437006	0.22114912
87.33999758	6.75319862	0.22114912
87.34399758	6.75319862	0.20533957
87.34799758	6.75319862	0.20533957
87.35199758	6.91437006	0.22114912
87.35599758	6.91437006	0.22114912
87.35999758	6.91437006	0.22114912
87.36399758	6.91437006	0.20533957
87.36799758	6.91437006	0.22114912
87.37199758	6.91437006	0.22114912
87.37599758	6.91437006	0.22114912
87.37999758	6.91437006	0.22114912
87.38399758	6.91437006	0.22114912
87.38799758	6.91437006	0.20533957
87.39199758	6.91437006	0.22114912
87.39599758	6.75319862	0.22114912
87.39999758	6.75319862	0.20533957
87.40399758	6.91437006	0.20533957
87.40799758	6.91437006	0.22114912
87.41199758	6.91437006	0.20533957
87.41599758	6.91437006	0.22114912
87.41999758	6.91437006	0.20533957
87.42399758	6.91437006	0.22114912
87.42799758	6.91437006	0.22114912
87.43199758	6.75319862	0.22114912
87.43599758	6.91437006	0.20533957
87.43999758	7.07492638	0.22114912
87.44399758	7.07492638	0.22114912
87.44799758	6.91437006	0.22114912
87.45199758	6.75319862	0.22114912
87.45599758	6.75319862	0.20533957
87.45999758	6.91437006	0.20533957
87.46399758	6.91437006	0.22114912
87.46799758	6.91437006	0.22114912
87.47199758	6.75319862	0.22114912
87.47599758	6.91437006	0.22114912
87.47999758	6.91437006	0.22114912
87.48399758	6.75319862	0.22114912
87.48799758	6.91437006	0.22114912
87.49199758	6.91437006	0.20533957
87.49599758	6.91437006	0.22114912
87.49999758	6.91437006	0.22114912
87.50399758	6.75319862	0.20533957
87.50799758	6.91437006	0.20533957
87.51199758	7.07492638	0.22114912
87.51599758	6.91437006	0.22114912
87.51999758	6.75319862	0.22114912
87.52399758	6.75319862	0.20533957
87.52799758	6.91437006	0.20533957
87.53199758	6.91437006	0.20533957
87.53599758	6.91437006	0.22114912
87.53999758	6.75319862	0.22114912
87.54399758	6.91437006	0.22114912
87.54799758	6.91437006	0.20533957
87.55199758	6.91437006	0.20533957
87.55599758	6.91437006	0.22114912
87.55999758	6.91437006	0.22114912
87.56399758	6.91437006	0.22114912
87.56799758	6.75319862	0.22114912
87.57199758	6.75319862	0.20533957
87.57599758	6.91437006	0.20533957
87.57999758	6.91437006	0.22114912
87.58399758	6.91437006	0.22114912
87.58799758	6.75319862	0.20533957
87.59199758	6.91437006	0.20533957
87.59599758	6.91437006	0.20533957
87.59999758	6.91437006	0.22114912
87.60399758	6.75319862	0.22114912
87.60799758	6.91437006	0.20533957
87.61199758	6.91437006	0.20533957
87.61599758	6.91437006	0.22114912
87.61999758	6.75319862	0.20533957
87.62399758	6.75319862	0.22114912
87.62799758	6.91437006	0.20533957
87.63199758	7.07492638	0.22114912
87.63599758	6.91437006	0.22114912
87.63999758	6.91437006	0.20533957
87.64399758	6.91437006	0.20533957
87.64799758	6.91437006	0.22114912
87.65199758	6.91437006	0.22114912
87.65599758	6.91437006	0.20533957
87.65999757	6.91437006	0.20533957
87.66399757	7.07492638	0.22114912
87.66799757	6.91437006	0.20533957
87.67199757	6.75319862	0.22114912
87.67599757	6.75319862	0.20533957
87.67999757	6.91437006	0.20533957
87.68399757	6.91437006	0.22114912
87.68799757	6.91437006	0.22114912
87.69199757	6.91437006	0.22114912
87.69599757	6.75319862	0.20533957
87.69999757	6.91437006	0.20533957
87.70399757	6.91437006	0.20533957
87.70799757	6.75319862	0.20533957
87.71199757	6.91437006	0.22114912
87.71599757	6.91437006	0.22114912
87.71999757	6.91437006	0.22114912
87.72399757	6.91437006	0.22114912
87.72799757	6.75319862	0.20533957
87.73199757	6.75319862	0.20533957
87.73599757	6.91437006	0.20533957
87.73999757	6.91437006	0.22114912
87.74399757	6.75319862	0.20533957
87.74799757	6.91437006	0.20533957
87.75199757	6.91437006	0.20533957
87.75599757	6.91437006	0.20533957
87.75999757	6.75319862	0.22114912
87.76399757	6.75319862	0.22114912
87.76799757	6.91437006	0.22114912
87.77199757	6.91437006	0.20533957
87.77599757	6.91437006	0.22114912
87.77999757	6.75319862	0.20533957
87.78399757	6.91437006	0.22114912
87.78799757	6.91437006	0.20533957
87.79199757	6.91437006	0.22114912
87.79599757	6.75319862	0.20533957
87.79999757	6.91437006	0.20533957
87.80399757	6.91437006	0.22114912
87.80799757	6.91437006	0.22114912
87.81199757	6.75319862	0.22114912
87.81599757	6.75319862	0.20533957
87.81999757	6.91437006	0.20533957
87.82399757	6.91437006	0.20533957
87.82799757	6.91437006	0.20533957
87.83199757	6.91437006	0.22114912
87.83599757	6.91437006	0.20533957
87.83999757	6.75319862	0.22114912
87.84399757	6.75319862	0.20533957
87.84799757	6.75319862	0.22114912
87.85199757	6.91437006	0.20533957
87.85599757	6.91437006	0.22114912
87.85999757	6.91437006	0.22114912
87.86399757	6.75319862	0.22114912
87.86799757	6.75319862	0.20533957
87.87199757	6.75319862	0.20533957
87.87599757	6.91437006	0.20533957
87.87999757	6.91437006	0.22114912
87.88399757	6.91437006	0.20533957
87.88799757	6.75319862	0.20533957
87.89199757	6.91437006	0.20533957
87.89599757	6.75319862	0.22114912
87.89999757	6.75319862	0.22114912
87.90399757	6.91437006	0.20533957
87.90799757	6.91437006	0.22114912
87.91199757	6.91437006	0.20533957
87.91599757	6.91437006	0.20533957
87.91999757	6.75319862	0.20533957
87.92399757	6.75319862	0.20533957
87.92799757	6.91437006	0.20533957
87.93199757	6.91437006	0.20533957
87.93599757	6.91437006	0.20533957
87.93999757	6.91437006	0.20533957
87.94399757	6.91437006	0.20533957
87.94799757	6.75319862	0.20533957
87.95199757	6.75319862	0.20533957
87.95599757	6.75319862	0.20533957
87.95999757	6.91437006	0.22114912
87.96399757	6.91437006	0.20533957
87.96799757	6.75319862	0.22114912
87.97199757	6.75319862	0.20533957
87.97599757	6.91437006	0.20533957
87.97999757	6.91437006	0.20533957
87.98399757	6.91437006	0.20533957
87.98799757	6.91437006	0.20533957
87.99199757	6.91437006	0.22114912
87.99599757	6.91437006	0.20533957
87.99999757	6.75319862	0.20533957
88.00399757	6.91437006	0.20533957
88.00799757	6.75319862	0.20533957
88.01199757	6.91437006	0.20533957
88.01599756	6.91437006	0.20533957
88.01999756	6.91437006	0.20533957
88.02399756	6.91437006	0.20533957
88.02799756	6.75319862	0.20533957
88.03199756	6.75319862	0.20533957
88.03599756	6.91437006	0.20533957
88.03999756	6.91437006	0.22114912
88.04399756	6.91437006	0.20533957
88.04799756	6.75319862	0.22114912
88.05199756	6.75319862	0.20533957
88.05599756	6.91437006	0.20533957
88.05999756	6.91437006	0.20533957
88.06399756	6.91437006	0.20533957
88.06799756	6.91437006	0.20533957
88.07199756	6.91437006	0.20533957
88.07599756	6.75319862	0.20533957
88.07999756	6.75319862	0.20533957
88.08399756	6.75319862	0.20533957
88.08799756	6.75319862	0.20533957
88.09199756	6.91437006	0.22114912
88.09599756	6.75319862	0.20533957
88.09999756	6.91437006	0.20533957
88.10399756	6.91437006	0.20533957
88.10799756	6.91437006	0.20533957
88.11199756	6.91437006	0.22114912
88.11599756	6.75319862	0.20533957
88.11999756	6.91437006	0.20533957
88.12399756	6.91437006	0.20533957
88.12799756	6.91437006	0.20533957
88.13199756	6.75319862	0.20533957
88.13599756	6.75319862	0.20533957
88.13999756	6.91437006	0.20533957
88.14399756	6.91437006	0.20533957
88.14799756	6.91437006	0.20533957
88.15199756	6.75319862	0.20533957
88.15599756	6.75319862	0.20533957
88.15999756	6.91437006	0.20533957
88.16399756	6.91437006	0.20533957
88.16799756	6.91437006	0.20533957
88.17199756	6.91437006	0.20533957
88.17599756	6.91437006	0.20533957
88.17999756	6.75319862	0.20533957
88.18399756	6.91437006	0.20533957
88.18799756	6.91437006	0.20533957
88.19199756	6.91437006	0.22114912
88.19599756	6.91437006	0.22114912
88.19999756	6.91437006	0.22114912
88.20399756	6.75319862	0.20533957
88.20799756	6.91437006	0.20533957
88.21199756	6.91437006	0.20533957
88.21599756	6.91437006	0.20533957
88.21999756	6.91437006	0.20533957
88.22399756	6.91437006	0.20533957
88.22799756	6.91437006	0.20533957
88.23199756	6.91437006	0.20533957
88.23599756	6.75319862	0.20533957
88.23999756	6.75319862	0.20533957
88.24399756	6.75319862	0.20533957
88.24799756	6.91437006	0.20533957
88.25199756	6.91437006	0.20533957
88.25599756	6.91437006	0.20533957
88.25999756	6.91437006	0.20533957
88.26399756	6.75319862	0.20533957
88.26799756	6.75319862	0.22114912
88.27199756	6.91437006	0.20533957
88.27599756	6.91437006	0.20533957
88.27999756	6.91437006	0.22114912
88.28399756	6.75319862	0.20533957
88.28799756	6.75319862	0.22114912
88.29199756	6.75319862	0.20533957
88.29599756	6.91437006	0.20533957
88.29999756	6.91437006	0.20533957
88.30399756	6.75319862	0.20533957
88.30799756	6.91437006	0.20533957
88.31199756	6.91437006	0.20533957
88.31599756	6.91437006	0.20533957
88.31999756	6.75319862	0.20533957
88.32399756	6.91437006	0.20533957
88.32799756	6.91437006	0.20533957
88.33199756	6.91437006	0.20533957
88.33599756	6.91437006	0.20533957
88.33999756	6.75319862	0.20533957
88.34399756	6.91437006	0.20533957
88.34799756	6.91437006	0.20533957
88.35199756	6.75319862	0.20533957
88.35599756	6.91437006	0.20533957
88.35999756	6.91437006	0.20533957
88.36399756	6.91437006	0.20533957
88.36799755	6.75319862	0.20533957
88.37199755	6.75319862	0.20533957
88.37599755	6.91437006	0.20533957
88.37999755	6.91437006	0.20533957
88.38399755	6.91437006	0.22114912
88.38799755	6.91437006	0.20533957
88.39199755	6.91437006	0.20533957
88.39599755	6.75319862	0.20533957
88.39999755	6.75319862	0.20533957
88.40399755	6.75319862	0.20533957
88.40799755	6.91437006	0.20533957
88.41199755	6.91437006	0.20533957
88.41599755	6.91437006	0.20533957
88.41999755	6.91437006	0.20533957
88.42399755	6.75319862	0.20533957
88.42799755	6.75319862	0.20533957
88.43199755	6.91437006	0.20533957
88.43599755	6.75319862	0.20533957
88.43999755	6.75319862	0.20533957
88.44399755	6.75319862	0.20533957
88.44799755	6.91437006	0.20533957
88.45199755	6.91437006	0.20533957
88.45599755	6.91437006	0.20533957
88.45999755	6.75319862	0.20533957
88.46399755	6.75319862	0.20533957
88.46799755	6.75319862	0.20533957
88.47199755	6.75319862	0.20533957
88.47599755	6.75319862	0.20533957
88.47999755	6.91437006	0.20533957
88.48399755	6.91437006	0.20533957
88.48799755	6.75319862	0.20533957
88.49199755	6.75319862	0.20533957
88.49599755	6.75319862	0.20533957
88.49999755	6.91437006	0.20533957
88.50399755	6.91437006	0.20533957
88.50799755	6.75319862	0.20533957
88.51199755	6.91437006	0.20533957
88.51599755	6.91437006	0.20533957
88.51999755	6.75319862	0.20533957
88.52399755	6.75319862	0.20533957
88.52799755	6.75319862	0.20533957
88.53199755	6.75319862	0.20533957
88.53599755	6.91437006	0.20533957
88.53999755	6.91437006	0.20533957
88.54399755	6.91437006	0.20533957
88.54799755	6.75319862	0.20533957
88.55199755	6.75319862	0.20533957
88.55599755	6.75319862	0.20533957
88.55999755	6.91437006	0.20533957
88.56399755	6.91437006	0.20533957
88.56799755	6.91437006	0.20533957
88.57199755	6.91437006	0.20533957
88.57599755	6.75319862	0.20533957
88.57999755	6.75319862	0.20533957
88.58399755	6.75319862	0.20533957
88.58799755	6.91437006	0.20533957
88.59199755	6.91437006	0.20533957
88.59599755	6.91437006	0.20533957
88.59999755	6.91437006	0.20533957
88.60399755	6.75319862	0.20533957
88.60799755	6.75319862	0.20533957
88.61199755	6.75319862	0.20533957
88.61599755	6.91437006	0.20533957
88.61999755	6.91437006	0.20533957
88.62399755	6.91437006	0.20533957
88.62799755	6.91437006	0.20533957
88.63199755	6.75319862	0.20533957
88.63599755	6.75319862	0.20533957
88.63999755	6.75319862	0.20533957
88.64399755	6.91437006	0.20533957
88.64799755	6.91437006	0.20533957
88.65199755	6.91437006	0.20533957
88.65599755	6.91437006	0.20533957
88.65999755	6.91437006	0.20533957
88.66399755	6.75319862	0.20533957
88.66799755	6.91437006	0.20533957
88.67199755	6.91437006	0.20533957
88.67599755	6.91437006	0.20533957
88.67999755	6.91437006	0.20533957
88.68399755	6.91437006	0.20533957
88.68799755	6.91437006	0.20533957
88.69199755	6.75319862	0.20533957
88.69599755	6.75319862	0.20533957
88.69999755	6.91437006	0.20533957
88.70399755	6.91437006	0.20533957
88.70799755	6.91437006	0.20533957
88.71199755	6.75319862	0.20533957
88.71599755	6.75319862	0.20533957
88.71999755	6.91437006	0.20533957
88.72399754	6.91437006	0.20533957
88.72799754	6.91437006	0.20533957
88.73199754	6.91437006	0.20533957
88.73599754	6.91437006	0.20533957
88.73999754	6.91437006	0.20533957
88.74399754	6.75319862	0.20533957
88.74799754	6.91437006	0.20533957
88.75199754	6.91437006	0.20533957
88.75599754	6.91437006	0.20533957
88.75999754	6.91437006	0.20533957
88.76399754	6.91437006	0.20533957
88.76799754	6.91437006	0.20533957
88.77199754	6.91437006	0.20533957
88.77599754	6.91437006	0.20533957
88.77999754	6.91437006	0.20533957
88.78399754	6.91437006	0.20533957
88.78799754	6.91437006	0.20533957
88.79199754	6.91437006	0.20533957
88.79599754	6.91437006	0.20533957
88.79999754	6.91437006	0.20533957
88.80399754	6.91437006	0.20533957
88.80799754	6.91437006	0.20533957
88.81199754	6.91437006	0.20533957
88.81599754	6.91437006	0.20533957
88.81999754	6.91437006	0.20533957
88.82399754	6.91437006	0.20533957
88.82799754	6.91437006	0.20533957
88.83199754	6.91437006	0.20533957
88.83599754	6.75319862	0.20533957
88.83999754	6.91437006	0.20533957
88.84399754	6.91437006	0.20533957
88.84799754	6.91437006	0.20533957
88.85199754	6.91437006	0.20533957
88.85599754	6.91437006	0.20533957
88.85999754	6.91437006	0.20533957
88.86399754	6.91437006	0.20533957
88.86799754	6.91437006	0.20533957
88.87199754	6.91437006	0.20533957
88.87599754	6.91437006	0.20533957
88.87999754	6.91437006	0.20533957
88.88399754	6.91437006	0.20533957
88.88799754	6.91437006	0.20533957
88.89199754	6.91437006	0.20533957
88.89599754	6.91437006	0.20533957
88.89999754	6.91437006	0.20533957
88.90399754	6.91437006	0.20533957
88.90799754	6.91437006	0.20533957
88.91199754	6.91437006	0.20533957
88.91599754	6.91437006	0.20533957
88.91999754	6.91437006	0.20533957
88.92399754	6.91437006	0.20533957
88.92799754	6.91437006	0.20533957
88.93199754	6.91437006	0.20533957
88.93599754	6.91437006	0.20533957
88.93999754	6.75319862	0.20533957
88.94399754	6.91437006	0.20533957
88.94799754	6.91437006	0.20533957
88.95199754	6.91437006	0.20533957
88.95599754	6.91437006	0.20533957
88.95999754	6.91437006	0.20533957
88.96399754	6.91437006	0.20533957
88.96799754	6.91437006	0.20533957
88.97199754	6.91437006	0.20533957
88.97599754	6.91437006	0.20533957
88.97999754	6.91437006	0.20533957
88.98399754	6.91437006	0.20533957
88.98799754	6.91437006	0.20533957
88.99199754	6.75319862	0.20533957
88.99599754	6.75319862	0.20533957
88.99999754	6.91437006	0.20533957
89.00399754	6.91437006	0.20533957
89.00799754	6.91437006	0.20533957
89.01199754	6.91437006	0.20533957
89.01599754	6.91437006	0.20533957
89.01999754	6.91437006	0.20533957
89.02399754	6.75319862	0.20533957
89.02799754	6.75319862	0.20533957
89.03199754	6.91437006	0.20533957
89.03599754	6.91437006	0.20533957
89.03999754	6.91437006	0.20533957
89.04399754	6.75319862	0.20533957
89.04799754	6.75319862	0.20533957
89.05199754	6.75319862	0.20533957
89.05599754	6.91437006	0.20533957
89.05999754	6.91437006	0.20533957
89.06399754	7.07492638	0.20533957
89.06799754	6.91437006	0.20533957
89.07199754	6.75319862	0.20533957
89.07599753	6.75319862	0.20533957
89.07999753	6.91437006	0.20533957
89.08399753	6.91437006	0.20533957
89.08799753	6.91437006	0.20533957
89.09199753	6.91437006	0.20533957
89.09599753	6.91437006	0.20533957
89.09999753	6.91437006	0.20533957
89.10399753	6.75319862	0.20533957
89.10799753	6.75319862	0.20533957
89.11199753	6.91437006	0.20533957
89.11599753	6.91437006	0.20533957
89.11999753	6.91437006	0.20533957
89.12399753	6.91437006	0.20533957
89.12799753	6.91437006	0.20533957
89.13199753	6.91437006	0.20533957
89.13599753	6.75319862	0.20533957
89.13999753	6.75319862	0.20533957
89.14399753	6.91437006	0.20533957
89.14799753	6.91437006	0.20533957
89.15199753	6.91437006	0.20533957
89.15599753	6.91437006	0.20533957
89.15999753	6.91437006	0.20533957
89.16399753	6.91437006	0.20533957
89.16799753	6.91437006	0.20533957
89.17199753	6.75319862	0.20533957
89.17599753	6.91437006	0.20533957
89.17999753	6.91437006	0.20533957
89.18399753	6.91437006	0.20533957
89.18799753	6.75319862	0.20533957
89.19199753	6.75319862	0.20533957
89.19599753	6.75319862	0.20533957
89.19999753	6.91437006	0.20533957
89.20399753	6.91437006	0.20533957
89.20799753	6.91437006	0.20533957
89.21199753	6.75319862	0.20533957
89.21599753	6.91437006	0.20533957
89.21999753	6.91437006	0.20533957
89.22399753	6.91437006	0.20533957
89.22799753	6.91437006	0.20533957
89.23199753	6.91437006	0.20533957
89.23599753	6.91437006	0.20533957
89.23999753	6.91437006	0.20533957
89.24399753	6.75319862	0.20533957
89.24799753	6.75319862	0.20533957
89.25199753	6.75319862	0.20533957
89.25599753	6.91437006	0.20533957
89.25999753	6.91437006	0.20533957
89.26399753	6.91437006	0.20533957
89.26799753	6.75319862	0.20533957
89.27199753	6.91437006	0.20533957
89.27599753	6.91437006	0.20533957
89.27999753	6.91437006	0.20533957
89.28399753	6.91437006	0.20533957
89.28799753	6.91437006	0.20533957
89.29199753	6.91437006	0.20533957
89.29599753	6.91437006	0.20533957
89.29999753	6.75319862	0.20533957
89.30399753	6.91437006	0.20533957
89.30799753	6.91437006	0.20533957
89.31199753	6.91437006	0.20533957
89.31599753	6.91437006	0.20533957
89.31999753	6.91437006	0.20533957
89.32399753	6.91437006	0.20533957
89.32799753	6.91437006	0.20533957
89.33199753	6.75319862	0.20533957
89.33599753	6.75319862	0.20533957
89.33999753	6.91437006	0.20533957
89.34399753	6.91437006	0.20533957
89.34799753	6.91437006	0.20533957
89.35199753	6.91437006	0.20533957
89.35599753	6.75319862	0.20533957
89.35999753	6.75319862	0.20533957
89.36399753	6.75319862	0.20533957
89.36799753	6.91437006	0.20533957
89.37199753	6.91437006	0.20533957
89.37599753	6.91437006	0.20533957
89.37999753	6.91437006	0.20533957
89.38399753	6.75319862	0.20533957
89.38799753	6.75319862	0.20533957
89.39199753	6.75319862	0.20533957
89.39599753	6.91437006	0.20533957
89.39999753	6.91437006	0.20533957
89.40399753	6.91437006	0.20533957
89.40799753	6.75319862	0.20533957
89.41199753	6.75319862	0.20533957
89.41599753	6.75319862	0.20533957
89.41999753	6.91437006	0.20533957
89.42399753	6.91437006	0.20533957
89.42799752	6.91437006	0.20533957
89.43199752	6.75319862	0.20533957
89.43599752	6.75319862	0.20533957
89.43999752	6.91437006	0.20533957
89.44399752	6.91437006	0.20533957
89.44799752	6.91437006	0.20533957
89.45199752	6.91437006	0.20533957
89.45599752	6.91437006	0.20533957
89.45999752	6.75319862	0.20533957
89.46399752	6.75319862	0.20533957
89.46799752	6.75319862	0.20533957
89.47199752	6.91437006	0.20533957
89.47599752	6.91437006	0.20533957
89.47999752	6.91437006	0.20533957
89.48399752	6.91437006	0.20533957
89.48799752	6.75319862	0.20533957
89.49199752	6.75319862	0.20533957
89.49599752	6.91437006	0.20533957
89.49999752	6.91437006	0.20533957
89.50399752	6.91437006	0.20533957
89.50799752	6.91437006	0.20533957
89.51199752	6.75319862	0.20533957
89.51599752	6.75319862	0.20533957
89.51999752	6.91437006	0.20533957
89.52399752	6.91437006	0.20533957
89.52799752	7.07492638	0.20533957
89.53199752	6.91437006	0.20533957
89.53599752	6.75319862	0.20533957
89.53999752	6.75319862	0.20533957
89.54399752	6.91437006	0.20533957
89.54799752	7.07492638	0.20533957
89.55199752	6.91437006	0.20533957
89.55599752	6.91437006	0.20533957
89.55999752	6.75319862	0.20533957
89.56399752	6.91437006	0.20533957
89.56799752	6.91437006	0.20533957
89.57199752	6.91437006	0.20533957
89.57599752	6.91437006	0.20533957
89.57999752	6.91437006	0.20533957
89.58399752	6.91437006	0.20533957
89.58799752	6.91437006	0.20533957
89.59199752	6.91437006	0.20533957
89.59599752	6.91437006	0.20533957
89.59999752	6.91437006	0.20533957
89.60399752	6.91437006	0.20533957
89.60799752	6.91437006	0.20533957
89.61199752	6.91437006	0.20533957
89.61599752	6.91437006	0.20533957
89.61999752	6.75319862	0.20533957
89.62399752	6.75319862	0.20533957
89.62799752	6.91437006	0.20533957
89.63199752	6.91437006	0.20533957
89.63599752	6.91437006	0.20533957
89.63999752	6.91437006	0.20533957
89.64399752	6.91437006	0.20533957
89.64799752	6.91437006	0.20533957
89.65199752	6.91437006	0.20533957
89.65599752	6.91437006	0.20533957
89.65999752	6.91437006	0.20533957
89.66399752	6.91437006	0.20533957
89.66799752	6.91437006	0.20533957
89.67199752	6.91437006	0.20533957
89.67599752	6.91437006	0.20533957
89.67999752	6.91437006	0.20533957
89.68399752	6.91437006	0.20533957
89.68799752	6.91437006	0.20533957
89.69199752	6.91437006	0.20533957
89.69599752	6.91437006	0.20533957
89.69999752	6.91437006	0.20533957
89.70399752	6.91437006	0.20533957
89.70799752	6.91437006	0.20533957
89.71199752	6.91437006	0.20533957
89.71599752	6.91437006	0.20533957
89.71999752	6.91437006	0.20533957
89.72399752	6.91437006	0.20533957
89.72799752	6.91437006	0.20533957
89.73199752	6.91437006	0.20533957
89.73599752	7.07492638	0.20533957
89.73999752	6.91437006	0.20533957
89.74399752	6.91437006	0.20533957
89.74799752	6.91437006	0.20533957
89.75199752	6.91437006	0.20533957
89.75599752	6.91437006	0.20533957
89.75999752	6.91437006	0.20533957
89.76399752	6.91437006	0.20533957
89.76799752	6.91437006	0.20533957
89.77199752	6.91437006	0.20533957
89.77599752	6.91437006	0.20533957
89.77999752	6.91437006	0.20533957
89.78399751	6.91437006	0.20533957
89.78799751	7.07492638	0.20533957
89.79199751	7.07492638	0.20533957
89.79599751	6.91437006	0.20533957
89.79999751	6.75319862	0.20533957
89.80399751	6.75319862	0.20533957
89.80799751	6.91437006	0.20533957
89.81199751	6.91437006	0.20533957
89.81599751	6.91437006	0.20533957
89.81999751	6.91437006	0.20533957
89.82399751	6.91437006	0.20533957
89.82799751	6.91437006	0.20533957
89.83199751	6.91437006	0.20533957
89.83599751	6.91437006	0.20533957
89.83999751	6.91437006	0.20533957
89.84399751	6.91437006	0.20533957
89.84799751	7.07492638	0.20533957
89.85199751	6.91437006	0.20533957
89.85599751	6.75319862	0.20533957
89.85999751	6.91437006	0.20533957
89.86399751	6.91437006	0.20533957
89.86799751	6.91437006	0.20533957
89.87199751	6.91437006	0.20533957
89.87599751	6.91437006	0.20533957
89.87999751	6.91437006	0.20533957
89.88399751	6.91437006	0.20533957
89.88799751	6.91437006	0.20533957
89.89199751	6.91437006	0.20533957
89.89599751	7.07492638	0.20533957
89.89999751	7.07492638	0.20533957
89.90399751	6.91437006	0.20533957
89.90799751	6.75319862	0.20533957
89.91199751	6.91437006	0.20533957
89.91599751	6.91437006	0.20533957
89.91999751	7.07492638	0.20533957
89.92399751	6.91437006	0.20533957
89.92799751	6.91437006	0.20533957
89.93199751	6.91437006	0.20533957
89.93599751	6.91437006	0.20533957
89.93999751	6.91437006	0.20533957
89.94399751	6.91437006	0.20533957
89.94799751	6.91437006	0.20533957
89.95199751	6.91437006	0.20533957
89.95599751	6.91437006	0.20533957
89.95999751	6.91437006	0.20533957
89.96399751	6.91437006	0.20533957
89.96799751	6.91437006	0.20533957
89.97199751	6.91437006	0.20533957
89.97599751	7.07492638	0.20533957
89.97999751	6.91437006	0.20533957
89.98399751	6.91437006	0.20533957
89.98799751	6.91437006	0.20533957
89.99199751	6.91437006	0.20533957
89.99599751	7.07492638	0.20533957
89.99999751	7.07492638	0.20533957
90.00399751	6.91437006	0.20533957
