Time	Channel A	Channel B
(us)	(V)	(mV)

-10.00799966	7.87985992	0.00000000
-10.00399966	7.87985992	0.00000000
-9.99999966	7.87985992	0.00000000
-9.99599966	7.87985992	0.00000000
-9.99199966	7.87985992	0.00000000
-9.98799966	7.79927397	0.00000000
-9.98399966	7.87985992	0.00000000
-9.97999966	7.79927397	0.00000000
-9.97599966	7.87985992	3.95238662
-9.97199966	7.87985992	0.00000000
-9.96799966	7.87985992	0.00000000
-9.96399966	7.87985992	0.00000000
-9.95999966	7.87985992	3.95238662
-9.95599966	7.87985992	0.00000000
-9.95199966	7.87985992	3.95238662
-9.94799966	7.87985992	0.00000000
-9.94399966	7.87985992	3.95238662
-9.93999966	7.79927397	3.95238662
-9.93599966	7.87985992	3.95238662
-9.93199966	7.87985992	0.00000000
-9.92799967	7.87985992	0.00000000
-9.92399967	7.79927397	3.95238662
-9.91999967	7.87985992	3.95238662
-9.91599967	7.87985992	0.00000000
-9.91199967	7.87985992	0.00000000
-9.90799967	7.87985992	0.00000000
-9.90399967	7.87985992	0.00000000
-9.89999967	7.87985992	0.00000000
-9.89599967	7.87985992	3.95238662
-9.89199967	7.87985992	0.00000000
-9.88799967	7.87985992	3.95238662
-9.88399967	7.87985992	0.00000000
-9.87999967	7.87985992	0.00000000
-9.87599967	7.87985992	3.95238662
-9.87199967	7.79927397	3.95238662
-9.86799967	7.87985992	0.00000000
-9.86399967	7.79927397	3.95238662
-9.85999967	7.87985992	0.00000000
-9.85599967	7.87985992	3.95238662
-9.85199967	7.87985992	0.00000000
-9.84799967	7.87985992	3.95238662
-9.84399967	7.87985992	0.00000000
-9.83999967	7.87985992	0.00000000
-9.83599967	7.87985992	0.00000000
-9.83199967	7.87985992	0.00000000
-9.82799967	7.79927397	0.00000000
-9.82399967	7.87985992	0.00000000
-9.81999967	7.87985992	0.00000000
-9.81599967	7.87985992	3.95238662
-9.81199967	7.79927397	3.95238662
-9.80799967	7.87985992	3.95238662
-9.80399967	7.87985992	0.00000000
-9.79999967	7.79927397	0.00000000
-9.79599967	7.87985992	3.95238662
-9.79199967	7.87985992	7.90477324
-9.78799967	7.87985992	-7.90477324
-9.78399967	7.87985992	3.95238662
-9.77999967	7.79927397	19.77731133
-9.77599967	7.87985992	-27.69746399
-9.77199967	7.87985992	0.00000000
-9.76799967	7.79927397	39.55462265
-9.76399967	7.79927397	-39.55462265
-9.75999967	7.87985992	-7.90477324
-9.75599967	7.87985992	51.42716217
-9.75199967	7.87985992	-35.60223770
-9.74799967	7.79927397	-7.90477324
-9.74399967	7.87985992	27.69746399
-9.73999967	7.87985992	-11.85715961
-9.73599967	7.87985992	-7.90477324
-9.73199967	7.79927397	11.85715961
-9.72799967	7.87985992	3.95238662
-9.72399967	7.87985992	-7.90477324
-9.71999967	7.79927397	-3.95238662
-9.71599967	7.87985992	11.85715961
-9.71199967	7.79927397	0.00000000
-9.70799967	7.87985992	-3.95238662
-9.70399967	7.87985992	11.85715961
-9.69999967	7.87985992	-3.95238662
-9.69599967	7.87985992	-3.95238662
-9.69199967	7.87985992	3.95238662
-9.68799967	7.87985992	0.00000000
-9.68399967	7.79927397	0.00000000
-9.67999967	7.87985992	7.90477324
-9.67599967	7.79927397	0.00000000
-9.67199967	7.87985992	0.00000000
-9.66799967	7.87985992	0.00000000
-9.66399967	7.87985992	3.95238662
-9.65999967	7.87985992	0.00000000
-9.65599967	7.87985992	3.95238662
-9.65199967	7.87985992	3.95238662
-9.64799967	7.87985992	0.00000000
-9.64399967	7.79927397	0.00000000
-9.63999967	7.87985992	3.95238662
-9.63599967	7.87985992	0.00000000
-9.63199967	7.87985992	3.95238662
-9.62799967	7.79927397	0.00000000
-9.62399967	7.87985992	0.00000000
-9.61999967	7.87985992	0.00000000
-9.61599967	7.87985992	3.95238662
-9.61199967	7.79927397	0.00000000
-9.60799967	7.87985992	3.95238662
-9.60399967	7.87985992	3.95238662
-9.59999967	7.87985992	3.95238662
-9.59599967	7.87985992	0.00000000
-9.59199967	7.87985992	3.95238662
-9.58799967	7.87985992	0.00000000
-9.58399967	7.87985992	3.95238662
-9.57999967	7.87985992	0.00000000
-9.57599967	7.79927397	3.95238662
-9.57199968	7.87985992	3.95238662
-9.56799968	7.79927397	3.95238662
-9.56399968	7.87985992	0.00000000
-9.55999968	7.87985992	0.00000000
-9.55599968	7.79927397	0.00000000
-9.55199968	7.87985992	3.95238662
-9.54799968	7.87985992	0.00000000
-9.54399968	7.79927397	0.00000000
-9.53999968	7.87985992	3.95238662
-9.53599968	7.87985992	3.95238662
-9.53199968	7.87985992	0.00000000
-9.52799968	7.87985992	0.00000000
-9.52399968	7.87985992	0.00000000
-9.51999968	7.87985992	3.95238662
-9.51599968	7.87985992	0.00000000
-9.51199968	7.87985992	3.95238662
-9.50799968	7.79927397	3.95238662
-9.50399968	7.87985992	0.00000000
-9.49999968	7.87985992	0.00000000
-9.49599968	7.87985992	3.95238662
-9.49199968	7.79927397	0.00000000
-9.48799968	7.87985992	3.95238662
-9.48399968	7.87985992	0.00000000
-9.47999968	7.87985992	0.00000000
-9.47599968	7.79927397	3.95238662
-9.47199968	7.87985992	0.00000000
-9.46799968	7.87985992	0.00000000
-9.46399968	7.87985992	3.95238662
-9.45999968	7.87985992	0.00000000
-9.45599968	7.87985992	3.95238662
-9.45199968	7.87985992	0.00000000
-9.44799968	7.87985992	3.95238662
-9.44399968	7.87985992	0.00000000
-9.43999968	7.87985992	0.00000000
-9.43599968	7.87985992	0.00000000
-9.43199968	7.87985992	0.00000000
-9.42799968	7.79927397	0.00000000
-9.42399968	7.87985992	0.00000000
-9.41999968	7.87985992	0.00000000
-9.41599968	7.87985992	3.95238662
-9.41199968	7.87985992	0.00000000
-9.40799968	7.87985992	3.95238662
-9.40399968	7.87985992	0.00000000
-9.39999968	7.87985992	3.95238662
-9.39599968	7.87985992	0.00000000
-9.39199968	7.87985992	0.00000000
-9.38799968	7.79927397	3.95238662
-9.38399968	7.87985992	0.00000000
-9.37999968	7.87985992	0.00000000
-9.37599968	7.87985992	0.00000000
-9.37199968	7.87985992	0.00000000
-9.36799968	7.87985992	3.95238662
-9.36399968	7.87985992	0.00000000
-9.35999968	7.87985992	0.00000000
-9.35599968	7.87985992	0.00000000
-9.35199968	7.87985992	3.95238662
-9.34799968	7.87985992	0.00000000
-9.34399968	7.87985992	3.95238662
-9.33999968	7.87985992	0.00000000
-9.33599968	7.87985992	3.95238662
-9.33199968	7.87985992	0.00000000
-9.32799968	7.87985992	3.95238662
-9.32399968	7.87985992	3.95238662
-9.31999968	7.87985992	3.95238662
-9.31599968	7.79927397	0.00000000
-9.31199968	7.87985992	0.00000000
-9.30799968	7.87985992	0.00000000
-9.30399968	7.87985992	3.95238662
-9.29999968	7.87985992	0.00000000
-9.29599968	7.87985992	3.95238662
-9.29199968	7.87985992	0.00000000
-9.28799968	7.87985992	0.00000000
-9.28399968	7.87985992	0.00000000
-9.27999968	7.87985992	0.00000000
-9.27599968	7.87985992	0.00000000
-9.27199968	7.87985992	0.00000000
-9.26799968	7.87985992	0.00000000
-9.26399968	7.87985992	0.00000000
-9.25999968	7.87985992	0.00000000
-9.25599968	7.87985992	0.00000000
-9.25199968	7.87985992	0.00000000
-9.24799968	7.87985992	3.95238662
-9.24399968	7.87985992	0.00000000
-9.23999968	7.87985992	3.95238662
-9.23599968	7.87985992	0.00000000
-9.23199968	7.87985992	0.00000000
-9.22799968	7.87985992	0.00000000
-9.22399968	7.87985992	3.95238662
-9.21999969	7.87985992	0.00000000
-9.21599969	7.87985992	3.95238662
-9.21199969	7.87985992	3.95238662
-9.20799969	7.79927397	0.00000000
-9.20399969	7.79927397	0.00000000
-9.19999969	7.87985992	3.95238662
-9.19599969	7.79927397	0.00000000
-9.19199969	7.87985992	0.00000000
-9.18799969	7.87985992	0.00000000
-9.18399969	7.87985992	3.95238662
-9.17999969	7.87985992	0.00000000
-9.17599969	7.87985992	0.00000000
-9.17199969	7.87985992	0.00000000
-9.16799969	7.87985992	0.00000000
-9.16399969	7.87985992	3.95238662
-9.15999969	7.79927397	0.00000000
-9.15599969	7.79927397	0.00000000
-9.15199969	7.87985992	0.00000000
-9.14799969	7.87985992	3.95238662
-9.14399969	7.87985992	3.95238662
-9.13999969	7.87985992	0.00000000
-9.13599969	7.87985992	0.00000000
-9.13199969	7.87985992	3.95238662
-9.12799969	7.87985992	0.00000000
-9.12399969	7.79927397	3.95238662
-9.11999969	7.87985992	0.00000000
-9.11599969	7.87985992	0.00000000
-9.11199969	7.87985992	0.00000000
-9.10799969	7.79927397	0.00000000
-9.10399969	7.87985992	0.00000000
-9.09999969	7.87985992	0.00000000
-9.09599969	7.87985992	0.00000000
-9.09199969	7.79927397	0.00000000
-9.08799969	7.87985992	3.95238662
-9.08399969	7.87985992	0.00000000
-9.07999969	7.87985992	3.95238662
-9.07599969	7.87985992	0.00000000
-9.07199969	7.87985992	3.95238662
-9.06799969	7.87985992	0.00000000
-9.06399969	7.87985992	0.00000000
-9.05999969	7.87985992	3.95238662
-9.05599969	7.87985992	7.90477324
-9.05199969	7.79927397	-3.95238662
-9.04799969	7.87985992	3.95238662
-9.04399969	7.87985992	7.90477324
-9.03999969	7.87985992	-7.90477324
-9.03599969	7.87985992	0.00000000
-9.03199969	7.87985992	7.90477324
-9.02799969	7.79927397	0.00000000
-9.02399969	7.87985992	0.00000000
-9.01999969	7.79927397	3.95238662
-9.01599969	7.79927397	0.00000000
-9.01199969	7.87985992	-3.95238662
-9.00799969	7.87985992	0.00000000
-9.00399969	7.87985992	0.00000000
-8.99999969	7.87985992	3.95238662
-8.99599969	7.87985992	3.95238662
-8.99199969	7.87985992	3.95238662
-8.98799969	7.87985992	0.00000000
-8.98399969	7.79927397	3.95238662
-8.97999969	7.79927397	0.00000000
-8.97599969	7.87985992	0.00000000
-8.97199969	7.79927397	0.00000000
-8.96799969	7.79927397	3.95238662
-8.96399969	7.87985992	0.00000000
-8.95999969	7.87985992	3.95238662
-8.95599969	7.87985992	0.00000000
-8.95199969	7.87985992	0.00000000
-8.94799969	7.87985992	0.00000000
-8.94399969	7.87985992	0.00000000
-8.93999969	7.87985992	0.00000000
-8.93599969	7.87985992	3.95238662
-8.93199969	7.79927397	0.00000000
-8.92799969	7.87985992	0.00000000
-8.92399969	7.87985992	0.00000000
-8.91999969	7.87985992	0.00000000
-8.91599969	7.87985992	0.00000000
-8.91199969	7.87985992	3.95238662
-8.90799969	7.87985992	0.00000000
-8.90399969	7.87985992	0.00000000
-8.89999969	7.79927397	3.95238662
-8.89599969	7.87985992	7.90477324
-8.89199969	7.79927397	0.00000000
-8.88799969	7.87985992	0.00000000
-8.88399969	7.87985992	0.00000000
-8.87999969	7.79927397	11.85715961
-8.87599969	7.79927397	0.00000000
-8.87199969	7.87985992	-11.85715961
-8.86799970	7.79927397	15.82492638
-8.86399970	7.87985992	15.82492638
-8.85999970	7.79927397	-19.77731133
-8.85599970	7.87985992	3.95238662
-8.85199970	7.87985992	11.85715961
-8.84799970	7.87985992	3.95238662
-8.84399970	7.79927397	3.95238662
-8.83999970	7.87985992	-19.77731133
-8.83599970	7.79927397	11.85715961
-8.83199970	7.87985992	11.85715961
-8.82799970	7.87985992	-27.69746399
-8.82399970	7.87985992	11.85715961
-8.81999970	7.79927397	15.82492638
-8.81599970	7.87985992	-15.82492638
-8.81199970	7.87985992	3.95238662
-8.80799970	7.79927397	11.85715961
-8.80399970	7.87985992	-3.95238662
-8.79999970	7.87985992	3.95238662
-8.79599970	7.87985992	0.00000000
-8.79199970	7.87985992	3.95238662
-8.78799970	7.87985992	0.00000000
-8.78399970	7.87985992	0.00000000
-8.77999970	7.87985992	3.95238662
-8.77599970	7.87985992	0.00000000
-8.77199970	7.87985992	0.00000000
-8.76799970	7.87985992	3.95238662
-8.76399970	7.87985992	0.00000000
-8.75999970	7.79927397	0.00000000
-8.75599970	7.87985992	3.95238662
-8.75199970	7.87985992	0.00000000
-8.74799970	7.87985992	0.00000000
-8.74399970	7.87985992	7.90477324
-8.73999970	7.87985992	0.00000000
-8.73599970	7.87985992	3.95238662
-8.73199970	7.87985992	-11.85715961
-8.72799970	7.87985992	11.85715961
-8.72399970	7.87985992	27.69746399
-8.71999970	7.87985992	-35.60223770
-8.71599970	7.87985992	3.95238662
-8.71199970	7.87985992	39.55462265
-8.70799970	7.87985992	-35.60223770
-8.70399970	7.87985992	11.85715961
-8.69999970	7.79927397	11.85715961
-8.69599970	7.87985992	-27.69746399
-8.69199970	7.87985992	27.69746399
-8.68799970	7.87985992	3.95238662
-8.68399970	7.87985992	-23.72970009
-8.67999970	7.87985992	31.64985275
-8.67599970	7.87985992	-19.77731133
-8.67199970	7.87985992	-23.72970009
-8.66799970	7.87985992	35.60223770
-8.66399970	7.87985992	-19.77731133
-8.65999970	7.87985992	-11.85715961
-8.65599970	7.79927397	27.69746399
-8.65199970	7.87985992	-23.72970009
-8.64799970	7.87985992	3.95238662
-8.64399970	7.79927397	11.85715961
-8.63999970	7.79927397	-27.69746399
-8.63599970	7.87985992	19.77731133
-8.63199970	7.79927397	11.85715961
-8.62799970	7.87985992	-19.77731133
-8.62399970	7.87985992	19.77731133
-8.61999970	7.79927397	3.95238662
-8.61599970	7.87985992	-19.77731133
-8.61199970	7.87985992	11.85715961
-8.60799970	7.87985992	3.95238662
-8.60399970	7.87985992	-7.90477324
-8.59999970	7.87985992	11.85715961
-8.59599970	7.79927397	0.00000000
-8.59199970	7.87985992	-7.90477324
-8.58799970	7.87985992	3.95238662
-8.58399970	7.79927397	3.95238662
-8.57999970	7.87985992	-7.90477324
-8.57599970	7.87985992	3.95238662
-8.57199970	7.79927397	7.90477324
-8.56799970	7.87985992	-7.90477324
-8.56399970	7.87985992	-3.95238662
-8.55999970	7.87985992	7.90477324
-8.55599970	7.87985992	0.00000000
-8.55199970	7.87985992	-3.95238662
-8.54799970	7.87985992	0.00000000
-8.54399970	7.87985992	3.95238662
-8.53999970	7.87985992	0.00000000
-8.53599970	7.79927397	0.00000000
-8.53199970	7.87985992	3.95238662
-8.52799970	7.79927397	3.95238662
-8.52399970	7.87985992	-3.95238662
-8.51999970	7.87985992	3.95238662
-8.51599970	7.87985992	0.00000000
-8.51199971	7.87985992	3.95238662
-8.50799971	7.87985992	0.00000000
-8.50399971	7.87985992	-7.90477324
-8.49999971	7.79927397	11.85715961
-8.49599971	7.87985992	7.90477324
-8.49199971	7.87985992	-23.72970009
-8.48799971	7.79927397	23.72970009
-8.48399971	7.87985992	7.90477324
-8.47999971	7.87985992	-27.69746399
-8.47599971	7.87985992	27.69746399
-8.47199971	7.87985992	-3.95238662
-8.46799971	7.87985992	-23.72970009
-8.46399971	7.87985992	35.60223770
-8.45999971	7.87985992	-15.82492638
-8.45599971	7.87985992	-15.82492638
-8.45199971	7.79927397	27.69746399
-8.44799971	7.87985992	-15.82492638
-8.44399971	7.87985992	-3.95238662
-8.43999971	7.87985992	15.82492638
-8.43599971	7.79927397	-7.90477324
-8.43199971	7.87985992	7.90477324
-8.42799971	7.79927397	-3.95238662
-8.42399971	7.87985992	3.95238662
-8.41999971	7.87985992	15.82492638
-8.41599971	7.87985992	-23.72970009
-8.41199971	7.87985992	7.90477324
-8.40799971	7.79927397	27.69746399
-8.40399971	7.87985992	-31.64985275
-8.39999971	7.79927397	11.85715961
-8.39599971	7.79927397	23.72970009
-8.39199971	7.87985992	-39.55462265
-8.38799971	7.79927397	23.72970009
-8.38399971	7.87985992	19.77731133
-8.37999971	7.87985992	-31.64985275
-8.37599971	7.87985992	23.72970009
-8.37199971	7.79927397	11.85715961
-8.36799971	7.87985992	-15.82492638
-8.36399971	7.87985992	3.95238662
-8.35999971	7.87985992	7.90477324
-8.35599971	7.79927397	0.00000000
-8.35199971	7.87985992	3.95238662
-8.34799971	7.87985992	0.00000000
-8.34399971	7.87985992	7.90477324
-8.33999971	7.87985992	-7.90477324
-8.33599971	7.79927397	0.00000000
-8.33199971	7.87985992	7.90477324
-8.32799971	7.87985992	0.00000000
-8.32399971	7.87985992	0.00000000
-8.31999971	7.79927397	7.90477324
-8.31599971	7.87985992	-3.95238662
-8.31199971	7.87985992	0.00000000
-8.30799971	7.87985992	7.90477324
-8.30399971	7.79927397	0.00000000
-8.29999971	7.87985992	0.00000000
-8.29599971	7.87985992	3.95238662
-8.29199971	7.79927397	3.95238662
-8.28799971	7.87985992	0.00000000
-8.28399971	7.87985992	0.00000000
-8.27999971	7.87985992	0.00000000
-8.27599971	7.87985992	0.00000000
-8.27199971	7.87985992	3.95238662
-8.26799971	7.87985992	0.00000000
-8.26399971	7.87985992	0.00000000
-8.25999971	7.87985992	0.00000000
-8.25599971	7.87985992	0.00000000
-8.25199971	7.87985992	0.00000000
-8.24799971	7.87985992	0.00000000
-8.24399971	7.87985992	0.00000000
-8.23999971	7.87985992	0.00000000
-8.23599971	7.79927397	3.95238662
-8.23199971	7.87985992	0.00000000
-8.22799971	7.87985992	0.00000000
-8.22399971	7.87985992	3.95238662
-8.21999971	7.87985992	0.00000000
-8.21599971	7.87985992	3.95238662
-8.21199971	7.79927397	0.00000000
-8.20799971	7.79927397	3.95238662
-8.20399971	7.79927397	0.00000000
-8.19999971	7.87985992	0.00000000
-8.19599971	7.79927397	0.00000000
-8.19199971	7.87985992	0.00000000
-8.18799971	7.87985992	3.95238662
-8.18399971	7.87985992	3.95238662
-8.17999971	7.79927397	0.00000000
-8.17599971	7.87985992	0.00000000
-8.17199971	7.87985992	0.00000000
-8.16799971	7.79927397	3.95238662
-8.16399971	7.87985992	3.95238662
-8.15999972	7.87985992	-7.90477324
-8.15599972	7.79927397	-11.85715961
-8.15199972	7.87985992	19.77731133
-8.14799972	7.87985992	-15.82492638
-8.14399972	7.87985992	-19.77731133
-8.13999972	7.87985992	31.64985275
-8.13599972	7.87985992	-3.95238662
-8.13199972	7.79927397	-23.72970009
-8.12799972	7.79927397	27.69746399
-8.12399972	7.87985992	0.00000000
-8.11999972	7.87985992	-15.82492638
-8.11599972	7.87985992	11.85715961
-8.11199972	7.87985992	3.95238662
-8.10799972	7.79927397	0.00000000
-8.10399972	7.87985992	0.00000000
-8.09999972	7.87985992	3.95238662
-8.09599972	7.87985992	3.95238662
-8.09199972	7.87985992	-3.95238662
-8.08799972	7.87985992	3.95238662
-8.08399972	7.87985992	3.95238662
-8.07999972	7.79927397	-7.90477324
-8.07599972	7.87985992	3.95238662
-8.07199972	7.87985992	0.00000000
-8.06799972	7.87985992	-3.95238662
-8.06399972	7.87985992	11.85715961
-8.05999972	7.87985992	-7.90477324
-8.05599972	7.87985992	-3.95238662
-8.05199972	7.79927397	19.77731133
-8.04799972	7.87985992	-15.82492638
-8.04399972	7.87985992	-7.90477324
-8.03999972	7.87985992	31.64985275
-8.03599972	7.87985992	-23.72970009
-8.03199972	7.87985992	3.95238662
-8.02799972	7.79927397	23.72970009
-8.02399972	7.87985992	-19.77731133
-8.01999972	7.87985992	7.90477324
-8.01599972	7.87985992	11.85715961
-8.01199972	7.87985992	-23.72970009
-8.00799972	7.87985992	19.77731133
-8.00399972	7.79927397	7.90477324
-7.99999972	7.87985992	-27.69746399
-7.99599972	7.79927397	15.82492638
-7.99199972	7.87985992	11.85715961
-7.98799972	7.87985992	-19.77731133
-7.98399972	7.87985992	7.90477324
-7.97999972	7.87985992	3.95238662
-7.97599972	7.87985992	-3.95238662
-7.97199972	7.87985992	3.95238662
-7.96799972	7.87985992	3.95238662
-7.96399972	7.79927397	0.00000000
-7.95999972	7.87985992	-3.95238662
-7.95599972	7.79927397	0.00000000
-7.95199972	7.87985992	7.90477324
-7.94799972	7.87985992	0.00000000
-7.94399972	7.79927397	0.00000000
-7.93999972	7.87985992	0.00000000
-7.93599972	7.87985992	7.90477324
-7.93199972	7.87985992	0.00000000
-7.92799972	7.87985992	-11.85715961
-7.92399972	7.87985992	11.85715961
-7.91999972	7.87985992	3.95238662
-7.91599972	7.87985992	-11.85715961
-7.91199972	7.87985992	7.90477324
-7.90799972	7.87985992	3.95238662
-7.90399972	7.87985992	-7.90477324
-7.89999972	7.87985992	0.00000000
-7.89599972	7.87985992	3.95238662
-7.89199972	7.87985992	0.00000000
-7.88799972	7.87985992	3.95238662
-7.88399972	7.79927397	0.00000000
-7.87999972	7.79927397	3.95238662
-7.87599972	7.87985992	0.00000000
-7.87199972	7.87985992	3.95238662
-7.86799972	7.79927397	0.00000000
-7.86399972	7.87985992	0.00000000
-7.85999972	7.79927397	0.00000000
-7.85599972	7.87985992	11.85715961
-7.85199972	7.87985992	-3.95238662
-7.84799972	7.87985992	-23.72970009
-7.84399972	7.87985992	23.72970009
-7.83999972	7.87985992	15.82492638
-7.83599972	7.79927397	-35.60223770
-7.83199972	7.87985992	19.77731133
-7.82799972	7.79927397	27.69746399
-7.82399972	7.87985992	-27.69746399
-7.81999972	7.87985992	3.95238662
-7.81599972	7.87985992	15.82492638
-7.81199972	7.87985992	-7.90477324
-7.80799972	7.87985992	0.00000000
-7.80399973	7.87985992	7.90477324
-7.79999973	7.87985992	3.95238662
-7.79599973	7.87985992	-3.95238662
-7.79199973	7.87985992	0.00000000
-7.78799973	7.87985992	0.00000000
-7.78399973	7.87985992	-3.95238662
-7.77999973	7.79927397	0.00000000
-7.77599973	7.87985992	7.90477324
-7.77199973	7.87985992	-3.95238662
-7.76799973	7.79927397	0.00000000
-7.76399973	7.87985992	3.95238662
-7.75999973	7.79927397	0.00000000
-7.75599973	7.87985992	0.00000000
-7.75199973	7.87985992	3.95238662
-7.74799973	7.87985992	0.00000000
-7.74399973	7.87985992	3.95238662
-7.73999973	7.87985992	0.00000000
-7.73599973	7.87985992	0.00000000
-7.73199973	7.79927397	0.00000000
-7.72799973	7.87985992	0.00000000
-7.72399973	7.87985992	3.95238662
-7.71999973	7.87985992	3.95238662
-7.71599973	7.87985992	0.00000000
-7.71199973	7.87985992	0.00000000
-7.70799973	7.87985992	0.00000000
-7.70399973	7.87985992	0.00000000
-7.69999973	7.79927397	0.00000000
-7.69599973	7.87985992	7.90477324
-7.69199973	7.87985992	0.00000000
-7.68799973	7.87985992	0.00000000
-7.68399973	7.87985992	0.00000000
-7.67999973	7.87985992	3.95238662
-7.67599973	7.87985992	0.00000000
-7.67199973	7.79927397	3.95238662
-7.66799973	7.87985992	0.00000000
-7.66399973	7.87985992	3.95238662
-7.65999973	7.87985992	0.00000000
-7.65599973	7.79927397	0.00000000
-7.65199973	7.79927397	0.00000000
-7.64799973	7.87985992	3.95238662
-7.64399973	7.79927397	3.95238662
-7.63999973	7.87985992	0.00000000
-7.63599973	7.87985992	3.95238662
-7.63199973	7.87985992	3.95238662
-7.62799973	7.87985992	0.00000000
-7.62399973	7.87985992	3.95238662
-7.61999973	7.79927397	-3.95238662
-7.61599973	7.87985992	0.00000000
-7.61199973	7.79927397	23.72970009
-7.60799973	7.87985992	-11.85715961
-7.60399973	7.87985992	-11.85715961
-7.59999973	7.87985992	35.60223770
-7.59599973	7.79927397	-11.85715961
-7.59199973	7.87985992	-19.77731133
-7.58799973	7.79927397	35.60223770
-7.58399973	7.87985992	-7.90477324
-7.57999973	7.87985992	-23.72970009
-7.57599973	7.79927397	31.64985275
-7.57199973	7.87985992	0.00000000
-7.56799973	7.87985992	-23.72970009
-7.56399973	7.87985992	15.82492638
-7.55999973	7.87985992	3.95238662
-7.55599973	7.87985992	-11.85715961
-7.55199973	7.87985992	7.90477324
-7.54799973	7.87985992	3.95238662
-7.54399973	7.87985992	-3.95238662
-7.53999973	7.79927397	0.00000000
-7.53599973	7.87985992	7.90477324
-7.53199973	7.87985992	0.00000000
-7.52799973	7.79927397	-3.95238662
-7.52399973	7.87985992	3.95238662
-7.51999973	7.87985992	3.95238662
-7.51599973	7.87985992	-3.95238662
-7.51199973	7.87985992	3.95238662
-7.50799973	7.87985992	0.00000000
-7.50399973	7.87985992	-3.95238662
-7.49999973	7.87985992	0.00000000
-7.49599973	7.87985992	3.95238662
-7.49199973	7.87985992	0.00000000
-7.48799973	7.87985992	0.00000000
-7.48399973	7.87985992	-3.95238662
-7.47999973	7.87985992	3.95238662
-7.47599973	7.87985992	15.82492638
-7.47199973	7.87985992	-15.82492638
-7.46799973	7.87985992	0.00000000
-7.46399973	7.79927397	35.60223770
-7.45999973	7.87985992	-23.72970009
-7.45599973	7.87985992	-7.90477324
-7.45199974	7.79927397	31.64985275
-7.44799974	7.87985992	-15.82492638
-7.44399974	7.87985992	-7.90477324
-7.43999974	7.87985992	19.77731133
-7.43599974	7.87985992	-3.95238662
-7.43199974	7.87985992	0.00000000
-7.42799974	7.87985992	3.95238662
-7.42399974	7.87985992	3.95238662
-7.41999974	7.87985992	-3.95238662
-7.41599974	7.87985992	0.00000000
-7.41199974	7.87985992	3.95238662
-7.40799974	7.87985992	0.00000000
-7.40399974	7.87985992	0.00000000
-7.39999974	7.79927397	7.90477324
-7.39599974	7.87985992	0.00000000
-7.39199974	7.87985992	0.00000000
-7.38799974	7.87985992	7.90477324
-7.38399974	7.87985992	0.00000000
-7.37999974	7.87985992	-3.95238662
-7.37599974	7.87985992	23.72970009
-7.37199974	7.87985992	-15.82492638
-7.36799974	7.87985992	-19.77731133
-7.36399974	7.79927397	31.64985275
-7.35999974	7.87985992	-11.85715961
-7.35599974	7.87985992	-19.77731133
-7.35199974	7.87985992	39.55462265
-7.34799974	7.87985992	-7.90477324
-7.34399974	7.87985992	-15.82492638
-7.33999974	7.87985992	19.77731133
-7.33599974	7.87985992	-11.85715961
-7.33199974	7.87985992	-7.90477324
-7.32799974	7.79927397	11.85715961
-7.32399974	7.87985992	0.00000000
-7.31999974	7.87985992	0.00000000
-7.31599974	7.87985992	0.00000000
-7.31199974	7.87985992	0.00000000
-7.30799974	7.87985992	0.00000000
-7.30399974	7.87985992	-3.95238662
-7.29999974	7.87985992	3.95238662
-7.29599974	7.87985992	3.95238662
-7.29199974	7.87985992	0.00000000
-7.28799974	7.87985992	3.95238662
-7.28399974	7.87985992	0.00000000
-7.27999974	7.87985992	0.00000000
-7.27599974	7.87985992	0.00000000
-7.27199974	7.87985992	3.95238662
-7.26799974	7.79927397	0.00000000
-7.26399974	7.87985992	3.95238662
-7.25999974	7.87985992	0.00000000
-7.25599974	7.87985992	0.00000000
-7.25199974	7.87985992	0.00000000
-7.24799974	7.87985992	3.95238662
-7.24399974	7.79927397	0.00000000
-7.23999974	7.87985992	0.00000000
-7.23599974	7.87985992	0.00000000
-7.23199974	7.87985992	0.00000000
-7.22799974	7.87985992	-3.95238662
-7.22399974	7.87985992	3.95238662
-7.21999974	7.87985992	0.00000000
-7.21599974	7.87985992	0.00000000
-7.21199974	7.87985992	0.00000000
-7.20799974	7.79927397	0.00000000
-7.20399974	7.87985992	0.00000000
-7.19999974	7.87985992	0.00000000
-7.19599974	7.87985992	0.00000000
-7.19199974	7.87985992	0.00000000
-7.18799974	7.87985992	0.00000000
-7.18399974	7.87985992	0.00000000
-7.17999974	7.87985992	0.00000000
-7.17599974	7.87985992	0.00000000
-7.17199974	7.87985992	0.00000000
-7.16799974	7.87985992	3.95238662
-7.16399974	7.87985992	0.00000000
-7.15999974	7.87985992	0.00000000
-7.15599974	7.87985992	3.95238662
-7.15199974	7.87985992	3.95238662
-7.14799974	7.87985992	-3.95238662
-7.14399974	7.87985992	3.95238662
-7.13999974	7.87985992	3.95238662
-7.13599974	7.87985992	3.95238662
-7.13199974	7.87985992	0.00000000
-7.12799974	7.87985992	3.95238662
-7.12399974	7.87985992	0.00000000
-7.11999974	7.87985992	3.95238662
-7.11599974	7.87985992	0.00000000
-7.11199974	7.87985992	3.95238662
-7.10799974	7.87985992	0.00000000
-7.10399974	7.87985992	0.00000000
-7.09999975	7.87985992	0.00000000
-7.09599975	7.87985992	0.00000000
-7.09199975	7.87985992	-3.95238662
-7.08799975	7.87985992	11.85715961
-7.08399975	7.79927397	3.95238662
-7.07999975	7.87985992	-19.77731133
-7.07599975	7.87985992	15.82492638
-7.07199975	7.87985992	11.85715961
-7.06799975	7.79927397	-23.72970009
-7.06399975	7.87985992	7.90477324
-7.05999975	7.87985992	11.85715961
-7.05599975	7.87985992	-11.85715961
-7.05199975	7.87985992	3.95238662
-7.04799975	7.87985992	7.90477324
-7.04399975	7.87985992	-3.95238662
-7.03999975	7.87985992	0.00000000
-7.03599975	7.87985992	0.00000000
-7.03199975	7.87985992	3.95238662
-7.02799975	7.79927397	0.00000000
-7.02399975	7.87985992	0.00000000
-7.01999975	7.87985992	0.00000000
-7.01599975	7.87985992	0.00000000
-7.01199975	7.87985992	0.00000000
-7.00799975	7.87985992	0.00000000
-7.00399975	7.79927397	0.00000000
-6.99999975	7.79927397	3.95238662
-6.99599975	7.79927397	0.00000000
-6.99199975	7.87985992	3.95238662
-6.98799975	7.87985992	0.00000000
-6.98399975	7.87985992	0.00000000
-6.97999975	7.87985992	0.00000000
-6.97599975	7.87985992	3.95238662
-6.97199975	7.87985992	0.00000000
-6.96799975	7.87985992	0.00000000
-6.96399975	7.87985992	0.00000000
-6.95999975	7.87985992	7.90477324
-6.95599975	7.87985992	0.00000000
-6.95199975	7.79927397	3.95238662
-6.94799975	7.87985992	3.95238662
-6.94399975	7.87985992	0.00000000
-6.93999975	7.87985992	0.00000000
-6.93599975	7.79927397	3.95238662
-6.93199975	7.87985992	0.00000000
-6.92799975	7.87985992	0.00000000
-6.92399975	7.87985992	0.00000000
-6.91999975	7.87985992	0.00000000
-6.91599975	7.87985992	0.00000000
-6.91199975	7.87985992	0.00000000
-6.90799975	7.87985992	3.95238662
-6.90399975	7.87985992	0.00000000
-6.89999975	7.87985992	0.00000000
-6.89599975	7.87985992	3.95238662
-6.89199975	7.87985992	0.00000000
-6.88799975	7.87985992	0.00000000
-6.88399975	7.87985992	0.00000000
-6.87999975	7.87985992	3.95238662
-6.87599975	7.87985992	0.00000000
-6.87199975	7.87985992	3.95238662
-6.86799975	7.87985992	0.00000000
-6.86399975	7.87985992	3.95238662
-6.85999975	7.87985992	0.00000000
-6.85599975	7.87985992	0.00000000
-6.85199975	7.87985992	7.90477324
-6.84799975	7.87985992	3.95238662
-6.84399975	7.87985992	0.00000000
-6.83999975	7.87985992	3.95238662
-6.83599975	7.87985992	-3.95238662
-6.83199975	7.87985992	0.00000000
-6.82799975	7.87985992	0.00000000
-6.82399975	7.87985992	0.00000000
-6.81999975	7.87985992	0.00000000
-6.81599975	7.87985992	7.90477324
-6.81199975	7.87985992	0.00000000
-6.80799975	7.87985992	0.00000000
-6.80399975	7.79927397	0.00000000
-6.79999975	7.87985992	0.00000000
-6.79599975	7.87985992	3.95238662
-6.79199975	7.87985992	3.95238662
-6.78799975	7.79927397	0.00000000
-6.78399975	7.87985992	0.00000000
-6.77999975	7.87985992	0.00000000
-6.77599975	7.87985992	3.95238662
-6.77199975	7.87985992	0.00000000
-6.76799975	7.87985992	0.00000000
-6.76399975	7.87985992	0.00000000
-6.75999975	7.79927397	-3.95238662
-6.75599975	7.79927397	0.00000000
-6.75199975	7.87985992	0.00000000
-6.74799975	7.87985992	0.00000000
-6.74399976	7.87985992	3.95238662
-6.73999976	7.79927397	0.00000000
-6.73599976	7.87985992	-3.95238662
-6.73199976	7.79927397	7.90477324
-6.72799976	7.87985992	3.95238662
-6.72399976	7.87985992	-3.95238662
-6.71999976	7.87985992	3.95238662
-6.71599976	7.87985992	3.95238662
-6.71199976	7.87985992	0.00000000
-6.70799976	7.87985992	0.00000000
-6.70399976	7.87985992	3.95238662
-6.69999976	7.79927397	0.00000000
-6.69599976	7.79927397	0.00000000
-6.69199976	7.87985992	0.00000000
-6.68799976	7.79927397	3.95238662
-6.68399976	7.87985992	0.00000000
-6.67999976	7.87985992	0.00000000
-6.67599976	7.79927397	3.95238662
-6.67199976	7.87985992	3.95238662
-6.66799976	7.79927397	0.00000000
-6.66399976	7.87985992	3.95238662
-6.65999976	7.87985992	0.00000000
-6.65599976	7.87985992	0.00000000
-6.65199976	7.87985992	0.00000000
-6.64799976	7.79927397	0.00000000
-6.64399976	7.79927397	0.00000000
-6.63999976	7.87985992	3.95238662
-6.63599976	7.87985992	0.00000000
-6.63199976	7.87985992	0.00000000
-6.62799976	7.79927397	0.00000000
-6.62399976	7.87985992	3.95238662
-6.61999976	7.87985992	0.00000000
-6.61599976	7.87985992	0.00000000
-6.61199976	7.87985992	3.95238662
-6.60799976	7.87985992	0.00000000
-6.60399976	7.87985992	0.00000000
-6.59999976	7.87985992	0.00000000
-6.59599976	7.79927397	3.95238662
-6.59199976	7.87985992	0.00000000
-6.58799976	7.87985992	0.00000000
-6.58399976	7.87985992	3.95238662
-6.57999976	7.87985992	0.00000000
-6.57599976	7.87985992	0.00000000
-6.57199976	7.87985992	11.85715961
-6.56799976	7.87985992	0.00000000
-6.56399976	7.87985992	-19.77731133
-6.55999976	7.87985992	19.77731133
-6.55599976	7.87985992	3.95238662
-6.55199976	7.87985992	-27.69746399
-6.54799976	7.87985992	27.69746399
-6.54399976	7.87985992	7.90477324
-6.53999976	7.87985992	-35.60223770
-6.53599976	7.87985992	27.69746399
-6.53199976	7.87985992	7.90477324
-6.52799976	7.87985992	-27.69746399
-6.52399976	7.87985992	15.82492638
-6.51999976	7.87985992	7.90477324
-6.51599976	7.87985992	-7.90477324
-6.51199976	7.87985992	7.90477324
-6.50799976	7.79927397	0.00000000
-6.50399976	7.87985992	0.00000000
-6.49999976	7.79927397	-3.95238662
-6.49599976	7.87985992	3.95238662
-6.49199976	7.87985992	3.95238662
-6.48799976	7.87985992	-3.95238662
-6.48399976	7.87985992	3.95238662
-6.47999976	7.87985992	7.90477324
-6.47599976	7.87985992	-3.95238662
-6.47199976	7.87985992	3.95238662
-6.46799976	7.87985992	3.95238662
-6.46399976	7.87985992	0.00000000
-6.45999976	7.87985992	0.00000000
-6.45599976	7.87985992	3.95238662
-6.45199976	7.87985992	0.00000000
-6.44799976	7.87985992	-3.95238662
-6.44399976	7.79927397	3.95238662
-6.43999976	7.87985992	0.00000000
-6.43599976	7.87985992	0.00000000
-6.43199976	7.87985992	7.90477324
-6.42799976	7.87985992	0.00000000
-6.42399976	7.87985992	-3.95238662
-6.41999976	7.87985992	0.00000000
-6.41599976	7.87985992	3.95238662
-6.41199976	7.79927397	-3.95238662
-6.40799976	7.87985992	3.95238662
-6.40399976	7.87985992	3.95238662
-6.39999976	7.87985992	-3.95238662
-6.39599976	7.87985992	0.00000000
-6.39199977	7.87985992	3.95238662
-6.38799977	7.87985992	0.00000000
-6.38399977	7.87985992	0.00000000
-6.37999977	7.87985992	0.00000000
-6.37599977	7.87985992	3.95238662
-6.37199977	7.87985992	0.00000000
-6.36799977	7.87985992	3.95238662
-6.36399977	7.79927397	0.00000000
-6.35999977	7.87985992	0.00000000
-6.35599977	7.87985992	0.00000000
-6.35199977	7.87985992	3.95238662
-6.34799977	7.87985992	0.00000000
-6.34399977	7.87985992	-3.95238662
-6.33999977	7.87985992	-7.90477324
-6.33599977	7.87985992	15.82492638
-6.33199977	7.79927397	7.90477324
-6.32799977	7.87985992	-23.72970009
-6.32399977	7.87985992	7.90477324
-6.31999977	7.87985992	27.69746399
-6.31599977	7.87985992	-31.64985275
-6.31199977	7.79927397	3.95238662
-6.30799977	7.87985992	15.82492638
-6.30399977	7.87985992	-11.85715961
-6.29999977	7.87985992	3.95238662
-6.29599977	7.87985992	7.90477324
-6.29199977	7.87985992	-7.90477324
-6.28799977	7.87985992	3.95238662
-6.28399977	7.87985992	0.00000000
-6.27999977	7.87985992	3.95238662
-6.27599977	7.87985992	3.95238662
-6.27199977	7.87985992	0.00000000
-6.26799977	7.87985992	0.00000000
-6.26399977	7.87985992	0.00000000
-6.25999977	7.79927397	3.95238662
-6.25599977	7.87985992	7.90477324
-6.25199977	7.87985992	0.00000000
-6.24799977	7.87985992	3.95238662
-6.24399977	7.87985992	0.00000000
-6.23999977	7.87985992	3.95238662
-6.23599977	7.79927397	-7.90477324
-6.23199977	7.87985992	-7.90477324
-6.22799977	7.79927397	19.77731133
-6.22399977	7.87985992	0.00000000
-6.21999977	7.87985992	-15.82492638
-6.21599977	7.87985992	23.72970009
-6.21199977	7.87985992	3.95238662
-6.20799977	7.87985992	-19.77731133
-6.20399977	7.87985992	11.85715961
-6.19999977	7.79927397	3.95238662
-6.19599977	7.87985992	-3.95238662
-6.19199977	7.87985992	3.95238662
-6.18799977	7.87985992	3.95238662
-6.18399977	7.87985992	3.95238662
-6.17999977	7.87985992	0.00000000
-6.17599977	7.87985992	3.95238662
-6.17199977	7.87985992	0.00000000
-6.16799977	7.87985992	0.00000000
-6.16399977	7.79927397	0.00000000
-6.15999977	7.87985992	3.95238662
-6.15599977	7.87985992	0.00000000
-6.15199977	7.87985992	0.00000000
-6.14799977	7.79927397	3.95238662
-6.14399977	7.87985992	0.00000000
-6.13999977	7.87985992	0.00000000
-6.13599977	7.87985992	3.95238662
-6.13199977	7.87985992	0.00000000
-6.12799977	7.87985992	3.95238662
-6.12399977	7.79927397	3.95238662
-6.11999977	7.87985992	3.95238662
-6.11599977	7.87985992	0.00000000
-6.11199977	7.87985992	3.95238662
-6.10799977	7.87985992	0.00000000
-6.10399977	7.87985992	0.00000000
-6.09999977	7.87985992	0.00000000
-6.09599977	7.87985992	3.95238662
-6.09199977	7.87985992	0.00000000
-6.08799977	7.87985992	0.00000000
-6.08399977	7.79927397	3.95238662
-6.07999977	7.79927397	0.00000000
-6.07599977	7.87985992	0.00000000
-6.07199977	7.87985992	3.95238662
-6.06799977	7.87985992	0.00000000
-6.06399977	7.87985992	3.95238662
-6.05999977	7.87985992	3.95238662
-6.05599977	7.87985992	0.00000000
-6.05199977	7.87985992	0.00000000
-6.04799977	7.87985992	0.00000000
-6.04399977	7.87985992	0.00000000
-6.03999977	7.87985992	3.95238662
-6.03599978	7.79927397	0.00000000
-6.03199978	7.87985992	0.00000000
-6.02799978	7.87985992	0.00000000
-6.02399978	7.87985992	0.00000000
-6.01999978	7.79927397	0.00000000
-6.01599978	7.87985992	0.00000000
-6.01199978	7.87985992	3.95238662
-6.00799978	7.79927397	0.00000000
-6.00399978	7.87985992	0.00000000
-5.99999978	7.87985992	3.95238662
-5.99599978	7.79927397	0.00000000
-5.99199978	7.87985992	0.00000000
-5.98799978	7.87985992	0.00000000
-5.98399978	7.87985992	3.95238662
-5.97999978	7.87985992	0.00000000
-5.97599978	7.87985992	0.00000000
-5.97199978	7.87985992	0.00000000
-5.96799978	7.87985992	3.95238662
-5.96399978	7.87985992	0.00000000
-5.95999978	7.87985992	0.00000000
-5.95599978	7.87985992	0.00000000
-5.95199978	7.87985992	7.90477324
-5.94799978	7.87985992	0.00000000
-5.94399978	7.87985992	0.00000000
-5.93999978	7.87985992	3.95238662
-5.93599978	7.87985992	3.95238662
-5.93199978	7.87985992	0.00000000
-5.92799978	7.87985992	3.95238662
-5.92399978	7.87985992	0.00000000
-5.91999978	7.87985992	0.00000000
-5.91599978	7.87985992	3.95238662
-5.91199978	7.87985992	3.95238662
-5.90799978	7.87985992	-7.90477324
-5.90399978	7.87985992	0.00000000
-5.89999978	7.87985992	11.85715961
-5.89599978	7.87985992	0.00000000
-5.89199978	7.87985992	-7.90477324
-5.88799978	7.87985992	19.77731133
-5.88399978	7.87985992	0.00000000
-5.87999978	7.87985992	-7.90477324
-5.87599978	7.79927397	3.95238662
-5.87199978	7.87985992	3.95238662
-5.86799978	7.87985992	-3.95238662
-5.86399978	7.87985992	0.00000000
-5.85999978	7.87985992	3.95238662
-5.85599978	7.87985992	0.00000000
-5.85199978	7.87985992	0.00000000
-5.84799978	7.87985992	3.95238662
-5.84399978	7.87985992	0.00000000
-5.83999978	7.87985992	0.00000000
-5.83599978	7.87985992	3.95238662
-5.83199978	7.87985992	3.95238662
-5.82799978	7.87985992	-3.95238662
-5.82399978	7.87985992	-7.90477324
-5.81999978	7.87985992	11.85715961
-5.81599978	7.87985992	7.90477324
-5.81199978	7.87985992	-15.82492638
-5.80799978	7.87985992	11.85715961
-5.80399978	7.79927397	11.85715961
-5.79999978	7.87985992	-15.82492638
-5.79599978	7.79927397	0.00000000
-5.79199978	7.87985992	11.85715961
-5.78799978	7.87985992	-7.90477324
-5.78399978	7.87985992	0.00000000
-5.77999978	7.87985992	7.90477324
-5.77599978	7.87985992	3.95238662
-5.77199978	7.87985992	0.00000000
-5.76799978	7.87985992	0.00000000
-5.76399978	7.87985992	-11.85715961
-5.75999978	7.87985992	3.95238662
-5.75599978	7.87985992	11.85715961
-5.75199978	7.87985992	-15.82492638
-5.74799978	7.79927397	7.90477324
-5.74399978	7.87985992	15.82492638
-5.73999978	7.87985992	-23.72970009
-5.73599978	7.87985992	3.95238662
-5.73199978	7.87985992	3.95238662
-5.72799978	7.87985992	3.95238662
-5.72399978	7.87985992	0.00000000
-5.71999978	7.79927397	-11.85715961
-5.71599978	7.87985992	31.64985275
-5.71199978	7.79927397	-11.85715961
-5.70799978	7.87985992	-27.69746399
-5.70399978	7.87985992	27.69746399
-5.69999978	7.87985992	-3.95238662
-5.69599978	7.87985992	-11.85715961
-5.69199978	7.79927397	23.72970009
-5.68799978	7.87985992	-3.95238662
-5.68399979	7.87985992	-3.95238662
-5.67999979	7.87985992	3.95238662
-5.67599979	7.87985992	-3.95238662
-5.67199979	7.87985992	3.95238662
-5.66799979	7.87985992	0.00000000
-5.66399979	7.87985992	3.95238662
-5.65999979	7.79927397	0.00000000
-5.65599979	7.87985992	-3.95238662
-5.65199979	7.79927397	3.95238662
-5.64799979	7.87985992	0.00000000
-5.64399979	7.87985992	-3.95238662
-5.63999979	7.87985992	7.90477324
-5.63599979	7.87985992	3.95238662
-5.63199979	7.87985992	0.00000000
-5.62799979	7.87985992	3.95238662
-5.62399979	7.87985992	0.00000000
-5.61999979	7.87985992	0.00000000
-5.61599979	7.87985992	3.95238662
-5.61199979	7.87985992	-3.95238662
-5.60799979	7.87985992	0.00000000
-5.60399979	7.87985992	0.00000000
-5.59999979	7.87985992	3.95238662
-5.59599979	7.87985992	0.00000000
-5.59199979	7.87985992	3.95238662
-5.58799979	7.87985992	3.95238662
-5.58399979	7.87985992	0.00000000
-5.57999979	7.87985992	0.00000000
-5.57599979	7.87985992	3.95238662
-5.57199979	7.87985992	0.00000000
-5.56799979	7.87985992	3.95238662
-5.56399979	7.87985992	0.00000000
-5.55999979	7.79927397	0.00000000
-5.55599979	7.79927397	0.00000000
-5.55199979	7.87985992	3.95238662
-5.54799979	7.87985992	0.00000000
-5.54399979	7.79927397	0.00000000
-5.53999979	7.79927397	3.95238662
-5.53599979	7.87985992	3.95238662
-5.53199979	7.87985992	0.00000000
-5.52799979	7.87985992	0.00000000
-5.52399979	7.87985992	3.95238662
-5.51999979	7.87985992	0.00000000
-5.51599979	7.87985992	0.00000000
-5.51199979	7.87985992	0.00000000
-5.50799979	7.87985992	-3.95238662
-5.50399979	7.87985992	3.95238662
-5.49999979	7.87985992	3.95238662
-5.49599979	7.87985992	0.00000000
-5.49199979	7.79927397	3.95238662
-5.48799979	7.87985992	3.95238662
-5.48399979	7.87985992	0.00000000
-5.47999979	7.87985992	3.95238662
-5.47599979	7.79927397	0.00000000
-5.47199979	7.87985992	3.95238662
-5.46799979	7.87985992	0.00000000
-5.46399979	7.87985992	0.00000000
-5.45999979	7.87985992	3.95238662
-5.45599979	7.87985992	0.00000000
-5.45199979	7.79927397	0.00000000
-5.44799979	7.87985992	3.95238662
-5.44399979	7.87985992	0.00000000
-5.43999979	7.79927397	0.00000000
-5.43599979	7.87985992	3.95238662
-5.43199979	7.87985992	0.00000000
-5.42799979	7.87985992	0.00000000
-5.42399979	7.87985992	3.95238662
-5.41999979	7.87985992	0.00000000
-5.41599979	7.87985992	3.95238662
-5.41199979	7.87985992	0.00000000
-5.40799979	7.87985992	11.85715961
-5.40399979	7.87985992	-3.95238662
-5.39999979	7.87985992	-19.77731133
-5.39599979	7.87985992	23.72970009
-5.39199979	7.87985992	7.90477324
-5.38799979	7.87985992	-31.64985275
-5.38399979	7.87985992	35.60223770
-5.37999979	7.87985992	7.90477324
-5.37599979	7.87985992	-39.55462265
-5.37199979	7.87985992	31.64985275
-5.36799979	7.87985992	3.95238662
-5.36399979	7.87985992	-31.64985275
-5.35999979	7.79927397	39.55462265
-5.35599979	7.87985992	3.95238662
-5.35199979	7.87985992	-23.72970009
-5.34799979	7.87985992	35.60223770
-5.34399979	7.87985992	-7.90477324
-5.33999979	7.87985992	-19.77731133
-5.33599979	7.79927397	35.60223770
-5.33199980	7.79927397	-11.85715961
-5.32799980	7.87985992	-15.82492638
-5.32399980	7.79927397	27.69746399
-5.31999980	7.87985992	-15.82492638
-5.31599980	7.87985992	-7.90477324
-5.31199980	7.87985992	23.72970009
-5.30799980	7.87985992	-19.77731133
-5.30399980	7.87985992	15.82492638
-5.29999980	7.79927397	11.85715961
-5.29599980	7.87985992	-27.69746399
-5.29199980	7.87985992	19.77731133
-5.28799980	7.87985992	3.95238662
-5.28399980	7.87985992	-27.69746399
-5.27999980	7.87985992	19.77731133
-5.27599980	7.79927397	0.00000000
-5.27199980	7.87985992	-11.85715961
-5.26799980	7.87985992	0.00000000
-5.26399980	7.79927397	7.90477324
-5.25999980	7.87985992	23.72970009
-5.25599980	7.87985992	-23.72970009
-5.25199980	7.87985992	0.00000000
-5.24799980	7.87985992	39.55462265
-5.24399980	7.87985992	-27.69746399
-5.23999980	7.87985992	-7.90477324
-5.23599980	7.79927397	27.69746399
-5.23199980	7.87985992	-11.85715961
-5.22799980	7.87985992	-3.95238662
-5.22399980	7.87985992	15.82492638
-5.21999980	7.87985992	-3.95238662
-5.21599980	7.87985992	7.90477324
-5.21199980	7.79927397	-11.85715961
-5.20799980	7.87985992	-11.85715961
-5.20399980	7.87985992	23.72970009
-5.19999980	7.87985992	0.00000000
-5.19599980	7.87985992	-23.72970009
-5.19199980	7.87985992	31.64985275
-5.18799980	7.79927397	0.00000000
-5.18399980	7.87985992	-23.72970009
-5.17999980	7.87985992	19.77731133
-5.17599980	7.87985992	0.00000000
-5.17199980	7.87985992	-7.90477324
-5.16799980	7.87985992	11.85715961
-5.16399980	7.87985992	-3.95238662
-5.15999980	7.87985992	0.00000000
-5.15599980	7.87985992	0.00000000
-5.15199980	7.87985992	-3.95238662
-5.14799980	7.87985992	3.95238662
-5.14399980	7.87985992	0.00000000
-5.13999980	7.87985992	0.00000000
-5.13599980	7.87985992	3.95238662
-5.13199980	7.87985992	-3.95238662
-5.12799980	7.87985992	3.95238662
-5.12399980	7.87985992	3.95238662
-5.11999980	7.87985992	0.00000000
-5.11599980	7.79927397	0.00000000
-5.11199980	7.87985992	-3.95238662
-5.10799980	7.79927397	7.90477324
-5.10399980	7.87985992	11.85715961
-5.09999980	7.87985992	-23.72970009
-5.09599980	7.87985992	11.85715961
-5.09199980	7.87985992	19.77731133
-5.08799980	7.87985992	-31.64985275
-5.08399980	7.87985992	11.85715961
-5.07999980	7.87985992	19.77731133
-5.07599980	7.87985992	-23.72970009
-5.07199980	7.87985992	11.85715961
-5.06799980	7.79927397	15.82492638
-5.06399980	7.87985992	-15.82492638
-5.05999980	7.79927397	0.00000000
-5.05599980	7.87985992	3.95238662
-5.05199980	7.79927397	0.00000000
-5.04799980	7.87985992	-3.95238662
-5.04399980	7.87985992	7.90477324
-5.03999980	7.87985992	19.77731133
-5.03599980	7.87985992	-23.72970009
-5.03199980	7.87985992	-7.90477324
-5.02799980	7.79927397	35.60223770
-5.02399980	7.87985992	-27.69746399
-5.01999980	7.87985992	-11.85715961
-5.01599980	7.87985992	43.52238846
-5.01199980	7.87985992	-19.77731133
-5.00799980	7.87985992	-11.85715961
-5.00399980	7.87985992	27.69746399
-4.99999980	7.87985992	-11.85715961
-4.99599980	7.87985992	-7.90477324
-4.99199980	7.87985992	11.85715961
-4.98799980	7.87985992	3.95238662
-4.98399980	7.87985992	-11.85715961
-4.97999980	7.79927397	11.85715961
-4.97599981	7.87985992	11.85715961
-4.97199981	7.79927397	-23.72970009
-4.96799981	7.87985992	11.85715961
-4.96399981	7.87985992	15.82492638
-4.95999981	7.87985992	-19.77731133
-4.95599981	7.87985992	19.77731133
-4.95199981	7.87985992	0.00000000
-4.94799981	7.87985992	-11.85715961
-4.94399981	7.87985992	23.72970009
-4.93999981	7.87985992	-7.90477324
-4.93599981	7.87985992	-11.85715961
-4.93199981	7.79927397	15.82492638
-4.92799981	7.87985992	-7.90477324
-4.92399981	7.87985992	0.00000000
-4.91999981	7.79927397	7.90477324
-4.91599981	7.87985992	-7.90477324
-4.91199981	7.87985992	3.95238662
-4.90799981	7.87985992	11.85715961
-4.90399981	7.79927397	0.00000000
-4.89999981	7.87985992	-11.85715961
-4.89599981	7.79927397	23.72970009
-4.89199981	7.87985992	0.00000000
-4.88799981	7.87985992	-27.69746399
-4.88399981	7.79927397	23.72970009
-4.87999981	7.79927397	0.00000000
-4.87599981	7.87985992	-15.82492638
-4.87199981	7.87985992	27.69746399
-4.86799981	7.87985992	-7.90477324
-4.86399981	7.79927397	-15.82492638
-4.85999981	7.79927397	19.77731133
-4.85599981	7.87985992	-11.85715961
-4.85199981	7.87985992	-7.90477324
-4.84799981	7.79927397	19.77731133
-4.84399981	7.87985992	-3.95238662
-4.83999981	7.87985992	-3.95238662
-4.83599981	7.87985992	0.00000000
-4.83199981	7.87985992	0.00000000
-4.82799981	7.87985992	0.00000000
-4.82399981	7.87985992	0.00000000
-4.81999981	7.87985992	0.00000000
-4.81599981	7.87985992	7.90477324
-4.81199981	7.87985992	-3.95238662
-4.80799981	7.87985992	3.95238662
-4.80399981	7.79927397	0.00000000
-4.79999981	7.87985992	-3.95238662
-4.79599981	7.87985992	3.95238662
-4.79199981	7.87985992	3.95238662
-4.78799981	7.79927397	0.00000000
-4.78399981	7.87985992	0.00000000
-4.77999981	7.87985992	3.95238662
-4.77599981	7.87985992	0.00000000
-4.77199981	7.87985992	-3.95238662
-4.76799981	7.87985992	0.00000000
-4.76399981	7.87985992	7.90477324
-4.75999981	7.87985992	0.00000000
-4.75599981	7.79927397	0.00000000
-4.75199981	7.87985992	3.95238662
-4.74799981	7.87985992	0.00000000
-4.74399981	7.87985992	0.00000000
-4.73999981	7.87985992	-3.95238662
-4.73599981	7.87985992	3.95238662
-4.73199981	7.87985992	0.00000000
-4.72799981	7.87985992	0.00000000
-4.72399981	7.87985992	0.00000000
-4.71999981	7.87985992	3.95238662
-4.71599981	7.87985992	0.00000000
-4.71199981	7.87985992	0.00000000
-4.70799981	7.87985992	0.00000000
-4.70399981	7.87985992	3.95238662
-4.69999981	7.87985992	0.00000000
-4.69599981	7.87985992	-3.95238662
-4.69199981	7.87985992	7.90477324
-4.68799981	7.87985992	11.85715961
-4.68399981	7.87985992	-15.82492638
-4.67999981	7.87985992	3.95238662
-4.67599981	7.87985992	19.77731133
-4.67199981	7.87985992	-15.82492638
-4.66799981	7.87985992	-3.95238662
-4.66399981	7.87985992	15.82492638
-4.65999981	7.87985992	-3.95238662
-4.65599981	7.87985992	0.00000000
-4.65199981	7.87985992	0.00000000
-4.64799981	7.87985992	0.00000000
-4.64399981	7.87985992	3.95238662
-4.63999981	7.87985992	3.95238662
-4.63599981	7.87985992	3.95238662
-4.63199981	7.87985992	3.95238662
-4.62799981	7.87985992	0.00000000
-4.62399982	7.87985992	3.95238662
-4.61999982	7.87985992	7.90477324
-4.61599982	7.87985992	-11.85715961
-4.61199982	7.79927397	7.90477324
-4.60799982	7.87985992	19.77731133
-4.60399982	7.87985992	-27.69746399
-4.59999982	7.87985992	11.85715961
-4.59599982	7.87985992	23.72970009
-4.59199982	7.87985992	-27.69746399
-4.58799982	7.87985992	11.85715961
-4.58399982	7.87985992	7.90477324
-4.57999982	7.87985992	-15.82492638
-4.57599982	7.87985992	11.85715961
-4.57199982	7.79927397	3.95238662
-4.56799982	7.87985992	-7.90477324
-4.56399982	7.79927397	0.00000000
-4.55999982	7.87985992	0.00000000
-4.55599982	7.87985992	11.85715961
-4.55199982	7.87985992	-7.90477324
-4.54799982	7.87985992	0.00000000
-4.54399982	7.87985992	23.72970009
-4.53999982	7.79927397	-7.90477324
-4.53599982	7.87985992	-7.90477324
-4.53199982	7.87985992	11.85715961
-4.52799982	7.79927397	0.00000000
-4.52399982	7.87985992	0.00000000
-4.51999982	7.87985992	11.85715961
-4.51599982	7.87985992	-3.95238662
-4.51199982	7.87985992	3.95238662
-4.50799982	7.79927397	-7.90477324
-4.50399982	7.87985992	3.95238662
-4.49999982	7.87985992	11.85715961
-4.49599982	7.87985992	-11.85715961
-4.49199982	7.87985992	3.95238662
-4.48799982	7.87985992	3.95238662
-4.48399982	7.87985992	-19.77731133
-4.47999982	7.87985992	15.82492638
-4.47599982	7.87985992	-11.85715961
-4.47199982	7.87985992	0.00000000
-4.46799982	7.87985992	19.77731133
-4.46399982	7.87985992	-15.82492638
-4.45999982	7.87985992	3.95238662
-4.45599982	7.79927397	15.82492638
-4.45199982	7.87985992	-27.69746399
-4.44799982	7.87985992	3.95238662
-4.44399982	7.79927397	15.82492638
-4.43999982	7.87985992	-7.90477324
-4.43599982	7.87985992	0.00000000
-4.43199982	7.87985992	15.82492638
-4.42799982	7.87985992	-15.82492638
-4.42399982	7.87985992	7.90477324
-4.41999982	7.79927397	11.85715961
-4.41599982	7.87985992	-11.85715961
-4.41199982	7.87985992	-7.90477324
-4.40799982	7.87985992	19.77731133
-4.40399982	7.87985992	-3.95238662
-4.39999982	7.87985992	-3.95238662
-4.39599982	7.87985992	11.85715961
-4.39199982	7.87985992	-15.82492638
-4.38799982	7.87985992	11.85715961
-4.38399982	7.87985992	7.90477324
-4.37999982	7.87985992	-31.64985275
-4.37599982	7.79927397	23.72970009
-4.37199982	7.79927397	3.95238662
-4.36799982	7.87985992	-23.72970009
-4.36399982	7.87985992	23.72970009
-4.35999982	7.79927397	-15.82492638
-4.35599982	7.87985992	-7.90477324
-4.35199982	7.87985992	31.64985275
-4.34799982	7.87985992	-23.72970009
-4.34399982	7.87985992	-3.95238662
-4.33999982	7.87985992	23.72970009
-4.33599982	7.87985992	-7.90477324
-4.33199982	7.87985992	0.00000000
-4.32799982	7.87985992	3.95238662
-4.32399982	7.87985992	-15.82492638
-4.31999982	7.87985992	3.95238662
-4.31599982	7.87985992	-3.95238662
-4.31199982	7.87985992	-3.95238662
-4.30799982	7.87985992	11.85715961
-4.30399982	7.87985992	3.95238662
-4.29999982	7.87985992	-3.95238662
-4.29599982	7.87985992	15.82492638
-4.29199982	7.87985992	-19.77731133
-4.28799982	7.87985992	7.90477324
-4.28399982	7.87985992	-3.95238662
-4.27999982	7.87985992	-15.82492638
-4.27599982	7.87985992	35.60223770
-4.27199983	7.87985992	-11.85715961
-4.26799983	7.79927397	-27.69746399
-4.26399983	7.87985992	23.72970009
-4.25999983	7.79927397	-3.95238662
-4.25599983	7.87985992	-11.85715961
-4.25199983	7.87985992	3.95238662
-4.24799983	7.87985992	7.90477324
-4.24399983	7.87985992	3.95238662
-4.23999983	7.87985992	-15.82492638
-4.23599983	7.87985992	0.00000000
-4.23199983	7.87985992	15.82492638
-4.22799983	7.79927397	-23.72970009
-4.22399983	7.87985992	15.82492638
-4.21999983	7.87985992	15.82492638
-4.21599983	7.87985992	-15.82492638
-4.21199983	7.87985992	-3.95238662
-4.20799983	7.79927397	11.85715961
-4.20399983	7.87985992	-11.85715961
-4.19999983	7.87985992	0.00000000
-4.19599983	7.87985992	19.77731133
-4.19199983	7.87985992	-11.85715961
-4.18799983	7.79927397	0.00000000
-4.18399983	7.87985992	0.00000000
-4.17999983	7.87985992	0.00000000
-4.17599983	7.87985992	-3.95238662
-4.17199983	7.87985992	7.90477324
-4.16799983	7.87985992	15.82492638
-4.16399983	7.87985992	-11.85715961
-4.15999983	7.87985992	7.90477324
-4.15599983	7.87985992	0.00000000
-4.15199983	7.79927397	-7.90477324
-4.14799983	7.87985992	23.72970009
-4.14399983	7.87985992	3.95238662
-4.13999983	7.87985992	-11.85715961
-4.13599983	7.87985992	7.90477324
-4.13199983	7.79927397	11.85715961
-4.12799983	7.87985992	-3.95238662
-4.12399983	7.87985992	-27.69746399
-4.11999983	7.87985992	19.77731133
-4.11599983	7.79927397	19.77731133
-4.11199983	7.87985992	-27.69746399
-4.10799983	7.87985992	0.00000000
-4.10399983	7.79927397	3.95238662
-4.09999983	7.87985992	-19.77731133
-4.09599983	7.87985992	15.82492638
-4.09199983	7.87985992	0.00000000
-4.08799983	7.79927397	0.00000000
-4.08399983	7.87985992	3.95238662
-4.07999983	7.87985992	3.95238662
-4.07599983	7.87985992	0.00000000
-4.07199983	7.87985992	-15.82492638
-4.06799983	7.87985992	19.77731133
-4.06399983	7.87985992	11.85715961
-4.05999983	7.79927397	-15.82492638
-4.05599983	7.87985992	11.85715961
-4.05199983	7.87985992	15.82492638
-4.04799983	7.87985992	-15.82492638
-4.04399983	7.87985992	-7.90477324
-4.03999983	7.87985992	-3.95238662
-4.03599983	7.87985992	0.00000000
-4.03199983	7.87985992	23.72970009
-4.02799983	7.87985992	-7.90477324
-4.02399983	7.87985992	-15.82492638
-4.01999983	7.87985992	11.85715961
-4.01599983	7.87985992	-3.95238662
-4.01199983	7.79927397	-11.85715961
-4.00799983	7.87985992	11.85715961
-4.00399983	7.87985992	0.00000000
-3.99999983	7.87985992	7.90477324
-3.99599983	7.87985992	11.85715961
-3.99199983	7.87985992	3.95238662
-3.98799983	7.87985992	0.00000000
-3.98399983	7.87985992	-7.90477324
-3.97999983	7.87985992	7.90477324
-3.97599983	7.87985992	0.00000000
-3.97199983	7.87985992	3.95238662
-3.96799983	7.87985992	15.82492638
-3.96399983	7.87985992	-11.85715961
-3.95999983	7.87985992	11.85715961
-3.95599983	7.79927397	15.82492638
-3.95199983	7.87985992	-15.82492638
-3.94799983	7.79927397	0.00000000
-3.94399983	7.87985992	11.85715961
-3.93999983	7.87985992	-3.95238662
-3.93599983	7.87985992	11.85715961
-3.93199983	7.87985992	-7.90477324
-3.92799983	7.87985992	0.00000000
-3.92399983	7.87985992	0.00000000
-3.91999983	7.87985992	-7.90477324
-3.91599984	7.87985992	15.82492638
-3.91199984	7.79927397	-11.85715961
-3.90799984	7.87985992	-7.90477324
-3.90399984	7.87985992	19.77731133
-3.89999984	7.79927397	-11.85715961
-3.89599984	7.87985992	3.95238662
-3.89199984	7.87985992	11.85715961
-3.88799984	7.79927397	-11.85715961
-3.88399984	7.87985992	11.85715961
-3.87999984	7.87985992	-11.85715961
-3.87599984	7.87985992	-3.95238662
-3.87199984	7.87985992	11.85715961
-3.86799984	7.87985992	-3.95238662
-3.86399984	7.87985992	7.90477324
-3.85999984	7.87985992	3.95238662
-3.85599984	7.87985992	0.00000000
-3.85199984	7.87985992	7.90477324
-3.84799984	7.87985992	-19.77731133
-3.84399984	7.87985992	3.95238662
-3.83999984	7.87985992	7.90477324
-3.83599984	7.87985992	3.95238662
-3.83199984	7.87985992	-7.90477324
-3.82799984	7.87985992	0.00000000
-3.82399984	7.87985992	11.85715961
-3.81999984	7.87985992	-7.90477324
-3.81599984	7.87985992	-15.82492638
-3.81199984	7.79927397	15.82492638
-3.80799984	7.87985992	7.90477324
-3.80399984	7.87985992	0.00000000
-3.79999984	7.79927397	11.85715961
-3.79599984	7.87985992	0.00000000
-3.79199984	7.87985992	-3.95238662
-3.78799984	7.87985992	15.82492638
-3.78399984	7.87985992	-7.90477324
-3.77999984	7.87985992	0.00000000
-3.77599984	7.87985992	3.95238662
-3.77199984	7.87985992	19.77731133
-3.76799984	7.87985992	7.90477324
-3.76399984	7.79927397	-7.90477324
-3.75999984	7.87985992	-11.85715961
-3.75599984	7.87985992	15.82492638
-3.75199984	7.87985992	0.00000000
-3.74799984	7.87985992	-3.95238662
-3.74399984	7.79927397	-7.90477324
-3.73999984	7.87985992	15.82492638
-3.73599984	7.87985992	11.85715961
-3.73199984	7.87985992	-11.85715961
-3.72799984	7.87985992	3.95238662
-3.72399984	7.87985992	23.72970009
-3.71999984	7.87985992	0.00000000
-3.71599984	7.79927397	3.95238662
-3.71199984	7.79927397	11.85715961
-3.70799984	7.87985992	7.90477324
-3.70399984	7.87985992	0.00000000
-3.69999984	7.87985992	11.85715961
-3.69599984	7.87985992	0.00000000
-3.69199984	7.87985992	3.95238662
-3.68799984	7.87985992	11.85715961
-3.68399984	7.87985992	3.95238662
-3.67999984	7.79927397	-11.85715961
-3.67599984	7.87985992	15.82492638
-3.67199984	7.87985992	-3.95238662
-3.66799984	7.87985992	-15.82492638
-3.66399984	7.87985992	-3.95238662
-3.65999984	7.87985992	7.90477324
-3.65599984	7.87985992	-3.95238662
-3.65199984	7.87985992	-15.82492638
-3.64799984	7.87985992	11.85715961
-3.64399984	7.87985992	-7.90477324
-3.63999984	7.87985992	-7.90477324
-3.63599984	7.87985992	15.82492638
-3.63199984	7.79927397	-7.90477324
-3.62799984	7.87985992	-3.95238662
-3.62399984	7.79927397	15.82492638
-3.61999984	7.87985992	-15.82492638
-3.61599984	7.87985992	11.85715961
-3.61199984	7.87985992	11.85715961
-3.60799984	7.87985992	-7.90477324
-3.60399984	7.87985992	-3.95238662
-3.59999984	7.87985992	7.90477324
-3.59599984	7.87985992	19.77731133
-3.59199984	7.87985992	-15.82492638
-3.58799984	7.87985992	0.00000000
-3.58399984	7.87985992	23.72970009
-3.57999984	7.87985992	-11.85715961
-3.57599984	7.87985992	0.00000000
-3.57199984	7.87985992	15.82492638
-3.56799984	7.87985992	-7.90477324
-3.56399985	7.87985992	0.00000000
-3.55999985	7.79927397	11.85715961
-3.55599985	7.87985992	-7.90477324
-3.55199985	7.87985992	-7.90477324
-3.54799985	7.79927397	3.95238662
-3.54399985	7.87985992	0.00000000
-3.53999985	7.87985992	-11.85715961
-3.53599985	7.79927397	-3.95238662
-3.53199985	7.87985992	7.90477324
-3.52799985	7.87985992	7.90477324
-3.52399985	7.79927397	-7.90477324
-3.51999985	7.87985992	3.95238662
-3.51599985	7.87985992	0.00000000
-3.51199985	7.87985992	-3.95238662
-3.50799985	7.87985992	3.95238662
-3.50399985	7.87985992	-7.90477324
-3.49999985	7.79927397	7.90477324
-3.49599985	7.87985992	7.90477324
-3.49199985	7.87985992	0.00000000
-3.48799985	7.87985992	15.82492638
-3.48399985	7.87985992	-11.85715961
-3.47999985	7.87985992	7.90477324
-3.47599985	7.87985992	7.90477324
-3.47199985	7.87985992	-19.77731133
-3.46799985	7.87985992	7.90477324
-3.46399985	7.87985992	7.90477324
-3.45999985	7.87985992	-11.85715961
-3.45599985	7.87985992	0.00000000
-3.45199985	7.87985992	3.95238662
-3.44799985	7.87985992	0.00000000
-3.44399985	7.87985992	-7.90477324
-3.43999985	7.87985992	11.85715961
-3.43599985	7.87985992	3.95238662
-3.43199985	7.87985992	-3.95238662
-3.42799985	7.79927397	-3.95238662
-3.42399985	7.87985992	0.00000000
-3.41999985	7.87985992	-3.95238662
-3.41599985	7.87985992	7.90477324
-3.41199985	7.87985992	0.00000000
-3.40799985	7.87985992	7.90477324
-3.40399985	7.87985992	0.00000000
-3.39999985	7.87985992	3.95238662
-3.39599985	7.87985992	0.00000000
-3.39199985	7.79927397	3.95238662
-3.38799985	7.87985992	7.90477324
-3.38399985	7.87985992	11.85715961
-3.37999985	7.87985992	3.95238662
-3.37599985	7.87985992	0.00000000
-3.37199985	7.87985992	0.00000000
-3.36799985	7.87985992	3.95238662
-3.36399985	7.79927397	3.95238662
-3.35999985	7.87985992	3.95238662
-3.35599985	7.87985992	-3.95238662
-3.35199985	7.87985992	0.00000000
-3.34799985	7.87985992	-3.95238662
-3.34399985	7.87985992	-3.95238662
-3.33999985	7.87985992	-3.95238662
-3.33599985	7.87985992	3.95238662
-3.33199985	7.87985992	0.00000000
-3.32799985	7.87985992	0.00000000
-3.32399985	7.87985992	0.00000000
-3.31999985	7.79927397	7.90477324
-3.31599985	7.87985992	0.00000000
-3.31199985	7.87985992	0.00000000
-3.30799985	7.87985992	0.00000000
-3.30399985	7.87985992	3.95238662
-3.29999985	7.87985992	-3.95238662
-3.29599985	7.87985992	-3.95238662
-3.29199985	7.87985992	0.00000000
-3.28799985	7.87985992	0.00000000
-3.28399985	7.79927397	0.00000000
-3.27999985	7.87985992	3.95238662
-3.27599985	7.87985992	3.95238662
-3.27199985	7.87985992	-3.95238662
-3.26799985	7.79927397	0.00000000
-3.26399985	7.87985992	0.00000000
-3.25999985	7.87985992	3.95238662
-3.25599985	7.87985992	3.95238662
-3.25199985	7.87985992	0.00000000
-3.24799985	7.87985992	3.95238662
-3.24399985	7.87985992	0.00000000
-3.23999985	7.87985992	0.00000000
-3.23599985	7.87985992	0.00000000
-3.23199985	7.87985992	0.00000000
-3.22799985	7.87985992	3.95238662
-3.22399985	7.79927397	0.00000000
-3.21999985	7.79927397	0.00000000
-3.21599985	7.87985992	0.00000000
-3.21199985	7.87985992	3.95238662
-3.20799986	7.79927397	3.95238662
-3.20399986	7.79927397	0.00000000
-3.19999986	7.87985992	3.95238662
-3.19599986	7.87985992	0.00000000
-3.19199986	7.87985992	0.00000000
-3.18799986	7.87985992	3.95238662
-3.18399986	7.87985992	0.00000000
-3.17999986	7.87985992	0.00000000
-3.17599986	7.87985992	0.00000000
-3.17199986	7.87985992	0.00000000
-3.16799986	7.87985992	3.95238662
-3.16399986	7.87985992	0.00000000
-3.15999986	7.87985992	0.00000000
-3.15599986	7.87985992	0.00000000
-3.15199986	7.87985992	-3.95238662
-3.14799986	7.87985992	0.00000000
-3.14399986	7.79927397	0.00000000
-3.13999986	7.87985992	-3.95238662
-3.13599986	7.87985992	7.90477324
-3.13199986	7.87985992	0.00000000
-3.12799986	7.87985992	0.00000000
-3.12399986	7.87985992	0.00000000
-3.11999986	7.87985992	3.95238662
-3.11599986	7.87985992	0.00000000
-3.11199986	7.87985992	3.95238662
-3.10799986	7.87985992	0.00000000
-3.10399986	7.87985992	3.95238662
-3.09999986	7.79927397	0.00000000
-3.09599986	7.87985992	0.00000000
-3.09199986	7.79927397	3.95238662
-3.08799986	7.87985992	3.95238662
-3.08399986	7.87985992	0.00000000
-3.07999986	7.87985992	3.95238662
-3.07599986	7.87985992	0.00000000
-3.07199986	7.87985992	3.95238662
-3.06799986	7.87985992	0.00000000
-3.06399986	7.79927397	0.00000000
-3.05999986	7.87985992	0.00000000
-3.05599986	7.87985992	0.00000000
-3.05199986	7.87985992	0.00000000
-3.04799986	7.87985992	0.00000000
-3.04399986	7.87985992	0.00000000
-3.03999986	7.87985992	0.00000000
-3.03599986	7.79927397	0.00000000
-3.03199986	7.87985992	3.95238662
-3.02799986	7.87985992	0.00000000
-3.02399986	7.87985992	0.00000000
-3.01999986	7.87985992	0.00000000
-3.01599986	7.87985992	3.95238662
-3.01199986	7.79927397	0.00000000
-3.00799986	7.87985992	0.00000000
-3.00399986	7.87985992	0.00000000
-2.99999986	7.79927397	0.00000000
-2.99599986	7.87985992	0.00000000
-2.99199986	7.87985992	0.00000000
-2.98799986	7.87985992	0.00000000
-2.98399986	7.87985992	3.95238662
-2.97999986	7.87985992	0.00000000
-2.97599986	7.87985992	3.95238662
-2.97199986	7.87985992	0.00000000
-2.96799986	7.87985992	3.95238662
-2.96399986	7.87985992	0.00000000
-2.95999986	7.87985992	3.95238662
-2.95599986	7.87985992	0.00000000
-2.95199986	7.79927397	3.95238662
-2.94799986	7.87985992	0.00000000
-2.94399986	7.87985992	0.00000000
-2.93999986	7.87985992	0.00000000
-2.93599986	7.87985992	0.00000000
-2.93199986	7.87985992	0.00000000
-2.92799986	7.87985992	3.95238662
-2.92399986	7.87985992	0.00000000
-2.91999986	7.87985992	3.95238662
-2.91599986	7.87985992	0.00000000
-2.91199986	7.87985992	0.00000000
-2.90799986	7.87985992	0.00000000
-2.90399986	7.79927397	0.00000000
-2.89999986	7.79927397	0.00000000
-2.89599986	7.87985992	0.00000000
-2.89199986	7.87985992	0.00000000
-2.88799986	7.87985992	0.00000000
-2.88399986	7.87985992	0.00000000
-2.87999986	7.87985992	0.00000000
-2.87599986	7.87985992	3.95238662
-2.87199986	7.87985992	3.95238662
-2.86799986	7.79927397	0.00000000
-2.86399986	7.87985992	0.00000000
-2.85999986	7.87985992	0.00000000
-2.85599987	7.87985992	0.00000000
-2.85199987	7.87985992	3.95238662
-2.84799987	7.87985992	3.95238662
-2.84399987	7.79927397	0.00000000
-2.83999987	7.87985992	3.95238662
-2.83599987	7.87985992	0.00000000
-2.83199987	7.87985992	3.95238662
-2.82799987	7.87985992	0.00000000
-2.82399987	7.87985992	3.95238662
-2.81999987	7.79927397	0.00000000
-2.81599987	7.87985992	0.00000000
-2.81199987	7.87985992	0.00000000
-2.80799987	7.87985992	3.95238662
-2.80399987	7.87985992	0.00000000
-2.79999987	7.87985992	0.00000000
-2.79599987	7.87985992	0.00000000
-2.79199987	7.87985992	3.95238662
-2.78799987	7.87985992	0.00000000
-2.78399987	7.87985992	3.95238662
-2.77999987	7.87985992	0.00000000
-2.77599987	7.87985992	0.00000000
-2.77199987	7.87985992	0.00000000
-2.76799987	7.87985992	0.00000000
-2.76399987	7.87985992	0.00000000
-2.75999987	7.79927397	3.95238662
-2.75599987	7.87985992	0.00000000
-2.75199987	7.87985992	0.00000000
-2.74799987	7.87985992	0.00000000
-2.74399987	7.87985992	3.95238662
-2.73999987	7.87985992	0.00000000
-2.73599987	7.87985992	3.95238662
-2.73199987	7.87985992	0.00000000
-2.72799987	7.87985992	0.00000000
-2.72399987	7.79927397	0.00000000
-2.71999987	7.87985992	3.95238662
-2.71599987	7.79927397	0.00000000
-2.71199987	7.87985992	0.00000000
-2.70799987	7.87985992	0.00000000
-2.70399987	7.87985992	3.95238662
-2.69999987	7.87985992	0.00000000
-2.69599987	7.87985992	0.00000000
-2.69199987	7.87985992	0.00000000
-2.68799987	7.87985992	0.00000000
-2.68399987	7.87985992	3.95238662
-2.67999987	7.87985992	0.00000000
-2.67599987	7.79927397	0.00000000
-2.67199987	7.87985992	3.95238662
-2.66799987	7.87985992	0.00000000
-2.66399987	7.79927397	0.00000000
-2.65999987	7.87985992	3.95238662
-2.65599987	7.87985992	0.00000000
-2.65199987	7.87985992	0.00000000
-2.64799987	7.87985992	0.00000000
-2.64399987	7.87985992	0.00000000
-2.63999987	7.87985992	0.00000000
-2.63599987	7.87985992	0.00000000
-2.63199987	7.87985992	0.00000000
-2.62799987	7.87985992	0.00000000
-2.62399987	7.79927397	0.00000000
-2.61999987	7.87985992	0.00000000
-2.61599987	7.87985992	3.95238662
-2.61199987	7.87985992	0.00000000
-2.60799987	7.87985992	0.00000000
-2.60399987	7.87985992	0.00000000
-2.59999987	7.87985992	0.00000000
-2.59599987	7.87985992	0.00000000
-2.59199987	7.87985992	3.95238662
-2.58799987	7.87985992	0.00000000
-2.58399987	7.87985992	3.95238662
-2.57999987	7.87985992	0.00000000
-2.57599987	7.87985992	0.00000000
-2.57199987	7.79927397	0.00000000
-2.56799987	7.87985992	0.00000000
-2.56399987	7.87985992	0.00000000
-2.55999987	7.87985992	3.95238662
-2.55599987	7.87985992	0.00000000
-2.55199987	7.87985992	3.95238662
-2.54799987	7.87985992	0.00000000
-2.54399987	7.87985992	0.00000000
-2.53999987	7.79927397	0.00000000
-2.53599987	7.87985992	0.00000000
-2.53199987	7.87985992	0.00000000
-2.52799987	7.87985992	0.00000000
-2.52399987	7.87985992	0.00000000
-2.51999987	7.87985992	0.00000000
-2.51599987	7.87985992	0.00000000
-2.51199987	7.87985992	0.00000000
-2.50799987	7.87985992	0.00000000
-2.50399988	7.87985992	0.00000000
-2.49999988	7.87985992	0.00000000
-2.49599988	7.87985992	3.95238662
-2.49199988	7.87985992	0.00000000
-2.48799988	7.87985992	0.00000000
-2.48399988	7.87985992	0.00000000
-2.47999988	7.87985992	0.00000000
-2.47599988	7.87985992	0.00000000
-2.47199988	7.87985992	0.00000000
-2.46799988	7.79927397	0.00000000
-2.46399988	7.87985992	0.00000000
-2.45999988	7.87985992	0.00000000
-2.45599988	7.87985992	0.00000000
-2.45199988	7.87985992	0.00000000
-2.44799988	7.87985992	0.00000000
-2.44399988	7.87985992	0.00000000
-2.43999988	7.87985992	0.00000000
-2.43599988	7.87985992	3.95238662
-2.43199988	7.87985992	3.95238662
-2.42799988	7.87985992	0.00000000
-2.42399988	7.87985992	0.00000000
-2.41999988	7.87985992	0.00000000
-2.41599988	7.87985992	0.00000000
-2.41199988	7.87985992	0.00000000
-2.40799988	7.87985992	3.95238662
-2.40399988	7.87985992	0.00000000
-2.39999988	7.87985992	3.95238662
-2.39599988	7.87985992	0.00000000
-2.39199988	7.87985992	3.95238662
-2.38799988	7.79927397	0.00000000
-2.38399988	7.87985992	0.00000000
-2.37999988	7.87985992	0.00000000
-2.37599988	7.87985992	0.00000000
-2.37199988	7.87985992	0.00000000
-2.36799988	7.87985992	3.95238662
-2.36399988	7.79927397	0.00000000
-2.35999988	7.87985992	0.00000000
-2.35599988	7.87985992	0.00000000
-2.35199988	7.87985992	0.00000000
-2.34799988	7.79927397	0.00000000
-2.34399988	7.87985992	0.00000000
-2.33999988	7.87985992	0.00000000
-2.33599988	7.87985992	0.00000000
-2.33199988	7.79927397	0.00000000
-2.32799988	7.87985992	0.00000000
-2.32399988	7.87985992	0.00000000
-2.31999988	7.87985992	3.95238662
-2.31599988	7.87985992	0.00000000
-2.31199988	7.87985992	0.00000000
-2.30799988	7.87985992	0.00000000
-2.30399988	7.87985992	0.00000000
-2.29999988	7.87985992	0.00000000
-2.29599988	7.87985992	0.00000000
-2.29199988	7.87985992	0.00000000
-2.28799988	7.87985992	0.00000000
-2.28399988	7.79927397	-3.95238662
-2.27999988	7.87985992	0.00000000
-2.27599988	7.87985992	0.00000000
-2.27199988	7.87985992	0.00000000
-2.26799988	7.87985992	0.00000000
-2.26399988	7.87985992	0.00000000
-2.25999988	7.87985992	0.00000000
-2.25599988	7.79927397	3.95238662
-2.25199988	7.87985992	0.00000000
-2.24799988	7.87985992	0.00000000
-2.24399988	7.87985992	0.00000000
-2.23999988	7.87985992	3.95238662
-2.23599988	7.79927397	0.00000000
-2.23199988	7.87985992	3.95238662
-2.22799988	7.87985992	0.00000000
-2.22399988	7.87985992	0.00000000
-2.21999988	7.87985992	0.00000000
-2.21599988	7.79927397	0.00000000
-2.21199988	7.87985992	0.00000000
-2.20799988	7.87985992	0.00000000
-2.20399988	7.87985992	0.00000000
-2.19999988	7.87985992	3.95238662
-2.19599988	7.87985992	0.00000000
-2.19199988	7.87985992	0.00000000
-2.18799988	7.87985992	0.00000000
-2.18399988	7.87985992	3.95238662
-2.17999988	7.87985992	0.00000000
-2.17599988	7.87985992	3.95238662
-2.17199988	7.87985992	0.00000000
-2.16799988	7.87985992	0.00000000
-2.16399988	7.87985992	0.00000000
-2.15999988	7.87985992	3.95238662
-2.15599988	7.87985992	0.00000000
-2.15199988	7.87985992	0.00000000
-2.14799989	7.87985992	3.95238662
-2.14399989	7.87985992	3.95238662
-2.13999989	7.79927397	0.00000000
-2.13599989	7.87985992	0.00000000
-2.13199989	7.87985992	0.00000000
-2.12799989	7.87985992	0.00000000
-2.12399989	7.87985992	0.00000000
-2.11999989	7.87985992	0.00000000
-2.11599989	7.87985992	0.00000000
-2.11199989	7.87985992	3.95238662
-2.10799989	7.79927397	0.00000000
-2.10399989	7.87985992	3.95238662
-2.09999989	7.87985992	0.00000000
-2.09599989	7.87985992	0.00000000
-2.09199989	7.87985992	3.95238662
-2.08799989	7.87985992	3.95238662
-2.08399989	7.87985992	0.00000000
-2.07999989	7.87985992	0.00000000
-2.07599989	7.79927397	0.00000000
-2.07199989	7.87985992	0.00000000
-2.06799989	7.79927397	0.00000000
-2.06399989	7.87985992	3.95238662
-2.05999989	7.87985992	0.00000000
-2.05599989	7.87985992	0.00000000
-2.05199989	7.87985992	0.00000000
-2.04799989	7.87985992	3.95238662
-2.04399989	7.87985992	0.00000000
-2.03999989	7.87985992	0.00000000
-2.03599989	7.79927397	0.00000000
-2.03199989	7.87985992	0.00000000
-2.02799989	7.87985992	0.00000000
-2.02399989	7.87985992	0.00000000
-2.01999989	7.79927397	0.00000000
-2.01599989	7.87985992	3.95238662
-2.01199989	7.87985992	0.00000000
-2.00799989	7.87985992	3.95238662
-2.00399989	7.79927397	0.00000000
-1.99999989	7.87985992	3.95238662
-1.99599989	7.87985992	0.00000000
-1.99199989	7.87985992	0.00000000
-1.98799989	7.87985992	0.00000000
-1.98399989	7.87985992	0.00000000
-1.97999989	7.87985992	0.00000000
-1.97599989	7.79927397	0.00000000
-1.97199989	7.87985992	0.00000000
-1.96799989	7.87985992	0.00000000
-1.96399989	7.87985992	0.00000000
-1.95999989	7.87985992	0.00000000
-1.95599989	7.87985992	0.00000000
-1.95199989	7.87985992	0.00000000
-1.94799989	7.87985992	0.00000000
-1.94399989	7.87985992	3.95238662
-1.93999989	7.87985992	3.95238662
-1.93599989	7.79927397	0.00000000
-1.93199989	7.87985992	0.00000000
-1.92799989	7.87985992	3.95238662
-1.92399989	7.87985992	0.00000000
-1.91999989	7.87985992	3.95238662
-1.91599989	7.79927397	-3.95238662
-1.91199989	7.87985992	0.00000000
-1.90799989	7.87985992	0.00000000
-1.90399989	7.87985992	0.00000000
-1.89999989	7.87985992	0.00000000
-1.89599989	7.87985992	0.00000000
-1.89199989	7.87985992	0.00000000
-1.88799989	7.87985992	0.00000000
-1.88399989	7.87985992	3.95238662
-1.87999989	7.87985992	3.95238662
-1.87599989	7.87985992	0.00000000
-1.87199989	7.87985992	0.00000000
-1.86799989	7.87985992	0.00000000
-1.86399989	7.87985992	3.95238662
-1.85999989	7.87985992	0.00000000
-1.85599989	7.87985992	0.00000000
-1.85199989	7.79927397	0.00000000
-1.84799989	7.87985992	3.95238662
-1.84399989	7.87985992	0.00000000
-1.83999989	7.87985992	3.95238662
-1.83599989	7.87985992	0.00000000
-1.83199989	7.87985992	3.95238662
-1.82799989	7.87985992	0.00000000
-1.82399989	7.87985992	3.95238662
-1.81999989	7.79927397	0.00000000
-1.81599989	7.87985992	3.95238662
-1.81199989	7.87985992	0.00000000
-1.80799989	7.87985992	3.95238662
-1.80399989	7.87985992	0.00000000
-1.79999989	7.87985992	3.95238662
-1.79599990	7.87985992	0.00000000
-1.79199990	7.87985992	0.00000000
-1.78799990	7.87985992	3.95238662
-1.78399990	7.79927397	3.95238662
-1.77999990	7.87985992	0.00000000
-1.77599990	7.87985992	0.00000000
-1.77199990	7.87985992	0.00000000
-1.76799990	7.79927397	0.00000000
-1.76399990	7.87985992	0.00000000
-1.75999990	7.87985992	3.95238662
-1.75599990	7.87985992	0.00000000
-1.75199990	7.87985992	0.00000000
-1.74799990	7.79927397	0.00000000
-1.74399990	7.87985992	3.95238662
-1.73999990	7.87985992	0.00000000
-1.73599990	7.87985992	0.00000000
-1.73199990	7.79927397	0.00000000
-1.72799990	7.87985992	3.95238662
-1.72399990	7.87985992	0.00000000
-1.71999990	7.87985992	3.95238662
-1.71599990	7.79927397	0.00000000
-1.71199990	7.87985992	3.95238662
-1.70799990	7.87985992	0.00000000
-1.70399990	7.79927397	0.00000000
-1.69999990	7.79927397	0.00000000
-1.69599990	7.87985992	3.95238662
-1.69199990	7.87985992	0.00000000
-1.68799990	7.87985992	0.00000000
-1.68399990	7.87985992	0.00000000
-1.67999990	7.87985992	3.95238662
-1.67599990	7.87985992	0.00000000
-1.67199990	7.87985992	0.00000000
-1.66799990	7.87985992	0.00000000
-1.66399990	7.87985992	0.00000000
-1.65999990	7.87985992	0.00000000
-1.65599990	7.87985992	0.00000000
-1.65199990	7.87985992	0.00000000
-1.64799990	7.87985992	0.00000000
-1.64399990	7.87985992	0.00000000
-1.63999990	7.87985992	0.00000000
-1.63599990	7.87985992	0.00000000
-1.63199990	7.87985992	3.95238662
-1.62799990	7.87985992	0.00000000
-1.62399990	7.87985992	0.00000000
-1.61999990	7.87985992	0.00000000
-1.61599990	7.87985992	0.00000000
-1.61199990	7.87985992	0.00000000
-1.60799990	7.87985992	3.95238662
-1.60399990	7.87985992	0.00000000
-1.59999990	7.87985992	3.95238662
-1.59599990	7.87985992	0.00000000
-1.59199990	7.87985992	0.00000000
-1.58799990	7.87985992	0.00000000
-1.58399990	7.87985992	3.95238662
-1.57999990	7.79927397	0.00000000
-1.57599990	7.87985992	0.00000000
-1.57199990	7.87985992	3.95238662
-1.56799990	7.87985992	3.95238662
-1.56399990	7.87985992	0.00000000
-1.55999990	7.87985992	0.00000000
-1.55599990	7.87985992	0.00000000
-1.55199990	7.87985992	0.00000000
-1.54799990	7.87985992	0.00000000
-1.54399990	7.79927397	0.00000000
-1.53999990	7.87985992	0.00000000
-1.53599990	7.87985992	3.95238662
-1.53199990	7.87985992	0.00000000
-1.52799990	7.87985992	0.00000000
-1.52399990	7.87985992	3.95238662
-1.51999990	7.87985992	3.95238662
-1.51599990	7.87985992	0.00000000
-1.51199990	7.87985992	3.95238662
-1.50799990	7.87985992	3.95238662
-1.50399990	7.87985992	3.95238662
-1.49999990	7.87985992	0.00000000
-1.49599990	7.87985992	0.00000000
-1.49199990	7.79927397	0.00000000
-1.48799990	7.79927397	0.00000000
-1.48399990	7.87985992	0.00000000
-1.47999990	7.87985992	0.00000000
-1.47599990	7.87985992	0.00000000
-1.47199990	7.87985992	0.00000000
-1.46799990	7.87985992	0.00000000
-1.46399990	7.87985992	0.00000000
-1.45999990	7.87985992	0.00000000
-1.45599990	7.87985992	3.95238662
-1.45199990	7.87985992	0.00000000
-1.44799990	7.87985992	3.95238662
-1.44399990	7.87985992	3.95238662
-1.43999991	7.87985992	3.95238662
-1.43599991	7.87985992	3.95238662
-1.43199991	7.87985992	0.00000000
-1.42799991	7.87985992	0.00000000
-1.42399991	7.87985992	3.95238662
-1.41999991	7.87985992	0.00000000
-1.41599991	7.87985992	3.95238662
-1.41199991	7.79927397	3.95238662
-1.40799991	7.87985992	3.95238662
-1.40399991	7.87985992	0.00000000
-1.39999991	7.79927397	3.95238662
-1.39599991	7.87985992	0.00000000
-1.39199991	7.87985992	3.95238662
-1.38799991	7.87985992	0.00000000
-1.38399991	7.87985992	3.95238662
-1.37999991	7.79927397	0.00000000
-1.37599991	7.87985992	0.00000000
-1.37199991	7.87985992	0.00000000
-1.36799991	7.87985992	0.00000000
-1.36399991	7.87985992	0.00000000
-1.35999991	7.87985992	0.00000000
-1.35599991	7.87985992	0.00000000
-1.35199991	7.87985992	0.00000000
-1.34799991	7.79927397	0.00000000
-1.34399991	7.87985992	3.95238662
-1.33999991	7.87985992	3.95238662
-1.33599991	7.87985992	3.95238662
-1.33199991	7.87985992	0.00000000
-1.32799991	7.87985992	3.95238662
-1.32399991	7.87985992	0.00000000
-1.31999991	7.87985992	3.95238662
-1.31599991	7.87985992	3.95238662
-1.31199991	7.87985992	0.00000000
-1.30799991	7.87985992	0.00000000
-1.30399991	7.87985992	3.95238662
-1.29999991	7.87985992	0.00000000
-1.29599991	7.87985992	0.00000000
-1.29199991	7.87985992	0.00000000
-1.28799991	7.87985992	0.00000000
-1.28399991	7.87985992	0.00000000
-1.27999991	7.87985992	0.00000000
-1.27599991	7.87985992	0.00000000
-1.27199991	7.87985992	0.00000000
-1.26799991	7.87985992	0.00000000
-1.26399991	7.87985992	0.00000000
-1.25999991	7.87985992	0.00000000
-1.25599991	7.87985992	3.95238662
-1.25199991	7.87985992	0.00000000
-1.24799991	7.87985992	3.95238662
-1.24399991	7.87985992	0.00000000
-1.23999991	7.79927397	0.00000000
-1.23599991	7.87985992	0.00000000
-1.23199991	7.79927397	3.95238662
-1.22799991	7.87985992	0.00000000
-1.22399991	7.87985992	0.00000000
-1.21999991	7.79927397	0.00000000
-1.21599991	7.87985992	3.95238662
-1.21199991	7.87985992	0.00000000
-1.20799991	7.87985992	0.00000000
-1.20399991	7.79927397	0.00000000
-1.19999991	7.87985992	3.95238662
-1.19599991	7.87985992	0.00000000
-1.19199991	7.87985992	0.00000000
-1.18799991	7.87985992	0.00000000
-1.18399991	7.87985992	3.95238662
-1.17999991	7.87985992	0.00000000
-1.17599991	7.87985992	0.00000000
-1.17199991	7.79927397	0.00000000
-1.16799991	7.87985992	3.95238662
-1.16399991	7.87985992	0.00000000
-1.15999991	7.87985992	0.00000000
-1.15599991	7.87985992	0.00000000
-1.15199991	7.87985992	0.00000000
-1.14799991	7.87985992	3.95238662
-1.14399991	7.87985992	3.95238662
-1.13999991	7.87985992	0.00000000
-1.13599991	7.87985992	3.95238662
-1.13199991	7.87985992	0.00000000
-1.12799991	7.87985992	3.95238662
-1.12399991	7.87985992	0.00000000
-1.11999991	7.87985992	3.95238662
-1.11599991	7.87985992	0.00000000
-1.11199991	7.87985992	0.00000000
-1.10799991	7.79927397	0.00000000
-1.10399991	7.87985992	3.95238662
-1.09999991	7.87985992	0.00000000
-1.09599991	7.87985992	0.00000000
-1.09199991	7.79927397	0.00000000
-1.08799992	7.87985992	3.95238662
-1.08399992	7.87985992	0.00000000
-1.07999992	7.87985992	0.00000000
-1.07599992	7.87985992	0.00000000
-1.07199992	7.87985992	3.95238662
-1.06799992	7.79927397	0.00000000
-1.06399992	7.79927397	0.00000000
-1.05999992	7.87985992	0.00000000
-1.05599992	7.87985992	3.95238662
-1.05199992	7.87985992	0.00000000
-1.04799992	7.79927397	3.95238662
-1.04399992	7.79927397	0.00000000
-1.03999992	7.87985992	3.95238662
-1.03599992	7.87985992	0.00000000
-1.03199992	7.87985992	0.00000000
-1.02799992	7.87985992	0.00000000
-1.02399992	7.87985992	3.95238662
-1.01999992	7.87985992	0.00000000
-1.01599992	7.79927397	3.95238662
-1.01199992	7.87985992	0.00000000
-1.00799992	7.87985992	3.95238662
-1.00399992	7.87985992	0.00000000
-0.99999992	7.87985992	0.00000000
-0.99599992	7.87985992	0.00000000
-0.99199992	7.87985992	0.00000000
-0.98799992	7.87985992	3.95238662
-0.98399992	7.87985992	0.00000000
-0.97999992	7.87985992	0.00000000
-0.97599992	7.87985992	0.00000000
-0.97199992	7.87985992	0.00000000
-0.96799992	7.87985992	0.00000000
-0.96399992	7.87985992	0.00000000
-0.95999992	7.87985992	0.00000000
-0.95599992	7.87985992	0.00000000
-0.95199992	7.79927397	0.00000000
-0.94799992	7.79927397	0.00000000
-0.94399992	7.87985992	0.00000000
-0.93999992	7.87985992	0.00000000
-0.93599992	7.87985992	3.95238662
-0.93199992	7.79927397	0.00000000
-0.92799992	7.87985992	0.00000000
-0.92399992	7.87985992	0.00000000
-0.91999992	7.87985992	3.95238662
-0.91599992	7.87985992	0.00000000
-0.91199992	7.87985992	0.00000000
-0.90799992	7.79927397	0.00000000
-0.90399992	7.87985992	3.95238662
-0.89999992	7.87985992	0.00000000
-0.89599992	7.87985992	0.00000000
-0.89199992	7.87985992	0.00000000
-0.88799992	7.87985992	3.95238662
-0.88399992	7.87985992	3.95238662
-0.87999992	7.87985992	3.95238662
-0.87599992	7.87985992	3.95238662
-0.87199992	7.87985992	0.00000000
-0.86799992	7.87985992	0.00000000
-0.86399992	7.87985992	3.95238662
-0.85999992	7.87985992	0.00000000
-0.85599992	7.87985992	0.00000000
-0.85199992	7.79927397	0.00000000
-0.84799992	7.79927397	3.95238662
-0.84399992	7.87985992	0.00000000
-0.83999992	7.87985992	0.00000000
-0.83599992	7.87985992	0.00000000
-0.83199992	7.87985992	3.95238662
-0.82799992	7.87985992	0.00000000
-0.82399992	7.87985992	3.95238662
-0.81999992	7.87985992	0.00000000
-0.81599992	7.87985992	0.00000000
-0.81199992	7.87985992	0.00000000
-0.80799992	7.87985992	3.95238662
-0.80399992	7.87985992	0.00000000
-0.79999992	7.87985992	3.95238662
-0.79599992	7.87985992	0.00000000
-0.79199992	7.87985992	0.00000000
-0.78799992	7.87985992	0.00000000
-0.78399992	7.87985992	3.95238662
-0.77999992	7.87985992	0.00000000
-0.77599992	7.87985992	3.95238662
-0.77199992	7.79927397	0.00000000
-0.76799992	7.87985992	0.00000000
-0.76399992	7.87985992	0.00000000
-0.75999992	7.87985992	3.95238662
-0.75599992	7.87985992	0.00000000
-0.75199992	7.87985992	3.95238662
-0.74799992	7.87985992	0.00000000
-0.74399992	7.87985992	3.95238662
-0.73999992	7.87985992	3.95238662
-0.73599993	7.87985992	0.00000000
-0.73199993	7.87985992	0.00000000
-0.72799993	7.87985992	3.95238662
-0.72399993	7.87985992	3.95238662
-0.71999993	7.87985992	0.00000000
-0.71599993	7.87985992	0.00000000
-0.71199993	7.87985992	0.00000000
-0.70799993	7.87985992	0.00000000
-0.70399993	7.79927397	0.00000000
-0.69999993	7.87985992	0.00000000
-0.69599993	7.87985992	0.00000000
-0.69199993	7.87985992	0.00000000
-0.68799993	7.79927397	3.95238662
-0.68399993	7.87985992	0.00000000
-0.67999993	7.87985992	0.00000000
-0.67599993	7.87985992	0.00000000
-0.67199993	7.87985992	3.95238662
-0.66799993	7.87985992	0.00000000
-0.66399993	7.79927397	3.95238662
-0.65999993	7.87985992	0.00000000
-0.65599993	7.87985992	0.00000000
-0.65199993	7.87985992	3.95238662
-0.64799993	7.87985992	0.00000000
-0.64399993	7.87985992	0.00000000
-0.63999993	7.87985992	3.95238662
-0.63599993	7.87985992	0.00000000
-0.63199993	7.87985992	0.00000000
-0.62799993	7.79927397	0.00000000
-0.62399993	7.87985992	3.95238662
-0.61999993	7.87985992	0.00000000
-0.61599993	7.87985992	3.95238662
-0.61199993	7.79927397	3.95238662
-0.60799993	7.87985992	0.00000000
-0.60399993	7.87985992	0.00000000
-0.59999993	7.87985992	3.95238662
-0.59599993	7.87985992	0.00000000
-0.59199993	7.87985992	0.00000000
-0.58799993	7.87985992	3.95238662
-0.58399993	7.87985992	0.00000000
-0.57999993	7.87985992	0.00000000
-0.57599993	7.87985992	0.00000000
-0.57199993	7.87985992	0.00000000
-0.56799993	7.87985992	0.00000000
-0.56399993	7.87985992	3.95238662
-0.55999993	7.87985992	3.95238662
-0.55599993	7.87985992	0.00000000
-0.55199993	7.87985992	3.95238662
-0.54799993	7.87985992	0.00000000
-0.54399993	7.87985992	0.00000000
-0.53999993	7.87985992	0.00000000
-0.53599993	7.87985992	3.95238662
-0.53199993	7.79927397	0.00000000
-0.52799993	7.87985992	0.00000000
-0.52399993	7.87985992	0.00000000
-0.51999993	7.87985992	3.95238662
-0.51599993	7.79927397	3.95238662
-0.51199993	7.87985992	3.95238662
-0.50799993	7.79927397	3.95238662
-0.50399993	7.79927397	0.00000000
-0.49999993	7.87985992	0.00000000
-0.49599993	7.87985992	3.95238662
-0.49199993	7.87985992	0.00000000
-0.48799993	7.79927397	0.00000000
-0.48399993	7.87985992	0.00000000
-0.47999993	7.87985992	3.95238662
-0.47599993	7.79927397	0.00000000
-0.47199993	7.87985992	0.00000000
-0.46799993	7.87985992	0.00000000
-0.46399993	7.87985992	3.95238662
-0.45999993	7.87985992	0.00000000
-0.45599993	7.79927397	0.00000000
-0.45199993	7.87985992	0.00000000
-0.44799993	7.87985992	0.00000000
-0.44399993	7.87985992	0.00000000
-0.43999993	7.79927397	3.95238662
-0.43599993	7.87985992	0.00000000
-0.43199993	7.87985992	0.00000000
-0.42799993	7.79927397	3.95238662
-0.42399993	7.87985992	3.95238662
-0.41999993	7.87985992	0.00000000
-0.41599993	7.87985992	3.95238662
-0.41199993	7.87985992	0.00000000
-0.40799993	7.87985992	3.95238662
-0.40399993	7.87985992	3.95238662
-0.39999993	7.87985992	0.00000000
-0.39599993	7.87985992	0.00000000
-0.39199993	7.87985992	3.95238662
-0.38799993	7.87985992	0.00000000
-0.38399993	7.87985992	3.95238662
-0.37999994	7.87985992	0.00000000
-0.37599994	7.87985992	3.95238662
-0.37199994	7.87985992	0.00000000
-0.36799994	7.87985992	0.00000000
-0.36399994	7.87985992	0.00000000
-0.35999994	7.87985992	3.95238662
-0.35599994	7.79927397	0.00000000
-0.35199994	7.87985992	3.95238662
-0.34799994	7.87985992	0.00000000
-0.34399994	7.79927397	0.00000000
-0.33999994	7.79927397	0.00000000
-0.33599994	7.87985992	0.00000000
-0.33199994	7.87985992	0.00000000
-0.32799994	7.87985992	0.00000000
-0.32399994	7.87985992	0.00000000
-0.31999994	7.87985992	0.00000000
-0.31599994	7.87985992	0.00000000
-0.31199994	7.87985992	3.95238662
-0.30799994	7.79927397	0.00000000
-0.30399994	7.87985992	0.00000000
-0.29999994	7.87985992	0.00000000
-0.29599994	7.87985992	0.00000000
-0.29199994	7.87985992	0.00000000
-0.28799994	7.87985992	0.00000000
-0.28399994	7.87985992	0.00000000
-0.27999994	7.87985992	0.00000000
-0.27599994	7.79927397	3.95238662
-0.27199994	7.87985992	3.95238662
-0.26799994	7.87985992	3.95238662
-0.26399994	7.87985992	3.95238662
-0.25999994	7.87985992	0.00000000
-0.25599994	7.87985992	0.00000000
-0.25199994	7.87985992	0.00000000
-0.24799994	7.87985992	0.00000000
-0.24399994	7.87985992	3.95238662
-0.23999994	7.79927397	3.95238662
-0.23599994	7.87985992	0.00000000
-0.23199994	7.87985992	3.95238662
-0.22799994	7.79927397	0.00000000
-0.22399994	7.87985992	3.95238662
-0.21999994	7.87985992	0.00000000
-0.21599994	7.87985992	0.00000000
-0.21199994	7.79927397	0.00000000
-0.20799994	7.87985992	3.95238662
-0.20399994	7.79927397	0.00000000
-0.19999994	7.87985992	0.00000000
-0.19599994	7.87985992	0.00000000
-0.19199994	7.87985992	0.00000000
-0.18799994	7.87985992	0.00000000
-0.18399994	7.79927397	0.00000000
-0.17999994	7.87985992	0.00000000
-0.17599994	7.87985992	0.00000000
-0.17199994	7.87985992	0.00000000
-0.16799994	7.87985992	0.00000000
-0.16399994	7.87985992	0.00000000
-0.15999994	7.87985992	0.00000000
-0.15599994	7.87985992	0.00000000
-0.15199994	7.79927397	3.95238662
-0.14799994	7.87985992	0.00000000
-0.14399994	7.87985992	3.95238662
-0.13999994	7.87985992	0.00000000
-0.13599994	7.87985992	3.95238662
-0.13199994	7.79927397	0.00000000
-0.12799994	7.87985992	0.00000000
-0.12399994	7.87985992	0.00000000
-0.11999994	7.87985992	3.95238662
-0.11599994	7.87985992	3.95238662
-0.11199994	7.87985992	3.95238662
-0.10799994	7.87985992	0.00000000
-0.10399994	7.87985992	0.00000000
-0.09999994	7.79927397	0.00000000
-0.09599994	7.87985992	3.95238662
-0.09199994	7.87985992	0.00000000
-0.08799994	7.87985992	3.95238662
-0.08399994	7.87985992	0.00000000
-0.07999994	7.87985992	3.95238662
-0.07599994	7.87985992	0.00000000
-0.07199994	7.87985992	3.95238662
-0.06799994	7.87985992	3.95238662
-0.06399994	7.79927397	0.00000000
-0.05999994	7.87985992	0.00000000
-0.05599994	7.87985992	0.00000000
-0.05199994	7.87985992	0.00000000
-0.04799994	7.87985992	0.00000000
-0.04399994	7.87985992	0.00000000
-0.03999994	7.87985992	3.95238662
-0.03599994	7.87985992	0.00000000
-0.03199994	7.87985992	3.95238662
-0.02799995	7.79927397	0.00000000
-0.02399995	7.79927397	7.90477324
-0.01999995	7.87985992	0.00000000
-0.01599995	7.87985992	0.00000000
-0.01199995	7.87985992	3.95238662
-0.00799995	7.87985992	11.85715961
-0.00399995	7.87985992	7.90477324
0.00000005	7.87985992	3.95238662
0.00400005	7.87985992	-3.95238662
0.00800005	7.87985992	-11.85715961
0.01200005	7.87985992	-7.90477324
0.01600005	7.79927397	-7.90477324
0.02000005	7.79927397	3.95238662
0.02400005	7.79927397	7.90477324
0.02800005	7.87985992	7.90477324
0.03200005	7.96013784	7.90477324
0.03600005	7.79927397	11.85715961
0.04000005	7.87985992	7.90477324
0.04400005	7.79927397	3.95238662
0.04800005	7.87985992	0.00000000
0.05200005	7.87985992	-3.95238662
0.05600005	7.79927397	-3.95238662
0.06000005	7.79927397	-3.95238662
0.06400005	7.87985992	0.00000000
0.06800005	7.96013784	0.00000000
0.07200005	7.87985992	7.90477324
0.07600005	7.79927397	3.95238662
0.08000005	7.79927397	3.95238662
0.08400005	7.79927397	0.00000000
0.08800005	7.87985992	0.00000000
0.09200005	7.87985992	-3.95238662
0.09600005	7.87985992	-3.95238662
0.10000005	7.87985992	-3.95238662
0.10400005	7.87985992	0.00000000
0.10800005	7.87985992	3.95238662
0.11200005	7.79927397	7.90477324
0.11600005	7.79927397	3.95238662
0.12000005	7.79927397	0.00000000
0.12400005	7.87985992	-3.95238662
0.12800005	7.87985992	-3.95238662
0.13200005	7.79927397	0.00000000
0.13600005	7.79927397	3.95238662
0.14000005	7.79927397	3.95238662
0.14400005	7.87985992	7.90477324
0.14800005	7.87985992	7.90477324
0.15200005	7.87985992	7.90477324
0.15600005	7.79927397	3.95238662
0.16000005	7.87985992	3.95238662
0.16400005	7.87985992	-3.95238662
0.16800005	7.87985992	-3.95238662
0.17200005	7.79927397	-3.95238662
0.17600005	7.79927397	3.95238662
0.18000005	7.87985992	0.00000000
0.18400005	7.87985992	3.95238662
0.18800005	7.87985992	0.00000000
0.19200005	7.87985992	3.95238662
0.19600005	7.79927397	0.00000000
0.20000005	7.87985992	0.00000000
0.20400005	7.87985992	0.00000000
0.20800005	7.87985992	0.00000000
0.21200005	7.87985992	0.00000000
0.21600005	7.87985992	0.00000000
0.22000005	7.87985992	3.95238662
0.22400005	7.87985992	7.90477324
0.22800005	7.79927397	3.95238662
0.23200005	7.79927397	0.00000000
0.23600005	7.79927397	0.00000000
0.24000005	7.87985992	3.95238662
0.24400005	7.87985992	-3.95238662
0.24800005	7.87985992	-3.95238662
0.25200005	7.87985992	-3.95238662
0.25600005	7.87985992	0.00000000
0.26000005	7.87985992	0.00000000
0.26400005	7.87985992	3.95238662
0.26800005	7.87985992	3.95238662
0.27200005	7.87985992	3.95238662
0.27600005	7.87985992	0.00000000
0.28000005	7.87985992	3.95238662
0.28400005	7.87985992	0.00000000
0.28800005	7.79927397	3.95238662
0.29200005	7.79927397	0.00000000
0.29600005	7.79927397	0.00000000
0.30000005	7.87985992	0.00000000
0.30400005	7.87985992	3.95238662
0.30800005	7.87985992	0.00000000
0.31200005	7.87985992	3.95238662
0.31600005	7.79927397	0.00000000
0.32000005	7.87985992	0.00000000
0.32400005	7.87985992	0.00000000
0.32800004	7.87985992	0.00000000
0.33200004	7.87985992	0.00000000
0.33600004	7.87985992	3.95238662
0.34000004	7.87985992	0.00000000
0.34400004	7.87985992	3.95238662
0.34800004	7.87985992	0.00000000
0.35200004	7.87985992	0.00000000
0.35600004	7.87985992	0.00000000
0.36000004	7.87985992	0.00000000
0.36400004	7.87985992	0.00000000
0.36800004	7.87985992	0.00000000
0.37200004	7.87985992	0.00000000
0.37600004	7.87985992	3.95238662
0.38000004	7.87985992	0.00000000
0.38400004	7.87985992	3.95238662
0.38800004	7.87985992	3.95238662
0.39200004	7.87985992	3.95238662
0.39600004	7.87985992	0.00000000
0.40000004	7.87985992	3.95238662
0.40400004	7.87985992	3.95238662
0.40800004	7.87985992	0.00000000
0.41200004	7.79927397	3.95238662
0.41600004	7.79927397	0.00000000
0.42000004	7.87985992	0.00000000
0.42400004	7.87985992	0.00000000
0.42800004	7.87985992	0.00000000
0.43200004	7.87985992	0.00000000
0.43600004	7.87985992	0.00000000
0.44000004	7.87985992	0.00000000
0.44400004	7.79927397	0.00000000
0.44800004	7.79927397	0.00000000
0.45200004	7.87985992	0.00000000
0.45600004	7.87985992	3.95238662
0.46000004	7.87985992	0.00000000
0.46400004	7.87985992	0.00000000
0.46800004	7.87985992	3.95238662
0.47200004	7.79927397	3.95238662
0.47600004	7.79927397	3.95238662
0.48000004	7.87985992	3.95238662
0.48400004	7.87985992	0.00000000
0.48800004	7.87985992	0.00000000
0.49200004	7.79927397	0.00000000
0.49600004	7.87985992	3.95238662
0.50000004	7.79927397	0.00000000
0.50400004	7.87985992	0.00000000
0.50800004	7.87985992	3.95238662
0.51200004	7.87985992	0.00000000
0.51600004	7.87985992	0.00000000
0.52000004	7.87985992	3.95238662
0.52400004	7.87985992	0.00000000
0.52800004	7.87985992	3.95238662
0.53200004	7.79927397	0.00000000
0.53600004	7.87985992	0.00000000
0.54000004	7.87985992	0.00000000
0.54400004	7.87985992	3.95238662
0.54800004	7.87985992	3.95238662
0.55200004	7.79927397	0.00000000
0.55600004	7.87985992	0.00000000
0.56000004	7.87985992	3.95238662
0.56400004	7.79927397	0.00000000
0.56800004	7.87985992	0.00000000
0.57200004	7.87985992	0.00000000
0.57600004	7.87985992	0.00000000
0.58000004	7.87985992	3.95238662
0.58400004	7.87985992	3.95238662
0.58800004	7.79927397	3.95238662
0.59200004	7.87985992	3.95238662
0.59600004	7.87985992	0.00000000
0.60000004	7.87985992	3.95238662
0.60400004	7.79927397	0.00000000
0.60800004	7.87985992	3.95238662
0.61200004	7.87985992	3.95238662
0.61600004	7.87985992	3.95238662
0.62000004	7.87985992	3.95238662
0.62400004	7.87985992	0.00000000
0.62800004	7.87985992	0.00000000
0.63200004	7.79927397	0.00000000
0.63600004	7.87985992	0.00000000
0.64000004	7.87985992	0.00000000
0.64400004	7.79927397	0.00000000
0.64800004	7.87985992	0.00000000
0.65200004	7.87985992	3.95238662
0.65600004	7.87985992	3.95238662
0.66000004	7.79927397	0.00000000
0.66400004	7.87985992	3.95238662
0.66800004	7.87985992	0.00000000
0.67200004	7.87985992	3.95238662
0.67600004	7.87985992	0.00000000
0.68000003	7.87985992	0.00000000
0.68400003	7.87985992	0.00000000
0.68800003	7.79927397	0.00000000
0.69200003	7.87985992	0.00000000
0.69600003	7.87985992	0.00000000
0.70000003	7.87985992	0.00000000
0.70400003	7.87985992	3.95238662
0.70800003	7.87985992	0.00000000
0.71200003	7.87985992	0.00000000
0.71600003	7.79927397	0.00000000
0.72000003	7.87985992	3.95238662
0.72400003	7.87985992	0.00000000
0.72800003	7.87985992	0.00000000
0.73200003	7.87985992	3.95238662
0.73600003	7.87985992	3.95238662
0.74000003	7.87985992	0.00000000
0.74400003	7.87985992	0.00000000
0.74800003	7.87985992	0.00000000
0.75200003	7.87985992	3.95238662
0.75600003	7.87985992	3.95238662
0.76000003	7.87985992	3.95238662
0.76400003	7.87985992	0.00000000
0.76800003	7.87985992	0.00000000
0.77200003	7.87985992	0.00000000
0.77600003	7.87985992	3.95238662
0.78000003	7.87985992	3.95238662
0.78400003	7.87985992	3.95238662
0.78800003	7.87985992	3.95238662
0.79200003	7.96013784	7.90477324
0.79600003	7.96013784	7.90477324
0.80000003	8.04072380	15.82492638
0.80400003	8.12100124	19.77731133
0.80800003	8.20158672	27.69746399
0.81200003	8.28186512	31.64985275
0.81600003	8.28186512	31.64985275
0.82000003	8.12100124	3.95238662
0.82400003	7.71899605	-27.69746399
0.82800003	7.39726877	-35.60223770
0.83200003	7.47785425	-27.69746399
0.83600003	7.63871813	-7.90477324
0.84000003	7.71899605	31.64985275
0.84400003	7.55813217	55.39492798
0.84800003	7.47785425	39.55462265
0.85200003	7.47785425	3.95238662
0.85600003	7.71899605	-19.77731133
0.86000003	7.63871813	-43.52238846
0.86400003	7.39726877	-59.34731293
0.86800003	7.31699085	-51.42716217
0.87200003	7.07584906	-31.64985275
0.87600003	7.15612698	-15.82492638
0.88000003	7.15612698	-7.90477324
0.88400003	7.15612698	11.85715961
0.88800003	7.55813217	23.72970009
0.89200003	7.63871813	31.64985275
0.89600003	7.71899605	35.60223770
0.90000003	7.79927397	11.85715961
0.90400003	7.71899605	0.00000000
0.90800003	7.96013784	-3.95238662
0.91200003	8.36214352	-3.95238662
0.91600003	8.36214352	15.82492638
0.92000003	8.28186512	27.69746399
0.92400003	8.12100124	19.77731133
0.92800003	8.44272900	19.77731133
0.93200003	8.28186512	23.72970009
0.93600003	8.28186512	19.77731133
0.94000003	8.28186512	3.95238662
0.94400003	8.12100124	0.00000000
0.94800003	8.20158672	0.00000000
0.95200003	8.04072380	0.00000000
0.95600003	7.71899605	3.95238662
0.96000003	7.55813217	7.90477324
0.96400003	7.87985992	0.00000000
0.96800003	7.87985992	0.00000000
0.97200003	7.55813217	-11.85715961
0.97600003	7.39726877	-31.64985275
0.98000003	7.31699085	-39.55462265
0.98400003	7.31699085	-47.47477722
0.98800003	6.91498518	-31.64985275
0.99200003	7.15612698	-19.77731133
0.99600003	7.31699085	-7.90477324
1.00000003	7.63871813	7.90477324
1.00400003	7.71899605	0.00000000
1.00800003	7.71899605	-23.72970009
1.01200003	7.47785425	-11.85715961
1.01600003	7.79927397	-11.85715961
1.02000003	7.96013784	-3.95238662
1.02400003	7.79927397	7.90477324
1.02800003	7.39726877	15.82492638
1.03200002	7.47785425	15.82492638
1.03600002	8.92501259	0.00000000
1.04000002	9.16646194	11.85715961
1.04400002	7.71899605	31.64985275
1.04800002	7.39726877	-7.90477324
1.05200002	8.12100124	-19.77731133
1.05600002	7.96013784	27.69746399
1.06000002	7.55813217	3.95238662
1.06400002	8.44272900	-31.64985275
1.06800002	8.04072380	27.69746399
1.07200002	7.63871813	35.60223770
1.07600002	8.60359287	-27.69746399
1.08000002	8.04072380	19.77731133
1.08400002	6.67384338	47.47477722
1.08800002	7.39726877	-15.82492638
1.09200002	7.55813217	11.85715961
1.09600002	6.83439970	55.39492798
1.10000002	7.87985992	-27.69746399
1.10400002	8.44272900	-23.72970009
1.10800002	8.20158672	39.55462265
1.11200002	7.23640490	11.85715961
1.11600002	6.67384338	0.00000000
1.12000002	6.35211611	19.77731133
1.12400002	7.87985992	-19.77731133
1.12800002	9.40760326	-19.77731133
1.13200002	6.99526310	35.60223770
1.13600002	7.71899605	-19.77731133
1.14000002	8.84473419	-63.29970551
1.14400002	∞	-35.60223770
1.14800002	7.79927397	0.00000000
1.15200002	5.86952496	-19.77731133
1.15600002	6.99526310	11.85715961
1.16000002	8.12100124	27.69746399
1.16400002	8.60359287	23.72970009
1.16800002	6.67384338	0.00000000
1.17200002	7.87985992	-15.82492638
1.17600002	8.92501259	23.72970009
1.18000002	8.12100124	43.52238846
1.18400002	7.47785425	23.72970009
1.18800002	6.35211611	23.72970009
1.19200002	8.68387032	7.90477324
1.19600002	9.08587551	-15.82492638
1.20000002	4.50264502	59.34731293
1.20400002	4.90465069	0.00000000
1.20800002	∞	-94.96492767
1.21200002	8.76414871	67.26746368
1.21600002	2.41203237	110.78985596
1.22000002	3.13576531	-110.78985596
1.22400002	8.92501259	-55.39492798
1.22800002	∞	79.12462616
1.23200002	7.87985992	7.90477324
1.23600002	3.53777075	-7.90477324
1.24000002	5.62838316	11.85715961
1.24400002	9.40760326	-43.52238846
1.24800002	9.72933102	-31.64985275
1.25200002	5.14610004	0.00000000
1.25600002	5.70866156	-43.52238846
1.26000002	8.60359287	11.85715961
1.26400002	7.87985992	51.42716217
1.26800002	6.75412130	11.85715961
1.27200002	7.31699085	-35.60223770
1.27600002	8.68387032	23.72970009
1.28000002	8.84473419	87.04477692
1.28400002	6.83439970	75.17224121
1.28800002	7.55813217	-39.55462265
1.29200002	8.60359287	-67.26746368
1.29600002	9.40760326	-11.85715961
1.30000002	7.63871813	31.64985275
1.30400002	6.43239403	39.55462265
1.30800002	7.15612698	23.72970009
1.31200002	7.87985992	-31.64985275
1.31600002	8.76414871	7.90477324
1.32000002	6.43239403	79.12462616
1.32400002	6.11097431	-3.95238662
1.32800002	7.39726877	-11.85715961
1.33200002	8.52300644	19.77731133
1.33600002	8.20158672	-27.69746399
1.34000002	5.46751976	-63.29970551
1.34400002	5.54810524	0.00000000
1.34800002	7.79927397	-3.95238662
1.35200002	8.12100124	35.60223770
1.35600002	7.15612698	31.64985275
1.36000002	7.63871813	-55.39492798
1.36400002	9.24673939	-15.82492638
1.36800002	8.68387032	63.29970551
1.37200002	6.59325790	-11.85715961
1.37600002	5.30665588	-43.52238846
1.38000002	6.51297998	-15.82492638
1.38400002	8.44272900	-11.85715961
1.38800001	8.52300644	15.82492638
1.39200001	8.04072380	43.52238846
1.39600001	8.68387032	23.72970009
1.40000001	8.20158672	55.39492798
1.40400001	7.15612698	35.60223770
1.40800001	6.51297998	-3.95238662
1.41200001	8.04072380	7.90477324
1.41600001	9.32701778	27.69746399
1.42000001	8.60359287	35.60223770
1.42400001	7.15612698	43.52238846
1.42800001	6.67384338	0.00000000
1.43200001	7.71899605	-27.69746399
1.43600001	7.79927397	7.90477324
1.44000001	7.96013784	11.85715961
1.44400001	8.44272900	0.00000000
1.44800001	8.04072380	11.85715961
1.45200001	6.91498518	11.85715961
1.45600001	6.51297998	-11.85715961
1.46000001	7.87985992	-11.85715961
1.46400001	8.92501259	19.77731133
1.46800001	8.68387032	51.42716217
1.47200001	7.63871813	35.60223770
1.47600001	7.63871813	-19.77731133
1.48000001	8.04072380	-35.60223770
1.48400001	7.71899605	-23.72970009
1.48800001	7.55813217	-11.85715961
1.49200001	8.12100124	0.00000000
1.49600001	8.68387032	35.60223770
1.50000001	8.12100124	47.47477722
1.50400001	6.99526310	23.72970009
1.50800001	6.91498518	19.77731133
1.51200001	7.79927397	27.69746399
1.51600001	8.84473419	35.60223770
1.52000001	8.68387032	51.42716217
1.52400001	7.79927397	43.52238846
1.52800001	7.23640490	19.77731133
1.53200001	7.39726877	7.90477324
1.53600001	7.71899605	23.72970009
1.54000001	8.04072380	23.72970009
1.54400001	8.28186512	39.55462265
1.54800001	8.44272900	39.55462265
1.55200001	8.20158672	23.72970009
1.55600001	7.39726877	-11.85715961
1.56000001	6.91498518	-31.64985275
1.56400001	7.39726877	-31.64985275
1.56800001	8.52300644	7.90477324
1.57200001	8.84473419	35.60223770
1.57600001	8.12100124	27.69746399
1.58000001	7.23640490	15.82492638
1.58400001	7.31699085	15.82492638
1.58800001	8.04072380	7.90477324
1.59200001	8.20158672	15.82492638
1.59600001	8.28186512	23.72970009
1.60000001	8.28186512	19.77731133
1.60400001	8.12100124	15.82492638
1.60800001	7.39726877	19.77731133
1.61200001	7.07584906	11.85715961
1.61600001	7.87985992	23.72970009
1.62000001	8.76414871	55.39492798
1.62400001	8.28186512	79.12462616
1.62800001	7.63871813	51.42716217
1.63200001	7.63871813	23.72970009
1.63600001	7.96013784	19.77731133
1.64000001	7.96013784	27.69746399
1.64400001	7.79927397	35.60223770
1.64800001	8.20158672	63.29970551
1.65200001	8.52300644	51.42716217
1.65600001	8.20158672	31.64985275
1.66000001	7.71899605	27.69746399
1.66400001	7.63871813	15.82492638
1.66800001	8.28186512	0.00000000
1.67200001	8.52300644	19.77731133
1.67600001	7.87985992	15.82492638
1.68000001	8.12100124	-27.69746399
1.68400001	8.52300644	-11.85715961
1.68800001	8.76414871	11.85715961
1.69200001	8.20158672	11.85715961
1.69600001	7.31699085	27.69746399
1.70000001	6.91498518	71.21984863
1.70400001	7.71899605	39.55462265
1.70800001	8.28186512	39.55462265
1.71200001	7.87985992	63.29970551
1.71600001	7.87985992	31.64985275
1.72000001	8.04072380	43.52238846
1.72400001	8.04072380	79.12462616
1.72800001	7.71899605	47.47477722
1.73200001	7.23640490	27.69746399
1.73600001	7.55813217	47.47477722
1.74000000	8.36214352	35.60223770
1.74400000	8.76414871	31.64985275
1.74800000	8.20158672	35.60223770
1.75200000	7.47785425	11.85715961
1.75600000	7.15612698	15.82492638
1.76000000	7.31699085	27.69746399
1.76400000	8.12100124	27.69746399
1.76800000	8.52300644	55.39492798
1.77200000	8.52300644	63.29970551
1.77600000	8.28186512	59.34731293
1.78000000	7.55813217	51.42716217
1.78400000	7.39726877	23.72970009
1.78800000	7.87985992	-11.85715961
1.79200000	8.36214352	-3.95238662
1.79600000	8.60359287	11.85715961
1.80000000	8.36214352	27.69746399
1.80400000	7.79927397	43.52238846
1.80800000	7.39726877	35.60223770
1.81200000	7.47785425	35.60223770
1.81600000	8.04072380	71.21984863
1.82000000	8.68387032	83.09239197
1.82400000	8.52300644	87.04477692
1.82800000	7.96013784	75.17224121
1.83200000	7.31699085	47.47477722
1.83600000	7.15612698	27.69746399
1.84000000	7.47785425	39.55462265
1.84400000	8.20158672	51.42716217
1.84800000	8.60359287	75.17224121
1.85200000	8.04072380	79.12462616
1.85600000	7.47785425	59.34731293
1.86000000	7.23640490	31.64985275
1.86400000	7.47785425	23.72970009
1.86800000	7.87985992	27.69746399
1.87200000	8.04072380	35.60223770
1.87600000	8.12100124	35.60223770
1.88000000	8.04072380	23.72970009
1.88400000	7.71899605	15.82492638
1.88800000	7.31699085	19.77731133
1.89200000	7.39726877	35.60223770
1.89600000	7.96013784	63.29970551
1.90000000	8.44272900	75.17224121
1.90400000	8.36214352	67.26746368
1.90800000	8.12100124	51.42716217
1.91200000	7.71899605	47.47477722
1.91600000	7.55813217	47.47477722
1.92000000	7.55813217	59.34731293
1.92400000	7.79927397	59.34731293
1.92800000	8.52300644	47.47477722
1.93200000	8.52300644	51.42716217
1.93600000	8.20158672	51.42716217
1.94000000	7.55813217	51.42716217
1.94400000	7.23640490	59.34731293
1.94800000	7.55813217	63.29970551
1.95200000	7.96013784	71.21984863
1.95600000	8.36214352	75.17224121
1.96000000	8.36214352	71.21984863
1.96400000	8.12100124	67.26746368
1.96800000	7.55813217	67.26746368
1.97200000	7.15612698	51.42716217
1.97600000	7.39726877	39.55462265
1.98000000	7.96013784	31.64985275
1.98400000	8.44272900	35.60223770
1.98800000	8.28186512	35.60223770
1.99200000	7.87985992	31.64985275
1.99600000	7.55813217	27.69746399
2.00000000	7.47785425	35.60223770
2.00400000	7.63871813	51.42716217
2.00800000	7.96013784	63.29970551
2.01200000	8.20158672	67.26746368
2.01600000	8.60359287	71.21984863
2.02000000	8.68387032	67.26746368
2.02400000	7.96013784	67.26746368
2.02800000	7.39726877	59.34731293
2.03200000	7.47785425	51.42716217
2.03600000	8.36214352	55.39492798
2.04000000	8.84473419	67.26746368
2.04400000	8.52300644	71.21984863
2.04800000	7.96013784	79.12462616
2.05200000	7.55813217	67.26746368
2.05600000	7.63871813	67.26746368
2.06000000	7.87985992	67.26746368
2.06400000	8.12100124	67.26746368
2.06800000	8.36214352	71.21984863
2.07200000	8.28186512	83.09239197
2.07600000	7.96013784	71.21984863
2.08000000	7.55813217	55.39492798
2.08400000	7.39726877	51.42716217
2.08800000	7.79927397	51.42716217
2.09200000	8.20158672	63.29970551
2.09599999	8.36214352	71.21984863
2.09999999	8.04072380	55.39492798
2.10399999	7.71899605	43.52238846
2.10799999	7.47785425	35.60223770
2.11199999	7.71899605	47.47477722
2.11599999	7.96013784	51.42716217
2.11999999	8.20158672	59.34731293
2.12399999	8.44272900	59.34731293
2.12799999	8.20158672	63.29970551
2.13199999	7.96013784	59.34731293
2.13599999	7.79927397	59.34731293
2.13999999	7.71899605	71.21984863
2.14399999	8.04072380	83.09239197
2.14799999	8.20158672	83.09239197
2.15199999	8.28186512	83.09239197
2.15599999	8.20158672	83.09239197
2.15999999	8.04072380	79.12462616
2.16399999	7.71899605	83.09239197
2.16799999	7.63871813	83.09239197
2.17199999	7.79927397	71.21984863
2.17599999	8.20158672	79.12462616
2.17999999	8.20158672	79.12462616
2.18399999	7.87985992	71.21984863
2.18799999	7.47785425	71.21984863
2.19199999	7.47785425	71.21984863
2.19599999	7.87985992	63.29970551
2.19999999	7.79927397	79.12462616
2.20399999	7.71899605	79.12462616
2.20799999	7.96013784	59.34731293
2.21199999	7.96013784	59.34731293
2.21599999	7.63871813	63.29970551
2.21999999	7.23640490	51.42716217
2.22399999	7.55813217	55.39492798
2.22799999	7.87985992	71.21984863
2.23199999	8.04072380	67.26746368
2.23599999	8.04072380	67.26746368
2.23999999	8.04072380	63.29970551
2.24399999	8.12100124	67.26746368
2.24799999	7.71899605	79.12462616
2.25199999	7.39726877	87.04477692
2.25599999	7.47785425	90.99716187
2.25999999	7.79927397	87.04477692
2.26399999	8.28186512	87.04477692
2.26799999	8.28186512	90.99716187
2.27199999	7.87985992	102.86970520
2.27599999	7.47785425	94.96492767
2.27999999	7.39726877	87.04477692
2.28399999	7.55813217	83.09239197
2.28799999	7.79927397	79.12462616
2.29199999	8.28186512	71.21984863
2.29599999	8.44272900	79.12462616
2.29999999	8.04072380	83.09239197
2.30399999	7.15612698	79.12462616
2.30799999	6.75412130	59.34731293
2.31199999	7.39726877	55.39492798
2.31599999	8.20158672	71.21984863
2.31999999	8.36214352	87.04477692
2.32399999	7.96013784	87.04477692
2.32799999	7.55813217	79.12462616
2.33199999	7.39726877	67.26746368
2.33599999	7.39726877	63.29970551
2.33999999	7.63871813	59.34731293
2.34399999	7.96013784	75.17224121
2.34799999	8.36214352	87.04477692
2.35199999	8.28186512	90.99716187
2.35599999	7.63871813	79.12462616
2.35999999	7.23640490	71.21984863
2.36399999	7.47785425	83.09239197
2.36799999	8.20158672	94.96492767
2.37199999	8.52300644	106.83747101
2.37599999	8.28186512	114.74224091
2.37999999	7.87985992	98.91731262
2.38399999	7.55813217	83.09239197
2.38799999	7.39726877	90.99716187
2.39199999	7.63871813	90.99716187
2.39599999	7.96013784	94.96492767
2.39999999	8.20158672	106.83747101
2.40399999	8.12100124	94.96492767
2.40799999	7.71899605	87.04477692
2.41199999	7.39726877	79.12462616
2.41599999	7.47785425	67.26746368
2.41999999	7.71899605	75.17224121
2.42399999	7.87985992	83.09239197
2.42799999	8.20158672	75.17224121
2.43199999	8.44272900	79.12462616
2.43599999	8.12100124	79.12462616
2.43999999	7.55813217	71.21984863
2.44399999	7.31699085	75.17224121
2.44799998	7.63871813	87.04477692
2.45199998	8.12100124	90.99716187
2.45599998	8.28186512	94.96492767
2.45999998	7.96013784	98.91731262
2.46399998	7.87985992	98.91731262
2.46799998	7.79927397	98.91731262
2.47199998	7.79927397	98.91731262
2.47599998	7.71899605	98.91731262
2.47999998	7.79927397	102.86970520
2.48399998	8.20158672	94.96492767
2.48799998	8.36214352	87.04477692
2.49199998	8.04072380	94.96492767
2.49599998	7.63871813	98.91731262
2.49999998	7.63871813	90.99716187
2.50399998	7.79927397	102.86970520
2.50799998	8.12100124	102.86970520
2.51199998	8.28186512	94.96492767
2.51599998	8.28186512	94.96492767
2.51999998	7.96013784	106.83747101
2.52399998	7.55813217	102.86970520
2.52799998	7.39726877	87.04477692
2.53199998	7.63871813	75.17224121
2.53599998	8.20158672	79.12462616
2.53999998	8.52300644	83.09239197
2.54399998	8.36214352	94.96492767
2.54799998	7.87985992	90.99716187
2.55199998	7.39726877	87.04477692
2.55599998	7.39726877	87.04477692
2.55999998	7.87985992	79.12462616
2.56399998	8.36214352	90.99716187
2.56799998	8.52300644	110.78985596
2.57199998	8.28186512	106.83747101
2.57599998	7.71899605	102.86970520
2.57999998	7.39726877	102.86970520
2.58399998	7.63871813	87.04477692
2.58799998	8.12100124	94.96492767
2.59199998	8.44272900	122.66239166
2.59599998	8.28186512	126.61478424
2.59999998	7.96013784	118.69462585
2.60399998	7.55813217	102.86970520
2.60799998	7.47785425	87.04477692
2.61199998	7.87985992	87.04477692
2.61599998	8.28186512	102.86970520
2.61999998	8.36214352	118.69462585
2.62399998	7.79927397	118.69462585
2.62799998	7.23640490	94.96492767
2.63199998	7.23640490	75.17224121
2.63599998	7.96013784	79.12462616
2.63999998	8.52300644	110.78985596
2.64399998	8.36214352	114.74224091
2.64799998	7.79927397	118.69462585
2.65199998	7.47785425	102.86970520
2.65599998	7.39726877	87.04477692
2.65999998	7.71899605	67.26746368
2.66399998	8.28186512	90.99716187
2.66799998	8.44272900	118.69462585
2.67199998	8.28186512	110.78985596
2.67599998	7.71899605	98.91731262
2.67999998	7.23640490	94.96492767
2.68399998	7.71899605	71.21984863
2.68799998	8.36214352	90.99716187
2.69199998	8.60359287	134.53492737
2.69599998	8.12100124	138.48731995
2.69999998	7.63871813	114.74224091
2.70399998	7.71899605	106.83747101
2.70799998	8.04072380	94.96492767
2.71199998	8.20158672	106.83747101
2.71599998	8.12100124	126.61478424
2.71999998	8.12100124	134.53492737
2.72399998	7.87985992	118.69462585
2.72799998	7.55813217	106.83747101
2.73199998	7.47785425	83.09239197
2.73599998	7.96013784	90.99716187
2.73999998	8.36214352	122.66239166
2.74399998	8.12100124	138.48731995
2.74799998	7.47785425	118.69462585
2.75199998	7.31699085	94.96492767
2.75599998	7.79927397	79.12462616
2.75999998	8.28186512	90.99716187
2.76399998	8.12100124	114.74224091
2.76799998	7.87985992	122.66239166
2.77199998	7.63871813	110.78985596
2.77599998	7.55813217	102.86970520
2.77999998	7.55813217	90.99716187
2.78399998	7.96013784	94.96492767
2.78799998	8.36214352	114.74224091
2.79199998	8.28186512	130.56716919
2.79599998	7.87985992	126.61478424
2.79999997	7.39726877	110.78985596
2.80399997	7.55813217	90.99716187
2.80799997	8.12100124	98.91731262
2.81199997	8.44272900	122.66239166
2.81599997	8.28186512	142.43969727
2.81999997	7.79927397	130.56716919
2.82399997	7.31699085	118.69462585
2.82799997	7.23640490	106.83747101
2.83199997	7.79927397	106.83747101
2.83599997	8.20158672	122.66239166
2.83999997	8.28186512	142.43969727
2.84399997	7.96013784	138.48731995
2.84799997	7.47785425	122.66239166
2.85199997	7.31699085	98.91731262
2.85599997	7.55813217	90.99716187
2.85999997	8.04072380	102.86970520
2.86399997	8.28186512	122.66239166
2.86799997	8.04072380	126.61478424
2.87199997	7.63871813	114.74224091
2.87599997	7.39726877	94.96492767
2.87999997	7.55813217	98.91731262
2.88399997	7.87985992	110.78985596
2.88799997	8.20158672	126.61478424
2.89199997	8.12100124	134.53492737
2.89599997	7.79927397	130.56716919
2.89999997	7.47785425	106.83747101
2.90399997	7.47785425	98.91731262
2.90799997	7.79927397	106.83747101
2.91199997	8.12100124	126.61478424
2.91599997	8.12100124	138.48731995
2.91999997	7.79927397	134.53492737
2.92399997	7.55813217	118.69462585
2.92799997	7.47785425	114.74224091
2.93199997	7.79927397	114.74224091
2.93599997	7.87985992	130.56716919
2.93999997	8.12100124	142.43969727
2.94399997	8.12100124	138.48731995
2.94799997	7.71899605	126.61478424
2.95199997	7.47785425	114.74224091
2.95599997	7.39726877	110.78985596
2.95999997	7.79927397	118.69462585
2.96399997	8.04072380	130.56716919
2.96799997	8.12100124	130.56716919
2.97199997	7.87985992	122.66239166
2.97599997	7.63871813	114.74224091
2.97999997	7.39726877	110.78985596
2.98399997	7.39726877	114.74224091
2.98799997	7.63871813	114.74224091
2.99199997	7.96013784	122.66239166
2.99599997	8.20158672	122.66239166
2.99999997	7.96013784	122.66239166
3.00399997	7.63871813	114.74224091
3.00799997	7.47785425	118.69462585
3.01199997	7.71899605	122.66239166
3.01599997	7.87985992	134.53492737
3.01999997	7.87985992	134.53492737
3.02399997	7.96013784	130.56716919
3.02799997	7.96013784	126.61478424
3.03199997	7.96013784	126.61478424
3.03599997	7.71899605	126.61478424
3.03999997	7.55813217	134.53492737
3.04399997	7.71899605	126.61478424
3.04799997	8.04072380	126.61478424
3.05199997	8.12100124	130.56716919
3.05599997	7.96013784	130.56716919
3.05999997	7.55813217	126.61478424
3.06399997	7.55813217	130.56716919
3.06799997	7.63871813	126.61478424
3.07199997	7.87985992	130.56716919
3.07599997	8.04072380	130.56716919
3.07999997	8.04072380	134.53492737
3.08399997	7.96013784	134.53492737
3.08799997	7.71899605	134.53492737
3.09199997	7.55813217	126.61478424
3.09599997	7.63871813	122.66239166
3.09999997	7.87985992	122.66239166
3.10399997	8.04072380	130.56716919
3.10799997	7.87985992	130.56716919
3.11199997	7.71899605	126.61478424
3.11599997	7.55813217	122.66239166
3.11999997	7.63871813	130.56716919
3.12399997	7.87985992	130.56716919
3.12799997	7.96013784	138.48731995
3.13199997	8.04072380	142.43969727
3.13599997	7.96013784	142.43969727
3.13999997	7.79927397	138.48731995
3.14399997	7.63871813	134.53492737
3.14799997	7.63871813	126.61478424
3.15199997	7.79927397	138.48731995
3.15599996	7.87985992	142.43969727
3.15999996	7.87985992	138.48731995
3.16399996	7.87985992	134.53492737
3.16799996	7.71899605	134.53492737
3.17199996	7.55813217	130.56716919
3.17599996	7.55813217	134.53492737
3.17999996	7.79927397	138.48731995
3.18399996	7.96013784	138.48731995
3.18799996	7.96013784	138.48731995
3.19199996	7.79927397	142.43969727
3.19599996	7.63871813	134.53492737
3.19999996	7.63871813	134.53492737
3.20399996	7.71899605	138.48731995
3.20799996	7.87985992	134.53492737
3.21199996	7.96013784	134.53492737
3.21599996	8.04072380	138.48731995
3.21999996	7.87985992	134.53492737
3.22399996	7.71899605	134.53492737
3.22799996	7.63871813	134.53492737
3.23199996	7.71899605	138.48731995
3.23599996	7.87985992	134.53492737
3.23999996	7.96013784	142.43969727
3.24399996	7.96013784	138.48731995
3.24799996	7.79927397	142.43969727
3.25199996	7.63871813	138.48731995
3.25599996	7.63871813	142.43969727
3.25999996	7.71899605	142.43969727
3.26399996	7.87985992	146.39210510
3.26799996	7.87985992	146.39210510
3.27199996	7.87985992	146.39210510
3.27599996	7.79927397	142.43969727
3.27999996	7.71899605	146.39210510
3.28399996	7.55813217	142.43969727
3.28799996	7.55813217	142.43969727
3.29199996	7.79927397	142.43969727
3.29599996	8.04072380	146.39210510
3.29999996	7.87985992	142.43969727
3.30399996	7.55813217	142.43969727
3.30799996	7.47785425	138.48731995
3.31199996	7.63871813	138.48731995
3.31599996	7.79927397	142.43969727
3.31999996	7.79927397	146.39210510
3.32399996	7.79927397	142.43969727
3.32799996	7.71899605	142.43969727
3.33199996	7.71899605	142.43969727
3.33599996	7.55813217	142.43969727
3.33999996	7.39726877	134.53492737
3.34399996	7.63871813	138.48731995
3.34799996	7.96013784	146.39210510
3.35199996	7.96013784	150.35986328
3.35599996	7.63871813	146.39210510
3.35999996	7.47785425	142.43969727
3.36399996	7.55813217	142.43969727
3.36799996	7.71899605	146.39210510
3.37199996	7.79927397	150.35986328
3.37599996	7.79927397	150.35986328
3.37999996	7.71899605	150.35986328
3.38399996	7.71899605	146.39210510
3.38799996	7.47785425	146.39210510
3.39199996	7.47785425	146.39210510
3.39599996	7.55813217	146.39210510
3.39999996	7.79927397	154.31224060
3.40399996	7.87985992	154.31224060
3.40799996	7.71899605	150.35986328
3.41199996	7.47785425	146.39210510
3.41599996	7.47785425	142.43969727
3.41999996	7.63871813	146.39210510
3.42399996	7.79927397	150.35986328
3.42799996	7.79927397	150.35986328
3.43199996	7.87985992	150.35986328
3.43599996	7.71899605	150.35986328
3.43999996	7.47785425	150.35986328
3.44399996	7.47785425	142.43969727
3.44799996	7.63871813	150.35986328
3.45199996	7.96013784	150.35986328
3.45599996	7.96013784	158.26463318
3.45999996	7.79927397	158.26463318
3.46399996	7.47785425	150.35986328
3.46799996	7.47785425	146.39210510
3.47199996	7.55813217	150.35986328
3.47599996	7.71899605	150.35986328
3.47999996	7.96013784	154.31224060
3.48399996	7.96013784	158.26463318
3.48799996	7.79927397	162.23239136
3.49199996	7.47785425	150.35986328
3.49599996	7.39726877	154.31224060
3.49999996	7.63871813	150.35986328
3.50399996	7.79927397	158.26463318
3.50799995	7.87985992	158.26463318
3.51199995	7.87985992	162.23239136
3.51599995	7.79927397	150.35986328
3.51999995	7.63871813	154.31224060
3.52399995	7.47785425	150.35986328
3.52799995	7.55813217	154.31224060
3.53199995	7.87985992	158.26463318
3.53599995	8.04072380	158.26463318
3.53999995	7.79927397	154.31224060
3.54399995	7.55813217	150.35986328
3.54799995	7.63871813	146.39210510
3.55199995	7.87985992	150.35986328
3.55599995	7.87985992	162.23239136
3.55999995	7.71899605	158.26463318
3.56399995	7.87985992	158.26463318
3.56799995	7.96013784	158.26463318
3.57199995	7.79927397	158.26463318
3.57599995	7.55813217	158.26463318
3.57999995	7.55813217	150.35986328
3.58399995	7.87985992	158.26463318
3.58799995	8.04072380	162.23239136
3.59199995	7.79927397	162.23239136
3.59599995	7.63871813	158.26463318
3.59999995	7.71899605	158.26463318
3.60399995	7.87985992	158.26463318
3.60799995	7.79927397	162.23239136
3.61199995	7.71899605	162.23239136
3.61599995	7.71899605	162.23239136
3.61999995	7.87985992	158.26463318
3.62399995	7.87985992	162.23239136
3.62799995	7.71899605	162.23239136
3.63199995	7.71899605	158.26463318
3.63599995	7.79927397	158.26463318
3.63999995	7.87985992	162.23239136
3.64399995	7.79927397	162.23239136
3.64799995	7.79927397	162.23239136
3.65199995	7.79927397	158.26463318
3.65599995	7.87985992	162.23239136
3.65999995	7.63871813	162.23239136
3.66399995	7.63871813	162.23239136
3.66799995	7.79927397	154.31224060
3.67199995	7.96013784	158.26463318
3.67599995	7.87985992	162.23239136
3.67999995	7.71899605	162.23239136
3.68399995	7.71899605	158.26463318
3.68799995	7.79927397	162.23239136
3.69199995	7.79927397	162.23239136
3.69599995	7.87985992	170.13717651
3.69999995	7.79927397	166.18478394
3.70399995	7.79927397	166.18478394
3.70799995	7.87985992	166.18478394
3.71199995	7.79927397	166.18478394
3.71599995	7.63871813	162.23239136
3.71999995	7.71899605	166.18478394
3.72399995	7.87985992	166.18478394
3.72799995	7.87985992	170.13717651
3.73199995	7.87985992	166.18478394
3.73599995	7.79927397	166.18478394
3.73999995	7.71899605	166.18478394
3.74399995	7.63871813	166.18478394
3.74799995	7.71899605	162.23239136
3.75199995	7.79927397	166.18478394
3.75599995	7.87985992	166.18478394
3.75999995	7.87985992	170.13717651
3.76399995	7.79927397	170.13717651
3.76799995	7.63871813	166.18478394
3.77199995	7.63871813	166.18478394
3.77599995	7.71899605	170.13717651
3.77999995	7.79927397	170.13717651
3.78399995	7.96013784	166.18478394
3.78799995	7.87985992	170.13717651
3.79199995	7.79927397	166.18478394
3.79599995	7.63871813	166.18478394
3.79999995	7.63871813	166.18478394
3.80399995	7.87985992	166.18478394
3.80799995	7.96013784	174.10493469
3.81199995	7.87985992	174.10493469
3.81599995	7.79927397	170.13717651
3.81999995	7.71899605	170.13717651
3.82399995	7.71899605	170.13717651
3.82799995	7.63871813	170.13717651
3.83199995	7.79927397	170.13717651
3.83599995	7.87985992	174.10493469
3.83999995	7.96013784	174.10493469
3.84399995	7.71899605	174.10493469
3.84799995	7.63871813	170.13717651
3.85199995	7.63871813	166.18478394
3.85599995	7.87985992	170.13717651
3.85999995	7.96013784	174.10493469
3.86399994	7.87985992	178.05731201
3.86799994	7.79927397	174.10493469
3.87199994	7.71899605	170.13717651
3.87599994	7.71899605	166.18478394
3.87999994	7.71899605	170.13717651
3.88399994	7.87985992	170.13717651
3.88799994	7.96013784	174.10493469
3.89199994	7.87985992	174.10493469
3.89599994	7.71899605	170.13717651
3.89999994	7.63871813	166.18478394
3.90399994	7.71899605	174.10493469
3.90799994	7.79927397	170.13717651
3.91199994	7.96013784	178.05731201
3.91599994	7.96013784	178.05731201
3.91999994	7.87985992	178.05731201
3.92399994	7.71899605	174.10493469
3.92799994	7.71899605	174.10493469
3.93199994	7.71899605	174.10493469
3.93599994	7.79927397	178.05731201
3.93999994	7.87985992	178.05731201
3.94399994	7.96013784	182.00970459
3.94799994	7.87985992	178.05731201
3.95199994	7.79927397	174.10493469
3.95599994	7.63871813	174.10493469
3.95999994	7.63871813	174.10493469
3.96399994	7.79927397	174.10493469
3.96799994	7.87985992	178.05731201
3.97199994	7.87985992	178.05731201
3.97599994	7.87985992	178.05731201
3.97999994	7.79927397	174.10493469
3.98399994	7.71899605	178.05731201
3.98799994	7.71899605	174.10493469
3.99199994	7.79927397	178.05731201
3.99599994	7.79927397	178.05731201
3.99999994	7.87985992	178.05731201
4.00399994	7.87985992	178.05731201
4.00799994	7.71899605	178.05731201
4.01199994	7.63871813	174.10493469
4.01599994	7.79927397	178.05731201
4.01999994	7.87985992	182.00970459
4.02399994	7.79927397	182.00970459
4.02799994	7.71899605	182.00970459
4.03199994	7.87985992	178.05731201
4.03599994	7.79927397	182.00970459
4.03999994	7.71899605	178.05731201
4.04399994	7.63871813	178.05731201
4.04799994	7.71899605	182.00970459
4.05199994	7.87985992	182.00970459
4.05599994	7.79927397	182.00970459
4.05999994	7.71899605	178.05731201
4.06399994	7.71899605	182.00970459
4.06799994	7.71899605	182.00970459
4.07199994	7.79927397	182.00970459
4.07599994	7.79927397	182.00970459
4.07999994	7.87985992	182.00970459
4.08399994	7.87985992	182.00970459
4.08799994	7.79927397	185.96209717
4.09199994	7.79927397	182.00970459
4.09599994	7.71899605	182.00970459
4.09999994	7.71899605	178.05731201
4.10399994	7.79927397	182.00970459
4.10799994	7.79927397	182.00970459
4.11199994	7.79927397	185.96209717
4.11599994	7.79927397	182.00970459
4.11999994	7.71899605	182.00970459
4.12399994	7.71899605	182.00970459
4.12799994	7.71899605	185.96209717
4.13199994	7.79927397	182.00970459
4.13599994	7.87985992	185.96209717
4.13999994	7.96013784	185.96209717
4.14399994	7.87985992	189.92985535
4.14799994	7.71899605	185.96209717
4.15199994	7.63871813	185.96209717
4.15599994	7.71899605	182.00970459
4.15999994	7.96013784	185.96209717
4.16399994	7.96013784	185.96209717
4.16799994	7.87985992	189.92985535
4.17199994	7.71899605	185.96209717
4.17599994	7.71899605	185.96209717
4.17999994	7.79927397	185.96209717
4.18399994	7.79927397	185.96209717
4.18799994	7.87985992	182.00970459
4.19199994	7.96013784	189.92985535
4.19599994	7.87985992	189.92985535
4.19999994	7.71899605	185.96209717
4.20399994	7.63871813	182.00970459
4.20799994	7.79927397	185.96209717
4.21199994	7.87985992	189.92985535
4.21599993	7.87985992	189.92985535
4.21999993	7.87985992	189.92985535
4.22399993	7.96013784	189.92985535
4.22799993	7.79927397	189.92985535
4.23199993	7.63871813	189.92985535
4.23599993	7.63871813	185.96209717
4.23999993	7.79927397	189.92985535
4.24399993	7.96013784	189.92985535
4.24799993	7.96013784	193.88224792
4.25199993	7.79927397	185.96209717
4.25599993	7.79927397	189.92985535
4.25999993	7.79927397	185.96209717
4.26399993	7.79927397	189.92985535
4.26799993	7.79927397	189.92985535
4.27199993	7.87985992	193.88224792
4.27599993	7.96013784	189.92985535
4.27999993	7.87985992	189.92985535
4.28399993	7.79927397	189.92985535
4.28799993	7.79927397	189.92985535
4.29199993	7.71899605	189.92985535
4.29599993	7.87985992	193.88224792
4.29999993	7.87985992	189.92985535
4.30399993	7.96013784	193.88224792
4.30799993	7.87985992	189.92985535
4.31199993	7.87985992	193.88224792
4.31599993	7.71899605	193.88224792
4.31999993	7.71899605	193.88224792
4.32399993	7.87985992	189.92985535
4.32799993	7.96013784	197.83462524
4.33199993	7.96013784	197.83462524
4.33599993	7.79927397	193.88224792
4.33999993	7.71899605	193.88224792
4.34399993	7.71899605	189.92985535
4.34799993	7.79927397	193.88224792
4.35199993	7.87985992	197.83462524
4.35599993	7.79927397	193.88224792
4.35999993	7.87985992	193.88224792
4.36399993	7.87985992	193.88224792
4.36799993	7.87985992	197.83462524
4.37199993	7.71899605	193.88224792
4.37599993	7.79927397	193.88224792
4.37999993	7.87985992	197.83462524
4.38399993	7.87985992	201.80239868
4.38799993	7.79927397	197.83462524
4.39199993	7.71899605	193.88224792
4.39599993	7.79927397	189.92985535
4.39999993	7.96013784	197.83462524
4.40399993	7.87985992	197.83462524
4.40799993	7.87985992	197.83462524
4.41199993	7.79927397	197.83462524
4.41599993	7.79927397	197.83462524
4.41999993	7.71899605	193.88224792
4.42399993	7.79927397	193.88224792
4.42799993	7.87985992	193.88224792
4.43199993	7.96013784	201.80239868
4.43599993	7.96013784	197.83462524
4.43999993	7.79927397	201.80239868
4.44399993	7.79927397	193.88224792
4.44799993	7.79927397	197.83462524
4.45199993	7.87985992	197.83462524
4.45599993	7.87985992	197.83462524
4.45999993	7.96013784	201.80239868
4.46399993	7.87985992	201.80239868
4.46799993	7.71899605	197.83462524
4.47199993	7.79927397	197.83462524
4.47599993	7.87985992	197.83462524
4.47999993	7.96013784	201.80239868
4.48399993	7.96013784	197.83462524
4.48799993	7.87985992	201.80239868
4.49199993	7.87985992	201.80239868
4.49599993	7.79927397	197.83462524
4.49999993	7.79927397	197.83462524
4.50399993	7.87985992	197.83462524
4.50799993	7.87985992	201.80239868
4.51199993	7.87985992	201.80239868
4.51599993	7.79927397	201.80239868
4.51999993	7.79927397	197.83462524
4.52399993	7.79927397	197.83462524
4.52799993	7.87985992	201.80239868
4.53199993	7.87985992	201.80239868
4.53599993	7.87985992	205.75479126
4.53999993	7.79927397	201.80239868
4.54399993	7.87985992	205.75479126
4.54799993	7.87985992	197.83462524
4.55199993	7.96013784	201.80239868
4.55599993	7.87985992	205.75479126
4.55999993	7.79927397	205.75479126
4.56399993	7.79927397	201.80239868
4.56799992	7.79927397	201.80239868
4.57199992	7.87985992	201.80239868
4.57599992	7.87985992	205.75479126
4.57999992	7.96013784	205.75479126
4.58399992	7.96013784	205.75479126
4.58799992	7.79927397	205.75479126
4.59199992	7.71899605	205.75479126
4.59599992	7.71899605	201.80239868
4.59999992	7.79927397	201.80239868
4.60399992	7.96013784	205.75479126
4.60799992	7.87985992	205.75479126
4.61199992	7.96013784	201.80239868
4.61599992	7.79927397	205.75479126
4.61999992	7.79927397	201.80239868
4.62399992	7.79927397	205.75479126
4.62799992	7.87985992	201.80239868
4.63199992	7.96013784	209.70716858
4.63599992	7.96013784	205.75479126
4.63999992	7.87985992	209.70716858
4.64399992	7.79927397	201.80239868
4.64799992	7.87985992	201.80239868
4.65199992	8.04072380	205.75479126
4.65599992	7.96013784	209.70716858
4.65999992	7.96013784	205.75479126
4.66399992	7.87985992	209.70716858
4.66799992	7.87985992	205.75479126
4.67199992	7.87985992	205.75479126
4.67599992	7.96013784	205.75479126
4.67999992	7.87985992	209.70716858
4.68399992	7.87985992	209.70716858
4.68799992	7.96013784	209.70716858
4.69199992	7.87985992	205.75479126
4.69599992	7.87985992	205.75479126
4.69999992	7.87985992	205.75479126
4.70399992	7.87985992	209.70716858
4.70799992	7.96013784	209.70716858
4.71199992	8.04072380	209.70716858
4.71599992	7.96013784	205.75479126
4.71999992	7.96013784	209.70716858
4.72399992	7.79927397	205.75479126
4.72799992	7.79927397	205.75479126
4.73199992	7.87985992	209.70716858
4.73599992	8.04072380	209.70716858
4.73999992	7.96013784	209.70716858
4.74399992	7.96013784	209.70716858
4.74799992	7.96013784	209.70716858
4.75199992	7.87985992	213.67494202
4.75599992	7.87985992	209.70716858
4.75999992	7.96013784	209.70716858
4.76399992	7.96013784	205.75479126
4.76799992	8.04072380	213.67494202
4.77199992	7.96013784	209.70716858
4.77599992	7.79927397	209.70716858
4.77999992	7.87985992	209.70716858
4.78399992	7.87985992	209.70716858
4.78799992	7.87985992	213.67494202
4.79199992	7.96013784	213.67494202
4.79599992	8.04072380	213.67494202
4.79999992	8.04072380	213.67494202
4.80399992	7.87985992	213.67494202
4.80799992	7.79927397	213.67494202
4.81199992	7.79927397	213.67494202
4.81599992	7.96013784	213.67494202
4.81999992	8.04072380	213.67494202
4.82399992	8.04072380	213.67494202
4.82799992	7.87985992	213.67494202
4.83199992	7.87985992	213.67494202
4.83599992	7.87985992	209.70716858
4.83999992	7.87985992	213.67494202
4.84399992	7.87985992	209.70716858
4.84799992	8.04072380	213.67494202
4.85199992	8.04072380	213.67494202
4.85599992	7.96013784	217.62731934
4.85999992	7.79927397	213.67494202
4.86399992	7.79927397	213.67494202
4.86799992	7.96013784	213.67494202
4.87199992	8.12100124	213.67494202
4.87599992	8.04072380	213.67494202
4.87999992	7.96013784	217.62731934
4.88399992	7.87985992	213.67494202
4.88799992	7.79927397	213.67494202
4.89199992	7.79927397	217.62731934
4.89599992	7.87985992	213.67494202
4.89999992	7.96013784	217.62731934
4.90399992	7.96013784	217.62731934
4.90799992	7.87985992	217.62731934
4.91199992	7.71899605	217.62731934
4.91599992	7.71899605	213.67494202
4.91999992	7.87985992	213.67494202
4.92399991	8.04072380	217.62731934
4.92799991	8.04072380	221.57971191
4.93199991	7.96013784	221.57971191
4.93599991	7.79927397	217.62731934
4.93999991	7.71899605	213.67494202
4.94399991	7.71899605	217.62731934
4.94799991	7.79927397	213.67494202
4.95199991	7.96013784	221.57971191
4.95599991	8.04072380	225.53210449
4.95999991	7.87985992	221.57971191
4.96399991	7.71899605	217.62731934
4.96799991	7.71899605	217.62731934
4.97199991	7.79927397	213.67494202
4.97599991	7.96013784	221.57971191
4.97999991	7.96013784	221.57971191
4.98399991	7.87985992	225.53210449
4.98799991	7.87985992	221.57971191
4.99199991	7.79927397	217.62731934
4.99599991	7.79927397	217.62731934
4.99999991	7.79927397	221.57971191
5.00399991	7.96013784	221.57971191
5.00799991	7.96013784	221.57971191
5.01199991	7.87985992	221.57971191
5.01599991	7.79927397	217.62731934
5.01999991	7.79927397	217.62731934
5.02399991	7.87985992	221.57971191
5.02799991	7.87985992	221.57971191
5.03199991	7.96013784	221.57971191
5.03599991	7.96013784	221.57971191
5.03999991	7.87985992	225.53210449
5.04399991	7.79927397	217.62731934
5.04799991	7.71899605	221.57971191
5.05199991	7.87985992	221.57971191
5.05599991	7.96013784	221.57971191
5.05999991	7.87985992	221.57971191
5.06399991	7.87985992	221.57971191
5.06799991	7.79927397	221.57971191
5.07199991	7.79927397	225.53210449
5.07599991	7.71899605	217.62731934
5.07999991	7.79927397	221.57971191
5.08399991	7.96013784	225.53210449
5.08799991	7.96013784	229.49986267
5.09199991	7.87985992	225.53210449
5.09599991	7.71899605	221.57971191
5.09999991	7.71899605	221.57971191
5.10399991	7.79927397	221.57971191
5.10799991	7.79927397	221.57971191
5.11199991	7.96013784	225.53210449
5.11599991	7.96013784	225.53210449
5.11999991	7.87985992	225.53210449
5.12399991	7.79927397	225.53210449
5.12799991	7.71899605	221.57971191
5.13199991	7.79927397	221.57971191
5.13599991	7.87985992	229.49986267
5.13999991	7.96013784	225.53210449
5.14399991	7.87985992	229.49986267
5.14799991	7.87985992	225.53210449
5.15199991	7.87985992	225.53210449
5.15599991	7.71899605	225.53210449
5.15999991	7.71899605	225.53210449
5.16399991	7.79927397	225.53210449
5.16799991	7.96013784	225.53210449
5.17199991	7.96013784	225.53210449
5.17599991	7.87985992	225.53210449
5.17999991	7.71899605	221.57971191
5.18399991	7.79927397	225.53210449
5.18799991	7.87985992	225.53210449
5.19199991	7.87985992	229.49986267
5.19599991	7.87985992	225.53210449
5.19999991	7.87985992	229.49986267
5.20399991	7.87985992	225.53210449
5.20799991	7.79927397	225.53210449
5.21199991	7.79927397	225.53210449
5.21599991	7.79927397	229.49986267
5.21999991	7.87985992	229.49986267
5.22399991	7.79927397	229.49986267
5.22799991	7.87985992	225.53210449
5.23199991	7.87985992	229.49986267
5.23599991	7.87985992	229.49986267
5.23999991	7.79927397	229.49986267
5.24399991	7.79927397	229.49986267
5.24799991	7.87985992	229.49986267
5.25199991	7.87985992	233.45223999
5.25599991	7.87985992	229.49986267
5.25999991	7.79927397	229.49986267
5.26399991	7.79927397	229.49986267
5.26799991	7.79927397	229.49986267
5.27199991	7.79927397	229.49986267
5.27599990	7.87985992	225.53210449
5.27999990	7.87985992	229.49986267
5.28399990	7.87985992	229.49986267
5.28799990	7.79927397	229.49986267
5.29199990	7.63871813	229.49986267
5.29599990	7.71899605	229.49986267
5.29999990	7.79927397	229.49986267
5.30399990	7.87985992	233.45223999
5.30799990	7.96013784	233.45223999
5.31199990	7.87985992	233.45223999
5.31599990	7.79927397	233.45223999
5.31999990	7.71899605	229.49986267
5.32399990	7.71899605	229.49986267
5.32799990	7.79927397	233.45223999
5.33199990	7.87985992	229.49986267
5.33599990	7.96013784	233.45223999
5.33999990	7.87985992	233.45223999
5.34399990	7.79927397	233.45223999
5.34799990	7.71899605	229.49986267
5.35199990	7.71899605	233.45223999
5.35599990	7.71899605	233.45223999
5.35999990	7.79927397	233.45223999
5.36399990	7.87985992	233.45223999
5.36799990	7.87985992	233.45223999
5.37199990	7.79927397	229.49986267
5.37599990	7.71899605	233.45223999
5.37999990	7.71899605	229.49986267
5.38399990	7.79927397	233.45223999
5.38799990	7.79927397	233.45223999
5.39199990	7.79927397	233.45223999
5.39599990	7.79927397	233.45223999
5.39999990	7.71899605	229.49986267
5.40399990	7.71899605	233.45223999
5.40799990	7.71899605	237.40463257
5.41199990	7.71899605	233.45223999
5.41599990	7.79927397	233.45223999
5.41999990	7.87985992	233.45223999
5.42399990	7.87985992	237.40463257
5.42799990	7.79927397	233.45223999
5.43199990	7.71899605	237.40463257
5.43599990	7.71899605	233.45223999
5.43999990	7.79927397	233.45223999
5.44399990	7.79927397	237.40463257
5.44799990	7.79927397	233.45223999
5.45199990	7.87985992	233.45223999
5.45599990	7.79927397	237.40463257
5.45999990	7.71899605	237.40463257
5.46399990	7.71899605	237.40463257
5.46799990	7.71899605	233.45223999
5.47199990	7.79927397	237.40463257
5.47599990	7.87985992	233.45223999
5.47999990	7.79927397	237.40463257
5.48399990	7.71899605	237.40463257
5.48799990	7.71899605	237.40463257
5.49199990	7.71899605	237.40463257
5.49599990	7.71899605	237.40463257
5.49999990	7.79927397	237.40463257
5.50399990	7.87985992	241.37240601
5.50799990	7.87985992	237.40463257
5.51199990	7.71899605	241.37240601
5.51599990	7.63871813	233.45223999
5.51999990	7.63871813	237.40463257
5.52399990	7.71899605	237.40463257
5.52799990	7.87985992	241.37240601
5.53199990	7.87985992	237.40463257
5.53599990	7.79927397	237.40463257
5.53999990	7.71899605	233.45223999
5.54399990	7.63871813	237.40463257
5.54799990	7.71899605	233.45223999
5.55199990	7.87985992	237.40463257
5.55599990	7.87985992	237.40463257
5.55999990	7.79927397	241.37240601
5.56399990	7.71899605	237.40463257
5.56799990	7.63871813	237.40463257
5.57199990	7.63871813	233.45223999
5.57599990	7.71899605	237.40463257
5.57999990	7.79927397	237.40463257
5.58399990	7.87985992	241.37240601
5.58799990	7.79927397	241.37240601
5.59199990	7.71899605	241.37240601
5.59599990	7.63871813	237.40463257
5.59999990	7.63871813	237.40463257
5.60399990	7.71899605	237.40463257
5.60799990	7.71899605	241.37240601
5.61199990	7.79927397	237.40463257
5.61599990	7.79927397	237.40463257
5.61999990	7.71899605	237.40463257
5.62399990	7.63871813	237.40463257
5.62799990	7.63871813	237.40463257
5.63199989	7.79927397	241.37240601
5.63599989	7.79927397	241.37240601
5.63999989	7.79927397	241.37240601
5.64399989	7.79927397	241.37240601
5.64799989	7.71899605	241.37240601
5.65199989	7.71899605	237.40463257
5.65599989	7.63871813	241.37240601
5.65999989	7.63871813	241.37240601
5.66399989	7.71899605	237.40463257
5.66799989	7.87985992	241.37240601
5.67199989	7.79927397	245.32478333
5.67599989	7.71899605	241.37240601
5.67999989	7.63871813	241.37240601
5.68399989	7.63871813	237.40463257
5.68799989	7.71899605	241.37240601
5.69199989	7.71899605	241.37240601
5.69599989	7.79927397	245.32478333
5.69999989	7.79927397	241.37240601
5.70399989	7.79927397	245.32478333
5.70799989	7.63871813	241.37240601
5.71199989	7.63871813	241.37240601
5.71599989	7.79927397	241.37240601
5.71999989	7.87985992	249.27717590
5.72399989	7.87985992	241.37240601
5.72799989	7.79927397	245.32478333
5.73199989	7.71899605	241.37240601
5.73599989	7.71899605	241.37240601
5.73999989	7.71899605	241.37240601
5.74399989	7.79927397	241.37240601
5.74799989	7.79927397	245.32478333
5.75199989	7.87985992	245.32478333
5.75599989	7.79927397	245.32478333
5.75999989	7.71899605	245.32478333
5.76399989	7.63871813	245.32478333
5.76799989	7.71899605	241.37240601
5.77199989	7.79927397	241.37240601
5.77599989	7.87985992	245.32478333
5.77999989	7.87985992	241.37240601
5.78399989	7.79927397	245.32478333
5.78799989	7.79927397	241.37240601
5.79199989	7.87985992	241.37240601
5.79599989	7.79927397	245.32478333
5.79999989	7.79927397	245.32478333
5.80399989	7.79927397	245.32478333
5.80799989	7.87985992	245.32478333
5.81199989	7.87985992	245.32478333
5.81599989	7.79927397	245.32478333
5.81999989	7.79927397	245.32478333
5.82399989	7.79927397	245.32478333
5.82799989	7.87985992	245.32478333
5.83199989	7.79927397	245.32478333
5.83599989	7.87985992	241.37240601
5.83999989	7.87985992	245.32478333
5.84399989	7.87985992	241.37240601
5.84799989	7.79927397	249.27717590
5.85199989	7.87985992	245.32478333
5.85599989	7.87985992	253.24494934
5.85999989	7.87985992	249.27717590
5.86399989	7.87985992	249.27717590
5.86799989	7.79927397	249.27717590
5.87199989	7.87985992	249.27717590
5.87599989	7.96013784	245.32478333
5.87999989	7.87985992	249.27717590
5.88399989	7.79927397	249.27717590
5.88799989	7.71899605	249.27717590
5.89199989	7.87985992	245.32478333
5.89599989	7.96013784	249.27717590
5.89999989	7.87985992	245.32478333
5.90399989	7.79927397	249.27717590
5.90799989	7.87985992	245.32478333
5.91199989	7.87985992	249.27717590
5.91599989	7.87985992	249.27717590
5.91999989	7.79927397	249.27717590
5.92399989	7.87985992	245.32478333
5.92799989	7.96013784	249.27717590
5.93199989	7.87985992	249.27717590
5.93599989	7.87985992	249.27717590
5.93999989	7.79927397	245.32478333
5.94399989	7.87985992	249.27717590
5.94799989	7.96013784	249.27717590
5.95199989	7.87985992	253.24494934
5.95599989	7.87985992	249.27717590
5.95999989	7.87985992	249.27717590
5.96399989	7.96013784	249.27717590
5.96799989	7.87985992	249.27717590
5.97199989	7.79927397	245.32478333
5.97599989	7.79927397	249.27717590
5.97999989	7.87985992	249.27717590
5.98399988	7.96013784	249.27717590
5.98799988	7.96013784	245.32478333
5.99199988	7.87985992	249.27717590
5.99599988	7.79927397	249.27717590
5.99999988	7.87985992	249.27717590
6.00399988	7.96013784	249.27717590
6.00799988	7.87985992	249.27717590
6.01199988	7.87985992	249.27717590
6.01599988	7.87985992	249.27717590
6.01999988	7.87985992	249.27717590
6.02399988	7.87985992	249.27717590
6.02799988	7.87985992	249.27717590
6.03199988	7.87985992	253.24494934
6.03599988	7.96013784	249.27717590
6.03999988	7.96013784	253.24494934
6.04399988	7.96013784	253.24494934
6.04799988	7.87985992	253.24494934
6.05199988	7.79927397	249.27717590
6.05599988	7.79927397	249.27717590
6.05999988	7.96013784	249.27717590
6.06399988	7.96013784	253.24494934
6.06799988	7.96013784	253.24494934
6.07199988	7.96013784	253.24494934
6.07599988	7.87985992	253.24494934
6.07999988	7.79927397	253.24494934
6.08399988	7.79927397	253.24494934
6.08799988	7.87985992	253.24494934
6.09199988	8.04072380	249.27717590
6.09599988	8.12100124	257.19732666
6.09999988	8.04072380	253.24494934
6.10399988	7.87985992	253.24494934
6.10799988	7.79927397	249.27717590
6.11199988	7.87985992	253.24494934
6.11599988	7.96013784	249.27717590
6.11999988	8.12100124	253.24494934
6.12399988	8.04072380	253.24494934
6.12799988	7.96013784	257.19732666
6.13199988	7.87985992	249.27717590
6.13599988	7.79927397	249.27717590
6.13999988	7.96013784	249.27717590
6.14399988	8.04072380	253.24494934
6.14799988	8.12100124	253.24494934
6.15199988	8.04072380	257.19732666
6.15599988	7.87985992	253.24494934
6.15999988	7.79927397	253.24494934
6.16399988	7.79927397	249.27717590
6.16799988	7.96013784	253.24494934
6.17199988	8.12100124	257.19732666
6.17599988	8.12100124	261.14971924
6.17999988	7.96013784	257.19732666
6.18399988	7.71899605	253.24494934
6.18799988	7.79927397	249.27717590
6.19199988	7.96013784	253.24494934
6.19599988	8.04072380	253.24494934
6.19999988	8.04072380	261.14971924
6.20399988	8.04072380	257.19732666
6.20799988	7.96013784	253.24494934
6.21199988	7.87985992	249.27717590
6.21599988	7.79927397	253.24494934
6.21999988	7.96013784	253.24494934
6.22399988	8.12100124	257.19732666
6.22799988	8.12100124	257.19732666
6.23199988	8.04072380	261.14971924
6.23599988	7.87985992	257.19732666
6.23999988	7.87985992	253.24494934
6.24399988	7.87985992	253.24494934
6.24799988	8.04072380	257.19732666
6.25199988	8.20158672	257.19732666
6.25599988	8.20158672	257.19732666
6.25999988	8.12100124	253.24494934
6.26399988	7.87985992	257.19732666
6.26799988	7.79927397	253.24494934
6.27199988	7.87985992	253.24494934
6.27599988	8.12100124	257.19732666
6.27999988	8.20158672	261.14971924
6.28399988	8.20158672	257.19732666
6.28799988	8.12100124	257.19732666
6.29199988	7.96013784	257.19732666
6.29599988	7.96013784	257.19732666
6.29999988	7.96013784	253.24494934
6.30399988	8.04072380	257.19732666
6.30799988	8.20158672	257.19732666
6.31199988	8.20158672	257.19732666
6.31599988	8.12100124	257.19732666
6.31999988	7.96013784	257.19732666
6.32399988	7.87985992	253.24494934
6.32799988	8.04072380	257.19732666
6.33199988	8.12100124	257.19732666
6.33599987	8.20158672	261.14971924
6.33999987	8.12100124	257.19732666
6.34399987	8.12100124	257.19732666
6.34799987	8.04072380	257.19732666
6.35199987	8.04072380	257.19732666
6.35599987	8.04072380	257.19732666
6.35999987	8.12100124	261.14971924
6.36399987	8.28186512	261.14971924
6.36799987	8.20158672	261.14971924
6.37199987	8.04072380	257.19732666
6.37599987	7.96013784	253.24494934
6.37999987	8.04072380	257.19732666
6.38399987	8.12100124	257.19732666
6.38799987	8.20158672	257.19732666
6.39199987	8.20158672	261.14971924
6.39599987	8.12100124	261.14971924
6.39999987	8.04072380	261.14971924
6.40399987	8.04072380	257.19732666
6.40799987	8.04072380	257.19732666
6.41199987	8.12100124	261.14971924
6.41599987	8.20158672	261.14971924
6.41999987	8.20158672	261.14971924
6.42399987	8.04072380	261.14971924
6.42799987	8.04072380	253.24494934
6.43199987	8.04072380	257.19732666
6.43599987	8.12100124	257.19732666
6.43999987	8.12100124	261.14971924
6.44399987	8.20158672	261.14971924
6.44799987	8.20158672	261.14971924
6.45199987	8.04072380	261.14971924
6.45599987	8.04072380	257.19732666
6.45999987	8.04072380	257.19732666
6.46399987	8.12100124	261.14971924
6.46799987	8.20158672	257.19732666
6.47199987	8.20158672	265.10211182
6.47599987	8.12100124	261.14971924
6.47999987	8.12100124	261.14971924
6.48399987	8.12100124	257.19732666
6.48799987	8.12100124	261.14971924
6.49199987	8.12100124	261.14971924
6.49599987	8.12100124	261.14971924
6.49999987	8.12100124	261.14971924
6.50399987	8.12100124	261.14971924
6.50799987	8.12100124	261.14971924
6.51199987	8.12100124	261.14971924
6.51599987	8.12100124	261.14971924
6.51999987	8.20158672	261.14971924
6.52399987	8.20158672	261.14971924
6.52799987	8.12100124	261.14971924
6.53199987	8.12100124	257.19732666
6.53599987	8.20158672	261.14971924
6.53999987	8.12100124	261.14971924
6.54399987	8.12100124	261.14971924
6.54799987	8.12100124	261.14971924
6.55199987	8.20158672	265.10211182
6.55599987	8.20158672	261.14971924
6.55999987	8.20158672	265.10211182
6.56399987	8.12100124	261.14971924
6.56799987	8.20158672	265.10211182
6.57199987	8.12100124	265.10211182
6.57599987	8.12100124	265.10211182
6.57999987	8.12100124	261.14971924
6.58399987	8.12100124	265.10211182
6.58799987	8.12100124	265.10211182
6.59199987	8.12100124	265.10211182
6.59599987	8.04072380	261.14971924
6.59999987	8.12100124	261.14971924
6.60399987	8.12100124	261.14971924
6.60799987	8.12100124	269.06985474
6.61199987	8.12100124	261.14971924
6.61599987	8.12100124	265.10211182
6.61999987	8.12100124	261.14971924
6.62399987	8.04072380	265.10211182
6.62799987	8.12100124	261.14971924
6.63199987	8.20158672	265.10211182
6.63599987	8.20158672	261.14971924
6.63999987	8.12100124	265.10211182
6.64399987	8.12100124	261.14971924
6.64799987	8.12100124	265.10211182
6.65199987	8.04072380	269.06985474
6.65599987	8.04072380	261.14971924
6.65999987	8.12100124	261.14971924
6.66399987	8.28186512	265.10211182
6.66799987	8.28186512	265.10211182
6.67199987	8.12100124	269.06985474
6.67599987	8.04072380	265.10211182
6.67999987	8.04072380	265.10211182
6.68399987	8.20158672	265.10211182
6.68799987	8.20158672	265.10211182
6.69199986	8.12100124	265.10211182
6.69599986	8.20158672	269.06985474
6.69999986	8.12100124	265.10211182
6.70399986	8.12100124	265.10211182
6.70799986	8.04072380	265.10211182
6.71199986	8.12100124	265.10211182
6.71599986	8.20158672	269.06985474
6.71999986	8.20158672	269.06985474
6.72399986	8.12100124	265.10211182
6.72799986	8.04072380	265.10211182
6.73199986	8.12100124	261.14971924
6.73599986	8.20158672	265.10211182
6.73999986	8.12100124	269.06985474
6.74399986	8.12100124	265.10211182
6.74799986	8.12100124	265.10211182
6.75199986	8.20158672	269.06985474
6.75599986	8.20158672	261.14971924
6.75999986	8.04072380	265.10211182
6.76399986	8.04072380	265.10211182
6.76799986	8.12100124	265.10211182
6.77199986	8.20158672	269.06985474
6.77599986	8.20158672	269.06985474
6.77999986	8.12100124	265.10211182
6.78399986	8.12100124	269.06985474
6.78799986	8.04072380	265.10211182
6.79199986	8.04072380	269.06985474
6.79599986	8.04072380	265.10211182
6.79999986	8.20158672	265.10211182
6.80399986	8.20158672	265.10211182
6.80799986	8.12100124	269.06985474
6.81199986	8.12100124	265.10211182
6.81599986	8.12100124	269.06985474
6.81999986	8.12100124	269.06985474
6.82399986	8.12100124	265.10211182
6.82799986	8.12100124	273.02224731
6.83199986	8.12100124	273.02224731
6.83599986	8.12100124	269.06985474
6.83999986	8.20158672	273.02224731
6.84399986	8.12100124	265.10211182
6.84799986	8.12100124	269.06985474
6.85199986	8.12100124	269.06985474
6.85599986	8.20158672	269.06985474
6.85999986	8.28186512	265.10211182
6.86399986	8.28186512	273.02224731
6.86799986	8.20158672	269.06985474
6.87199986	8.20158672	269.06985474
6.87599986	8.12100124	269.06985474
6.87999986	8.12100124	269.06985474
6.88399986	8.12100124	265.10211182
6.88799986	8.28186512	269.06985474
6.89199986	8.28186512	269.06985474
6.89599986	8.20158672	273.02224731
6.89999986	8.12100124	265.10211182
6.90399986	8.12100124	269.06985474
6.90799986	8.20158672	269.06985474
6.91199986	8.20158672	269.06985474
6.91599986	8.12100124	269.06985474
6.91999986	8.20158672	273.02224731
6.92399986	8.28186512	269.06985474
6.92799986	8.28186512	273.02224731
6.93199986	8.04072380	269.06985474
6.93599986	8.04072380	269.06985474
6.93999986	8.20158672	265.10211182
6.94399986	8.28186512	273.02224731
6.94799986	8.28186512	269.06985474
6.95199986	8.20158672	273.02224731
6.95599986	8.12100124	269.06985474
6.95999986	8.20158672	273.02224731
6.96399986	8.20158672	269.06985474
6.96799986	8.20158672	273.02224731
6.97199986	8.20158672	269.06985474
6.97599986	8.28186512	269.06985474
6.97999986	8.20158672	269.06985474
6.98399986	8.12100124	273.02224731
6.98799986	8.04072380	265.10211182
6.99199986	8.12100124	269.06985474
6.99599986	8.28186512	269.06985474
6.99999986	8.28186512	276.97463989
7.00399986	8.20158672	273.02224731
7.00799986	8.12100124	273.02224731
7.01199986	8.12100124	269.06985474
7.01599986	8.12100124	273.02224731
7.01999986	8.12100124	269.06985474
7.02399986	8.20158672	273.02224731
7.02799986	8.28186512	273.02224731
7.03199986	8.28186512	273.02224731
7.03599986	8.20158672	273.02224731
7.03999986	8.12100124	273.02224731
7.04399985	8.20158672	269.06985474
7.04799985	8.20158672	273.02224731
7.05199985	8.28186512	273.02224731
7.05599985	8.20158672	273.02224731
7.05999985	8.28186512	273.02224731
7.06399985	8.28186512	273.02224731
7.06799985	8.20158672	269.06985474
7.07199985	8.12100124	276.97463989
7.07599985	8.12100124	273.02224731
7.07999985	8.28186512	273.02224731
7.08399985	8.28186512	273.02224731
7.08799985	8.28186512	273.02224731
7.09199985	8.20158672	269.06985474
7.09599985	8.12100124	273.02224731
7.09999985	8.20158672	273.02224731
7.10399985	8.20158672	273.02224731
7.10799985	8.28186512	273.02224731
7.11199985	8.36214352	276.97463989
7.11599985	8.36214352	273.02224731
7.11999985	8.20158672	273.02224731
7.12399985	8.12100124	273.02224731
7.12799985	8.12100124	273.02224731
7.13199985	8.28186512	269.06985474
7.13599985	8.36214352	276.97463989
7.13999985	8.36214352	276.97463989
7.14399985	8.28186512	276.97463989
7.14799985	8.12100124	273.02224731
7.15199985	8.12100124	273.02224731
7.15599985	8.12100124	269.06985474
7.15999985	8.20158672	273.02224731
7.16399985	8.36214352	273.02224731
7.16799985	8.44272900	280.94238281
7.17199985	8.28186512	276.97463989
7.17599985	8.12100124	276.97463989
7.17999985	8.12100124	273.02224731
7.18399985	8.12100124	276.97463989
7.18799985	8.20158672	273.02224731
7.19199985	8.36214352	276.97463989
7.19599985	8.36214352	276.97463989
7.19999985	8.20158672	276.97463989
7.20399985	8.12100124	269.06985474
7.20799985	8.12100124	273.02224731
7.21199985	8.20158672	273.02224731
7.21599985	8.28186512	273.02224731
7.21999985	8.28186512	276.97463989
7.22399985	8.20158672	276.97463989
7.22799985	8.20158672	273.02224731
7.23199985	8.12100124	273.02224731
7.23599985	8.12100124	273.02224731
7.23999985	8.28186512	276.97463989
7.24399985	8.36214352	276.97463989
7.24799985	8.36214352	276.97463989
7.25199985	8.12100124	273.02224731
7.25599985	8.04072380	273.02224731
7.25999985	8.12100124	269.06985474
7.26399985	8.20158672	273.02224731
7.26799985	8.28186512	276.97463989
7.27199985	8.36214352	276.97463989
7.27599985	8.20158672	276.97463989
7.27999985	8.20158672	276.97463989
7.28399985	8.12100124	269.06985474
7.28799985	8.12100124	276.97463989
7.29199985	8.20158672	273.02224731
7.29599985	8.36214352	280.94238281
7.29999985	8.36214352	276.97463989
7.30399985	8.20158672	276.97463989
7.30799985	8.12100124	269.06985474
7.31199985	8.12100124	273.02224731
7.31599985	8.20158672	276.97463989
7.31999985	8.28186512	276.97463989
7.32399985	8.28186512	276.97463989
7.32799985	8.28186512	280.94238281
7.33199985	8.28186512	276.97463989
7.33599985	8.12100124	276.97463989
7.33999985	8.12100124	276.97463989
7.34399985	8.20158672	276.97463989
7.34799985	8.28186512	276.97463989
7.35199985	8.36214352	280.94238281
7.35599985	8.20158672	276.97463989
7.35999985	8.12100124	276.97463989
7.36399985	8.12100124	273.02224731
7.36799985	8.20158672	276.97463989
7.37199985	8.20158672	276.97463989
7.37599985	8.20158672	276.97463989
7.37999985	8.28186512	276.97463989
7.38399985	8.28186512	276.97463989
7.38799985	8.20158672	276.97463989
7.39199985	8.04072380	276.97463989
7.39599985	8.04072380	273.02224731
7.39999984	8.20158672	276.97463989
7.40399984	8.28186512	276.97463989
7.40799984	8.20158672	280.94238281
7.41199984	8.12100124	276.97463989
7.41599984	8.12100124	276.97463989
7.41999984	8.12100124	276.97463989
7.42399984	8.20158672	280.94238281
7.42799984	8.20158672	280.94238281
7.43199984	8.28186512	280.94238281
7.43599984	8.28186512	276.97463989
7.43999984	8.20158672	276.97463989
7.44399984	8.12100124	276.97463989
7.44799984	8.12100124	276.97463989
7.45199984	8.20158672	276.97463989
7.45599984	8.20158672	280.94238281
7.45999984	8.20158672	276.97463989
7.46399984	8.20158672	276.97463989
7.46799984	8.28186512	276.97463989
7.47199984	8.12100124	280.94238281
7.47599984	8.04072380	280.94238281
7.47999984	8.04072380	276.97463989
7.48399984	8.20158672	273.02224731
7.48799984	8.36214352	280.94238281
7.49199984	8.28186512	280.94238281
7.49599984	8.20158672	280.94238281
7.49999984	8.12100124	280.94238281
7.50399984	8.12100124	280.94238281
7.50799984	8.12100124	276.97463989
7.51199984	8.12100124	280.94238281
7.51599984	8.28186512	276.97463989
7.51999984	8.28186512	280.94238281
7.52399984	8.20158672	280.94238281
7.52799984	8.04072380	276.97463989
7.53199984	8.04072380	276.97463989
7.53599984	8.20158672	276.97463989
7.53999984	8.20158672	276.97463989
7.54399984	8.28186512	280.94238281
7.54799984	8.20158672	280.94238281
7.55199984	8.20158672	280.94238281
7.55599984	8.12100124	276.97463989
7.55999984	8.04072380	280.94238281
7.56399984	8.12100124	276.97463989
7.56799984	8.36214352	280.94238281
7.57199984	8.36214352	280.94238281
7.57599984	8.20158672	284.89477539
7.57999984	8.04072380	276.97463989
7.58399984	8.12100124	276.97463989
7.58799984	8.20158672	276.97463989
7.59199984	8.20158672	280.94238281
7.59599984	8.28186512	280.94238281
7.59999984	8.28186512	284.89477539
7.60399984	8.28186512	276.97463989
7.60799984	8.20158672	276.97463989
7.61199984	8.12100124	280.94238281
7.61599984	8.20158672	284.89477539
7.61999984	8.28186512	284.89477539
7.62399984	8.36214352	284.89477539
7.62799984	8.28186512	280.94238281
7.63199984	8.20158672	276.97463989
7.63599984	8.12100124	276.97463989
7.63999984	8.20158672	280.94238281
7.64399984	8.20158672	280.94238281
7.64799984	8.28186512	280.94238281
7.65199984	8.28186512	280.94238281
7.65599984	8.28186512	280.94238281
7.65999984	8.20158672	276.97463989
7.66399984	8.20158672	280.94238281
7.66799984	8.20158672	280.94238281
7.67199984	8.20158672	280.94238281
7.67599984	8.20158672	280.94238281
7.67999984	8.28186512	280.94238281
7.68399984	8.28186512	280.94238281
7.68799984	8.36214352	276.97463989
7.69199984	8.28186512	280.94238281
7.69599984	8.20158672	284.89477539
7.69999984	8.20158672	280.94238281
7.70399984	8.20158672	280.94238281
7.70799984	8.28186512	280.94238281
7.71199984	8.28186512	280.94238281
7.71599984	8.28186512	276.97463989
7.71999984	8.28186512	280.94238281
7.72399984	8.20158672	280.94238281
7.72799984	8.12100124	280.94238281
7.73199984	8.20158672	280.94238281
7.73599984	8.28186512	280.94238281
7.73999984	8.28186512	280.94238281
7.74399984	8.28186512	284.89477539
7.74799984	8.20158672	280.94238281
7.75199983	8.20158672	284.89477539
7.75599983	8.20158672	276.97463989
7.75999983	8.20158672	276.97463989
7.76399983	8.28186512	280.94238281
7.76799983	8.28186512	280.94238281
7.77199983	8.28186512	280.94238281
7.77599983	8.12100124	280.94238281
7.77999983	8.20158672	280.94238281
7.78399983	8.28186512	280.94238281
7.78799983	8.36214352	280.94238281
7.79199983	8.28186512	284.89477539
7.79599983	8.20158672	284.89477539
7.79999983	8.20158672	280.94238281
7.80399983	8.20158672	276.97463989
7.80799983	8.28186512	280.94238281
7.81199983	8.28186512	280.94238281
7.81599983	8.36214352	284.89477539
7.81999983	8.28186512	280.94238281
7.82399983	8.12100124	284.89477539
7.82799983	8.12100124	276.97463989
7.83199983	8.20158672	280.94238281
7.83599983	8.28186512	280.94238281
7.83999983	8.28186512	288.84719849
7.84399983	8.28186512	284.89477539
7.84799983	8.28186512	284.89477539
7.85199983	8.28186512	276.97463989
7.85599983	8.20158672	280.94238281
7.85999983	8.20158672	280.94238281
7.86399983	8.28186512	284.89477539
7.86799983	8.36214352	284.89477539
7.87199983	8.36214352	284.89477539
7.87599983	8.20158672	280.94238281
7.87999983	8.20158672	280.94238281
7.88399983	8.28186512	280.94238281
7.88799983	8.28186512	284.89477539
7.89199983	8.28186512	284.89477539
7.89599983	8.28186512	284.89477539
7.89999983	8.28186512	280.94238281
7.90399983	8.28186512	280.94238281
7.90799983	8.20158672	280.94238281
7.91199983	8.28186512	284.89477539
7.91599983	8.28186512	280.94238281
7.91999983	8.28186512	284.89477539
7.92399983	8.20158672	280.94238281
7.92799983	8.20158672	284.89477539
7.93199983	8.28186512	280.94238281
7.93599983	8.36214352	284.89477539
7.93999983	8.28186512	284.89477539
7.94399983	8.12100124	284.89477539
7.94799983	8.20158672	284.89477539
7.95199983	8.36214352	280.94238281
7.95599983	8.36214352	280.94238281
7.95999983	8.20158672	280.94238281
7.96399983	8.12100124	284.89477539
7.96799983	8.20158672	284.89477539
7.97199983	8.20158672	280.94238281
7.97599983	8.28186512	284.89477539
7.97999983	8.28186512	280.94238281
7.98399983	8.28186512	284.89477539
7.98799983	8.28186512	280.94238281
7.99199983	8.28186512	284.89477539
7.99599983	8.28186512	280.94238281
7.99999983	8.28186512	280.94238281
8.00399983	8.20158672	280.94238281
8.00799983	8.20158672	284.89477539
8.01199983	8.28186512	280.94238281
8.01599983	8.36214352	284.89477539
8.01999983	8.28186512	280.94238281
8.02399983	8.12100124	284.89477539
8.02799983	8.20158672	284.89477539
8.03199983	8.36214352	284.89477539
8.03599983	8.36214352	284.89477539
8.03999983	8.28186512	284.89477539
8.04399983	8.28186512	280.94238281
8.04799983	8.20158672	288.84719849
8.05199983	8.20158672	284.89477539
8.05599983	8.20158672	280.94238281
8.05999983	8.20158672	284.89477539
8.06399983	8.36214352	284.89477539
8.06799983	8.36214352	280.94238281
8.07199983	8.28186512	288.84719849
8.07599983	8.20158672	284.89477539
8.07999983	8.20158672	284.89477539
8.08399983	8.20158672	284.89477539
8.08799983	8.28186512	284.89477539
8.09199983	8.28186512	284.89477539
8.09599983	8.36214352	284.89477539
8.09999983	8.36214352	280.94238281
8.10399982	8.36214352	284.89477539
8.10799982	8.28186512	284.89477539
8.11199982	8.20158672	288.84719849
8.11599982	8.20158672	280.94238281
8.11999982	8.36214352	284.89477539
8.12399982	8.44272900	284.89477539
8.12799982	8.36214352	284.89477539
8.13199982	8.20158672	284.89477539
8.13599982	8.20158672	284.89477539
8.13999982	8.28186512	284.89477539
8.14399982	8.28186512	284.89477539
8.14799982	8.28186512	280.94238281
8.15199982	8.36214352	284.89477539
8.15599982	8.36214352	284.89477539
8.15999982	8.28186512	284.89477539
8.16399982	8.20158672	280.94238281
8.16799982	8.28186512	284.89477539
8.17199982	8.36214352	280.94238281
8.17599982	8.36214352	288.84719849
8.17999982	8.28186512	280.94238281
8.18399982	8.28186512	284.89477539
8.18799982	8.36214352	280.94238281
8.19199982	8.36214352	284.89477539
8.19599982	8.28186512	284.89477539
8.19999982	8.20158672	288.84719849
8.20399982	8.28186512	284.89477539
8.20799982	8.44272900	288.84719849
8.21199982	8.44272900	284.89477539
8.21599982	8.28186512	288.84719849
8.21999982	8.20158672	280.94238281
8.22399982	8.28186512	288.84719849
8.22799982	8.28186512	284.89477539
8.23199982	8.28186512	284.89477539
8.23599982	8.28186512	280.94238281
8.23999982	8.44272900	284.89477539
8.24399982	8.44272900	288.84719849
8.24799982	8.20158672	288.84719849
8.25199982	8.12100124	284.89477539
8.25599982	8.28186512	280.94238281
8.25999982	8.36214352	284.89477539
8.26399982	8.36214352	284.89477539
8.26799982	8.28186512	288.84719849
8.27199982	8.36214352	284.89477539
8.27599982	8.36214352	280.94238281
8.27999982	8.28186512	288.84719849
8.28399982	8.12100124	280.94238281
8.28799982	8.28186512	284.89477539
8.29199982	8.44272900	288.84719849
8.29599982	8.44272900	288.84719849
8.29999982	8.28186512	284.89477539
8.30399982	8.12100124	288.84719849
8.30799982	8.20158672	280.94238281
8.31199982	8.28186512	284.89477539
8.31599982	8.36214352	288.84719849
8.31999982	8.36214352	284.89477539
8.32399982	8.36214352	284.89477539
8.32799982	8.28186512	284.89477539
8.33199982	8.12100124	284.89477539
8.33599982	8.20158672	284.89477539
8.33999982	8.28186512	280.94238281
8.34399982	8.44272900	284.89477539
8.34799982	8.36214352	288.84719849
8.35199982	8.20158672	288.84719849
8.35599982	8.20158672	284.89477539
8.35999982	8.28186512	284.89477539
8.36399982	8.28186512	284.89477539
8.36799982	8.28186512	288.84719849
8.37199982	8.20158672	284.89477539
8.37599982	8.28186512	284.89477539
8.37999982	8.36214352	284.89477539
8.38399982	8.28186512	284.89477539
8.38799982	8.12100124	284.89477539
8.39199982	8.20158672	288.84719849
8.39599982	8.28186512	288.84719849
8.39999982	8.28186512	288.84719849
8.40399982	8.28186512	284.89477539
8.40799982	8.28186512	284.89477539
8.41199982	8.20158672	284.89477539
8.41599982	8.28186512	284.89477539
8.41999982	8.28186512	284.89477539
8.42399982	8.28186512	284.89477539
8.42799982	8.28186512	284.89477539
8.43199982	8.36214352	284.89477539
8.43599982	8.28186512	284.89477539
8.43999982	8.20158672	284.89477539
8.44399982	8.20158672	284.89477539
8.44799982	8.20158672	284.89477539
8.45199982	8.36214352	284.89477539
8.45599982	8.28186512	288.84719849
8.45999981	8.20158672	284.89477539
8.46399981	8.20158672	284.89477539
8.46799981	8.20158672	284.89477539
8.47199981	8.28186512	288.84719849
8.47599981	8.28186512	280.94238281
8.47999981	8.28186512	292.79956055
8.48399981	8.36214352	288.84719849
8.48799981	8.28186512	292.79956055
8.49199981	8.20158672	288.84719849
8.49599981	8.20158672	284.89477539
8.49999981	8.20158672	284.89477539
8.50399981	8.28186512	288.84719849
8.50799981	8.28186512	284.89477539
8.51199981	8.36214352	284.89477539
8.51599981	8.36214352	284.89477539
8.51999981	8.28186512	288.84719849
8.52399981	8.12100124	284.89477539
8.52799981	8.20158672	284.89477539
8.53199981	8.28186512	280.94238281
8.53599981	8.28186512	288.84719849
8.53999981	8.28186512	284.89477539
8.54399981	8.28186512	288.84719849
8.54799981	8.20158672	284.89477539
8.55199981	8.28186512	284.89477539
8.55599981	8.28186512	280.94238281
8.55999981	8.36214352	288.84719849
8.56399981	8.28186512	288.84719849
8.56799981	8.20158672	288.84719849
8.57199981	8.20158672	284.89477539
8.57599981	8.28186512	288.84719849
8.57999981	8.36214352	280.94238281
8.58399981	8.36214352	288.84719849
8.58799981	8.20158672	288.84719849
8.59199981	8.12100124	288.84719849
8.59599981	8.28186512	284.89477539
8.59999981	8.28186512	288.84719849
8.60399981	8.20158672	284.89477539
8.60799981	8.28186512	284.89477539
8.61199981	8.36214352	284.89477539
8.61599981	8.36214352	288.84719849
8.61999981	8.12100124	288.84719849
8.62399981	8.04072380	284.89477539
8.62799981	8.28186512	280.94238281
8.63199981	8.52300644	288.84719849
8.63599981	8.44272900	288.84719849
8.63999981	8.20158672	288.84719849
8.64399981	8.12100124	284.89477539
8.64799981	8.12100124	284.89477539
8.65199981	8.20158672	284.89477539
8.65599981	8.28186512	288.84719849
8.65999981	8.36214352	284.89477539
8.66399981	8.36214352	288.84719849
8.66799981	8.36214352	288.84719849
8.67199981	8.12100124	288.84719849
8.67599981	8.04072380	280.94238281
8.67999981	8.20158672	284.89477539
8.68399981	8.36214352	288.84719849
8.68799981	8.36214352	292.79956055
8.69199981	8.36214352	284.89477539
8.69599981	8.36214352	284.89477539
8.69999981	8.28186512	284.89477539
8.70399981	8.20158672	288.84719849
8.70799981	8.04072380	284.89477539
8.71199981	8.28186512	284.89477539
8.71599981	8.44272900	284.89477539
8.71999981	8.52300644	292.79956055
8.72399981	8.28186512	284.89477539
8.72799981	8.12100124	284.89477539
8.73199981	8.20158672	280.94238281
8.73599981	8.28186512	288.84719849
8.73999981	8.28186512	284.89477539
8.74399981	8.36214352	288.84719849
8.74799981	8.36214352	284.89477539
8.75199981	8.36214352	288.84719849
8.75599981	8.20158672	284.89477539
8.75999981	8.12100124	284.89477539
8.76399981	8.20158672	284.89477539
8.76799981	8.36214352	288.84719849
8.77199981	8.36214352	288.84719849
8.77599981	8.28186512	288.84719849
8.77999981	8.28186512	280.94238281
8.78399981	8.20158672	284.89477539
8.78799981	8.20158672	280.94238281
8.79199981	8.20158672	288.84719849
8.79599981	8.36214352	284.89477539
8.79999981	8.44272900	288.84719849
8.80399981	8.36214352	284.89477539
8.80799981	8.20158672	284.89477539
8.81199980	8.04072380	284.89477539
8.81599980	8.20158672	284.89477539
8.81999980	8.28186512	284.89477539
8.82399980	8.36214352	284.89477539
8.82799980	8.36214352	284.89477539
8.83199980	8.36214352	284.89477539
8.83599980	8.28186512	284.89477539
8.83999980	8.20158672	284.89477539
8.84399980	8.20158672	284.89477539
8.84799980	8.20158672	288.84719849
8.85199980	8.28186512	284.89477539
8.85599980	8.36214352	284.89477539
8.85999980	8.28186512	284.89477539
8.86399980	8.28186512	288.84719849
8.86799980	8.20158672	284.89477539
8.87199980	8.20158672	284.89477539
8.87599980	8.28186512	284.89477539
8.87999980	8.28186512	288.84719849
8.88399980	8.36214352	284.89477539
8.88799980	8.36214352	288.84719849
8.89199980	8.20158672	284.89477539
8.89599980	8.20158672	284.89477539
8.89999980	8.20158672	284.89477539
8.90399980	8.28186512	288.84719849
8.90799980	8.36214352	284.89477539
8.91199980	8.36214352	288.84719849
8.91599980	8.28186512	288.84719849
8.91999980	8.28186512	284.89477539
8.92399980	8.20158672	284.89477539
8.92799980	8.20158672	284.89477539
8.93199980	8.28186512	284.89477539
8.93599980	8.36214352	284.89477539
8.93999980	8.36214352	288.84719849
8.94399980	8.28186512	284.89477539
8.94799980	8.20158672	280.94238281
8.95199980	8.20158672	284.89477539
8.95599980	8.20158672	284.89477539
8.95999980	8.36214352	284.89477539
8.96399980	8.36214352	288.84719849
8.96799980	8.28186512	288.84719849
8.97199980	8.20158672	284.89477539
8.97599980	8.20158672	284.89477539
8.97999980	8.28186512	284.89477539
8.98399980	8.36214352	284.89477539
8.98799980	8.28186512	284.89477539
8.99199980	8.28186512	288.84719849
8.99599980	8.28186512	284.89477539
8.99999980	8.28186512	284.89477539
9.00399980	8.20158672	284.89477539
9.00799980	8.20158672	284.89477539
9.01199980	8.28186512	280.94238281
9.01599980	8.36214352	288.84719849
9.01999980	8.36214352	284.89477539
9.02399980	8.28186512	288.84719849
9.02799980	8.12100124	280.94238281
9.03199980	8.20158672	280.94238281
9.03599980	8.20158672	284.89477539
9.03999980	8.36214352	288.84719849
9.04399980	8.36214352	284.89477539
9.04799980	8.36214352	284.89477539
9.05199980	8.28186512	284.89477539
9.05599980	8.20158672	284.89477539
9.05999980	8.20158672	284.89477539
9.06399980	8.28186512	284.89477539
9.06799980	8.36214352	284.89477539
9.07199980	8.28186512	288.84719849
9.07599980	8.28186512	284.89477539
9.07999980	8.28186512	280.94238281
9.08399980	8.28186512	284.89477539
9.08799980	8.20158672	288.84719849
9.09199980	8.20158672	280.94238281
9.09599980	8.36214352	288.84719849
9.09999980	8.36214352	284.89477539
9.10399980	8.36214352	288.84719849
9.10799980	8.28186512	284.89477539
9.11199980	8.28186512	284.89477539
9.11599980	8.28186512	284.89477539
9.11999980	8.28186512	288.84719849
9.12399980	8.28186512	280.94238281
9.12799980	8.36214352	284.89477539
9.13199980	8.36214352	284.89477539
9.13599980	8.28186512	284.89477539
9.13999980	8.28186512	284.89477539
9.14399980	8.28186512	284.89477539
9.14799980	8.36214352	280.94238281
9.15199980	8.36214352	284.89477539
9.15599980	8.36214352	284.89477539
9.15999980	8.36214352	288.84719849
9.16399980	8.28186512	284.89477539
9.16799979	8.36214352	284.89477539
9.17199979	8.28186512	280.94238281
9.17599979	8.36214352	284.89477539
9.17999979	8.44272900	284.89477539
9.18399979	8.44272900	288.84719849
9.18799979	8.36214352	284.89477539
9.19199979	8.28186512	284.89477539
9.19599979	8.28186512	280.94238281
9.19999979	8.44272900	284.89477539
9.20399979	8.44272900	280.94238281
9.20799979	8.36214352	284.89477539
9.21199979	8.36214352	284.89477539
9.21599979	8.36214352	288.84719849
9.21999979	8.28186512	280.94238281
9.22399979	8.28186512	280.94238281
9.22799979	8.36214352	280.94238281
9.23199979	8.44272900	288.84719849
9.23599979	8.44272900	284.89477539
9.23999979	8.36214352	288.84719849
9.24399979	8.36214352	280.94238281
9.24799979	8.36214352	284.89477539
9.25199979	8.44272900	284.89477539
9.25599979	8.36214352	284.89477539
9.25999979	8.36214352	280.94238281
9.26399979	8.44272900	284.89477539
9.26799979	8.44272900	284.89477539
9.27199979	8.36214352	284.89477539
9.27599979	8.28186512	280.94238281
9.27999979	8.36214352	284.89477539
9.28399979	8.44272900	284.89477539
9.28799979	8.44272900	288.84719849
9.29199979	8.36214352	284.89477539
9.29599979	8.36214352	284.89477539
9.29999979	8.44272900	284.89477539
9.30399979	8.44272900	284.89477539
9.30799979	8.44272900	284.89477539
9.31199979	8.36214352	284.89477539
9.31599979	8.36214352	280.94238281
9.31999979	8.44272900	284.89477539
9.32399979	8.36214352	288.84719849
9.32799979	8.36214352	284.89477539
9.33199979	8.36214352	280.94238281
9.33599979	8.36214352	284.89477539
9.33999979	8.36214352	284.89477539
9.34399979	8.36214352	284.89477539
9.34799979	8.44272900	284.89477539
9.35199979	8.36214352	284.89477539
9.35599979	8.36214352	280.94238281
9.35999979	8.36214352	284.89477539
9.36399979	8.36214352	284.89477539
9.36799979	8.36214352	280.94238281
9.37199979	8.44272900	284.89477539
9.37599979	8.36214352	284.89477539
9.37999979	8.36214352	280.94238281
9.38399979	8.36214352	284.89477539
9.38799979	8.44272900	284.89477539
9.39199979	8.36214352	284.89477539
9.39599979	8.36214352	280.94238281
9.39999979	8.44272900	288.84719849
9.40399979	8.44272900	284.89477539
9.40799979	8.36214352	284.89477539
9.41199979	8.36214352	280.94238281
9.41599979	8.44272900	284.89477539
9.41999979	8.44272900	280.94238281
9.42399979	8.36214352	284.89477539
9.42799979	8.36214352	280.94238281
9.43199979	8.36214352	284.89477539
9.43599979	8.44272900	280.94238281
9.43999979	8.44272900	284.89477539
9.44399979	8.44272900	280.94238281
9.44799979	8.36214352	280.94238281
9.45199979	8.36214352	280.94238281
9.45599979	8.36214352	284.89477539
9.45999979	8.36214352	280.94238281
9.46399979	8.44272900	284.89477539
9.46799979	8.52300644	284.89477539
9.47199979	8.44272900	284.89477539
9.47599979	8.36214352	284.89477539
9.47999979	8.36214352	280.94238281
9.48399979	8.36214352	280.94238281
9.48799979	8.52300644	284.89477539
9.49199979	8.44272900	284.89477539
9.49599979	8.44272900	284.89477539
9.49999979	8.44272900	280.94238281
9.50399979	8.44272900	284.89477539
9.50799979	8.44272900	280.94238281
9.51199979	8.36214352	284.89477539
9.51599979	8.36214352	280.94238281
9.51999978	8.44272900	284.89477539
9.52399978	8.44272900	280.94238281
9.52799978	8.36214352	280.94238281
9.53199978	8.44272900	280.94238281
9.53599978	8.44272900	284.89477539
9.53999978	8.36214352	280.94238281
9.54399978	8.44272900	284.89477539
9.54799978	8.44272900	280.94238281
9.55199978	8.44272900	284.89477539
9.55599978	8.44272900	280.94238281
9.55999978	8.36214352	280.94238281
9.56399978	8.36214352	280.94238281
9.56799978	8.44272900	284.89477539
9.57199978	8.52300644	280.94238281
9.57599978	8.52300644	280.94238281
9.57999978	8.44272900	284.89477539
9.58399978	8.36214352	284.89477539
9.58799978	8.36214352	280.94238281
9.59199978	8.44272900	280.94238281
9.59599978	8.44272900	280.94238281
9.59999978	8.52300644	280.94238281
9.60399978	8.52300644	276.97463989
9.60799978	8.52300644	284.89477539
9.61199978	8.44272900	280.94238281
9.61599978	8.44272900	280.94238281
9.61999978	8.44272900	280.94238281
9.62399978	8.44272900	280.94238281
9.62799978	8.52300644	284.89477539
9.63199978	8.44272900	284.89477539
9.63599978	8.44272900	280.94238281
9.63999978	8.36214352	280.94238281
9.64399978	8.44272900	280.94238281
9.64799978	8.44272900	284.89477539
9.65199978	8.44272900	280.94238281
9.65599978	8.44272900	284.89477539
9.65999978	8.52300644	280.94238281
9.66399978	8.52300644	280.94238281
9.66799978	8.44272900	280.94238281
9.67199978	8.44272900	284.89477539
9.67599978	8.44272900	280.94238281
9.67999978	8.52300644	280.94238281
9.68399978	8.60359287	280.94238281
9.68799978	8.52300644	280.94238281
9.69199978	8.44272900	280.94238281
9.69599978	8.44272900	280.94238281
9.69999978	8.52300644	280.94238281
9.70399978	8.52300644	284.89477539
9.70799978	8.44272900	280.94238281
9.71199978	8.44272900	284.89477539
9.71599978	8.44272900	280.94238281
9.71999978	8.60359287	280.94238281
9.72399978	8.52300644	280.94238281
9.72799978	8.44272900	284.89477539
9.73199978	8.44272900	280.94238281
9.73599978	8.52300644	284.89477539
9.73999978	8.52300644	284.89477539
9.74399978	8.44272900	280.94238281
9.74799978	8.44272900	280.94238281
9.75199978	8.52300644	280.94238281
9.75599978	8.60359287	284.89477539
9.75999978	8.44272900	284.89477539
9.76399978	8.44272900	280.94238281
9.76799978	8.52300644	280.94238281
9.77199978	8.52300644	280.94238281
9.77599978	8.44272900	284.89477539
9.77999978	8.44272900	276.97463989
9.78399978	8.52300644	280.94238281
9.78799978	8.60359287	284.89477539
9.79199978	8.52300644	280.94238281
9.79599978	8.44272900	280.94238281
9.79999978	8.44272900	276.97463989
9.80399978	8.60359287	280.94238281
9.80799978	8.60359287	280.94238281
9.81199978	8.52300644	280.94238281
9.81599978	8.44272900	280.94238281
9.81999978	8.52300644	280.94238281
9.82399978	8.60359287	280.94238281
9.82799978	8.52300644	276.97463989
9.83199978	8.44272900	284.89477539
9.83599978	8.52300644	276.97463989
9.83999978	8.60359287	284.89477539
9.84399978	8.52300644	284.89477539
9.84799978	8.44272900	280.94238281
9.85199978	8.52300644	276.97463989
9.85599978	8.60359287	284.89477539
9.85999978	8.60359287	280.94238281
9.86399978	8.44272900	284.89477539
9.86799978	8.44272900	276.97463989
9.87199977	8.60359287	280.94238281
9.87599977	8.60359287	280.94238281
9.87999977	8.52300644	284.89477539
9.88399977	8.44272900	276.97463989
9.88799977	8.52300644	276.97463989
9.89199977	8.52300644	280.94238281
9.89599977	8.52300644	280.94238281
9.89999977	8.52300644	276.97463989
9.90399977	8.60359287	280.94238281
9.90799977	8.60359287	280.94238281
9.91199977	8.52300644	280.94238281
9.91599977	8.52300644	276.97463989
9.91999977	8.52300644	280.94238281
9.92399977	8.60359287	276.97463989
9.92799977	8.60359287	280.94238281
9.93199977	8.60359287	280.94238281
9.93599977	8.52300644	280.94238281
9.93999977	8.52300644	280.94238281
9.94399977	8.60359287	276.97463989
9.94799977	8.60359287	276.97463989
9.95199977	8.60359287	280.94238281
9.95599977	8.60359287	276.97463989
9.95999977	8.68387032	284.89477539
9.96399977	8.52300644	280.94238281
9.96799977	8.44272900	276.97463989
9.97199977	8.52300644	276.97463989
9.97599977	8.68387032	280.94238281
9.97999977	8.76414871	280.94238281
9.98399977	8.68387032	284.89477539
9.98799977	8.52300644	276.97463989
9.99199977	8.44272900	280.94238281
9.99599977	8.52300644	276.97463989
9.99999977	8.60359287	280.94238281
10.00399977	8.60359287	280.94238281
10.00799977	8.60359287	284.89477539
10.01199977	8.68387032	280.94238281
10.01599977	8.60359287	280.94238281
10.01999977	8.52300644	276.97463989
10.02399977	8.52300644	276.97463989
10.02799977	8.60359287	276.97463989
10.03199977	8.68387032	280.94238281
10.03599977	8.68387032	280.94238281
10.03999977	8.60359287	276.97463989
10.04399977	8.60359287	280.94238281
10.04799977	8.60359287	276.97463989
10.05199977	8.60359287	276.97463989
10.05599977	8.60359287	280.94238281
10.05999977	8.60359287	280.94238281
10.06399977	8.60359287	280.94238281
10.06799977	8.60359287	280.94238281
10.07199977	8.60359287	280.94238281
10.07599977	8.60359287	276.97463989
10.07999977	8.60359287	280.94238281
10.08399977	8.60359287	276.97463989
10.08799977	8.60359287	280.94238281
10.09199977	8.52300644	280.94238281
10.09599977	8.60359287	276.97463989
10.09999977	8.60359287	276.97463989
10.10399977	8.60359287	276.97463989
10.10799977	8.60359287	280.94238281
10.11199977	8.60359287	280.94238281
10.11599977	8.52300644	273.02224731
10.11999977	8.52300644	276.97463989
10.12399977	8.60359287	276.97463989
10.12799977	8.68387032	280.94238281
10.13199977	8.68387032	276.97463989
10.13599977	8.60359287	280.94238281
10.13999977	8.52300644	276.97463989
10.14399977	8.52300644	276.97463989
10.14799977	8.60359287	273.02224731
10.15199977	8.76414871	280.94238281
10.15599977	8.68387032	276.97463989
10.15999977	8.60359287	276.97463989
10.16399977	8.52300644	276.97463989
10.16799977	8.60359287	276.97463989
10.17199977	8.60359287	276.97463989
10.17599977	8.60359287	276.97463989
10.17999977	8.68387032	276.97463989
10.18399977	8.68387032	280.94238281
10.18799977	8.68387032	276.97463989
10.19199977	8.60359287	280.94238281
10.19599977	8.44272900	276.97463989
10.19999977	8.60359287	273.02224731
10.20399977	8.68387032	276.97463989
10.20799977	8.68387032	280.94238281
10.21199977	8.60359287	276.97463989
10.21599977	8.60359287	276.97463989
10.21999977	8.60359287	276.97463989
10.22399977	8.60359287	280.94238281
10.22799976	8.60359287	276.97463989
10.23199976	8.60359287	280.94238281
10.23599976	8.68387032	273.02224731
10.23999976	8.68387032	276.97463989
10.24399976	8.52300644	276.97463989
10.24799976	8.44272900	276.97463989
10.25199976	8.60359287	273.02224731
10.25599976	8.76414871	276.97463989
10.25999976	8.68387032	276.97463989
10.26399976	8.60359287	276.97463989
10.26799976	8.60359287	276.97463989
10.27199976	8.68387032	280.94238281
10.27599976	8.60359287	276.97463989
10.27999976	8.52300644	276.97463989
10.28399976	8.60359287	276.97463989
10.28799976	8.76414871	280.94238281
10.29199976	8.76414871	280.94238281
10.29599976	8.60359287	280.94238281
10.29999976	8.52300644	276.97463989
10.30399976	8.60359287	276.97463989
10.30799976	8.68387032	276.97463989
10.31199976	8.68387032	280.94238281
10.31599976	8.60359287	276.97463989
10.31999976	8.60359287	276.97463989
10.32399976	8.76414871	276.97463989
10.32799976	8.68387032	276.97463989
10.33199976	8.60359287	276.97463989
10.33599976	8.60359287	276.97463989
10.33999976	8.68387032	273.02224731
10.34399976	8.68387032	273.02224731
10.34799976	8.68387032	276.97463989
10.35199976	8.68387032	276.97463989
10.35599976	8.68387032	273.02224731
10.35999976	8.68387032	276.97463989
10.36399976	8.68387032	280.94238281
10.36799976	8.60359287	280.94238281
10.37199976	8.68387032	276.97463989
10.37599976	8.60359287	273.02224731
10.37999976	8.68387032	276.97463989
10.38399976	8.68387032	276.97463989
10.38799976	8.68387032	273.02224731
10.39199976	8.68387032	276.97463989
10.39599976	8.68387032	276.97463989
10.39999976	8.68387032	276.97463989
10.40399976	8.68387032	276.97463989
10.40799976	8.68387032	276.97463989
10.41199976	8.60359287	273.02224731
10.41599976	8.60359287	273.02224731
10.41999976	8.68387032	276.97463989
10.42399976	8.68387032	276.97463989
10.42799976	8.76414871	276.97463989
10.43199976	8.68387032	276.97463989
10.43599976	8.68387032	273.02224731
10.43999976	8.68387032	276.97463989
10.44399976	8.68387032	273.02224731
10.44799976	8.68387032	276.97463989
10.45199976	8.68387032	273.02224731
10.45599976	8.68387032	276.97463989
10.45999976	8.68387032	276.97463989
10.46399976	8.68387032	276.97463989
10.46799976	8.60359287	276.97463989
10.47199976	8.60359287	276.97463989
10.47599976	8.68387032	273.02224731
10.47999976	8.68387032	276.97463989
10.48399976	8.68387032	276.97463989
10.48799976	8.60359287	276.97463989
10.49199976	8.60359287	276.97463989
10.49599976	8.76414871	276.97463989
10.49999976	8.76414871	273.02224731
10.50399976	8.76414871	276.97463989
10.50799976	8.68387032	273.02224731
10.51199976	8.60359287	273.02224731
10.51599976	8.68387032	273.02224731
10.51999976	8.68387032	273.02224731
10.52399976	8.76414871	276.97463989
10.52799976	8.68387032	276.97463989
10.53199976	8.68387032	273.02224731
10.53599976	8.68387032	276.97463989
10.53999976	8.68387032	273.02224731
10.54399976	8.68387032	276.97463989
10.54799976	8.60359287	273.02224731
10.55199976	8.60359287	276.97463989
10.55599976	8.60359287	276.97463989
10.55999976	8.68387032	276.97463989
10.56399976	8.76414871	273.02224731
10.56799976	8.76414871	276.97463989
10.57199976	8.68387032	276.97463989
10.57599976	8.68387032	276.97463989
10.57999975	8.60359287	273.02224731
10.58399975	8.68387032	276.97463989
10.58799975	8.76414871	276.97463989
10.59199975	8.76414871	276.97463989
10.59599975	8.68387032	276.97463989
10.59999975	8.68387032	276.97463989
10.60399975	8.60359287	273.02224731
10.60799975	8.60359287	276.97463989
10.61199975	8.68387032	273.02224731
10.61599975	8.76414871	273.02224731
10.61999975	8.76414871	276.97463989
10.62399975	8.76414871	280.94238281
10.62799975	8.60359287	273.02224731
10.63199975	8.68387032	276.97463989
10.63599975	8.68387032	273.02224731
10.63999975	8.68387032	276.97463989
10.64399975	8.68387032	276.97463989
10.64799975	8.68387032	273.02224731
10.65199975	8.76414871	273.02224731
10.65599975	8.76414871	273.02224731
10.65999975	8.68387032	269.06985474
10.66399975	8.68387032	276.97463989
10.66799975	8.68387032	273.02224731
10.67199975	8.76414871	276.97463989
10.67599975	8.68387032	273.02224731
10.67999975	8.68387032	273.02224731
10.68399975	8.68387032	273.02224731
10.68799975	8.76414871	276.97463989
10.69199975	8.68387032	273.02224731
10.69599975	8.68387032	276.97463989
10.69999975	8.60359287	273.02224731
10.70399975	8.68387032	273.02224731
10.70799975	8.76414871	273.02224731
10.71199975	8.76414871	276.97463989
10.71599975	8.76414871	276.97463989
10.71999975	8.76414871	276.97463989
10.72399975	8.68387032	273.02224731
10.72799975	8.68387032	269.06985474
10.73199975	8.76414871	273.02224731
10.73599975	8.76414871	273.02224731
10.73999975	8.76414871	273.02224731
10.74399975	8.76414871	276.97463989
10.74799975	8.76414871	276.97463989
10.75199975	8.68387032	276.97463989
10.75599975	8.60359287	273.02224731
10.75999975	8.68387032	273.02224731
10.76399975	8.76414871	273.02224731
10.76799975	8.84473419	273.02224731
10.77199975	8.76414871	273.02224731
10.77599975	8.68387032	276.97463989
10.77999975	8.60359287	269.06985474
10.78399975	8.60359287	273.02224731
10.78799975	8.76414871	269.06985474
10.79199975	8.92501259	269.06985474
10.79599975	8.92501259	273.02224731
10.79999975	8.68387032	276.97463989
10.80399975	8.60359287	269.06985474
10.80799975	8.60359287	269.06985474
10.81199975	8.76414871	269.06985474
10.81599975	8.84473419	273.02224731
10.81999975	8.84473419	276.97463989
10.82399975	8.76414871	276.97463989
10.82799975	8.76414871	273.02224731
10.83199975	8.76414871	273.02224731
10.83599975	8.68387032	269.06985474
10.83999975	8.68387032	273.02224731
10.84399975	8.76414871	276.97463989
10.84799975	8.84473419	276.97463989
10.85199975	8.84473419	273.02224731
10.85599975	8.68387032	269.06985474
10.85999975	8.60359287	269.06985474
10.86399975	8.68387032	269.06985474
10.86799975	8.76414871	273.02224731
10.87199975	8.76414871	273.02224731
10.87599975	8.84473419	273.02224731
10.87999975	8.76414871	273.02224731
10.88399975	8.68387032	269.06985474
10.88799975	8.68387032	273.02224731
10.89199975	8.68387032	273.02224731
10.89599975	8.68387032	273.02224731
10.89999975	8.76414871	269.06985474
10.90399975	8.84473419	273.02224731
10.90799975	8.76414871	273.02224731
10.91199975	8.76414871	273.02224731
10.91599975	8.68387032	273.02224731
10.91999975	8.68387032	273.02224731
10.92399975	8.60359287	269.06985474
10.92799975	8.76414871	273.02224731
10.93199975	8.84473419	269.06985474
10.93599974	8.76414871	276.97463989
10.93999974	8.60359287	273.02224731
10.94399974	8.68387032	269.06985474
10.94799974	8.76414871	269.06985474
10.95199974	8.76414871	276.97463989
10.95599974	8.68387032	273.02224731
10.95999974	8.76414871	273.02224731
10.96399974	8.76414871	269.06985474
10.96799974	8.76414871	273.02224731
10.97199974	8.60359287	273.02224731
10.97599974	8.60359287	269.06985474
10.97999974	8.68387032	265.10211182
10.98399974	8.92501259	273.02224731
10.98799974	8.84473419	273.02224731
10.99199974	8.76414871	273.02224731
10.99599974	8.68387032	269.06985474
10.99999974	8.68387032	269.06985474
11.00399974	8.76414871	269.06985474
11.00799974	8.76414871	273.02224731
11.01199974	8.76414871	269.06985474
11.01599974	8.84473419	273.02224731
11.01999974	8.76414871	269.06985474
11.02399974	8.68387032	273.02224731
11.02799974	8.60359287	265.10211182
11.03199974	8.76414871	269.06985474
11.03599974	8.84473419	269.06985474
11.03999974	8.84473419	276.97463989
11.04399974	8.76414871	269.06985474
11.04799974	8.68387032	269.06985474
11.05199974	8.76414871	269.06985474
11.05599974	8.76414871	273.02224731
11.05999974	8.68387032	269.06985474
11.06399974	8.76414871	273.02224731
11.06799974	8.84473419	269.06985474
11.07199974	8.76414871	273.02224731
11.07599974	8.68387032	273.02224731
11.07999974	8.60359287	269.06985474
11.08399974	8.76414871	269.06985474
11.08799974	8.84473419	273.02224731
11.09199974	8.84473419	273.02224731
11.09599974	8.68387032	269.06985474
11.09999974	8.60359287	269.06985474
11.10399974	8.76414871	269.06985474
11.10799974	8.84473419	269.06985474
11.11199974	8.76414871	273.02224731
11.11599974	8.76414871	269.06985474
11.11999974	8.76414871	269.06985474
11.12399974	8.76414871	269.06985474
11.12799974	8.68387032	269.06985474
11.13199974	8.68387032	269.06985474
11.13599974	8.76414871	269.06985474
11.13999974	8.84473419	269.06985474
11.14399974	8.76414871	273.02224731
11.14799974	8.68387032	269.06985474
11.15199974	8.68387032	265.10211182
11.15599974	8.76414871	265.10211182
11.15999974	8.84473419	273.02224731
11.16399974	8.76414871	273.02224731
11.16799974	8.68387032	269.06985474
11.17199974	8.68387032	269.06985474
11.17599974	8.76414871	269.06985474
11.17999974	8.76414871	265.10211182
11.18399974	8.76414871	269.06985474
11.18799974	8.76414871	269.06985474
11.19199974	8.76414871	273.02224731
11.19599974	8.76414871	265.10211182
11.19999974	8.76414871	269.06985474
11.20399974	8.68387032	265.10211182
11.20799974	8.76414871	269.06985474
11.21199974	8.76414871	269.06985474
11.21599974	8.84473419	269.06985474
11.21999974	8.76414871	269.06985474
11.22399974	8.68387032	265.10211182
11.22799974	8.76414871	269.06985474
11.23199974	8.76414871	269.06985474
11.23599974	8.68387032	269.06985474
11.23999974	8.68387032	269.06985474
11.24399974	8.76414871	261.14971924
11.24799974	8.76414871	269.06985474
11.25199974	8.76414871	265.10211182
11.25599974	8.76414871	269.06985474
11.25999974	8.76414871	265.10211182
11.26399974	8.76414871	273.02224731
11.26799974	8.68387032	265.10211182
11.27199974	8.68387032	265.10211182
11.27599974	8.76414871	269.06985474
11.27999974	8.84473419	265.10211182
11.28399974	8.84473419	265.10211182
11.28799973	8.76414871	265.10211182
11.29199973	8.68387032	265.10211182
11.29599973	8.68387032	269.06985474
11.29999973	8.76414871	265.10211182
11.30399973	8.84473419	269.06985474
11.30799973	8.76414871	269.06985474
11.31199973	8.76414871	269.06985474
11.31599973	8.76414871	269.06985474
11.31999973	8.76414871	269.06985474
11.32399973	8.76414871	265.10211182
11.32799973	8.84473419	265.10211182
11.33199973	8.84473419	269.06985474
11.33599973	8.76414871	273.02224731
11.33999973	8.68387032	265.10211182
11.34399973	8.68387032	265.10211182
11.34799973	8.76414871	265.10211182
11.35199973	8.76414871	269.06985474
11.35599973	8.76414871	269.06985474
11.35999973	8.76414871	269.06985474
11.36399973	8.84473419	269.06985474
11.36799973	8.76414871	269.06985474
11.37199973	8.68387032	265.10211182
11.37599973	8.68387032	265.10211182
11.37999973	8.84473419	265.10211182
11.38399973	8.84473419	269.06985474
11.38799973	8.84473419	269.06985474
11.39199973	8.68387032	269.06985474
11.39599973	8.68387032	261.14971924
11.39999973	8.76414871	265.10211182
11.40399973	8.84473419	265.10211182
11.40799973	8.76414871	269.06985474
11.41199973	8.76414871	265.10211182
11.41599973	8.76414871	269.06985474
11.41999973	8.76414871	261.14971924
11.42399973	8.68387032	265.10211182
11.42799973	8.68387032	265.10211182
11.43199973	8.84473419	265.10211182
11.43599973	8.84473419	261.14971924
11.43999973	8.76414871	269.06985474
11.44399973	8.60359287	265.10211182
11.44799973	8.68387032	261.14971924
11.45199973	8.76414871	261.14971924
11.45599973	8.84473419	269.06985474
11.45999973	8.84473419	265.10211182
11.46399973	8.76414871	265.10211182
11.46799973	8.76414871	265.10211182
11.47199973	8.76414871	261.14971924
11.47599973	8.68387032	265.10211182
11.47999973	8.68387032	261.14971924
11.48399973	8.84473419	265.10211182
11.48799973	8.84473419	269.06985474
11.49199973	8.76414871	265.10211182
11.49599973	8.68387032	261.14971924
11.49999973	8.68387032	261.14971924
11.50399973	8.76414871	265.10211182
11.50799973	8.84473419	265.10211182
11.51199973	8.76414871	269.06985474
11.51599973	8.76414871	265.10211182
11.51999973	8.76414871	269.06985474
11.52399973	8.68387032	265.10211182
11.52799973	8.68387032	265.10211182
11.53199973	8.76414871	261.14971924
11.53599973	8.84473419	265.10211182
11.53999973	8.84473419	265.10211182
11.54399973	8.76414871	265.10211182
11.54799973	8.68387032	265.10211182
11.55199973	8.68387032	261.14971924
11.55599973	8.76414871	261.14971924
11.55999973	8.76414871	265.10211182
11.56399973	8.76414871	265.10211182
11.56799973	8.76414871	265.10211182
11.57199973	8.84473419	265.10211182
11.57599973	8.76414871	261.14971924
11.57999973	8.68387032	261.14971924
11.58399973	8.68387032	265.10211182
11.58799973	8.84473419	265.10211182
11.59199973	8.84473419	269.06985474
11.59599973	8.76414871	261.14971924
11.59999973	8.76414871	265.10211182
11.60399973	8.76414871	261.14971924
11.60799973	8.76414871	265.10211182
11.61199973	8.76414871	261.14971924
11.61599973	8.76414871	265.10211182
11.61999973	8.84473419	261.14971924
11.62399973	8.84473419	265.10211182
11.62799973	8.76414871	265.10211182
11.63199973	8.76414871	265.10211182
11.63599973	8.76414871	261.14971924
11.63999972	8.76414871	265.10211182
11.64399972	8.76414871	261.14971924
11.64799972	8.76414871	261.14971924
11.65199972	8.76414871	261.14971924
11.65599972	8.84473419	261.14971924
11.65999972	8.76414871	261.14971924
11.66399972	8.68387032	265.10211182
11.66799972	8.76414871	257.19732666
11.67199972	8.76414871	265.10211182
11.67599972	8.84473419	261.14971924
11.67999972	8.76414871	265.10211182
11.68399972	8.76414871	261.14971924
11.68799972	8.76414871	261.14971924
11.69199972	8.68387032	261.14971924
11.69599972	8.76414871	261.14971924
11.69999972	8.84473419	261.14971924
11.70399972	8.84473419	265.10211182
11.70799972	8.76414871	261.14971924
11.71199972	8.68387032	261.14971924
11.71599972	8.76414871	261.14971924
11.71999972	8.76414871	265.10211182
11.72399972	8.76414871	261.14971924
11.72799972	8.76414871	261.14971924
11.73199972	8.76414871	261.14971924
11.73599972	8.84473419	261.14971924
11.73999972	8.84473419	261.14971924
11.74399972	8.76414871	261.14971924
11.74799972	8.68387032	261.14971924
11.75199972	8.76414871	261.14971924
11.75599972	8.84473419	261.14971924
11.75999972	8.76414871	265.10211182
11.76399972	8.76414871	261.14971924
11.76799972	8.76414871	261.14971924
11.77199972	8.84473419	257.19732666
11.77599972	8.84473419	261.14971924
11.77999972	8.76414871	261.14971924
11.78399972	8.76414871	261.14971924
11.78799972	8.76414871	261.14971924
11.79199972	8.76414871	261.14971924
11.79599972	8.76414871	257.19732666
11.79999972	8.84473419	261.14971924
11.80399972	8.92501259	261.14971924
11.80799972	8.84473419	261.14971924
11.81199972	8.76414871	257.19732666
11.81599972	8.76414871	261.14971924
11.81999972	8.76414871	257.19732666
11.82399972	8.84473419	261.14971924
11.82799972	8.84473419	257.19732666
11.83199972	8.84473419	261.14971924
11.83599972	8.76414871	257.19732666
11.83999972	8.76414871	261.14971924
11.84399972	8.84473419	257.19732666
11.84799972	8.76414871	257.19732666
11.85199972	8.76414871	257.19732666
11.85599972	8.84473419	257.19732666
11.85999972	8.76414871	261.14971924
11.86399972	8.76414871	261.14971924
11.86799972	8.68387032	257.19732666
11.87199972	8.84473419	257.19732666
11.87599972	8.84473419	257.19732666
11.87999972	8.84473419	261.14971924
11.88399972	8.84473419	261.14971924
11.88799972	8.84473419	261.14971924
11.89199972	8.76414871	257.19732666
11.89599972	8.76414871	257.19732666
11.89999972	8.76414871	257.19732666
11.90399972	8.84473419	261.14971924
11.90799972	8.84473419	257.19732666
11.91199972	8.84473419	265.10211182
11.91599972	8.76414871	253.24494934
11.91999972	8.76414871	257.19732666
11.92399972	8.84473419	257.19732666
11.92799972	8.84473419	261.14971924
11.93199972	8.84473419	261.14971924
11.93599972	8.76414871	257.19732666
11.93999972	8.76414871	257.19732666
11.94399972	8.76414871	257.19732666
11.94799972	8.76414871	257.19732666
11.95199972	8.84473419	257.19732666
11.95599972	8.84473419	257.19732666
11.95999972	8.92501259	261.14971924
11.96399972	8.84473419	257.19732666
11.96799972	8.76414871	257.19732666
11.97199972	8.76414871	257.19732666
11.97599972	8.76414871	257.19732666
11.97999972	8.84473419	257.19732666
11.98399972	8.84473419	257.19732666
11.98799972	8.84473419	257.19732666
11.99199972	8.84473419	257.19732666
11.99599971	8.76414871	257.19732666
11.99999971	8.76414871	257.19732666
12.00399971	8.76414871	253.24494934
12.00799971	8.76414871	261.14971924
12.01199971	8.84473419	257.19732666
12.01599971	8.84473419	261.14971924
12.01999971	8.84473419	257.19732666
12.02399971	8.84473419	257.19732666
12.02799971	8.68387032	257.19732666
12.03199971	8.76414871	257.19732666
12.03599971	8.84473419	253.24494934
12.03999971	8.84473419	257.19732666
12.04399971	8.76414871	257.19732666
12.04799971	8.68387032	257.19732666
12.05199971	8.76414871	253.24494934
12.05599971	8.84473419	257.19732666
12.05999971	8.84473419	253.24494934
12.06399971	8.76414871	261.14971924
12.06799971	8.76414871	261.14971924
12.07199971	8.76414871	257.19732666
12.07599971	8.76414871	257.19732666
12.07999971	8.76414871	253.24494934
12.08399971	8.76414871	253.24494934
12.08799971	8.84473419	257.19732666
12.09199971	8.84473419	257.19732666
12.09599971	8.76414871	257.19732666
12.09999971	8.76414871	253.24494934
12.10399971	8.68387032	257.19732666
12.10799971	8.76414871	257.19732666
12.11199971	8.84473419	257.19732666
12.11599971	8.92501259	257.19732666
12.11999971	8.84473419	257.19732666
12.12399971	8.76414871	257.19732666
12.12799971	8.68387032	253.24494934
12.13199971	8.76414871	253.24494934
12.13599971	8.84473419	257.19732666
12.13999971	8.84473419	257.19732666
12.14399971	8.84473419	257.19732666
12.14799971	8.76414871	257.19732666
12.15199971	8.84473419	257.19732666
12.15599971	8.76414871	253.24494934
12.15999971	8.76414871	253.24494934
12.16399971	8.76414871	253.24494934
12.16799971	8.84473419	257.19732666
12.17199971	8.84473419	257.19732666
12.17599971	8.76414871	257.19732666
12.17999971	8.68387032	249.27717590
12.18399971	8.76414871	249.27717590
12.18799971	8.84473419	253.24494934
12.19199971	8.84473419	257.19732666
12.19599971	8.76414871	253.24494934
12.19999971	8.76414871	253.24494934
12.20399971	8.76414871	253.24494934
12.20799971	8.76414871	253.24494934
12.21199971	8.68387032	253.24494934
12.21599971	8.76414871	253.24494934
12.21999971	8.76414871	257.19732666
12.22399971	8.84473419	257.19732666
12.22799971	8.76414871	249.27717590
12.23199971	8.68387032	253.24494934
12.23599971	8.68387032	253.24494934
12.23999971	8.76414871	257.19732666
12.24399971	8.84473419	253.24494934
12.24799971	8.76414871	257.19732666
12.25199971	8.68387032	253.24494934
12.25599971	8.76414871	253.24494934
12.25999971	8.76414871	249.27717590
12.26399971	8.68387032	253.24494934
12.26799971	8.76414871	253.24494934
12.27199971	8.76414871	253.24494934
12.27599971	8.76414871	253.24494934
12.27999971	8.76414871	253.24494934
12.28399971	8.76414871	253.24494934
12.28799971	8.76414871	253.24494934
12.29199971	8.76414871	249.27717590
12.29599971	8.76414871	257.19732666
12.29999971	8.76414871	249.27717590
12.30399971	8.84473419	249.27717590
12.30799971	8.92501259	253.24494934
12.31199971	8.76414871	253.24494934
12.31599971	8.76414871	249.27717590
12.31999971	8.68387032	249.27717590
12.32399971	8.76414871	249.27717590
12.32799971	8.84473419	249.27717590
12.33199971	8.84473419	253.24494934
12.33599971	8.84473419	253.24494934
12.33999971	8.76414871	253.24494934
12.34399971	8.68387032	253.24494934
12.34799970	8.68387032	249.27717590
12.35199970	8.76414871	253.24494934
12.35599970	8.84473419	249.27717590
12.35999970	8.84473419	257.19732666
12.36399970	8.84473419	253.24494934
12.36799970	8.76414871	253.24494934
12.37199970	8.68387032	249.27717590
12.37599970	8.68387032	249.27717590
12.37999970	8.76414871	249.27717590
12.38399970	8.92501259	257.19732666
12.38799970	8.76414871	253.24494934
12.39199970	8.68387032	253.24494934
12.39599970	8.60359287	249.27717590
12.39999970	8.76414871	249.27717590
12.40399970	8.76414871	249.27717590
12.40799970	8.84473419	253.24494934
12.41199970	8.76414871	253.24494934
12.41599970	8.68387032	253.24494934
12.41999970	8.76414871	245.32478333
12.42399970	8.68387032	249.27717590
12.42799970	8.68387032	249.27717590
12.43199970	8.76414871	253.24494934
12.43599970	8.84473419	253.24494934
12.43999970	8.84473419	253.24494934
12.44399970	8.76414871	249.27717590
12.44799970	8.68387032	249.27717590
12.45199970	8.68387032	245.32478333
12.45599970	8.84473419	249.27717590
12.45999970	8.84473419	249.27717590
12.46399970	8.76414871	249.27717590
12.46799970	8.76414871	245.32478333
12.47199970	8.76414871	249.27717590
12.47599970	8.76414871	245.32478333
12.47999970	8.76414871	249.27717590
12.48399970	8.76414871	249.27717590
12.48799970	8.84473419	253.24494934
12.49199970	8.84473419	249.27717590
12.49599970	8.76414871	249.27717590
12.49999970	8.68387032	249.27717590
12.50399970	8.76414871	249.27717590
12.50799970	8.76414871	249.27717590
12.51199970	8.76414871	249.27717590
12.51599970	8.68387032	245.32478333
12.51999970	8.76414871	249.27717590
12.52399970	8.76414871	249.27717590
12.52799970	8.76414871	249.27717590
12.53199970	8.68387032	249.27717590
12.53599970	8.68387032	249.27717590
12.53999970	8.76414871	245.32478333
12.54399970	8.84473419	249.27717590
12.54799970	8.76414871	245.32478333
12.55199970	8.76414871	245.32478333
12.55599970	8.76414871	245.32478333
12.55999970	8.76414871	249.27717590
12.56399970	8.68387032	245.32478333
12.56799970	8.76414871	245.32478333
12.57199970	8.84473419	249.27717590
12.57599970	8.84473419	249.27717590
12.57999970	8.76414871	245.32478333
12.58399970	8.68387032	245.32478333
12.58799970	8.68387032	245.32478333
12.59199970	8.76414871	249.27717590
12.59599970	8.76414871	245.32478333
12.59999970	8.76414871	249.27717590
12.60399970	8.76414871	245.32478333
12.60799970	8.76414871	245.32478333
12.61199970	8.68387032	245.32478333
12.61599970	8.68387032	249.27717590
12.61999970	8.76414871	245.32478333
12.62399970	8.76414871	245.32478333
12.62799970	8.76414871	249.27717590
12.63199970	8.76414871	249.27717590
12.63599970	8.68387032	249.27717590
12.63999970	8.68387032	245.32478333
12.64399970	8.76414871	241.37240601
12.64799970	8.76414871	245.32478333
12.65199970	8.76414871	249.27717590
12.65599970	8.76414871	249.27717590
12.65999970	8.68387032	245.32478333
12.66399970	8.68387032	245.32478333
12.66799970	8.76414871	241.37240601
12.67199970	8.84473419	245.32478333
12.67599970	8.84473419	245.32478333
12.67999970	8.76414871	249.27717590
12.68399970	8.76414871	245.32478333
12.68799970	8.76414871	245.32478333
12.69199970	8.76414871	241.37240601
12.69599970	8.76414871	241.37240601
12.69999969	8.84473419	245.32478333
12.70399969	8.76414871	249.27717590
12.70799969	8.68387032	245.32478333
12.71199969	8.68387032	241.37240601
12.71599969	8.76414871	245.32478333
12.71999969	8.76414871	245.32478333
12.72399969	8.76414871	245.32478333
12.72799969	8.76414871	249.27717590
12.73199969	8.76414871	241.37240601
12.73599969	8.76414871	241.37240601
12.73999969	8.76414871	241.37240601
12.74399969	8.76414871	241.37240601
12.74799969	8.84473419	241.37240601
12.75199969	8.76414871	245.32478333
12.75599969	8.68387032	245.32478333
12.75999969	8.68387032	241.37240601
12.76399969	8.76414871	241.37240601
12.76799969	8.84473419	241.37240601
12.77199969	8.76414871	241.37240601
12.77599969	8.76414871	241.37240601
12.77999969	8.68387032	245.32478333
12.78399969	8.68387032	245.32478333
12.78799969	8.76414871	237.40463257
12.79199969	8.76414871	245.32478333
12.79599969	8.76414871	241.37240601
12.79999969	8.76414871	245.32478333
12.80399969	8.76414871	241.37240601
12.80799969	8.76414871	241.37240601
12.81199969	8.76414871	241.37240601
12.81599969	8.76414871	245.32478333
12.81999969	8.76414871	241.37240601
12.82399969	8.76414871	241.37240601
12.82799969	8.76414871	245.32478333
12.83199969	8.76414871	245.32478333
12.83599969	8.68387032	241.37240601
12.83999969	8.76414871	241.37240601
12.84399969	8.76414871	241.37240601
12.84799969	8.76414871	241.37240601
12.85199969	8.84473419	241.37240601
12.85599969	8.76414871	237.40463257
12.85999969	8.76414871	241.37240601
12.86399969	8.76414871	241.37240601
12.86799969	8.68387032	241.37240601
12.87199969	8.68387032	241.37240601
12.87599969	8.76414871	241.37240601
12.87999969	8.76414871	241.37240601
12.88399969	8.68387032	241.37240601
12.88799969	8.68387032	241.37240601
12.89199969	8.68387032	237.40463257
12.89599969	8.76414871	241.37240601
12.89999969	8.76414871	241.37240601
12.90399969	8.68387032	245.32478333
12.90799969	8.68387032	241.37240601
12.91199969	8.76414871	241.37240601
12.91599969	8.76414871	241.37240601
12.91999969	8.68387032	241.37240601
12.92399969	8.68387032	241.37240601
12.92799969	8.68387032	241.37240601
12.93199969	8.76414871	237.40463257
12.93599969	8.84473419	245.32478333
12.93999969	8.76414871	237.40463257
12.94399969	8.68387032	241.37240601
12.94799969	8.68387032	241.37240601
12.95199969	8.76414871	237.40463257
12.95599969	8.76414871	241.37240601
12.95999969	8.76414871	237.40463257
12.96399969	8.68387032	237.40463257
12.96799969	8.68387032	241.37240601
12.97199969	8.76414871	241.37240601
12.97599969	8.76414871	241.37240601
12.97999969	8.76414871	237.40463257
12.98399969	8.76414871	237.40463257
12.98799969	8.68387032	237.40463257
12.99199969	8.76414871	241.37240601
12.99599969	8.68387032	241.37240601
12.99999969	8.76414871	237.40463257
13.00399969	8.76414871	237.40463257
13.00799969	8.84473419	241.37240601
13.01199969	8.68387032	237.40463257
13.01599969	8.68387032	237.40463257
13.01999969	8.68387032	233.45223999
13.02399969	8.76414871	237.40463257
13.02799969	8.76414871	237.40463257
13.03199969	8.76414871	241.37240601
13.03599969	8.76414871	237.40463257
13.03999969	8.76414871	237.40463257
13.04399969	8.76414871	237.40463257
13.04799969	8.68387032	237.40463257
13.05199969	8.68387032	237.40463257
13.05599968	8.76414871	237.40463257
13.05999968	8.76414871	237.40463257
13.06399968	8.76414871	237.40463257
13.06799968	8.76414871	233.45223999
13.07199968	8.76414871	237.40463257
13.07599968	8.68387032	237.40463257
13.07999968	8.68387032	237.40463257
13.08399968	8.76414871	237.40463257
13.08799968	8.84473419	237.40463257
13.09199968	8.76414871	237.40463257
13.09599968	8.68387032	237.40463257
13.09999968	8.68387032	237.40463257
13.10399968	8.76414871	237.40463257
13.10799968	8.84473419	237.40463257
13.11199968	8.76414871	237.40463257
13.11599968	8.76414871	237.40463257
13.11999968	8.76414871	237.40463257
13.12399968	8.68387032	237.40463257
13.12799968	8.76414871	233.45223999
13.13199968	8.68387032	233.45223999
13.13599968	8.84473419	233.45223999
13.13999968	8.84473419	233.45223999
13.14399968	8.76414871	233.45223999
13.14799968	8.76414871	237.40463257
13.15199968	8.68387032	233.45223999
13.15599968	8.84473419	229.49986267
13.15999968	8.84473419	237.40463257
13.16399968	8.76414871	237.40463257
13.16799968	8.76414871	233.45223999
13.17199968	8.76414871	233.45223999
13.17599968	8.76414871	237.40463257
13.17999968	8.76414871	233.45223999
13.18399968	8.76414871	233.45223999
13.18799968	8.76414871	237.40463257
13.19199968	8.84473419	233.45223999
13.19599968	8.84473419	233.45223999
13.19999968	8.68387032	237.40463257
13.20399968	8.68387032	233.45223999
13.20799968	8.76414871	233.45223999
13.21199968	8.76414871	233.45223999
13.21599968	8.76414871	237.40463257
13.21999968	8.76414871	229.49986267
13.22399968	8.76414871	229.49986267
13.22799968	8.76414871	233.45223999
13.23199968	8.76414871	229.49986267
13.23599968	8.68387032	233.45223999
13.23999968	8.76414871	229.49986267
13.24399968	8.76414871	229.49986267
13.24799968	8.76414871	233.45223999
13.25199968	8.68387032	229.49986267
13.25599968	8.68387032	229.49986267
13.25999968	8.76414871	229.49986267
13.26399968	8.76414871	233.45223999
13.26799968	8.76414871	233.45223999
13.27199968	8.76414871	233.45223999
13.27599968	8.76414871	233.45223999
13.27999968	8.76414871	233.45223999
13.28399968	8.68387032	229.49986267
13.28799968	8.76414871	229.49986267
13.29199968	8.84473419	233.45223999
13.29599968	8.76414871	233.45223999
13.29999968	8.76414871	229.49986267
13.30399968	8.68387032	229.49986267
13.30799968	8.76414871	229.49986267
13.31199968	8.76414871	233.45223999
13.31599968	8.76414871	233.45223999
13.31999968	8.76414871	233.45223999
13.32399968	8.76414871	229.49986267
13.32799968	8.84473419	229.49986267
13.33199968	8.68387032	229.49986267
13.33599968	8.68387032	229.49986267
13.33999968	8.76414871	229.49986267
13.34399968	8.84473419	229.49986267
13.34799968	8.84473419	233.45223999
13.35199968	8.76414871	233.45223999
13.35599968	8.68387032	229.49986267
13.35999968	8.76414871	229.49986267
13.36399968	8.68387032	229.49986267
13.36799968	8.68387032	229.49986267
13.37199968	8.76414871	229.49986267
13.37599968	8.84473419	229.49986267
13.37999968	8.84473419	229.49986267
13.38399968	8.68387032	233.45223999
13.38799968	8.60359287	225.53210449
13.39199968	8.68387032	229.49986267
13.39599968	8.76414871	225.53210449
13.39999968	8.76414871	233.45223999
13.40399968	8.68387032	225.53210449
13.40799967	8.76414871	229.49986267
13.41199967	8.76414871	229.49986267
13.41599967	8.68387032	229.49986267
13.41999967	8.68387032	229.49986267
13.42399967	8.68387032	229.49986267
13.42799967	8.76414871	229.49986267
13.43199967	8.84473419	229.49986267
13.43599967	8.76414871	229.49986267
13.43999967	8.68387032	229.49986267
13.44399967	8.68387032	229.49986267
13.44799967	8.76414871	229.49986267
13.45199967	8.76414871	229.49986267
13.45599967	8.76414871	229.49986267
13.45999967	8.76414871	225.53210449
13.46399967	8.68387032	225.53210449
13.46799967	8.68387032	229.49986267
13.47199967	8.68387032	225.53210449
13.47599967	8.76414871	225.53210449
13.47999967	8.84473419	229.49986267
13.48399967	8.84473419	229.49986267
13.48799967	8.68387032	229.49986267
13.49199967	8.60359287	225.53210449
13.49599967	8.76414871	225.53210449
13.49999967	8.76414871	225.53210449
13.50399967	8.76414871	225.53210449
13.50799967	8.76414871	225.53210449
13.51199967	8.84473419	229.49986267
13.51599967	8.76414871	229.49986267
13.51999967	8.68387032	225.53210449
13.52399967	8.60359287	221.57971191
13.52799967	8.76414871	225.53210449
13.53199967	8.84473419	229.49986267
13.53599967	8.76414871	229.49986267
13.53999967	8.68387032	225.53210449
13.54399967	8.68387032	225.53210449
13.54799967	8.76414871	225.53210449
13.55199967	8.68387032	225.53210449
13.55599967	8.76414871	225.53210449
13.55999967	8.84473419	225.53210449
13.56399967	8.84473419	225.53210449
13.56799967	8.76414871	225.53210449
13.57199967	8.60359287	221.57971191
13.57599967	8.68387032	225.53210449
13.57999967	8.68387032	221.57971191
13.58399967	8.84473419	225.53210449
13.58799967	8.76414871	229.49986267
13.59199967	8.76414871	225.53210449
13.59599967	8.68387032	221.57971191
13.59999967	8.68387032	225.53210449
13.60399967	8.68387032	225.53210449
13.60799967	8.68387032	225.53210449
13.61199967	8.76414871	225.53210449
13.61599967	8.84473419	229.49986267
13.61999967	8.76414871	221.57971191
13.62399967	8.76414871	225.53210449
13.62799967	8.68387032	221.57971191
13.63199967	8.76414871	225.53210449
13.63599967	8.68387032	221.57971191
13.63999967	8.68387032	225.53210449
13.64399967	8.76414871	225.53210449
13.64799967	8.76414871	225.53210449
13.65199967	8.68387032	221.57971191
13.65599967	8.60359287	225.53210449
13.65999967	8.68387032	221.57971191
13.66399967	8.76414871	225.53210449
13.66799967	8.84473419	221.57971191
13.67199967	8.76414871	225.53210449
13.67599967	8.68387032	221.57971191
13.67999967	8.68387032	225.53210449
13.68399967	8.68387032	221.57971191
13.68799967	8.68387032	221.57971191
13.69199967	8.68387032	217.62731934
13.69599967	8.76414871	221.57971191
13.69999967	8.92501259	221.57971191
13.70399967	8.76414871	225.53210449
13.70799967	8.68387032	221.57971191
13.71199967	8.68387032	225.53210449
13.71599967	8.68387032	221.57971191
13.71999967	8.76414871	221.57971191
13.72399967	8.76414871	221.57971191
13.72799967	8.84473419	221.57971191
13.73199967	8.76414871	221.57971191
13.73599967	8.76414871	221.57971191
13.73999967	8.60359287	221.57971191
13.74399967	8.60359287	217.62731934
13.74799967	8.76414871	217.62731934
13.75199967	8.84473419	225.53210449
13.75599967	8.76414871	225.53210449
13.75999967	8.76414871	221.57971191
13.76399966	8.68387032	217.62731934
13.76799966	8.68387032	221.57971191
13.77199966	8.68387032	217.62731934
13.77599966	8.68387032	217.62731934
13.77999966	8.84473419	217.62731934
13.78399966	8.84473419	221.57971191
13.78799966	8.84473419	221.57971191
13.79199966	8.68387032	221.57971191
13.79599966	8.60359287	217.62731934
13.79999966	8.76414871	217.62731934
13.80399966	8.76414871	221.57971191
13.80799966	8.76414871	225.53210449
13.81199966	8.68387032	221.57971191
13.81599966	8.68387032	221.57971191
13.81999966	8.76414871	221.57971191
13.82399966	8.76414871	221.57971191
13.82799966	8.68387032	217.62731934
13.83199966	8.68387032	221.57971191
13.83599966	8.76414871	221.57971191
13.83999966	8.84473419	221.57971191
13.84399966	8.68387032	221.57971191
13.84799966	8.60359287	221.57971191
13.85199966	8.68387032	217.62731934
13.85599966	8.84473419	221.57971191
13.85999966	8.76414871	221.57971191
13.86399966	8.68387032	221.57971191
13.86799966	8.76414871	217.62731934
13.87199966	8.76414871	221.57971191
13.87599966	8.76414871	221.57971191
13.87999966	8.68387032	221.57971191
13.88399966	8.68387032	217.62731934
13.88799966	8.76414871	221.57971191
13.89199966	8.76414871	217.62731934
13.89599966	8.68387032	221.57971191
13.89999966	8.68387032	217.62731934
13.90399966	8.76414871	217.62731934
13.90799966	8.68387032	217.62731934
13.91199966	8.68387032	221.57971191
13.91599966	8.68387032	213.67494202
13.91999966	8.76414871	221.57971191
13.92399966	8.76414871	217.62731934
13.92799966	8.68387032	217.62731934
13.93199966	8.68387032	217.62731934
13.93599966	8.68387032	217.62731934
13.93999966	8.68387032	213.67494202
13.94399966	8.76414871	217.62731934
13.94799966	8.76414871	217.62731934
13.95199966	8.68387032	221.57971191
13.95599966	8.68387032	217.62731934
13.95999966	8.68387032	217.62731934
13.96399966	8.68387032	213.67494202
13.96799966	8.76414871	221.57971191
13.97199966	8.76414871	217.62731934
13.97599966	8.68387032	217.62731934
13.97999966	8.60359287	217.62731934
13.98399966	8.68387032	213.67494202
13.98799966	8.76414871	217.62731934
13.99199966	8.76414871	217.62731934
13.99599966	8.76414871	217.62731934
13.99999966	8.68387032	221.57971191
14.00399966	8.60359287	213.67494202
14.00799966	8.76414871	213.67494202
14.01199966	8.68387032	217.62731934
14.01599966	8.68387032	213.67494202
14.01999966	8.76414871	213.67494202
14.02399966	8.76414871	217.62731934
14.02799966	8.68387032	213.67494202
14.03199966	8.60359287	217.62731934
14.03599966	8.60359287	209.70716858
14.03999966	8.68387032	217.62731934
14.04399966	8.84473419	213.67494202
14.04799966	8.76414871	221.57971191
14.05199966	8.68387032	213.67494202
14.05599966	8.76414871	213.67494202
14.05999966	8.68387032	217.62731934
14.06399966	8.60359287	217.62731934
14.06799966	8.68387032	209.70716858
14.07199966	8.76414871	213.67494202
14.07599966	8.84473419	217.62731934
14.07999966	8.68387032	217.62731934
14.08399966	8.60359287	213.67494202
14.08799966	8.60359287	213.67494202
14.09199966	8.68387032	209.70716858
14.09599966	8.76414871	213.67494202
14.09999966	8.68387032	213.67494202
14.10399966	8.68387032	213.67494202
14.10799966	8.68387032	213.67494202
14.11199966	8.68387032	213.67494202
14.11599965	8.60359287	209.70716858
14.11999965	8.60359287	213.67494202
14.12399965	8.76414871	213.67494202
14.12799965	8.84473419	217.62731934
14.13199965	8.76414871	213.67494202
14.13599965	8.60359287	209.70716858
14.13999965	8.60359287	213.67494202
14.14399965	8.68387032	213.67494202
14.14799965	8.76414871	213.67494202
14.15199965	8.68387032	213.67494202
14.15599965	8.76414871	213.67494202
14.15999965	8.76414871	213.67494202
14.16399965	8.76414871	213.67494202
14.16799965	8.60359287	213.67494202
14.17199965	8.60359287	209.70716858
14.17599965	8.68387032	213.67494202
14.17999965	8.76414871	213.67494202
14.18399965	8.76414871	209.70716858
14.18799965	8.68387032	213.67494202
14.19199965	8.68387032	209.70716858
14.19599965	8.76414871	209.70716858
14.19999965	8.68387032	213.67494202
14.20399965	8.60359287	213.67494202
14.20799965	8.68387032	213.67494202
14.21199965	8.68387032	209.70716858
14.21599965	8.76414871	213.67494202
14.21999965	8.76414871	209.70716858
14.22399965	8.68387032	209.70716858
14.22799965	8.68387032	209.70716858
14.23199965	8.68387032	213.67494202
14.23599965	8.68387032	213.67494202
14.23999965	8.68387032	209.70716858
14.24399965	8.68387032	205.75479126
14.24799965	8.76414871	209.70716858
14.25199965	8.84473419	213.67494202
14.25599965	8.76414871	213.67494202
14.25999965	8.60359287	213.67494202
14.26399965	8.60359287	205.75479126
14.26799965	8.68387032	209.70716858
14.27199965	8.84473419	213.67494202
14.27599965	8.84473419	213.67494202
14.27999965	8.76414871	209.70716858
14.28399965	8.68387032	209.70716858
14.28799965	8.76414871	213.67494202
14.29199965	8.68387032	209.70716858
14.29599965	8.60359287	213.67494202
14.29999965	8.68387032	209.70716858
14.30399965	8.76414871	213.67494202
14.30799965	8.76414871	209.70716858
14.31199965	8.68387032	209.70716858
14.31599965	8.68387032	209.70716858
14.31999965	8.68387032	213.67494202
14.32399965	8.68387032	209.70716858
14.32799965	8.76414871	213.67494202
14.33199965	8.76414871	209.70716858
14.33599965	8.68387032	209.70716858
14.33999965	8.68387032	205.75479126
14.34399965	8.60359287	205.75479126
14.34799965	8.68387032	205.75479126
14.35199965	8.68387032	209.70716858
14.35599965	8.76414871	209.70716858
14.35999965	8.68387032	209.70716858
14.36399965	8.68387032	205.75479126
14.36799965	8.76414871	209.70716858
14.37199965	8.68387032	205.75479126
14.37599965	8.68387032	205.75479126
14.37999965	8.60359287	209.70716858
14.38399965	8.60359287	209.70716858
14.38799965	8.68387032	201.80239868
14.39199965	8.76414871	205.75479126
14.39599965	8.76414871	205.75479126
14.39999965	8.76414871	209.70716858
14.40399965	8.60359287	209.70716858
14.40799965	8.52300644	209.70716858
14.41199965	8.60359287	205.75479126
14.41599965	8.76414871	205.75479126
14.41999965	8.84473419	209.70716858
14.42399965	8.68387032	213.67494202
14.42799965	8.52300644	209.70716858
14.43199965	8.52300644	205.75479126
14.43599965	8.68387032	205.75479126
14.43999965	8.68387032	209.70716858
14.44399965	8.68387032	209.70716858
14.44799965	8.76414871	209.70716858
14.45199965	8.76414871	209.70716858
14.45599965	8.68387032	205.75479126
14.45999965	8.52300644	205.75479126
14.46399965	8.52300644	205.75479126
14.46799964	8.68387032	201.80239868
14.47199964	8.84473419	205.75479126
14.47599964	8.76414871	209.70716858
14.47999964	8.60359287	209.70716858
14.48399964	8.52300644	201.80239868
14.48799964	8.60359287	201.80239868
14.49199964	8.60359287	205.75479126
14.49599964	8.68387032	205.75479126
14.49999964	8.76414871	205.75479126
14.50399964	8.84473419	205.75479126
14.50799964	8.68387032	205.75479126
14.51199964	8.52300644	205.75479126
14.51599964	8.52300644	201.80239868
14.51999964	8.68387032	205.75479126
14.52399964	8.76414871	209.70716858
14.52799964	8.76414871	209.70716858
14.53199964	8.68387032	205.75479126
14.53599964	8.68387032	201.80239868
14.53999964	8.60359287	205.75479126
14.54399964	8.52300644	205.75479126
14.54799964	8.60359287	205.75479126
14.55199964	8.76414871	205.75479126
14.55599964	8.84473419	205.75479126
14.55999964	8.76414871	209.70716858
14.56399964	8.60359287	205.75479126
14.56799964	8.60359287	201.80239868
14.57199964	8.60359287	201.80239868
14.57599964	8.60359287	201.80239868
14.57999964	8.68387032	201.80239868
14.58399964	8.76414871	201.80239868
14.58799964	8.76414871	205.75479126
14.59199964	8.68387032	205.75479126
14.59599964	8.52300644	201.80239868
14.59999964	8.60359287	201.80239868
14.60399964	8.68387032	205.75479126
14.60799964	8.84473419	205.75479126
14.61199964	8.84473419	201.80239868
14.61599964	8.68387032	205.75479126
14.61999964	8.68387032	201.80239868
14.62399964	8.60359287	205.75479126
14.62799964	8.60359287	201.80239868
14.63199964	8.60359287	205.75479126
14.63599964	8.68387032	201.80239868
14.63999964	8.76414871	201.80239868
14.64399964	8.68387032	201.80239868
14.64799964	8.60359287	201.80239868
14.65199964	8.60359287	197.83462524
14.65599964	8.68387032	201.80239868
14.65999964	8.68387032	205.75479126
14.66399964	8.60359287	205.75479126
14.66799964	8.68387032	201.80239868
14.67199964	8.68387032	201.80239868
14.67599964	8.68387032	201.80239868
14.67999964	8.60359287	205.75479126
14.68399964	8.52300644	201.80239868
14.68799964	8.60359287	201.80239868
14.69199964	8.76414871	201.80239868
14.69599964	8.76414871	201.80239868
14.69999964	8.68387032	201.80239868
14.70399964	8.60359287	205.75479126
14.70799964	8.52300644	201.80239868
14.71199964	8.60359287	197.83462524
14.71599964	8.68387032	201.80239868
14.71999964	8.68387032	205.75479126
14.72399964	8.76414871	201.80239868
14.72799964	8.68387032	205.75479126
14.73199964	8.60359287	201.80239868
14.73599964	8.52300644	201.80239868
14.73999964	8.52300644	197.83462524
14.74399964	8.60359287	201.80239868
14.74799964	8.76414871	201.80239868
14.75199964	8.76414871	205.75479126
14.75599964	8.68387032	201.80239868
14.75999964	8.52300644	201.80239868
14.76399964	8.52300644	197.83462524
14.76799964	8.60359287	197.83462524
14.77199964	8.68387032	201.80239868
14.77599964	8.68387032	205.75479126
14.77999964	8.76414871	201.80239868
14.78399964	8.68387032	201.80239868
14.78799964	8.52300644	197.83462524
14.79199964	8.52300644	197.83462524
14.79599964	8.60359287	201.80239868
14.79999964	8.68387032	201.80239868
14.80399964	8.68387032	201.80239868
14.80799964	8.68387032	201.80239868
14.81199964	8.52300644	201.80239868
14.81599964	8.52300644	197.83462524
14.81999964	8.60359287	197.83462524
14.82399963	8.60359287	197.83462524
14.82799963	8.68387032	197.83462524
14.83199963	8.68387032	201.80239868
14.83599963	8.68387032	201.80239868
14.83999963	8.60359287	201.80239868
14.84399963	8.52300644	201.80239868
14.84799963	8.52300644	197.83462524
14.85199963	8.60359287	197.83462524
14.85599963	8.76414871	201.80239868
14.85999963	8.68387032	201.80239868
14.86399963	8.60359287	197.83462524
14.86799963	8.60359287	197.83462524
14.87199963	8.60359287	197.83462524
14.87599963	8.60359287	197.83462524
14.87999963	8.60359287	201.80239868
14.88399963	8.68387032	197.83462524
14.88799963	8.60359287	201.80239868
14.89199963	8.52300644	193.88224792
14.89599963	8.52300644	197.83462524
14.89999963	8.60359287	193.88224792
14.90399963	8.68387032	201.80239868
14.90799963	8.68387032	201.80239868
14.91199963	8.60359287	201.80239868
14.91599963	8.60359287	193.88224792
14.91999963	8.60359287	197.83462524
14.92399963	8.60359287	197.83462524
14.92799963	8.52300644	197.83462524
14.93199963	8.60359287	197.83462524
14.93599963	8.68387032	201.80239868
14.93999963	8.68387032	197.83462524
14.94399963	8.68387032	197.83462524
14.94799963	8.52300644	193.88224792
14.95199963	8.52300644	193.88224792
14.95599963	8.60359287	193.88224792
14.95999963	8.68387032	197.83462524
14.96399963	8.68387032	193.88224792
14.96799963	8.76414871	193.88224792
14.97199963	8.68387032	201.80239868
14.97599963	8.60359287	209.70716858
14.97999963	8.44272900	197.83462524
14.98399963	8.52300644	197.83462524
14.98799963	8.68387032	197.83462524
14.99199963	8.76414871	197.83462524
14.99599963	8.76414871	193.88224792
14.99999963	8.60359287	197.83462524
15.00399963	8.60359287	193.88224792
15.00799963	8.52300644	197.83462524
15.01199963	8.52300644	189.92985535
15.01599963	8.60359287	193.88224792
15.01999963	8.76414871	197.83462524
15.02399963	8.76414871	201.80239868
15.02799963	8.52300644	197.83462524
15.03199963	8.44272900	197.83462524
15.03599963	8.52300644	193.88224792
15.03999963	8.60359287	197.83462524
15.04399963	8.68387032	193.88224792
15.04799963	8.68387032	193.88224792
15.05199963	8.68387032	197.83462524
15.05599963	8.60359287	197.83462524
15.05999963	8.44272900	193.88224792
15.06399963	8.44272900	197.83462524
15.06799963	8.52300644	193.88224792
15.07199963	8.76414871	197.83462524
15.07599963	8.76414871	193.88224792
15.07999963	8.60359287	197.83462524
15.08399963	8.52300644	193.88224792
15.08799963	8.52300644	193.88224792
15.09199963	8.52300644	193.88224792
15.09599963	8.60359287	201.80239868
15.09999963	8.68387032	197.83462524
15.10399963	8.76414871	197.83462524
15.10799963	8.68387032	197.83462524
15.11199963	8.52300644	197.83462524
15.11599963	8.36214352	193.88224792
15.11999963	8.52300644	193.88224792
15.12399963	8.68387032	193.88224792
15.12799963	8.76414871	197.83462524
15.13199963	8.60359287	197.83462524
15.13599963	8.52300644	197.83462524
15.13999963	8.60359287	189.92985535
15.14399963	8.60359287	193.88224792
15.14799963	8.60359287	193.88224792
15.15199963	8.60359287	193.88224792
15.15599963	8.68387032	193.88224792
15.15999963	8.68387032	197.83462524
15.16399963	8.52300644	189.92985535
15.16799963	8.44272900	193.88224792
15.17199963	8.52300644	189.92985535
15.17599962	8.68387032	193.88224792
15.17999962	8.68387032	197.83462524
15.18399962	8.68387032	197.83462524
15.18799962	8.68387032	193.88224792
15.19199962	8.68387032	193.88224792
15.19599962	8.52300644	189.92985535
15.19999962	8.44272900	193.88224792
15.20399962	8.52300644	193.88224792
15.20799962	8.68387032	193.88224792
15.21199962	8.76414871	193.88224792
15.21599962	8.68387032	197.83462524
15.21999962	8.52300644	193.88224792
15.22399962	8.44272900	193.88224792
15.22799962	8.52300644	193.88224792
15.23199962	8.60359287	193.88224792
15.23599962	8.60359287	189.92985535
15.23999962	8.68387032	193.88224792
15.24399962	8.60359287	197.83462524
15.24799962	8.52300644	193.88224792
15.25199962	8.44272900	189.92985535
15.25599962	8.60359287	189.92985535
15.25999962	8.68387032	193.88224792
15.26399962	8.60359287	197.83462524
15.26799962	8.52300644	189.92985535
15.27199962	8.52300644	189.92985535
15.27599962	8.52300644	193.88224792
15.27999962	8.60359287	189.92985535
15.28399962	8.52300644	193.88224792
15.28799962	8.60359287	193.88224792
15.29199962	8.68387032	189.92985535
15.29599962	8.60359287	197.83462524
15.29999962	8.52300644	189.92985535
15.30399962	8.44272900	193.88224792
15.30799962	8.60359287	189.92985535
15.31199962	8.68387032	193.88224792
15.31599962	8.68387032	193.88224792
15.31999962	8.60359287	193.88224792
15.32399962	8.60359287	189.92985535
15.32799962	8.60359287	193.88224792
15.33199962	8.52300644	193.88224792
15.33599962	8.52300644	189.92985535
15.33999962	8.52300644	189.92985535
15.34399962	8.60359287	193.88224792
15.34799962	8.60359287	193.88224792
15.35199962	8.52300644	189.92985535
15.35599962	8.52300644	189.92985535
15.35999962	8.52300644	193.88224792
15.36399962	8.60359287	193.88224792
15.36799962	8.52300644	193.88224792
15.37199962	8.60359287	189.92985535
15.37599962	8.60359287	189.92985535
15.37999962	8.60359287	189.92985535
15.38399962	8.52300644	189.92985535
15.38799962	8.44272900	185.96209717
15.39199962	8.52300644	189.92985535
15.39599962	8.60359287	189.92985535
15.39999962	8.60359287	189.92985535
15.40399962	8.52300644	189.92985535
15.40799962	8.44272900	193.88224792
15.41199962	8.52300644	189.92985535
15.41599962	8.60359287	189.92985535
15.41999962	8.60359287	189.92985535
15.42399962	8.52300644	193.88224792
15.42799962	8.52300644	189.92985535
15.43199962	8.60359287	189.92985535
15.43599962	8.60359287	189.92985535
15.43999962	8.52300644	189.92985535
15.44399962	8.52300644	189.92985535
15.44799962	8.52300644	189.92985535
15.45199962	8.60359287	189.92985535
15.45599962	8.60359287	193.88224792
15.45999962	8.60359287	189.92985535
15.46399962	8.52300644	189.92985535
15.46799962	8.60359287	189.92985535
15.47199962	8.52300644	189.92985535
15.47599962	8.44272900	189.92985535
15.47999962	8.52300644	189.92985535
15.48399962	8.60359287	185.96209717
15.48799962	8.68387032	189.92985535
15.49199962	8.60359287	189.92985535
15.49599962	8.44272900	189.92985535
15.49999962	8.52300644	189.92985535
15.50399962	8.60359287	189.92985535
15.50799962	8.60359287	185.96209717
15.51199962	8.52300644	193.88224792
15.51599962	8.60359287	185.96209717
15.51999962	8.60359287	193.88224792
15.52399962	8.52300644	189.92985535
15.52799962	8.52300644	185.96209717
15.53199961	8.52300644	185.96209717
15.53599961	8.60359287	189.92985535
15.53999961	8.60359287	185.96209717
15.54399961	8.60359287	189.92985535
15.54799961	8.52300644	185.96209717
15.55199961	8.52300644	185.96209717
15.55599961	8.52300644	185.96209717
15.55999961	8.52300644	189.92985535
15.56399961	8.52300644	189.92985535
15.56799961	8.60359287	189.92985535
15.57199961	8.68387032	185.96209717
15.57599961	8.52300644	189.92985535
15.57999961	8.44272900	185.96209717
15.58399961	8.52300644	185.96209717
15.58799961	8.52300644	185.96209717
15.59199961	8.60359287	189.92985535
15.59599961	8.60359287	189.92985535
15.59999961	8.52300644	189.92985535
15.60399961	8.52300644	185.96209717
15.60799961	8.52300644	185.96209717
15.61199961	8.52300644	185.96209717
15.61599961	8.52300644	185.96209717
15.61999961	8.60359287	185.96209717
15.62399961	8.68387032	189.92985535
15.62799961	8.60359287	185.96209717
15.63199961	8.52300644	185.96209717
15.63599961	8.52300644	185.96209717
15.63999961	8.60359287	185.96209717
15.64399961	8.60359287	189.92985535
15.64799961	8.60359287	185.96209717
15.65199961	8.44272900	185.96209717
15.65599961	8.52300644	185.96209717
15.65999961	8.52300644	185.96209717
15.66399961	8.60359287	185.96209717
15.66799961	8.52300644	185.96209717
15.67199961	8.52300644	189.92985535
15.67599961	8.52300644	185.96209717
15.67999961	8.52300644	185.96209717
15.68399961	8.52300644	182.00970459
15.68799961	8.52300644	185.96209717
15.69199961	8.60359287	185.96209717
15.69599961	8.60359287	189.92985535
15.69999961	8.52300644	185.96209717
15.70399961	8.52300644	185.96209717
15.70799961	8.60359287	185.96209717
15.71199961	8.52300644	185.96209717
15.71599961	8.44272900	185.96209717
15.71999961	8.52300644	185.96209717
15.72399961	8.52300644	182.00970459
15.72799961	8.60359287	185.96209717
15.73199961	8.60359287	185.96209717
15.73599961	8.44272900	185.96209717
15.73999961	8.52300644	182.00970459
15.74399961	8.60359287	185.96209717
15.74799961	8.52300644	182.00970459
15.75199961	8.52300644	185.96209717
15.75599961	8.52300644	182.00970459
15.75999961	8.52300644	185.96209717
15.76399961	8.60359287	185.96209717
15.76799961	8.44272900	185.96209717
15.77199961	8.44272900	182.00970459
15.77599961	8.60359287	185.96209717
15.77999961	8.60359287	182.00970459
15.78399961	8.60359287	189.92985535
15.78799961	8.44272900	185.96209717
15.79199961	8.52300644	185.96209717
15.79599961	8.52300644	182.00970459
15.79999961	8.52300644	185.96209717
15.80399961	8.52300644	182.00970459
15.80799961	8.52300644	185.96209717
15.81199961	8.60359287	182.00970459
15.81599961	8.60359287	182.00970459
15.81999961	8.52300644	178.05731201
15.82399961	8.52300644	182.00970459
15.82799961	8.44272900	182.00970459
15.83199961	8.52300644	182.00970459
15.83599961	8.60359287	182.00970459
15.83999961	8.52300644	182.00970459
15.84399961	8.52300644	178.05731201
15.84799961	8.52300644	185.96209717
15.85199961	8.60359287	182.00970459
15.85599961	8.52300644	185.96209717
15.85999961	8.52300644	182.00970459
15.86399961	8.52300644	185.96209717
15.86799961	8.60359287	182.00970459
15.87199961	8.60359287	185.96209717
15.87599961	8.52300644	182.00970459
15.87999961	8.52300644	182.00970459
15.88399960	8.52300644	182.00970459
15.88799960	8.52300644	182.00970459
15.89199960	8.52300644	182.00970459
15.89599960	8.52300644	185.96209717
15.89999960	8.52300644	182.00970459
15.90399960	8.52300644	182.00970459
15.90799960	8.44272900	178.05731201
15.91199960	8.52300644	182.00970459
15.91599960	8.52300644	178.05731201
15.91999960	8.52300644	185.96209717
15.92399960	8.52300644	185.96209717
15.92799960	8.52300644	182.00970459
15.93199960	8.52300644	178.05731201
15.93599960	8.52300644	182.00970459
15.93999960	8.52300644	178.05731201
15.94399960	8.52300644	185.96209717
15.94799960	8.52300644	182.00970459
15.95199960	8.52300644	182.00970459
15.95599960	8.52300644	182.00970459
15.95999960	8.52300644	182.00970459
15.96399960	8.52300644	182.00970459
15.96799960	8.44272900	182.00970459
15.97199960	8.44272900	178.05731201
15.97599960	8.52300644	182.00970459
15.97999960	8.52300644	178.05731201
15.98399960	8.52300644	182.00970459
15.98799960	8.52300644	178.05731201
15.99199960	8.52300644	182.00970459
15.99599960	8.52300644	182.00970459
15.99999960	8.44272900	182.00970459
16.00399960	8.44272900	178.05731201
16.00799960	8.44272900	182.00970459
16.01199960	8.52300644	178.05731201
16.01599960	8.60359287	182.00970459
16.01999960	8.52300644	182.00970459
16.02399960	8.52300644	182.00970459
16.02799960	8.44272900	178.05731201
16.03199960	8.44272900	182.00970459
16.03599960	8.52300644	178.05731201
16.03999960	8.52300644	182.00970459
16.04399960	8.52300644	182.00970459
16.04799960	8.52300644	182.00970459
16.05199960	8.52300644	182.00970459
16.05599960	8.44272900	178.05731201
16.05999960	8.44272900	182.00970459
16.06399960	8.52300644	182.00970459
16.06799960	8.52300644	178.05731201
16.07199960	8.60359287	182.00970459
16.07599960	8.52300644	182.00970459
16.07999960	8.44272900	182.00970459
16.08399960	8.44272900	178.05731201
16.08799960	8.44272900	178.05731201
16.09199960	8.60359287	178.05731201
16.09599960	8.52300644	182.00970459
16.09999960	8.52300644	178.05731201
16.10399960	8.44272900	178.05731201
16.10799960	8.44272900	178.05731201
16.11199960	8.44272900	178.05731201
16.11599960	8.44272900	174.10493469
16.11999960	8.52300644	182.00970459
16.12399960	8.60359287	182.00970459
16.12799960	8.52300644	182.00970459
16.13199960	8.36214352	178.05731201
16.13599960	8.36214352	178.05731201
16.13999960	8.44272900	174.10493469
16.14399960	8.52300644	182.00970459
16.14799960	8.60359287	178.05731201
16.15199960	8.52300644	182.00970459
16.15599960	8.52300644	178.05731201
16.15999960	8.44272900	178.05731201
16.16399960	8.36214352	178.05731201
16.16799960	8.44272900	178.05731201
16.17199960	8.44272900	178.05731201
16.17599960	8.60359287	182.00970459
16.17999960	8.52300644	182.00970459
16.18399960	8.44272900	178.05731201
16.18799960	8.36214352	174.10493469
16.19199960	8.44272900	174.10493469
16.19599960	8.44272900	174.10493469
16.19999960	8.52300644	178.05731201
16.20399960	8.52300644	178.05731201
16.20799960	8.52300644	178.05731201
16.21199960	8.44272900	178.05731201
16.21599960	8.44272900	178.05731201
16.21999960	8.44272900	174.10493469
16.22399960	8.52300644	174.10493469
16.22799960	8.52300644	178.05731201
16.23199960	8.52300644	178.05731201
16.23599959	8.44272900	178.05731201
16.23999959	8.44272900	174.10493469
16.24399959	8.44272900	170.13717651
16.24799959	8.44272900	174.10493469
16.25199959	8.52300644	174.10493469
16.25599959	8.52300644	178.05731201
16.25999959	8.52300644	178.05731201
16.26399959	8.44272900	178.05731201
16.26799959	8.36214352	174.10493469
16.27199959	8.44272900	178.05731201
16.27599959	8.44272900	174.10493469
16.27999959	8.52300644	178.05731201
16.28399959	8.52300644	178.05731201
16.28799959	8.52300644	174.10493469
16.29199959	8.44272900	174.10493469
16.29599959	8.44272900	174.10493469
16.29999959	8.44272900	178.05731201
16.30399959	8.44272900	178.05731201
16.30799959	8.52300644	174.10493469
16.31199959	8.52300644	174.10493469
16.31599959	8.44272900	174.10493469
16.31999959	8.44272900	174.10493469
16.32399959	8.44272900	174.10493469
16.32799959	8.44272900	178.05731201
16.33199959	8.44272900	178.05731201
16.33599959	8.52300644	174.10493469
16.33999959	8.52300644	174.10493469
16.34399959	8.44272900	178.05731201
16.34799959	8.36214352	174.10493469
16.35199959	8.44272900	178.05731201
16.35599959	8.44272900	174.10493469
16.35999959	8.52300644	174.10493469
16.36399959	8.52300644	174.10493469
16.36799959	8.52300644	174.10493469
16.37199959	8.44272900	174.10493469
16.37599959	8.44272900	174.10493469
16.37999959	8.44272900	174.10493469
16.38399959	8.44272900	178.05731201
16.38799959	8.52300644	174.10493469
16.39199959	8.52300644	174.10493469
16.39599959	8.52300644	174.10493469
16.39999959	8.52300644	174.10493469
16.40399959	8.44272900	174.10493469
16.40799959	8.44272900	174.10493469
16.41199959	8.44272900	174.10493469
16.41599959	8.52300644	178.05731201
16.41999959	8.52300644	174.10493469
16.42399959	8.52300644	174.10493469
16.42799959	8.44272900	174.10493469
16.43199959	8.44272900	174.10493469
16.43599959	8.36214352	170.13717651
16.43999959	8.44272900	174.10493469
16.44399959	8.52300644	170.13717651
16.44799959	8.60359287	174.10493469
16.45199959	8.52300644	174.10493469
16.45599959	8.44272900	174.10493469
16.45999959	8.44272900	170.13717651
16.46399959	8.44272900	170.13717651
16.46799959	8.44272900	170.13717651
16.47199959	8.44272900	174.10493469
16.47599959	8.52300644	174.10493469
16.47999959	8.60359287	178.05731201
16.48399959	8.52300644	174.10493469
16.48799959	8.36214352	174.10493469
16.49199959	8.36214352	170.13717651
16.49599959	8.44272900	174.10493469
16.49999959	8.60359287	174.10493469
16.50399959	8.52300644	178.05731201
16.50799959	8.44272900	170.13717651
16.51199959	8.44272900	174.10493469
16.51599959	8.52300644	170.13717651
16.51999959	8.44272900	174.10493469
16.52399959	8.44272900	174.10493469
16.52799959	8.52300644	174.10493469
16.53199959	8.60359287	170.13717651
16.53599959	8.60359287	174.10493469
16.53999959	8.44272900	170.13717651
16.54399959	8.36214352	170.13717651
16.54799959	8.44272900	166.18478394
16.55199959	8.52300644	174.10493469
16.55599959	8.60359287	174.10493469
16.55999959	8.60359287	174.10493469
16.56399959	8.52300644	170.13717651
16.56799959	8.36214352	170.13717651
16.57199959	8.36214352	166.18478394
16.57599959	8.52300644	170.13717651
16.57999959	8.52300644	170.13717651
16.58399959	8.52300644	174.10493469
16.58799959	8.44272900	170.13717651
16.59199958	8.44272900	170.13717651
16.59599958	8.44272900	166.18478394
16.59999958	8.44272900	170.13717651
16.60399958	8.44272900	170.13717651
16.60799958	8.52300644	174.10493469
16.61199958	8.52300644	170.13717651
16.61599958	8.52300644	174.10493469
16.61999958	8.44272900	170.13717651
16.62399958	8.44272900	170.13717651
16.62799958	8.44272900	166.18478394
16.63199958	8.52300644	174.10493469
16.63599958	8.52300644	166.18478394
16.63999958	8.52300644	170.13717651
16.64399958	8.52300644	166.18478394
16.64799958	8.44272900	170.13717651
16.65199958	8.44272900	170.13717651
16.65599958	8.52300644	170.13717651
16.65999958	8.52300644	170.13717651
16.66399958	8.60359287	170.13717651
16.66799958	8.44272900	170.13717651
16.67199958	8.44272900	170.13717651
16.67599958	8.36214352	166.18478394
16.67999958	8.52300644	170.13717651
16.68399958	8.52300644	170.13717651
16.68799958	8.52300644	174.10493469
16.69199958	8.52300644	166.18478394
16.69599958	8.44272900	170.13717651
16.69999958	8.44272900	170.13717651
16.70399958	8.44272900	166.18478394
16.70799958	8.44272900	166.18478394
16.71199958	8.52300644	170.13717651
16.71599958	8.60359287	166.18478394
16.71999958	8.52300644	174.10493469
16.72399958	8.44272900	166.18478394
16.72799958	8.44272900	166.18478394
16.73199958	8.52300644	166.18478394
16.73599958	8.52300644	170.13717651
16.73999958	8.44272900	170.13717651
16.74399958	8.44272900	170.13717651
16.74799958	8.52300644	166.18478394
16.75199958	8.52300644	170.13717651
16.75599958	8.44272900	170.13717651
16.75999958	8.44272900	170.13717651
16.76399958	8.44272900	166.18478394
16.76799958	8.52300644	170.13717651
16.77199958	8.52300644	166.18478394
16.77599958	8.52300644	166.18478394
16.77999958	8.44272900	166.18478394
16.78399958	8.52300644	170.13717651
16.78799958	8.44272900	166.18478394
16.79199958	8.44272900	166.18478394
16.79599958	8.44272900	166.18478394
16.79999958	8.52300644	166.18478394
16.80399958	8.44272900	170.13717651
16.80799958	8.44272900	166.18478394
16.81199958	8.44272900	162.23239136
16.81599958	8.44272900	166.18478394
16.81999958	8.44272900	166.18478394
16.82399958	8.52300644	166.18478394
16.82799958	8.52300644	170.13717651
16.83199958	8.52300644	170.13717651
16.83599958	8.44272900	166.18478394
16.83999958	8.44272900	166.18478394
16.84399958	8.44272900	166.18478394
16.84799958	8.52300644	170.13717651
16.85199958	8.52300644	166.18478394
16.85599958	8.52300644	170.13717651
16.85999958	8.44272900	166.18478394
16.86399958	8.44272900	166.18478394
16.86799958	8.44272900	162.23239136
16.87199958	8.52300644	166.18478394
16.87599958	8.60359287	166.18478394
16.87999958	8.52300644	170.13717651
16.88399958	8.44272900	166.18478394
16.88799958	8.36214352	166.18478394
16.89199958	8.44272900	162.23239136
16.89599958	8.52300644	166.18478394
16.89999958	8.52300644	166.18478394
16.90399958	8.52300644	170.13717651
16.90799958	8.52300644	166.18478394
16.91199958	8.44272900	166.18478394
16.91599958	8.36214352	162.23239136
16.91999958	8.36214352	162.23239136
16.92399958	8.44272900	162.23239136
16.92799958	8.60359287	166.18478394
16.93199958	8.52300644	166.18478394
16.93599958	8.44272900	166.18478394
16.93999958	8.36214352	166.18478394
16.94399957	8.44272900	162.23239136
16.94799957	8.52300644	162.23239136
16.95199957	8.60359287	166.18478394
16.95599957	8.52300644	166.18478394
16.95999957	8.60359287	170.13717651
16.96399957	8.44272900	166.18478394
16.96799957	8.44272900	162.23239136
16.97199957	8.44272900	162.23239136
16.97599957	8.52300644	166.18478394
16.97999957	8.60359287	166.18478394
16.98399957	8.60359287	166.18478394
16.98799957	8.52300644	162.23239136
16.99199957	8.44272900	166.18478394
16.99599957	8.36214352	162.23239136
16.99999957	8.44272900	162.23239136
17.00399957	8.52300644	166.18478394
17.00799957	8.60359287	166.18478394
17.01199957	8.52300644	166.18478394
17.01599957	8.52300644	166.18478394
17.01999957	8.44272900	162.23239136
17.02399957	8.36214352	166.18478394
17.02799957	8.44272900	162.23239136
17.03199957	8.52300644	162.23239136
17.03599957	8.60359287	166.18478394
17.03999957	8.52300644	166.18478394
17.04399957	8.44272900	162.23239136
17.04799957	8.36214352	162.23239136
17.05199957	8.44272900	162.23239136
17.05599957	8.52300644	162.23239136
17.05999957	8.52300644	162.23239136
17.06399957	8.52300644	162.23239136
17.06799957	8.52300644	162.23239136
17.07199957	8.44272900	162.23239136
17.07599957	8.44272900	158.26463318
17.07999957	8.36214352	162.23239136
17.08399957	8.52300644	162.23239136
17.08799957	8.60359287	166.18478394
17.09199957	8.52300644	162.23239136
17.09599957	8.44272900	162.23239136
17.09999957	8.44272900	162.23239136
17.10399957	8.44272900	162.23239136
17.10799957	8.44272900	162.23239136
17.11199957	8.52300644	162.23239136
17.11599957	8.52300644	166.18478394
17.11999957	8.60359287	166.18478394
17.12399957	8.52300644	162.23239136
17.12799957	8.36214352	162.23239136
17.13199957	8.36214352	158.26463318
17.13599957	8.52300644	162.23239136
17.13999957	8.52300644	162.23239136
17.14399957	8.60359287	166.18478394
17.14799957	8.52300644	162.23239136
17.15199957	8.52300644	162.23239136
17.15599957	8.44272900	162.23239136
17.15999957	8.44272900	158.26463318
17.16399957	8.44272900	162.23239136
17.16799957	8.52300644	162.23239136
17.17199957	8.60359287	158.26463318
17.17599957	8.52300644	162.23239136
17.17999957	8.44272900	162.23239136
17.18399957	8.44272900	158.26463318
17.18799957	8.44272900	162.23239136
17.19199957	8.44272900	162.23239136
17.19599957	8.52300644	162.23239136
17.19999957	8.52300644	162.23239136
17.20399957	8.52300644	158.26463318
17.20799957	8.52300644	162.23239136
17.21199957	8.44272900	162.23239136
17.21599957	8.52300644	162.23239136
17.21999957	8.52300644	158.26463318
17.22399957	8.52300644	162.23239136
17.22799957	8.44272900	162.23239136
17.23199957	8.44272900	162.23239136
17.23599957	8.52300644	162.23239136
17.23999957	8.52300644	162.23239136
17.24399957	8.44272900	158.26463318
17.24799957	8.44272900	162.23239136
17.25199957	8.52300644	158.26463318
17.25599957	8.52300644	162.23239136
17.25999957	8.44272900	162.23239136
17.26399957	8.44272900	162.23239136
17.26799957	8.44272900	158.26463318
17.27199957	8.52300644	162.23239136
17.27599957	8.44272900	158.26463318
17.27999957	8.44272900	162.23239136
17.28399957	8.44272900	158.26463318
17.28799957	8.52300644	158.26463318
17.29199957	8.52300644	158.26463318
17.29599957	8.44272900	162.23239136
17.29999956	8.44272900	158.26463318
17.30399956	8.44272900	158.26463318
17.30799956	8.52300644	162.23239136
17.31199956	8.52300644	162.23239136
17.31599956	8.44272900	158.26463318
17.31999956	8.52300644	158.26463318
17.32399956	8.52300644	158.26463318
17.32799956	8.44272900	162.23239136
17.33199956	8.44272900	158.26463318
17.33599956	8.44272900	158.26463318
17.33999956	8.52300644	158.26463318
17.34399956	8.52300644	162.23239136
17.34799956	8.44272900	158.26463318
17.35199956	8.44272900	162.23239136
17.35599956	8.44272900	158.26463318
17.35999956	8.52300644	158.26463318
17.36399956	8.44272900	158.26463318
17.36799956	8.44272900	158.26463318
17.37199956	8.44272900	158.26463318
17.37599956	8.52300644	162.23239136
17.37999956	8.52300644	158.26463318
17.38399956	8.52300644	158.26463318
17.38799956	8.44272900	158.26463318
17.39199956	8.44272900	162.23239136
17.39599956	8.44272900	158.26463318
17.39999956	8.44272900	162.23239136
17.40399956	8.52300644	158.26463318
17.40799956	8.52300644	158.26463318
17.41199956	8.44272900	158.26463318
17.41599956	8.36214352	162.23239136
17.41999956	8.36214352	158.26463318
17.42399956	8.44272900	158.26463318
17.42799956	8.52300644	154.31224060
17.43199956	8.60359287	162.23239136
17.43599956	8.44272900	158.26463318
17.43999956	8.44272900	158.26463318
17.44399956	8.44272900	154.31224060
17.44799956	8.44272900	154.31224060
17.45199956	8.52300644	154.31224060
17.45599956	8.52300644	162.23239136
17.45999956	8.44272900	158.26463318
17.46399956	8.52300644	158.26463318
17.46799956	8.44272900	154.31224060
17.47199956	8.44272900	154.31224060
17.47599956	8.44272900	158.26463318
17.47999956	8.52300644	162.23239136
17.48399956	8.52300644	158.26463318
17.48799956	8.52300644	158.26463318
17.49199956	8.44272900	154.31224060
17.49599956	8.44272900	158.26463318
17.49999956	8.44272900	158.26463318
17.50399956	8.44272900	162.23239136
17.50799956	8.44272900	154.31224060
17.51199956	8.52300644	154.31224060
17.51599956	8.52300644	158.26463318
17.51999956	8.44272900	158.26463318
17.52399956	8.36214352	158.26463318
17.52799956	8.44272900	158.26463318
17.53199956	8.52300644	154.31224060
17.53599956	8.52300644	158.26463318
17.53999956	8.44272900	154.31224060
17.54399956	8.44272900	154.31224060
17.54799956	8.44272900	154.31224060
17.55199956	8.52300644	158.26463318
17.55599956	8.44272900	154.31224060
17.55999956	8.44272900	154.31224060
17.56399956	8.44272900	154.31224060
17.56799956	8.52300644	158.26463318
17.57199956	8.44272900	158.26463318
17.57599956	8.44272900	154.31224060
17.57999956	8.52300644	154.31224060
17.58399956	8.52300644	154.31224060
17.58799956	8.52300644	154.31224060
17.59199956	8.36214352	154.31224060
17.59599956	8.36214352	154.31224060
17.59999956	8.44272900	158.26463318
17.60399956	8.52300644	154.31224060
17.60799956	8.52300644	158.26463318
17.61199956	8.52300644	154.31224060
17.61599956	8.52300644	154.31224060
17.61999956	8.52300644	154.31224060
17.62399956	8.36214352	154.31224060
17.62799956	8.36214352	154.31224060
17.63199956	8.52300644	154.31224060
17.63599956	8.52300644	154.31224060
17.63999956	8.52300644	154.31224060
17.64399956	8.44272900	154.31224060
17.64799956	8.44272900	154.31224060
17.65199955	8.44272900	154.31224060
17.65599955	8.44272900	158.26463318
17.65999955	8.44272900	150.35986328
17.66399955	8.52300644	154.31224060
17.66799955	8.52300644	154.31224060
17.67199955	8.52300644	158.26463318
17.67599955	8.44272900	154.31224060
17.67999955	8.44272900	158.26463318
17.68399955	8.44272900	154.31224060
17.68799955	8.60359287	154.31224060
17.69199955	8.44272900	158.26463318
17.69599955	8.44272900	154.31224060
17.69999955	8.44272900	150.35986328
17.70399955	8.44272900	154.31224060
17.70799955	8.44272900	154.31224060
17.71199955	8.44272900	158.26463318
17.71599955	8.52300644	154.31224060
17.71999955	8.52300644	158.26463318
17.72399955	8.44272900	154.31224060
17.72799955	8.44272900	154.31224060
17.73199955	8.44272900	150.35986328
17.73599955	8.52300644	154.31224060
17.73999955	8.52300644	158.26463318
17.74399955	8.44272900	158.26463318
17.74799955	8.44272900	154.31224060
17.75199955	8.44272900	154.31224060
17.75599955	8.44272900	154.31224060
17.75999955	8.52300644	154.31224060
17.76399955	8.44272900	154.31224060
17.76799955	8.44272900	154.31224060
17.77199955	8.44272900	150.35986328
17.77599955	8.52300644	154.31224060
17.77999955	8.44272900	154.31224060
17.78399955	8.44272900	154.31224060
17.78799955	8.44272900	154.31224060
17.79199955	8.60359287	154.31224060
17.79599955	8.52300644	150.35986328
17.79999955	8.36214352	154.31224060
17.80399955	8.36214352	150.35986328
17.80799955	8.52300644	150.35986328
17.81199955	8.52300644	154.31224060
17.81599955	8.52300644	154.31224060
17.81999955	8.36214352	154.31224060
17.82399955	8.36214352	150.35986328
17.82799955	8.44272900	150.35986328
17.83199955	8.52300644	154.31224060
17.83599955	8.44272900	154.31224060
17.83999955	8.44272900	154.31224060
17.84399955	8.44272900	154.31224060
17.84799955	8.44272900	150.35986328
17.85199955	8.44272900	150.35986328
17.85599955	8.44272900	150.35986328
17.85999955	8.36214352	146.39210510
17.86399955	8.44272900	154.31224060
17.86799955	8.44272900	150.35986328
17.87199955	8.44272900	150.35986328
17.87599955	8.44272900	150.35986328
17.87999955	8.44272900	150.35986328
17.88399955	8.36214352	154.31224060
17.88799955	8.36214352	154.31224060
17.89199955	8.44272900	150.35986328
17.89599955	8.52300644	150.35986328
17.89999955	8.52300644	150.35986328
17.90399955	8.44272900	154.31224060
17.90799955	8.36214352	150.35986328
17.91199955	8.36214352	150.35986328
17.91599955	8.44272900	146.39210510
17.91999955	8.44272900	150.35986328
17.92399955	8.44272900	150.35986328
17.92799955	8.52300644	154.31224060
17.93199955	8.44272900	150.35986328
17.93599955	8.44272900	150.35986328
17.93999955	8.28186512	150.35986328
17.94399955	8.36214352	150.35986328
17.94799955	8.44272900	150.35986328
17.95199955	8.52300644	154.31224060
17.95599955	8.44272900	150.35986328
17.95999955	8.36214352	150.35986328
17.96399955	8.44272900	146.39210510
17.96799955	8.44272900	150.35986328
17.97199955	8.36214352	154.31224060
17.97599955	8.44272900	150.35986328
17.97999955	8.52300644	146.39210510
17.98399955	8.52300644	154.31224060
17.98799955	8.44272900	150.35986328
17.99199955	8.28186512	146.39210510
17.99599955	8.36214352	150.35986328
17.99999955	8.52300644	150.35986328
18.00399954	8.52300644	150.35986328
18.00799954	8.52300644	150.35986328
18.01199954	8.36214352	150.35986328
18.01599954	8.36214352	150.35986328
18.01999954	8.36214352	146.39210510
18.02399954	8.36214352	154.31224060
18.02799954	8.44272900	146.39210510
18.03199954	8.52300644	154.31224060
18.03599954	8.52300644	146.39210510
18.03999954	8.44272900	150.35986328
18.04399954	8.28186512	146.39210510
18.04799954	8.36214352	146.39210510
18.05199954	8.44272900	146.39210510
18.05599954	8.52300644	146.39210510
18.05999954	8.44272900	150.35986328
18.06399954	8.44272900	150.35986328
18.06799954	8.44272900	146.39210510
18.07199954	8.44272900	146.39210510
18.07599954	8.36214352	146.39210510
18.07999954	8.36214352	150.35986328
18.08399954	8.44272900	146.39210510
18.08799954	8.52300644	146.39210510
18.09199954	8.44272900	146.39210510
18.09599954	8.36214352	146.39210510
18.09999954	8.36214352	142.43969727
18.10399954	8.44272900	150.35986328
18.10799954	8.44272900	146.39210510
18.11199954	8.44272900	150.35986328
18.11599954	8.44272900	150.35986328
18.11999954	8.44272900	150.35986328
18.12399954	8.44272900	146.39210510
18.12799954	8.44272900	146.39210510
18.13199954	8.44272900	146.39210510
18.13599954	8.52300644	146.39210510
18.13999954	8.44272900	150.35986328
18.14399954	8.44272900	150.35986328
18.14799954	8.36214352	146.39210510
18.15199954	8.36214352	146.39210510
18.15599954	8.44272900	146.39210510
18.15999954	8.44272900	150.35986328
18.16399954	8.44272900	146.39210510
18.16799954	8.44272900	146.39210510
18.17199954	8.36214352	146.39210510
18.17599954	8.44272900	146.39210510
18.17999954	8.44272900	142.43969727
18.18399954	8.44272900	146.39210510
18.18799954	8.52300644	146.39210510
18.19199954	8.44272900	150.35986328
18.19599954	8.36214352	146.39210510
18.19999954	8.28186512	146.39210510
18.20399954	8.44272900	146.39210510
18.20799954	8.52300644	146.39210510
18.21199954	8.52300644	146.39210510
18.21599954	8.44272900	150.35986328
18.21999954	8.36214352	146.39210510
18.22399954	8.36214352	146.39210510
18.22799954	8.44272900	142.43969727
18.23199954	8.44272900	146.39210510
18.23599954	8.44272900	146.39210510
18.23999954	8.44272900	146.39210510
18.24399954	8.44272900	146.39210510
18.24799954	8.36214352	146.39210510
18.25199954	8.36214352	146.39210510
18.25599954	8.36214352	146.39210510
18.25999954	8.44272900	142.43969727
18.26399954	8.44272900	150.35986328
18.26799954	8.44272900	142.43969727
18.27199954	8.44272900	146.39210510
18.27599954	8.44272900	142.43969727
18.27999954	8.36214352	146.39210510
18.28399954	8.36214352	146.39210510
18.28799954	8.44272900	146.39210510
18.29199954	8.44272900	146.39210510
18.29599954	8.44272900	146.39210510
18.29999954	8.36214352	142.43969727
18.30399954	8.36214352	146.39210510
18.30799954	8.36214352	146.39210510
18.31199954	8.36214352	146.39210510
18.31599954	8.44272900	142.43969727
18.31999954	8.44272900	146.39210510
18.32399954	8.44272900	146.39210510
18.32799954	8.44272900	146.39210510
18.33199954	8.36214352	142.43969727
18.33599954	8.44272900	146.39210510
18.33999954	8.36214352	142.43969727
18.34399954	8.44272900	146.39210510
18.34799954	8.44272900	142.43969727
18.35199954	8.52300644	146.39210510
18.35599954	8.44272900	146.39210510
18.35999953	8.36214352	142.43969727
18.36399953	8.36214352	142.43969727
18.36799953	8.36214352	146.39210510
18.37199953	8.44272900	146.39210510
18.37599953	8.44272900	146.39210510
18.37999953	8.44272900	146.39210510
18.38399953	8.44272900	146.39210510
18.38799953	8.44272900	142.43969727
18.39199953	8.44272900	146.39210510
18.39599953	8.36214352	142.43969727
18.39999953	8.36214352	146.39210510
18.40399953	8.44272900	142.43969727
18.40799953	8.44272900	142.43969727
18.41199953	8.36214352	142.43969727
18.41599953	8.36214352	146.39210510
18.41999953	8.36214352	142.43969727
18.42399953	8.44272900	142.43969727
18.42799953	8.36214352	142.43969727
18.43199953	8.36214352	142.43969727
18.43599953	8.44272900	142.43969727
18.43999953	8.44272900	146.39210510
18.44399953	8.44272900	142.43969727
18.44799953	8.36214352	146.39210510
18.45199953	8.36214352	142.43969727
18.45599953	8.44272900	146.39210510
18.45999953	8.44272900	146.39210510
18.46399953	8.36214352	142.43969727
18.46799953	8.36214352	142.43969727
18.47199953	8.36214352	142.43969727
18.47599953	8.44272900	142.43969727
18.47999953	8.44272900	146.39210510
18.48399953	8.36214352	142.43969727
18.48799953	8.36214352	142.43969727
18.49199953	8.36214352	142.43969727
18.49599953	8.44272900	146.39210510
18.49999953	8.44272900	142.43969727
18.50399953	8.36214352	146.39210510
18.50799953	8.36214352	142.43969727
18.51199953	8.44272900	142.43969727
18.51599953	8.44272900	142.43969727
18.51999953	8.36214352	146.39210510
18.52399953	8.28186512	138.48731995
18.52799953	8.44272900	142.43969727
18.53199953	8.44272900	142.43969727
18.53599953	8.44272900	142.43969727
18.53999953	8.28186512	142.43969727
18.54399953	8.36214352	146.39210510
18.54799953	8.36214352	138.48731995
18.55199953	8.36214352	142.43969727
18.55599953	8.36214352	138.48731995
18.55999953	8.36214352	142.43969727
18.56399953	8.44272900	142.43969727
18.56799953	8.44272900	142.43969727
18.57199953	8.36214352	142.43969727
18.57599953	8.36214352	138.48731995
18.57999953	8.36214352	138.48731995
18.58399953	8.44272900	142.43969727
18.58799953	8.44272900	138.48731995
18.59199953	8.44272900	142.43969727
18.59599953	8.44272900	138.48731995
18.59999953	8.36214352	142.43969727
18.60399953	8.36214352	138.48731995
18.60799953	8.36214352	142.43969727
18.61199953	8.36214352	142.43969727
18.61599953	8.52300644	142.43969727
18.61999953	8.44272900	142.43969727
18.62399953	8.36214352	142.43969727
18.62799953	8.28186512	138.48731995
18.63199953	8.36214352	138.48731995
18.63599953	8.36214352	138.48731995
18.63999953	8.36214352	142.43969727
18.64399953	8.36214352	138.48731995
18.64799953	8.44272900	138.48731995
18.65199953	8.36214352	142.43969727
18.65599953	8.36214352	138.48731995
18.65999953	8.28186512	138.48731995
18.66399953	8.36214352	142.43969727
18.66799953	8.44272900	142.43969727
18.67199953	8.36214352	142.43969727
18.67599953	8.44272900	142.43969727
18.67999953	8.36214352	138.48731995
18.68399953	8.44272900	138.48731995
18.68799953	8.44272900	138.48731995
18.69199953	8.36214352	138.48731995
18.69599953	8.44272900	138.48731995
18.69999953	8.36214352	142.43969727
18.70399953	8.36214352	142.43969727
18.70799953	8.28186512	134.53492737
18.71199952	8.44272900	138.48731995
18.71599952	8.52300644	138.48731995
18.71999952	8.44272900	142.43969727
18.72399952	8.36214352	138.48731995
18.72799952	8.28186512	138.48731995
18.73199952	8.36214352	138.48731995
18.73599952	8.44272900	138.48731995
18.73999952	8.44272900	138.48731995
18.74399952	8.44272900	142.43969727
18.74799952	8.44272900	138.48731995
18.75199952	8.36214352	142.43969727
18.75599952	8.36214352	138.48731995
18.75999952	8.28186512	138.48731995
18.76399952	8.36214352	138.48731995
18.76799952	8.44272900	142.43969727
18.77199952	8.44272900	138.48731995
18.77599952	8.36214352	138.48731995
18.77999952	8.36214352	138.48731995
18.78399952	8.36214352	138.48731995
18.78799952	8.20158672	138.48731995
18.79199952	8.28186512	138.48731995
18.79599952	8.36214352	138.48731995
18.79999952	8.52300644	142.43969727
18.80399952	8.44272900	138.48731995
18.80799952	8.28186512	138.48731995
18.81199952	8.28186512	138.48731995
18.81599952	8.28186512	138.48731995
18.81999952	8.36214352	138.48731995
18.82399952	8.44272900	138.48731995
18.82799952	8.44272900	138.48731995
18.83199952	8.36214352	138.48731995
18.83599952	8.36214352	134.53492737
18.83999952	8.44272900	138.48731995
18.84399952	8.36214352	138.48731995
18.84799952	8.36214352	138.48731995
18.85199952	8.36214352	138.48731995
18.85599952	8.36214352	138.48731995
18.85999952	8.44272900	138.48731995
18.86399952	8.36214352	138.48731995
18.86799952	8.36214352	138.48731995
18.87199952	8.28186512	138.48731995
18.87599952	8.28186512	134.53492737
18.87999952	8.44272900	142.43969727
18.88399952	8.44272900	138.48731995
18.88799952	8.36214352	138.48731995
18.89199952	8.36214352	138.48731995
18.89599952	8.36214352	138.48731995
18.89999952	8.28186512	138.48731995
18.90399952	8.28186512	138.48731995
18.90799952	8.36214352	134.53492737
18.91199952	8.44272900	138.48731995
18.91599952	8.52300644	134.53492737
18.91999952	8.44272900	138.48731995
18.92399952	8.28186512	138.48731995
18.92799952	8.20158672	134.53492737
18.93199952	8.28186512	130.56716919
18.93599952	8.44272900	134.53492737
18.93999952	8.44272900	138.48731995
18.94399952	8.44272900	138.48731995
18.94799952	8.36214352	134.53492737
18.95199952	8.28186512	138.48731995
18.95599952	8.28186512	130.56716919
18.95999952	8.28186512	138.48731995
18.96399952	8.36214352	130.56716919
18.96799952	8.52300644	134.53492737
18.97199952	8.52300644	142.43969727
18.97599952	8.28186512	138.48731995
18.97999952	8.20158672	130.56716919
18.98399952	8.28186512	130.56716919
18.98799952	8.52300644	134.53492737
18.99199952	8.52300644	138.48731995
18.99599952	8.36214352	138.48731995
18.99999952	8.36214352	138.48731995
19.00399952	8.36214352	134.53492737
19.00799952	8.36214352	134.53492737
19.01199952	8.36214352	134.53492737
19.01599952	8.36214352	134.53492737
19.01999952	8.44272900	138.48731995
19.02399952	8.52300644	138.48731995
19.02799952	8.36214352	130.56716919
19.03199952	8.28186512	134.53492737
19.03599952	8.28186512	130.56716919
19.03999952	8.44272900	134.53492737
19.04399952	8.44272900	138.48731995
19.04799952	8.36214352	134.53492737
19.05199952	8.36214352	130.56716919
19.05599952	8.44272900	134.53492737
19.05999952	8.44272900	130.56716919
19.06399952	8.36214352	134.53492737
19.06799951	8.36214352	134.53492737
19.07199951	8.36214352	134.53492737
19.07599951	8.44272900	134.53492737
19.07999951	8.36214352	138.48731995
19.08399951	8.28186512	130.56716919
19.08799951	8.36214352	130.56716919
19.09199951	8.44272900	134.53492737
19.09599951	8.36214352	138.48731995
19.09999951	8.28186512	134.53492737
19.10399951	8.28186512	134.53492737
19.10799951	8.44272900	134.53492737
19.11199951	8.44272900	134.53492737
19.11599951	8.36214352	134.53492737
19.11999951	8.36214352	134.53492737
19.12399951	8.28186512	134.53492737
19.12799951	8.44272900	134.53492737
19.13199951	8.36214352	130.56716919
19.13599951	8.36214352	134.53492737
19.13999951	8.44272900	130.56716919
19.14399951	8.44272900	134.53492737
19.14799951	8.36214352	134.53492737
19.15199951	8.28186512	130.56716919
19.15599951	8.28186512	126.61478424
19.15999951	8.36214352	134.53492737
19.16399951	8.44272900	130.56716919
19.16799951	8.44272900	134.53492737
19.17199951	8.28186512	130.56716919
19.17599951	8.28186512	126.61478424
19.17999951	8.36214352	126.61478424
19.18399951	8.36214352	134.53492737
19.18799951	8.36214352	134.53492737
19.19199951	8.36214352	134.53492737
19.19599951	8.44272900	130.56716919
19.19999951	8.44272900	134.53492737
19.20399951	8.36214352	134.53492737
19.20799951	8.28186512	130.56716919
19.21199951	8.36214352	130.56716919
19.21599951	8.44272900	134.53492737
19.21999951	8.44272900	130.56716919
19.22399951	8.36214352	134.53492737
19.22799951	8.36214352	130.56716919
19.23199951	8.28186512	130.56716919
19.23599951	8.36214352	130.56716919
19.23999951	8.44272900	130.56716919
19.24399951	8.44272900	130.56716919
19.24799951	8.36214352	130.56716919
19.25199951	8.28186512	134.53492737
19.25599951	8.28186512	130.56716919
19.25999951	8.36214352	130.56716919
19.26399951	8.36214352	134.53492737
19.26799951	8.36214352	130.56716919
19.27199951	8.36214352	130.56716919
19.27599951	8.36214352	130.56716919
19.27999951	8.36214352	130.56716919
19.28399951	8.28186512	126.61478424
19.28799951	8.28186512	134.53492737
19.29199951	8.36214352	130.56716919
19.29599951	8.36214352	130.56716919
19.29999951	8.36214352	134.53492737
19.30399951	8.28186512	130.56716919
19.30799951	8.28186512	126.61478424
19.31199951	8.36214352	130.56716919
19.31599951	8.28186512	130.56716919
19.31999951	8.36214352	134.53492737
19.32399951	8.36214352	130.56716919
19.32799951	8.36214352	130.56716919
19.33199951	8.44272900	126.61478424
19.33599951	8.36214352	130.56716919
19.33999951	8.28186512	130.56716919
19.34399951	8.28186512	130.56716919
19.34799951	8.36214352	130.56716919
19.35199951	8.44272900	130.56716919
19.35599951	8.36214352	130.56716919
19.35999951	8.36214352	130.56716919
19.36399951	8.28186512	130.56716919
19.36799951	8.28186512	126.61478424
19.37199951	8.28186512	130.56716919
19.37599951	8.36214352	130.56716919
19.37999951	8.44272900	130.56716919
19.38399951	8.36214352	130.56716919
19.38799951	8.28186512	130.56716919
19.39199951	8.28186512	130.56716919
19.39599951	8.28186512	126.61478424
19.39999951	8.36214352	126.61478424
19.40399951	8.44272900	126.61478424
19.40799951	8.36214352	134.53492737
19.41199951	8.36214352	130.56716919
19.41599951	8.28186512	130.56716919
19.41999950	8.28186512	130.56716919
19.42399950	8.20158672	130.56716919
19.42799950	8.28186512	126.61478424
19.43199950	8.44272900	130.56716919
19.43599950	8.36214352	130.56716919
19.43999950	8.36214352	134.53492737
19.44399950	8.28186512	126.61478424
19.44799950	8.28186512	126.61478424
19.45199950	8.36214352	130.56716919
19.45599950	8.36214352	130.56716919
19.45999950	8.36214352	130.56716919
19.46399950	8.28186512	130.56716919
19.46799950	8.36214352	126.61478424
19.47199950	8.36214352	126.61478424
19.47599950	8.20158672	126.61478424
19.47999950	8.28186512	126.61478424
19.48399950	8.36214352	126.61478424
19.48799950	8.44272900	130.56716919
19.49199950	8.36214352	126.61478424
19.49599950	8.20158672	126.61478424
19.49999950	8.36214352	126.61478424
19.50399950	8.36214352	130.56716919
19.50799950	8.36214352	130.56716919
19.51199950	8.28186512	130.56716919
19.51599950	8.36214352	126.61478424
19.51999950	8.44272900	130.56716919
19.52399950	8.28186512	130.56716919
19.52799950	8.20158672	130.56716919
19.53199950	8.28186512	122.66239166
19.53599950	8.36214352	126.61478424
19.53999950	8.44272900	126.61478424
19.54399950	8.36214352	130.56716919
19.54799950	8.28186512	126.61478424
19.55199950	8.36214352	126.61478424
19.55599950	8.36214352	126.61478424
19.55999950	8.28186512	130.56716919
19.56399950	8.28186512	122.66239166
19.56799950	8.36214352	126.61478424
19.57199950	8.44272900	126.61478424
19.57599950	8.36214352	130.56716919
19.57999950	8.28186512	126.61478424
19.58399950	8.20158672	126.61478424
19.58799950	8.28186512	122.66239166
19.59199950	8.36214352	130.56716919
19.59599950	8.36214352	126.61478424
19.59999950	8.36214352	122.66239166
19.60399950	8.36214352	126.61478424
19.60799950	8.28186512	130.56716919
19.61199950	8.20158672	126.61478424
19.61599950	8.28186512	126.61478424
19.61999950	8.36214352	126.61478424
19.62399950	8.44272900	130.56716919
19.62799950	8.36214352	126.61478424
19.63199950	8.28186512	126.61478424
19.63599950	8.36214352	126.61478424
19.63999950	8.28186512	126.61478424
19.64399950	8.20158672	126.61478424
19.64799950	8.20158672	126.61478424
19.65199950	8.36214352	122.66239166
19.65599950	8.44272900	122.66239166
19.65999950	8.36214352	126.61478424
19.66399950	8.28186512	130.56716919
19.66799950	8.20158672	122.66239166
19.67199950	8.28186512	126.61478424
19.67599950	8.28186512	126.61478424
19.67999950	8.36214352	126.61478424
19.68399950	8.36214352	122.66239166
19.68799950	8.36214352	126.61478424
19.69199950	8.28186512	122.66239166
19.69599950	8.12100124	126.61478424
19.69999950	8.20158672	122.66239166
19.70399950	8.44272900	126.61478424
19.70799950	8.52300644	126.61478424
19.71199950	8.36214352	130.56716919
19.71599950	8.28186512	126.61478424
19.71999950	8.28186512	122.66239166
19.72399950	8.28186512	122.66239166
19.72799950	8.28186512	126.61478424
19.73199950	8.28186512	126.61478424
19.73599950	8.36214352	126.61478424
19.73999950	8.44272900	122.66239166
19.74399950	8.28186512	126.61478424
19.74799950	8.20158672	122.66239166
19.75199950	8.28186512	122.66239166
19.75599950	8.36214352	122.66239166
19.75999950	8.44272900	126.61478424
19.76399950	8.36214352	122.66239166
19.76799950	8.28186512	126.61478424
19.77199949	8.28186512	122.66239166
19.77599949	8.28186512	126.61478424
19.77999949	8.28186512	122.66239166
19.78399949	8.28186512	126.61478424
19.78799949	8.36214352	122.66239166
19.79199949	8.36214352	130.56716919
19.79599949	8.28186512	126.61478424
19.79999949	8.28186512	126.61478424
19.80399949	8.28186512	122.66239166
19.80799949	8.36214352	126.61478424
19.81199949	8.36214352	126.61478424
19.81599949	8.36214352	126.61478424
19.81999949	8.28186512	122.66239166
19.82399949	8.28186512	122.66239166
19.82799949	8.28186512	122.66239166
19.83199949	8.28186512	126.61478424
19.83599949	8.36214352	122.66239166
19.83999949	8.36214352	122.66239166
19.84399949	8.36214352	122.66239166
19.84799949	8.28186512	126.61478424
19.85199949	8.28186512	118.69462585
19.85599949	8.28186512	118.69462585
19.85999949	8.36214352	122.66239166
19.86399949	8.28186512	122.66239166
19.86799949	8.28186512	122.66239166
19.87199949	8.28186512	122.66239166
19.87599949	8.36214352	118.69462585
19.87999949	8.28186512	126.61478424
19.88399949	8.28186512	122.66239166
19.88799949	8.36214352	122.66239166
19.89199949	8.36214352	126.61478424
19.89599949	8.28186512	126.61478424
19.89999949	8.28186512	118.69462585
19.90399949	8.28186512	122.66239166
19.90799949	8.36214352	118.69462585
19.91199949	8.36214352	122.66239166
19.91599949	8.36214352	122.66239166
19.91999949	8.28186512	122.66239166
19.92399949	8.28186512	118.69462585
19.92799949	8.28186512	122.66239166
19.93199949	8.36214352	118.69462585
19.93599949	8.36214352	122.66239166
19.93999949	8.36214352	122.66239166
19.94399949	8.28186512	122.66239166
19.94799949	8.28186512	118.69462585
19.95199949	8.28186512	122.66239166
19.95599949	8.36214352	122.66239166
19.95999949	8.28186512	126.61478424
19.96399949	8.36214352	122.66239166
19.96799949	8.36214352	122.66239166
19.97199949	8.28186512	122.66239166
19.97599949	8.28186512	118.69462585
19.97999949	8.28186512	118.69462585
19.98399949	8.36214352	118.69462585
19.98799949	8.36214352	118.69462585
19.99199949	8.36214352	122.66239166
19.99599949	8.28186512	122.66239166
19.99999949	8.28186512	122.66239166
20.00399949	8.20158672	122.66239166
20.00799949	8.28186512	122.66239166
20.01199949	8.36214352	122.66239166
20.01599949	8.36214352	126.61478424
20.01999949	8.28186512	122.66239166
20.02399949	8.28186512	122.66239166
20.02799949	8.20158672	118.69462585
20.03199949	8.28186512	118.69462585
20.03599949	8.36214352	118.69462585
20.03999949	8.28186512	122.66239166
20.04399949	8.28186512	118.69462585
20.04799949	8.28186512	122.66239166
20.05199949	8.36214352	118.69462585
20.05599949	8.36214352	118.69462585
20.05999949	8.28186512	118.69462585
20.06399949	8.20158672	122.66239166
20.06799949	8.28186512	118.69462585
20.07199949	8.44272900	122.66239166
20.07599949	8.36214352	122.66239166
20.07999949	8.28186512	122.66239166
20.08399949	8.20158672	118.69462585
20.08799949	8.36214352	122.66239166
20.09199949	8.36214352	122.66239166
20.09599949	8.28186512	122.66239166
20.09999949	8.28186512	118.69462585
20.10399949	8.28186512	122.66239166
20.10799949	8.36214352	118.69462585
20.11199949	8.28186512	118.69462585
20.11599949	8.28186512	114.74224091
20.11999949	8.28186512	118.69462585
20.12399949	8.28186512	118.69462585
20.12799948	8.28186512	122.66239166
20.13199948	8.20158672	118.69462585
20.13599948	8.28186512	118.69462585
20.13999948	8.36214352	118.69462585
20.14399948	8.36214352	118.69462585
20.14799948	8.28186512	122.66239166
20.15199948	8.20158672	122.66239166
20.15599948	8.28186512	118.69462585
20.15999948	8.36214352	118.69462585
20.16399948	8.36214352	118.69462585
20.16799948	8.36214352	118.69462585
20.17199948	8.28186512	118.69462585
20.17599948	8.20158672	118.69462585
20.17999948	8.28186512	118.69462585
20.18399948	8.28186512	118.69462585
20.18799948	8.28186512	114.74224091
20.19199948	8.36214352	118.69462585
20.19599948	8.36214352	114.74224091
20.19999948	8.36214352	122.66239166
20.20399948	8.28186512	118.69462585
20.20799948	8.28186512	118.69462585
20.21199948	8.28186512	118.69462585
20.21599948	8.36214352	122.66239166
20.21999948	8.36214352	118.69462585
20.22399948	8.28186512	122.66239166
20.22799948	8.20158672	118.69462585
20.23199948	8.28186512	118.69462585
20.23599948	8.36214352	118.69462585
20.23999948	8.36214352	122.66239166
20.24399948	8.36214352	118.69462585
20.24799948	8.36214352	122.66239166
20.25199948	8.28186512	118.69462585
20.25599948	8.20158672	118.69462585
20.25999948	8.20158672	114.74224091
20.26399948	8.36214352	118.69462585
20.26799948	8.44272900	118.69462585
20.27199948	8.36214352	122.66239166
20.27599948	8.28186512	114.74224091
20.27999948	8.28186512	114.74224091
20.28399948	8.28186512	118.69462585
20.28799948	8.28186512	118.69462585
20.29199948	8.36214352	114.74224091
20.29599948	8.36214352	118.69462585
20.29999948	8.36214352	118.69462585
20.30399948	8.36214352	118.69462585
20.30799948	8.28186512	118.69462585
20.31199948	8.28186512	114.74224091
20.31599948	8.36214352	114.74224091
20.31999948	8.36214352	118.69462585
20.32399948	8.28186512	118.69462585
20.32799948	8.20158672	118.69462585
20.33199948	8.36214352	114.74224091
20.33599948	8.44272900	114.74224091
20.33999948	8.36214352	118.69462585
20.34399948	8.20158672	122.66239166
20.34799948	8.28186512	114.74224091
20.35199948	8.44272900	114.74224091
20.35599948	8.36214352	118.69462585
20.35999948	8.28186512	118.69462585
20.36399948	8.28186512	114.74224091
20.36799948	8.36214352	118.69462585
20.37199948	8.36214352	118.69462585
20.37599948	8.20158672	114.74224091
20.37999948	8.28186512	110.78985596
20.38399948	8.36214352	114.74224091
20.38799948	8.44272900	118.69462585
20.39199948	8.36214352	118.69462585
20.39599948	8.20158672	114.74224091
20.39999948	8.20158672	118.69462585
20.40399948	8.28186512	114.74224091
20.40799948	8.36214352	114.74224091
20.41199948	8.36214352	114.74224091
20.41599948	8.36214352	118.69462585
20.41999948	8.36214352	118.69462585
20.42399948	8.28186512	118.69462585
20.42799948	8.28186512	114.74224091
20.43199948	8.28186512	118.69462585
20.43599948	8.28186512	114.74224091
20.43999948	8.44272900	114.74224091
20.44399948	8.44272900	118.69462585
20.44799948	8.36214352	118.69462585
20.45199948	8.20158672	114.74224091
20.45599948	8.20158672	118.69462585
20.45999948	8.28186512	114.74224091
20.46399948	8.36214352	118.69462585
20.46799948	8.36214352	118.69462585
20.47199948	8.28186512	114.74224091
20.47599948	8.28186512	110.78985596
20.47999947	8.20158672	114.74224091
20.48399947	8.20158672	110.78985596
20.48799947	8.28186512	114.74224091
20.49199947	8.28186512	114.74224091
20.49599947	8.36214352	118.69462585
20.49999947	8.36214352	110.78985596
20.50399947	8.28186512	114.74224091
20.50799947	8.28186512	114.74224091
20.51199947	8.20158672	114.74224091
20.51599947	8.36214352	110.78985596
20.51999947	8.36214352	114.74224091
20.52399947	8.36214352	114.74224091
20.52799947	8.28186512	114.74224091
20.53199947	8.20158672	110.78985596
20.53599947	8.28186512	110.78985596
20.53999947	8.36214352	110.78985596
20.54399947	8.36214352	114.74224091
20.54799947	8.28186512	114.74224091
20.55199947	8.36214352	114.74224091
20.55599947	8.28186512	114.74224091
20.55999947	8.20158672	114.74224091
20.56399947	8.28186512	110.78985596
20.56799947	8.36214352	114.74224091
20.57199947	8.36214352	118.69462585
20.57599947	8.28186512	114.74224091
20.57999947	8.20158672	110.78985596
20.58399947	8.28186512	110.78985596
20.58799947	8.36214352	110.78985596
20.59199947	8.28186512	114.74224091
20.59599947	8.28186512	114.74224091
20.59999947	8.36214352	118.69462585
20.60399947	8.36214352	114.74224091
20.60799947	8.28186512	114.74224091
20.61199947	8.20158672	110.78985596
20.61599947	8.20158672	114.74224091
20.61999947	8.28186512	114.74224091
20.62399947	8.36214352	114.74224091
20.62799947	8.36214352	114.74224091
20.63199947	8.44272900	114.74224091
20.63599947	8.28186512	114.74224091
20.63999947	8.20158672	114.74224091
20.64399947	8.20158672	110.78985596
20.64799947	8.20158672	114.74224091
20.65199947	8.44272900	110.78985596
20.65599947	8.44272900	114.74224091
20.65999947	8.36214352	114.74224091
20.66399947	8.20158672	114.74224091
20.66799947	8.12100124	106.83747101
20.67199947	8.28186512	110.78985596
20.67599947	8.36214352	106.83747101
20.67999947	8.36214352	114.74224091
20.68399947	8.36214352	114.74224091
20.68799947	8.28186512	118.69462585
20.69199947	8.20158672	114.74224091
20.69599947	8.12100124	110.78985596
20.69999947	8.28186512	106.83747101
20.70399947	8.44272900	110.78985596
20.70799947	8.44272900	118.69462585
20.71199947	8.36214352	114.74224091
20.71599947	8.20158672	106.83747101
20.71999947	8.20158672	110.78985596
20.72399947	8.20158672	106.83747101
20.72799947	8.28186512	114.74224091
20.73199947	8.36214352	110.78985596
20.73599947	8.44272900	114.74224091
20.73999947	8.36214352	110.78985596
20.74399947	8.28186512	110.78985596
20.74799947	8.20158672	106.83747101
20.75199947	8.20158672	110.78985596
20.75599947	8.20158672	110.78985596
20.75999947	8.36214352	114.74224091
20.76399947	8.36214352	114.74224091
20.76799947	8.28186512	110.78985596
20.77199947	8.20158672	110.78985596
20.77599947	8.28186512	110.78985596
20.77999947	8.36214352	110.78985596
20.78399947	8.36214352	110.78985596
20.78799947	8.28186512	114.74224091
20.79199947	8.36214352	114.74224091
20.79599947	8.36214352	110.78985596
20.79999947	8.20158672	110.78985596
20.80399947	8.20158672	106.83747101
20.80799947	8.28186512	110.78985596
20.81199947	8.44272900	110.78985596
20.81599947	8.36214352	114.74224091
20.81999947	8.20158672	110.78985596
20.82399947	8.20158672	110.78985596
20.82799947	8.28186512	106.83747101
20.83199947	8.44272900	110.78985596
20.83599946	8.36214352	114.74224091
20.83999946	8.28186512	114.74224091
20.84399946	8.20158672	106.83747101
20.84799946	8.28186512	110.78985596
20.85199946	8.28186512	106.83747101
20.85599946	8.20158672	110.78985596
20.85999946	8.28186512	110.78985596
20.86399946	8.36214352	114.74224091
20.86799946	8.44272900	110.78985596
20.87199946	8.28186512	110.78985596
20.87599946	8.12100124	106.83747101
20.87999946	8.28186512	106.83747101
20.88399946	8.36214352	110.78985596
20.88799946	8.36214352	110.78985596
20.89199946	8.36214352	106.83747101
20.89599946	8.28186512	106.83747101
20.89999946	8.36214352	106.83747101
20.90399946	8.28186512	110.78985596
20.90799946	8.20158672	110.78985596
20.91199946	8.28186512	110.78985596
20.91599946	8.36214352	106.83747101
20.91999946	8.36214352	114.74224091
20.92399946	8.28186512	106.83747101
20.92799946	8.28186512	110.78985596
20.93199946	8.36214352	106.83747101
20.93599946	8.36214352	110.78985596
20.93999946	8.28186512	106.83747101
20.94399946	8.20158672	106.83747101
20.94799946	8.28186512	106.83747101
20.95199946	8.36214352	110.78985596
20.95599946	8.36214352	110.78985596
20.95999946	8.28186512	114.74224091
20.96399946	8.20158672	106.83747101
20.96799946	8.28186512	110.78985596
20.97199946	8.28186512	106.83747101
20.97599946	8.28186512	110.78985596
20.97999946	8.20158672	106.83747101
20.98399946	8.28186512	106.83747101
20.98799946	8.28186512	106.83747101
20.99199946	8.28186512	106.83747101
20.99599946	8.20158672	106.83747101
20.99999946	8.28186512	106.83747101
21.00399946	8.36214352	110.78985596
21.00799946	8.28186512	110.78985596
21.01199946	8.20158672	106.83747101
21.01599946	8.20158672	110.78985596
21.01999946	8.28186512	102.86970520
21.02399946	8.36214352	110.78985596
21.02799946	8.28186512	106.83747101
21.03199946	8.28186512	106.83747101
21.03599946	8.28186512	102.86970520
21.03999946	8.36214352	106.83747101
21.04399946	8.28186512	106.83747101
21.04799946	8.20158672	106.83747101
21.05199946	8.28186512	102.86970520
21.05599946	8.36214352	110.78985596
21.05999946	8.28186512	106.83747101
21.06399946	8.28186512	106.83747101
21.06799946	8.20158672	102.86970520
21.07199946	8.28186512	110.78985596
21.07599946	8.36214352	106.83747101
21.07999946	8.28186512	110.78985596
21.08399946	8.28186512	102.86970520
21.08799946	8.28186512	110.78985596
21.09199946	8.36214352	106.83747101
21.09599946	8.28186512	106.83747101
21.09999946	8.28186512	102.86970520
21.10399946	8.20158672	106.83747101
21.10799946	8.28186512	106.83747101
21.11199946	8.36214352	106.83747101
21.11599946	8.36214352	106.83747101
21.11999946	8.28186512	110.78985596
21.12399946	8.28186512	106.83747101
21.12799946	8.28186512	110.78985596
21.13199946	8.20158672	106.83747101
21.13599946	8.28186512	102.86970520
21.13999946	8.36214352	102.86970520
21.14399946	8.36214352	106.83747101
21.14799946	8.36214352	106.83747101
21.15199946	8.28186512	110.78985596
21.15599946	8.28186512	102.86970520
21.15999946	8.28186512	102.86970520
21.16399946	8.20158672	102.86970520
21.16799946	8.36214352	106.83747101
21.17199946	8.36214352	106.83747101
21.17599946	8.36214352	106.83747101
21.17999946	8.20158672	102.86970520
21.18399946	8.20158672	106.83747101
21.18799945	8.28186512	102.86970520
21.19199945	8.36214352	106.83747101
21.19599945	8.36214352	106.83747101
21.19999945	8.36214352	106.83747101
21.20399945	8.28186512	106.83747101
21.20799945	8.20158672	102.86970520
21.21199945	8.28186512	102.86970520
21.21599945	8.28186512	106.83747101
21.21999945	8.28186512	106.83747101
21.22399945	8.36214352	106.83747101
21.22799945	8.28186512	106.83747101
21.23199945	8.28186512	106.83747101
21.23599945	8.20158672	106.83747101
21.23999945	8.28186512	102.86970520
21.24399945	8.36214352	102.86970520
21.24799945	8.28186512	106.83747101
21.25199945	8.28186512	102.86970520
21.25599945	8.28186512	106.83747101
21.25999945	8.28186512	102.86970520
21.26399945	8.28186512	102.86970520
21.26799945	8.28186512	102.86970520
21.27199945	8.28186512	106.83747101
21.27599945	8.28186512	102.86970520
21.27999945	8.28186512	106.83747101
21.28399945	8.28186512	102.86970520
21.28799945	8.20158672	106.83747101
21.29199945	8.28186512	102.86970520
21.29599945	8.36214352	106.83747101
21.29999945	8.36214352	102.86970520
21.30399945	8.28186512	106.83747101
21.30799945	8.28186512	102.86970520
21.31199945	8.28186512	98.91731262
21.31599945	8.28186512	102.86970520
21.31999945	8.28186512	106.83747101
21.32399945	8.28186512	102.86970520
21.32799945	8.36214352	106.83747101
21.33199945	8.28186512	102.86970520
21.33599945	8.20158672	106.83747101
21.33999945	8.20158672	98.91731262
21.34399945	8.28186512	106.83747101
21.34799945	8.36214352	102.86970520
21.35199945	8.36214352	106.83747101
21.35599945	8.28186512	106.83747101
21.35999945	8.20158672	102.86970520
21.36399945	8.20158672	98.91731262
21.36799945	8.28186512	102.86970520
21.37199945	8.28186512	102.86970520
21.37599945	8.36214352	102.86970520
21.37999945	8.36214352	102.86970520
21.38399945	8.28186512	102.86970520
21.38799945	8.20158672	102.86970520
21.39199945	8.20158672	102.86970520
21.39599945	8.28186512	102.86970520
21.39999945	8.28186512	106.83747101
21.40399945	8.28186512	106.83747101
21.40799945	8.20158672	106.83747101
21.41199945	8.28186512	102.86970520
21.41599945	8.28186512	102.86970520
21.41999945	8.28186512	102.86970520
21.42399945	8.28186512	102.86970520
21.42799945	8.28186512	102.86970520
21.43199945	8.28186512	106.83747101
21.43599945	8.28186512	102.86970520
21.43999945	8.28186512	102.86970520
21.44399945	8.28186512	98.91731262
21.44799945	8.28186512	106.83747101
21.45199945	8.28186512	98.91731262
21.45599945	8.28186512	102.86970520
21.45999945	8.28186512	98.91731262
21.46399945	8.28186512	102.86970520
21.46799945	8.28186512	98.91731262
21.47199945	8.28186512	106.83747101
21.47599945	8.20158672	102.86970520
21.47999945	8.28186512	102.86970520
21.48399945	8.28186512	102.86970520
21.48799945	8.28186512	102.86970520
21.49199945	8.28186512	98.91731262
21.49599945	8.20158672	102.86970520
21.49999945	8.20158672	98.91731262
21.50399945	8.28186512	106.83747101
21.50799945	8.20158672	102.86970520
21.51199945	8.28186512	102.86970520
21.51599945	8.36214352	102.86970520
21.51999945	8.28186512	102.86970520
21.52399945	8.20158672	102.86970520
21.52799945	8.28186512	98.91731262
21.53199945	8.28186512	98.91731262
21.53599945	8.20158672	102.86970520
21.53999944	8.20158672	98.91731262
21.54399944	8.36214352	102.86970520
21.54799944	8.36214352	98.91731262
21.55199944	8.28186512	106.83747101
21.55599944	8.12100124	98.91731262
21.55999944	8.20158672	102.86970520
21.56399944	8.28186512	94.96492767
21.56799944	8.36214352	98.91731262
21.57199944	8.28186512	102.86970520
21.57599944	8.20158672	102.86970520
21.57999944	8.20158672	98.91731262
21.58399944	8.12100124	102.86970520
21.58799944	8.20158672	98.91731262
21.59199944	8.28186512	98.91731262
21.59599944	8.36214352	98.91731262
21.59999944	8.36214352	102.86970520
21.60399944	8.28186512	102.86970520
21.60799944	8.12100124	102.86970520
21.61199944	8.12100124	98.91731262
21.61599944	8.20158672	98.91731262
21.61999944	8.28186512	98.91731262
21.62399944	8.36214352	102.86970520
21.62799944	8.28186512	102.86970520
21.63199944	8.20158672	102.86970520
21.63599944	8.12100124	98.91731262
21.63999944	8.20158672	98.91731262
21.64399944	8.20158672	98.91731262
21.64799944	8.36214352	102.86970520
21.65199944	8.36214352	106.83747101
21.65599944	8.36214352	98.91731262
21.65999944	8.20158672	98.91731262
21.66399944	8.12100124	94.96492767
21.66799944	8.12100124	90.99716187
21.67199944	8.20158672	98.91731262
21.67599944	8.36214352	98.91731262
21.67999944	8.36214352	102.86970520
21.68399944	8.20158672	98.91731262
21.68799944	8.20158672	102.86970520
21.69199944	8.20158672	98.91731262
21.69599944	8.20158672	102.86970520
21.69999944	8.28186512	102.86970520
21.70399944	8.28186512	102.86970520
21.70799944	8.28186512	102.86970520
21.71199944	8.20158672	98.91731262
21.71599944	8.20158672	98.91731262
21.71999944	8.20158672	98.91731262
21.72399944	8.28186512	98.91731262
21.72799944	8.28186512	102.86970520
21.73199944	8.28186512	98.91731262
21.73599944	8.28186512	98.91731262
21.73999944	8.20158672	98.91731262
21.74399944	8.20158672	98.91731262
21.74799944	8.20158672	94.96492767
21.75199944	8.28186512	98.91731262
21.75599944	8.28186512	98.91731262
21.75999944	8.36214352	98.91731262
21.76399944	8.28186512	98.91731262
21.76799944	8.20158672	102.86970520
21.77199944	8.20158672	98.91731262
21.77599944	8.28186512	98.91731262
21.77999944	8.28186512	102.86970520
21.78399944	8.28186512	102.86970520
21.78799944	8.28186512	94.96492767
21.79199944	8.28186512	98.91731262
21.79599944	8.28186512	94.96492767
21.79999944	8.20158672	94.96492767
21.80399944	8.20158672	94.96492767
21.80799944	8.20158672	98.91731262
21.81199944	8.28186512	94.96492767
21.81599944	8.28186512	98.91731262
21.81999944	8.28186512	98.91731262
21.82399944	8.28186512	98.91731262
21.82799944	8.20158672	98.91731262
21.83199944	8.20158672	102.86970520
21.83599944	8.12100124	94.96492767
21.83999944	8.28186512	98.91731262
21.84399944	8.28186512	94.96492767
21.84799944	8.36214352	98.91731262
21.85199944	8.28186512	102.86970520
21.85599944	8.20158672	102.86970520
21.85999944	8.20158672	98.91731262
21.86399944	8.20158672	94.96492767
21.86799944	8.28186512	94.96492767
21.87199944	8.36214352	98.91731262
21.87599944	8.28186512	98.91731262
21.87999944	8.20158672	98.91731262
21.88399944	8.20158672	94.96492767
21.88799944	8.20158672	98.91731262
21.89199944	8.28186512	98.91731262
21.89599943	8.28186512	98.91731262
21.89999943	8.28186512	98.91731262
21.90399943	8.28186512	98.91731262
21.90799943	8.28186512	94.96492767
21.91199943	8.20158672	90.99716187
21.91599943	8.20158672	94.96492767
21.91999943	8.28186512	94.96492767
21.92399943	8.36214352	98.91731262
21.92799943	8.36214352	102.86970520
21.93199943	8.20158672	94.96492767
21.93599943	8.20158672	94.96492767
21.93999943	8.20158672	94.96492767
21.94399943	8.28186512	98.91731262
21.94799943	8.20158672	98.91731262
21.95199943	8.28186512	98.91731262
21.95599943	8.36214352	98.91731262
21.95999943	8.28186512	98.91731262
21.96399943	8.20158672	94.96492767
21.96799943	8.20158672	94.96492767
21.97199943	8.20158672	98.91731262
21.97599943	8.36214352	94.96492767
21.97999943	8.36214352	94.96492767
21.98399943	8.28186512	98.91731262
21.98799943	8.20158672	94.96492767
21.99199943	8.20158672	94.96492767
21.99599943	8.20158672	94.96492767
21.99999943	8.28186512	98.91731262
22.00399943	8.28186512	94.96492767
22.00799943	8.36214352	94.96492767
22.01199943	8.36214352	98.91731262
22.01599943	8.20158672	94.96492767
22.01999943	8.12100124	90.99716187
22.02399943	8.20158672	94.96492767
22.02799943	8.36214352	94.96492767
22.03199943	8.36214352	94.96492767
22.03599943	8.28186512	94.96492767
22.03999943	8.20158672	94.96492767
22.04399943	8.28186512	94.96492767
22.04799943	8.28186512	98.91731262
22.05199943	8.20158672	94.96492767
22.05599943	8.28186512	94.96492767
22.05999943	8.36214352	94.96492767
22.06399943	8.36214352	98.91731262
22.06799943	8.20158672	94.96492767
22.07199943	8.12100124	94.96492767
22.07599943	8.20158672	90.99716187
22.07999943	8.28186512	98.91731262
22.08399943	8.28186512	94.96492767
22.08799943	8.28186512	98.91731262
22.09199943	8.28186512	94.96492767
22.09599943	8.36214352	94.96492767
22.09999943	8.20158672	90.99716187
22.10399943	8.12100124	94.96492767
22.10799943	8.20158672	90.99716187
22.11199943	8.36214352	98.91731262
22.11599943	8.36214352	94.96492767
22.11999943	8.20158672	98.91731262
22.12399943	8.28186512	94.96492767
22.12799943	8.28186512	90.99716187
22.13199943	8.20158672	90.99716187
22.13599943	8.20158672	94.96492767
22.13999943	8.20158672	90.99716187
22.14399943	8.28186512	94.96492767
22.14799943	8.28186512	94.96492767
22.15199943	8.28186512	94.96492767
22.15599943	8.20158672	94.96492767
22.15999943	8.20158672	94.96492767
22.16399943	8.20158672	94.96492767
22.16799943	8.28186512	90.99716187
22.17199943	8.28186512	94.96492767
22.17599943	8.28186512	98.91731262
22.17999943	8.20158672	94.96492767
22.18399943	8.20158672	98.91731262
22.18799943	8.20158672	90.99716187
22.19199943	8.20158672	94.96492767
22.19599943	8.28186512	94.96492767
22.19999943	8.36214352	94.96492767
22.20399943	8.36214352	94.96492767
22.20799943	8.20158672	94.96492767
22.21199943	8.12100124	90.99716187
22.21599943	8.12100124	87.04477692
22.21999943	8.20158672	94.96492767
22.22399943	8.36214352	90.99716187
22.22799943	8.36214352	90.99716187
22.23199943	8.36214352	94.96492767
22.23599943	8.20158672	90.99716187
22.23999943	8.12100124	90.99716187
22.24399943	8.12100124	90.99716187
22.24799942	8.28186512	90.99716187
22.25199942	8.36214352	94.96492767
22.25599942	8.36214352	98.91731262
22.25999942	8.28186512	90.99716187
22.26399942	8.20158672	94.96492767
22.26799942	8.20158672	90.99716187
22.27199942	8.28186512	94.96492767
22.27599942	8.20158672	90.99716187
22.27999942	8.28186512	94.96492767
22.28399942	8.28186512	94.96492767
22.28799942	8.28186512	94.96492767
22.29199942	8.20158672	90.99716187
22.29599942	8.20158672	90.99716187
22.29999942	8.20158672	90.99716187
22.30399942	8.28186512	98.91731262
22.30799942	8.28186512	90.99716187
22.31199942	8.28186512	94.96492767
22.31599942	8.20158672	87.04477692
22.31999942	8.20158672	90.99716187
22.32399942	8.28186512	90.99716187
22.32799942	8.28186512	94.96492767
22.33199942	8.28186512	90.99716187
22.33599942	8.28186512	90.99716187
22.33999942	8.28186512	90.99716187
22.34399942	8.20158672	94.96492767
22.34799942	8.20158672	90.99716187
22.35199942	8.20158672	90.99716187
22.35599942	8.28186512	90.99716187
22.35999942	8.36214352	94.96492767
22.36399942	8.20158672	90.99716187
22.36799942	8.20158672	90.99716187
22.37199942	8.28186512	87.04477692
22.37599942	8.36214352	90.99716187
22.37999942	8.28186512	94.96492767
22.38399942	8.20158672	94.96492767
22.38799942	8.28186512	87.04477692
22.39199942	8.28186512	90.99716187
22.39599942	8.28186512	90.99716187
22.39999942	8.20158672	90.99716187
22.40399942	8.28186512	87.04477692
22.40799942	8.28186512	94.96492767
22.41199942	8.20158672	90.99716187
22.41599942	8.20158672	90.99716187
22.41999942	8.28186512	87.04477692
22.42399942	8.28186512	90.99716187
22.42799942	8.28186512	90.99716187
22.43199942	8.20158672	94.96492767
22.43599942	8.20158672	90.99716187
22.43999942	8.28186512	90.99716187
22.44399942	8.28186512	90.99716187
22.44799942	8.28186512	90.99716187
22.45199942	8.20158672	90.99716187
22.45599942	8.20158672	90.99716187
22.45999942	8.20158672	90.99716187
22.46399942	8.28186512	90.99716187
22.46799942	8.28186512	87.04477692
22.47199942	8.20158672	90.99716187
22.47599942	8.28186512	90.99716187
22.47999942	8.28186512	90.99716187
22.48399942	8.28186512	90.99716187
22.48799942	8.20158672	90.99716187
22.49199942	8.20158672	87.04477692
22.49599942	8.28186512	90.99716187
22.49999942	8.28186512	87.04477692
22.50399942	8.36214352	87.04477692
22.50799942	8.28186512	87.04477692
22.51199942	8.20158672	90.99716187
22.51599942	8.20158672	87.04477692
22.51999942	8.20158672	90.99716187
22.52399942	8.28186512	90.99716187
22.52799942	8.28186512	90.99716187
22.53199942	8.20158672	90.99716187
22.53599942	8.28186512	90.99716187
22.53999942	8.28186512	87.04477692
22.54399942	8.20158672	90.99716187
22.54799942	8.20158672	87.04477692
22.55199942	8.28186512	90.99716187
22.55599942	8.28186512	90.99716187
22.55999942	8.20158672	90.99716187
22.56399942	8.20158672	87.04477692
22.56799942	8.28186512	87.04477692
22.57199942	8.28186512	87.04477692
22.57599942	8.28186512	90.99716187
22.57999942	8.20158672	87.04477692
22.58399942	8.20158672	90.99716187
22.58799942	8.20158672	87.04477692
22.59199942	8.28186512	87.04477692
22.59599942	8.28186512	87.04477692
22.59999942	8.28186512	90.99716187
22.60399941	8.20158672	90.99716187
22.60799941	8.20158672	90.99716187
22.61199941	8.20158672	87.04477692
22.61599941	8.28186512	87.04477692
22.61999941	8.28186512	90.99716187
22.62399941	8.28186512	90.99716187
22.62799941	8.20158672	90.99716187
22.63199941	8.12100124	87.04477692
22.63599941	8.20158672	87.04477692
22.63999941	8.28186512	87.04477692
22.64399941	8.36214352	90.99716187
22.64799941	8.28186512	94.96492767
22.65199941	8.12100124	90.99716187
22.65599941	8.12100124	87.04477692
22.65999941	8.20158672	83.09239197
22.66399941	8.28186512	90.99716187
22.66799941	8.28186512	87.04477692
22.67199941	8.28186512	90.99716187
22.67599941	8.28186512	87.04477692
22.67999941	8.20158672	90.99716187
22.68399941	8.12100124	83.09239197
22.68799941	8.12100124	87.04477692
22.69199941	8.28186512	87.04477692
22.69599941	8.36214352	90.99716187
22.69999941	8.28186512	90.99716187
22.70399941	8.20158672	87.04477692
22.70799941	8.12100124	83.09239197
22.71199941	8.20158672	87.04477692
22.71599941	8.20158672	87.04477692
22.71999941	8.20158672	90.99716187
22.72399941	8.28186512	87.04477692
22.72799941	8.28186512	87.04477692
22.73199941	8.20158672	87.04477692
22.73599941	8.12100124	87.04477692
22.73999941	8.12100124	87.04477692
22.74399941	8.28186512	90.99716187
22.74799941	8.36214352	90.99716187
22.75199941	8.28186512	90.99716187
22.75599941	8.20158672	87.04477692
22.75999941	8.12100124	83.09239197
22.76399941	8.28186512	87.04477692
22.76799941	8.28186512	87.04477692
22.77199941	8.28186512	87.04477692
22.77599941	8.28186512	87.04477692
22.77999941	8.28186512	87.04477692
22.78399941	8.20158672	87.04477692
22.78799941	8.20158672	83.09239197
22.79199941	8.20158672	87.04477692
22.79599941	8.20158672	87.04477692
22.79999941	8.28186512	87.04477692
22.80399941	8.36214352	87.04477692
22.80799941	8.20158672	90.99716187
22.81199941	8.20158672	83.09239197
22.81599941	8.20158672	87.04477692
22.81999941	8.28186512	87.04477692
22.82399941	8.20158672	87.04477692
22.82799941	8.20158672	83.09239197
22.83199941	8.28186512	87.04477692
22.83599941	8.28186512	87.04477692
22.83999941	8.20158672	90.99716187
22.84399941	8.12100124	83.09239197
22.84799941	8.20158672	87.04477692
22.85199941	8.28186512	87.04477692
22.85599941	8.28186512	87.04477692
22.85999941	8.20158672	87.04477692
22.86399941	8.20158672	87.04477692
22.86799941	8.28186512	83.09239197
22.87199941	8.20158672	87.04477692
22.87599941	8.12100124	83.09239197
22.87999941	8.12100124	87.04477692
22.88399941	8.28186512	79.12462616
22.88799941	8.36214352	87.04477692
22.89199941	8.28186512	87.04477692
22.89599941	8.20158672	87.04477692
22.89999941	8.20158672	83.09239197
22.90399941	8.20158672	87.04477692
22.90799941	8.20158672	87.04477692
22.91199941	8.20158672	87.04477692
22.91599941	8.28186512	83.09239197
22.91999941	8.28186512	87.04477692
22.92399941	8.28186512	87.04477692
22.92799941	8.20158672	87.04477692
22.93199941	8.12100124	83.09239197
22.93599941	8.20158672	87.04477692
22.93999941	8.28186512	87.04477692
22.94399941	8.28186512	83.09239197
22.94799941	8.20158672	87.04477692
22.95199941	8.20158672	87.04477692
22.95599940	8.12100124	83.09239197
22.95999940	8.20158672	83.09239197
22.96399940	8.20158672	79.12462616
22.96799940	8.28186512	83.09239197
22.97199940	8.28186512	87.04477692
22.97599940	8.28186512	87.04477692
22.97999940	8.20158672	83.09239197
22.98399940	8.20158672	87.04477692
22.98799940	8.12100124	83.09239197
22.99199940	8.20158672	83.09239197
22.99599940	8.28186512	87.04477692
22.99999940	8.28186512	87.04477692
23.00399940	8.20158672	83.09239197
23.00799940	8.20158672	83.09239197
23.01199940	8.20158672	83.09239197
23.01599940	8.20158672	87.04477692
23.01999940	8.20158672	83.09239197
23.02399940	8.20158672	87.04477692
23.02799940	8.28186512	87.04477692
23.03199940	8.28186512	87.04477692
23.03599940	8.20158672	83.09239197
23.03999940	8.20158672	83.09239197
23.04399940	8.20158672	83.09239197
23.04799940	8.20158672	87.04477692
23.05199940	8.28186512	83.09239197
23.05599940	8.20158672	87.04477692
23.05999940	8.20158672	83.09239197
23.06399940	8.20158672	83.09239197
23.06799940	8.28186512	83.09239197
23.07199940	8.20158672	83.09239197
23.07599940	8.20158672	83.09239197
23.07999940	8.20158672	79.12462616
23.08399940	8.20158672	83.09239197
23.08799940	8.20158672	83.09239197
23.09199940	8.20158672	79.12462616
23.09599940	8.20158672	83.09239197
23.09999940	8.28186512	83.09239197
23.10399940	8.28186512	83.09239197
23.10799940	8.20158672	83.09239197
23.11199940	8.12100124	83.09239197
23.11599940	8.20158672	79.12462616
23.11999940	8.28186512	83.09239197
23.12399940	8.28186512	83.09239197
23.12799940	8.20158672	83.09239197
23.13199940	8.20158672	83.09239197
23.13599940	8.12100124	83.09239197
23.13999940	8.28186512	79.12462616
23.14399940	8.28186512	87.04477692
23.14799940	8.20158672	83.09239197
23.15199940	8.28186512	83.09239197
23.15599940	8.20158672	87.04477692
23.15999940	8.20158672	83.09239197
23.16399940	8.12100124	83.09239197
23.16799940	8.20158672	79.12462616
23.17199940	8.28186512	83.09239197
23.17599940	8.28186512	87.04477692
23.17999940	8.20158672	79.12462616
23.18399940	8.20158672	83.09239197
23.18799940	8.20158672	79.12462616
23.19199940	8.20158672	83.09239197
23.19599940	8.20158672	83.09239197
23.19999940	8.20158672	83.09239197
23.20399940	8.28186512	79.12462616
23.20799940	8.20158672	83.09239197
23.21199940	8.20158672	79.12462616
23.21599940	8.20158672	79.12462616
23.21999940	8.20158672	83.09239197
23.22399940	8.20158672	83.09239197
23.22799940	8.20158672	83.09239197
23.23199940	8.20158672	83.09239197
23.23599940	8.20158672	79.12462616
23.23999940	8.20158672	79.12462616
23.24399940	8.20158672	79.12462616
23.24799940	8.20158672	83.09239197
23.25199940	8.20158672	79.12462616
23.25599940	8.20158672	83.09239197
23.25999940	8.20158672	79.12462616
23.26399940	8.28186512	79.12462616
23.26799940	8.28186512	79.12462616
23.27199940	8.20158672	83.09239197
23.27599940	8.20158672	83.09239197
23.27999940	8.20158672	83.09239197
23.28399940	8.20158672	79.12462616
23.28799940	8.20158672	79.12462616
23.29199940	8.12100124	79.12462616
23.29599940	8.28186512	83.09239197
23.29999940	8.28186512	83.09239197
23.30399940	8.20158672	83.09239197
23.30799939	8.12100124	79.12462616
23.31199939	8.12100124	79.12462616
23.31599939	8.20158672	79.12462616
23.31999939	8.28186512	83.09239197
23.32399939	8.20158672	83.09239197
23.32799939	8.20158672	83.09239197
23.33199939	8.12100124	79.12462616
23.33599939	8.20158672	75.17224121
23.33999939	8.20158672	79.12462616
23.34399939	8.20158672	79.12462616
23.34799939	8.20158672	79.12462616
23.35199939	8.20158672	83.09239197
23.35599939	8.20158672	79.12462616
23.35999939	8.12100124	79.12462616
23.36399939	8.12100124	75.17224121
23.36799939	8.20158672	83.09239197
23.37199939	8.28186512	79.12462616
23.37599939	8.20158672	83.09239197
23.37999939	8.20158672	79.12462616
23.38399939	8.20158672	79.12462616
23.38799939	8.20158672	79.12462616
23.39199939	8.20158672	83.09239197
23.39599939	8.20158672	79.12462616
23.39999939	8.20158672	83.09239197
23.40399939	8.28186512	79.12462616
23.40799939	8.20158672	83.09239197
23.41199939	8.20158672	79.12462616
23.41599939	8.20158672	79.12462616
23.41999939	8.28186512	79.12462616
23.42399939	8.28186512	83.09239197
23.42799939	8.20158672	79.12462616
23.43199939	8.20158672	79.12462616
23.43599939	8.12100124	79.12462616
23.43999939	8.20158672	83.09239197
23.44399939	8.20158672	79.12462616
23.44799939	8.20158672	79.12462616
23.45199939	8.20158672	83.09239197
23.45599939	8.20158672	79.12462616
23.45999939	8.28186512	79.12462616
23.46399939	8.20158672	83.09239197
23.46799939	8.20158672	75.17224121
23.47199939	8.20158672	79.12462616
23.47599939	8.20158672	79.12462616
23.47999939	8.28186512	79.12462616
23.48399939	8.20158672	75.17224121
23.48799939	8.20158672	79.12462616
23.49199939	8.20158672	75.17224121
23.49599939	8.28186512	79.12462616
23.49999939	8.20158672	79.12462616
23.50399939	8.20158672	79.12462616
23.50799939	8.12100124	79.12462616
23.51199939	8.12100124	79.12462616
23.51599939	8.28186512	75.17224121
23.51999939	8.28186512	79.12462616
23.52399939	8.20158672	79.12462616
23.52799939	8.20158672	79.12462616
23.53199939	8.20158672	79.12462616
23.53599939	8.20158672	79.12462616
23.53999939	8.12100124	75.17224121
23.54399939	8.20158672	75.17224121
23.54799939	8.20158672	79.12462616
23.55199939	8.28186512	79.12462616
23.55599939	8.20158672	79.12462616
23.55999939	8.20158672	79.12462616
23.56399939	8.12100124	79.12462616
23.56799939	8.20158672	83.09239197
23.57199939	8.20158672	75.17224121
23.57599939	8.20158672	79.12462616
23.57999939	8.20158672	75.17224121
23.58399939	8.20158672	79.12462616
23.58799939	8.20158672	79.12462616
23.59199939	8.12100124	75.17224121
23.59599939	8.20158672	75.17224121
23.59999939	8.20158672	75.17224121
23.60399939	8.20158672	83.09239197
23.60799939	8.20158672	79.12462616
23.61199939	8.28186512	71.21984863
23.61599939	8.20158672	79.12462616
23.61999939	8.20158672	79.12462616
23.62399939	8.12100124	75.17224121
23.62799939	8.20158672	75.17224121
23.63199939	8.20158672	79.12462616
23.63599939	8.20158672	75.17224121
23.63999939	8.20158672	79.12462616
23.64399939	8.20158672	75.17224121
23.64799939	8.20158672	79.12462616
23.65199939	8.20158672	75.17224121
23.65599939	8.20158672	75.17224121
23.65999939	8.20158672	75.17224121
23.66399938	8.28186512	79.12462616
23.66799938	8.20158672	75.17224121
23.67199938	8.20158672	79.12462616
23.67599938	8.12100124	75.17224121
23.67999938	8.20158672	79.12462616
23.68399938	8.20158672	79.12462616
23.68799938	8.20158672	79.12462616
23.69199938	8.20158672	75.17224121
23.69599938	8.20158672	79.12462616
23.69999938	8.20158672	75.17224121
23.70399938	8.20158672	79.12462616
23.70799938	8.12100124	75.17224121
23.71199938	8.12100124	75.17224121
23.71599938	8.20158672	75.17224121
23.71999938	8.28186512	79.12462616
23.72399938	8.20158672	79.12462616
23.72799938	8.20158672	79.12462616
23.73199938	8.20158672	75.17224121
23.73599938	8.20158672	75.17224121
23.73999938	8.20158672	75.17224121
23.74399938	8.20158672	79.12462616
23.74799938	8.12100124	75.17224121
23.75199938	8.20158672	75.17224121
23.75599938	8.20158672	75.17224121
23.75999938	8.20158672	75.17224121
23.76399938	8.20158672	71.21984863
23.76799938	8.20158672	79.12462616
23.77199938	8.20158672	75.17224121
23.77599938	8.20158672	75.17224121
23.77999938	8.12100124	75.17224121
23.78399938	8.12100124	79.12462616
23.78799938	8.20158672	75.17224121
23.79199938	8.20158672	79.12462616
23.79599938	8.20158672	75.17224121
23.79999938	8.20158672	79.12462616
23.80399938	8.12100124	75.17224121
23.80799938	8.20158672	75.17224121
23.81199938	8.20158672	75.17224121
23.81599938	8.28186512	75.17224121
23.81999938	8.20158672	75.17224121
23.82399938	8.20158672	79.12462616
23.82799938	8.20158672	75.17224121
23.83199938	8.12100124	75.17224121
23.83599938	8.12100124	75.17224121
23.83999938	8.20158672	75.17224121
23.84399938	8.28186512	75.17224121
23.84799938	8.28186512	75.17224121
23.85199938	8.20158672	79.12462616
23.85599938	8.12100124	79.12462616
23.85999938	8.12100124	71.21984863
23.86399938	8.20158672	75.17224121
23.86799938	8.28186512	71.21984863
23.87199938	8.28186512	75.17224121
23.87599938	8.28186512	75.17224121
23.87999938	8.20158672	75.17224121
23.88399938	8.12100124	75.17224121
23.88799938	8.12100124	75.17224121
23.89199938	8.20158672	71.21984863
23.89599938	8.28186512	75.17224121
23.89999938	8.28186512	75.17224121
23.90399938	8.20158672	79.12462616
23.90799938	8.12100124	71.21984863
23.91199938	8.12100124	75.17224121
23.91599938	8.20158672	71.21984863
23.91999938	8.20158672	75.17224121
23.92399938	8.20158672	75.17224121
23.92799938	8.28186512	75.17224121
23.93199938	8.28186512	75.17224121
23.93599938	8.20158672	79.12462616
23.93999938	8.04072380	71.21984863
23.94399938	8.04072380	75.17224121
23.94799938	8.20158672	71.21984863
23.95199938	8.36214352	75.17224121
23.95599938	8.28186512	75.17224121
23.95999938	8.20158672	75.17224121
23.96399938	8.12100124	71.21984863
23.96799938	8.20158672	75.17224121
23.97199938	8.20158672	71.21984863
23.97599938	8.28186512	75.17224121
23.97999938	8.28186512	75.17224121
23.98399938	8.20158672	75.17224121
23.98799938	8.20158672	71.21984863
23.99199938	8.12100124	75.17224121
23.99599938	8.12100124	71.21984863
23.99999938	8.20158672	71.21984863
24.00399938	8.28186512	71.21984863
24.00799938	8.28186512	75.17224121
24.01199938	8.20158672	75.17224121
24.01599937	8.12100124	75.17224121
24.01999937	8.12100124	71.21984863
24.02399937	8.12100124	71.21984863
24.02799937	8.20158672	71.21984863
24.03199937	8.28186512	79.12462616
24.03599937	8.28186512	75.17224121
24.03999937	8.20158672	71.21984863
24.04399937	8.12100124	71.21984863
24.04799937	8.12100124	71.21984863
24.05199937	8.12100124	67.26746368
24.05599937	8.20158672	71.21984863
24.05999937	8.28186512	75.17224121
24.06399937	8.28186512	75.17224121
24.06799937	8.20158672	71.21984863
24.07199937	8.12100124	71.21984863
24.07599937	8.12100124	71.21984863
24.07999937	8.12100124	71.21984863
24.08399937	8.20158672	71.21984863
24.08799937	8.20158672	75.17224121
24.09199937	8.20158672	75.17224121
24.09599937	8.20158672	71.21984863
24.09999937	8.12100124	71.21984863
24.10399937	8.12100124	71.21984863
24.10799937	8.20158672	71.21984863
24.11199937	8.20158672	75.17224121
24.11599937	8.20158672	71.21984863
24.11999937	8.20158672	75.17224121
24.12399937	8.12100124	71.21984863
24.12799937	8.12100124	71.21984863
24.13199937	8.12100124	67.26746368
24.13599937	8.20158672	71.21984863
24.13999937	8.20158672	71.21984863
24.14399937	8.28186512	75.17224121
24.14799937	8.20158672	75.17224121
24.15199937	8.12100124	75.17224121
24.15599937	8.12100124	67.26746368
24.15999937	8.12100124	71.21984863
24.16399937	8.20158672	71.21984863
24.16799937	8.20158672	75.17224121
24.17199937	8.20158672	71.21984863
24.17599937	8.28186512	75.17224121
24.17999937	8.12100124	67.26746368
24.18399937	8.12100124	71.21984863
24.18799937	8.12100124	67.26746368
24.19199937	8.28186512	71.21984863
24.19599937	8.28186512	71.21984863
24.19999937	8.20158672	75.17224121
24.20399937	8.12100124	75.17224121
24.20799937	8.12100124	71.21984863
24.21199937	8.12100124	67.26746368
24.21599937	8.20158672	71.21984863
24.21999937	8.28186512	71.21984863
24.22399937	8.28186512	75.17224121
24.22799937	8.12100124	71.21984863
24.23199937	8.12100124	71.21984863
24.23599937	8.04072380	67.26746368
24.23999937	8.20158672	71.21984863
24.24399937	8.20158672	71.21984863
24.24799937	8.28186512	71.21984863
24.25199937	8.20158672	71.21984863
24.25599937	8.12100124	71.21984863
24.25999937	8.12100124	67.26746368
24.26399937	8.12100124	67.26746368
24.26799937	8.20158672	71.21984863
24.27199937	8.20158672	75.17224121
24.27599937	8.20158672	71.21984863
24.27999937	8.28186512	75.17224121
24.28399937	8.12100124	71.21984863
24.28799937	8.12100124	71.21984863
24.29199937	8.12100124	67.26746368
24.29599937	8.20158672	71.21984863
24.29999937	8.20158672	71.21984863
24.30399937	8.20158672	75.17224121
24.30799937	8.20158672	71.21984863
24.31199937	8.20158672	67.26746368
24.31599937	8.20158672	67.26746368
24.31999937	8.12100124	71.21984863
24.32399937	8.12100124	67.26746368
24.32799937	8.20158672	67.26746368
24.33199937	8.28186512	71.21984863
24.33599937	8.20158672	75.17224121
24.33999937	8.12100124	67.26746368
24.34399937	8.12100124	71.21984863
24.34799937	8.20158672	71.21984863
24.35199937	8.20158672	71.21984863
24.35599937	8.12100124	67.26746368
24.35999937	8.20158672	71.21984863
24.36399937	8.20158672	67.26746368
24.36799937	8.20158672	71.21984863
24.37199936	8.12100124	67.26746368
24.37599936	8.04072380	67.26746368
24.37999936	8.12100124	67.26746368
24.38399936	8.20158672	71.21984863
24.38799936	8.20158672	67.26746368
24.39199936	8.20158672	71.21984863
24.39599936	8.20158672	67.26746368
24.39999936	8.12100124	67.26746368
24.40399936	8.20158672	67.26746368
24.40799936	8.12100124	67.26746368
24.41199936	8.20158672	67.26746368
24.41599936	8.28186512	67.26746368
24.41999936	8.28186512	71.21984863
24.42399936	8.12100124	71.21984863
24.42799936	8.04072380	71.21984863
24.43199936	8.12100124	67.26746368
24.43599936	8.28186512	67.26746368
24.43999936	8.20158672	71.21984863
24.44399936	8.20158672	71.21984863
24.44799936	8.20158672	71.21984863
24.45199936	8.20158672	71.21984863
24.45599936	8.12100124	71.21984863
24.45999936	8.12100124	67.26746368
24.46399936	8.12100124	67.26746368
24.46799936	8.28186512	71.21984863
24.47199936	8.28186512	71.21984863
24.47599936	8.20158672	71.21984863
24.47999936	8.12100124	67.26746368
24.48399936	8.12100124	63.29970551
24.48799936	8.20158672	67.26746368
24.49199936	8.20158672	71.21984863
24.49599936	8.20158672	67.26746368
24.49999936	8.20158672	67.26746368
24.50399936	8.20158672	67.26746368
24.50799936	8.12100124	67.26746368
24.51199936	8.12100124	71.21984863
24.51599936	8.12100124	67.26746368
24.51999936	8.20158672	67.26746368
24.52399936	8.20158672	71.21984863
24.52799936	8.20158672	75.17224121
24.53199936	8.12100124	67.26746368
24.53599936	8.12100124	67.26746368
24.53999936	8.12100124	67.26746368
24.54399936	8.20158672	71.21984863
24.54799936	8.12100124	67.26746368
24.55199936	8.20158672	67.26746368
24.55599936	8.20158672	67.26746368
24.55999936	8.20158672	67.26746368
24.56399936	8.12100124	67.26746368
24.56799936	8.12100124	67.26746368
24.57199936	8.20158672	67.26746368
24.57599936	8.20158672	71.21984863
24.57999936	8.20158672	67.26746368
24.58399936	8.20158672	67.26746368
24.58799936	8.20158672	67.26746368
24.59199936	8.20158672	71.21984863
24.59599936	8.12100124	67.26746368
24.59999936	8.12100124	67.26746368
24.60399936	8.20158672	67.26746368
24.60799936	8.28186512	71.21984863
24.61199936	8.20158672	67.26746368
24.61599936	8.12100124	67.26746368
24.61999936	8.12100124	67.26746368
24.62399936	8.20158672	67.26746368
24.62799936	8.20158672	63.29970551
24.63199936	8.12100124	63.29970551
24.63599936	8.20158672	67.26746368
24.63999936	8.20158672	67.26746368
24.64399936	8.20158672	63.29970551
24.64799936	8.12100124	67.26746368
24.65199936	8.12100124	67.26746368
24.65599936	8.20158672	63.29970551
24.65999936	8.20158672	67.26746368
24.66399936	8.20158672	67.26746368
24.66799936	8.12100124	63.29970551
24.67199936	8.12100124	67.26746368
24.67599936	8.12100124	63.29970551
24.67999936	8.12100124	67.26746368
24.68399936	8.12100124	63.29970551
24.68799936	8.20158672	67.26746368
24.69199936	8.20158672	63.29970551
24.69599936	8.12100124	67.26746368
24.69999936	8.12100124	63.29970551
24.70399936	8.12100124	67.26746368
24.70799936	8.12100124	63.29970551
24.71199936	8.12100124	67.26746368
24.71599936	8.12100124	67.26746368
24.71999936	8.20158672	67.26746368
24.72399935	8.12100124	63.29970551
24.72799935	8.12100124	63.29970551
24.73199935	8.04072380	67.26746368
24.73599935	8.12100124	63.29970551
24.73999935	8.20158672	63.29970551
24.74399935	8.20158672	63.29970551
24.74799935	8.20158672	63.29970551
24.75199935	8.12100124	63.29970551
24.75599935	8.04072380	63.29970551
24.75999935	8.20158672	67.26746368
24.76399935	8.12100124	63.29970551
24.76799935	8.20158672	67.26746368
24.77199935	8.20158672	63.29970551
24.77599935	8.20158672	63.29970551
24.77999935	8.12100124	67.26746368
24.78399935	8.12100124	67.26746368
24.78799935	8.12100124	63.29970551
24.79199935	8.12100124	67.26746368
24.79599935	8.20158672	63.29970551
24.79999935	8.20158672	67.26746368
24.80399935	8.12100124	63.29970551
24.80799935	8.12100124	63.29970551
24.81199935	8.12100124	63.29970551
24.81599935	8.12100124	67.26746368
24.81999935	8.12100124	63.29970551
24.82399935	8.20158672	63.29970551
24.82799935	8.20158672	63.29970551
24.83199935	8.20158672	67.26746368
24.83599935	8.12100124	63.29970551
24.83999935	8.04072380	63.29970551
24.84399935	8.12100124	63.29970551
24.84799935	8.20158672	67.26746368
24.85199935	8.20158672	63.29970551
24.85599935	8.20158672	67.26746368
24.85999935	8.12100124	63.29970551
24.86399935	8.12100124	67.26746368
24.86799935	8.12100124	59.34731293
24.87199935	8.12100124	63.29970551
24.87599935	8.20158672	63.29970551
24.87999935	8.20158672	63.29970551
24.88399935	8.20158672	67.26746368
24.88799935	8.12100124	67.26746368
24.89199935	8.04072380	59.34731293
24.89599935	8.12100124	63.29970551
24.89999935	8.20158672	63.29970551
24.90399935	8.20158672	63.29970551
24.90799935	8.20158672	67.26746368
24.91199935	8.12100124	67.26746368
24.91599935	8.20158672	59.34731293
24.91999935	8.12100124	63.29970551
24.92399935	8.12100124	63.29970551
24.92799935	8.12100124	63.29970551
24.93199935	8.20158672	63.29970551
24.93599935	8.20158672	63.29970551
24.93999935	8.20158672	63.29970551
24.94399935	8.12100124	63.29970551
24.94799935	8.12100124	59.34731293
24.95199935	8.12100124	63.29970551
24.95599935	8.12100124	63.29970551
24.95999935	8.20158672	63.29970551
24.96399935	8.20158672	59.34731293
24.96799935	8.20158672	63.29970551
24.97199935	8.12100124	59.34731293
24.97599935	8.04072380	63.29970551
24.97999935	8.12100124	63.29970551
24.98399935	8.12100124	63.29970551
24.98799935	8.20158672	63.29970551
24.99199935	8.20158672	63.29970551
24.99599935	8.20158672	63.29970551
24.99999935	8.12100124	63.29970551
25.00399935	8.04072380	63.29970551
25.00799935	8.04072380	63.29970551
25.01199935	8.12100124	59.34731293
25.01599935	8.28186512	63.29970551
25.01999935	8.20158672	63.29970551
25.02399935	8.20158672	67.26746368
25.02799935	8.12100124	59.34731293
25.03199935	8.04072380	63.29970551
25.03599935	8.04072380	59.34731293
25.03999935	8.12100124	63.29970551
25.04399935	8.20158672	59.34731293
25.04799935	8.28186512	63.29970551
25.05199935	8.12100124	63.29970551
25.05599935	8.12100124	63.29970551
25.05999935	8.04072380	59.34731293
25.06399935	8.04072380	63.29970551
25.06799935	8.12100124	63.29970551
25.07199935	8.20158672	63.29970551
25.07599934	8.20158672	63.29970551
25.07999934	8.20158672	63.29970551
25.08399934	8.12100124	63.29970551
25.08799934	8.04072380	63.29970551
25.09199934	8.04072380	59.34731293
25.09599934	8.12100124	63.29970551
25.09999934	8.20158672	63.29970551
25.10399934	8.28186512	63.29970551
25.10799934	8.12100124	63.29970551
25.11199934	8.04072380	59.34731293
25.11599934	8.12100124	59.34731293
25.11999934	8.20158672	59.34731293
25.12399934	8.12100124	59.34731293
25.12799934	8.12100124	63.29970551
25.13199934	8.12100124	59.34731293
25.13599934	8.12100124	63.29970551
25.13999934	8.12100124	59.34731293
25.14399934	8.04072380	59.34731293
25.14799934	8.12100124	59.34731293
25.15199934	8.20158672	63.29970551
25.15599934	8.20158672	63.29970551
25.15999934	8.12100124	63.29970551
25.16399934	8.04072380	59.34731293
25.16799934	8.12100124	63.29970551
25.17199934	8.12100124	59.34731293
25.17599934	8.12100124	63.29970551
25.17999934	8.12100124	63.29970551
25.18399934	8.20158672	63.29970551
25.18799934	8.12100124	63.29970551
25.19199934	8.12100124	63.29970551
25.19599934	8.04072380	59.34731293
25.19999934	8.12100124	63.29970551
25.20399934	8.20158672	63.29970551
25.20799934	8.20158672	63.29970551
25.21199934	8.12100124	63.29970551
25.21599934	8.04072380	63.29970551
25.21999934	8.12100124	55.39492798
25.22399934	8.12100124	63.29970551
25.22799934	8.12100124	59.34731293
25.23199934	8.12100124	63.29970551
25.23599934	8.20158672	59.34731293
25.23999934	8.20158672	63.29970551
25.24399934	8.12100124	59.34731293
25.24799934	8.04072380	59.34731293
25.25199934	8.04072380	55.39492798
25.25599934	8.20158672	63.29970551
25.25999934	8.20158672	59.34731293
25.26399934	8.12100124	63.29970551
25.26799934	8.12100124	59.34731293
25.27199934	8.12100124	59.34731293
25.27599934	8.12100124	59.34731293
25.27999934	8.12100124	59.34731293
25.28399934	8.12100124	59.34731293
25.28799934	8.20158672	59.34731293
25.29199934	8.20158672	59.34731293
25.29599934	8.12100124	63.29970551
25.29999934	8.04072380	59.34731293
25.30399934	8.12100124	59.34731293
25.30799934	8.12100124	59.34731293
25.31199934	8.12100124	59.34731293
25.31599934	8.12100124	55.39492798
25.31999934	8.12100124	63.29970551
25.32399934	8.20158672	55.39492798
25.32799934	8.12100124	63.29970551
25.33199934	8.12100124	59.34731293
25.33599934	8.12100124	59.34731293
25.33999934	8.12100124	55.39492798
25.34399934	8.12100124	63.29970551
25.34799934	8.12100124	59.34731293
25.35199934	8.12100124	63.29970551
25.35599934	8.12100124	59.34731293
25.35999934	8.12100124	63.29970551
25.36399934	8.04072380	59.34731293
25.36799934	8.12100124	63.29970551
25.37199934	8.20158672	59.34731293
25.37599934	8.20158672	63.29970551
25.37999934	8.12100124	59.34731293
25.38399934	8.12100124	63.29970551
25.38799934	8.04072380	55.39492798
25.39199934	8.12100124	59.34731293
25.39599934	8.12100124	55.39492798
25.39999934	8.20158672	59.34731293
25.40399934	8.20158672	59.34731293
25.40799934	8.12100124	63.29970551
25.41199934	8.12100124	55.39492798
25.41599934	8.12100124	59.34731293
25.41999934	8.12100124	59.34731293
25.42399934	8.12100124	59.34731293
25.42799934	8.12100124	59.34731293
25.43199933	8.20158672	59.34731293
25.43599933	8.12100124	55.39492798
25.43999933	8.12100124	59.34731293
25.44399933	8.04072380	55.39492798
25.44799933	8.12100124	59.34731293
25.45199933	8.12100124	59.34731293
25.45599933	8.12100124	59.34731293
25.45999933	8.12100124	59.34731293
25.46399933	8.04072380	59.34731293
25.46799933	8.12100124	55.39492798
25.47199933	8.12100124	63.29970551
25.47599933	8.12100124	59.34731293
25.47999933	8.12100124	59.34731293
25.48399933	8.12100124	59.34731293
25.48799933	8.12100124	59.34731293
25.49199933	8.12100124	59.34731293
25.49599933	8.12100124	59.34731293
25.49999933	8.12100124	55.39492798
25.50399933	8.20158672	59.34731293
25.50799933	8.12100124	55.39492798
25.51199933	8.04072380	55.39492798
25.51599933	8.04072380	55.39492798
25.51999933	8.12100124	59.34731293
25.52399933	8.12100124	59.34731293
25.52799933	8.12100124	59.34731293
25.53199933	8.12100124	55.39492798
25.53599933	8.20158672	59.34731293
25.53999933	8.20158672	55.39492798
25.54399933	8.12100124	55.39492798
25.54799933	8.04072380	55.39492798
25.55199933	8.12100124	59.34731293
25.55599933	8.12100124	59.34731293
25.55999933	8.12100124	59.34731293
25.56399933	8.04072380	51.42716217
25.56799933	8.12100124	55.39492798
25.57199933	8.20158672	55.39492798
25.57599933	8.12100124	63.29970551
25.57999933	8.04072380	59.34731293
25.58399933	8.04072380	59.34731293
25.58799933	8.12100124	55.39492798
25.59199933	8.12100124	55.39492798
25.59599933	8.12100124	55.39492798
25.59999933	8.12100124	59.34731293
25.60399933	8.12100124	55.39492798
25.60799933	8.12100124	59.34731293
25.61199933	8.12100124	55.39492798
25.61599933	8.12100124	55.39492798
25.61999933	8.12100124	55.39492798
25.62399933	8.12100124	59.34731293
25.62799933	8.12100124	55.39492798
25.63199933	8.12100124	55.39492798
25.63599933	8.12100124	55.39492798
25.63999933	8.12100124	55.39492798
25.64399933	8.04072380	55.39492798
25.64799933	8.12100124	55.39492798
25.65199933	8.12100124	55.39492798
25.65599933	8.12100124	55.39492798
25.65999933	8.12100124	59.34731293
25.66399933	8.04072380	55.39492798
25.66799933	8.04072380	51.42716217
25.67199933	8.12100124	55.39492798
25.67599933	8.12100124	59.34731293
25.67999933	8.12100124	55.39492798
25.68399933	8.12100124	55.39492798
25.68799933	8.12100124	59.34731293
25.69199933	8.12100124	55.39492798
25.69599933	8.04072380	59.34731293
25.69999933	8.12100124	51.42716217
25.70399933	8.12100124	55.39492798
25.70799933	8.20158672	59.34731293
25.71199933	8.20158672	55.39492798
25.71599933	8.04072380	59.34731293
25.71999933	8.04072380	55.39492798
25.72399933	8.12100124	51.42716217
25.72799933	8.12100124	59.34731293
25.73199933	8.12100124	59.34731293
25.73599933	8.12100124	55.39492798
25.73999933	8.12100124	55.39492798
25.74399933	8.12100124	55.39492798
25.74799933	8.04072380	51.42716217
25.75199933	8.04072380	55.39492798
25.75599933	8.12100124	55.39492798
25.75999933	8.20158672	55.39492798
25.76399933	8.20158672	59.34731293
25.76799933	8.04072380	55.39492798
25.77199933	8.04072380	51.42716217
25.77599933	8.12100124	55.39492798
25.77999933	8.12100124	55.39492798
25.78399932	8.12100124	55.39492798
25.78799932	8.12100124	55.39492798
25.79199932	8.12100124	55.39492798
25.79599932	8.04072380	55.39492798
25.79999932	8.12100124	55.39492798
25.80399932	8.04072380	55.39492798
25.80799932	8.12100124	55.39492798
25.81199932	8.12100124	55.39492798
25.81599932	8.12100124	55.39492798
25.81999932	8.04072380	55.39492798
25.82399932	7.96013784	55.39492798
25.82799932	8.04072380	55.39492798
25.83199932	8.12100124	55.39492798
25.83599932	8.20158672	55.39492798
25.83999932	8.12100124	55.39492798
25.84399932	8.04072380	51.42716217
25.84799932	8.04072380	51.42716217
25.85199932	8.12100124	55.39492798
25.85599932	8.12100124	55.39492798
25.85999932	8.04072380	51.42716217
25.86399932	8.12100124	59.34731293
25.86799932	8.12100124	55.39492798
25.87199932	8.12100124	55.39492798
25.87599932	7.96013784	51.42716217
25.87999932	8.04072380	51.42716217
25.88399932	8.12100124	55.39492798
25.88799932	8.20158672	55.39492798
25.89199932	8.20158672	55.39492798
25.89599932	8.04072380	55.39492798
25.89999932	8.04072380	51.42716217
25.90399932	8.12100124	59.34731293
25.90799932	8.12100124	55.39492798
25.91199932	8.04072380	55.39492798
25.91599932	8.12100124	55.39492798
25.91999932	8.12100124	55.39492798
25.92399932	8.12100124	55.39492798
25.92799932	7.96013784	51.42716217
25.93199932	8.04072380	51.42716217
25.93599932	8.12100124	55.39492798
25.93999932	8.20158672	51.42716217
25.94399932	8.20158672	55.39492798
25.94799932	8.04072380	55.39492798
25.95199932	8.04072380	55.39492798
25.95599932	8.12100124	51.42716217
25.95999932	8.12100124	55.39492798
25.96399932	8.12100124	51.42716217
25.96799932	8.12100124	55.39492798
25.97199932	8.12100124	55.39492798
25.97599932	8.12100124	55.39492798
25.97999932	8.12100124	51.42716217
25.98399932	8.04072380	55.39492798
25.98799932	8.04072380	51.42716217
25.99199932	8.12100124	55.39492798
25.99599932	8.20158672	51.42716217
25.99999932	8.20158672	55.39492798
26.00399932	8.12100124	51.42716217
26.00799932	8.04072380	55.39492798
26.01199932	8.04072380	55.39492798
26.01599932	8.04072380	55.39492798
26.01999932	8.12100124	51.42716217
26.02399932	8.20158672	55.39492798
26.02799932	8.20158672	55.39492798
26.03199932	8.12100124	55.39492798
26.03599932	8.04072380	51.42716217
26.03999932	8.04072380	51.42716217
26.04399932	8.12100124	51.42716217
26.04799932	8.12100124	55.39492798
26.05199932	8.12100124	59.34731293
26.05599932	8.12100124	55.39492798
26.05999932	8.12100124	51.42716217
26.06399932	8.12100124	55.39492798
26.06799932	8.12100124	51.42716217
26.07199932	8.04072380	55.39492798
26.07599932	8.04072380	55.39492798
26.07999932	8.12100124	55.39492798
26.08399932	8.12100124	51.42716217
26.08799932	8.12100124	55.39492798
26.09199932	8.04072380	51.42716217
26.09599932	8.04072380	51.42716217
26.09999932	8.12100124	51.42716217
26.10399932	8.12100124	51.42716217
26.10799932	8.12100124	51.42716217
26.11199932	8.12100124	51.42716217
26.11599932	8.04072380	51.42716217
26.11999932	8.12100124	51.42716217
26.12399932	8.04072380	47.47477722
26.12799932	8.04072380	51.42716217
26.13199932	8.04072380	51.42716217
26.13599932	8.20158672	55.39492798
26.13999931	8.12100124	51.42716217
26.14399931	8.12100124	55.39492798
26.14799931	8.04072380	51.42716217
26.15199931	8.04072380	51.42716217
26.15599931	8.12100124	51.42716217
26.15999931	8.12100124	55.39492798
26.16399931	8.12100124	51.42716217
26.16799931	8.12100124	55.39492798
26.17199931	8.12100124	51.42716217
26.17599931	8.12100124	55.39492798
26.17999931	8.04072380	51.42716217
26.18399931	8.04072380	51.42716217
26.18799931	8.12100124	51.42716217
26.19199931	8.12100124	55.39492798
26.19599931	8.12100124	51.42716217
26.19999931	8.04072380	51.42716217
26.20399931	8.04072380	51.42716217
26.20799931	8.04072380	51.42716217
26.21199931	8.12100124	51.42716217
26.21599931	8.12100124	55.39492798
26.21999931	8.12100124	51.42716217
26.22399931	8.12100124	51.42716217
26.22799931	8.12100124	51.42716217
26.23199931	8.12100124	51.42716217
26.23599931	8.12100124	51.42716217
26.23999931	8.04072380	55.39492798
26.24399931	8.12100124	51.42716217
26.24799931	8.12100124	51.42716217
26.25199931	8.12100124	51.42716217
26.25599931	8.04072380	51.42716217
26.25999931	8.12100124	47.47477722
26.26399931	8.12100124	55.39492798
26.26799931	8.12100124	51.42716217
26.27199931	8.12100124	51.42716217
26.27599931	8.12100124	51.42716217
26.27999931	8.12100124	51.42716217
26.28399931	8.12100124	51.42716217
26.28799931	8.04072380	51.42716217
26.29199931	8.04072380	51.42716217
26.29599931	8.12100124	51.42716217
26.29999931	8.12100124	51.42716217
26.30399931	8.12100124	55.39492798
26.30799931	8.04072380	47.47477722
26.31199931	8.12100124	55.39492798
26.31599931	8.12100124	47.47477722
26.31999931	8.12100124	55.39492798
26.32399931	8.12100124	51.42716217
26.32799931	8.12100124	51.42716217
26.33199931	8.04072380	51.42716217
26.33599931	8.12100124	51.42716217
26.33999931	8.12100124	51.42716217
26.34399931	8.04072380	51.42716217
26.34799931	8.12100124	47.47477722
26.35199931	8.12100124	51.42716217
26.35599931	8.04072380	47.47477722
26.35999931	8.12100124	51.42716217
26.36399931	8.12100124	51.42716217
26.36799931	8.12100124	55.39492798
26.37199931	8.12100124	51.42716217
26.37599931	8.12100124	51.42716217
26.37999931	8.12100124	51.42716217
26.38399931	8.04072380	55.39492798
26.38799931	8.04072380	47.47477722
26.39199931	8.12100124	51.42716217
26.39599931	8.12100124	51.42716217
26.39999931	8.12100124	51.42716217
26.40399931	8.12100124	51.42716217
26.40799931	8.12100124	51.42716217
26.41199931	8.04072380	51.42716217
26.41599931	8.04072380	51.42716217
26.41999931	8.12100124	51.42716217
26.42399931	8.12100124	51.42716217
26.42799931	8.12100124	51.42716217
26.43199931	8.12100124	55.39492798
26.43599931	8.04072380	51.42716217
26.43999931	8.04072380	47.47477722
26.44399931	8.04072380	47.47477722
26.44799931	8.12100124	51.42716217
26.45199931	8.12100124	51.42716217
26.45599931	8.12100124	55.39492798
26.45999931	8.12100124	47.47477722
26.46399931	8.04072380	51.42716217
26.46799931	8.04072380	51.42716217
26.47199931	8.12100124	51.42716217
26.47599931	8.12100124	47.47477722
26.47999931	8.12100124	51.42716217
26.48399931	8.12100124	51.42716217
26.48799931	8.04072380	51.42716217
26.49199930	8.12100124	47.47477722
26.49599930	8.04072380	51.42716217
26.49999930	8.12100124	51.42716217
26.50399930	8.12100124	51.42716217
26.50799930	8.12100124	51.42716217
26.51199930	8.12100124	55.39492798
26.51599930	8.04072380	51.42716217
26.51999930	8.04072380	47.47477722
26.52399930	8.12100124	47.47477722
26.52799930	8.12100124	51.42716217
26.53199930	8.12100124	51.42716217
26.53599930	8.12100124	51.42716217
26.53999930	8.12100124	51.42716217
26.54399930	8.12100124	51.42716217
26.54799930	8.04072380	47.47477722
26.55199930	8.04072380	51.42716217
26.55599930	8.12100124	51.42716217
26.55999930	8.12100124	51.42716217
26.56399930	8.12100124	51.42716217
26.56799930	8.04072380	51.42716217
26.57199930	8.04072380	51.42716217
26.57599930	8.12100124	51.42716217
26.57999930	8.12100124	51.42716217
26.58399930	8.12100124	55.39492798
26.58799930	8.12100124	47.47477722
26.59199930	8.12100124	51.42716217
26.59599930	8.12100124	51.42716217
26.59999930	8.04072380	51.42716217
26.60399930	8.04072380	47.47477722
26.60799930	8.12100124	51.42716217
26.61199930	8.20158672	51.42716217
26.61599930	8.20158672	51.42716217
26.61999930	8.04072380	51.42716217
26.62399930	8.04072380	47.47477722
26.62799930	8.04072380	47.47477722
26.63199930	8.12100124	51.42716217
26.63599930	8.12100124	51.42716217
26.63999930	8.12100124	51.42716217
26.64399930	8.12100124	51.42716217
26.64799930	8.12100124	47.47477722
26.65199930	8.04072380	47.47477722
26.65599930	8.04072380	51.42716217
26.65999930	8.12100124	47.47477722
26.66399930	8.12100124	51.42716217
26.66799930	8.12100124	51.42716217
26.67199930	8.04072380	55.39492798
26.67599930	8.04072380	47.47477722
26.67999930	8.04072380	47.47477722
26.68399930	8.12100124	51.42716217
26.68799930	8.12100124	51.42716217
26.69199930	8.12100124	47.47477722
26.69599930	8.12100124	51.42716217
26.69999930	8.04072380	51.42716217
26.70399930	8.04072380	51.42716217
26.70799930	8.04072380	43.52238846
26.71199930	8.04072380	47.47477722
26.71599930	8.20158672	51.42716217
26.71999930	8.12100124	51.42716217
26.72399930	8.04072380	47.47477722
26.72799930	8.04072380	51.42716217
26.73199930	8.04072380	47.47477722
26.73599930	8.12100124	51.42716217
26.73999930	8.04072380	51.42716217
26.74399930	8.12100124	47.47477722
26.74799930	8.12100124	51.42716217
26.75199930	8.04072380	55.39492798
26.75599930	8.04072380	47.47477722
26.75999930	8.04072380	47.47477722
26.76399930	8.04072380	47.47477722
26.76799930	8.12100124	55.39492798
26.77199930	8.04072380	47.47477722
26.77599930	8.04072380	51.42716217
26.77999930	8.04072380	47.47477722
26.78399930	8.04072380	51.42716217
26.78799930	8.04072380	51.42716217
26.79199930	8.04072380	47.47477722
26.79599930	8.04072380	47.47477722
26.79999930	8.12100124	51.42716217
26.80399930	8.04072380	51.42716217
26.80799930	8.04072380	47.47477722
26.81199930	8.04072380	47.47477722
26.81599930	8.04072380	51.42716217
26.81999930	8.04072380	47.47477722
26.82399930	8.12100124	47.47477722
26.82799930	8.12100124	51.42716217
26.83199930	8.12100124	51.42716217
26.83599930	8.04072380	47.47477722
26.83999930	7.96013784	47.47477722
26.84399929	8.04072380	47.47477722
26.84799929	8.12100124	47.47477722
26.85199929	8.12100124	47.47477722
26.85599929	8.12100124	47.47477722
26.85999929	8.04072380	51.42716217
26.86399929	8.04072380	51.42716217
26.86799929	8.04072380	47.47477722
26.87199929	8.04072380	47.47477722
26.87599929	8.12100124	47.47477722
26.87999929	8.12100124	51.42716217
26.88399929	8.04072380	51.42716217
26.88799929	8.04072380	51.42716217
26.89199929	8.04072380	47.47477722
26.89599929	8.12100124	47.47477722
26.89999929	8.04072380	47.47477722
26.90399929	8.04072380	47.47477722
26.90799929	8.12100124	47.47477722
26.91199929	8.20158672	51.42716217
26.91599929	8.12100124	51.42716217
26.91999929	8.04072380	51.42716217
26.92399929	7.96013784	47.47477722
26.92799929	8.12100124	51.42716217
26.93199929	8.20158672	47.47477722
26.93599929	8.12100124	51.42716217
26.93999929	8.04072380	51.42716217
26.94399929	8.04072380	47.47477722
26.94799929	8.04072380	47.47477722
26.95199929	8.12100124	51.42716217
26.95599929	8.12100124	47.47477722
26.95999929	8.04072380	51.42716217
26.96399929	8.12100124	47.47477722
26.96799929	8.12100124	47.47477722
26.97199929	8.04072380	47.47477722
26.97599929	8.04072380	47.47477722
26.97999929	8.04072380	43.52238846
26.98399929	8.12100124	51.42716217
26.98799929	8.12100124	47.47477722
26.99199929	8.12100124	47.47477722
26.99599929	8.12100124	47.47477722
26.99999929	8.12100124	47.47477722
27.00399929	8.12100124	47.47477722
27.00799929	8.04072380	51.42716217
27.01199929	8.12100124	47.47477722
27.01599929	8.12100124	51.42716217
27.01999929	8.12100124	47.47477722
27.02399929	8.12100124	47.47477722
27.02799929	8.12100124	47.47477722
27.03199929	8.12100124	47.47477722
27.03599929	8.04072380	47.47477722
27.03999929	8.04072380	51.42716217
27.04399929	8.04072380	47.47477722
27.04799929	8.12100124	47.47477722
27.05199929	8.12100124	51.42716217
27.05599929	8.04072380	47.47477722
27.05999929	8.12100124	47.47477722
27.06399929	8.20158672	47.47477722
27.06799929	8.12100124	47.47477722
27.07199929	8.12100124	51.42716217
27.07599929	8.04072380	47.47477722
27.07999929	8.12100124	47.47477722
27.08399929	8.12100124	47.47477722
27.08799929	8.12100124	51.42716217
27.09199929	8.12100124	47.47477722
27.09599929	8.04072380	47.47477722
27.09999929	8.12100124	47.47477722
27.10399929	8.12100124	51.42716217
27.10799929	8.04072380	47.47477722
27.11199929	8.12100124	47.47477722
27.11599929	8.12100124	47.47477722
27.11999929	8.12100124	51.42716217
27.12399929	8.12100124	43.52238846
27.12799929	8.12100124	47.47477722
27.13199929	8.12100124	43.52238846
27.13599929	8.12100124	47.47477722
27.13999929	8.04072380	47.47477722
27.14399929	8.12100124	47.47477722
27.14799929	8.12100124	47.47477722
27.15199929	8.12100124	51.42716217
27.15599929	8.12100124	47.47477722
27.15999929	8.04072380	47.47477722
27.16399929	8.12100124	47.47477722
27.16799929	8.12100124	51.42716217
27.17199929	8.12100124	47.47477722
27.17599929	8.12100124	47.47477722
27.17999929	8.04072380	43.52238846
27.18399929	8.12100124	47.47477722
27.18799929	8.12100124	47.47477722
27.19199929	8.12100124	47.47477722
27.19599929	8.04072380	47.47477722
27.19999928	8.12100124	47.47477722
27.20399928	8.12100124	43.52238846
27.20799928	8.12100124	47.47477722
27.21199928	8.12100124	43.52238846
27.21599928	8.12100124	47.47477722
27.21999928	8.12100124	43.52238846
27.22399928	8.12100124	47.47477722
27.22799928	8.12100124	43.52238846
27.23199928	8.12100124	47.47477722
27.23599928	8.04072380	43.52238846
27.23999928	8.12100124	47.47477722
27.24399928	8.20158672	47.47477722
27.24799928	8.12100124	51.42716217
27.25199928	8.04072380	43.52238846
27.25599928	8.12100124	47.47477722
27.25999928	8.12100124	47.47477722
27.26399928	8.12100124	51.42716217
27.26799928	8.04072380	47.47477722
27.27199928	8.12100124	47.47477722
27.27599928	8.12100124	47.47477722
27.27999928	8.20158672	47.47477722
27.28399928	8.12100124	47.47477722
27.28799928	8.04072380	47.47477722
27.29199928	8.04072380	43.52238846
27.29599928	8.12100124	47.47477722
27.29999928	8.12100124	47.47477722
27.30399928	8.04072380	47.47477722
27.30799928	8.04072380	43.52238846
27.31199928	8.12100124	47.47477722
27.31599928	8.12100124	43.52238846
27.31999928	8.12100124	47.47477722
27.32399928	8.12100124	43.52238846
27.32799928	8.12100124	47.47477722
27.33199928	8.12100124	47.47477722
27.33599928	8.12100124	43.52238846
27.33999928	8.04072380	43.52238846
27.34399928	8.12100124	43.52238846
27.34799928	8.04072380	43.52238846
27.35199928	8.04072380	47.47477722
27.35599928	8.12100124	43.52238846
27.35999928	8.12100124	43.52238846
27.36399928	8.12100124	43.52238846
27.36799928	8.12100124	47.47477722
27.37199928	8.04072380	47.47477722
27.37599928	8.12100124	47.47477722
27.37999928	8.12100124	43.52238846
27.38399928	8.12100124	47.47477722
27.38799928	8.12100124	43.52238846
27.39199928	8.12100124	47.47477722
27.39599928	8.12100124	47.47477722
27.39999928	8.04072380	47.47477722
27.40399928	8.04072380	39.55462265
27.40799928	8.20158672	47.47477722
27.41199928	8.12100124	43.52238846
27.41599928	8.12100124	47.47477722
27.41999928	8.04072380	43.52238846
27.42399928	8.12100124	47.47477722
27.42799928	8.04072380	47.47477722
27.43199928	8.12100124	47.47477722
27.43599928	8.12100124	43.52238846
27.43999928	8.20158672	47.47477722
27.44399928	8.12100124	47.47477722
27.44799928	8.04072380	47.47477722
27.45199928	8.04072380	47.47477722
27.45599928	8.12100124	47.47477722
27.45999928	8.12100124	47.47477722
27.46399928	8.12100124	47.47477722
27.46799928	8.12100124	47.47477722
27.47199928	8.12100124	47.47477722
27.47599928	8.04072380	43.52238846
27.47999928	8.12100124	43.52238846
27.48399928	8.12100124	47.47477722
27.48799928	8.12100124	47.47477722
27.49199928	8.12100124	43.52238846
27.49599928	8.12100124	47.47477722
27.49999928	8.04072380	43.52238846
27.50399928	8.04072380	47.47477722
27.50799928	8.04072380	43.52238846
27.51199928	8.12100124	47.47477722
27.51599928	8.20158672	47.47477722
27.51999928	8.12100124	47.47477722
27.52399928	8.04072380	43.52238846
27.52799928	8.04072380	43.52238846
27.53199928	8.04072380	43.52238846
27.53599928	8.12100124	47.47477722
27.53999928	8.12100124	47.47477722
27.54399928	8.20158672	47.47477722
27.54799928	8.12100124	47.47477722
27.55199927	8.12100124	43.52238846
27.55599927	8.04072380	43.52238846
27.55999927	8.04072380	43.52238846
27.56399927	8.12100124	43.52238846
27.56799927	8.12100124	47.47477722
27.57199927	8.12100124	43.52238846
27.57599927	8.12100124	43.52238846
27.57999927	8.12100124	43.52238846
27.58399927	8.12100124	43.52238846
27.58799927	8.04072380	43.52238846
27.59199927	8.04072380	47.47477722
27.59599927	8.12100124	43.52238846
27.59999927	8.12100124	47.47477722
27.60399927	8.12100124	43.52238846
27.60799927	8.12100124	47.47477722
27.61199927	8.04072380	43.52238846
27.61599927	8.12100124	43.52238846
27.61999927	8.12100124	43.52238846
27.62399927	8.12100124	47.47477722
27.62799927	8.12100124	43.52238846
27.63199927	8.12100124	47.47477722
27.63599927	8.04072380	47.47477722
27.63999927	8.12100124	47.47477722
27.64399927	8.04072380	43.52238846
27.64799927	8.12100124	43.52238846
27.65199927	8.12100124	47.47477722
27.65599927	8.12100124	47.47477722
27.65999927	8.12100124	47.47477722
27.66399927	8.12100124	43.52238846
27.66799927	8.12100124	43.52238846
27.67199927	8.04072380	47.47477722
27.67599927	8.12100124	43.52238846
27.67999927	8.12100124	47.47477722
27.68399927	8.12100124	43.52238846
27.68799927	8.12100124	47.47477722
27.69199927	8.04072380	43.52238846
27.69599927	8.04072380	43.52238846
27.69999927	8.12100124	43.52238846
27.70399927	8.12100124	43.52238846
27.70799927	8.04072380	39.55462265
27.71199927	8.12100124	47.47477722
27.71599927	8.12100124	43.52238846
27.71999927	8.12100124	47.47477722
27.72399927	8.04072380	43.52238846
27.72799927	8.04072380	47.47477722
27.73199927	8.12100124	39.55462265
27.73599927	8.12100124	43.52238846
27.73999927	8.12100124	43.52238846
27.74399927	8.04072380	47.47477722
27.74799927	8.04072380	43.52238846
27.75199927	8.12100124	47.47477722
27.75599927	8.12100124	43.52238846
27.75999927	8.04072380	47.47477722
27.76399927	8.12100124	43.52238846
27.76799927	8.20158672	43.52238846
27.77199927	8.20158672	43.52238846
27.77599927	8.12100124	47.47477722
27.77999927	8.04072380	43.52238846
27.78399927	8.12100124	43.52238846
27.78799927	8.12100124	43.52238846
27.79199927	8.12100124	47.47477722
27.79599927	8.12100124	43.52238846
27.79999927	8.12100124	47.47477722
27.80399927	8.12100124	43.52238846
27.80799927	8.12100124	47.47477722
27.81199927	8.04072380	43.52238846
27.81599927	8.12100124	43.52238846
27.81999927	8.20158672	43.52238846
27.82399927	8.12100124	47.47477722
27.82799927	8.04072380	43.52238846
27.83199927	8.04072380	43.52238846
27.83599927	8.12100124	43.52238846
27.83999927	8.12100124	43.52238846
27.84399927	8.12100124	43.52238846
27.84799927	8.12100124	43.52238846
27.85199927	8.12100124	43.52238846
27.85599927	8.12100124	43.52238846
27.85999927	8.04072380	39.55462265
27.86399927	8.04072380	43.52238846
27.86799927	8.12100124	43.52238846
27.87199927	8.12100124	47.47477722
27.87599927	8.04072380	47.47477722
27.87999927	8.04072380	43.52238846
27.88399927	8.04072380	43.52238846
27.88799927	8.12100124	43.52238846
27.89199927	8.12100124	47.47477722
27.89599927	8.04072380	43.52238846
27.89999927	8.12100124	43.52238846
27.90399926	8.12100124	43.52238846
27.90799926	8.12100124	43.52238846
27.91199926	8.12100124	43.52238846
27.91599926	8.04072380	43.52238846
27.91999926	8.12100124	47.47477722
27.92399926	8.12100124	43.52238846
27.92799926	8.12100124	43.52238846
27.93199926	8.04072380	43.52238846
27.93599926	8.12100124	43.52238846
27.93999926	8.12100124	39.55462265
27.94399926	8.12100124	47.47477722
27.94799926	8.12100124	43.52238846
27.95199926	8.12100124	43.52238846
27.95599926	8.12100124	43.52238846
27.95999926	8.12100124	43.52238846
27.96399926	8.04072380	43.52238846
27.96799926	8.12100124	43.52238846
27.97199926	8.04072380	39.55462265
27.97599926	8.12100124	43.52238846
27.97999926	8.20158672	43.52238846
27.98399926	8.12100124	47.47477722
27.98799926	8.04072380	43.52238846
27.99199926	8.12100124	43.52238846
27.99599926	8.12100124	43.52238846
27.99999926	8.20158672	43.52238846
28.00399926	8.12100124	39.55462265
28.00799926	8.12100124	47.47477722
28.01199926	8.12100124	43.52238846
28.01599926	8.12100124	43.52238846
28.01999926	8.04072380	39.55462265
28.02399926	8.12100124	39.55462265
28.02799926	8.12100124	43.52238846
28.03199926	8.20158672	47.47477722
28.03599926	8.04072380	43.52238846
28.03999926	8.04072380	39.55462265
28.04399926	8.04072380	39.55462265
28.04799926	8.12100124	43.52238846
28.05199926	8.12100124	39.55462265
28.05599926	8.12100124	43.52238846
28.05999926	8.12100124	39.55462265
28.06399926	8.12100124	43.52238846
28.06799926	8.12100124	39.55462265
28.07199926	8.12100124	43.52238846
28.07599926	8.12100124	39.55462265
28.07999926	8.12100124	47.47477722
28.08399926	8.12100124	43.52238846
28.08799926	8.12100124	43.52238846
28.09199926	8.12100124	39.55462265
28.09599926	8.12100124	43.52238846
28.09999926	8.12100124	39.55462265
28.10399926	8.12100124	47.47477722
28.10799926	8.12100124	43.52238846
28.11199926	8.12100124	43.52238846
28.11599926	8.12100124	43.52238846
28.11999926	8.04072380	47.47477722
28.12399926	8.04072380	43.52238846
28.12799926	8.04072380	43.52238846
28.13199926	8.12100124	43.52238846
28.13599926	8.04072380	43.52238846
28.13999926	8.04072380	43.52238846
28.14399926	8.12100124	47.47477722
28.14799926	8.12100124	43.52238846
28.15199926	8.12100124	43.52238846
28.15599926	8.04072380	43.52238846
28.15999926	8.12100124	43.52238846
28.16399926	8.12100124	43.52238846
28.16799926	8.04072380	43.52238846
28.17199926	8.04072380	43.52238846
28.17599926	8.12100124	43.52238846
28.17999926	8.12100124	39.55462265
28.18399926	8.20158672	43.52238846
28.18799926	8.12100124	39.55462265
28.19199926	8.12100124	43.52238846
28.19599926	8.12100124	39.55462265
28.19999926	8.12100124	43.52238846
28.20399926	8.04072380	39.55462265
28.20799926	8.12100124	43.52238846
28.21199926	8.12100124	43.52238846
28.21599926	8.12100124	47.47477722
28.21999926	8.12100124	39.55462265
28.22399926	8.04072380	43.52238846
28.22799926	8.04072380	43.52238846
28.23199926	8.12100124	43.52238846
28.23599926	8.12100124	43.52238846
28.23999926	8.12100124	43.52238846
28.24399926	8.12100124	39.55462265
28.24799926	8.12100124	47.47477722
28.25199926	8.04072380	43.52238846
28.25599926	8.04072380	43.52238846
28.25999925	8.12100124	39.55462265
28.26399925	8.12100124	43.52238846
28.26799925	8.12100124	39.55462265
28.27199925	8.04072380	43.52238846
28.27599925	8.04072380	39.55462265
28.27999925	8.12100124	43.52238846
28.28399925	8.12100124	43.52238846
28.28799925	8.12100124	43.52238846
28.29199925	8.04072380	43.52238846
28.29599925	8.12100124	43.52238846
28.29999925	8.12100124	43.52238846
28.30399925	8.12100124	43.52238846
28.30799925	8.04072380	39.55462265
28.31199925	8.12100124	43.52238846
28.31599925	8.12100124	43.52238846
28.31999925	8.12100124	43.52238846
28.32399925	8.12100124	39.55462265
28.32799925	8.12100124	43.52238846
28.33199925	8.12100124	39.55462265
28.33599925	8.12100124	43.52238846
28.33999925	8.12100124	43.52238846
28.34399925	8.04072380	43.52238846
28.34799925	8.12100124	43.52238846
28.35199925	8.12100124	43.52238846
28.35599925	8.12100124	39.55462265
28.35999925	8.04072380	43.52238846
28.36399925	8.04072380	39.55462265
28.36799925	8.12100124	39.55462265
28.37199925	8.12100124	39.55462265
28.37599925	8.12100124	43.52238846
28.37999925	8.12100124	39.55462265
28.38399925	8.12100124	43.52238846
28.38799925	8.12100124	43.52238846
28.39199925	8.12100124	39.55462265
28.39599925	8.12100124	39.55462265
28.39999925	8.12100124	43.52238846
28.40399925	8.12100124	43.52238846
28.40799925	8.04072380	43.52238846
28.41199925	8.04072380	39.55462265
28.41599925	8.12100124	43.52238846
28.41999925	8.12100124	39.55462265
28.42399925	8.12100124	39.55462265
28.42799925	8.12100124	43.52238846
28.43199925	8.12100124	43.52238846
28.43599925	8.04072380	43.52238846
28.43999925	8.04072380	43.52238846
28.44399925	8.12100124	39.55462265
28.44799925	8.12100124	43.52238846
28.45199925	8.12100124	39.55462265
28.45599925	8.12100124	43.52238846
28.45999925	8.04072380	43.52238846
28.46399925	8.12100124	43.52238846
28.46799925	8.04072380	39.55462265
28.47199925	8.12100124	39.55462265
28.47599925	8.12100124	39.55462265
28.47999925	8.04072380	43.52238846
28.48399925	8.12100124	35.60223770
28.48799925	8.12100124	43.52238846
28.49199925	8.04072380	39.55462265
28.49599925	8.12100124	39.55462265
28.49999925	8.04072380	39.55462265
28.50399925	8.12100124	39.55462265
28.50799925	8.12100124	39.55462265
28.51199925	8.12100124	43.52238846
28.51599925	8.04072380	43.52238846
28.51999925	8.04072380	43.52238846
28.52399925	8.04072380	39.55462265
28.52799925	8.12100124	43.52238846
28.53199925	8.12100124	39.55462265
28.53599925	8.12100124	43.52238846
28.53999925	8.04072380	39.55462265
28.54399925	8.04072380	39.55462265
28.54799925	8.12100124	39.55462265
28.55199925	8.12100124	43.52238846
28.55599925	8.12100124	39.55462265
28.55999925	8.04072380	43.52238846
28.56399925	8.12100124	39.55462265
28.56799925	8.12100124	43.52238846
28.57199925	8.12100124	39.55462265
28.57599925	8.04072380	43.52238846
28.57999925	8.04072380	39.55462265
28.58399925	8.12100124	43.52238846
28.58799925	8.12100124	39.55462265
28.59199925	8.12100124	39.55462265
28.59599925	8.04072380	39.55462265
28.59999925	8.12100124	39.55462265
28.60399925	8.12100124	39.55462265
28.60799925	8.12100124	43.52238846
28.61199924	8.04072380	39.55462265
28.61599924	8.12100124	39.55462265
28.61999924	8.12100124	39.55462265
28.62399924	8.12100124	43.52238846
28.62799924	8.12100124	39.55462265
28.63199924	8.04072380	39.55462265
28.63599924	8.12100124	39.55462265
28.63999924	8.12100124	43.52238846
28.64399924	8.12100124	39.55462265
28.64799924	8.12100124	43.52238846
28.65199924	8.12100124	39.55462265
28.65599924	8.12100124	43.52238846
28.65999924	8.12100124	43.52238846
28.66399924	8.04072380	39.55462265
28.66799924	8.12100124	39.55462265
28.67199924	8.12100124	43.52238846
28.67599924	8.04072380	39.55462265
28.67999924	8.04072380	39.55462265
28.68399924	8.12100124	39.55462265
28.68799924	8.12100124	39.55462265
28.69199924	8.12100124	39.55462265
28.69599924	8.04072380	43.52238846
28.69999924	8.04072380	39.55462265
28.70399924	8.12100124	43.52238846
28.70799924	8.12100124	39.55462265
28.71199924	8.04072380	39.55462265
28.71599924	8.04072380	39.55462265
28.71999924	8.12100124	43.52238846
28.72399924	8.12100124	43.52238846
28.72799924	8.12100124	39.55462265
28.73199924	8.12100124	39.55462265
28.73599924	8.04072380	39.55462265
28.73999924	8.04072380	39.55462265
28.74399924	8.04072380	43.52238846
28.74799924	8.04072380	39.55462265
28.75199924	8.12100124	39.55462265
28.75599924	8.12100124	39.55462265
28.75999924	8.12100124	43.52238846
28.76399924	8.04072380	39.55462265
28.76799924	8.04072380	39.55462265
28.77199924	8.12100124	39.55462265
28.77599924	8.04072380	39.55462265
28.77999924	8.04072380	39.55462265
28.78399924	8.12100124	39.55462265
28.78799924	8.12100124	39.55462265
28.79199924	8.12100124	43.52238846
28.79599924	8.04072380	35.60223770
28.79999924	8.04072380	39.55462265
28.80399924	8.12100124	39.55462265
28.80799924	8.12100124	39.55462265
28.81199924	8.04072380	39.55462265
28.81599924	8.12100124	39.55462265
28.81999924	8.04072380	35.60223770
28.82399924	8.12100124	39.55462265
28.82799924	8.12100124	39.55462265
28.83199924	8.04072380	43.52238846
28.83599924	8.04072380	39.55462265
28.83999924	8.12100124	39.55462265
28.84399924	8.12100124	39.55462265
28.84799924	8.04072380	43.52238846
28.85199924	8.04072380	39.55462265
28.85599924	8.12100124	39.55462265
28.85999924	8.12100124	39.55462265
28.86399924	8.12100124	39.55462265
28.86799924	8.04072380	35.60223770
28.87199924	8.12100124	39.55462265
28.87599924	8.12100124	39.55462265
28.87999924	8.12100124	43.52238846
28.88399924	8.12100124	39.55462265
28.88799924	8.12100124	39.55462265
28.89199924	8.12100124	39.55462265
28.89599924	8.12100124	39.55462265
28.89999924	8.12100124	39.55462265
28.90399924	8.04072380	39.55462265
28.90799924	8.04072380	35.60223770
28.91199924	8.12100124	39.55462265
28.91599924	8.12100124	39.55462265
28.91999924	8.12100124	39.55462265
28.92399924	8.04072380	39.55462265
28.92799924	8.12100124	39.55462265
28.93199924	8.12100124	39.55462265
28.93599924	8.12100124	39.55462265
28.93999924	8.04072380	39.55462265
28.94399924	8.12100124	39.55462265
28.94799924	8.12100124	39.55462265
28.95199924	8.12100124	39.55462265
28.95599924	8.04072380	39.55462265
28.95999924	8.12100124	39.55462265
28.96399924	8.12100124	39.55462265
28.96799923	8.20158672	39.55462265
28.97199923	8.12100124	43.52238846
28.97599923	8.04072380	43.52238846
28.97999923	8.04072380	35.60223770
28.98399923	8.12100124	39.55462265
28.98799923	8.12100124	39.55462265
28.99199923	8.12100124	43.52238846
28.99599923	8.12100124	39.55462265
28.99999923	8.12100124	39.55462265
29.00399923	8.12100124	39.55462265
29.00799923	8.04072380	35.60223770
29.01199923	8.12100124	35.60223770
29.01599923	8.12100124	39.55462265
29.01999923	8.12100124	39.55462265
29.02399923	8.12100124	39.55462265
29.02799923	8.04072380	39.55462265
29.03199923	8.12100124	39.55462265
29.03599923	8.12100124	39.55462265
29.03999923	8.12100124	43.52238846
29.04399923	8.04072380	39.55462265
29.04799923	8.12100124	39.55462265
29.05199923	8.12100124	39.55462265
29.05599923	8.12100124	39.55462265
29.05999923	8.12100124	39.55462265
29.06399923	8.12100124	43.52238846
29.06799923	8.12100124	39.55462265
29.07199923	8.12100124	43.52238846
29.07599923	8.12100124	39.55462265
29.07999923	8.20158672	39.55462265
29.08399923	8.12100124	39.55462265
29.08799923	8.12100124	39.55462265
29.09199923	8.04072380	39.55462265
29.09599923	8.04072380	35.60223770
29.09999923	8.12100124	35.60223770
29.10399923	8.20158672	43.52238846
29.10799923	8.12100124	39.55462265
29.11199923	8.12100124	39.55462265
29.11599923	8.04072380	39.55462265
29.11999923	8.12100124	39.55462265
29.12399923	8.12100124	39.55462265
29.12799923	8.12100124	43.52238846
29.13199923	8.20158672	39.55462265
29.13599923	8.12100124	39.55462265
29.13999923	8.12100124	39.55462265
29.14399923	8.04072380	39.55462265
29.14799923	8.12100124	35.60223770
29.15199923	8.12100124	43.52238846
29.15599923	8.12100124	39.55462265
29.15999923	8.20158672	39.55462265
29.16399923	8.12100124	35.60223770
29.16799923	8.12100124	39.55462265
29.17199923	8.12100124	35.60223770
29.17599923	8.12100124	39.55462265
29.17999923	8.04072380	39.55462265
29.18399923	8.12100124	39.55462265
29.18799923	8.20158672	39.55462265
29.19199923	8.20158672	39.55462265
29.19599923	8.04072380	39.55462265
29.19999923	7.96013784	39.55462265
29.20399923	8.12100124	35.60223770
29.20799923	8.28186512	39.55462265
29.21199923	8.12100124	39.55462265
29.21599923	8.12100124	39.55462265
29.21999923	8.12100124	39.55462265
29.22399923	8.12100124	39.55462265
29.22799923	8.12100124	35.60223770
29.23199923	8.04072380	39.55462265
29.23599923	8.12100124	39.55462265
29.23999923	8.20158672	43.52238846
29.24399923	8.12100124	39.55462265
29.24799923	8.04072380	39.55462265
29.25199923	7.96013784	35.60223770
29.25599923	8.04072380	39.55462265
29.25999923	8.20158672	35.60223770
29.26399923	8.20158672	43.52238846
29.26799923	8.12100124	39.55462265
29.27199923	8.12100124	35.60223770
29.27599923	8.12100124	35.60223770
29.27999923	8.12100124	35.60223770
29.28399923	8.12100124	35.60223770
29.28799923	8.12100124	39.55462265
29.29199923	8.20158672	35.60223770
29.29599923	8.20158672	39.55462265
29.29999923	8.12100124	35.60223770
29.30399923	8.04072380	35.60223770
29.30799923	8.04072380	31.64985275
29.31199923	8.12100124	39.55462265
29.31599923	8.28186512	39.55462265
29.31999922	8.20158672	39.55462265
29.32399922	8.12100124	35.60223770
29.32799922	8.12100124	35.60223770
29.33199922	8.04072380	39.55462265
29.33599922	8.12100124	31.64985275
29.33999922	8.12100124	35.60223770
29.34399922	8.20158672	43.52238846
29.34799922	8.20158672	39.55462265
29.35199922	8.12100124	39.55462265
29.35599922	8.04072380	39.55462265
29.35999922	8.04072380	35.60223770
29.36399922	8.12100124	35.60223770
29.36799922	8.20158672	35.60223770
29.37199922	8.20158672	39.55462265
29.37599922	8.12100124	39.55462265
29.37999922	8.12100124	35.60223770
29.38399922	8.12100124	39.55462265
29.38799922	8.04072380	35.60223770
29.39199922	8.12100124	39.55462265
29.39599922	8.12100124	39.55462265
29.39999922	8.20158672	39.55462265
29.40399922	8.20158672	39.55462265
29.40799922	8.12100124	39.55462265
29.41199922	8.12100124	35.60223770
29.41599922	8.12100124	35.60223770
29.41999922	8.12100124	39.55462265
29.42399922	8.12100124	39.55462265
29.42799922	8.20158672	39.55462265
29.43199922	8.12100124	39.55462265
29.43599922	8.12100124	35.60223770
29.43999922	8.12100124	39.55462265
29.44399922	8.12100124	39.55462265
29.44799922	8.20158672	39.55462265
29.45199922	8.12100124	35.60223770
29.45599922	8.12100124	35.60223770
29.45999922	8.12100124	35.60223770
29.46399922	8.12100124	39.55462265
29.46799922	8.20158672	35.60223770
29.47199922	8.12100124	39.55462265
29.47599922	8.12100124	35.60223770
29.47999922	8.20158672	39.55462265
29.48399922	8.20158672	39.55462265
29.48799922	8.12100124	39.55462265
29.49199922	8.04072380	35.60223770
29.49599922	8.12100124	35.60223770
29.49999922	8.20158672	35.60223770
29.50399922	8.20158672	39.55462265
29.50799922	8.12100124	35.60223770
29.51199922	8.12100124	39.55462265
29.51599922	8.12100124	35.60223770
29.51999922	8.12100124	35.60223770
29.52399922	8.12100124	31.64985275
29.52799922	8.12100124	39.55462265
29.53199922	8.20158672	35.60223770
29.53599922	8.20158672	39.55462265
29.53999922	8.12100124	39.55462265
29.54399922	8.04072380	39.55462265
29.54799922	8.04072380	35.60223770
29.55199922	8.20158672	39.55462265
29.55599922	8.20158672	39.55462265
29.55999922	8.12100124	39.55462265
29.56399922	8.12100124	35.60223770
29.56799922	8.12100124	35.60223770
29.57199922	8.12100124	35.60223770
29.57599922	8.12100124	39.55462265
29.57999922	8.20158672	35.60223770
29.58399922	8.20158672	39.55462265
29.58799922	8.20158672	39.55462265
29.59199922	8.12100124	39.55462265
29.59599922	8.04072380	35.60223770
29.59999922	8.12100124	39.55462265
29.60399922	8.20158672	35.60223770
29.60799922	8.20158672	39.55462265
29.61199922	8.20158672	39.55462265
29.61599922	8.20158672	35.60223770
29.61999922	8.12100124	39.55462265
29.62399922	8.12100124	39.55462265
29.62799922	8.12100124	39.55462265
29.63199922	8.20158672	39.55462265
29.63599922	8.20158672	39.55462265
29.63999922	8.20158672	39.55462265
29.64399922	8.12100124	35.60223770
29.64799922	8.12100124	35.60223770
29.65199922	8.12100124	35.60223770
29.65599922	8.20158672	39.55462265
29.65999922	8.12100124	35.60223770
29.66399922	8.20158672	43.52238846
29.66799922	8.12100124	35.60223770
29.67199921	8.12100124	35.60223770
29.67599921	8.12100124	39.55462265
29.67999921	8.12100124	35.60223770
29.68399921	8.12100124	35.60223770
29.68799921	8.20158672	39.55462265
29.69199921	8.20158672	35.60223770
29.69599921	8.12100124	39.55462265
29.69999921	8.12100124	35.60223770
29.70399921	8.12100124	35.60223770
29.70799921	8.12100124	35.60223770
29.71199921	8.20158672	39.55462265
29.71599921	8.12100124	35.60223770
29.71999921	8.20158672	39.55462265
29.72399921	8.20158672	35.60223770
29.72799921	8.12100124	39.55462265
29.73199921	8.12100124	31.64985275
29.73599921	8.12100124	35.60223770
29.73999921	8.20158672	35.60223770
29.74399921	8.20158672	39.55462265
29.74799921	8.12100124	35.60223770
29.75199921	8.12100124	39.55462265
29.75599921	8.12100124	31.64985275
29.75999921	8.20158672	39.55462265
29.76399921	8.12100124	35.60223770
29.76799921	8.12100124	35.60223770
29.77199921	8.20158672	35.60223770
29.77599921	8.20158672	39.55462265
29.77999921	8.12100124	35.60223770
29.78399921	8.12100124	39.55462265
29.78799921	8.12100124	35.60223770
29.79199921	8.12100124	35.60223770
29.79599921	8.20158672	35.60223770
29.79999921	8.20158672	39.55462265
29.80399921	8.12100124	35.60223770
29.80799921	8.20158672	39.55462265
29.81199921	8.12100124	35.60223770
29.81599921	8.12100124	35.60223770
29.81999921	8.12100124	35.60223770
29.82399921	8.20158672	39.55462265
29.82799921	8.20158672	35.60223770
29.83199921	8.12100124	39.55462265
29.83599921	8.04072380	35.60223770
29.83999921	8.04072380	39.55462265
29.84399921	8.12100124	35.60223770
29.84799921	8.20158672	35.60223770
29.85199921	8.20158672	35.60223770
29.85599921	8.20158672	39.55462265
29.85999921	8.04072380	35.60223770
29.86399921	8.12100124	39.55462265
29.86799921	8.12100124	35.60223770
29.87199921	8.20158672	39.55462265
29.87599921	8.12100124	35.60223770
29.87999921	8.20158672	39.55462265
29.88399921	8.20158672	39.55462265
29.88799921	8.12100124	35.60223770
29.89199921	8.04072380	35.60223770
29.89599921	8.12100124	35.60223770
29.89999921	8.20158672	35.60223770
29.90399921	8.20158672	39.55462265
29.90799921	8.20158672	39.55462265
29.91199921	8.12100124	35.60223770
29.91599921	8.04072380	35.60223770
29.91999921	8.12100124	35.60223770
29.92399921	8.20158672	35.60223770
29.92799921	8.12100124	35.60223770
29.93199921	8.12100124	35.60223770
29.93599921	8.20158672	35.60223770
29.93999921	8.12100124	35.60223770
29.94399921	8.12100124	39.55462265
29.94799921	8.12100124	35.60223770
29.95199921	8.20158672	35.60223770
29.95599921	8.20158672	35.60223770
29.95999921	8.20158672	35.60223770
29.96399921	8.12100124	35.60223770
29.96799921	8.12100124	39.55462265
29.97199921	8.04072380	31.64985275
29.97599921	8.20158672	35.60223770
29.97999921	8.20158672	35.60223770
29.98399921	8.20158672	39.55462265
29.98799921	8.12100124	35.60223770
29.99199921	8.04072380	39.55462265
29.99599921	8.04072380	35.60223770
29.99999921	8.20158672	35.60223770
30.00399921	8.20158672	39.55462265
30.00799921	8.12100124	39.55462265
30.01199921	8.04072380	35.60223770
30.01599921	8.04072380	35.60223770
30.01999921	8.12100124	31.64985275
30.02399921	8.20158672	35.60223770
30.02799920	8.20158672	35.60223770
30.03199920	8.12100124	39.55462265
30.03599920	8.12100124	35.60223770
30.03999920	8.12100124	39.55462265
30.04399920	8.12100124	31.64985275
30.04799920	8.12100124	31.64985275
30.05199920	8.12100124	35.60223770
30.05599920	8.20158672	39.55462265
30.05999920	8.20158672	31.64985275
30.06399920	8.12100124	35.60223770
30.06799920	8.04072380	31.64985275
30.07199920	8.12100124	31.64985275
30.07599920	8.12100124	39.55462265
30.07999920	8.12100124	39.55462265
30.08399920	8.20158672	31.64985275
30.08799920	8.20158672	35.60223770
30.09199920	8.12100124	35.60223770
30.09599920	8.04072380	39.55462265
30.09999920	8.04072380	35.60223770
30.10399920	8.12100124	35.60223770
30.10799920	8.20158672	35.60223770
30.11199920	8.20158672	39.55462265
30.11599920	8.12100124	35.60223770
30.11999920	8.12100124	35.60223770
30.12399920	8.12100124	31.64985275
30.12799920	8.12100124	35.60223770
30.13199920	8.12100124	31.64985275
30.13599920	8.20158672	35.60223770
30.13999920	8.20158672	35.60223770
30.14399920	8.12100124	35.60223770
30.14799920	8.04072380	35.60223770
30.15199920	8.12100124	35.60223770
30.15599920	8.12100124	35.60223770
30.15999920	8.20158672	35.60223770
30.16399920	8.20158672	35.60223770
30.16799920	8.12100124	39.55462265
30.17199920	8.12100124	31.64985275
30.17599920	8.12100124	35.60223770
30.17999920	8.12100124	35.60223770
30.18399920	8.12100124	35.60223770
30.18799920	8.12100124	35.60223770
30.19199920	8.12100124	35.60223770
30.19599920	8.12100124	39.55462265
30.19999920	8.12100124	35.60223770
30.20399920	8.12100124	35.60223770
30.20799920	8.12100124	31.64985275
30.21199920	8.12100124	31.64985275
30.21599920	8.20158672	35.60223770
30.21999920	8.20158672	31.64985275
30.22399920	8.12100124	39.55462265
30.22799920	8.12100124	35.60223770
30.23199920	8.12100124	35.60223770
30.23599920	8.20158672	35.60223770
30.23999920	8.20158672	39.55462265
30.24399920	8.12100124	35.60223770
30.24799920	8.12100124	35.60223770
30.25199920	8.12100124	35.60223770
30.25599920	8.12100124	39.55462265
30.25999920	8.12100124	35.60223770
30.26399920	8.12100124	35.60223770
30.26799920	8.20158672	35.60223770
30.27199920	8.20158672	35.60223770
30.27599920	8.20158672	39.55462265
30.27999920	8.20158672	39.55462265
30.28399920	8.12100124	35.60223770
30.28799920	8.20158672	35.60223770
30.29199920	8.12100124	31.64985275
30.29599920	8.12100124	35.60223770
30.29999920	8.12100124	31.64985275
30.30399920	8.20158672	35.60223770
30.30799920	8.20158672	35.60223770
30.31199920	8.12100124	39.55462265
30.31599920	8.12100124	31.64985275
30.31999920	8.12100124	35.60223770
30.32399920	8.12100124	35.60223770
30.32799920	8.20158672	35.60223770
30.33199920	8.12100124	35.60223770
30.33599920	8.20158672	35.60223770
30.33999920	8.20158672	35.60223770
30.34399920	8.12100124	35.60223770
30.34799920	8.04072380	31.64985275
30.35199920	8.20158672	31.64985275
30.35599920	8.20158672	35.60223770
30.35999920	8.20158672	39.55462265
30.36399920	8.12100124	31.64985275
30.36799920	8.04072380	35.60223770
30.37199920	8.12100124	31.64985275
30.37599920	8.20158672	35.60223770
30.37999919	8.20158672	35.60223770
30.38399919	8.12100124	35.60223770
30.38799919	8.12100124	35.60223770
30.39199919	8.12100124	35.60223770
30.39599919	8.12100124	35.60223770
30.39999919	8.12100124	35.60223770
30.40399919	8.12100124	35.60223770
30.40799919	8.20158672	35.60223770
30.41199919	8.12100124	35.60223770
30.41599919	8.12100124	31.64985275
30.41999919	8.12100124	31.64985275
30.42399919	8.12100124	35.60223770
30.42799919	8.20158672	35.60223770
30.43199919	8.20158672	39.55462265
30.43599919	8.20158672	35.60223770
30.43999919	8.12100124	35.60223770
30.44399919	8.12100124	35.60223770
30.44799919	8.12100124	35.60223770
30.45199919	8.20158672	35.60223770
30.45599919	8.12100124	39.55462265
30.45999919	8.12100124	35.60223770
30.46399919	8.12100124	35.60223770
30.46799919	8.12100124	35.60223770
30.47199919	8.12100124	39.55462265
30.47599919	8.12100124	35.60223770
30.47999919	8.20158672	35.60223770
30.48399919	8.20158672	35.60223770
30.48799919	8.20158672	35.60223770
30.49199919	8.12100124	35.60223770
30.49599919	8.12100124	35.60223770
30.49999919	8.04072380	35.60223770
30.50399919	8.20158672	35.60223770
30.50799919	8.20158672	31.64985275
30.51199919	8.20158672	39.55462265
30.51599919	8.12100124	35.60223770
30.51999919	8.12100124	35.60223770
30.52399919	8.20158672	31.64985275
30.52799919	8.12100124	35.60223770
30.53199919	8.12100124	31.64985275
30.53599919	8.12100124	35.60223770
30.53999919	8.20158672	31.64985275
30.54399919	8.20158672	35.60223770
30.54799919	8.12100124	31.64985275
30.55199919	8.04072380	31.64985275
30.55599919	8.12100124	31.64985275
30.55999919	8.20158672	39.55462265
30.56399919	8.20158672	39.55462265
30.56799919	8.04072380	35.60223770
30.57199919	8.20158672	31.64985275
30.57599919	8.28186512	35.60223770
30.57999919	8.12100124	35.60223770
30.58399919	8.04072380	39.55462265
30.58799919	8.04072380	35.60223770
30.59199919	8.20158672	35.60223770
30.59599919	8.28186512	31.64985275
30.59999919	8.12100124	35.60223770
30.60399919	8.04072380	31.64985275
30.60799919	8.12100124	31.64985275
30.61199919	8.20158672	31.64985275
30.61599919	8.12100124	31.64985275
30.61999919	8.12100124	31.64985275
30.62399919	8.20158672	35.60223770
30.62799919	8.20158672	35.60223770
30.63199919	8.20158672	35.60223770
30.63599919	8.12100124	35.60223770
30.63999919	8.04072380	35.60223770
30.64399919	8.20158672	31.64985275
30.64799919	8.28186512	39.55462265
30.65199919	8.20158672	35.60223770
30.65599919	8.04072380	31.64985275
30.65999919	8.04072380	31.64985275
30.66399919	8.12100124	35.60223770
30.66799919	8.20158672	35.60223770
30.67199919	8.20158672	31.64985275
30.67599919	8.12100124	35.60223770
30.67999919	8.12100124	35.60223770
30.68399919	8.12100124	35.60223770
30.68799919	8.04072380	35.60223770
30.69199919	8.04072380	31.64985275
30.69599919	8.20158672	35.60223770
30.69999919	8.28186512	35.60223770
30.70399919	8.20158672	39.55462265
30.70799919	8.04072380	35.60223770
30.71199919	8.04072380	31.64985275
30.71599919	8.12100124	31.64985275
30.71999919	8.20158672	35.60223770
30.72399919	8.20158672	31.64985275
30.72799919	8.20158672	35.60223770
30.73199919	8.20158672	35.60223770
30.73599918	8.20158672	35.60223770
30.73999918	8.04072380	31.64985275
30.74399918	8.04072380	31.64985275
30.74799918	8.12100124	31.64985275
30.75199918	8.20158672	39.55462265
30.75599918	8.20158672	35.60223770
30.75999918	8.20158672	35.60223770
30.76399918	8.12100124	35.60223770
30.76799918	8.12100124	35.60223770
30.77199918	8.04072380	31.64985275
30.77599918	8.20158672	35.60223770
30.77999918	8.20158672	31.64985275
30.78399918	8.28186512	35.60223770
30.78799918	8.12100124	35.60223770
30.79199918	8.04072380	31.64985275
30.79599918	8.04072380	31.64985275
30.79999918	8.12100124	35.60223770
30.80399918	8.20158672	31.64985275
30.80799918	8.20158672	35.60223770
30.81199918	8.20158672	35.60223770
30.81599918	8.12100124	35.60223770
30.81999918	8.04072380	31.64985275
30.82399918	8.12100124	31.64985275
30.82799918	8.12100124	35.60223770
30.83199918	8.12100124	35.60223770
30.83599918	8.20158672	35.60223770
30.83999918	8.20158672	35.60223770
30.84399918	8.12100124	31.64985275
30.84799918	8.04072380	31.64985275
30.85199918	8.04072380	27.69746399
30.85599918	8.20158672	31.64985275
30.85999918	8.28186512	35.60223770
30.86399918	8.20158672	39.55462265
30.86799918	8.12100124	31.64985275
30.87199918	8.12100124	31.64985275
30.87599918	8.12100124	31.64985275
30.87999918	8.12100124	31.64985275
30.88399918	8.12100124	31.64985275
30.88799918	8.12100124	31.64985275
30.89199918	8.28186512	31.64985275
30.89599918	8.20158672	31.64985275
30.89999918	8.12100124	35.60223770
30.90399918	8.04072380	31.64985275
30.90799918	8.12100124	27.69746399
30.91199918	8.20158672	35.60223770
30.91599918	8.20158672	31.64985275
30.91999918	8.20158672	35.60223770
30.92399918	8.20158672	31.64985275
30.92799918	8.12100124	35.60223770
30.93199918	8.04072380	31.64985275
30.93599918	8.04072380	31.64985275
30.93999918	8.12100124	31.64985275
30.94399918	8.28186512	35.60223770
30.94799918	8.20158672	35.60223770
30.95199918	8.04072380	39.55462265
30.95599918	8.12100124	31.64985275
30.95999918	8.12100124	35.60223770
30.96399918	8.12100124	31.64985275
30.96799918	8.20158672	35.60223770
30.97199918	8.12100124	35.60223770
30.97599918	8.20158672	35.60223770
30.97999918	8.20158672	31.64985275
30.98399918	8.12100124	35.60223770
30.98799918	8.04072380	35.60223770
30.99199918	8.04072380	35.60223770
30.99599918	8.20158672	31.64985275
30.99999918	8.28186512	35.60223770
31.00399918	8.20158672	35.60223770
31.00799918	8.12100124	31.64985275
31.01199918	8.04072380	31.64985275
31.01599918	8.12100124	31.64985275
31.01999918	8.12100124	31.64985275
31.02399918	8.12100124	35.60223770
31.02799918	8.20158672	35.60223770
31.03199918	8.20158672	35.60223770
31.03599918	8.12100124	31.64985275
31.03999918	8.04072380	35.60223770
31.04399918	8.04072380	31.64985275
31.04799918	8.20158672	35.60223770
31.05199918	8.20158672	35.60223770
31.05599918	8.20158672	39.55462265
31.05999918	8.12100124	31.64985275
31.06399918	8.12100124	31.64985275
31.06799918	8.12100124	31.64985275
31.07199918	8.12100124	35.60223770
31.07599918	8.04072380	31.64985275
31.07999918	8.20158672	31.64985275
31.08399918	8.20158672	35.60223770
31.08799917	8.20158672	39.55462265
31.09199917	8.04072380	31.64985275
31.09599917	8.04072380	31.64985275
31.09999917	8.12100124	31.64985275
31.10399917	8.20158672	35.60223770
31.10799917	8.20158672	35.60223770
31.11199917	8.20158672	35.60223770
31.11599917	8.12100124	31.64985275
31.11999917	8.12100124	35.60223770
31.12399917	8.12100124	31.64985275
31.12799917	8.12100124	35.60223770
31.13199917	8.20158672	31.64985275
31.13599917	8.20158672	35.60223770
31.13999917	8.20158672	31.64985275
31.14399917	8.12100124	35.60223770
31.14799917	8.04072380	35.60223770
31.15199917	8.20158672	35.60223770
31.15599917	8.20158672	35.60223770
31.15999917	8.20158672	35.60223770
31.16399917	8.20158672	31.64985275
31.16799917	8.12100124	35.60223770
31.17199917	8.12100124	35.60223770
31.17599917	8.12100124	31.64985275
31.17999917	8.12100124	31.64985275
31.18399917	8.20158672	35.60223770
31.18799917	8.20158672	31.64985275
31.19199917	8.20158672	35.60223770
31.19599917	8.12100124	31.64985275
31.19999917	8.12100124	31.64985275
31.20399917	8.12100124	31.64985275
31.20799917	8.20158672	31.64985275
31.21199917	8.12100124	35.60223770
31.21599917	8.12100124	35.60223770
31.21999917	8.12100124	27.69746399
31.22399917	8.20158672	31.64985275
31.22799917	8.12100124	31.64985275
31.23199917	8.12100124	31.64985275
31.23599917	8.12100124	31.64985275
31.23999917	8.20158672	35.60223770
31.24399917	8.12100124	35.60223770
31.24799917	8.12100124	35.60223770
31.25199917	8.12100124	31.64985275
31.25599917	8.12100124	31.64985275
31.25999917	8.20158672	35.60223770
31.26399917	8.12100124	35.60223770
31.26799917	8.12100124	27.69746399
31.27199917	8.20158672	31.64985275
31.27599917	8.12100124	31.64985275
31.27999917	8.12100124	35.60223770
31.28399917	8.04072380	31.64985275
31.28799917	8.20158672	35.60223770
31.29199917	8.20158672	31.64985275
31.29599917	8.12100124	39.55462265
31.29999917	8.12100124	31.64985275
31.30399917	8.12100124	31.64985275
31.30799917	8.20158672	31.64985275
31.31199917	8.20158672	35.60223770
31.31599917	8.12100124	31.64985275
31.31999917	8.12100124	35.60223770
31.32399917	8.20158672	31.64985275
31.32799917	8.20158672	31.64985275
31.33199917	8.12100124	31.64985275
31.33599917	8.04072380	31.64985275
31.33999917	8.12100124	31.64985275
31.34399917	8.20158672	35.60223770
31.34799917	8.12100124	31.64985275
31.35199917	8.12100124	31.64985275
31.35599917	8.12100124	31.64985275
31.35999917	8.20158672	35.60223770
31.36399917	8.12100124	27.69746399
31.36799917	8.04072380	35.60223770
31.37199917	8.12100124	27.69746399
31.37599917	8.20158672	27.69746399
31.37999917	8.12100124	31.64985275
31.38399917	8.12100124	31.64985275
31.38799917	8.12100124	27.69746399
31.39199917	8.12100124	35.60223770
31.39599917	8.12100124	27.69746399
31.39999917	8.12100124	35.60223770
31.40399917	8.12100124	31.64985275
31.40799917	8.20158672	31.64985275
31.41199917	8.20158672	31.64985275
31.41599917	8.12100124	35.60223770
31.41999917	8.04072380	31.64985275
31.42399917	8.12100124	35.60223770
31.42799917	8.12100124	31.64985275
31.43199917	8.12100124	35.60223770
31.43599917	8.12100124	31.64985275
31.43999916	8.20158672	35.60223770
31.44399916	8.12100124	31.64985275
31.44799916	8.12100124	31.64985275
31.45199916	8.04072380	31.64985275
31.45599916	8.12100124	31.64985275
31.45999916	8.20158672	31.64985275
31.46399916	8.20158672	31.64985275
31.46799916	8.12100124	31.64985275
31.47199916	8.12100124	31.64985275
31.47599916	8.12100124	31.64985275
31.47999916	8.12100124	31.64985275
31.48399916	8.12100124	31.64985275
31.48799916	8.12100124	31.64985275
31.49199916	8.20158672	31.64985275
31.49599916	8.28186512	35.60223770
31.49999916	8.20158672	31.64985275
31.50399916	7.96013784	31.64985275
31.50799916	8.04072380	27.69746399
31.51199916	8.20158672	31.64985275
31.51599916	8.28186512	35.60223770
31.51999916	8.20158672	35.60223770
31.52399916	8.12100124	27.69746399
31.52799916	8.12100124	35.60223770
31.53199916	8.12100124	31.64985275
31.53599916	8.04072380	35.60223770
31.53999916	8.12100124	27.69746399
31.54399916	8.20158672	35.60223770
31.54799916	8.28186512	31.64985275
31.55199916	8.12100124	35.60223770
31.55599916	8.04072380	27.69746399
31.55999916	8.04072380	31.64985275
31.56399916	8.12100124	31.64985275
31.56799916	8.20158672	31.64985275
31.57199916	8.20158672	31.64985275
31.57599916	8.20158672	35.60223770
31.57999916	8.12100124	31.64985275
31.58399916	8.04072380	35.60223770
31.58799916	8.04072380	27.69746399
31.59199916	8.12100124	31.64985275
31.59599916	8.28186512	31.64985275
31.59999916	8.28186512	35.60223770
31.60399916	8.12100124	35.60223770
31.60799916	8.04072380	31.64985275
31.61199916	8.12100124	27.69746399
31.61599916	8.20158672	31.64985275
31.61999916	8.20158672	31.64985275
31.62399916	8.20158672	35.60223770
31.62799916	8.20158672	31.64985275
31.63199916	8.20158672	35.60223770
31.63599916	8.04072380	31.64985275
31.63999916	8.04072380	31.64985275
31.64399916	8.12100124	27.69746399
31.64799916	8.28186512	35.60223770
31.65199916	8.28186512	35.60223770
31.65599916	8.12100124	35.60223770
31.65999916	8.12100124	27.69746399
31.66399916	8.12100124	31.64985275
31.66799916	8.12100124	31.64985275
31.67199916	8.12100124	35.60223770
31.67599916	8.12100124	31.64985275
31.67999916	8.28186512	31.64985275
31.68399916	8.20158672	27.69746399
31.68799916	8.12100124	31.64985275
31.69199916	7.96013784	27.69746399
31.69599916	8.12100124	31.64985275
31.69999916	8.20158672	31.64985275
31.70399916	8.20158672	35.60223770
31.70799916	8.12100124	31.64985275
31.71199916	8.12100124	31.64985275
31.71599916	8.12100124	31.64985275
31.71999916	8.04072380	31.64985275
31.72399916	8.04072380	27.69746399
31.72799916	8.12100124	31.64985275
31.73199916	8.28186512	27.69746399
31.73599916	8.20158672	31.64985275
31.73999916	8.12100124	31.64985275
31.74399916	8.04072380	31.64985275
31.74799916	8.04072380	31.64985275
31.75199916	8.12100124	31.64985275
31.75599916	8.20158672	31.64985275
31.75999916	8.20158672	31.64985275
31.76399916	8.20158672	35.60223770
31.76799916	8.12100124	31.64985275
31.77199916	8.04072380	31.64985275
31.77599916	8.04072380	31.64985275
31.77999916	8.12100124	27.69746399
31.78399916	8.20158672	31.64985275
31.78799916	8.28186512	31.64985275
31.79199916	8.20158672	35.60223770
31.79599915	8.12100124	31.64985275
31.79999915	8.12100124	31.64985275
31.80399915	8.12100124	31.64985275
31.80799915	8.12100124	31.64985275
31.81199915	8.12100124	31.64985275
31.81599915	8.20158672	31.64985275
31.81999915	8.20158672	31.64985275
31.82399915	8.12100124	31.64985275
31.82799915	8.04072380	27.69746399
31.83199915	8.04072380	31.64985275
31.83599915	8.20158672	31.64985275
31.83999915	8.20158672	35.60223770
31.84399915	8.20158672	31.64985275
31.84799915	8.12100124	31.64985275
31.85199915	8.12100124	27.69746399
31.85599915	8.12100124	31.64985275
31.85999915	8.12100124	31.64985275
31.86399915	8.12100124	31.64985275
31.86799915	8.20158672	31.64985275
31.87199915	8.20158672	31.64985275
31.87599915	8.12100124	31.64985275
31.87999915	8.04072380	27.69746399
31.88399915	8.12100124	27.69746399
31.88799915	8.12100124	31.64985275
31.89199915	8.20158672	31.64985275
31.89599915	8.20158672	31.64985275
31.89999915	8.12100124	31.64985275
31.90399915	8.12100124	31.64985275
31.90799915	8.12100124	27.69746399
31.91199915	8.12100124	31.64985275
31.91599915	8.12100124	31.64985275
31.91999915	8.20158672	35.60223770
31.92399915	8.20158672	35.60223770
31.92799915	8.12100124	31.64985275
31.93199915	8.12100124	27.69746399
31.93599915	8.12100124	31.64985275
31.93999915	8.12100124	31.64985275
31.94399915	8.20158672	35.60223770
31.94799915	8.20158672	31.64985275
31.95199915	8.12100124	31.64985275
31.95599915	8.12100124	31.64985275
31.95999915	8.20158672	31.64985275
31.96399915	8.20158672	31.64985275
31.96799915	8.20158672	31.64985275
31.97199915	8.20158672	31.64985275
31.97599915	8.20158672	35.60223770
31.97999915	8.20158672	27.69746399
31.98399915	8.12100124	31.64985275
31.98799915	8.12100124	27.69746399
31.99199915	8.12100124	31.64985275
31.99599915	8.20158672	31.64985275
31.99999915	8.20158672	31.64985275
32.00399915	8.12100124	27.69746399
32.00799915	8.20158672	31.64985275
32.01199915	8.20158672	31.64985275
32.01599915	8.12100124	31.64985275
32.01999915	8.12100124	31.64985275
32.02399915	8.12100124	31.64985275
32.02799915	8.20158672	31.64985275
32.03199915	8.20158672	35.60223770
32.03599915	8.04072380	27.69746399
32.03999915	8.12100124	31.64985275
32.04399915	8.20158672	31.64985275
32.04799915	8.20158672	31.64985275
32.05199915	8.20158672	31.64985275
32.05599915	8.04072380	31.64985275
32.05999915	8.12100124	27.69746399
32.06399915	8.20158672	35.60223770
32.06799915	8.20158672	31.64985275
32.07199915	8.12100124	31.64985275
32.07599915	8.04072380	31.64985275
32.07999915	8.20158672	31.64985275
32.08399915	8.20158672	31.64985275
32.08799915	8.12100124	31.64985275
32.09199915	8.12100124	27.69746399
32.09599915	8.20158672	31.64985275
32.09999915	8.20158672	31.64985275
32.10399915	8.12100124	31.64985275
32.10799915	8.04072380	27.69746399
32.11199915	8.12100124	27.69746399
32.11599915	8.20158672	27.69746399
32.11999915	8.20158672	31.64985275
32.12399915	8.12100124	31.64985275
32.12799915	8.12100124	31.64985275
32.13199915	8.20158672	27.69746399
32.13599915	8.20158672	35.60223770
32.13999915	8.12100124	31.64985275
32.14399915	8.04072380	31.64985275
32.14799914	8.12100124	31.64985275
32.15199914	8.20158672	35.60223770
32.15599914	8.20158672	31.64985275
32.15999914	8.12100124	31.64985275
32.16399914	8.04072380	31.64985275
32.16799914	8.12100124	31.64985275
32.17199914	8.20158672	31.64985275
32.17599914	8.20158672	31.64985275
32.17999914	8.20158672	31.64985275
32.18399914	8.12100124	31.64985275
32.18799914	8.20158672	27.69746399
32.19199914	8.12100124	31.64985275
32.19599914	8.12100124	27.69746399
32.19999914	8.20158672	31.64985275
32.20399914	8.20158672	31.64985275
32.20799914	8.20158672	35.60223770
32.21199914	8.04072380	31.64985275
32.21599914	8.12100124	31.64985275
32.21999914	8.20158672	31.64985275
32.22399914	8.28186512	31.64985275
32.22799914	8.12100124	31.64985275
32.23199914	8.12100124	31.64985275
32.23599914	8.12100124	27.69746399
32.23999914	8.20158672	27.69746399
32.24399914	8.12100124	27.69746399
32.24799914	8.12100124	31.64985275
32.25199914	8.12100124	31.64985275
32.25599914	8.12100124	31.64985275
32.25999914	8.20158672	31.64985275
32.26399914	8.12100124	31.64985275
32.26799914	8.12100124	27.69746399
32.27199914	8.12100124	31.64985275
32.27599914	8.12100124	27.69746399
32.27999914	8.12100124	31.64985275
32.28399914	8.12100124	31.64985275
32.28799914	8.20158672	31.64985275
32.29199914	8.12100124	31.64985275
32.29599914	8.12100124	31.64985275
32.29999914	8.12100124	27.69746399
32.30399914	8.20158672	31.64985275
32.30799914	8.12100124	31.64985275
32.31199914	8.12100124	31.64985275
32.31599914	8.12100124	27.69746399
32.31999914	8.12100124	35.60223770
32.32399914	8.12100124	31.64985275
32.32799914	8.12100124	31.64985275
32.33199914	8.12100124	27.69746399
32.33599914	8.20158672	31.64985275
32.33999914	8.20158672	27.69746399
32.34399914	8.12100124	31.64985275
32.34799914	8.12100124	27.69746399
32.35199914	8.12100124	27.69746399
32.35599914	8.20158672	31.64985275
32.35999914	8.12100124	31.64985275
32.36399914	8.12100124	27.69746399
32.36799914	8.12100124	31.64985275
32.37199914	8.20158672	27.69746399
32.37599914	8.20158672	31.64985275
32.37999914	8.12100124	27.69746399
32.38399914	8.12100124	27.69746399
32.38799914	8.20158672	27.69746399
32.39199914	8.20158672	31.64985275
32.39599914	8.12100124	31.64985275
32.39999914	8.12100124	31.64985275
32.40399914	8.20158672	27.69746399
32.40799914	8.20158672	31.64985275
32.41199914	8.12100124	27.69746399
32.41599914	8.12100124	31.64985275
32.41999914	8.12100124	27.69746399
32.42399914	8.12100124	27.69746399
32.42799914	8.12100124	31.64985275
32.43199914	8.12100124	31.64985275
32.43599914	8.12100124	27.69746399
32.43999914	8.20158672	31.64985275
32.44399914	8.20158672	31.64985275
32.44799914	8.12100124	31.64985275
32.45199914	8.12100124	27.69746399
32.45599914	8.12100124	31.64985275
32.45999914	8.12100124	27.69746399
32.46399914	8.12100124	31.64985275
32.46799914	8.12100124	27.69746399
32.47199914	8.20158672	31.64985275
32.47599914	8.20158672	31.64985275
32.47999914	8.12100124	31.64985275
32.48399914	8.04072380	27.69746399
32.48799914	8.12100124	31.64985275
32.49199914	8.12100124	27.69746399
32.49599914	8.20158672	31.64985275
32.49999914	8.20158672	27.69746399
32.50399913	8.20158672	31.64985275
32.50799913	8.12100124	27.69746399
32.51199913	8.12100124	31.64985275
32.51599913	8.12100124	27.69746399
32.51999913	8.12100124	27.69746399
32.52399913	8.20158672	27.69746399
32.52799913	8.20158672	31.64985275
32.53199913	8.12100124	31.64985275
32.53599913	8.12100124	31.64985275
32.53999913	8.12100124	27.69746399
32.54399913	8.12100124	27.69746399
32.54799913	8.12100124	31.64985275
32.55199913	8.12100124	35.60223770
32.55599913	8.20158672	27.69746399
32.55999913	8.20158672	31.64985275
32.56399913	8.12100124	27.69746399
32.56799913	8.12100124	27.69746399
32.57199913	8.12100124	27.69746399
32.57599913	8.12100124	31.64985275
32.57999913	8.12100124	31.64985275
32.58399913	8.20158672	27.69746399
32.58799913	8.20158672	27.69746399
32.59199913	8.20158672	27.69746399
32.59599913	8.12100124	31.64985275
32.59999913	8.12100124	31.64985275
32.60399913	8.12100124	27.69746399
32.60799913	8.20158672	31.64985275
32.61199913	8.12100124	27.69746399
32.61599913	8.20158672	31.64985275
32.61999913	8.20158672	31.64985275
32.62399913	8.12100124	31.64985275
32.62799913	8.12100124	27.69746399
32.63199913	8.12100124	27.69746399
32.63599913	8.20158672	27.69746399
32.63999913	8.20158672	31.64985275
32.64399913	8.12100124	27.69746399
32.64799913	8.12100124	31.64985275
32.65199913	8.12100124	23.72970009
32.65599913	8.20158672	27.69746399
32.65999913	8.20158672	27.69746399
32.66399913	8.12100124	31.64985275
32.66799913	8.12100124	27.69746399
32.67199913	8.12100124	31.64985275
32.67599913	8.12100124	27.69746399
32.67999913	8.12100124	31.64985275
32.68399913	8.12100124	27.69746399
32.68799913	8.20158672	31.64985275
32.69199913	8.20158672	27.69746399
32.69599913	8.12100124	31.64985275
32.69999913	8.12100124	27.69746399
32.70399913	8.12100124	31.64985275
32.70799913	8.20158672	27.69746399
32.71199913	8.20158672	31.64985275
32.71599913	8.12100124	31.64985275
32.71999913	8.12100124	31.64985275
32.72399913	8.12100124	27.69746399
32.72799913	8.20158672	27.69746399
32.73199913	8.12100124	31.64985275
32.73599913	8.12100124	31.64985275
32.73999913	8.12100124	27.69746399
32.74399913	8.20158672	31.64985275
32.74799913	8.12100124	27.69746399
32.75199913	8.12100124	27.69746399
32.75599913	8.12100124	27.69746399
32.75999913	8.20158672	27.69746399
32.76399913	8.20158672	27.69746399
32.76799913	8.20158672	31.64985275
32.77199913	8.04072380	23.72970009
32.77599913	8.20158672	31.64985275
32.77999913	8.20158672	27.69746399
32.78399913	8.20158672	31.64985275
32.78799913	8.12100124	27.69746399
32.79199913	8.12100124	27.69746399
32.79599913	8.20158672	27.69746399
32.79999913	8.12100124	31.64985275
32.80399913	8.12100124	27.69746399
32.80799913	8.12100124	27.69746399
32.81199913	8.20158672	31.64985275
32.81599913	8.20158672	31.64985275
32.81999913	8.12100124	27.69746399
32.82399913	8.12100124	27.69746399
32.82799913	8.12100124	27.69746399
32.83199913	8.20158672	31.64985275
32.83599913	8.20158672	27.69746399
32.83999913	8.12100124	31.64985275
32.84399913	8.12100124	27.69746399
32.84799913	8.20158672	31.64985275
32.85199913	8.12100124	31.64985275
32.85599912	8.12100124	27.69746399
32.85999912	8.12100124	27.69746399
32.86399912	8.20158672	31.64985275
32.86799912	8.20158672	27.69746399
32.87199912	8.12100124	27.69746399
32.87599912	8.12100124	31.64985275
32.87999912	8.12100124	31.64985275
32.88399912	8.20158672	27.69746399
32.88799912	8.20158672	27.69746399
32.89199912	8.20158672	27.69746399
32.89599912	8.20158672	27.69746399
32.89999912	8.20158672	27.69746399
32.90399912	8.20158672	31.64985275
32.90799912	8.12100124	27.69746399
32.91199912	8.12100124	31.64985275
32.91599912	8.20158672	27.69746399
32.91999912	8.20158672	27.69746399
32.92399912	8.20158672	27.69746399
32.92799912	8.20158672	31.64985275
32.93199912	8.20158672	27.69746399
32.93599912	8.12100124	31.64985275
32.93999912	8.12100124	27.69746399
32.94399912	8.20158672	31.64985275
32.94799912	8.20158672	31.64985275
32.95199912	8.20158672	31.64985275
32.95599912	8.20158672	27.69746399
32.95999912	8.20158672	27.69746399
32.96399912	8.20158672	27.69746399
32.96799912	8.20158672	31.64985275
32.97199912	8.20158672	27.69746399
32.97599912	8.12100124	27.69746399
32.97999912	8.12100124	27.69746399
32.98399912	8.20158672	27.69746399
32.98799912	8.28186512	27.69746399
32.99199912	8.28186512	31.64985275
32.99599912	8.12100124	27.69746399
32.99999912	8.12100124	31.64985275
33.00399912	8.12100124	27.69746399
33.00799912	8.20158672	31.64985275
33.01199912	8.12100124	27.69746399
33.01599912	8.12100124	27.69746399
33.01999912	8.20158672	27.69746399
33.02399912	8.20158672	31.64985275
33.02799912	8.20158672	23.72970009
33.03199912	8.12100124	31.64985275
33.03599912	8.12100124	27.69746399
33.03999912	8.20158672	31.64985275
33.04399912	8.20158672	27.69746399
33.04799912	8.20158672	31.64985275
33.05199912	8.20158672	27.69746399
33.05599912	8.20158672	31.64985275
33.05999912	8.12100124	27.69746399
33.06399912	8.12100124	27.69746399
33.06799912	8.20158672	27.69746399
33.07199912	8.20158672	27.69746399
33.07599912	8.20158672	27.69746399
33.07999912	8.12100124	31.64985275
33.08399912	8.12100124	27.69746399
33.08799912	8.12100124	31.64985275
33.09199912	8.12100124	27.69746399
33.09599912	8.20158672	27.69746399
33.09999912	8.20158672	27.69746399
33.10399912	8.20158672	27.69746399
33.10799912	8.12100124	27.69746399
33.11199912	8.12100124	27.69746399
33.11599912	8.12100124	27.69746399
33.11999912	8.20158672	27.69746399
33.12399912	8.20158672	27.69746399
33.12799912	8.20158672	31.64985275
33.13199912	8.20158672	27.69746399
33.13599912	8.20158672	31.64985275
33.13999912	8.20158672	27.69746399
33.14399912	8.12100124	31.64985275
33.14799912	8.12100124	31.64985275
33.15199912	8.20158672	31.64985275
33.15599912	8.28186512	27.69746399
33.15999912	8.20158672	31.64985275
33.16399912	8.12100124	27.69746399
33.16799912	8.12100124	27.69746399
33.17199912	8.12100124	23.72970009
33.17599912	8.28186512	27.69746399
33.17999912	8.28186512	27.69746399
33.18399912	8.20158672	31.64985275
33.18799912	8.12100124	27.69746399
33.19199912	8.12100124	31.64985275
33.19599912	8.12100124	27.69746399
33.19999912	8.20158672	27.69746399
33.20399912	8.20158672	27.69746399
33.20799911	8.20158672	31.64985275
33.21199911	8.20158672	31.64985275
33.21599911	8.12100124	27.69746399
33.21999911	8.12100124	23.72970009
33.22399911	8.20158672	27.69746399
33.22799911	8.20158672	27.69746399
33.23199911	8.20158672	31.64985275
33.23599911	8.20158672	27.69746399
33.23999911	8.20158672	27.69746399
33.24399911	8.12100124	27.69746399
33.24799911	8.12100124	27.69746399
33.25199911	8.12100124	27.69746399
33.25599911	8.20158672	31.64985275
33.25999911	8.20158672	31.64985275
33.26399911	8.20158672	27.69746399
33.26799911	8.20158672	23.72970009
33.27199911	8.12100124	27.69746399
33.27599911	8.12100124	27.69746399
33.27999911	8.12100124	27.69746399
33.28399911	8.20158672	27.69746399
33.28799911	8.20158672	27.69746399
33.29199911	8.20158672	23.72970009
33.29599911	8.12100124	31.64985275
33.29999911	8.12100124	31.64985275
33.30399911	8.12100124	27.69746399
33.30799911	8.12100124	27.69746399
33.31199911	8.20158672	31.64985275
33.31599911	8.28186512	27.69746399
33.31999911	8.20158672	27.69746399
33.32399911	8.12100124	27.69746399
33.32799911	8.12100124	27.69746399
33.33199911	8.20158672	27.69746399
33.33599911	8.20158672	27.69746399
33.33999911	8.20158672	31.64985275
33.34399911	8.20158672	31.64985275
33.34799911	8.12100124	23.72970009
33.35199911	8.12100124	27.69746399
33.35599911	8.20158672	23.72970009
33.35999911	8.20158672	27.69746399
33.36399911	8.12100124	27.69746399
33.36799911	8.12100124	27.69746399
33.37199911	8.12100124	27.69746399
33.37599911	8.28186512	31.64985275
33.37999911	8.20158672	23.72970009
33.38399911	8.12100124	31.64985275
33.38799911	8.12100124	27.69746399
33.39199911	8.12100124	27.69746399
33.39599911	8.20158672	27.69746399
33.39999911	8.20158672	27.69746399
33.40399911	8.12100124	27.69746399
33.40799911	8.12100124	27.69746399
33.41199911	8.20158672	27.69746399
33.41599911	8.20158672	27.69746399
33.41999911	8.12100124	27.69746399
33.42399911	8.12100124	27.69746399
33.42799911	8.20158672	27.69746399
33.43199911	8.20158672	27.69746399
33.43599911	8.20158672	27.69746399
33.43999911	8.20158672	27.69746399
33.44399911	8.20158672	27.69746399
33.44799911	8.12100124	27.69746399
33.45199911	8.12100124	27.69746399
33.45599911	8.20158672	27.69746399
33.45999911	8.20158672	27.69746399
33.46399911	8.20158672	31.64985275
33.46799911	8.20158672	23.72970009
33.47199911	8.12100124	27.69746399
33.47599911	8.12100124	27.69746399
33.47999911	8.20158672	27.69746399
33.48399911	8.28186512	27.69746399
33.48799911	8.28186512	31.64985275
33.49199911	8.12100124	27.69746399
33.49599911	8.12100124	27.69746399
33.49999911	8.20158672	27.69746399
33.50399911	8.12100124	31.64985275
33.50799911	8.12100124	27.69746399
33.51199911	8.20158672	31.64985275
33.51599911	8.28186512	27.69746399
33.51999911	8.20158672	31.64985275
33.52399911	8.12100124	27.69746399
33.52799911	8.04072380	23.72970009
33.53199911	8.12100124	23.72970009
33.53599911	8.28186512	31.64985275
33.53999911	8.20158672	27.69746399
33.54399911	8.20158672	27.69746399
33.54799911	8.04072380	27.69746399
33.55199911	8.12100124	27.69746399
33.55599911	8.20158672	27.69746399
33.55999911	8.20158672	31.64985275
33.56399910	8.20158672	27.69746399
33.56799910	8.20158672	31.64985275
33.57199910	8.12100124	31.64985275
33.57599910	8.12100124	27.69746399
33.57999910	8.12100124	23.72970009
33.58399910	8.20158672	27.69746399
33.58799910	8.20158672	31.64985275
33.59199910	8.20158672	31.64985275
33.59599910	8.12100124	27.69746399
33.59999910	8.12100124	27.69746399
33.60399910	8.12100124	23.72970009
33.60799910	8.12100124	27.69746399
33.61199910	8.28186512	27.69746399
33.61599910	8.20158672	27.69746399
33.61999910	8.20158672	27.69746399
33.62399910	8.20158672	27.69746399
33.62799910	8.04072380	27.69746399
33.63199910	8.12100124	31.64985275
33.63599910	8.20158672	23.72970009
33.63999910	8.20158672	31.64985275
33.64399910	8.20158672	27.69746399
33.64799910	8.20158672	27.69746399
33.65199910	8.12100124	23.72970009
33.65599910	8.20158672	27.69746399
33.65999910	8.12100124	27.69746399
33.66399910	8.12100124	31.64985275
33.66799910	8.12100124	23.72970009
33.67199910	8.20158672	27.69746399
33.67599910	8.20158672	27.69746399
33.67999910	8.20158672	27.69746399
33.68399910	8.12100124	27.69746399
33.68799910	8.20158672	31.64985275
33.69199910	8.12100124	27.69746399
33.69599910	8.20158672	31.64985275
33.69999910	8.20158672	27.69746399
33.70399910	8.20158672	31.64985275
33.70799910	8.12100124	31.64985275
33.71199910	8.12100124	27.69746399
33.71599910	8.12100124	31.64985275
33.71999910	8.20158672	27.69746399
33.72399910	8.20158672	27.69746399
33.72799910	8.20158672	31.64985275
33.73199910	8.12100124	27.69746399
33.73599910	8.20158672	27.69746399
33.73999910	8.20158672	27.69746399
33.74399910	8.12100124	27.69746399
33.74799910	8.12100124	23.72970009
33.75199910	8.12100124	27.69746399
33.75599910	8.20158672	31.64985275
33.75999910	8.20158672	27.69746399
33.76399910	8.12100124	23.72970009
33.76799910	8.12100124	27.69746399
33.77199910	8.12100124	27.69746399
33.77599910	8.20158672	27.69746399
33.77999910	8.20158672	27.69746399
33.78399910	8.12100124	31.64985275
33.78799910	8.04072380	23.72970009
33.79199910	8.12100124	27.69746399
33.79599910	8.20158672	27.69746399
33.79999910	8.28186512	31.64985275
33.80399910	8.12100124	27.69746399
33.80799910	8.20158672	27.69746399
33.81199910	8.12100124	31.64985275
33.81599910	8.12100124	31.64985275
33.81999910	8.20158672	27.69746399
33.82399910	8.20158672	31.64985275
33.82799910	8.20158672	27.69746399
33.83199910	8.20158672	31.64985275
33.83599910	8.12100124	31.64985275
33.83999910	8.12100124	27.69746399
33.84399910	8.12100124	27.69746399
33.84799910	8.20158672	27.69746399
33.85199910	8.20158672	27.69746399
33.85599910	8.20158672	31.64985275
33.85999910	8.12100124	23.72970009
33.86399910	8.12100124	27.69746399
33.86799910	8.12100124	23.72970009
33.87199910	8.12100124	31.64985275
33.87599910	8.12100124	23.72970009
33.87999910	8.20158672	27.69746399
33.88399910	8.20158672	31.64985275
33.88799910	8.20158672	31.64985275
33.89199910	8.12100124	23.72970009
33.89599910	8.04072380	27.69746399
33.89999910	8.12100124	27.69746399
33.90399910	8.20158672	27.69746399
33.90799910	8.20158672	27.69746399
33.91199910	8.20158672	27.69746399
33.91599909	8.20158672	23.72970009
33.91999909	8.20158672	31.64985275
33.92399909	8.12100124	23.72970009
33.92799909	8.04072380	27.69746399
33.93199909	8.12100124	23.72970009
33.93599909	8.20158672	27.69746399
33.93999909	8.20158672	27.69746399
33.94399909	8.12100124	31.64985275
33.94799909	8.12100124	23.72970009
33.95199909	8.20158672	27.69746399
33.95599909	8.12100124	27.69746399
33.95999909	8.12100124	31.64985275
33.96399909	8.12100124	23.72970009
33.96799909	8.20158672	31.64985275
33.97199909	8.20158672	27.69746399
33.97599909	8.12100124	27.69746399
33.97999909	8.04072380	27.69746399
33.98399909	8.12100124	27.69746399
33.98799909	8.20158672	27.69746399
33.99199909	8.20158672	27.69746399
33.99599909	8.20158672	27.69746399
33.99999909	8.12100124	27.69746399
34.00399909	8.12100124	27.69746399
34.00799909	8.12100124	27.69746399
34.01199909	8.12100124	27.69746399
34.01599909	8.12100124	27.69746399
34.01999909	8.20158672	27.69746399
34.02399909	8.28186512	27.69746399
34.02799909	8.20158672	27.69746399
34.03199909	8.04072380	31.64985275
34.03599909	8.04072380	23.72970009
34.03999909	8.20158672	27.69746399
34.04399909	8.28186512	31.64985275
34.04799909	8.28186512	31.64985275
34.05199909	8.20158672	27.69746399
34.05599909	8.12100124	31.64985275
34.05999909	8.12100124	27.69746399
34.06399909	8.12100124	27.69746399
34.06799909	8.20158672	27.69746399
34.07199909	8.28186512	27.69746399
34.07599909	8.28186512	27.69746399
34.07999909	8.20158672	31.64985275
34.08399909	8.12100124	27.69746399
34.08799909	8.12100124	27.69746399
34.09199909	8.12100124	27.69746399
34.09599909	8.20158672	31.64985275
34.09999909	8.20158672	27.69746399
34.10399909	8.20158672	31.64985275
34.10799909	8.20158672	27.69746399
34.11199909	8.12100124	27.69746399
34.11599909	8.12100124	23.72970009
34.11999909	8.12100124	27.69746399
34.12399909	8.20158672	27.69746399
34.12799909	8.28186512	27.69746399
34.13199909	8.20158672	27.69746399
34.13599909	8.12100124	27.69746399
34.13999909	8.12100124	23.72970009
34.14399909	8.12100124	27.69746399
34.14799909	8.20158672	27.69746399
34.15199909	8.20158672	27.69746399
34.15599909	8.20158672	27.69746399
34.15999909	8.20158672	27.69746399
34.16399909	8.12100124	23.72970009
34.16799909	8.12100124	27.69746399
34.17199909	8.12100124	27.69746399
34.17599909	8.20158672	27.69746399
34.17999909	8.20158672	27.69746399
34.18399909	8.20158672	23.72970009
34.18799909	8.12100124	23.72970009
34.19199909	8.12100124	27.69746399
34.19599909	8.12100124	23.72970009
34.19999909	8.20158672	27.69746399
34.20399909	8.28186512	27.69746399
34.20799909	8.20158672	31.64985275
34.21199909	8.12100124	27.69746399
34.21599909	8.12100124	27.69746399
34.21999909	8.12100124	23.72970009
34.22399909	8.20158672	27.69746399
34.22799909	8.20158672	27.69746399
34.23199909	8.12100124	27.69746399
34.23599909	8.20158672	27.69746399
34.23999909	8.20158672	27.69746399
34.24399909	8.12100124	23.72970009
34.24799909	8.12100124	27.69746399
34.25199909	8.12100124	23.72970009
34.25599909	8.28186512	27.69746399
34.25999909	8.20158672	27.69746399
34.26399909	8.12100124	27.69746399
34.26799909	8.12100124	23.72970009
34.27199908	8.20158672	27.69746399
34.27599908	8.20158672	27.69746399
34.27999908	8.20158672	27.69746399
34.28399908	8.12100124	31.64985275
34.28799908	8.28186512	27.69746399
34.29199908	8.20158672	27.69746399
34.29599908	8.20158672	27.69746399
34.29999908	8.12100124	27.69746399
34.30399908	8.20158672	27.69746399
34.30799908	8.20158672	23.72970009
34.31199908	8.20158672	27.69746399
34.31599908	8.20158672	27.69746399
34.31999908	8.12100124	23.72970009
34.32399908	8.12100124	23.72970009
34.32799908	8.20158672	27.69746399
34.33199908	8.20158672	23.72970009
34.33599908	8.20158672	27.69746399
34.33999908	8.20158672	23.72970009
34.34399908	8.20158672	27.69746399
34.34799908	8.12100124	27.69746399
34.35199908	8.12100124	27.69746399
34.35599908	8.28186512	23.72970009
34.35999908	8.20158672	27.69746399
34.36399908	8.12100124	27.69746399
34.36799908	8.12100124	27.69746399
34.37199908	8.20158672	27.69746399
34.37599908	8.20158672	27.69746399
34.37999908	8.12100124	23.72970009
34.38399908	8.12100124	23.72970009
34.38799908	8.20158672	23.72970009
34.39199908	8.28186512	27.69746399
34.39599908	8.20158672	27.69746399
34.39999908	8.12100124	23.72970009
34.40399908	8.12100124	23.72970009
34.40799908	8.20158672	27.69746399
34.41199908	8.28186512	23.72970009
34.41599908	8.20158672	27.69746399
34.41999908	8.12100124	27.69746399
34.42399908	8.12100124	23.72970009
34.42799908	8.20158672	27.69746399
34.43199908	8.12100124	27.69746399
34.43599908	8.12100124	23.72970009
34.43999908	8.20158672	27.69746399
34.44399908	8.20158672	27.69746399
34.44799908	8.20158672	27.69746399
34.45199908	8.12100124	23.72970009
34.45599908	8.20158672	27.69746399
34.45999908	8.20158672	27.69746399
34.46399908	8.20158672	31.64985275
34.46799908	8.12100124	19.77731133
34.47199908	8.20158672	27.69746399
34.47599908	8.20158672	27.69746399
34.47999908	8.20158672	31.64985275
34.48399908	8.12100124	23.72970009
34.48799908	8.20158672	27.69746399
34.49199908	8.20158672	23.72970009
34.49599908	8.20158672	27.69746399
34.49999908	8.20158672	27.69746399
34.50399908	8.20158672	27.69746399
34.50799908	8.20158672	23.72970009
34.51199908	8.28186512	27.69746399
34.51599908	8.20158672	27.69746399
34.51999908	8.12100124	23.72970009
34.52399908	8.20158672	23.72970009
34.52799908	8.20158672	27.69746399
34.53199908	8.12100124	27.69746399
34.53599908	8.20158672	23.72970009
34.53999908	8.20158672	23.72970009
34.54399908	8.20158672	27.69746399
34.54799908	8.20158672	23.72970009
34.55199908	8.12100124	27.69746399
34.55599908	8.20158672	23.72970009
34.55999908	8.28186512	27.69746399
34.56399908	8.20158672	27.69746399
34.56799908	8.12100124	27.69746399
34.57199908	8.12100124	27.69746399
34.57599908	8.20158672	27.69746399
34.57999908	8.28186512	23.72970009
34.58399908	8.20158672	27.69746399
34.58799908	8.12100124	23.72970009
34.59199908	8.20158672	27.69746399
34.59599908	8.20158672	27.69746399
34.59999908	8.20158672	27.69746399
34.60399908	8.20158672	27.69746399
34.60799908	8.20158672	27.69746399
34.61199908	8.20158672	27.69746399
34.61599908	8.20158672	23.72970009
34.61999908	8.12100124	27.69746399
34.62399907	8.28186512	23.72970009
34.62799907	8.28186512	27.69746399
34.63199907	8.20158672	31.64985275
34.63599907	8.12100124	23.72970009
34.63999907	8.12100124	27.69746399
34.64399907	8.20158672	27.69746399
34.64799907	8.28186512	27.69746399
34.65199907	8.20158672	27.69746399
34.65599907	8.20158672	31.64985275
34.65999907	8.12100124	23.72970009
34.66399907	8.20158672	27.69746399
34.66799907	8.12100124	23.72970009
34.67199907	8.12100124	27.69746399
34.67599907	8.20158672	27.69746399
34.67999907	8.20158672	31.64985275
34.68399907	8.20158672	23.72970009
34.68799907	8.12100124	27.69746399
34.69199907	8.12100124	23.72970009
34.69599907	8.20158672	27.69746399
34.69999907	8.20158672	23.72970009
34.70399907	8.20158672	27.69746399
34.70799907	8.12100124	23.72970009
34.71199907	8.20158672	27.69746399
34.71599907	8.20158672	27.69746399
34.71999907	8.20158672	27.69746399
34.72399907	8.12100124	27.69746399
34.72799907	8.12100124	27.69746399
34.73199907	8.20158672	23.72970009
34.73599907	8.20158672	27.69746399
34.73999907	8.12100124	23.72970009
34.74399907	8.12100124	27.69746399
34.74799907	8.20158672	23.72970009
34.75199907	8.20158672	27.69746399
34.75599907	8.20158672	23.72970009
34.75999907	8.12100124	23.72970009
34.76399907	8.20158672	23.72970009
34.76799907	8.28186512	27.69746399
34.77199907	8.20158672	27.69746399
34.77599907	8.12100124	27.69746399
34.77999907	8.12100124	23.72970009
34.78399907	8.20158672	27.69746399
34.78799907	8.20158672	27.69746399
34.79199907	8.20158672	31.64985275
34.79599907	8.12100124	27.69746399
34.79999907	8.20158672	27.69746399
34.80399907	8.12100124	23.72970009
34.80799907	8.12100124	27.69746399
34.81199907	8.12100124	23.72970009
34.81599907	8.20158672	27.69746399
34.81999907	8.28186512	23.72970009
34.82399907	8.20158672	27.69746399
34.82799907	8.12100124	23.72970009
34.83199907	8.12100124	23.72970009
34.83599907	8.20158672	27.69746399
34.83999907	8.28186512	27.69746399
34.84399907	8.12100124	27.69746399
34.84799907	8.12100124	23.72970009
34.85199907	8.20158672	23.72970009
34.85599907	8.20158672	23.72970009
34.85999907	8.12100124	23.72970009
34.86399907	8.12100124	27.69746399
34.86799907	8.12100124	23.72970009
34.87199907	8.20158672	27.69746399
34.87599907	8.20158672	23.72970009
34.87999907	8.20158672	23.72970009
34.88399907	8.12100124	27.69746399
34.88799907	8.12100124	27.69746399
34.89199907	8.12100124	27.69746399
34.89599907	8.12100124	31.64985275
34.89999907	8.12100124	27.69746399
34.90399907	8.20158672	35.60223770
34.90799907	8.20158672	23.72970009
34.91199907	8.20158672	31.64985275
34.91599907	8.12100124	27.69746399
34.91999907	8.20158672	23.72970009
34.92399907	8.20158672	23.72970009
34.92799907	8.20158672	27.69746399
34.93199907	8.12100124	27.69746399
34.93599907	8.12100124	23.72970009
34.93999907	8.20158672	23.72970009
34.94399907	8.20158672	27.69746399
34.94799907	8.12100124	23.72970009
34.95199907	8.12100124	27.69746399
34.95599907	8.12100124	27.69746399
34.95999907	8.28186512	27.69746399
34.96399907	8.20158672	27.69746399
34.96799907	8.12100124	27.69746399
34.97199907	8.12100124	23.72970009
34.97599906	8.20158672	27.69746399
34.97999906	8.20158672	23.72970009
34.98399906	8.20158672	27.69746399
34.98799906	8.20158672	23.72970009
34.99199906	8.20158672	27.69746399
34.99599906	8.12100124	27.69746399
34.99999906	8.12100124	27.69746399
35.00399906	8.20158672	19.77731133
35.00799906	8.20158672	27.69746399
35.01199906	8.20158672	23.72970009
35.01599906	8.12100124	27.69746399
35.01999906	8.20158672	23.72970009
35.02399906	8.20158672	27.69746399
35.02799906	8.12100124	27.69746399
35.03199906	8.12100124	27.69746399
35.03599906	8.12100124	27.69746399
35.03999906	8.28186512	27.69746399
35.04399906	8.20158672	27.69746399
35.04799906	8.12100124	27.69746399
35.05199906	8.12100124	23.72970009
35.05599906	8.20158672	23.72970009
35.05999906	8.20158672	27.69746399
35.06399906	8.12100124	27.69746399
35.06799906	8.20158672	23.72970009
35.07199906	8.20158672	27.69746399
35.07599906	8.20158672	27.69746399
35.07999906	8.12100124	27.69746399
35.08399906	8.12100124	27.69746399
35.08799906	8.12100124	23.72970009
35.09199906	8.20158672	23.72970009
35.09599906	8.12100124	27.69746399
35.09999906	8.12100124	27.69746399
35.10399906	8.20158672	27.69746399
35.10799906	8.20158672	23.72970009
35.11199906	8.12100124	27.69746399
35.11599906	8.12100124	23.72970009
35.11999906	8.20158672	23.72970009
35.12399906	8.20158672	23.72970009
35.12799906	8.20158672	27.69746399
35.13199906	8.12100124	27.69746399
35.13599906	8.12100124	27.69746399
35.13999906	8.20158672	23.72970009
35.14399906	8.12100124	27.69746399
35.14799906	8.12100124	27.69746399
35.15199906	8.20158672	27.69746399
35.15599906	8.20158672	27.69746399
35.15999906	8.20158672	27.69746399
35.16399906	8.12100124	23.72970009
35.16799906	8.12100124	23.72970009
35.17199906	8.12100124	23.72970009
35.17599906	8.20158672	27.69746399
35.17999906	8.20158672	23.72970009
35.18399906	8.12100124	27.69746399
35.18799906	8.20158672	23.72970009
35.19199906	8.12100124	27.69746399
35.19599906	8.12100124	23.72970009
35.19999906	8.20158672	23.72970009
35.20399906	8.20158672	23.72970009
35.20799906	8.20158672	27.69746399
35.21199906	8.20158672	27.69746399
35.21599906	8.12100124	23.72970009
35.21999906	8.12100124	27.69746399
35.22399906	8.12100124	23.72970009
35.22799906	8.12100124	23.72970009
35.23199906	8.20158672	27.69746399
35.23599906	8.20158672	23.72970009
35.23999906	8.20158672	27.69746399
35.24399906	8.12100124	23.72970009
35.24799906	8.12100124	27.69746399
35.25199906	8.12100124	23.72970009
35.25599906	8.20158672	23.72970009
35.25999906	8.20158672	23.72970009
35.26399906	8.20158672	27.69746399
35.26799906	8.12100124	23.72970009
35.27199906	8.12100124	27.69746399
35.27599906	8.12100124	23.72970009
35.27999906	8.20158672	27.69746399
35.28399906	8.20158672	27.69746399
35.28799906	8.20158672	27.69746399
35.29199906	8.20158672	27.69746399
35.29599906	8.12100124	23.72970009
35.29999906	8.12100124	23.72970009
35.30399906	8.12100124	27.69746399
35.30799906	8.20158672	23.72970009
35.31199906	8.20158672	27.69746399
35.31599906	8.20158672	23.72970009
35.31999906	8.20158672	27.69746399
35.32399906	8.20158672	23.72970009
35.32799906	8.20158672	27.69746399
35.33199905	8.12100124	23.72970009
35.33599905	8.20158672	27.69746399
35.33999905	8.20158672	23.72970009
35.34399905	8.20158672	27.69746399
35.34799905	8.20158672	23.72970009
35.35199905	8.12100124	27.69746399
35.35599905	8.12100124	23.72970009
35.35999905	8.12100124	27.69746399
35.36399905	8.20158672	23.72970009
35.36799905	8.20158672	23.72970009
35.37199905	8.20158672	23.72970009
35.37599905	8.20158672	27.69746399
35.37999905	8.12100124	27.69746399
35.38399905	8.20158672	23.72970009
35.38799905	8.20158672	27.69746399
35.39199905	8.20158672	27.69746399
35.39599905	8.12100124	27.69746399
35.39999905	8.12100124	27.69746399
35.40399905	8.12100124	23.72970009
35.40799905	8.20158672	23.72970009
35.41199905	8.20158672	23.72970009
35.41599905	8.20158672	23.72970009
35.41999905	8.20158672	27.69746399
35.42399905	8.12100124	27.69746399
35.42799905	8.20158672	23.72970009
35.43199905	8.20158672	23.72970009
35.43599905	8.12100124	23.72970009
35.43999905	8.20158672	23.72970009
35.44399905	8.20158672	23.72970009
35.44799905	8.20158672	27.69746399
35.45199905	8.20158672	23.72970009
35.45599905	8.12100124	27.69746399
35.45999905	8.12100124	23.72970009
35.46399905	8.20158672	27.69746399
35.46799905	8.20158672	27.69746399
35.47199905	8.20158672	27.69746399
35.47599905	8.12100124	23.72970009
35.47999905	8.12100124	27.69746399
35.48399905	8.12100124	27.69746399
35.48799905	8.20158672	23.72970009
35.49199905	8.12100124	23.72970009
35.49599905	8.20158672	27.69746399
35.49999905	8.12100124	23.72970009
35.50399905	8.12100124	23.72970009
35.50799905	8.12100124	23.72970009
35.51199905	8.12100124	23.72970009
35.51599905	8.20158672	23.72970009
35.51999905	8.20158672	27.69746399
35.52399905	8.12100124	23.72970009
35.52799905	8.20158672	23.72970009
35.53199905	8.20158672	23.72970009
35.53599905	8.20158672	27.69746399
35.53999905	8.12100124	23.72970009
35.54399905	8.12100124	27.69746399
35.54799905	8.20158672	23.72970009
35.55199905	8.20158672	27.69746399
35.55599905	8.12100124	23.72970009
35.55999905	8.12100124	27.69746399
35.56399905	8.20158672	23.72970009
35.56799905	8.20158672	27.69746399
35.57199905	8.12100124	23.72970009
35.57599905	8.12100124	27.69746399
35.57999905	8.12100124	23.72970009
35.58399905	8.20158672	27.69746399
35.58799905	8.20158672	23.72970009
35.59199905	8.12100124	27.69746399
35.59599905	8.12100124	27.69746399
35.59999905	8.20158672	27.69746399
35.60399905	8.20158672	27.69746399
35.60799905	8.12100124	27.69746399
35.61199905	8.12100124	19.77731133
35.61599905	8.20158672	23.72970009
35.61999905	8.20158672	27.69746399
35.62399905	8.12100124	27.69746399
35.62799905	8.12100124	23.72970009
35.63199905	8.12100124	27.69746399
35.63599905	8.28186512	23.72970009
35.63999905	8.28186512	27.69746399
35.64399905	8.12100124	27.69746399
35.64799905	8.12100124	27.69746399
35.65199905	8.20158672	19.77731133
35.65599905	8.20158672	27.69746399
35.65999905	8.12100124	27.69746399
35.66399905	8.12100124	27.69746399
35.66799905	8.12100124	23.72970009
35.67199905	8.20158672	27.69746399
35.67599905	8.12100124	23.72970009
35.67999905	8.12100124	27.69746399
35.68399904	8.12100124	23.72970009
35.68799904	8.20158672	27.69746399
35.69199904	8.20158672	27.69746399
35.69599904	8.12100124	27.69746399
35.69999904	8.12100124	23.72970009
35.70399904	8.12100124	27.69746399
35.70799904	8.12100124	23.72970009
35.71199904	8.12100124	23.72970009
35.71599904	8.20158672	23.72970009
35.71999904	8.28186512	23.72970009
35.72399904	8.20158672	27.69746399
35.72799904	8.04072380	27.69746399
35.73199904	8.04072380	19.77731133
35.73599904	8.20158672	23.72970009
35.73999904	8.20158672	27.69746399
35.74399904	8.12100124	27.69746399
35.74799904	8.04072380	23.72970009
35.75199904	8.20158672	27.69746399
35.75599904	8.20158672	27.69746399
35.75999904	8.12100124	23.72970009
35.76399904	8.12100124	23.72970009
35.76799904	8.12100124	27.69746399
35.77199904	8.20158672	27.69746399
35.77599904	8.20158672	27.69746399
35.77999904	8.12100124	23.72970009
35.78399904	8.04072380	27.69746399
35.78799904	8.12100124	23.72970009
35.79199904	8.12100124	27.69746399
35.79599904	8.20158672	23.72970009
35.79999904	8.20158672	23.72970009
35.80399904	8.12100124	23.72970009
35.80799904	8.12100124	27.69746399
35.81199904	8.20158672	23.72970009
35.81599904	8.12100124	27.69746399
35.81999904	8.12100124	23.72970009
35.82399904	8.20158672	23.72970009
35.82799904	8.20158672	23.72970009
35.83199904	8.12100124	27.69746399
35.83599904	8.12100124	19.77731133
35.83999904	8.12100124	23.72970009
35.84399904	8.20158672	19.77731133
35.84799904	8.20158672	27.69746399
35.85199904	8.20158672	23.72970009
35.85599904	8.12100124	27.69746399
35.85999904	8.12100124	23.72970009
35.86399904	8.20158672	27.69746399
35.86799904	8.20158672	23.72970009
35.87199904	8.20158672	27.69746399
35.87599904	8.20158672	23.72970009
35.87999904	8.12100124	27.69746399
35.88399904	8.12100124	23.72970009
35.88799904	8.20158672	23.72970009
35.89199904	8.20158672	23.72970009
35.89599904	8.20158672	27.69746399
35.89999904	8.12100124	23.72970009
35.90399904	8.20158672	27.69746399
35.90799904	8.20158672	23.72970009
35.91199904	8.12100124	23.72970009
35.91599904	8.12100124	23.72970009
35.91999904	8.12100124	23.72970009
35.92399904	8.12100124	23.72970009
35.92799904	8.20158672	23.72970009
35.93199904	8.20158672	23.72970009
35.93599904	8.12100124	23.72970009
35.93999904	8.12100124	23.72970009
35.94399904	8.20158672	27.69746399
35.94799904	8.12100124	27.69746399
35.95199904	8.20158672	27.69746399
35.95599904	8.20158672	27.69746399
35.95999904	8.20158672	27.69746399
35.96399904	8.12100124	27.69746399
35.96799904	8.20158672	23.72970009
35.97199904	8.12100124	19.77731133
35.97599904	8.20158672	27.69746399
35.97999904	8.20158672	23.72970009
35.98399904	8.20158672	27.69746399
35.98799904	8.20158672	23.72970009
35.99199904	8.12100124	27.69746399
35.99599904	8.12100124	23.72970009
35.99999904	8.12100124	27.69746399
36.00399904	8.20158672	23.72970009
36.00799904	8.20158672	27.69746399
36.01199904	8.20158672	27.69746399
36.01599904	8.20158672	27.69746399
36.01999904	8.12100124	23.72970009
36.02399904	8.12100124	23.72970009
36.02799904	8.12100124	23.72970009
36.03199904	8.20158672	27.69746399
36.03599904	8.20158672	23.72970009
36.03999903	8.12100124	27.69746399
36.04399903	8.12100124	23.72970009
36.04799903	8.12100124	23.72970009
36.05199903	8.20158672	19.77731133
36.05599903	8.20158672	23.72970009
36.05999903	8.12100124	23.72970009
36.06399903	8.20158672	27.69746399
36.06799903	8.20158672	19.77731133
36.07199903	8.20158672	27.69746399
36.07599903	8.12100124	23.72970009
36.07999903	8.12100124	27.69746399
36.08399903	8.12100124	23.72970009
36.08799903	8.20158672	27.69746399
36.09199903	8.20158672	23.72970009
36.09599903	8.12100124	23.72970009
36.09999903	8.12100124	19.77731133
36.10399903	8.12100124	23.72970009
36.10799903	8.12100124	27.69746399
36.11199903	8.20158672	23.72970009
36.11599903	8.12100124	23.72970009
36.11999903	8.12100124	27.69746399
36.12399903	8.20158672	27.69746399
36.12799903	8.12100124	23.72970009
36.13199903	8.04072380	23.72970009
36.13599903	8.12100124	27.69746399
36.13999903	8.20158672	27.69746399
36.14399903	8.20158672	27.69746399
36.14799903	8.20158672	23.72970009
36.15199903	8.12100124	23.72970009
36.15599903	8.20158672	23.72970009
36.15999903	8.12100124	27.69746399
36.16399903	8.12100124	27.69746399
36.16799903	8.12100124	23.72970009
36.17199903	8.20158672	23.72970009
36.17599903	8.20158672	27.69746399
36.17999903	8.20158672	19.77731133
36.18399903	8.04072380	23.72970009
36.18799903	8.12100124	19.77731133
36.19199903	8.20158672	27.69746399
36.19599903	8.20158672	23.72970009
36.19999903	8.20158672	19.77731133
36.20399903	8.20158672	23.72970009
36.20799903	8.12100124	27.69746399
36.21199903	8.12100124	27.69746399
36.21599903	8.04072380	23.72970009
36.21999903	8.12100124	23.72970009
36.22399903	8.20158672	27.69746399
36.22799903	8.20158672	27.69746399
36.23199903	8.12100124	27.69746399
36.23599903	8.04072380	23.72970009
36.23999903	8.12100124	23.72970009
36.24399903	8.20158672	19.77731133
36.24799903	8.12100124	23.72970009
36.25199903	8.12100124	23.72970009
36.25599903	8.20158672	27.69746399
36.25999903	8.12100124	23.72970009
36.26399903	8.12100124	23.72970009
36.26799903	8.04072380	23.72970009
36.27199903	8.12100124	27.69746399
36.27599903	8.12100124	23.72970009
36.27999903	8.20158672	27.69746399
36.28399903	8.20158672	23.72970009
36.28799903	8.20158672	23.72970009
36.29199903	8.04072380	23.72970009
36.29599903	8.04072380	23.72970009
36.29999903	8.04072380	23.72970009
36.30399903	8.20158672	27.69746399
36.30799903	8.20158672	19.77731133
36.31199903	8.20158672	23.72970009
36.31599903	8.12100124	27.69746399
36.31999903	8.04072380	23.72970009
36.32399903	8.12100124	23.72970009
36.32799903	8.12100124	23.72970009
36.33199903	8.12100124	23.72970009
36.33599903	8.12100124	27.69746399
36.33999903	8.12100124	23.72970009
36.34399903	8.20158672	23.72970009
36.34799903	8.04072380	23.72970009
36.35199903	8.04072380	27.69746399
36.35599903	8.04072380	19.77731133
36.35999903	8.12100124	23.72970009
36.36399903	8.20158672	23.72970009
36.36799903	8.12100124	23.72970009
36.37199903	8.12100124	19.77731133
36.37599903	8.12100124	27.69746399
36.37999903	8.04072380	23.72970009
36.38399903	8.12100124	27.69746399
36.38799903	8.04072380	19.77731133
36.39199902	8.12100124	27.69746399
36.39599902	8.20158672	23.72970009
36.39999902	8.20158672	27.69746399
36.40399902	8.04072380	23.72970009
36.40799902	8.04072380	23.72970009
36.41199902	8.12100124	23.72970009
36.41599902	8.20158672	23.72970009
36.41999902	8.12100124	23.72970009
36.42399902	8.12100124	23.72970009
36.42799902	8.12100124	23.72970009
36.43199902	8.12100124	23.72970009
36.43599902	8.04072380	23.72970009
36.43999902	8.04072380	23.72970009
36.44399902	8.12100124	19.77731133
36.44799902	8.20158672	27.69746399
36.45199902	8.12100124	23.72970009
36.45599902	8.04072380	27.69746399
36.45999902	8.12100124	23.72970009
36.46399902	8.12100124	27.69746399
36.46799902	8.12100124	23.72970009
36.47199902	8.04072380	27.69746399
36.47599902	8.12100124	23.72970009
36.47999902	8.20158672	23.72970009
36.48399902	8.12100124	23.72970009
36.48799902	8.12100124	23.72970009
36.49199902	8.04072380	19.77731133
36.49599902	8.04072380	23.72970009
36.49999902	8.20158672	23.72970009
36.50399902	8.28186512	23.72970009
36.50799902	8.20158672	27.69746399
36.51199902	8.04072380	27.69746399
36.51599902	8.04072380	19.77731133
36.51999902	8.12100124	23.72970009
36.52399902	8.12100124	19.77731133
36.52799902	8.20158672	23.72970009
36.53199902	8.20158672	23.72970009
36.53599902	8.20158672	23.72970009
36.53999902	8.04072380	23.72970009
36.54399902	8.04072380	23.72970009
36.54799902	8.12100124	19.77731133
36.55199902	8.20158672	23.72970009
36.55599902	8.20158672	27.69746399
36.55999902	8.12100124	27.69746399
36.56399902	8.12100124	23.72970009
36.56799902	8.12100124	23.72970009
36.57199902	8.20158672	23.72970009
36.57599902	8.20158672	23.72970009
36.57999902	8.12100124	23.72970009
36.58399902	8.20158672	27.69746399
36.58799902	8.28186512	23.72970009
36.59199902	8.20158672	27.69746399
36.59599902	8.12100124	23.72970009
36.59999902	8.04072380	23.72970009
36.60399902	8.12100124	23.72970009
36.60799902	8.20158672	27.69746399
36.61199902	8.28186512	19.77731133
36.61599902	8.20158672	23.72970009
36.61999902	8.12100124	19.77731133
36.62399902	8.12100124	23.72970009
36.62799902	8.12100124	23.72970009
36.63199902	8.20158672	23.72970009
36.63599902	8.20158672	23.72970009
36.63999902	8.20158672	23.72970009
36.64399902	8.20158672	23.72970009
36.64799902	8.20158672	23.72970009
36.65199902	8.12100124	23.72970009
36.65599902	8.12100124	23.72970009
36.65999902	8.12100124	27.69746399
36.66399902	8.20158672	23.72970009
36.66799902	8.20158672	23.72970009
36.67199902	8.20158672	27.69746399
36.67599902	8.20158672	23.72970009
36.67999902	8.12100124	23.72970009
36.68399902	8.12100124	23.72970009
36.68799902	8.12100124	23.72970009
36.69199902	8.20158672	23.72970009
36.69599902	8.20158672	27.69746399
36.69999902	8.20158672	23.72970009
36.70399902	8.12100124	23.72970009
36.70799902	8.12100124	23.72970009
36.71199902	8.12100124	23.72970009
36.71599902	8.12100124	23.72970009
36.71999902	8.20158672	23.72970009
36.72399902	8.12100124	23.72970009
36.72799902	8.20158672	23.72970009
36.73199902	8.12100124	19.77731133
36.73599902	8.12100124	23.72970009
36.73999902	8.20158672	19.77731133
36.74399901	8.20158672	23.72970009
36.74799901	8.28186512	19.77731133
36.75199901	8.20158672	27.69746399
36.75599901	8.20158672	23.72970009
36.75999901	8.12100124	23.72970009
36.76399901	8.20158672	23.72970009
36.76799901	8.20158672	23.72970009
36.77199901	8.20158672	23.72970009
36.77599901	8.20158672	23.72970009
36.77999901	8.20158672	23.72970009
36.78399901	8.20158672	23.72970009
36.78799901	8.12100124	23.72970009
36.79199901	8.12100124	23.72970009
36.79599901	8.20158672	23.72970009
36.79999901	8.20158672	27.69746399
36.80399901	8.20158672	23.72970009
36.80799901	8.20158672	23.72970009
36.81199901	8.20158672	23.72970009
36.81599901	8.20158672	23.72970009
36.81999901	8.20158672	19.77731133
36.82399901	8.20158672	23.72970009
36.82799901	8.20158672	23.72970009
36.83199901	8.20158672	23.72970009
36.83599901	8.20158672	23.72970009
36.83999901	8.28186512	23.72970009
36.84399901	8.12100124	23.72970009
36.84799901	8.04072380	23.72970009
36.85199901	8.12100124	19.77731133
36.85599901	8.28186512	23.72970009
36.85999901	8.36214352	23.72970009
36.86399901	8.20158672	23.72970009
36.86799901	8.20158672	23.72970009
36.87199901	8.12100124	27.69746399
36.87599901	8.20158672	23.72970009
36.87999901	8.20158672	27.69746399
36.88399901	8.20158672	23.72970009
36.88799901	8.28186512	23.72970009
36.89199901	8.20158672	23.72970009
36.89599901	8.20158672	23.72970009
36.89999901	8.12100124	19.77731133
36.90399901	8.12100124	23.72970009
36.90799901	8.20158672	23.72970009
36.91199901	8.20158672	27.69746399
36.91599901	8.12100124	23.72970009
36.91999901	8.12100124	27.69746399
36.92399901	8.20158672	19.77731133
36.92799901	8.28186512	23.72970009
36.93199901	8.20158672	19.77731133
36.93599901	8.20158672	23.72970009
36.93999901	8.20158672	19.77731133
36.94399901	8.28186512	23.72970009
36.94799901	8.20158672	23.72970009
36.95199901	8.20158672	23.72970009
36.95599901	8.12100124	23.72970009
36.95999901	8.20158672	23.72970009
36.96399901	8.20158672	23.72970009
36.96799901	8.20158672	23.72970009
36.97199901	8.20158672	23.72970009
36.97599901	8.20158672	23.72970009
36.97999901	8.12100124	23.72970009
36.98399901	8.20158672	23.72970009
36.98799901	8.20158672	19.77731133
36.99199901	8.20158672	23.72970009
36.99599901	8.20158672	23.72970009
36.99999901	8.04072380	27.69746399
37.00399901	8.12100124	23.72970009
37.00799901	8.20158672	23.72970009
37.01199901	8.28186512	23.72970009
37.01599901	8.20158672	23.72970009
37.01999901	8.20158672	23.72970009
37.02399901	8.20158672	23.72970009
37.02799901	8.20158672	23.72970009
37.03199901	8.20158672	23.72970009
37.03599901	8.20158672	19.77731133
37.03999901	8.20158672	23.72970009
37.04399901	8.20158672	23.72970009
37.04799901	8.20158672	23.72970009
37.05199901	8.20158672	19.77731133
37.05599901	8.20158672	23.72970009
37.05999901	8.20158672	19.77731133
37.06399901	8.12100124	23.72970009
37.06799901	8.20158672	23.72970009
37.07199901	8.20158672	23.72970009
37.07599901	8.20158672	19.77731133
37.07999901	8.28186512	23.72970009
37.08399901	8.12100124	23.72970009
37.08799901	8.12100124	27.69746399
37.09199901	8.20158672	23.72970009
37.09599901	8.28186512	23.72970009
37.09999900	8.28186512	19.77731133
37.10399900	8.20158672	23.72970009
37.10799900	8.12100124	23.72970009
37.11199900	8.20158672	23.72970009
37.11599900	8.28186512	19.77731133
37.11999900	8.28186512	23.72970009
37.12399900	8.28186512	23.72970009
37.12799900	8.20158672	27.69746399
37.13199900	8.28186512	23.72970009
37.13599900	8.12100124	23.72970009
37.13999900	8.20158672	15.82492638
37.14399900	8.20158672	19.77731133
37.14799900	8.28186512	23.72970009
37.15199900	8.28186512	23.72970009
37.15599900	8.20158672	23.72970009
37.15999900	8.20158672	23.72970009
37.16399900	8.28186512	19.77731133
37.16799900	8.28186512	23.72970009
37.17199900	8.12100124	23.72970009
37.17599900	8.20158672	23.72970009
37.17999900	8.28186512	23.72970009
37.18399900	8.28186512	23.72970009
37.18799900	8.20158672	19.77731133
37.19199900	8.12100124	23.72970009
37.19599900	8.20158672	23.72970009
37.19999900	8.20158672	27.69746399
37.20399900	8.20158672	19.77731133
37.20799900	8.28186512	23.72970009
37.21199900	8.20158672	19.77731133
37.21599900	8.28186512	27.69746399
37.21999900	8.20158672	23.72970009
37.22399900	8.12100124	23.72970009
37.22799900	8.20158672	19.77731133
37.23199900	8.28186512	19.77731133
37.23599900	8.28186512	23.72970009
37.23999900	8.20158672	23.72970009
37.24399900	8.20158672	19.77731133
37.24799900	8.20158672	23.72970009
37.25199900	8.20158672	19.77731133
37.25599900	8.20158672	23.72970009
37.25999900	8.28186512	19.77731133
37.26399900	8.28186512	23.72970009
37.26799900	8.20158672	23.72970009
37.27199900	8.20158672	23.72970009
37.27599900	8.12100124	19.77731133
37.27999900	8.12100124	19.77731133
37.28399900	8.28186512	19.77731133
37.28799900	8.28186512	19.77731133
37.29199900	8.28186512	23.72970009
37.29599900	8.20158672	23.72970009
37.29999900	8.12100124	19.77731133
37.30399900	8.12100124	23.72970009
37.30799900	8.28186512	19.77731133
37.31199900	8.36214352	23.72970009
37.31599900	8.28186512	23.72970009
37.31999900	8.20158672	23.72970009
37.32399900	8.20158672	23.72970009
37.32799900	8.20158672	23.72970009
37.33199900	8.12100124	19.77731133
37.33599900	8.28186512	23.72970009
37.33999900	8.28186512	23.72970009
37.34399900	8.28186512	23.72970009
37.34799900	8.20158672	23.72970009
37.35199900	8.12100124	23.72970009
37.35599900	8.20158672	23.72970009
37.35999900	8.20158672	23.72970009
37.36399900	8.20158672	23.72970009
37.36799900	8.28186512	23.72970009
37.37199900	8.28186512	23.72970009
37.37599900	8.28186512	23.72970009
37.37999900	8.12100124	19.77731133
37.38399900	8.12100124	23.72970009
37.38799900	8.20158672	23.72970009
37.39199900	8.28186512	27.69746399
37.39599900	8.28186512	23.72970009
37.39999900	8.28186512	23.72970009
37.40399900	8.20158672	23.72970009
37.40799900	8.12100124	23.72970009
37.41199900	8.12100124	19.77731133
37.41599900	8.20158672	19.77731133
37.41999900	8.28186512	23.72970009
37.42399900	8.36214352	23.72970009
37.42799900	8.20158672	23.72970009
37.43199900	8.20158672	19.77731133
37.43599900	8.20158672	19.77731133
37.43999900	8.28186512	23.72970009
37.44399900	8.20158672	19.77731133
37.44799900	8.20158672	23.72970009
37.45199899	8.28186512	19.77731133
37.45599899	8.28186512	23.72970009
37.45999899	8.20158672	23.72970009
37.46399899	8.20158672	23.72970009
37.46799899	8.12100124	23.72970009
37.47199899	8.28186512	23.72970009
37.47599899	8.28186512	23.72970009
37.47999899	8.20158672	23.72970009
37.48399899	8.12100124	23.72970009
37.48799899	8.12100124	23.72970009
37.49199899	8.20158672	23.72970009
37.49599899	8.28186512	27.69746399
37.49999899	8.28186512	23.72970009
37.50399899	8.28186512	23.72970009
37.50799899	8.20158672	23.72970009
37.51199899	8.20158672	23.72970009
37.51599899	8.20158672	19.77731133
37.51999899	8.20158672	23.72970009
37.52399899	8.28186512	23.72970009
37.52799899	8.28186512	23.72970009
37.53199899	8.20158672	19.77731133
37.53599899	8.20158672	23.72970009
37.53999899	8.20158672	19.77731133
37.54399899	8.20158672	23.72970009
37.54799899	8.20158672	23.72970009
37.55199899	8.28186512	23.72970009
37.55599899	8.28186512	19.77731133
37.55999899	8.28186512	23.72970009
37.56399899	8.20158672	19.77731133
37.56799899	8.28186512	23.72970009
37.57199899	8.28186512	23.72970009
37.57599899	8.20158672	23.72970009
37.57999899	8.20158672	19.77731133
37.58399899	8.20158672	19.77731133
37.58799899	8.28186512	19.77731133
37.59199899	8.28186512	23.72970009
37.59599899	8.20158672	23.72970009
37.59999899	8.20158672	27.69746399
37.60399899	8.20158672	23.72970009
37.60799899	8.28186512	23.72970009
37.61199899	8.28186512	23.72970009
37.61599899	8.28186512	23.72970009
37.61999899	8.20158672	23.72970009
37.62399899	8.20158672	23.72970009
37.62799899	8.20158672	23.72970009
37.63199899	8.28186512	23.72970009
37.63599899	8.20158672	23.72970009
37.63999899	8.28186512	23.72970009
37.64399899	8.20158672	23.72970009
37.64799899	8.20158672	23.72970009
37.65199899	8.20158672	19.77731133
37.65599899	8.20158672	23.72970009
37.65999899	8.20158672	23.72970009
37.66399899	8.20158672	23.72970009
37.66799899	8.28186512	23.72970009
37.67199899	8.28186512	23.72970009
37.67599899	8.20158672	19.77731133
37.67999899	8.20158672	23.72970009
37.68399899	8.20158672	19.77731133
37.68799899	8.28186512	23.72970009
37.69199899	8.28186512	19.77731133
37.69599899	8.28186512	23.72970009
37.69999899	8.28186512	19.77731133
37.70399899	8.20158672	23.72970009
37.70799899	8.20158672	23.72970009
37.71199899	8.20158672	19.77731133
37.71599899	8.20158672	19.77731133
37.71999899	8.28186512	23.72970009
37.72399899	8.28186512	19.77731133
37.72799899	8.28186512	23.72970009
37.73199899	8.20158672	19.77731133
37.73599899	8.20158672	19.77731133
37.73999899	8.20158672	23.72970009
37.74399899	8.28186512	27.69746399
37.74799899	8.20158672	23.72970009
37.75199899	8.20158672	23.72970009
37.75599899	8.20158672	19.77731133
37.75999899	8.20158672	19.77731133
37.76399899	8.20158672	23.72970009
37.76799899	8.28186512	23.72970009
37.77199899	8.20158672	23.72970009
37.77599899	8.20158672	27.69746399
37.77999899	8.20158672	19.77731133
37.78399899	8.20158672	19.77731133
37.78799899	8.20158672	23.72970009
37.79199899	8.20158672	23.72970009
37.79599899	8.20158672	19.77731133
37.79999899	8.20158672	23.72970009
37.80399899	8.20158672	19.77731133
37.80799898	8.20158672	23.72970009
37.81199898	8.28186512	19.77731133
37.81599898	8.20158672	23.72970009
37.81999898	8.20158672	23.72970009
37.82399898	8.28186512	23.72970009
37.82799898	8.28186512	19.77731133
37.83199898	8.28186512	23.72970009
37.83599898	8.20158672	19.77731133
37.83999898	8.12100124	27.69746399
37.84399898	8.28186512	23.72970009
37.84799898	8.28186512	19.77731133
37.85199898	8.20158672	23.72970009
37.85599898	8.20158672	23.72970009
37.85999898	8.28186512	19.77731133
37.86399898	8.28186512	27.69746399
37.86799898	8.20158672	23.72970009
37.87199898	8.20158672	23.72970009
37.87599898	8.20158672	23.72970009
37.87999898	8.28186512	23.72970009
37.88399898	8.20158672	23.72970009
37.88799898	8.20158672	23.72970009
37.89199898	8.20158672	19.77731133
37.89599898	8.28186512	23.72970009
37.89999898	8.28186512	23.72970009
37.90399898	8.20158672	23.72970009
37.90799898	8.12100124	19.77731133
37.91199898	8.20158672	27.69746399
37.91599898	8.28186512	23.72970009
37.91999898	8.20158672	23.72970009
37.92399898	8.20158672	23.72970009
37.92799898	8.20158672	23.72970009
37.93199898	8.20158672	23.72970009
37.93599898	8.28186512	23.72970009
37.93999898	8.20158672	23.72970009
37.94399898	8.20158672	23.72970009
37.94799898	8.28186512	19.77731133
37.95199898	8.20158672	23.72970009
37.95599898	8.20158672	23.72970009
37.95999898	8.20158672	19.77731133
37.96399898	8.28186512	23.72970009
37.96799898	8.28186512	23.72970009
37.97199898	8.12100124	23.72970009
37.97599898	8.12100124	23.72970009
37.97999898	8.20158672	19.77731133
37.98399898	8.28186512	23.72970009
37.98799898	8.20158672	23.72970009
37.99199898	8.20158672	23.72970009
37.99599898	8.12100124	19.77731133
37.99999898	8.28186512	23.72970009
38.00399898	8.28186512	19.77731133
38.00799898	8.20158672	23.72970009
38.01199898	8.12100124	23.72970009
38.01599898	8.20158672	23.72970009
38.01999898	8.28186512	23.72970009
38.02399898	8.28186512	27.69746399
38.02799898	8.20158672	23.72970009
38.03199898	8.12100124	23.72970009
38.03599898	8.20158672	27.69746399
38.03999898	8.12100124	27.69746399
38.04399898	8.20158672	23.72970009
38.04799898	8.20158672	23.72970009
38.05199898	8.28186512	23.72970009
38.05599898	8.20158672	27.69746399
38.05999898	8.12100124	23.72970009
38.06399898	8.20158672	23.72970009
38.06799898	8.20158672	23.72970009
38.07199898	8.20158672	23.72970009
38.07599898	8.20158672	23.72970009
38.07999898	8.20158672	23.72970009
38.08399898	8.20158672	23.72970009
38.08799898	8.20158672	27.69746399
38.09199898	8.20158672	19.77731133
38.09599898	8.12100124	23.72970009
38.09999898	8.20158672	19.77731133
38.10399898	8.28186512	23.72970009
38.10799898	8.20158672	19.77731133
38.11199898	8.20158672	23.72970009
38.11599898	8.20158672	19.77731133
38.11999898	8.20158672	23.72970009
38.12399898	8.20158672	19.77731133
38.12799898	8.20158672	23.72970009
38.13199898	8.20158672	19.77731133
38.13599898	8.28186512	23.72970009
38.13999898	8.20158672	27.69746399
38.14399898	8.12100124	19.77731133
38.14799898	8.12100124	19.77731133
38.15199898	8.28186512	23.72970009
38.15599898	8.28186512	27.69746399
38.15999897	8.20158672	27.69746399
38.16399897	8.20158672	23.72970009
38.16799897	8.28186512	23.72970009
38.17199897	8.20158672	23.72970009
38.17599897	8.20158672	27.69746399
38.17999897	8.20158672	23.72970009
38.18399897	8.20158672	27.69746399
38.18799897	8.20158672	19.77731133
38.19199897	8.20158672	23.72970009
38.19599897	8.20158672	19.77731133
38.19999897	8.20158672	23.72970009
38.20399897	8.12100124	23.72970009
38.20799897	8.20158672	23.72970009
38.21199897	8.20158672	19.77731133
38.21599897	8.28186512	23.72970009
38.21999897	8.20158672	23.72970009
38.22399897	8.28186512	23.72970009
38.22799897	8.20158672	23.72970009
38.23199897	8.20158672	23.72970009
38.23599897	8.12100124	23.72970009
38.23999897	8.12100124	19.77731133
38.24399897	8.28186512	23.72970009
38.24799897	8.28186512	27.69746399
38.25199897	8.28186512	23.72970009
38.25599897	8.12100124	23.72970009
38.25999897	8.12100124	19.77731133
38.26399897	8.20158672	19.77731133
38.26799897	8.28186512	23.72970009
38.27199897	8.20158672	23.72970009
38.27599897	8.20158672	23.72970009
38.27999897	8.20158672	23.72970009
38.28399897	8.20158672	23.72970009
38.28799897	8.20158672	23.72970009
38.29199897	8.04072380	19.77731133
38.29599897	8.20158672	19.77731133
38.29999897	8.36214352	23.72970009
38.30399897	8.36214352	27.69746399
38.30799897	8.12100124	23.72970009
38.31199897	8.04072380	19.77731133
38.31599897	8.12100124	19.77731133
38.31999897	8.28186512	23.72970009
38.32399897	8.28186512	23.72970009
38.32799897	8.28186512	23.72970009
38.33199897	8.20158672	23.72970009
38.33599897	8.12100124	27.69746399
38.33999897	8.20158672	23.72970009
38.34399897	8.20158672	19.77731133
38.34799897	8.20158672	19.77731133
38.35199897	8.20158672	23.72970009
38.35599897	8.28186512	23.72970009
38.35999897	8.20158672	23.72970009
38.36399897	8.12100124	19.77731133
38.36799897	8.12100124	19.77731133
38.37199897	8.20158672	23.72970009
38.37599897	8.28186512	23.72970009
38.37999897	8.28186512	23.72970009
38.38399897	8.20158672	23.72970009
38.38799897	8.12100124	19.77731133
38.39199897	8.12100124	19.77731133
38.39599897	8.20158672	23.72970009
38.39999897	8.20158672	27.69746399
38.40399897	8.20158672	19.77731133
38.40799897	8.28186512	23.72970009
38.41199897	8.28186512	19.77731133
38.41599897	8.20158672	23.72970009
38.41999897	8.12100124	19.77731133
38.42399897	8.12100124	19.77731133
38.42799897	8.28186512	23.72970009
38.43199897	8.28186512	23.72970009
38.43599897	8.20158672	23.72970009
38.43999897	8.20158672	23.72970009
38.44399897	8.20158672	23.72970009
38.44799897	8.20158672	23.72970009
38.45199897	8.12100124	19.77731133
38.45599897	8.28186512	23.72970009
38.45999897	8.28186512	23.72970009
38.46399897	8.28186512	23.72970009
38.46799897	8.12100124	23.72970009
38.47199897	8.12100124	19.77731133
38.47599897	8.20158672	19.77731133
38.47999897	8.28186512	23.72970009
38.48399897	8.28186512	23.72970009
38.48799897	8.20158672	27.69746399
38.49199897	8.20158672	23.72970009
38.49599897	8.28186512	23.72970009
38.49999897	8.20158672	19.77731133
38.50399897	8.12100124	23.72970009
38.50799897	8.12100124	23.72970009
38.51199896	8.28186512	23.72970009
38.51599896	8.28186512	23.72970009
38.51999896	8.28186512	23.72970009
38.52399896	8.12100124	19.77731133
38.52799896	8.20158672	23.72970009
38.53199896	8.20158672	23.72970009
38.53599896	8.20158672	23.72970009
38.53999896	8.20158672	19.77731133
38.54399896	8.28186512	23.72970009
38.54799896	8.28186512	19.77731133
38.55199896	8.20158672	23.72970009
38.55599896	8.12100124	23.72970009
38.55999896	8.20158672	23.72970009
38.56399896	8.28186512	19.77731133
38.56799896	8.28186512	23.72970009
38.57199896	8.28186512	23.72970009
38.57599896	8.20158672	23.72970009
38.57999896	8.20158672	23.72970009
38.58399896	8.20158672	23.72970009
38.58799896	8.12100124	19.77731133
38.59199896	8.28186512	23.72970009
38.59599896	8.36214352	19.77731133
38.59999896	8.36214352	27.69746399
38.60399896	8.28186512	23.72970009
38.60799896	8.12100124	23.72970009
38.61199896	8.12100124	19.77731133
38.61599896	8.20158672	19.77731133
38.61999896	8.28186512	27.69746399
38.62399896	8.28186512	27.69746399
38.62799896	8.28186512	19.77731133
38.63199896	8.20158672	23.72970009
38.63599896	8.12100124	19.77731133
38.63999896	8.12100124	23.72970009
38.64399896	8.12100124	23.72970009
38.64799896	8.28186512	19.77731133
38.65199896	8.36214352	23.72970009
38.65599896	8.28186512	23.72970009
38.65999896	8.12100124	19.77731133
38.66399896	8.12100124	15.82492638
38.66799896	8.20158672	19.77731133
38.67199896	8.20158672	23.72970009
38.67599896	8.28186512	19.77731133
38.67999896	8.28186512	23.72970009
38.68399896	8.28186512	19.77731133
38.68799896	8.28186512	23.72970009
38.69199896	8.20158672	23.72970009
38.69599896	8.20158672	23.72970009
38.69999896	8.20158672	19.77731133
38.70399896	8.28186512	23.72970009
38.70799896	8.28186512	23.72970009
38.71199896	8.28186512	23.72970009
38.71599896	8.20158672	23.72970009
38.71999896	8.20158672	23.72970009
38.72399896	8.20158672	23.72970009
38.72799896	8.20158672	23.72970009
38.73199896	8.28186512	19.77731133
38.73599896	8.28186512	23.72970009
38.73999896	8.28186512	19.77731133
38.74399896	8.20158672	23.72970009
38.74799896	8.20158672	23.72970009
38.75199896	8.20158672	19.77731133
38.75599896	8.28186512	19.77731133
38.75999896	8.36214352	23.72970009
38.76399896	8.28186512	23.72970009
38.76799896	8.20158672	27.69746399
38.77199896	8.12100124	19.77731133
38.77599896	8.20158672	19.77731133
38.77999896	8.20158672	19.77731133
38.78399896	8.28186512	27.69746399
38.78799896	8.20158672	23.72970009
38.79199896	8.28186512	23.72970009
38.79599896	8.20158672	23.72970009
38.79999896	8.20158672	19.77731133
38.80399896	8.12100124	19.77731133
38.80799896	8.28186512	23.72970009
38.81199896	8.36214352	23.72970009
38.81599896	8.36214352	27.69746399
38.81999896	8.20158672	23.72970009
38.82399896	8.20158672	23.72970009
38.82799896	8.20158672	19.77731133
38.83199896	8.20158672	27.69746399
38.83599896	8.20158672	23.72970009
38.83999896	8.28186512	23.72970009
38.84399896	8.36214352	23.72970009
38.84799896	8.36214352	23.72970009
38.85199896	8.20158672	23.72970009
38.85599896	8.12100124	19.77731133
38.85999896	8.12100124	23.72970009
38.86399896	8.28186512	23.72970009
38.86799895	8.28186512	19.77731133
38.87199895	8.28186512	23.72970009
38.87599895	8.28186512	19.77731133
38.87999895	8.20158672	23.72970009
38.88399895	8.20158672	23.72970009
38.88799895	8.12100124	19.77731133
38.89199895	8.28186512	23.72970009
38.89599895	8.36214352	23.72970009
38.89999895	8.28186512	19.77731133
38.90399895	8.20158672	23.72970009
38.90799895	8.20158672	23.72970009
38.91199895	8.20158672	23.72970009
38.91599895	8.20158672	19.77731133
38.91999895	8.20158672	27.69746399
38.92399895	8.20158672	19.77731133
38.92799895	8.28186512	23.72970009
38.93199895	8.28186512	23.72970009
38.93599895	8.20158672	19.77731133
38.93999895	8.20158672	19.77731133
38.94399895	8.20158672	23.72970009
38.94799895	8.20158672	23.72970009
38.95199895	8.28186512	23.72970009
38.95599895	8.20158672	23.72970009
38.95999895	8.20158672	23.72970009
38.96399895	8.20158672	23.72970009
38.96799895	8.20158672	23.72970009
38.97199895	8.20158672	23.72970009
38.97599895	8.20158672	23.72970009
38.97999895	8.28186512	23.72970009
38.98399895	8.20158672	23.72970009
38.98799895	8.20158672	23.72970009
38.99199895	8.20158672	23.72970009
38.99599895	8.20158672	23.72970009
38.99999895	8.28186512	23.72970009
39.00399895	8.20158672	23.72970009
39.00799895	8.20158672	23.72970009
39.01199895	8.20158672	19.77731133
39.01599895	8.20158672	23.72970009
39.01999895	8.20158672	19.77731133
39.02399895	8.20158672	23.72970009
39.02799895	8.20158672	23.72970009
39.03199895	8.28186512	23.72970009
39.03599895	8.20158672	19.77731133
39.03999895	8.12100124	27.69746399
39.04399895	8.12100124	19.77731133
39.04799895	8.20158672	23.72970009
39.05199895	8.36214352	23.72970009
39.05599895	8.28186512	27.69746399
39.05999895	8.20158672	19.77731133
39.06399895	8.20158672	23.72970009
39.06799895	8.20158672	19.77731133
39.07199895	8.36214352	23.72970009
39.07599895	8.28186512	19.77731133
39.07999895	8.20158672	23.72970009
39.08399895	8.12100124	23.72970009
39.08799895	8.20158672	23.72970009
39.09199895	8.20158672	19.77731133
39.09599895	8.20158672	23.72970009
39.09999895	8.20158672	23.72970009
39.10399895	8.28186512	27.69746399
39.10799895	8.20158672	23.72970009
39.11199895	8.20158672	23.72970009
39.11599895	8.20158672	19.77731133
39.11999895	8.20158672	23.72970009
39.12399895	8.20158672	19.77731133
39.12799895	8.20158672	27.69746399
39.13199895	8.20158672	23.72970009
39.13599895	8.12100124	23.72970009
39.13999895	8.20158672	19.77731133
39.14399895	8.28186512	19.77731133
39.14799895	8.20158672	23.72970009
39.15199895	8.12100124	27.69746399
39.15599895	8.12100124	19.77731133
39.15999895	8.20158672	23.72970009
39.16399895	8.28186512	23.72970009
39.16799895	8.20158672	23.72970009
39.17199895	8.20158672	23.72970009
39.17599895	8.20158672	23.72970009
39.17999895	8.12100124	23.72970009
39.18399895	8.20158672	23.72970009
39.18799895	8.20158672	19.77731133
39.19199895	8.20158672	23.72970009
39.19599895	8.12100124	23.72970009
39.19999895	8.20158672	19.77731133
39.20399895	8.28186512	19.77731133
39.20799895	8.20158672	23.72970009
39.21199895	8.12100124	23.72970009
39.21599895	8.12100124	23.72970009
39.21999894	8.20158672	23.72970009
39.22399894	8.20158672	23.72970009
39.22799894	8.20158672	23.72970009
39.23199894	8.20158672	23.72970009
39.23599894	8.20158672	19.77731133
39.23999894	8.12100124	23.72970009
39.24399894	8.12100124	19.77731133
39.24799894	8.20158672	23.72970009
39.25199894	8.20158672	23.72970009
39.25599894	8.12100124	23.72970009
39.25999894	8.20158672	23.72970009
39.26399894	8.20158672	23.72970009
39.26799894	8.20158672	19.77731133
39.27199894	8.20158672	23.72970009
39.27599894	8.12100124	23.72970009
39.27999894	8.12100124	23.72970009
39.28399894	8.20158672	23.72970009
39.28799894	8.20158672	23.72970009
39.29199894	8.20158672	23.72970009
39.29599894	8.12100124	27.69746399
39.29999894	8.12100124	19.77731133
39.30399894	8.20158672	23.72970009
39.30799894	8.20158672	23.72970009
39.31199894	8.20158672	23.72970009
39.31599894	8.20158672	19.77731133
39.31999894	8.20158672	23.72970009
39.32399894	8.20158672	23.72970009
39.32799894	8.12100124	23.72970009
39.33199894	8.12100124	19.77731133
39.33599894	8.12100124	23.72970009
39.33999894	8.28186512	23.72970009
39.34399894	8.20158672	27.69746399
39.34799894	8.12100124	23.72970009
39.35199894	8.12100124	19.77731133
39.35599894	8.20158672	19.77731133
39.35999894	8.28186512	23.72970009
39.36399894	8.12100124	23.72970009
39.36799894	8.12100124	23.72970009
39.37199894	8.12100124	19.77731133
39.37599894	8.20158672	23.72970009
39.37999894	8.28186512	23.72970009
39.38399894	8.20158672	23.72970009
39.38799894	8.20158672	23.72970009
39.39199894	8.28186512	23.72970009
39.39599894	8.20158672	19.77731133
39.39999894	8.12100124	23.72970009
39.40399894	8.12100124	19.77731133
39.40799894	8.28186512	19.77731133
39.41199894	8.28186512	23.72970009
39.41599894	8.20158672	27.69746399
39.41999894	8.20158672	19.77731133
39.42399894	8.20158672	19.77731133
39.42799894	8.20158672	19.77731133
39.43199894	8.12100124	23.72970009
39.43599894	8.20158672	23.72970009
39.43999894	8.12100124	27.69746399
39.44399894	8.20158672	19.77731133
39.44799894	8.28186512	23.72970009
39.45199894	8.20158672	19.77731133
39.45599894	8.20158672	23.72970009
39.45999894	8.20158672	23.72970009
39.46399894	8.20158672	23.72970009
39.46799894	8.20158672	19.77731133
39.47199894	8.12100124	23.72970009
39.47599894	8.20158672	23.72970009
39.47999894	8.20158672	23.72970009
39.48399894	8.20158672	23.72970009
39.48799894	8.20158672	23.72970009
39.49199894	8.20158672	19.77731133
39.49599894	8.20158672	19.77731133
39.49999894	8.20158672	23.72970009
39.50399894	8.20158672	23.72970009
39.50799894	8.20158672	19.77731133
39.51199894	8.20158672	23.72970009
39.51599894	8.20158672	23.72970009
39.51999894	8.12100124	19.77731133
39.52399894	8.12100124	19.77731133
39.52799894	8.20158672	23.72970009
39.53199894	8.20158672	23.72970009
39.53599894	8.20158672	23.72970009
39.53999894	8.28186512	19.77731133
39.54399894	8.28186512	23.72970009
39.54799894	8.12100124	23.72970009
39.55199894	8.04072380	23.72970009
39.55599894	8.12100124	19.77731133
39.55999894	8.28186512	23.72970009
39.56399894	8.28186512	23.72970009
39.56799894	8.20158672	23.72970009
39.57199894	8.12100124	19.77731133
39.57599893	8.12100124	23.72970009
39.57999893	8.20158672	23.72970009
39.58399893	8.20158672	23.72970009
39.58799893	8.28186512	23.72970009
39.59199893	8.28186512	27.69746399
39.59599893	8.28186512	23.72970009
39.59999893	8.20158672	23.72970009
39.60399893	8.12100124	19.77731133
39.60799893	8.12100124	23.72970009
39.61199893	8.28186512	19.77731133
39.61599893	8.28186512	27.69746399
39.61999893	8.28186512	23.72970009
39.62399893	8.12100124	23.72970009
39.62799893	8.12100124	19.77731133
39.63199893	8.20158672	23.72970009
39.63599893	8.12100124	19.77731133
39.63999893	8.28186512	23.72970009
39.64399893	8.28186512	23.72970009
39.64799893	8.28186512	23.72970009
39.65199893	8.20158672	23.72970009
39.65599893	8.12100124	23.72970009
39.65999893	8.12100124	19.77731133
39.66399893	8.20158672	23.72970009
39.66799893	8.20158672	23.72970009
39.67199893	8.20158672	23.72970009
39.67599893	8.20158672	19.77731133
39.67999893	8.20158672	23.72970009
39.68399893	8.20158672	19.77731133
39.68799893	8.12100124	23.72970009
39.69199893	8.20158672	23.72970009
39.69599893	8.28186512	23.72970009
39.69999893	8.20158672	23.72970009
39.70399893	8.20158672	19.77731133
39.70799893	8.12100124	19.77731133
39.71199893	8.12100124	23.72970009
39.71599893	8.20158672	19.77731133
39.71999893	8.20158672	23.72970009
39.72399893	8.20158672	23.72970009
39.72799893	8.28186512	23.72970009
39.73199893	8.28186512	23.72970009
39.73599893	8.20158672	23.72970009
39.73999893	8.12100124	19.77731133
39.74399893	8.12100124	19.77731133
39.74799893	8.28186512	19.77731133
39.75199893	8.28186512	23.72970009
39.75599893	8.20158672	23.72970009
39.75999893	8.20158672	23.72970009
39.76399893	8.20158672	19.77731133
39.76799893	8.12100124	23.72970009
39.77199893	8.12100124	19.77731133
39.77599893	8.20158672	23.72970009
39.77999893	8.20158672	19.77731133
39.78399893	8.28186512	23.72970009
39.78799893	8.20158672	23.72970009
39.79199893	8.12100124	23.72970009
39.79599893	8.12100124	15.82492638
39.79999893	8.12100124	19.77731133
39.80399893	8.28186512	23.72970009
39.80799893	8.28186512	23.72970009
39.81199893	8.20158672	23.72970009
39.81599893	8.20158672	19.77731133
39.81999893	8.20158672	19.77731133
39.82399893	8.20158672	23.72970009
39.82799893	8.20158672	19.77731133
39.83199893	8.28186512	23.72970009
39.83599893	8.28186512	27.69746399
39.83999893	8.28186512	27.69746399
39.84399893	8.12100124	23.72970009
39.84799893	8.04072380	19.77731133
39.85199893	8.20158672	19.77731133
39.85599893	8.28186512	23.72970009
39.85999893	8.28186512	27.69746399
39.86399893	8.20158672	23.72970009
39.86799893	8.20158672	23.72970009
39.87199893	8.20158672	19.77731133
39.87599893	8.20158672	19.77731133
39.87999893	8.20158672	23.72970009
39.88399893	8.20158672	23.72970009
39.88799893	8.28186512	23.72970009
39.89199893	8.20158672	19.77731133
39.89599893	8.20158672	23.72970009
39.89999893	8.12100124	19.77731133
39.90399893	8.20158672	23.72970009
39.90799893	8.20158672	19.77731133
39.91199893	8.28186512	23.72970009
39.91599893	8.28186512	23.72970009
39.91999893	8.20158672	23.72970009
39.92399893	8.20158672	19.77731133
39.92799892	8.20158672	27.69746399
39.93199892	8.20158672	19.77731133
39.93599892	8.28186512	23.72970009
39.93999892	8.28186512	19.77731133
39.94399892	8.28186512	23.72970009
39.94799892	8.12100124	19.77731133
39.95199892	8.12100124	23.72970009
39.95599892	8.20158672	19.77731133
39.95999892	8.28186512	27.69746399
39.96399892	8.20158672	23.72970009
39.96799892	8.20158672	27.69746399
39.97199892	8.20158672	19.77731133
39.97599892	8.20158672	23.72970009
39.97999892	8.12100124	23.72970009
39.98399892	8.20158672	23.72970009
39.98799892	8.20158672	23.72970009
39.99199892	8.28186512	23.72970009
39.99599892	8.20158672	23.72970009
39.99999892	8.12100124	19.77731133
40.00399892	8.20158672	15.82492638
40.00799892	8.20158672	23.72970009
40.01199892	8.28186512	23.72970009
40.01599892	8.28186512	23.72970009
40.01999892	8.20158672	19.77731133
40.02399892	8.20158672	23.72970009
40.02799892	8.20158672	19.77731133
40.03199892	8.20158672	23.72970009
40.03599892	8.20158672	19.77731133
40.03999892	8.20158672	23.72970009
40.04399892	8.28186512	23.72970009
40.04799892	8.20158672	19.77731133
40.05199892	8.20158672	23.72970009
40.05599892	8.12100124	23.72970009
40.05999892	8.20158672	23.72970009
40.06399892	8.20158672	23.72970009
40.06799892	8.20158672	19.77731133
40.07199892	8.20158672	23.72970009
40.07599892	8.20158672	23.72970009
40.07999892	8.28186512	23.72970009
40.08399892	8.20158672	23.72970009
40.08799892	8.12100124	23.72970009
40.09199892	8.20158672	19.77731133
40.09599892	8.28186512	23.72970009
40.09999892	8.28186512	23.72970009
40.10399892	8.20158672	23.72970009
40.10799892	8.20158672	23.72970009
40.11199892	8.20158672	23.72970009
40.11599892	8.20158672	19.77731133
40.11999892	8.20158672	19.77731133
40.12399892	8.20158672	19.77731133
40.12799892	8.28186512	23.72970009
40.13199892	8.20158672	19.77731133
40.13599892	8.20158672	23.72970009
40.13999892	8.12100124	19.77731133
40.14399892	8.20158672	19.77731133
40.14799892	8.28186512	23.72970009
40.15199892	8.28186512	27.69746399
40.15599892	8.20158672	19.77731133
40.15999892	8.20158672	23.72970009
40.16399892	8.20158672	23.72970009
40.16799892	8.20158672	19.77731133
40.17199892	8.20158672	19.77731133
40.17599892	8.28186512	23.72970009
40.17999892	8.28186512	23.72970009
40.18399892	8.20158672	23.72970009
40.18799892	8.12100124	19.77731133
40.19199892	8.12100124	19.77731133
40.19599892	8.20158672	23.72970009
40.19999892	8.28186512	23.72970009
40.20399892	8.20158672	23.72970009
40.20799892	8.20158672	23.72970009
40.21199892	8.20158672	19.77731133
40.21599892	8.20158672	19.77731133
40.21999892	8.20158672	23.72970009
40.22399892	8.20158672	23.72970009
40.22799892	8.28186512	19.77731133
40.23199892	8.28186512	23.72970009
40.23599892	8.20158672	19.77731133
40.23999892	8.12100124	23.72970009
40.24399892	8.12100124	19.77731133
40.24799892	8.28186512	19.77731133
40.25199892	8.28186512	23.72970009
40.25599892	8.20158672	23.72970009
40.25999892	8.20158672	19.77731133
40.26399892	8.20158672	19.77731133
40.26799892	8.20158672	19.77731133
40.27199892	8.20158672	19.77731133
40.27599892	8.12100124	19.77731133
40.27999891	8.20158672	23.72970009
40.28399891	8.28186512	23.72970009
40.28799891	8.28186512	23.72970009
40.29199891	8.12100124	19.77731133
40.29599891	8.12100124	19.77731133
40.29999891	8.20158672	19.77731133
40.30399891	8.20158672	23.72970009
40.30799891	8.20158672	19.77731133
40.31199891	8.20158672	23.72970009
40.31599891	8.20158672	23.72970009
40.31999891	8.20158672	19.77731133
40.32399891	8.20158672	19.77731133
40.32799891	8.20158672	23.72970009
40.33199891	8.20158672	23.72970009
40.33599891	8.28186512	19.77731133
40.33999891	8.20158672	19.77731133
40.34399891	8.28186512	23.72970009
40.34799891	8.20158672	19.77731133
40.35199891	8.20158672	23.72970009
40.35599891	8.20158672	19.77731133
40.35999891	8.28186512	23.72970009
40.36399891	8.28186512	19.77731133
40.36799891	8.20158672	23.72970009
40.37199891	8.20158672	19.77731133
40.37599891	8.20158672	23.72970009
40.37999891	8.20158672	23.72970009
40.38399891	8.20158672	23.72970009
40.38799891	8.20158672	23.72970009
40.39199891	8.20158672	23.72970009
40.39599891	8.20158672	23.72970009
40.39999891	8.28186512	23.72970009
40.40399891	8.12100124	19.77731133
40.40799891	8.20158672	23.72970009
40.41199891	8.20158672	19.77731133
40.41599891	8.28186512	23.72970009
40.41999891	8.28186512	19.77731133
40.42399891	8.20158672	23.72970009
40.42799891	8.20158672	19.77731133
40.43199891	8.20158672	23.72970009
40.43599891	8.20158672	23.72970009
40.43999891	8.20158672	19.77731133
40.44399891	8.28186512	19.77731133
40.44799891	8.28186512	23.72970009
40.45199891	8.20158672	23.72970009
40.45599891	8.20158672	23.72970009
40.45999891	8.12100124	19.77731133
40.46399891	8.20158672	23.72970009
40.46799891	8.28186512	19.77731133
40.47199891	8.20158672	23.72970009
40.47599891	8.20158672	23.72970009
40.47999891	8.20158672	23.72970009
40.48399891	8.20158672	23.72970009
40.48799891	8.20158672	23.72970009
40.49199891	8.20158672	23.72970009
40.49599891	8.20158672	27.69746399
40.49999891	8.20158672	23.72970009
40.50399891	8.20158672	23.72970009
40.50799891	8.12100124	23.72970009
40.51199891	8.12100124	23.72970009
40.51599891	8.20158672	19.77731133
40.51999891	8.28186512	23.72970009
40.52399891	8.28186512	23.72970009
40.52799891	8.20158672	23.72970009
40.53199891	8.12100124	23.72970009
40.53599891	8.20158672	19.77731133
40.53999891	8.20158672	19.77731133
40.54399891	8.20158672	23.72970009
40.54799891	8.20158672	19.77731133
40.55199891	8.28186512	23.72970009
40.55599891	8.20158672	27.69746399
40.55999891	8.20158672	19.77731133
40.56399891	8.12100124	19.77731133
40.56799891	8.12100124	23.72970009
40.57199891	8.28186512	19.77731133
40.57599891	8.28186512	27.69746399
40.57999891	8.20158672	23.72970009
40.58399891	8.20158672	23.72970009
40.58799891	8.20158672	19.77731133
40.59199891	8.20158672	23.72970009
40.59599891	8.20158672	19.77731133
40.59999891	8.20158672	23.72970009
40.60399891	8.28186512	19.77731133
40.60799891	8.28186512	23.72970009
40.61199891	8.20158672	19.77731133
40.61599891	8.12100124	23.72970009
40.61999891	8.20158672	19.77731133
40.62399891	8.20158672	23.72970009
40.62799891	8.20158672	19.77731133
40.63199891	8.28186512	23.72970009
40.63599890	8.28186512	19.77731133
40.63999890	8.28186512	23.72970009
40.64399890	8.20158672	19.77731133
40.64799890	8.20158672	23.72970009
40.65199890	8.20158672	23.72970009
40.65599890	8.20158672	23.72970009
40.65999890	8.28186512	19.77731133
40.66399890	8.28186512	23.72970009
40.66799890	8.20158672	19.77731133
40.67199890	8.20158672	19.77731133
40.67599890	8.20158672	19.77731133
40.67999890	8.28186512	23.72970009
40.68399890	8.20158672	23.72970009
40.68799890	8.20158672	19.77731133
40.69199890	8.28186512	19.77731133
40.69599890	8.28186512	27.69746399
40.69999890	8.20158672	23.72970009
40.70399890	8.20158672	23.72970009
40.70799890	8.20158672	19.77731133
40.71199890	8.28186512	23.72970009
40.71599890	8.28186512	23.72970009
40.71999890	8.20158672	23.72970009
40.72399890	8.20158672	23.72970009
40.72799890	8.28186512	19.77731133
40.73199890	8.20158672	23.72970009
40.73599890	8.20158672	23.72970009
40.73999890	8.20158672	19.77731133
40.74399890	8.20158672	23.72970009
40.74799890	8.28186512	19.77731133
40.75199890	8.20158672	23.72970009
40.75599890	8.20158672	19.77731133
40.75999890	8.20158672	23.72970009
40.76399890	8.28186512	23.72970009
40.76799890	8.28186512	23.72970009
40.77199890	8.20158672	19.77731133
40.77599890	8.20158672	23.72970009
40.77999890	8.20158672	19.77731133
40.78399890	8.28186512	23.72970009
40.78799890	8.28186512	23.72970009
40.79199890	8.20158672	23.72970009
40.79599890	8.20158672	19.77731133
40.79999890	8.20158672	23.72970009
40.80399890	8.28186512	19.77731133
40.80799890	8.20158672	23.72970009
40.81199890	8.20158672	23.72970009
40.81599890	8.28186512	23.72970009
40.81999890	8.28186512	19.77731133
40.82399890	8.28186512	23.72970009
40.82799890	8.12100124	19.77731133
40.83199890	8.20158672	23.72970009
40.83599890	8.20158672	19.77731133
40.83999890	8.28186512	23.72970009
40.84399890	8.20158672	23.72970009
40.84799890	8.20158672	23.72970009
40.85199890	8.20158672	19.77731133
40.85599890	8.28186512	19.77731133
40.85999890	8.20158672	23.72970009
40.86399890	8.20158672	19.77731133
40.86799890	8.20158672	19.77731133
40.87199890	8.28186512	23.72970009
40.87599890	8.20158672	23.72970009
40.87999890	8.20158672	23.72970009
40.88399890	8.20158672	23.72970009
40.88799890	8.20158672	23.72970009
40.89199890	8.20158672	23.72970009
40.89599890	8.20158672	19.77731133
40.89999890	8.20158672	23.72970009
40.90399890	8.28186512	23.72970009
40.90799890	8.20158672	23.72970009
40.91199890	8.20158672	23.72970009
40.91599890	8.20158672	19.77731133
40.91999890	8.20158672	19.77731133
40.92399890	8.20158672	23.72970009
40.92799890	8.20158672	19.77731133
40.93199890	8.20158672	23.72970009
40.93599890	8.28186512	23.72970009
40.93999890	8.28186512	23.72970009
40.94399890	8.20158672	23.72970009
40.94799890	8.20158672	19.77731133
40.95199890	8.20158672	23.72970009
40.95599890	8.20158672	19.77731133
40.95999890	8.20158672	23.72970009
40.96399890	8.20158672	15.82492638
40.96799890	8.20158672	19.77731133
40.97199890	8.20158672	23.72970009
40.97599890	8.20158672	23.72970009
40.97999890	8.20158672	23.72970009
40.98399890	8.20158672	23.72970009
40.98799889	8.20158672	23.72970009
40.99199889	8.20158672	23.72970009
40.99599889	8.20158672	19.77731133
40.99999889	8.20158672	19.77731133
41.00399889	8.20158672	19.77731133
41.00799889	8.28186512	23.72970009
41.01199889	8.20158672	23.72970009
41.01599889	8.20158672	23.72970009
41.01999889	8.20158672	19.77731133
41.02399889	8.20158672	19.77731133
41.02799889	8.28186512	19.77731133
41.03199889	8.28186512	23.72970009
41.03599889	8.20158672	23.72970009
41.03999889	8.20158672	23.72970009
41.04399889	8.20158672	19.77731133
41.04799889	8.20158672	23.72970009
41.05199889	8.20158672	23.72970009
41.05599889	8.28186512	23.72970009
41.05999889	8.20158672	19.77731133
41.06399889	8.20158672	23.72970009
41.06799889	8.20158672	19.77731133
41.07199889	8.20158672	23.72970009
41.07599889	8.20158672	19.77731133
41.07999889	8.20158672	23.72970009
41.08399889	8.28186512	23.72970009
41.08799889	8.20158672	19.77731133
41.09199889	8.20158672	19.77731133
41.09599889	8.28186512	23.72970009
41.09999889	8.20158672	23.72970009
41.10399889	8.20158672	23.72970009
41.10799889	8.20158672	23.72970009
41.11199889	8.20158672	23.72970009
41.11599889	8.28186512	19.77731133
41.11999889	8.20158672	23.72970009
41.12399889	8.20158672	19.77731133
41.12799889	8.20158672	23.72970009
41.13199889	8.20158672	23.72970009
41.13599889	8.20158672	23.72970009
41.13999889	8.20158672	19.77731133
41.14399889	8.20158672	19.77731133
41.14799889	8.20158672	19.77731133
41.15199889	8.20158672	23.72970009
41.15599889	8.20158672	23.72970009
41.15999889	8.20158672	23.72970009
41.16399889	8.20158672	19.77731133
41.16799889	8.20158672	23.72970009
41.17199889	8.20158672	23.72970009
41.17599889	8.20158672	19.77731133
41.17999889	8.20158672	19.77731133
41.18399889	8.20158672	23.72970009
41.18799889	8.12100124	23.72970009
41.19199889	8.20158672	19.77731133
41.19599889	8.20158672	23.72970009
41.19999889	8.28186512	19.77731133
41.20399889	8.28186512	19.77731133
41.20799889	8.20158672	23.72970009
41.21199889	8.20158672	19.77731133
41.21599889	8.20158672	23.72970009
41.21999889	8.20158672	23.72970009
41.22399889	8.28186512	19.77731133
41.22799889	8.28186512	23.72970009
41.23199889	8.20158672	23.72970009
41.23599889	8.20158672	23.72970009
41.23999889	8.20158672	19.77731133
41.24399889	8.20158672	23.72970009
41.24799889	8.28186512	23.72970009
41.25199889	8.20158672	23.72970009
41.25599889	8.20158672	23.72970009
41.25999889	8.28186512	23.72970009
41.26399889	8.20158672	23.72970009
41.26799889	8.12100124	19.77731133
41.27199889	8.12100124	23.72970009
41.27599889	8.28186512	19.77731133
41.27999889	8.28186512	27.69746399
41.28399889	8.20158672	19.77731133
41.28799889	8.12100124	23.72970009
41.29199889	8.20158672	19.77731133
41.29599889	8.20158672	23.72970009
41.29999889	8.20158672	19.77731133
41.30399889	8.28186512	23.72970009
41.30799889	8.28186512	23.72970009
41.31199889	8.28186512	23.72970009
41.31599889	8.20158672	19.77731133
41.31999889	8.12100124	27.69746399
41.32399889	8.28186512	19.77731133
41.32799889	8.28186512	23.72970009
41.33199889	8.28186512	23.72970009
41.33599889	8.20158672	27.69746399
41.33999889	8.20158672	19.77731133
41.34399888	8.20158672	23.72970009
41.34799888	8.20158672	19.77731133
41.35199888	8.20158672	23.72970009
41.35599888	8.20158672	23.72970009
41.35999888	8.28186512	23.72970009
41.36399888	8.28186512	23.72970009
41.36799888	8.20158672	23.72970009
41.37199888	8.20158672	23.72970009
41.37599888	8.20158672	23.72970009
41.37999888	8.36214352	19.77731133
41.38399888	8.28186512	23.72970009
41.38799888	8.28186512	23.72970009
41.39199888	8.20158672	23.72970009
41.39599888	8.20158672	23.72970009
41.39999888	8.20158672	23.72970009
41.40399888	8.12100124	19.77731133
41.40799888	8.20158672	23.72970009
41.41199888	8.28186512	23.72970009
41.41599888	8.36214352	23.72970009
41.41999888	8.20158672	23.72970009
41.42399888	8.12100124	19.77731133
41.42799888	8.12100124	19.77731133
41.43199888	8.28186512	23.72970009
41.43599888	8.28186512	23.72970009
41.43999888	8.28186512	23.72970009
41.44399888	8.28186512	23.72970009
41.44799888	8.20158672	23.72970009
41.45199888	8.12100124	19.77731133
41.45599888	8.12100124	23.72970009
41.45999888	8.20158672	19.77731133
41.46399888	8.36214352	23.72970009
41.46799888	8.36214352	27.69746399
41.47199888	8.28186512	23.72970009
41.47599888	8.20158672	19.77731133
41.47999888	8.20158672	23.72970009
41.48399888	8.20158672	19.77731133
41.48799888	8.20158672	23.72970009
41.49199888	8.28186512	19.77731133
41.49599888	8.36214352	23.72970009
41.49999888	8.28186512	23.72970009
41.50399888	8.20158672	19.77731133
41.50799888	8.12100124	19.77731133
41.51199888	8.20158672	19.77731133
41.51599888	8.28186512	23.72970009
41.51999888	8.28186512	27.69746399
41.52399888	8.20158672	19.77731133
41.52799888	8.20158672	23.72970009
41.53199888	8.20158672	19.77731133
41.53599888	8.20158672	23.72970009
41.53999888	8.12100124	23.72970009
41.54399888	8.20158672	23.72970009
41.54799888	8.28186512	19.77731133
41.55199888	8.28186512	23.72970009
41.55599888	8.20158672	23.72970009
41.55999888	8.12100124	23.72970009
41.56399888	8.12100124	19.77731133
41.56799888	8.20158672	23.72970009
41.57199888	8.28186512	23.72970009
41.57599888	8.28186512	23.72970009
41.57999888	8.28186512	19.77731133
41.58399888	8.20158672	27.69746399
41.58799888	8.20158672	23.72970009
41.59199888	8.20158672	23.72970009
41.59599888	8.20158672	23.72970009
41.59999888	8.28186512	23.72970009
41.60399888	8.20158672	23.72970009
41.60799888	8.28186512	19.77731133
41.61199888	8.20158672	19.77731133
41.61599888	8.20158672	19.77731133
41.61999888	8.12100124	19.77731133
41.62399888	8.20158672	23.72970009
41.62799888	8.28186512	19.77731133
41.63199888	8.28186512	23.72970009
41.63599888	8.20158672	23.72970009
41.63999888	8.20158672	23.72970009
41.64399888	8.20158672	23.72970009
41.64799888	8.20158672	23.72970009
41.65199888	8.20158672	23.72970009
41.65599888	8.20158672	23.72970009
41.65999888	8.28186512	19.77731133
41.66399888	8.28186512	23.72970009
41.66799888	8.20158672	23.72970009
41.67199888	8.12100124	19.77731133
41.67599888	8.12100124	15.82492638
41.67999888	8.36214352	23.72970009
41.68399888	8.36214352	19.77731133
41.68799888	8.20158672	27.69746399
41.69199888	8.12100124	19.77731133
41.69599887	8.20158672	19.77731133
41.69999887	8.20158672	19.77731133
41.70399887	8.28186512	23.72970009
41.70799887	8.20158672	23.72970009
41.71199887	8.36214352	27.69746399
41.71599887	8.28186512	27.69746399
41.71999887	8.12100124	23.72970009
41.72399887	8.12100124	19.77731133
41.72799887	8.20158672	23.72970009
41.73199887	8.28186512	23.72970009
41.73599887	8.28186512	23.72970009
41.73999887	8.20158672	23.72970009
41.74399887	8.20158672	19.77731133
41.74799887	8.28186512	19.77731133
41.75199887	8.20158672	23.72970009
41.75599887	8.12100124	19.77731133
41.75999887	8.12100124	23.72970009
41.76399887	8.28186512	23.72970009
41.76799887	8.28186512	23.72970009
41.77199887	8.20158672	19.77731133
41.77599887	8.12100124	23.72970009
41.77999887	8.20158672	23.72970009
41.78399887	8.28186512	23.72970009
41.78799887	8.20158672	23.72970009
41.79199887	8.20158672	23.72970009
41.79599887	8.20158672	19.77731133
41.79999887	8.20158672	23.72970009
41.80399887	8.20158672	19.77731133
41.80799887	8.20158672	23.72970009
41.81199887	8.20158672	19.77731133
41.81599887	8.20158672	23.72970009
41.81999887	8.20158672	19.77731133
41.82399887	8.28186512	23.72970009
41.82799887	8.28186512	23.72970009
41.83199887	8.12100124	23.72970009
41.83599887	8.12100124	23.72970009
41.83999887	8.20158672	23.72970009
41.84399887	8.28186512	19.77731133
41.84799887	8.28186512	23.72970009
41.85199887	8.20158672	23.72970009
41.85599887	8.12100124	23.72970009
41.85999887	8.20158672	23.72970009
41.86399887	8.20158672	23.72970009
41.86799887	8.20158672	23.72970009
41.87199887	8.20158672	23.72970009
41.87599887	8.20158672	19.77731133
41.87999887	8.20158672	23.72970009
41.88399887	8.20158672	19.77731133
41.88799887	8.12100124	19.77731133
41.89199887	8.12100124	15.82492638
41.89599887	8.28186512	23.72970009
41.89999887	8.28186512	23.72970009
41.90399887	8.20158672	23.72970009
41.90799887	8.20158672	19.77731133
41.91199887	8.20158672	19.77731133
41.91599887	8.20158672	19.77731133
41.91999887	8.20158672	27.69746399
41.92399887	8.20158672	19.77731133
41.92799887	8.28186512	23.72970009
41.93199887	8.28186512	23.72970009
41.93599887	8.20158672	27.69746399
41.93999887	8.12100124	15.82492638
41.94399887	8.20158672	19.77731133
41.94799887	8.20158672	19.77731133
41.95199887	8.28186512	23.72970009
41.95599887	8.20158672	23.72970009
41.95999887	8.20158672	23.72970009
41.96399887	8.20158672	19.77731133
41.96799887	8.20158672	23.72970009
41.97199887	8.20158672	23.72970009
41.97599887	8.20158672	23.72970009
41.97999887	8.28186512	23.72970009
41.98399887	8.28186512	23.72970009
41.98799887	8.20158672	23.72970009
41.99199887	8.12100124	19.77731133
41.99599887	8.20158672	23.72970009
41.99999887	8.20158672	23.72970009
42.00399887	8.20158672	23.72970009
42.00799887	8.20158672	23.72970009
42.01199887	8.20158672	23.72970009
42.01599887	8.28186512	23.72970009
42.01999887	8.20158672	19.77731133
42.02399887	8.20158672	23.72970009
42.02799887	8.20158672	23.72970009
42.03199887	8.20158672	23.72970009
42.03599887	8.20158672	19.77731133
42.03999887	8.20158672	23.72970009
42.04399887	8.12100124	19.77731133
42.04799886	8.20158672	19.77731133
42.05199886	8.20158672	19.77731133
42.05599886	8.28186512	23.72970009
42.05999886	8.20158672	23.72970009
42.06399886	8.12100124	23.72970009
42.06799886	8.20158672	19.77731133
42.07199886	8.20158672	23.72970009
42.07599886	8.28186512	23.72970009
42.07999886	8.28186512	23.72970009
42.08399886	8.20158672	19.77731133
42.08799886	8.20158672	23.72970009
42.09199886	8.12100124	19.77731133
42.09599886	8.20158672	23.72970009
42.09999886	8.20158672	19.77731133
42.10399886	8.20158672	23.72970009
42.10799886	8.20158672	19.77731133
42.11199886	8.20158672	23.72970009
42.11599886	8.20158672	19.77731133
42.11999886	8.20158672	19.77731133
42.12399886	8.12100124	23.72970009
42.12799886	8.20158672	23.72970009
42.13199886	8.20158672	23.72970009
42.13599886	8.20158672	19.77731133
42.13999886	8.20158672	23.72970009
42.14399886	8.12100124	19.77731133
42.14799886	8.12100124	19.77731133
42.15199886	8.12100124	23.72970009
42.15599886	8.20158672	23.72970009
42.15999886	8.28186512	23.72970009
42.16399886	8.20158672	19.77731133
42.16799886	8.20158672	23.72970009
42.17199886	8.12100124	19.77731133
42.17599886	8.12100124	23.72970009
42.17999886	8.20158672	19.77731133
42.18399886	8.20158672	23.72970009
42.18799886	8.20158672	23.72970009
42.19199886	8.20158672	27.69746399
42.19599886	8.12100124	19.77731133
42.19999886	8.12100124	23.72970009
42.20399886	8.28186512	19.77731133
42.20799886	8.20158672	23.72970009
42.21199886	8.12100124	19.77731133
42.21599886	8.12100124	23.72970009
42.21999886	8.20158672	19.77731133
42.22399886	8.20158672	23.72970009
42.22799886	8.12100124	19.77731133
42.23199886	8.12100124	23.72970009
42.23599886	8.20158672	19.77731133
42.23999886	8.20158672	23.72970009
42.24399886	8.20158672	23.72970009
42.24799886	8.20158672	19.77731133
42.25199886	8.12100124	23.72970009
42.25599886	8.12100124	23.72970009
42.25999886	8.20158672	23.72970009
42.26399886	8.20158672	19.77731133
42.26799886	8.20158672	19.77731133
42.27199886	8.20158672	19.77731133
42.27599886	8.12100124	19.77731133
42.27999886	8.12100124	23.72970009
42.28399886	8.12100124	23.72970009
42.28799886	8.20158672	19.77731133
42.29199886	8.28186512	19.77731133
42.29599886	8.20158672	23.72970009
42.29999886	8.20158672	19.77731133
42.30399886	8.12100124	23.72970009
42.30799886	8.12100124	19.77731133
42.31199886	8.20158672	19.77731133
42.31599886	8.20158672	19.77731133
42.31999886	8.20158672	23.72970009
42.32399886	8.20158672	19.77731133
42.32799886	8.20158672	23.72970009
42.33199886	8.12100124	23.72970009
42.33599886	8.12100124	23.72970009
42.33999886	8.20158672	19.77731133
42.34399886	8.20158672	23.72970009
42.34799886	8.20158672	23.72970009
42.35199886	8.20158672	23.72970009
42.35599886	8.20158672	19.77731133
42.35999886	8.20158672	19.77731133
42.36399886	8.12100124	19.77731133
42.36799886	8.20158672	23.72970009
42.37199886	8.20158672	19.77731133
42.37599886	8.20158672	23.72970009
42.37999886	8.20158672	23.72970009
42.38399886	8.20158672	23.72970009
42.38799886	8.12100124	19.77731133
42.39199886	8.20158672	19.77731133
42.39599886	8.20158672	19.77731133
42.39999886	8.20158672	23.72970009
42.40399885	8.20158672	19.77731133
42.40799885	8.20158672	23.72970009
42.41199885	8.20158672	19.77731133
42.41599885	8.20158672	23.72970009
42.41999885	8.20158672	19.77731133
42.42399885	8.20158672	23.72970009
42.42799885	8.20158672	23.72970009
42.43199885	8.20158672	27.69746399
42.43599885	8.20158672	19.77731133
42.43999885	8.20158672	23.72970009
42.44399885	8.20158672	23.72970009
42.44799885	8.20158672	23.72970009
42.45199885	8.20158672	23.72970009
42.45599885	8.20158672	23.72970009
42.45999885	8.20158672	23.72970009
42.46399885	8.20158672	23.72970009
42.46799885	8.20158672	19.77731133
42.47199885	8.12100124	23.72970009
42.47599885	8.20158672	23.72970009
42.47999885	8.20158672	23.72970009
42.48399885	8.20158672	19.77731133
42.48799885	8.20158672	23.72970009
42.49199885	8.12100124	19.77731133
42.49599885	8.20158672	23.72970009
42.49999885	8.12100124	19.77731133
42.50399885	8.20158672	23.72970009
42.50799885	8.20158672	23.72970009
42.51199885	8.20158672	27.69746399
42.51599885	8.20158672	19.77731133
42.51999885	8.20158672	19.77731133
42.52399885	8.20158672	19.77731133
42.52799885	8.20158672	23.72970009
42.53199885	8.20158672	19.77731133
42.53599885	8.20158672	19.77731133
42.53999885	8.28186512	23.72970009
42.54399885	8.20158672	23.72970009
42.54799885	8.20158672	19.77731133
42.55199885	8.20158672	23.72970009
42.55599885	8.20158672	23.72970009
42.55999885	8.28186512	23.72970009
42.56399885	8.20158672	19.77731133
42.56799885	8.20158672	23.72970009
42.57199885	8.20158672	19.77731133
42.57599885	8.20158672	23.72970009
42.57999885	8.20158672	23.72970009
42.58399885	8.20158672	23.72970009
42.58799885	8.20158672	19.77731133
42.59199885	8.20158672	23.72970009
42.59599885	8.20158672	19.77731133
42.59999885	8.20158672	19.77731133
42.60399885	8.12100124	19.77731133
42.60799885	8.20158672	23.72970009
42.61199885	8.20158672	19.77731133
42.61599885	8.20158672	23.72970009
42.61999885	8.28186512	19.77731133
42.62399885	8.20158672	23.72970009
42.62799885	8.20158672	19.77731133
42.63199885	8.12100124	19.77731133
42.63599885	8.12100124	19.77731133
42.63999885	8.20158672	23.72970009
42.64399885	8.28186512	19.77731133
42.64799885	8.28186512	23.72970009
42.65199885	8.12100124	19.77731133
42.65599885	8.20158672	19.77731133
42.65999885	8.20158672	15.82492638
42.66399885	8.20158672	23.72970009
42.66799885	8.20158672	23.72970009
42.67199885	8.20158672	23.72970009
42.67599885	8.28186512	23.72970009
42.67999885	8.20158672	23.72970009
42.68399885	8.20158672	19.77731133
42.68799885	8.20158672	19.77731133
42.69199885	8.20158672	19.77731133
42.69599885	8.20158672	23.72970009
42.69999885	8.20158672	19.77731133
42.70399885	8.20158672	19.77731133
42.70799885	8.28186512	19.77731133
42.71199885	8.20158672	23.72970009
42.71599885	8.12100124	19.77731133
42.71999885	8.20158672	23.72970009
42.72399885	8.28186512	19.77731133
42.72799885	8.28186512	23.72970009
42.73199885	8.20158672	23.72970009
42.73599885	8.12100124	19.77731133
42.73999885	8.20158672	19.77731133
42.74399885	8.28186512	23.72970009
42.74799885	8.20158672	19.77731133
42.75199885	8.20158672	23.72970009
42.75599884	8.20158672	23.72970009
42.75999884	8.20158672	23.72970009
42.76399884	8.20158672	23.72970009
42.76799884	8.20158672	23.72970009
42.77199884	8.20158672	19.77731133
42.77599884	8.20158672	19.77731133
42.77999884	8.20158672	19.77731133
42.78399884	8.20158672	27.69746399
42.78799884	8.20158672	19.77731133
42.79199884	8.20158672	19.77731133
42.79599884	8.20158672	23.72970009
42.79999884	8.20158672	23.72970009
42.80399884	8.20158672	19.77731133
42.80799884	8.20158672	23.72970009
42.81199884	8.20158672	19.77731133
42.81599884	8.28186512	23.72970009
42.81999884	8.20158672	19.77731133
42.82399884	8.20158672	19.77731133
42.82799884	8.20158672	23.72970009
42.83199884	8.20158672	23.72970009
42.83599884	8.20158672	19.77731133
42.83999884	8.20158672	19.77731133
42.84399884	8.20158672	23.72970009
42.84799884	8.20158672	19.77731133
42.85199884	8.20158672	23.72970009
42.85599884	8.20158672	23.72970009
42.85999884	8.12100124	19.77731133
42.86399884	8.20158672	23.72970009
42.86799884	8.28186512	19.77731133
42.87199884	8.28186512	23.72970009
42.87599884	8.20158672	19.77731133
42.87999884	8.20158672	23.72970009
42.88399884	8.12100124	19.77731133
42.88799884	8.20158672	19.77731133
42.89199884	8.28186512	23.72970009
42.89599884	8.28186512	23.72970009
42.89999884	8.20158672	19.77731133
42.90399884	8.28186512	23.72970009
42.90799884	8.20158672	19.77731133
42.91199884	8.20158672	19.77731133
42.91599884	8.12100124	19.77731133
42.91999884	8.20158672	19.77731133
42.92399884	8.28186512	23.72970009
42.92799884	8.28186512	27.69746399
42.93199884	8.20158672	23.72970009
42.93599884	8.20158672	23.72970009
42.93999884	8.12100124	19.77731133
42.94399884	8.28186512	23.72970009
42.94799884	8.20158672	19.77731133
42.95199884	8.20158672	23.72970009
42.95599884	8.20158672	19.77731133
42.95999884	8.28186512	19.77731133
42.96399884	8.20158672	23.72970009
42.96799884	8.20158672	19.77731133
42.97199884	8.20158672	19.77731133
42.97599884	8.28186512	23.72970009
42.97999884	8.28186512	23.72970009
42.98399884	8.12100124	19.77731133
42.98799884	8.20158672	19.77731133
42.99199884	8.28186512	23.72970009
42.99599884	8.20158672	19.77731133
42.99999884	8.20158672	23.72970009
43.00399884	8.20158672	19.77731133
43.00799884	8.28186512	23.72970009
43.01199884	8.28186512	19.77731133
43.01599884	8.20158672	19.77731133
43.01999884	8.20158672	19.77731133
43.02399884	8.12100124	19.77731133
43.02799884	8.20158672	19.77731133
43.03199884	8.20158672	23.72970009
43.03599884	8.20158672	19.77731133
43.03999884	8.20158672	23.72970009
43.04399884	8.20158672	23.72970009
43.04799884	8.20158672	19.77731133
43.05199884	8.20158672	19.77731133
43.05599884	8.12100124	23.72970009
43.05999884	8.20158672	19.77731133
43.06399884	8.20158672	23.72970009
43.06799884	8.20158672	23.72970009
43.07199884	8.20158672	23.72970009
43.07599884	8.12100124	19.77731133
43.07999884	8.20158672	19.77731133
43.08399884	8.20158672	19.77731133
43.08799884	8.28186512	23.72970009
43.09199884	8.20158672	23.72970009
43.09599884	8.12100124	23.72970009
43.09999884	8.12100124	19.77731133
43.10399884	8.20158672	19.77731133
43.10799884	8.28186512	19.77731133
43.11199883	8.28186512	23.72970009
43.11599883	8.20158672	19.77731133
43.11999883	8.20158672	23.72970009
43.12399883	8.12100124	19.77731133
43.12799883	8.20158672	19.77731133
43.13199883	8.28186512	19.77731133
43.13599883	8.28186512	23.72970009
43.13999883	8.20158672	23.72970009
43.14399883	8.20158672	23.72970009
43.14799883	8.20158672	19.77731133
43.15199883	8.20158672	23.72970009
43.15599883	8.20158672	19.77731133
43.15999883	8.20158672	23.72970009
43.16399883	8.28186512	23.72970009
43.16799883	8.28186512	23.72970009
43.17199883	8.12100124	19.77731133
43.17599883	8.12100124	23.72970009
43.17999883	8.20158672	19.77731133
43.18399883	8.28186512	23.72970009
43.18799883	8.28186512	19.77731133
43.19199883	8.28186512	19.77731133
43.19599883	8.20158672	19.77731133
43.19999883	8.20158672	19.77731133
43.20399883	8.12100124	19.77731133
43.20799883	8.12100124	19.77731133
43.21199883	8.20158672	19.77731133
43.21599883	8.20158672	23.72970009
43.21999883	8.20158672	19.77731133
43.22399883	8.12100124	23.72970009
43.22799883	8.12100124	19.77731133
43.23199883	8.20158672	19.77731133
43.23599883	8.20158672	19.77731133
43.23999883	8.20158672	23.72970009
43.24399883	8.20158672	19.77731133
43.24799883	8.28186512	23.72970009
43.25199883	8.28186512	23.72970009
43.25599883	8.20158672	23.72970009
43.25999883	8.12100124	19.77731133
43.26399883	8.12100124	23.72970009
43.26799883	8.20158672	23.72970009
43.27199883	8.20158672	23.72970009
43.27599883	8.20158672	19.77731133
43.27999883	8.20158672	19.77731133
43.28399883	8.20158672	23.72970009
43.28799883	8.20158672	23.72970009
43.29199883	8.12100124	19.77731133
43.29599883	8.20158672	19.77731133
43.29999883	8.28186512	19.77731133
43.30399883	8.28186512	23.72970009
43.30799883	8.20158672	23.72970009
43.31199883	8.12100124	19.77731133
43.31599883	8.20158672	15.82492638
43.31999883	8.20158672	23.72970009
43.32399883	8.20158672	19.77731133
43.32799883	8.20158672	23.72970009
43.33199883	8.20158672	15.82492638
43.33599883	8.12100124	19.77731133
43.33999883	8.12100124	19.77731133
43.34399883	8.20158672	23.72970009
43.34799883	8.20158672	23.72970009
43.35199883	8.28186512	27.69746399
43.35599883	8.20158672	27.69746399
43.35999883	8.20158672	23.72970009
43.36399883	8.12100124	19.77731133
43.36799883	8.12100124	23.72970009
43.37199883	8.20158672	19.77731133
43.37599883	8.20158672	23.72970009
43.37999883	8.20158672	19.77731133
43.38399883	8.20158672	23.72970009
43.38799883	8.20158672	15.82492638
43.39199883	8.20158672	19.77731133
43.39599883	8.12100124	19.77731133
43.39999883	8.20158672	19.77731133
43.40399883	8.20158672	19.77731133
43.40799883	8.28186512	19.77731133
43.41199883	8.20158672	19.77731133
43.41599883	8.04072380	19.77731133
43.41999883	8.12100124	19.77731133
43.42399883	8.20158672	23.72970009
43.42799883	8.28186512	23.72970009
43.43199883	8.20158672	23.72970009
43.43599883	8.12100124	23.72970009
43.43999883	8.12100124	27.69746399
43.44399883	8.12100124	19.77731133
43.44799883	8.20158672	23.72970009
43.45199883	8.20158672	19.77731133
43.45599883	8.20158672	19.77731133
43.45999883	8.20158672	19.77731133
43.46399882	8.20158672	19.77731133
43.46799882	8.12100124	15.82492638
43.47199882	8.12100124	19.77731133
43.47599882	8.20158672	19.77731133
43.47999882	8.20158672	23.72970009
43.48399882	8.12100124	23.72970009
43.48799882	8.20158672	23.72970009
43.49199882	8.28186512	19.77731133
43.49599882	8.20158672	23.72970009
43.49999882	8.12100124	19.77731133
43.50399882	8.12100124	19.77731133
43.50799882	8.20158672	19.77731133
43.51199882	8.28186512	23.72970009
43.51599882	8.20158672	19.77731133
43.51999882	8.12100124	23.72970009
43.52399882	8.12100124	19.77731133
43.52799882	8.12100124	19.77731133
43.53199882	8.20158672	23.72970009
43.53599882	8.12100124	19.77731133
43.53999882	8.20158672	15.82492638
43.54399882	8.20158672	23.72970009
43.54799882	8.20158672	23.72970009
43.55199882	8.12100124	23.72970009
43.55599882	8.04072380	19.77731133
43.55999882	8.20158672	23.72970009
43.56399882	8.28186512	23.72970009
43.56799882	8.20158672	23.72970009
43.57199882	8.04072380	19.77731133
43.57599882	8.12100124	19.77731133
43.57999882	8.20158672	19.77731133
43.58399882	8.20158672	23.72970009
43.58799882	8.12100124	19.77731133
43.59199882	8.12100124	19.77731133
43.59599882	8.20158672	23.72970009
43.59999882	8.28186512	23.72970009
43.60399882	8.12100124	23.72970009
43.60799882	8.12100124	23.72970009
43.61199882	8.12100124	23.72970009
43.61599882	8.20158672	23.72970009
43.61999882	8.20158672	19.77731133
43.62399882	8.12100124	19.77731133
43.62799882	8.20158672	19.77731133
43.63199882	8.12100124	23.72970009
43.63599882	8.20158672	19.77731133
43.63999882	8.20158672	23.72970009
43.64399882	8.12100124	19.77731133
43.64799882	8.20158672	19.77731133
43.65199882	8.20158672	19.77731133
43.65599882	8.20158672	23.72970009
43.65999882	8.12100124	19.77731133
43.66399882	8.12100124	23.72970009
43.66799882	8.20158672	19.77731133
43.67199882	8.20158672	23.72970009
43.67599882	8.12100124	19.77731133
43.67999882	8.12100124	19.77731133
43.68399882	8.28186512	19.77731133
43.68799882	8.20158672	23.72970009
43.69199882	8.12100124	19.77731133
43.69599882	8.12100124	19.77731133
43.69999882	8.12100124	19.77731133
43.70399882	8.20158672	19.77731133
43.70799882	8.20158672	19.77731133
43.71199882	8.20158672	23.72970009
43.71599882	8.20158672	19.77731133
43.71999882	8.20158672	23.72970009
43.72399882	8.12100124	19.77731133
43.72799882	8.20158672	23.72970009
43.73199882	8.20158672	23.72970009
43.73599882	8.20158672	23.72970009
43.73999882	8.20158672	23.72970009
43.74399882	8.20158672	23.72970009
43.74799882	8.12100124	19.77731133
43.75199882	8.20158672	23.72970009
43.75599882	8.20158672	19.77731133
43.75999882	8.20158672	23.72970009
43.76399882	8.20158672	19.77731133
43.76799882	8.20158672	23.72970009
43.77199882	8.12100124	19.77731133
43.77599882	8.12100124	19.77731133
43.77999882	8.12100124	19.77731133
43.78399882	8.20158672	19.77731133
43.78799882	8.20158672	19.77731133
43.79199882	8.20158672	23.72970009
43.79599882	8.20158672	19.77731133
43.79999882	8.12100124	19.77731133
43.80399882	8.20158672	19.77731133
43.80799882	8.20158672	23.72970009
43.81199882	8.20158672	19.77731133
43.81599881	8.20158672	23.72970009
43.81999881	8.20158672	19.77731133
43.82399881	8.20158672	23.72970009
43.82799881	8.12100124	19.77731133
43.83199881	8.20158672	19.77731133
43.83599881	8.28186512	23.72970009
43.83999881	8.28186512	23.72970009
43.84399881	8.20158672	19.77731133
43.84799881	8.20158672	23.72970009
43.85199881	8.20158672	19.77731133
43.85599881	8.20158672	19.77731133
43.85999881	8.20158672	19.77731133
43.86399881	8.20158672	23.72970009
43.86799881	8.28186512	19.77731133
43.87199881	8.20158672	19.77731133
43.87599881	8.20158672	19.77731133
43.87999881	8.20158672	23.72970009
43.88399881	8.20158672	19.77731133
43.88799881	8.20158672	19.77731133
43.89199881	8.28186512	19.77731133
43.89599881	8.20158672	23.72970009
43.89999881	8.20158672	19.77731133
43.90399881	8.20158672	23.72970009
43.90799881	8.20158672	23.72970009
43.91199881	8.20158672	19.77731133
43.91599881	8.20158672	19.77731133
43.91999881	8.28186512	23.72970009
43.92399881	8.20158672	19.77731133
43.92799881	8.28186512	19.77731133
43.93199881	8.20158672	19.77731133
43.93599881	8.20158672	19.77731133
43.93999881	8.20158672	19.77731133
43.94399881	8.20158672	23.72970009
43.94799881	8.28186512	19.77731133
43.95199881	8.28186512	23.72970009
43.95599881	8.28186512	23.72970009
43.95999881	8.20158672	19.77731133
43.96399881	8.28186512	19.77731133
43.96799881	8.28186512	23.72970009
43.97199881	8.28186512	19.77731133
43.97599881	8.20158672	23.72970009
43.97999881	8.20158672	19.77731133
43.98399881	8.28186512	23.72970009
43.98799881	8.28186512	19.77731133
43.99199881	8.20158672	23.72970009
43.99599881	8.28186512	23.72970009
43.99999881	8.28186512	23.72970009
44.00399881	8.28186512	19.77731133
44.00799881	8.20158672	23.72970009
44.01199881	8.20158672	19.77731133
44.01599881	8.28186512	19.77731133
44.01999881	8.28186512	19.77731133
44.02399881	8.28186512	23.72970009
44.02799881	8.20158672	19.77731133
44.03199881	8.20158672	23.72970009
44.03599881	8.28186512	19.77731133
44.03999881	8.28186512	19.77731133
44.04399881	8.20158672	19.77731133
44.04799881	8.20158672	23.72970009
44.05199881	8.36214352	19.77731133
44.05599881	8.28186512	23.72970009
44.05999881	8.28186512	23.72970009
44.06399881	8.12100124	19.77731133
44.06799881	8.20158672	15.82492638
44.07199881	8.28186512	19.77731133
44.07599881	8.28186512	19.77731133
44.07999881	8.28186512	23.72970009
44.08399881	8.20158672	15.82492638
44.08799881	8.28186512	19.77731133
44.09199881	8.28186512	19.77731133
44.09599881	8.12100124	19.77731133
44.09999881	8.20158672	19.77731133
44.10399881	8.36214352	19.77731133
44.10799881	8.36214352	23.72970009
44.11199881	8.20158672	23.72970009
44.11599881	8.12100124	15.82492638
44.11999881	8.20158672	19.77731133
44.12399881	8.36214352	23.72970009
44.12799881	8.28186512	19.77731133
44.13199881	8.20158672	23.72970009
44.13599881	8.28186512	23.72970009
44.13999881	8.20158672	19.77731133
44.14399881	8.28186512	23.72970009
44.14799881	8.20158672	19.77731133
44.15199881	8.20158672	19.77731133
44.15599881	8.28186512	23.72970009
44.15999881	8.28186512	23.72970009
44.16399881	8.20158672	23.72970009
44.16799881	8.20158672	19.77731133
44.17199880	8.28186512	19.77731133
44.17599880	8.20158672	23.72970009
44.17999880	8.20158672	19.77731133
44.18399880	8.20158672	19.77731133
44.18799880	8.28186512	19.77731133
44.19199880	8.28186512	23.72970009
44.19599880	8.20158672	19.77731133
44.19999880	8.20158672	19.77731133
44.20399880	8.20158672	19.77731133
44.20799880	8.28186512	23.72970009
44.21199880	8.28186512	23.72970009
44.21599880	8.20158672	19.77731133
44.21999880	8.20158672	19.77731133
44.22399880	8.28186512	23.72970009
44.22799880	8.20158672	19.77731133
44.23199880	8.20158672	23.72970009
44.23599880	8.20158672	19.77731133
44.23999880	8.28186512	19.77731133
44.24399880	8.28186512	19.77731133
44.24799880	8.28186512	19.77731133
44.25199880	8.28186512	19.77731133
44.25599880	8.28186512	19.77731133
44.25999880	8.28186512	19.77731133
44.26399880	8.28186512	23.72970009
44.26799880	8.20158672	19.77731133
44.27199880	8.28186512	23.72970009
44.27599880	8.28186512	19.77731133
44.27999880	8.28186512	19.77731133
44.28399880	8.28186512	19.77731133
44.28799880	8.28186512	19.77731133
44.29199880	8.28186512	19.77731133
44.29599880	8.28186512	19.77731133
44.29999880	8.28186512	19.77731133
44.30399880	8.28186512	23.72970009
44.30799880	8.28186512	23.72970009
44.31199880	8.28186512	23.72970009
44.31599880	8.28186512	19.77731133
44.31999880	8.20158672	23.72970009
44.32399880	8.20158672	19.77731133
44.32799880	8.28186512	19.77731133
44.33199880	8.36214352	23.72970009
44.33599880	8.28186512	23.72970009
44.33999880	8.28186512	23.72970009
44.34399880	8.28186512	23.72970009
44.34799880	8.28186512	19.77731133
44.35199880	8.28186512	23.72970009
44.35599880	8.28186512	19.77731133
44.35999880	8.28186512	23.72970009
44.36399880	8.28186512	19.77731133
44.36799880	8.28186512	19.77731133
44.37199880	8.28186512	19.77731133
44.37599880	8.20158672	23.72970009
44.37999880	8.28186512	19.77731133
44.38399880	8.28186512	23.72970009
44.38799880	8.28186512	19.77731133
44.39199880	8.28186512	23.72970009
44.39599880	8.28186512	19.77731133
44.39999880	8.28186512	23.72970009
44.40399880	8.28186512	19.77731133
44.40799880	8.20158672	23.72970009
44.41199880	8.28186512	19.77731133
44.41599880	8.28186512	23.72970009
44.41999880	8.28186512	23.72970009
44.42399880	8.20158672	23.72970009
44.42799880	8.20158672	19.77731133
44.43199880	8.28186512	19.77731133
44.43599880	8.28186512	19.77731133
44.43999880	8.28186512	23.72970009
44.44399880	8.28186512	19.77731133
44.44799880	8.28186512	23.72970009
44.45199880	8.28186512	19.77731133
44.45599880	8.28186512	23.72970009
44.45999880	8.20158672	19.77731133
44.46399880	8.20158672	23.72970009
44.46799880	8.28186512	19.77731133
44.47199880	8.28186512	23.72970009
44.47599880	8.20158672	23.72970009
44.47999880	8.20158672	19.77731133
44.48399880	8.20158672	15.82492638
44.48799880	8.28186512	23.72970009
44.49199880	8.28186512	19.77731133
44.49599880	8.28186512	19.77731133
44.49999880	8.28186512	19.77731133
44.50399880	8.28186512	23.72970009
44.50799880	8.20158672	23.72970009
44.51199880	8.20158672	23.72970009
44.51599880	8.28186512	19.77731133
44.51999880	8.28186512	23.72970009
44.52399879	8.28186512	19.77731133
44.52799879	8.28186512	23.72970009
44.53199879	8.28186512	19.77731133
44.53599879	8.28186512	19.77731133
44.53999879	8.20158672	15.82492638
44.54399879	8.28186512	19.77731133
44.54799879	8.28186512	19.77731133
44.55199879	8.36214352	23.72970009
44.55599879	8.28186512	19.77731133
44.55999879	8.20158672	23.72970009
44.56399879	8.20158672	19.77731133
44.56799879	8.28186512	19.77731133
44.57199879	8.28186512	19.77731133
44.57599879	8.28186512	23.72970009
44.57999879	8.28186512	19.77731133
44.58399879	8.28186512	23.72970009
44.58799879	8.20158672	23.72970009
44.59199879	8.20158672	27.69746399
44.59599879	8.20158672	19.77731133
44.59999879	8.28186512	19.77731133
44.60399879	8.28186512	23.72970009
44.60799879	8.28186512	23.72970009
44.61199879	8.20158672	23.72970009
44.61599879	8.28186512	23.72970009
44.61999879	8.28186512	19.77731133
44.62399879	8.20158672	23.72970009
44.62799879	8.28186512	19.77731133
44.63199879	8.28186512	23.72970009
44.63599879	8.36214352	23.72970009
44.63999879	8.20158672	23.72970009
44.64399879	8.20158672	19.77731133
44.64799879	8.20158672	23.72970009
44.65199879	8.28186512	19.77731133
44.65599879	8.36214352	23.72970009
44.65999879	8.28186512	19.77731133
44.66399879	8.20158672	23.72970009
44.66799879	8.28186512	19.77731133
44.67199879	8.28186512	19.77731133
44.67599879	8.20158672	19.77731133
44.67999879	8.20158672	19.77731133
44.68399879	8.28186512	19.77731133
44.68799879	8.28186512	23.72970009
44.69199879	8.28186512	19.77731133
44.69599879	8.20158672	19.77731133
44.69999879	8.20158672	19.77731133
44.70399879	8.28186512	23.72970009
44.70799879	8.28186512	23.72970009
44.71199879	8.20158672	23.72970009
44.71599879	8.28186512	23.72970009
44.71999879	8.28186512	23.72970009
44.72399879	8.28186512	19.77731133
44.72799879	8.20158672	19.77731133
44.73199879	8.20158672	19.77731133
44.73599879	8.28186512	23.72970009
44.73999879	8.28186512	19.77731133
44.74399879	8.36214352	23.72970009
44.74799879	8.28186512	23.72970009
44.75199879	8.20158672	23.72970009
44.75599879	8.20158672	15.82492638
44.75999879	8.20158672	23.72970009
44.76399879	8.20158672	19.77731133
44.76799879	8.28186512	19.77731133
44.77199879	8.36214352	23.72970009
44.77599879	8.28186512	23.72970009
44.77999879	8.12100124	23.72970009
44.78399879	8.12100124	19.77731133
44.78799879	8.20158672	19.77731133
44.79199879	8.36214352	23.72970009
44.79599879	8.36214352	23.72970009
44.79999879	8.20158672	23.72970009
44.80399879	8.20158672	19.77731133
44.80799879	8.20158672	23.72970009
44.81199879	8.20158672	19.77731133
44.81599879	8.20158672	19.77731133
44.81999879	8.28186512	19.77731133
44.82399879	8.28186512	27.69746399
44.82799879	8.28186512	23.72970009
44.83199879	8.20158672	19.77731133
44.83599879	8.12100124	15.82492638
44.83999879	8.20158672	19.77731133
44.84399879	8.20158672	19.77731133
44.84799879	8.20158672	23.72970009
44.85199879	8.20158672	19.77731133
44.85599879	8.28186512	23.72970009
44.85999879	8.28186512	19.77731133
44.86399879	8.20158672	23.72970009
44.86799879	8.12100124	19.77731133
44.87199879	8.20158672	23.72970009
44.87599878	8.28186512	19.77731133
44.87999878	8.28186512	19.77731133
44.88399878	8.20158672	19.77731133
44.88799878	8.12100124	23.72970009
44.89199878	8.12100124	19.77731133
44.89599878	8.20158672	19.77731133
44.89999878	8.20158672	19.77731133
44.90399878	8.28186512	19.77731133
44.90799878	8.20158672	19.77731133
44.91199878	8.20158672	23.72970009
44.91599878	8.20158672	19.77731133
44.91999878	8.12100124	19.77731133
44.92399878	8.20158672	19.77731133
44.92799878	8.28186512	23.72970009
44.93199878	8.28186512	19.77731133
44.93599878	8.28186512	27.69746399
44.93999878	8.20158672	19.77731133
44.94399878	8.20158672	23.72970009
44.94799878	8.12100124	19.77731133
44.95199878	8.12100124	19.77731133
44.95599878	8.20158672	19.77731133
44.95999878	8.28186512	23.72970009
44.96399878	8.28186512	23.72970009
44.96799878	8.20158672	23.72970009
44.97199878	8.12100124	19.77731133
44.97599878	8.20158672	23.72970009
44.97999878	8.20158672	23.72970009
44.98399878	8.28186512	19.77731133
44.98799878	8.28186512	23.72970009
44.99199878	8.28186512	19.77731133
44.99599878	8.20158672	19.77731133
44.99999878	8.20158672	19.77731133
45.00399878	8.12100124	19.77731133
45.00799878	8.20158672	19.77731133
45.01199878	8.28186512	19.77731133
45.01599878	8.28186512	19.77731133
45.01999878	8.20158672	19.77731133
45.02399878	8.20158672	23.72970009
45.02799878	8.12100124	15.82492638
45.03199878	8.20158672	23.72970009
45.03599878	8.20158672	19.77731133
45.03999878	8.28186512	23.72970009
45.04399878	8.20158672	23.72970009
45.04799878	8.28186512	23.72970009
45.05199878	8.20158672	23.72970009
45.05599878	8.20158672	23.72970009
45.05999878	8.20158672	19.77731133
45.06399878	8.20158672	23.72970009
45.06799878	8.28186512	19.77731133
45.07199878	8.28186512	23.72970009
45.07599878	8.20158672	19.77731133
45.07999878	8.20158672	19.77731133
45.08399878	8.20158672	19.77731133
45.08799878	8.28186512	19.77731133
45.09199878	8.28186512	23.72970009
45.09599878	8.20158672	23.72970009
45.09999878	8.28186512	19.77731133
45.10399878	8.28186512	23.72970009
45.10799878	8.20158672	19.77731133
45.11199878	8.20158672	19.77731133
45.11599878	8.20158672	19.77731133
45.11999878	8.20158672	23.72970009
45.12399878	8.20158672	23.72970009
45.12799878	8.20158672	19.77731133
45.13199878	8.20158672	19.77731133
45.13599878	8.20158672	19.77731133
45.13999878	8.20158672	19.77731133
45.14399878	8.28186512	23.72970009
45.14799878	8.28186512	23.72970009
45.15199878	8.20158672	23.72970009
45.15599878	8.20158672	19.77731133
45.15999878	8.28186512	23.72970009
45.16399878	8.28186512	23.72970009
45.16799878	8.28186512	19.77731133
45.17199878	8.20158672	19.77731133
45.17599878	8.28186512	23.72970009
45.17999878	8.28186512	19.77731133
45.18399878	8.20158672	23.72970009
45.18799878	8.20158672	19.77731133
45.19199878	8.20158672	23.72970009
45.19599878	8.28186512	23.72970009
45.19999878	8.28186512	23.72970009
45.20399878	8.20158672	19.77731133
45.20799878	8.20158672	19.77731133
45.21199878	8.28186512	19.77731133
45.21599878	8.28186512	23.72970009
45.21999878	8.20158672	19.77731133
45.22399878	8.20158672	23.72970009
45.22799878	8.28186512	19.77731133
45.23199877	8.28186512	23.72970009
45.23599877	8.20158672	23.72970009
45.23999877	8.20158672	19.77731133
45.24399877	8.20158672	19.77731133
45.24799877	8.28186512	23.72970009
45.25199877	8.20158672	23.72970009
45.25599877	8.20158672	23.72970009
45.25999877	8.28186512	19.77731133
45.26399877	8.28186512	23.72970009
45.26799877	8.20158672	23.72970009
45.27199877	8.20158672	19.77731133
45.27599877	8.20158672	19.77731133
45.27999877	8.36214352	23.72970009
45.28399877	8.28186512	23.72970009
45.28799877	8.20158672	23.72970009
45.29199877	8.12100124	19.77731133
45.29599877	8.28186512	19.77731133
45.29999877	8.28186512	19.77731133
45.30399877	8.20158672	23.72970009
45.30799877	8.20158672	19.77731133
45.31199877	8.28186512	19.77731133
45.31599877	8.28186512	23.72970009
45.31999877	8.28186512	19.77731133
45.32399877	8.20158672	19.77731133
45.32799877	8.20158672	23.72970009
45.33199877	8.28186512	19.77731133
45.33599877	8.28186512	23.72970009
45.33999877	8.28186512	19.77731133
45.34399877	8.20158672	19.77731133
45.34799877	8.20158672	19.77731133
45.35199877	8.20158672	23.72970009
45.35599877	8.20158672	19.77731133
45.35999877	8.28186512	19.77731133
45.36399877	8.28186512	19.77731133
45.36799877	8.20158672	19.77731133
45.37199877	8.20158672	19.77731133
45.37599877	8.20158672	23.72970009
45.37999877	8.20158672	15.82492638
45.38399877	8.20158672	23.72970009
45.38799877	8.20158672	19.77731133
45.39199877	8.20158672	23.72970009
45.39599877	8.20158672	19.77731133
45.39999877	8.12100124	23.72970009
45.40399877	8.28186512	19.77731133
45.40799877	8.28186512	19.77731133
45.41199877	8.28186512	19.77731133
45.41599877	8.20158672	23.72970009
45.41999877	8.12100124	19.77731133
45.42399877	8.28186512	19.77731133
45.42799877	8.28186512	23.72970009
45.43199877	8.20158672	23.72970009
45.43599877	8.20158672	19.77731133
45.43999877	8.20158672	23.72970009
45.44399877	8.28186512	23.72970009
45.44799877	8.20158672	23.72970009
45.45199877	8.20158672	19.77731133
45.45599877	8.28186512	23.72970009
45.45999877	8.20158672	23.72970009
45.46399877	8.28186512	23.72970009
45.46799877	8.28186512	19.77731133
45.47199877	8.28186512	19.77731133
45.47599877	8.20158672	19.77731133
45.47999877	8.20158672	19.77731133
45.48399877	8.20158672	19.77731133
45.48799877	8.20158672	23.72970009
45.49199877	8.20158672	19.77731133
45.49599877	8.20158672	19.77731133
45.49999877	8.20158672	19.77731133
45.50399877	8.20158672	19.77731133
45.50799877	8.20158672	19.77731133
45.51199877	8.28186512	19.77731133
45.51599877	8.28186512	19.77731133
45.51999877	8.28186512	19.77731133
45.52399877	8.20158672	19.77731133
45.52799877	8.12100124	19.77731133
45.53199877	8.20158672	19.77731133
45.53599877	8.36214352	19.77731133
45.53999877	8.36214352	19.77731133
45.54399877	8.20158672	23.72970009
45.54799877	8.12100124	19.77731133
45.55199877	8.20158672	23.72970009
45.55599877	8.28186512	19.77731133
45.55999877	8.20158672	23.72970009
45.56399877	8.20158672	19.77731133
45.56799877	8.28186512	23.72970009
45.57199877	8.20158672	19.77731133
45.57599877	8.20158672	27.69746399
45.57999877	8.20158672	19.77731133
45.58399876	8.20158672	23.72970009
45.58799876	8.20158672	19.77731133
45.59199876	8.20158672	23.72970009
45.59599876	8.20158672	19.77731133
45.59999876	8.20158672	19.77731133
45.60399876	8.20158672	19.77731133
45.60799876	8.28186512	23.72970009
45.61199876	8.20158672	19.77731133
45.61599876	8.20158672	23.72970009
45.61999876	8.28186512	19.77731133
45.62399876	8.20158672	19.77731133
45.62799876	8.20158672	19.77731133
45.63199876	8.20158672	23.72970009
45.63599876	8.20158672	19.77731133
45.63999876	8.28186512	19.77731133
45.64399876	8.28186512	19.77731133
45.64799876	8.20158672	23.72970009
45.65199876	8.20158672	19.77731133
45.65599876	8.28186512	23.72970009
45.65999876	8.28186512	19.77731133
45.66399876	8.28186512	23.72970009
45.66799876	8.20158672	19.77731133
45.67199876	8.20158672	23.72970009
45.67599876	8.20158672	23.72970009
45.67999876	8.28186512	23.72970009
45.68399876	8.20158672	19.77731133
45.68799876	8.20158672	19.77731133
45.69199876	8.28186512	19.77731133
45.69599876	8.28186512	23.72970009
45.69999876	8.28186512	19.77731133
45.70399876	8.20158672	19.77731133
45.70799876	8.20158672	19.77731133
45.71199876	8.20158672	19.77731133
45.71599876	8.20158672	19.77731133
45.71999876	8.20158672	19.77731133
45.72399876	8.28186512	19.77731133
45.72799876	8.28186512	23.72970009
45.73199876	8.20158672	23.72970009
45.73599876	8.20158672	23.72970009
45.73999876	8.20158672	23.72970009
45.74399876	8.20158672	23.72970009
45.74799876	8.28186512	19.77731133
45.75199876	8.20158672	23.72970009
45.75599876	8.20158672	23.72970009
45.75999876	8.28186512	23.72970009
45.76399876	8.20158672	19.77731133
45.76799876	8.20158672	19.77731133
45.77199876	8.20158672	19.77731133
45.77599876	8.28186512	19.77731133
45.77999876	8.28186512	19.77731133
45.78399876	8.20158672	23.72970009
45.78799876	8.20158672	19.77731133
45.79199876	8.28186512	23.72970009
45.79599876	8.28186512	19.77731133
45.79999876	8.28186512	23.72970009
45.80399876	8.20158672	23.72970009
45.80799876	8.20158672	23.72970009
45.81199876	8.28186512	19.77731133
45.81599876	8.28186512	23.72970009
45.81999876	8.28186512	19.77731133
45.82399876	8.20158672	23.72970009
45.82799876	8.28186512	23.72970009
45.83199876	8.28186512	23.72970009
45.83599876	8.28186512	23.72970009
45.83999876	8.20158672	23.72970009
45.84399876	8.20158672	23.72970009
45.84799876	8.28186512	19.77731133
45.85199876	8.28186512	23.72970009
45.85599876	8.28186512	19.77731133
45.85999876	8.20158672	19.77731133
45.86399876	8.20158672	23.72970009
45.86799876	8.28186512	19.77731133
45.87199876	8.28186512	23.72970009
45.87599876	8.20158672	19.77731133
45.87999876	8.20158672	19.77731133
45.88399876	8.28186512	19.77731133
45.88799876	8.28186512	23.72970009
45.89199876	8.20158672	19.77731133
45.89599876	8.20158672	23.72970009
45.89999876	8.28186512	19.77731133
45.90399876	8.36214352	23.72970009
45.90799876	8.20158672	23.72970009
45.91199876	8.20158672	23.72970009
45.91599876	8.20158672	19.77731133
45.91999876	8.36214352	23.72970009
45.92399876	8.28186512	23.72970009
45.92799876	8.20158672	19.77731133
45.93199876	8.20158672	23.72970009
45.93599876	8.28186512	23.72970009
45.93999875	8.28186512	19.77731133
45.94399875	8.20158672	23.72970009
45.94799875	8.20158672	15.82492638
45.95199875	8.20158672	19.77731133
45.95599875	8.28186512	19.77731133
45.95999875	8.28186512	23.72970009
45.96399875	8.20158672	19.77731133
45.96799875	8.28186512	23.72970009
45.97199875	8.28186512	23.72970009
45.97599875	8.28186512	23.72970009
45.97999875	8.12100124	19.77731133
45.98399875	8.20158672	19.77731133
45.98799875	8.28186512	15.82492638
45.99199875	8.28186512	23.72970009
45.99599875	8.20158672	19.77731133
45.99999875	8.12100124	19.77731133
46.00399875	8.20158672	15.82492638
46.00799875	8.28186512	19.77731133
46.01199875	8.20158672	19.77731133
46.01599875	8.20158672	23.72970009
46.01999875	8.20158672	23.72970009
46.02399875	8.36214352	23.72970009
46.02799875	8.28186512	19.77731133
46.03199875	8.20158672	23.72970009
46.03599875	8.20158672	15.82492638
46.03999875	8.28186512	23.72970009
46.04399875	8.28186512	23.72970009
46.04799875	8.20158672	23.72970009
46.05199875	8.20158672	19.77731133
46.05599875	8.28186512	19.77731133
46.05999875	8.28186512	19.77731133
46.06399875	8.28186512	23.72970009
46.06799875	8.20158672	19.77731133
46.07199875	8.28186512	19.77731133
46.07599875	8.28186512	19.77731133
46.07999875	8.28186512	23.72970009
46.08399875	8.20158672	19.77731133
46.08799875	8.20158672	19.77731133
46.09199875	8.28186512	19.77731133
46.09599875	8.28186512	23.72970009
46.09999875	8.20158672	19.77731133
46.10399875	8.20158672	23.72970009
46.10799875	8.28186512	19.77731133
46.11199875	8.28186512	23.72970009
46.11599875	8.20158672	19.77731133
46.11999875	8.20158672	19.77731133
46.12399875	8.28186512	19.77731133
46.12799875	8.28186512	23.72970009
46.13199875	8.20158672	19.77731133
46.13599875	8.20158672	23.72970009
46.13999875	8.28186512	19.77731133
46.14399875	8.28186512	19.77731133
46.14799875	8.20158672	23.72970009
46.15199875	8.20158672	19.77731133
46.15599875	8.20158672	19.77731133
46.15999875	8.28186512	23.72970009
46.16399875	8.28186512	19.77731133
46.16799875	8.20158672	19.77731133
46.17199875	8.12100124	19.77731133
46.17599875	8.28186512	23.72970009
46.17999875	8.28186512	19.77731133
46.18399875	8.28186512	19.77731133
46.18799875	8.28186512	19.77731133
46.19199875	8.20158672	19.77731133
46.19599875	8.20158672	23.72970009
46.19999875	8.20158672	23.72970009
46.20399875	8.20158672	19.77731133
46.20799875	8.28186512	15.82492638
46.21199875	8.28186512	23.72970009
46.21599875	8.20158672	19.77731133
46.21999875	8.20158672	19.77731133
46.22399875	8.28186512	23.72970009
46.22799875	8.20158672	19.77731133
46.23199875	8.28186512	19.77731133
46.23599875	8.20158672	19.77731133
46.23999875	8.20158672	27.69746399
46.24399875	8.20158672	19.77731133
46.24799875	8.28186512	19.77731133
46.25199875	8.28186512	19.77731133
46.25599875	8.28186512	23.72970009
46.25999875	8.20158672	19.77731133
46.26399875	8.20158672	23.72970009
46.26799875	8.28186512	19.77731133
46.27199875	8.28186512	23.72970009
46.27599875	8.20158672	23.72970009
46.27999875	8.28186512	23.72970009
46.28399875	8.28186512	19.77731133
46.28799875	8.36214352	23.72970009
46.29199874	8.20158672	19.77731133
46.29599874	8.20158672	19.77731133
46.29999874	8.20158672	19.77731133
46.30399874	8.28186512	23.72970009
46.30799874	8.28186512	19.77731133
46.31199874	8.28186512	19.77731133
46.31599874	8.20158672	19.77731133
46.31999874	8.36214352	23.72970009
46.32399874	8.20158672	19.77731133
46.32799874	8.20158672	23.72970009
46.33199874	8.20158672	19.77731133
46.33599874	8.28186512	19.77731133
46.33999874	8.28186512	23.72970009
46.34399874	8.28186512	19.77731133
46.34799874	8.20158672	23.72970009
46.35199874	8.28186512	23.72970009
46.35599874	8.28186512	23.72970009
46.35999874	8.28186512	23.72970009
46.36399874	8.20158672	19.77731133
46.36799874	8.28186512	19.77731133
46.37199874	8.28186512	23.72970009
46.37599874	8.28186512	23.72970009
46.37999874	8.20158672	23.72970009
46.38399874	8.20158672	19.77731133
46.38799874	8.28186512	19.77731133
46.39199874	8.28186512	19.77731133
46.39599874	8.28186512	19.77731133
46.39999874	8.28186512	19.77731133
46.40399874	8.28186512	19.77731133
46.40799874	8.28186512	23.72970009
46.41199874	8.20158672	23.72970009
46.41599874	8.20158672	23.72970009
46.41999874	8.28186512	15.82492638
46.42399874	8.28186512	23.72970009
46.42799874	8.28186512	23.72970009
46.43199874	8.28186512	23.72970009
46.43599874	8.20158672	19.77731133
46.43999874	8.28186512	19.77731133
46.44399874	8.28186512	19.77731133
46.44799874	8.28186512	23.72970009
46.45199874	8.28186512	19.77731133
46.45599874	8.36214352	23.72970009
46.45999874	8.28186512	23.72970009
46.46399874	8.20158672	19.77731133
46.46799874	8.20158672	19.77731133
46.47199874	8.28186512	19.77731133
46.47599874	8.28186512	23.72970009
46.47999874	8.28186512	23.72970009
46.48399874	8.28186512	19.77731133
46.48799874	8.28186512	23.72970009
46.49199874	8.20158672	23.72970009
46.49599874	8.20158672	19.77731133
46.49999874	8.20158672	19.77731133
46.50399874	8.28186512	23.72970009
46.50799874	8.36214352	19.77731133
46.51199874	8.36214352	23.72970009
46.51599874	8.20158672	19.77731133
46.51999874	8.12100124	19.77731133
46.52399874	8.20158672	15.82492638
46.52799874	8.28186512	23.72970009
46.53199874	8.28186512	19.77731133
46.53599874	8.28186512	19.77731133
46.53999874	8.28186512	23.72970009
46.54399874	8.20158672	19.77731133
46.54799874	8.12100124	19.77731133
46.55199874	8.28186512	19.77731133
46.55599874	8.28186512	19.77731133
46.55999874	8.36214352	23.72970009
46.56399874	8.28186512	23.72970009
46.56799874	8.28186512	23.72970009
46.57199874	8.20158672	19.77731133
46.57599874	8.20158672	19.77731133
46.57999874	8.20158672	19.77731133
46.58399874	8.28186512	23.72970009
46.58799874	8.36214352	19.77731133
46.59199874	8.28186512	23.72970009
46.59599874	8.20158672	19.77731133
46.59999874	8.20158672	19.77731133
46.60399874	8.20158672	23.72970009
46.60799874	8.20158672	23.72970009
46.61199874	8.28186512	19.77731133
46.61599874	8.36214352	23.72970009
46.61999874	8.28186512	23.72970009
46.62399874	8.28186512	23.72970009
46.62799874	8.20158672	19.77731133
46.63199874	8.20158672	19.77731133
46.63599874	8.28186512	23.72970009
46.63999874	8.28186512	23.72970009
46.64399873	8.28186512	19.77731133
46.64799873	8.20158672	19.77731133
46.65199873	8.28186512	19.77731133
46.65599873	8.28186512	23.72970009
46.65999873	8.20158672	19.77731133
46.66399873	8.20158672	23.72970009
46.66799873	8.28186512	19.77731133
46.67199873	8.28186512	23.72970009
46.67599873	8.28186512	19.77731133
46.67999873	8.20158672	19.77731133
46.68399873	8.20158672	19.77731133
46.68799873	8.28186512	23.72970009
46.69199873	8.28186512	19.77731133
46.69599873	8.28186512	19.77731133
46.69999873	8.28186512	19.77731133
46.70399873	8.20158672	23.72970009
46.70799873	8.20158672	19.77731133
46.71199873	8.28186512	19.77731133
46.71599873	8.28186512	19.77731133
46.71999873	8.28186512	23.72970009
46.72399873	8.28186512	19.77731133
46.72799873	8.20158672	23.72970009
46.73199873	8.20158672	23.72970009
46.73599873	8.28186512	19.77731133
46.73999873	8.20158672	19.77731133
46.74399873	8.20158672	23.72970009
46.74799873	8.20158672	23.72970009
46.75199873	8.20158672	23.72970009
46.75599873	8.28186512	19.77731133
46.75999873	8.28186512	19.77731133
46.76399873	8.28186512	19.77731133
46.76799873	8.28186512	27.69746399
46.77199873	8.20158672	19.77731133
46.77599873	8.28186512	23.72970009
46.77999873	8.28186512	19.77731133
46.78399873	8.28186512	23.72970009
46.78799873	8.20158672	19.77731133
46.79199873	8.28186512	23.72970009
46.79599873	8.20158672	19.77731133
46.79999873	8.28186512	23.72970009
46.80399873	8.20158672	19.77731133
46.80799873	8.20158672	23.72970009
46.81199873	8.28186512	19.77731133
46.81599873	8.28186512	23.72970009
46.81999873	8.20158672	19.77731133
46.82399873	8.20158672	19.77731133
46.82799873	8.20158672	19.77731133
46.83199873	8.28186512	19.77731133
46.83599873	8.28186512	23.72970009
46.83999873	8.28186512	23.72970009
46.84399873	8.20158672	19.77731133
46.84799873	8.20158672	19.77731133
46.85199873	8.20158672	15.82492638
46.85599873	8.20158672	19.77731133
46.85999873	8.20158672	23.72970009
46.86399873	8.20158672	23.72970009
46.86799873	8.28186512	19.77731133
46.87199873	8.20158672	19.77731133
46.87599873	8.20158672	19.77731133
46.87999873	8.20158672	23.72970009
46.88399873	8.20158672	19.77731133
46.88799873	8.28186512	19.77731133
46.89199873	8.28186512	19.77731133
46.89599873	8.28186512	19.77731133
46.89999873	8.28186512	19.77731133
46.90399873	8.20158672	23.72970009
46.90799873	8.12100124	19.77731133
46.91199873	8.28186512	23.72970009
46.91599873	8.28186512	19.77731133
46.91999873	8.36214352	23.72970009
46.92399873	8.20158672	23.72970009
46.92799873	8.12100124	23.72970009
46.93199873	8.20158672	19.77731133
46.93599873	8.28186512	23.72970009
46.93999873	8.20158672	23.72970009
46.94399873	8.20158672	19.77731133
46.94799873	8.20158672	23.72970009
46.95199873	8.28186512	23.72970009
46.95599873	8.20158672	19.77731133
46.95999873	8.20158672	19.77731133
46.96399873	8.20158672	19.77731133
46.96799873	8.28186512	23.72970009
46.97199873	8.28186512	23.72970009
46.97599873	8.20158672	23.72970009
46.97999873	8.20158672	19.77731133
46.98399873	8.28186512	23.72970009
46.98799873	8.28186512	23.72970009
46.99199873	8.12100124	23.72970009
46.99599873	8.20158672	15.82492638
46.99999872	8.28186512	23.72970009
47.00399872	8.28186512	23.72970009
47.00799872	8.20158672	23.72970009
47.01199872	8.20158672	19.77731133
47.01599872	8.28186512	23.72970009
47.01999872	8.28186512	19.77731133
47.02399872	8.20158672	23.72970009
47.02799872	8.20158672	19.77731133
47.03199872	8.20158672	19.77731133
47.03599872	8.28186512	23.72970009
47.03999872	8.28186512	23.72970009
47.04399872	8.12100124	19.77731133
47.04799872	8.20158672	19.77731133
47.05199872	8.28186512	19.77731133
47.05599872	8.28186512	23.72970009
47.05999872	8.20158672	19.77731133
47.06399872	8.20158672	19.77731133
47.06799872	8.28186512	23.72970009
47.07199872	8.28186512	27.69746399
47.07599872	8.20158672	23.72970009
47.07999872	8.12100124	23.72970009
47.08399872	8.20158672	19.77731133
47.08799872	8.28186512	23.72970009
47.09199872	8.28186512	23.72970009
47.09599872	8.20158672	23.72970009
47.09999872	8.20158672	19.77731133
47.10399872	8.20158672	19.77731133
47.10799872	8.20158672	23.72970009
47.11199872	8.20158672	23.72970009
47.11599872	8.20158672	19.77731133
47.11999872	8.20158672	19.77731133
47.12399872	8.20158672	19.77731133
47.12799872	8.28186512	23.72970009
47.13199872	8.28186512	19.77731133
47.13599872	8.20158672	23.72970009
47.13999872	8.12100124	19.77731133
47.14399872	8.20158672	19.77731133
47.14799872	8.28186512	23.72970009
47.15199872	8.28186512	23.72970009
47.15599872	8.20158672	19.77731133
47.15999872	8.20158672	23.72970009
47.16399872	8.20158672	19.77731133
47.16799872	8.20158672	23.72970009
47.17199872	8.20158672	23.72970009
47.17599872	8.28186512	23.72970009
47.17999872	8.28186512	23.72970009
47.18399872	8.20158672	23.72970009
47.18799872	8.12100124	19.77731133
47.19199872	8.20158672	19.77731133
47.19599872	8.20158672	19.77731133
47.19999872	8.28186512	23.72970009
47.20399872	8.20158672	19.77731133
47.20799872	8.20158672	19.77731133
47.21199872	8.20158672	23.72970009
47.21599872	8.28186512	23.72970009
47.21999872	8.20158672	19.77731133
47.22399872	8.20158672	19.77731133
47.22799872	8.20158672	19.77731133
47.23199872	8.20158672	23.72970009
47.23599872	8.20158672	19.77731133
47.23999872	8.20158672	23.72970009
47.24399872	8.20158672	19.77731133
47.24799872	8.20158672	23.72970009
47.25199872	8.20158672	19.77731133
47.25599872	8.20158672	23.72970009
47.25999872	8.20158672	19.77731133
47.26399872	8.20158672	23.72970009
47.26799872	8.20158672	19.77731133
47.27199872	8.20158672	23.72970009
47.27599872	8.20158672	23.72970009
47.27999872	8.20158672	23.72970009
47.28399872	8.20158672	19.77731133
47.28799872	8.20158672	19.77731133
47.29199872	8.20158672	19.77731133
47.29599872	8.20158672	23.72970009
47.29999872	8.20158672	19.77731133
47.30399872	8.28186512	19.77731133
47.30799872	8.20158672	23.72970009
47.31199872	8.20158672	23.72970009
47.31599872	8.20158672	23.72970009
47.31999872	8.12100124	23.72970009
47.32399872	8.28186512	19.77731133
47.32799872	8.28186512	23.72970009
47.33199872	8.20158672	23.72970009
47.33599872	8.20158672	23.72970009
47.33999872	8.20158672	19.77731133
47.34399872	8.28186512	23.72970009
47.34799872	8.20158672	19.77731133
47.35199871	8.20158672	23.72970009
47.35599871	8.20158672	19.77731133
47.35999871	8.36214352	23.72970009
47.36399871	8.28186512	23.72970009
47.36799871	8.12100124	19.77731133
47.37199871	8.20158672	19.77731133
47.37599871	8.20158672	19.77731133
47.37999871	8.28186512	19.77731133
47.38399871	8.20158672	23.72970009
47.38799871	8.28186512	19.77731133
47.39199871	8.28186512	19.77731133
47.39599871	8.28186512	19.77731133
47.39999871	8.20158672	23.72970009
47.40399871	8.12100124	19.77731133
47.40799871	8.20158672	19.77731133
47.41199871	8.28186512	23.72970009
47.41599871	8.28186512	23.72970009
47.41999871	8.20158672	23.72970009
47.42399871	8.20158672	23.72970009
47.42799871	8.20158672	19.77731133
47.43199871	8.20158672	23.72970009
47.43599871	8.20158672	15.82492638
47.43999871	8.28186512	23.72970009
47.44399871	8.36214352	23.72970009
47.44799871	8.20158672	23.72970009
47.45199871	8.20158672	23.72970009
47.45599871	8.12100124	19.77731133
47.45999871	8.20158672	19.77731133
47.46399871	8.20158672	23.72970009
47.46799871	8.20158672	23.72970009
47.47199871	8.20158672	23.72970009
47.47599871	8.28186512	19.77731133
47.47999871	8.20158672	23.72970009
47.48399871	8.20158672	23.72970009
47.48799871	8.20158672	19.77731133
47.49199871	8.20158672	19.77731133
47.49599871	8.28186512	23.72970009
47.49999871	8.20158672	19.77731133
47.50399871	8.20158672	23.72970009
47.50799871	8.12100124	19.77731133
47.51199871	8.20158672	19.77731133
47.51599871	8.28186512	19.77731133
47.51999871	8.20158672	23.72970009
47.52399871	8.20158672	19.77731133
47.52799871	8.20158672	19.77731133
47.53199871	8.28186512	19.77731133
47.53599871	8.20158672	23.72970009
47.53999871	8.20158672	19.77731133
47.54399871	8.20158672	19.77731133
47.54799871	8.20158672	19.77731133
47.55199871	8.20158672	23.72970009
47.55599871	8.20158672	19.77731133
47.55999871	8.20158672	23.72970009
47.56399871	8.20158672	19.77731133
47.56799871	8.20158672	23.72970009
47.57199871	8.20158672	23.72970009
47.57599871	8.12100124	19.77731133
47.57999871	8.20158672	19.77731133
47.58399871	8.20158672	19.77731133
47.58799871	8.20158672	19.77731133
47.59199871	8.20158672	23.72970009
47.59599871	8.20158672	23.72970009
47.59999871	8.20158672	23.72970009
47.60399871	8.20158672	19.77731133
47.60799871	8.20158672	19.77731133
47.61199871	8.20158672	19.77731133
47.61599871	8.20158672	23.72970009
47.61999871	8.20158672	23.72970009
47.62399871	8.20158672	27.69746399
47.62799871	8.20158672	19.77731133
47.63199871	8.12100124	19.77731133
47.63599871	8.20158672	19.77731133
47.63999871	8.28186512	23.72970009
47.64399871	8.28186512	23.72970009
47.64799871	8.28186512	23.72970009
47.65199871	8.12100124	19.77731133
47.65599871	8.20158672	19.77731133
47.65999871	8.20158672	19.77731133
47.66399871	8.28186512	19.77731133
47.66799871	8.20158672	19.77731133
47.67199871	8.20158672	23.72970009
47.67599871	8.20158672	19.77731133
47.67999871	8.20158672	27.69746399
47.68399871	8.20158672	19.77731133
47.68799871	8.20158672	23.72970009
47.69199871	8.28186512	19.77731133
47.69599871	8.28186512	23.72970009
47.69999871	8.20158672	23.72970009
47.70399871	8.20158672	19.77731133
47.70799870	8.20158672	19.77731133
47.71199870	8.20158672	19.77731133
47.71599870	8.20158672	19.77731133
47.71999870	8.20158672	23.72970009
47.72399870	8.28186512	19.77731133
47.72799870	8.28186512	19.77731133
47.73199870	8.20158672	19.77731133
47.73599870	8.20158672	23.72970009
47.73999870	8.20158672	19.77731133
47.74399870	8.28186512	23.72970009
47.74799870	8.20158672	23.72970009
47.75199870	8.12100124	15.82492638
47.75599870	8.20158672	19.77731133
47.75999870	8.20158672	23.72970009
47.76399870	8.20158672	19.77731133
47.76799870	8.12100124	23.72970009
47.77199870	8.20158672	19.77731133
47.77599870	8.20158672	23.72970009
47.77999870	8.28186512	19.77731133
47.78399870	8.20158672	23.72970009
47.78799870	8.12100124	23.72970009
47.79199870	8.12100124	19.77731133
47.79599870	8.20158672	19.77731133
47.79999870	8.28186512	23.72970009
47.80399870	8.20158672	19.77731133
47.80799870	8.20158672	23.72970009
47.81199870	8.20158672	23.72970009
47.81599870	8.28186512	23.72970009
47.81999870	8.20158672	23.72970009
47.82399870	8.20158672	19.77731133
47.82799870	8.20158672	19.77731133
47.83199870	8.20158672	23.72970009
47.83599870	8.20158672	19.77731133
47.83999870	8.20158672	23.72970009
47.84399870	8.20158672	19.77731133
47.84799870	8.20158672	19.77731133
47.85199870	8.20158672	19.77731133
47.85599870	8.20158672	23.72970009
47.85999870	8.12100124	19.77731133
47.86399870	8.20158672	23.72970009
47.86799870	8.20158672	19.77731133
47.87199870	8.28186512	23.72970009
47.87599870	8.20158672	19.77731133
47.87999870	8.20158672	23.72970009
47.88399870	8.20158672	23.72970009
47.88799870	8.20158672	23.72970009
47.89199870	8.20158672	19.77731133
47.89599870	8.20158672	19.77731133
47.89999870	8.28186512	19.77731133
47.90399870	8.28186512	23.72970009
47.90799870	8.20158672	19.77731133
47.91199870	8.20158672	23.72970009
47.91599870	8.28186512	23.72970009
47.91999870	8.20158672	23.72970009
47.92399870	8.20158672	23.72970009
47.92799870	8.20158672	23.72970009
47.93199870	8.28186512	19.77731133
47.93599870	8.28186512	19.77731133
47.93999870	8.28186512	19.77731133
47.94399870	8.20158672	23.72970009
47.94799870	8.20158672	19.77731133
47.95199870	8.28186512	19.77731133
47.95599870	8.28186512	19.77731133
47.95999870	8.28186512	19.77731133
47.96399870	8.20158672	19.77731133
47.96799870	8.20158672	23.72970009
47.97199870	8.20158672	19.77731133
47.97599870	8.28186512	23.72970009
47.97999870	8.20158672	19.77731133
47.98399870	8.28186512	19.77731133
47.98799870	8.28186512	23.72970009
47.99199870	8.28186512	23.72970009
47.99599870	8.28186512	19.77731133
47.99999870	8.20158672	19.77731133
48.00399870	8.20158672	19.77731133
48.00799870	8.20158672	19.77731133
48.01199870	8.28186512	23.72970009
48.01599870	8.36214352	19.77731133
48.01999870	8.28186512	15.82492638
48.02399870	8.28186512	19.77731133
48.02799870	8.20158672	23.72970009
48.03199870	8.28186512	19.77731133
48.03599870	8.28186512	19.77731133
48.03999870	8.28186512	19.77731133
48.04399870	8.28186512	19.77731133
48.04799870	8.28186512	19.77731133
48.05199870	8.28186512	19.77731133
48.05599870	8.28186512	23.72970009
48.05999869	8.20158672	19.77731133
48.06399869	8.20158672	23.72970009
48.06799869	8.28186512	19.77731133
48.07199869	8.28186512	23.72970009
48.07599869	8.28186512	19.77731133
48.07999869	8.28186512	19.77731133
48.08399869	8.28186512	19.77731133
48.08799869	8.28186512	23.72970009
48.09199869	8.20158672	19.77731133
48.09599869	8.28186512	19.77731133
48.09999869	8.28186512	19.77731133
48.10399869	8.28186512	23.72970009
48.10799869	8.20158672	23.72970009
48.11199869	8.20158672	23.72970009
48.11599869	8.28186512	19.77731133
48.11999869	8.36214352	19.77731133
48.12399869	8.28186512	23.72970009
48.12799869	8.20158672	23.72970009
48.13199869	8.20158672	19.77731133
48.13599869	8.28186512	23.72970009
48.13999869	8.28186512	19.77731133
48.14399869	8.28186512	19.77731133
48.14799869	8.20158672	19.77731133
48.15199869	8.28186512	23.72970009
48.15599869	8.28186512	19.77731133
48.15999869	8.28186512	23.72970009
48.16399869	8.20158672	19.77731133
48.16799869	8.20158672	19.77731133
48.17199869	8.28186512	19.77731133
48.17599869	8.28186512	23.72970009
48.17999869	8.20158672	19.77731133
48.18399869	8.20158672	19.77731133
48.18799869	8.28186512	19.77731133
48.19199869	8.28186512	23.72970009
48.19599869	8.20158672	23.72970009
48.19999869	8.20158672	23.72970009
48.20399869	8.20158672	19.77731133
48.20799869	8.20158672	23.72970009
48.21199869	8.20158672	19.77731133
48.21599869	8.28186512	23.72970009
48.21999869	8.20158672	19.77731133
48.22399869	8.28186512	19.77731133
48.22799869	8.20158672	19.77731133
48.23199869	8.20158672	23.72970009
48.23599869	8.20158672	19.77731133
48.23999869	8.28186512	23.72970009
48.24399869	8.28186512	23.72970009
48.24799869	8.20158672	23.72970009
48.25199869	8.20158672	19.77731133
48.25599869	8.28186512	19.77731133
48.25999869	8.20158672	19.77731133
48.26399869	8.20158672	23.72970009
48.26799869	8.20158672	19.77731133
48.27199869	8.28186512	23.72970009
48.27599869	8.28186512	19.77731133
48.27999869	8.20158672	19.77731133
48.28399869	8.12100124	19.77731133
48.28799869	8.20158672	19.77731133
48.29199869	8.20158672	19.77731133
48.29599869	8.28186512	23.72970009
48.29999869	8.20158672	19.77731133
48.30399869	8.20158672	19.77731133
48.30799869	8.28186512	19.77731133
48.31199869	8.28186512	23.72970009
48.31599869	8.20158672	19.77731133
48.31999869	8.20158672	23.72970009
48.32399869	8.20158672	19.77731133
48.32799869	8.28186512	19.77731133
48.33199869	8.20158672	23.72970009
48.33599869	8.20158672	23.72970009
48.33999869	8.20158672	19.77731133
48.34399869	8.20158672	23.72970009
48.34799869	8.28186512	19.77731133
48.35199869	8.20158672	23.72970009
48.35599869	8.20158672	19.77731133
48.35999869	8.20158672	19.77731133
48.36399869	8.20158672	23.72970009
48.36799869	8.20158672	23.72970009
48.37199869	8.20158672	19.77731133
48.37599869	8.20158672	19.77731133
48.37999869	8.28186512	23.72970009
48.38399869	8.20158672	23.72970009
48.38799869	8.12100124	19.77731133
48.39199869	8.20158672	19.77731133
48.39599869	8.20158672	23.72970009
48.39999869	8.20158672	23.72970009
48.40399869	8.20158672	23.72970009
48.40799869	8.20158672	23.72970009
48.41199868	8.20158672	19.77731133
48.41599868	8.20158672	19.77731133
48.41999868	8.20158672	23.72970009
48.42399868	8.20158672	19.77731133
48.42799868	8.20158672	19.77731133
48.43199868	8.20158672	23.72970009
48.43599868	8.20158672	19.77731133
48.43999868	8.20158672	19.77731133
48.44399868	8.20158672	23.72970009
48.44799868	8.20158672	23.72970009
48.45199868	8.20158672	23.72970009
48.45599868	8.20158672	23.72970009
48.45999868	8.20158672	19.77731133
48.46399868	8.20158672	19.77731133
48.46799868	8.20158672	19.77731133
48.47199868	8.28186512	19.77731133
48.47599868	8.20158672	19.77731133
48.47999868	8.20158672	23.72970009
48.48399868	8.20158672	19.77731133
48.48799868	8.28186512	19.77731133
48.49199868	8.28186512	19.77731133
48.49599868	8.20158672	23.72970009
48.49999868	8.12100124	19.77731133
48.50399868	8.20158672	23.72970009
48.50799868	8.28186512	19.77731133
48.51199868	8.28186512	19.77731133
48.51599868	8.20158672	19.77731133
48.51999868	8.20158672	23.72970009
48.52399868	8.20158672	19.77731133
48.52799868	8.28186512	23.72970009
48.53199868	8.20158672	19.77731133
48.53599868	8.20158672	23.72970009
48.53999868	8.20158672	15.82492638
48.54399868	8.20158672	23.72970009
48.54799868	8.28186512	15.82492638
48.55199868	8.28186512	19.77731133
48.55599868	8.28186512	23.72970009
48.55999868	8.20158672	23.72970009
48.56399868	8.20158672	19.77731133
48.56799868	8.20158672	23.72970009
48.57199868	8.20158672	23.72970009
48.57599868	8.20158672	23.72970009
48.57999868	8.20158672	19.77731133
48.58399868	8.28186512	19.77731133
48.58799868	8.20158672	19.77731133
48.59199868	8.28186512	19.77731133
48.59599868	8.20158672	19.77731133
48.59999868	8.20158672	23.72970009
48.60399868	8.28186512	19.77731133
48.60799868	8.28186512	23.72970009
48.61199868	8.20158672	19.77731133
48.61599868	8.20158672	19.77731133
48.61999868	8.28186512	19.77731133
48.62399868	8.28186512	23.72970009
48.62799868	8.20158672	19.77731133
48.63199868	8.20158672	23.72970009
48.63599868	8.20158672	19.77731133
48.63999868	8.28186512	23.72970009
48.64399868	8.28186512	19.77731133
48.64799868	8.20158672	23.72970009
48.65199868	8.20158672	19.77731133
48.65599868	8.28186512	19.77731133
48.65999868	8.20158672	19.77731133
48.66399868	8.20158672	19.77731133
48.66799868	8.20158672	19.77731133
48.67199868	8.28186512	23.72970009
48.67599868	8.28186512	19.77731133
48.67999868	8.20158672	23.72970009
48.68399868	8.20158672	19.77731133
48.68799868	8.20158672	19.77731133
48.69199868	8.28186512	19.77731133
48.69599868	8.20158672	23.72970009
48.69999868	8.12100124	19.77731133
48.70399868	8.28186512	19.77731133
48.70799868	8.36214352	19.77731133
48.71199868	8.28186512	19.77731133
48.71599868	8.12100124	19.77731133
48.71999868	8.12100124	23.72970009
48.72399868	8.28186512	19.77731133
48.72799868	8.28186512	23.72970009
48.73199868	8.20158672	19.77731133
48.73599868	8.20158672	23.72970009
48.73999868	8.28186512	19.77731133
48.74399868	8.28186512	23.72970009
48.74799868	8.28186512	15.82492638
48.75199868	8.20158672	23.72970009
48.75599868	8.20158672	19.77731133
48.75999868	8.28186512	23.72970009
48.76399868	8.28186512	19.77731133
48.76799867	8.12100124	23.72970009
48.77199867	8.12100124	15.82492638
48.77599867	8.28186512	19.77731133
48.77999867	8.36214352	19.77731133
48.78399867	8.28186512	23.72970009
48.78799867	8.12100124	19.77731133
48.79199867	8.20158672	19.77731133
48.79599867	8.28186512	19.77731133
48.79999867	8.28186512	23.72970009
48.80399867	8.20158672	23.72970009
48.80799867	8.20158672	19.77731133
48.81199867	8.28186512	19.77731133
48.81599867	8.28186512	23.72970009
48.81999867	8.20158672	19.77731133
48.82399867	8.20158672	19.77731133
48.82799867	8.20158672	23.72970009
48.83199867	8.28186512	23.72970009
48.83599867	8.28186512	23.72970009
48.83999867	8.28186512	27.69746399
48.84399867	8.28186512	19.77731133
48.84799867	8.20158672	23.72970009
48.85199867	8.12100124	23.72970009
48.85599867	8.12100124	23.72970009
48.85999867	8.28186512	19.77731133
48.86399867	8.36214352	23.72970009
48.86799867	8.28186512	19.77731133
48.87199867	8.12100124	23.72970009
48.87599867	8.12100124	19.77731133
48.87999867	8.28186512	23.72970009
48.88399867	8.28186512	19.77731133
48.88799867	8.28186512	23.72970009
48.89199867	8.28186512	19.77731133
48.89599867	8.28186512	23.72970009
48.89999867	8.28186512	19.77731133
48.90399867	8.20158672	19.77731133
48.90799867	8.20158672	19.77731133
48.91199867	8.28186512	23.72970009
48.91599867	8.28186512	23.72970009
48.91999867	8.36214352	23.72970009
48.92399867	8.20158672	19.77731133
48.92799867	8.20158672	23.72970009
48.93199867	8.20158672	19.77731133
48.93599867	8.28186512	23.72970009
48.93999867	8.28186512	23.72970009
48.94399867	8.28186512	23.72970009
48.94799867	8.28186512	19.77731133
48.95199867	8.20158672	23.72970009
48.95599867	8.20158672	19.77731133
48.95999867	8.20158672	23.72970009
48.96399867	8.20158672	19.77731133
48.96799867	8.28186512	23.72970009
48.97199867	8.36214352	23.72970009
48.97599867	8.28186512	23.72970009
48.97999867	8.20158672	19.77731133
48.98399867	8.20158672	19.77731133
48.98799867	8.20158672	19.77731133
48.99199867	8.28186512	23.72970009
48.99599867	8.28186512	19.77731133
48.99999867	8.28186512	23.72970009
49.00399867	8.28186512	19.77731133
49.00799867	8.28186512	23.72970009
49.01199867	8.20158672	23.72970009
49.01599867	8.20158672	19.77731133
49.01999867	8.28186512	19.77731133
49.02399867	8.28186512	23.72970009
49.02799867	8.28186512	19.77731133
49.03199867	8.20158672	23.72970009
49.03599867	8.28186512	19.77731133
49.03999867	8.28186512	23.72970009
49.04399867	8.28186512	19.77731133
49.04799867	8.28186512	23.72970009
49.05199867	8.20158672	19.77731133
49.05599867	8.28186512	19.77731133
49.05999867	8.28186512	19.77731133
49.06399867	8.20158672	23.72970009
49.06799867	8.20158672	19.77731133
49.07199867	8.28186512	23.72970009
49.07599867	8.36214352	19.77731133
49.07999867	8.28186512	23.72970009
49.08399867	8.20158672	23.72970009
49.08799867	8.20158672	23.72970009
49.09199867	8.28186512	19.77731133
49.09599867	8.28186512	19.77731133
49.09999867	8.28186512	19.77731133
49.10399867	8.36214352	23.72970009
49.10799867	8.28186512	19.77731133
49.11199867	8.28186512	23.72970009
49.11599867	8.20158672	19.77731133
49.11999866	8.20158672	23.72970009
49.12399866	8.20158672	19.77731133
49.12799866	8.28186512	19.77731133
49.13199866	8.28186512	23.72970009
49.13599866	8.28186512	23.72970009
49.13999866	8.20158672	19.77731133
49.14399866	8.20158672	23.72970009
49.14799866	8.20158672	23.72970009
49.15199866	8.20158672	23.72970009
49.15599866	8.28186512	19.77731133
49.15999866	8.36214352	23.72970009
49.16399866	8.28186512	19.77731133
49.16799866	8.20158672	23.72970009
49.17199866	8.20158672	19.77731133
49.17599866	8.20158672	23.72970009
49.17999866	8.28186512	19.77731133
49.18399866	8.28186512	19.77731133
49.18799866	8.28186512	23.72970009
49.19199866	8.28186512	19.77731133
49.19599866	8.20158672	19.77731133
49.19999866	8.28186512	19.77731133
49.20399866	8.20158672	19.77731133
49.20799866	8.28186512	23.72970009
49.21199866	8.28186512	23.72970009
49.21599866	8.20158672	19.77731133
49.21999866	8.28186512	19.77731133
49.22399866	8.28186512	19.77731133
49.22799866	8.20158672	23.72970009
49.23199866	8.20158672	23.72970009
49.23599866	8.20158672	19.77731133
49.23999866	8.28186512	19.77731133
49.24399866	8.28186512	19.77731133
49.24799866	8.28186512	19.77731133
49.25199866	8.12100124	23.72970009
49.25599866	8.20158672	23.72970009
49.25999866	8.28186512	19.77731133
49.26399866	8.28186512	23.72970009
49.26799866	8.28186512	19.77731133
49.27199866	8.20158672	23.72970009
49.27599866	8.20158672	19.77731133
49.27999866	8.28186512	23.72970009
49.28399866	8.20158672	19.77731133
49.28799866	8.28186512	19.77731133
49.29199866	8.28186512	19.77731133
49.29599866	8.28186512	23.72970009
49.29999866	8.20158672	19.77731133
49.30399866	8.20158672	19.77731133
49.30799866	8.20158672	19.77731133
49.31199866	8.28186512	19.77731133
49.31599866	8.20158672	19.77731133
49.31999866	8.20158672	23.72970009
49.32399866	8.12100124	19.77731133
49.32799866	8.28186512	23.72970009
49.33199866	8.28186512	19.77731133
49.33599866	8.28186512	23.72970009
49.33999866	8.20158672	23.72970009
49.34399866	8.28186512	23.72970009
49.34799866	8.28186512	19.77731133
49.35199866	8.20158672	23.72970009
49.35599866	8.20158672	19.77731133
49.35999866	8.20158672	23.72970009
49.36399866	8.28186512	19.77731133
49.36799866	8.28186512	23.72970009
49.37199866	8.20158672	19.77731133
49.37599866	8.20158672	23.72970009
49.37999866	8.28186512	15.82492638
49.38399866	8.20158672	23.72970009
49.38799866	8.20158672	19.77731133
49.39199866	8.20158672	23.72970009
49.39599866	8.36214352	19.77731133
49.39999866	8.36214352	19.77731133
49.40399866	8.28186512	19.77731133
49.40799866	8.28186512	23.72970009
49.41199866	8.20158672	23.72970009
49.41599866	8.20158672	19.77731133
49.41999866	8.28186512	19.77731133
49.42399866	8.28186512	19.77731133
49.42799866	8.36214352	19.77731133
49.43199866	8.28186512	23.72970009
49.43599866	8.20158672	19.77731133
49.43999866	8.20158672	19.77731133
49.44399866	8.20158672	19.77731133
49.44799866	8.28186512	23.72970009
49.45199866	8.20158672	19.77731133
49.45599866	8.28186512	23.72970009
49.45999866	8.28186512	19.77731133
49.46399866	8.28186512	23.72970009
49.46799866	8.28186512	19.77731133
49.47199866	8.20158672	23.72970009
49.47599865	8.20158672	19.77731133
49.47999865	8.28186512	19.77731133
49.48399865	8.28186512	19.77731133
49.48799865	8.28186512	23.72970009
49.49199865	8.20158672	19.77731133
49.49599865	8.28186512	19.77731133
49.49999865	8.20158672	19.77731133
49.50399865	8.28186512	19.77731133
49.50799865	8.20158672	15.82492638
49.51199865	8.28186512	19.77731133
49.51599865	8.28186512	19.77731133
49.51999865	8.20158672	23.72970009
49.52399865	8.20158672	19.77731133
49.52799865	8.20158672	19.77731133
49.53199865	8.28186512	19.77731133
49.53599865	8.28186512	23.72970009
49.53999865	8.28186512	19.77731133
49.54399865	8.20158672	23.72970009
49.54799865	8.20158672	19.77731133
49.55199865	8.20158672	23.72970009
49.55599865	8.20158672	19.77731133
49.55999865	8.28186512	23.72970009
49.56399865	8.28186512	23.72970009
49.56799865	8.28186512	23.72970009
49.57199865	8.28186512	19.77731133
49.57599865	8.20158672	19.77731133
49.57999865	8.20158672	19.77731133
49.58399865	8.28186512	23.72970009
49.58799865	8.28186512	19.77731133
49.59199865	8.28186512	19.77731133
49.59599865	8.20158672	19.77731133
49.59999865	8.20158672	23.72970009
49.60399865	8.20158672	19.77731133
49.60799865	8.28186512	19.77731133
49.61199865	8.28186512	19.77731133
49.61599865	8.28186512	23.72970009
49.61999865	8.28186512	19.77731133
49.62399865	8.28186512	19.77731133
49.62799865	8.20158672	23.72970009
49.63199865	8.20158672	19.77731133
49.63599865	8.20158672	23.72970009
49.63999865	8.28186512	23.72970009
49.64399865	8.28186512	23.72970009
49.64799865	8.28186512	23.72970009
49.65199865	8.28186512	19.77731133
49.65599865	8.20158672	23.72970009
49.65999865	8.12100124	19.77731133
49.66399865	8.28186512	23.72970009
49.66799865	8.28186512	19.77731133
49.67199865	8.36214352	23.72970009
49.67599865	8.20158672	23.72970009
49.67999865	8.12100124	23.72970009
49.68399865	8.20158672	15.82492638
49.68799865	8.28186512	23.72970009
49.69199865	8.28186512	19.77731133
49.69599865	8.28186512	23.72970009
49.69999865	8.28186512	15.82492638
49.70399865	8.28186512	23.72970009
49.70799865	8.20158672	15.82492638
49.71199865	8.20158672	19.77731133
49.71599865	8.20158672	15.82492638
49.71999865	8.28186512	23.72970009
49.72399865	8.28186512	23.72970009
49.72799865	8.20158672	23.72970009
49.73199865	8.20158672	15.82492638
49.73599865	8.12100124	19.77731133
49.73999865	8.20158672	19.77731133
49.74399865	8.28186512	23.72970009
49.74799865	8.28186512	23.72970009
49.75199865	8.36214352	19.77731133
49.75599865	8.20158672	19.77731133
49.75999865	8.20158672	23.72970009
49.76399865	8.20158672	19.77731133
49.76799865	8.28186512	23.72970009
49.77199865	8.28186512	19.77731133
49.77599865	8.28186512	23.72970009
49.77999865	8.20158672	19.77731133
49.78399865	8.20158672	19.77731133
49.78799865	8.20158672	19.77731133
49.79199865	8.20158672	23.72970009
49.79599865	8.20158672	23.72970009
49.79999865	8.20158672	23.72970009
49.80399865	8.28186512	19.77731133
49.80799865	8.28186512	19.77731133
49.81199865	8.20158672	15.82492638
49.81599865	8.12100124	19.77731133
49.81999865	8.20158672	19.77731133
49.82399865	8.20158672	19.77731133
49.82799864	8.36214352	19.77731133
49.83199864	8.28186512	19.77731133
49.83599864	8.20158672	23.72970009
49.83999864	8.20158672	19.77731133
49.84399864	8.20158672	19.77731133
49.84799864	8.20158672	19.77731133
49.85199864	8.20158672	19.77731133
49.85599864	8.36214352	19.77731133
49.85999864	8.36214352	23.72970009
49.86399864	8.28186512	23.72970009
49.86799864	8.12100124	19.77731133
49.87199864	8.12100124	23.72970009
49.87599864	8.28186512	19.77731133
49.87999864	8.36214352	19.77731133
49.88399864	8.28186512	23.72970009
49.88799864	8.20158672	23.72970009
49.89199864	8.20158672	19.77731133
49.89599864	8.28186512	23.72970009
49.89999864	8.20158672	19.77731133
49.90399864	8.20158672	19.77731133
49.90799864	8.20158672	19.77731133
49.91199864	8.28186512	23.72970009
49.91599864	8.28186512	23.72970009
49.91999864	8.20158672	19.77731133
49.92399864	8.12100124	19.77731133
49.92799864	8.20158672	19.77731133
49.93199864	8.28186512	19.77731133
49.93599864	8.20158672	23.72970009
49.93999864	8.20158672	19.77731133
49.94399864	8.20158672	23.72970009
49.94799864	8.28186512	19.77731133
49.95199864	8.20158672	23.72970009
49.95599864	8.12100124	19.77731133
49.95999864	8.20158672	19.77731133
49.96399864	8.28186512	23.72970009
49.96799864	8.28186512	19.77731133
49.97199864	8.20158672	19.77731133
49.97599864	8.12100124	19.77731133
49.97999864	8.20158672	23.72970009
49.98399864	8.20158672	23.72970009
49.98799864	8.20158672	19.77731133
49.99199864	8.20158672	23.72970009
49.99599864	8.20158672	19.77731133
49.99999864	8.20158672	23.72970009
50.00399864	8.20158672	19.77731133
50.00799864	8.20158672	23.72970009
50.01199864	8.12100124	19.77731133
50.01599864	8.20158672	23.72970009
50.01999864	8.20158672	19.77731133
50.02399864	8.20158672	23.72970009
50.02799864	8.20158672	19.77731133
50.03199864	8.20158672	23.72970009
50.03599864	8.20158672	19.77731133
50.03999864	8.20158672	23.72970009
50.04399864	8.20158672	19.77731133
50.04799864	8.20158672	23.72970009
50.05199864	8.28186512	19.77731133
50.05599864	8.28186512	23.72970009
50.05999864	8.12100124	23.72970009
50.06399864	8.20158672	19.77731133
50.06799864	8.20158672	15.82492638
50.07199864	8.20158672	19.77731133
50.07599864	8.20158672	19.77731133
50.07999864	8.20158672	19.77731133
50.08399864	8.28186512	19.77731133
50.08799864	8.28186512	19.77731133
50.09199864	8.20158672	19.77731133
50.09599864	8.12100124	19.77731133
50.09999864	8.20158672	19.77731133
50.10399864	8.28186512	23.72970009
50.10799864	8.20158672	23.72970009
50.11199864	8.20158672	23.72970009
50.11599864	8.20158672	19.77731133
50.11999864	8.20158672	23.72970009
50.12399864	8.12100124	19.77731133
50.12799864	8.12100124	23.72970009
50.13199864	8.20158672	19.77731133
50.13599864	8.28186512	23.72970009
50.13999864	8.28186512	23.72970009
50.14399864	8.20158672	23.72970009
50.14799864	8.20158672	19.77731133
50.15199864	8.20158672	23.72970009
50.15599864	8.20158672	19.77731133
50.15999864	8.20158672	19.77731133
50.16399864	8.20158672	19.77731133
50.16799864	8.28186512	23.72970009
50.17199864	8.20158672	23.72970009
50.17599864	8.12100124	19.77731133
50.17999863	8.12100124	19.77731133
50.18399863	8.20158672	19.77731133
50.18799863	8.28186512	19.77731133
50.19199863	8.28186512	23.72970009
50.19599863	8.20158672	19.77731133
50.19999863	8.20158672	23.72970009
50.20399863	8.20158672	23.72970009
50.20799863	8.20158672	23.72970009
50.21199863	8.20158672	19.77731133
50.21599863	8.28186512	19.77731133
50.21999863	8.28186512	23.72970009
50.22399863	8.28186512	23.72970009
50.22799863	8.12100124	19.77731133
50.23199863	8.12100124	23.72970009
50.23599863	8.20158672	15.82492638
50.23999863	8.20158672	23.72970009
50.24399863	8.28186512	23.72970009
50.24799863	8.20158672	19.77731133
50.25199863	8.28186512	19.77731133
50.25599863	8.20158672	23.72970009
50.25999863	8.12100124	19.77731133
50.26399863	8.12100124	19.77731133
50.26799863	8.20158672	19.77731133
50.27199863	8.28186512	23.72970009
50.27599863	8.28186512	19.77731133
50.27999863	8.20158672	23.72970009
50.28399863	8.20158672	19.77731133
50.28799863	8.20158672	19.77731133
50.29199863	8.20158672	19.77731133
50.29599863	8.28186512	23.72970009
50.29999863	8.28186512	23.72970009
50.30399863	8.28186512	23.72970009
50.30799863	8.20158672	19.77731133
50.31199863	8.12100124	23.72970009
50.31599863	8.20158672	19.77731133
50.31999863	8.20158672	19.77731133
50.32399863	8.20158672	19.77731133
50.32799863	8.28186512	23.72970009
50.33199863	8.20158672	23.72970009
50.33599863	8.20158672	23.72970009
50.33999863	8.12100124	15.82492638
50.34399863	8.12100124	19.77731133
50.34799863	8.28186512	19.77731133
50.35199863	8.28186512	23.72970009
50.35599863	8.28186512	19.77731133
50.35999863	8.12100124	23.72970009
50.36399863	8.12100124	15.82492638
50.36799863	8.12100124	19.77731133
50.37199863	8.20158672	15.82492638
50.37599863	8.20158672	19.77731133
50.37999863	8.20158672	19.77731133
50.38399863	8.28186512	23.72970009
50.38799863	8.20158672	19.77731133
50.39199863	8.20158672	23.72970009
50.39599863	8.20158672	19.77731133
50.39999863	8.20158672	23.72970009
50.40399863	8.20158672	19.77731133
50.40799863	8.20158672	23.72970009
50.41199863	8.20158672	19.77731133
50.41599863	8.20158672	19.77731133
50.41999863	8.20158672	19.77731133
50.42399863	8.20158672	19.77731133
50.42799863	8.20158672	19.77731133
50.43199863	8.20158672	23.72970009
50.43599863	8.28186512	23.72970009
50.43999863	8.20158672	23.72970009
50.44399863	8.20158672	19.77731133
50.44799863	8.12100124	19.77731133
50.45199863	8.20158672	19.77731133
50.45599863	8.28186512	23.72970009
50.45999863	8.28186512	23.72970009
50.46399863	8.20158672	23.72970009
50.46799863	8.20158672	19.77731133
50.47199863	8.20158672	19.77731133
50.47599863	8.20158672	23.72970009
50.47999863	8.20158672	19.77731133
50.48399863	8.12100124	19.77731133
50.48799863	8.20158672	19.77731133
50.49199863	8.28186512	19.77731133
50.49599863	8.28186512	23.72970009
50.49999863	8.12100124	23.72970009
50.50399863	8.12100124	23.72970009
50.50799863	8.20158672	19.77731133
50.51199863	8.28186512	23.72970009
50.51599863	8.20158672	19.77731133
50.51999863	8.20158672	15.82492638
50.52399863	8.28186512	19.77731133
50.52799863	8.20158672	23.72970009
50.53199863	8.12100124	19.77731133
50.53599862	8.12100124	19.77731133
50.53999862	8.20158672	15.82492638
50.54399862	8.28186512	23.72970009
50.54799862	8.20158672	19.77731133
50.55199862	8.20158672	19.77731133
50.55599862	8.20158672	19.77731133
50.55999862	8.20158672	19.77731133
50.56399862	8.28186512	23.72970009
50.56799862	8.20158672	19.77731133
50.57199862	8.20158672	19.77731133
50.57599862	8.20158672	23.72970009
50.57999862	8.20158672	19.77731133
50.58399862	8.20158672	23.72970009
50.58799862	8.12100124	19.77731133
50.59199862	8.20158672	19.77731133
50.59599862	8.20158672	19.77731133
50.59999862	8.20158672	23.72970009
50.60399862	8.20158672	19.77731133
50.60799862	8.20158672	19.77731133
50.61199862	8.20158672	19.77731133
50.61599862	8.20158672	19.77731133
50.61999862	8.20158672	19.77731133
50.62399862	8.20158672	19.77731133
50.62799862	8.20158672	19.77731133
50.63199862	8.28186512	19.77731133
50.63599862	8.20158672	19.77731133
50.63999862	8.20158672	19.77731133
50.64399862	8.12100124	15.82492638
50.64799862	8.20158672	19.77731133
50.65199862	8.28186512	19.77731133
50.65599862	8.20158672	19.77731133
50.65999862	8.20158672	19.77731133
50.66399862	8.20158672	23.72970009
50.66799862	8.12100124	19.77731133
50.67199862	8.20158672	19.77731133
50.67599862	8.28186512	19.77731133
50.67999862	8.28186512	23.72970009
50.68399862	8.20158672	19.77731133
50.68799862	8.20158672	23.72970009
50.69199862	8.20158672	19.77731133
50.69599862	8.20158672	19.77731133
50.69999862	8.20158672	19.77731133
50.70399862	8.20158672	19.77731133
50.70799862	8.20158672	23.72970009
50.71199862	8.20158672	23.72970009
50.71599862	8.20158672	15.82492638
50.71999862	8.20158672	19.77731133
50.72399862	8.20158672	15.82492638
50.72799862	8.20158672	19.77731133
50.73199862	8.20158672	23.72970009
50.73599862	8.28186512	19.77731133
50.73999862	8.28186512	19.77731133
50.74399862	8.20158672	19.77731133
50.74799862	8.12100124	19.77731133
50.75199862	8.20158672	19.77731133
50.75599862	8.20158672	19.77731133
50.75999862	8.28186512	23.72970009
50.76399862	8.20158672	15.82492638
50.76799862	8.20158672	19.77731133
50.77199862	8.28186512	23.72970009
50.77599862	8.28186512	19.77731133
50.77999862	8.20158672	19.77731133
50.78399862	8.20158672	19.77731133
50.78799862	8.28186512	19.77731133
50.79199862	8.28186512	23.72970009
50.79599862	8.20158672	19.77731133
50.79999862	8.20158672	23.72970009
50.80399862	8.20158672	19.77731133
50.80799862	8.28186512	19.77731133
50.81199862	8.28186512	19.77731133
50.81599862	8.28186512	23.72970009
50.81999862	8.20158672	19.77731133
50.82399862	8.20158672	19.77731133
50.82799862	8.20158672	19.77731133
50.83199862	8.28186512	23.72970009
50.83599862	8.20158672	19.77731133
50.83999862	8.28186512	19.77731133
50.84399862	8.28186512	23.72970009
50.84799862	8.28186512	23.72970009
50.85199862	8.20158672	19.77731133
50.85599862	8.20158672	19.77731133
50.85999862	8.20158672	19.77731133
50.86399862	8.28186512	23.72970009
50.86799862	8.28186512	19.77731133
50.87199862	8.20158672	23.72970009
50.87599862	8.20158672	15.82492638
50.87999862	8.28186512	19.77731133
50.88399862	8.28186512	19.77731133
50.88799861	8.20158672	19.77731133
50.89199861	8.20158672	19.77731133
50.89599861	8.28186512	19.77731133
50.89999861	8.28186512	19.77731133
50.90399861	8.28186512	19.77731133
50.90799861	8.12100124	19.77731133
50.91199861	8.20158672	19.77731133
50.91599861	8.28186512	19.77731133
50.91999861	8.28186512	23.72970009
50.92399861	8.20158672	23.72970009
50.92799861	8.20158672	19.77731133
50.93199861	8.28186512	23.72970009
50.93599861	8.20158672	23.72970009
50.93999861	8.20158672	19.77731133
50.94399861	8.20158672	23.72970009
50.94799861	8.28186512	19.77731133
50.95199861	8.28186512	19.77731133
50.95599861	8.28186512	19.77731133
50.95999861	8.12100124	19.77731133
50.96399861	8.20158672	15.82492638
50.96799861	8.28186512	19.77731133
50.97199861	8.28186512	19.77731133
50.97599861	8.20158672	19.77731133
50.97999861	8.20158672	19.77731133
50.98399861	8.20158672	19.77731133
50.98799861	8.20158672	19.77731133
50.99199861	8.20158672	23.72970009
50.99599861	8.20158672	19.77731133
50.99999861	8.28186512	23.72970009
51.00399861	8.28186512	19.77731133
51.00799861	8.28186512	23.72970009
51.01199861	8.20158672	15.82492638
51.01599861	8.20158672	19.77731133
51.01999861	8.28186512	19.77731133
51.02399861	8.28186512	23.72970009
51.02799861	8.20158672	19.77731133
51.03199861	8.20158672	19.77731133
51.03599861	8.28186512	19.77731133
51.03999861	8.36214352	23.72970009
51.04399861	8.20158672	23.72970009
51.04799861	8.20158672	19.77731133
51.05199861	8.20158672	19.77731133
51.05599861	8.28186512	19.77731133
51.05999861	8.28186512	19.77731133
51.06399861	8.20158672	19.77731133
51.06799861	8.28186512	19.77731133
51.07199861	8.36214352	23.72970009
51.07599861	8.28186512	19.77731133
51.07999861	8.20158672	19.77731133
51.08399861	8.20158672	15.82492638
51.08799861	8.28186512	23.72970009
51.09199861	8.28186512	23.72970009
51.09599861	8.20158672	23.72970009
51.09999861	8.20158672	15.82492638
51.10399861	8.28186512	19.77731133
51.10799861	8.28186512	19.77731133
51.11199861	8.28186512	23.72970009
51.11599861	8.20158672	23.72970009
51.11999861	8.28186512	23.72970009
51.12399861	8.28186512	19.77731133
51.12799861	8.28186512	23.72970009
51.13199861	8.20158672	23.72970009
51.13599861	8.20158672	23.72970009
51.13999861	8.28186512	19.77731133
51.14399861	8.28186512	19.77731133
51.14799861	8.20158672	19.77731133
51.15199861	8.28186512	19.77731133
51.15599861	8.28186512	19.77731133
51.15999861	8.28186512	23.72970009
51.16399861	8.20158672	19.77731133
51.16799861	8.20158672	19.77731133
51.17199861	8.20158672	19.77731133
51.17599861	8.28186512	19.77731133
51.17999861	8.28186512	19.77731133
51.18399861	8.28186512	19.77731133
51.18799861	8.20158672	15.82492638
51.19199861	8.20158672	19.77731133
51.19599861	8.28186512	19.77731133
51.19999861	8.20158672	23.72970009
51.20399861	8.20158672	19.77731133
51.20799861	8.28186512	23.72970009
51.21199861	8.28186512	19.77731133
51.21599861	8.28186512	23.72970009
51.21999861	8.20158672	19.77731133
51.22399861	8.20158672	19.77731133
51.22799861	8.28186512	19.77731133
51.23199861	8.28186512	23.72970009
51.23599861	8.28186512	19.77731133
51.23999861	8.20158672	19.77731133
51.24399860	8.20158672	23.72970009
51.24799860	8.20158672	19.77731133
51.25199860	8.20158672	19.77731133
51.25599860	8.20158672	23.72970009
51.25999860	8.20158672	19.77731133
51.26399860	8.28186512	23.72970009
51.26799860	8.20158672	19.77731133
51.27199860	8.20158672	19.77731133
51.27599860	8.20158672	19.77731133
51.27999860	8.20158672	19.77731133
51.28399860	8.20158672	19.77731133
51.28799860	8.28186512	19.77731133
51.29199860	8.20158672	19.77731133
51.29599860	8.20158672	23.72970009
51.29999860	8.20158672	19.77731133
51.30399860	8.28186512	19.77731133
51.30799860	8.20158672	23.72970009
51.31199860	8.20158672	19.77731133
51.31599860	8.20158672	15.82492638
51.31999860	8.20158672	23.72970009
51.32399860	8.20158672	19.77731133
51.32799860	8.20158672	23.72970009
51.33199860	8.28186512	19.77731133
51.33599860	8.28186512	19.77731133
51.33999860	8.20158672	19.77731133
51.34399860	8.12100124	23.72970009
51.34799860	8.20158672	15.82492638
51.35199860	8.28186512	19.77731133
51.35599860	8.28186512	19.77731133
51.35999860	8.20158672	19.77731133
51.36399860	8.12100124	19.77731133
51.36799860	8.20158672	19.77731133
51.37199860	8.20158672	19.77731133
51.37599860	8.20158672	23.72970009
51.37999860	8.20158672	15.82492638
51.38399860	8.20158672	23.72970009
51.38799860	8.28186512	19.77731133
51.39199860	8.20158672	23.72970009
51.39599860	8.20158672	15.82492638
51.39999860	8.20158672	19.77731133
51.40399860	8.20158672	19.77731133
51.40799860	8.20158672	23.72970009
51.41199860	8.20158672	19.77731133
51.41599860	8.20158672	23.72970009
51.41999860	8.20158672	19.77731133
51.42399860	8.28186512	23.72970009
51.42799860	8.20158672	23.72970009
51.43199860	8.12100124	23.72970009
51.43599860	8.20158672	19.77731133
51.43999860	8.20158672	19.77731133
51.44399860	8.20158672	19.77731133
51.44799860	8.20158672	19.77731133
51.45199860	8.20158672	23.72970009
51.45599860	8.20158672	23.72970009
51.45999860	8.20158672	19.77731133
51.46399860	8.12100124	19.77731133
51.46799860	8.12100124	19.77731133
51.47199860	8.20158672	19.77731133
51.47599860	8.20158672	19.77731133
51.47999860	8.20158672	23.72970009
51.48399860	8.12100124	19.77731133
51.48799860	8.12100124	19.77731133
51.49199860	8.20158672	15.82492638
51.49599860	8.20158672	19.77731133
51.49999860	8.20158672	19.77731133
51.50399860	8.12100124	19.77731133
51.50799860	8.20158672	15.82492638
51.51199860	8.20158672	23.72970009
51.51599860	8.12100124	19.77731133
51.51999860	8.20158672	23.72970009
51.52399860	8.20158672	19.77731133
51.52799860	8.20158672	23.72970009
51.53199860	8.20158672	19.77731133
51.53599860	8.20158672	19.77731133
51.53999860	8.20158672	19.77731133
51.54399860	8.20158672	23.72970009
51.54799860	8.20158672	19.77731133
51.55199860	8.20158672	23.72970009
51.55599860	8.20158672	19.77731133
51.55999860	8.20158672	19.77731133
51.56399860	8.20158672	19.77731133
51.56799860	8.20158672	19.77731133
51.57199860	8.20158672	19.77731133
51.57599860	8.20158672	23.72970009
51.57999860	8.12100124	19.77731133
51.58399860	8.20158672	23.72970009
51.58799860	8.20158672	19.77731133
51.59199860	8.20158672	19.77731133
51.59599859	8.20158672	19.77731133
51.59999859	8.12100124	23.72970009
51.60399859	8.12100124	19.77731133
51.60799859	8.20158672	19.77731133
51.61199859	8.20158672	19.77731133
51.61599859	8.20158672	23.72970009
51.61999859	8.12100124	19.77731133
51.62399859	8.12100124	19.77731133
51.62799859	8.20158672	19.77731133
51.63199859	8.20158672	23.72970009
51.63599859	8.20158672	19.77731133
51.63999859	8.20158672	23.72970009
51.64399859	8.20158672	23.72970009
51.64799859	8.20158672	23.72970009
51.65199859	8.12100124	15.82492638
51.65599859	8.12100124	19.77731133
51.65999859	8.12100124	19.77731133
51.66399859	8.20158672	23.72970009
51.66799859	8.20158672	19.77731133
51.67199859	8.20158672	19.77731133
51.67599859	8.20158672	19.77731133
51.67999859	8.20158672	23.72970009
51.68399859	8.12100124	15.82492638
51.68799859	8.12100124	19.77731133
51.69199859	8.20158672	19.77731133
51.69599859	8.20158672	23.72970009
51.69999859	8.20158672	19.77731133
51.70399859	8.20158672	19.77731133
51.70799859	8.20158672	19.77731133
51.71199859	8.12100124	19.77731133
51.71599859	8.20158672	19.77731133
51.71999859	8.20158672	19.77731133
51.72399859	8.20158672	19.77731133
51.72799859	8.20158672	19.77731133
51.73199859	8.12100124	19.77731133
51.73599859	8.12100124	19.77731133
51.73999859	8.20158672	19.77731133
51.74399859	8.28186512	23.72970009
51.74799859	8.28186512	19.77731133
51.75199859	8.12100124	19.77731133
51.75599859	8.12100124	19.77731133
51.75999859	8.12100124	19.77731133
51.76399859	8.20158672	19.77731133
51.76799859	8.20158672	19.77731133
51.77199859	8.20158672	19.77731133
51.77599859	8.20158672	23.72970009
51.77999859	8.20158672	19.77731133
51.78399859	8.20158672	19.77731133
51.78799859	8.12100124	19.77731133
51.79199859	8.20158672	19.77731133
51.79599859	8.20158672	19.77731133
51.79999859	8.20158672	19.77731133
51.80399859	8.12100124	19.77731133
51.80799859	8.12100124	19.77731133
51.81199859	8.20158672	15.82492638
51.81599859	8.28186512	23.72970009
51.81999859	8.20158672	23.72970009
51.82399859	8.20158672	19.77731133
51.82799859	8.20158672	15.82492638
51.83199859	8.20158672	19.77731133
51.83599859	8.12100124	19.77731133
51.83999859	8.20158672	19.77731133
51.84399859	8.28186512	19.77731133
51.84799859	8.28186512	23.72970009
51.85199859	8.20158672	19.77731133
51.85599859	8.20158672	23.72970009
51.85999859	8.12100124	11.85715961
51.86399859	8.20158672	23.72970009
51.86799859	8.12100124	23.72970009
51.87199859	8.20158672	19.77731133
51.87599859	8.20158672	19.77731133
51.87999859	8.20158672	23.72970009
51.88399859	8.12100124	19.77731133
51.88799859	8.12100124	19.77731133
51.89199859	8.20158672	19.77731133
51.89599859	8.20158672	19.77731133
51.89999859	8.20158672	19.77731133
51.90399859	8.20158672	19.77731133
51.90799859	8.20158672	19.77731133
51.91199859	8.20158672	19.77731133
51.91599859	8.20158672	15.82492638
51.91999859	8.20158672	19.77731133
51.92399859	8.20158672	19.77731133
51.92799859	8.20158672	19.77731133
51.93199859	8.20158672	19.77731133
51.93599859	8.20158672	19.77731133
51.93999859	8.12100124	19.77731133
51.94399859	8.20158672	19.77731133
51.94799858	8.20158672	15.82492638
51.95199858	8.20158672	23.72970009
51.95599858	8.20158672	19.77731133
51.95999858	8.20158672	19.77731133
51.96399858	8.20158672	15.82492638
51.96799858	8.28186512	19.77731133
51.97199858	8.12100124	15.82492638
51.97599858	8.12100124	19.77731133
51.97999858	8.20158672	19.77731133
51.98399858	8.20158672	19.77731133
51.98799858	8.20158672	19.77731133
51.99199858	8.20158672	15.82492638
51.99599858	8.20158672	19.77731133
51.99999858	8.20158672	19.77731133
52.00399858	8.20158672	19.77731133
52.00799858	8.20158672	23.72970009
52.01199858	8.20158672	19.77731133
52.01599858	8.28186512	19.77731133
52.01999858	8.20158672	19.77731133
52.02399858	8.20158672	23.72970009
52.02799858	8.20158672	19.77731133
52.03199858	8.20158672	23.72970009
52.03599858	8.20158672	19.77731133
52.03999858	8.20158672	19.77731133
52.04399858	8.20158672	19.77731133
52.04799858	8.20158672	23.72970009
52.05199858	8.20158672	15.82492638
52.05599858	8.28186512	19.77731133
52.05999858	8.20158672	15.82492638
52.06399858	8.20158672	19.77731133
52.06799858	8.20158672	19.77731133
52.07199858	8.28186512	23.72970009
52.07599858	8.20158672	19.77731133
52.07999858	8.20158672	19.77731133
52.08399858	8.20158672	15.82492638
52.08799858	8.28186512	23.72970009
52.09199858	8.28186512	23.72970009
52.09599858	8.20158672	23.72970009
52.09999858	8.20158672	15.82492638
52.10399858	8.20158672	19.77731133
52.10799858	8.28186512	19.77731133
52.11199858	8.20158672	19.77731133
52.11599858	8.20158672	19.77731133
52.11999858	8.20158672	23.72970009
52.12399858	8.20158672	19.77731133
52.12799858	8.28186512	19.77731133
52.13199858	8.20158672	19.77731133
52.13599858	8.20158672	19.77731133
52.13999858	8.28186512	23.72970009
52.14399858	8.28186512	23.72970009
52.14799858	8.20158672	19.77731133
52.15199858	8.20158672	15.82492638
52.15599858	8.20158672	15.82492638
52.15999858	8.28186512	19.77731133
52.16399858	8.36214352	19.77731133
52.16799858	8.28186512	23.72970009
52.17199858	8.20158672	19.77731133
52.17599858	8.20158672	19.77731133
52.17999858	8.20158672	19.77731133
52.18399858	8.20158672	19.77731133
52.18799858	8.28186512	19.77731133
52.19199858	8.28186512	19.77731133
52.19599858	8.28186512	19.77731133
52.19999858	8.28186512	19.77731133
52.20399858	8.20158672	19.77731133
52.20799858	8.20158672	19.77731133
52.21199858	8.20158672	19.77731133
52.21599858	8.28186512	19.77731133
52.21999858	8.20158672	19.77731133
52.22399858	8.28186512	19.77731133
52.22799858	8.28186512	15.82492638
52.23199858	8.28186512	19.77731133
52.23599858	8.20158672	19.77731133
52.23999858	8.20158672	19.77731133
52.24399858	8.28186512	19.77731133
52.24799858	8.28186512	19.77731133
52.25199858	8.28186512	19.77731133
52.25599858	8.20158672	23.72970009
52.25999858	8.12100124	19.77731133
52.26399858	8.28186512	19.77731133
52.26799858	8.28186512	19.77731133
52.27199858	8.28186512	23.72970009
52.27599858	8.20158672	19.77731133
52.27999858	8.28186512	23.72970009
52.28399858	8.20158672	19.77731133
52.28799858	8.20158672	19.77731133
52.29199858	8.20158672	15.82492638
52.29599858	8.28186512	23.72970009
52.29999858	8.28186512	19.77731133
52.30399857	8.28186512	23.72970009
52.30799857	8.20158672	15.82492638
52.31199857	8.20158672	19.77731133
52.31599857	8.20158672	15.82492638
52.31999857	8.20158672	23.72970009
52.32399857	8.28186512	19.77731133
52.32799857	8.36214352	19.77731133
52.33199857	8.36214352	19.77731133
52.33599857	8.28186512	23.72970009
52.33999857	8.12100124	15.82492638
52.34399857	8.20158672	19.77731133
52.34799857	8.28186512	19.77731133
52.35199857	8.36214352	23.72970009
52.35599857	8.28186512	19.77731133
52.35999857	8.20158672	19.77731133
52.36399857	8.20158672	15.82492638
52.36799857	8.28186512	19.77731133
52.37199857	8.28186512	19.77731133
52.37599857	8.20158672	23.72970009
52.37999857	8.36214352	15.82492638
52.38399857	8.36214352	19.77731133
52.38799857	8.28186512	19.77731133
52.39199857	8.20158672	19.77731133
52.39599857	8.20158672	15.82492638
52.39999857	8.28186512	23.72970009
52.40399857	8.36214352	19.77731133
52.40799857	8.28186512	23.72970009
52.41199857	8.28186512	19.77731133
52.41599857	8.28186512	15.82492638
52.41999857	8.28186512	19.77731133
52.42399857	8.20158672	19.77731133
52.42799857	8.20158672	15.82492638
52.43199857	8.28186512	19.77731133
52.43599857	8.36214352	19.77731133
52.43999857	8.28186512	23.72970009
52.44399857	8.20158672	19.77731133
52.44799857	8.28186512	15.82492638
52.45199857	8.28186512	15.82492638
52.45599857	8.28186512	23.72970009
52.45999857	8.28186512	15.82492638
52.46399857	8.28186512	23.72970009
52.46799857	8.28186512	19.77731133
52.47199857	8.28186512	19.77731133
52.47599857	8.20158672	15.82492638
52.47999857	8.28186512	19.77731133
52.48399857	8.28186512	19.77731133
52.48799857	8.28186512	23.72970009
52.49199857	8.28186512	19.77731133
52.49599857	8.28186512	19.77731133
52.49999857	8.28186512	15.82492638
52.50399857	8.28186512	19.77731133
52.50799857	8.28186512	19.77731133
52.51199857	8.20158672	19.77731133
52.51599857	8.28186512	19.77731133
52.51999857	8.28186512	19.77731133
52.52399857	8.28186512	15.82492638
52.52799857	8.28186512	19.77731133
52.53199857	8.20158672	19.77731133
52.53599857	8.20158672	19.77731133
52.53999857	8.28186512	15.82492638
52.54399857	8.36214352	19.77731133
52.54799857	8.28186512	19.77731133
52.55199857	8.20158672	19.77731133
52.55599857	8.28186512	23.72970009
52.55999857	8.28186512	19.77731133
52.56399857	8.20158672	15.82492638
52.56799857	8.28186512	19.77731133
52.57199857	8.28186512	15.82492638
52.57599857	8.36214352	19.77731133
52.57999857	8.20158672	19.77731133
52.58399857	8.20158672	19.77731133
52.58799857	8.20158672	19.77731133
52.59199857	8.28186512	19.77731133
52.59599857	8.28186512	19.77731133
52.59999857	8.20158672	23.72970009
52.60399857	8.28186512	19.77731133
52.60799857	8.28186512	19.77731133
52.61199857	8.28186512	19.77731133
52.61599857	8.28186512	19.77731133
52.61999857	8.20158672	19.77731133
52.62399857	8.28186512	23.72970009
52.62799857	8.28186512	19.77731133
52.63199857	8.28186512	23.72970009
52.63599857	8.20158672	15.82492638
52.63999857	8.20158672	19.77731133
52.64399857	8.20158672	19.77731133
52.64799857	8.20158672	23.72970009
52.65199857	8.28186512	15.82492638
52.65599856	8.28186512	19.77731133
52.65999856	8.28186512	19.77731133
52.66399856	8.20158672	19.77731133
52.66799856	8.20158672	19.77731133
52.67199856	8.28186512	19.77731133
52.67599856	8.28186512	19.77731133
52.67999856	8.36214352	19.77731133
52.68399856	8.28186512	19.77731133
52.68799856	8.20158672	19.77731133
52.69199856	8.20158672	19.77731133
52.69599856	8.28186512	19.77731133
52.69999856	8.28186512	15.82492638
52.70399856	8.28186512	19.77731133
52.70799856	8.28186512	19.77731133
52.71199856	8.28186512	23.72970009
52.71599856	8.20158672	19.77731133
52.71999856	8.28186512	23.72970009
52.72399856	8.20158672	15.82492638
52.72799856	8.20158672	19.77731133
52.73199856	8.28186512	15.82492638
52.73599856	8.28186512	23.72970009
52.73999856	8.28186512	19.77731133
52.74399856	8.20158672	19.77731133
52.74799856	8.20158672	15.82492638
52.75199856	8.28186512	19.77731133
52.75599856	8.20158672	19.77731133
52.75999856	8.28186512	19.77731133
52.76399856	8.28186512	19.77731133
52.76799856	8.28186512	23.72970009
52.77199856	8.20158672	15.82492638
52.77599856	8.20158672	19.77731133
52.77999856	8.28186512	19.77731133
52.78399856	8.28186512	19.77731133
52.78799856	8.20158672	19.77731133
52.79199856	8.20158672	19.77731133
52.79599856	8.28186512	19.77731133
52.79999856	8.28186512	23.72970009
52.80399856	8.28186512	19.77731133
52.80799856	8.20158672	23.72970009
52.81199856	8.20158672	19.77731133
52.81599856	8.20158672	23.72970009
52.81999856	8.20158672	15.82492638
52.82399856	8.28186512	23.72970009
52.82799856	8.28186512	19.77731133
52.83199856	8.28186512	23.72970009
52.83599856	8.12100124	19.77731133
52.83999856	8.20158672	19.77731133
52.84399856	8.28186512	15.82492638
52.84799856	8.28186512	23.72970009
52.85199856	8.20158672	19.77731133
52.85599856	8.20158672	19.77731133
52.85999856	8.20158672	19.77731133
52.86399856	8.28186512	19.77731133
52.86799856	8.12100124	15.82492638
52.87199856	8.20158672	15.82492638
52.87599856	8.36214352	19.77731133
52.87999856	8.36214352	23.72970009
52.88399856	8.28186512	15.82492638
52.88799856	8.12100124	15.82492638
52.89199856	8.20158672	19.77731133
52.89599856	8.28186512	19.77731133
52.89999856	8.28186512	19.77731133
52.90399856	8.28186512	19.77731133
52.90799856	8.28186512	19.77731133
52.91199856	8.20158672	19.77731133
52.91599856	8.12100124	15.82492638
52.91999856	8.12100124	19.77731133
52.92399856	8.36214352	19.77731133
52.92799856	8.36214352	23.72970009
52.93199856	8.28186512	19.77731133
52.93599856	8.20158672	23.72970009
52.93999856	8.20158672	15.82492638
52.94399856	8.28186512	19.77731133
52.94799856	8.20158672	23.72970009
52.95199856	8.20158672	19.77731133
52.95599856	8.20158672	19.77731133
52.95999856	8.36214352	19.77731133
52.96399856	8.28186512	15.82492638
52.96799856	8.12100124	19.77731133
52.97199856	8.20158672	19.77731133
52.97599856	8.20158672	19.77731133
52.97999856	8.36214352	19.77731133
52.98399856	8.36214352	19.77731133
52.98799856	8.28186512	19.77731133
52.99199856	8.20158672	19.77731133
52.99599856	8.20158672	19.77731133
52.99999856	8.28186512	19.77731133
53.00399856	8.28186512	15.82492638
53.00799856	8.36214352	19.77731133
53.01199855	8.28186512	19.77731133
53.01599855	8.28186512	19.77731133
53.01999855	8.20158672	15.82492638
53.02399855	8.12100124	15.82492638
53.02799855	8.20158672	15.82492638
53.03199855	8.28186512	19.77731133
53.03599855	8.36214352	19.77731133
53.03999855	8.28186512	23.72970009
53.04399855	8.12100124	19.77731133
53.04799855	8.12100124	15.82492638
53.05199855	8.20158672	19.77731133
53.05599855	8.28186512	23.72970009
53.05999855	8.20158672	19.77731133
53.06399855	8.20158672	23.72970009
53.06799855	8.28186512	19.77731133
53.07199855	8.28186512	19.77731133
53.07599855	8.20158672	15.82492638
53.07999855	8.12100124	19.77731133
53.08399855	8.20158672	15.82492638
53.08799855	8.36214352	23.72970009
53.09199855	8.28186512	19.77731133
53.09599855	8.20158672	19.77731133
53.09999855	8.12100124	19.77731133
53.10399855	8.20158672	19.77731133
53.10799855	8.28186512	19.77731133
53.11199855	8.20158672	19.77731133
53.11599855	8.20158672	15.82492638
53.11999855	8.28186512	19.77731133
53.12399855	8.20158672	23.72970009
53.12799855	8.20158672	23.72970009
53.13199855	8.12100124	19.77731133
53.13599855	8.12100124	19.77731133
53.13999855	8.28186512	15.82492638
53.14399855	8.28186512	19.77731133
53.14799855	8.20158672	19.77731133
53.15199855	8.20158672	19.77731133
53.15599855	8.20158672	19.77731133
53.15999855	8.20158672	23.72970009
53.16399855	8.20158672	19.77731133
53.16799855	8.20158672	19.77731133
53.17199855	8.20158672	19.77731133
53.17599855	8.28186512	19.77731133
53.17999855	8.20158672	19.77731133
53.18399855	8.20158672	23.72970009
53.18799855	8.12100124	15.82492638
53.19199855	8.20158672	19.77731133
53.19599855	8.28186512	15.82492638
53.19999855	8.20158672	23.72970009
53.20399855	8.20158672	15.82492638
53.20799855	8.28186512	19.77731133
53.21199855	8.28186512	19.77731133
53.21599855	8.12100124	19.77731133
53.21999855	8.12100124	15.82492638
53.22399855	8.20158672	19.77731133
53.22799855	8.28186512	23.72970009
53.23199855	8.20158672	19.77731133
53.23599855	8.12100124	15.82492638
53.23999855	8.12100124	19.77731133
53.24399855	8.20158672	15.82492638
53.24799855	8.20158672	23.72970009
53.25199855	8.20158672	19.77731133
53.25599855	8.20158672	19.77731133
53.25999855	8.20158672	19.77731133
53.26399855	8.20158672	23.72970009
53.26799855	8.12100124	15.82492638
53.27199855	8.12100124	15.82492638
53.27599855	8.20158672	19.77731133
53.27999855	8.20158672	23.72970009
53.28399855	8.12100124	19.77731133
53.28799855	8.12100124	19.77731133
53.29199855	8.28186512	19.77731133
53.29599855	8.20158672	23.72970009
53.29999855	8.12100124	19.77731133
53.30399855	8.20158672	19.77731133
53.30799855	8.20158672	19.77731133
53.31199855	8.28186512	19.77731133
53.31599855	8.20158672	19.77731133
53.31999855	8.12100124	19.77731133
53.32399855	8.20158672	19.77731133
53.32799855	8.20158672	15.82492638
53.33199855	8.20158672	19.77731133
53.33599855	8.12100124	19.77731133
53.33999855	8.20158672	15.82492638
53.34399855	8.20158672	19.77731133
53.34799855	8.20158672	19.77731133
53.35199855	8.20158672	19.77731133
53.35599855	8.20158672	19.77731133
53.35999855	8.20158672	23.72970009
53.36399854	8.28186512	19.77731133
53.36799854	8.20158672	23.72970009
53.37199854	8.28186512	19.77731133
53.37599854	8.20158672	19.77731133
53.37999854	8.28186512	19.77731133
53.38399854	8.20158672	19.77731133
53.38799854	8.20158672	19.77731133
53.39199854	8.20158672	23.72970009
53.39599854	8.28186512	19.77731133
53.39999854	8.28186512	23.72970009
53.40399854	8.20158672	19.77731133
53.40799854	8.12100124	19.77731133
53.41199854	8.20158672	19.77731133
53.41599854	8.28186512	19.77731133
53.41999854	8.28186512	19.77731133
53.42399854	8.28186512	19.77731133
53.42799854	8.28186512	15.82492638
53.43199854	8.20158672	19.77731133
53.43599854	8.20158672	19.77731133
53.43999854	8.20158672	19.77731133
53.44399854	8.28186512	19.77731133
53.44799854	8.28186512	23.72970009
53.45199854	8.28186512	19.77731133
53.45599854	8.20158672	19.77731133
53.45999854	8.20158672	19.77731133
53.46399854	8.28186512	19.77731133
53.46799854	8.20158672	19.77731133
53.47199854	8.20158672	19.77731133
53.47599854	8.28186512	19.77731133
53.47999854	8.36214352	19.77731133
53.48399854	8.28186512	19.77731133
53.48799854	8.20158672	15.82492638
53.49199854	8.20158672	19.77731133
53.49599854	8.28186512	19.77731133
53.49999854	8.36214352	19.77731133
53.50399854	8.28186512	23.72970009
53.50799854	8.20158672	19.77731133
53.51199854	8.20158672	19.77731133
53.51599854	8.28186512	19.77731133
53.51999854	8.28186512	23.72970009
53.52399854	8.28186512	15.82492638
53.52799854	8.36214352	19.77731133
53.53199854	8.28186512	19.77731133
53.53599854	8.20158672	23.72970009
53.53999854	8.12100124	15.82492638
53.54399854	8.20158672	15.82492638
53.54799854	8.36214352	19.77731133
53.55199854	8.28186512	23.72970009
53.55599854	8.28186512	19.77731133
53.55999854	8.28186512	19.77731133
53.56399854	8.20158672	19.77731133
53.56799854	8.20158672	19.77731133
53.57199854	8.20158672	15.82492638
53.57599854	8.28186512	19.77731133
53.57999854	8.28186512	15.82492638
53.58399854	8.36214352	23.72970009
53.58799854	8.28186512	19.77731133
53.59199854	8.20158672	23.72970009
53.59599854	8.20158672	15.82492638
53.59999854	8.20158672	19.77731133
53.60399854	8.28186512	19.77731133
53.60799854	8.28186512	23.72970009
53.61199854	8.28186512	19.77731133
53.61599854	8.20158672	19.77731133
53.61999854	8.20158672	19.77731133
53.62399854	8.28186512	19.77731133
53.62799854	8.28186512	19.77731133
53.63199854	8.28186512	19.77731133
53.63599854	8.20158672	19.77731133
53.63999854	8.28186512	23.72970009
53.64399854	8.20158672	19.77731133
53.64799854	8.28186512	15.82492638
53.65199854	8.28186512	19.77731133
53.65599854	8.28186512	19.77731133
53.65999854	8.20158672	19.77731133
53.66399854	8.20158672	23.72970009
53.66799854	8.20158672	19.77731133
53.67199854	8.28186512	19.77731133
53.67599854	8.28186512	15.82492638
53.67999854	8.28186512	23.72970009
53.68399854	8.20158672	19.77731133
53.68799854	8.20158672	19.77731133
53.69199854	8.20158672	19.77731133
53.69599854	8.20158672	19.77731133
53.69999854	8.20158672	19.77731133
53.70399854	8.28186512	19.77731133
53.70799854	8.36214352	19.77731133
53.71199854	8.28186512	23.72970009
53.71599853	8.12100124	19.77731133
53.71999853	8.12100124	15.82492638
53.72399853	8.28186512	15.82492638
53.72799853	8.36214352	23.72970009
53.73199853	8.28186512	19.77731133
53.73599853	8.20158672	19.77731133
53.73999853	8.20158672	15.82492638
53.74399853	8.28186512	19.77731133
53.74799853	8.20158672	15.82492638
53.75199853	8.20158672	19.77731133
53.75599853	8.28186512	19.77731133
53.75999853	8.36214352	19.77731133
53.76399853	8.20158672	19.77731133
53.76799853	8.20158672	19.77731133
53.77199853	8.20158672	19.77731133
53.77599853	8.28186512	19.77731133
53.77999853	8.28186512	19.77731133
53.78399853	8.20158672	23.72970009
53.78799853	8.20158672	19.77731133
53.79199853	8.28186512	19.77731133
53.79599853	8.28186512	15.82492638
53.79999853	8.20158672	19.77731133
53.80399853	8.20158672	15.82492638
53.80799853	8.20158672	19.77731133
53.81199853	8.28186512	15.82492638
53.81599853	8.20158672	23.72970009
53.81999853	8.20158672	15.82492638
53.82399853	8.20158672	19.77731133
53.82799853	8.28186512	19.77731133
53.83199853	8.20158672	19.77731133
53.83599853	8.20158672	15.82492638
53.83999853	8.28186512	19.77731133
53.84399853	8.28186512	19.77731133
53.84799853	8.28186512	19.77731133
53.85199853	8.20158672	19.77731133
53.85599853	8.28186512	23.72970009
53.85999853	8.28186512	19.77731133
53.86399853	8.28186512	19.77731133
53.86799853	8.28186512	19.77731133
53.87199853	8.28186512	23.72970009
53.87599853	8.36214352	19.77731133
53.87999853	8.28186512	23.72970009
53.88399853	8.20158672	15.82492638
53.88799853	8.20158672	19.77731133
53.89199853	8.28186512	15.82492638
53.89599853	8.36214352	19.77731133
53.89999853	8.36214352	23.72970009
53.90399853	8.28186512	19.77731133
53.90799853	8.20158672	19.77731133
53.91199853	8.20158672	19.77731133
53.91599853	8.28186512	15.82492638
53.91999853	8.28186512	19.77731133
53.92399853	8.28186512	15.82492638
53.92799853	8.28186512	19.77731133
53.93199853	8.28186512	19.77731133
53.93599853	8.28186512	19.77731133
53.93999853	8.20158672	15.82492638
53.94399853	8.20158672	19.77731133
53.94799853	8.20158672	15.82492638
53.95199853	8.28186512	19.77731133
53.95599853	8.36214352	23.72970009
53.95999853	8.28186512	19.77731133
53.96399853	8.20158672	15.82492638
53.96799853	8.20158672	19.77731133
53.97199853	8.28186512	15.82492638
53.97599853	8.36214352	23.72970009
53.97999853	8.28186512	19.77731133
53.98399853	8.28186512	19.77731133
53.98799853	8.20158672	15.82492638
53.99199853	8.20158672	19.77731133
53.99599853	8.20158672	15.82492638
53.99999853	8.28186512	19.77731133
54.00399853	8.20158672	19.77731133
54.00799853	8.36214352	23.72970009
54.01199853	8.20158672	19.77731133
54.01599853	8.20158672	19.77731133
54.01999853	8.28186512	15.82492638
54.02399853	8.28186512	19.77731133
54.02799853	8.28186512	15.82492638
54.03199853	8.20158672	19.77731133
54.03599853	8.28186512	19.77731133
54.03999853	8.28186512	19.77731133
54.04399853	8.20158672	19.77731133
54.04799853	8.20158672	19.77731133
54.05199853	8.20158672	19.77731133
54.05599853	8.28186512	19.77731133
54.05999853	8.28186512	19.77731133
54.06399853	8.28186512	23.72970009
54.06799853	8.20158672	15.82492638
54.07199852	8.20158672	19.77731133
54.07599852	8.28186512	19.77731133
54.07999852	8.28186512	19.77731133
54.08399852	8.28186512	19.77731133
54.08799852	8.28186512	19.77731133
54.09199852	8.20158672	19.77731133
54.09599852	8.20158672	23.72970009
54.09999852	8.12100124	15.82492638
54.10399852	8.28186512	19.77731133
54.10799852	8.36214352	19.77731133
54.11199852	8.28186512	23.72970009
54.11599852	8.20158672	19.77731133
54.11999852	8.20158672	19.77731133
54.12399852	8.28186512	19.77731133
54.12799852	8.28186512	19.77731133
54.13199852	8.28186512	19.77731133
54.13599852	8.20158672	23.72970009
54.13999852	8.20158672	19.77731133
54.14399852	8.28186512	19.77731133
54.14799852	8.20158672	19.77731133
54.15199852	8.20158672	15.82492638
54.15599852	8.28186512	19.77731133
54.15999852	8.28186512	23.72970009
54.16399852	8.20158672	19.77731133
54.16799852	8.20158672	19.77731133
54.17199852	8.28186512	15.82492638
54.17599852	8.28186512	23.72970009
54.17999852	8.28186512	19.77731133
54.18399852	8.28186512	23.72970009
54.18799852	8.28186512	19.77731133
54.19199852	8.28186512	15.82492638
54.19599852	8.28186512	19.77731133
54.19999852	8.20158672	19.77731133
54.20399852	8.20158672	19.77731133
54.20799852	8.28186512	19.77731133
54.21199852	8.28186512	15.82492638
54.21599852	8.28186512	19.77731133
54.21999852	8.28186512	19.77731133
54.22399852	8.20158672	23.72970009
54.22799852	8.20158672	19.77731133
54.23199852	8.20158672	19.77731133
54.23599852	8.20158672	19.77731133
54.23999852	8.28186512	19.77731133
54.24399852	8.28186512	19.77731133
54.24799852	8.36214352	19.77731133
54.25199852	8.28186512	19.77731133
54.25599852	8.20158672	19.77731133
54.25999852	8.20158672	15.82492638
54.26399852	8.28186512	19.77731133
54.26799852	8.36214352	19.77731133
54.27199852	8.28186512	19.77731133
54.27599852	8.20158672	19.77731133
54.27999852	8.20158672	15.82492638
54.28399852	8.28186512	19.77731133
54.28799852	8.28186512	19.77731133
54.29199852	8.28186512	19.77731133
54.29599852	8.28186512	19.77731133
54.29999852	8.28186512	19.77731133
54.30399852	8.28186512	19.77731133
54.30799852	8.20158672	15.82492638
54.31199852	8.20158672	19.77731133
54.31599852	8.28186512	19.77731133
54.31999852	8.36214352	23.72970009
54.32399852	8.36214352	19.77731133
54.32799852	8.28186512	19.77731133
54.33199852	8.20158672	19.77731133
54.33599852	8.20158672	19.77731133
54.33999852	8.28186512	19.77731133
54.34399852	8.28186512	19.77731133
54.34799852	8.28186512	19.77731133
54.35199852	8.28186512	23.72970009
54.35599852	8.20158672	19.77731133
54.35999852	8.20158672	19.77731133
54.36399852	8.28186512	19.77731133
54.36799852	8.28186512	19.77731133
54.37199852	8.28186512	15.82492638
54.37599852	8.28186512	19.77731133
54.37999852	8.28186512	19.77731133
54.38399852	8.28186512	23.72970009
54.38799852	8.28186512	19.77731133
54.39199852	8.20158672	19.77731133
54.39599852	8.20158672	15.82492638
54.39999852	8.36214352	23.72970009
54.40399852	8.36214352	19.77731133
54.40799852	8.28186512	23.72970009
54.41199852	8.28186512	19.77731133
54.41599852	8.28186512	19.77731133
54.41999852	8.28186512	19.77731133
54.42399851	8.28186512	19.77731133
54.42799851	8.28186512	19.77731133
54.43199851	8.28186512	19.77731133
54.43599851	8.36214352	19.77731133
54.43999851	8.28186512	23.72970009
54.44399851	8.20158672	19.77731133
54.44799851	8.20158672	19.77731133
54.45199851	8.28186512	15.82492638
54.45599851	8.36214352	19.77731133
54.45999851	8.28186512	15.82492638
54.46399851	8.20158672	19.77731133
54.46799851	8.20158672	15.82492638
54.47199851	8.36214352	19.77731133
54.47599851	8.36214352	19.77731133
54.47999851	8.28186512	23.72970009
54.48399851	8.20158672	19.77731133
54.48799851	8.28186512	19.77731133
54.49199851	8.36214352	19.77731133
54.49599851	8.28186512	19.77731133
54.49999851	8.28186512	19.77731133
54.50399851	8.28186512	19.77731133
54.50799851	8.20158672	19.77731133
54.51199851	8.28186512	23.72970009
54.51599851	8.20158672	19.77731133
54.51999851	8.28186512	19.77731133
54.52399851	8.28186512	19.77731133
54.52799851	8.28186512	23.72970009
54.53199851	8.28186512	19.77731133
54.53599851	8.20158672	19.77731133
54.53999851	8.28186512	19.77731133
54.54399851	8.28186512	19.77731133
54.54799851	8.28186512	19.77731133
54.55199851	8.28186512	19.77731133
54.55599851	8.28186512	19.77731133
54.55999851	8.28186512	19.77731133
54.56399851	8.20158672	15.82492638
54.56799851	8.28186512	19.77731133
54.57199851	8.28186512	15.82492638
54.57599851	8.28186512	23.72970009
54.57999851	8.20158672	19.77731133
54.58399851	8.20158672	23.72970009
54.58799851	8.20158672	19.77731133
54.59199851	8.28186512	19.77731133
54.59599851	8.28186512	19.77731133
54.59999851	8.28186512	19.77731133
54.60399851	8.20158672	23.72970009
54.60799851	8.20158672	19.77731133
54.61199851	8.20158672	15.82492638
54.61599851	8.28186512	19.77731133
54.61999851	8.28186512	19.77731133
54.62399851	8.28186512	19.77731133
54.62799851	8.20158672	19.77731133
54.63199851	8.20158672	19.77731133
54.63599851	8.20158672	19.77731133
54.63999851	8.28186512	19.77731133
54.64399851	8.28186512	19.77731133
54.64799851	8.28186512	19.77731133
54.65199851	8.20158672	19.77731133
54.65599851	8.20158672	19.77731133
54.65999851	8.28186512	19.77731133
54.66399851	8.28186512	19.77731133
54.66799851	8.28186512	19.77731133
54.67199851	8.20158672	23.72970009
54.67599851	8.20158672	15.82492638
54.67999851	8.28186512	19.77731133
54.68399851	8.28186512	15.82492638
54.68799851	8.28186512	19.77731133
54.69199851	8.20158672	19.77731133
54.69599851	8.20158672	19.77731133
54.69999851	8.20158672	19.77731133
54.70399851	8.28186512	19.77731133
54.70799851	8.20158672	15.82492638
54.71199851	8.28186512	19.77731133
54.71599851	8.28186512	19.77731133
54.71999851	8.20158672	27.69746399
54.72399851	8.20158672	19.77731133
54.72799851	8.20158672	19.77731133
54.73199851	8.28186512	19.77731133
54.73599851	8.28186512	19.77731133
54.73999851	8.20158672	15.82492638
54.74399851	8.20158672	19.77731133
54.74799851	8.28186512	19.77731133
54.75199851	8.20158672	19.77731133
54.75599851	8.28186512	19.77731133
54.75999851	8.28186512	19.77731133
54.76399851	8.28186512	19.77731133
54.76799851	8.20158672	19.77731133
54.77199851	8.20158672	19.77731133
54.77599851	8.20158672	15.82492638
54.77999850	8.28186512	19.77731133
54.78399850	8.28186512	19.77731133
54.78799850	8.28186512	19.77731133
54.79199850	8.20158672	23.72970009
54.79599850	8.20158672	15.82492638
54.79999850	8.28186512	19.77731133
54.80399850	8.28186512	19.77731133
54.80799850	8.20158672	19.77731133
54.81199850	8.20158672	23.72970009
54.81599850	8.28186512	19.77731133
54.81999850	8.36214352	15.82492638
54.82399850	8.28186512	19.77731133
54.82799850	8.12100124	15.82492638
54.83199850	8.20158672	23.72970009
54.83599850	8.28186512	19.77731133
54.83999850	8.36214352	19.77731133
54.84399850	8.20158672	19.77731133
54.84799850	8.20158672	15.82492638
54.85199850	8.28186512	19.77731133
54.85599850	8.28186512	23.72970009
54.85999850	8.20158672	19.77731133
54.86399850	8.20158672	19.77731133
54.86799850	8.28186512	19.77731133
54.87199850	8.28186512	19.77731133
54.87599850	8.28186512	19.77731133
54.87999850	8.28186512	19.77731133
54.88399850	8.20158672	19.77731133
54.88799850	8.28186512	19.77731133
54.89199850	8.36214352	15.82492638
54.89599850	8.28186512	23.72970009
54.89999850	8.20158672	19.77731133
54.90399850	8.20158672	19.77731133
54.90799850	8.28186512	19.77731133
54.91199850	8.28186512	23.72970009
54.91599850	8.28186512	19.77731133
54.91999850	8.20158672	19.77731133
54.92399850	8.28186512	19.77731133
54.92799850	8.28186512	19.77731133
54.93199850	8.20158672	15.82492638
54.93599850	8.20158672	15.82492638
54.93999850	8.28186512	19.77731133
54.94399850	8.28186512	23.72970009
54.94799850	8.28186512	19.77731133
54.95199850	8.28186512	19.77731133
54.95599850	8.28186512	19.77731133
54.95999850	8.28186512	19.77731133
54.96399850	8.28186512	19.77731133
54.96799850	8.20158672	19.77731133
54.97199850	8.28186512	15.82492638
54.97599850	8.28186512	19.77731133
54.97999850	8.28186512	19.77731133
54.98399850	8.20158672	19.77731133
54.98799850	8.20158672	19.77731133
54.99199850	8.20158672	23.72970009
54.99599850	8.20158672	19.77731133
54.99999850	8.28186512	19.77731133
55.00399850	8.28186512	23.72970009
55.00799850	8.28186512	23.72970009
55.01199850	8.20158672	19.77731133
55.01599850	8.28186512	19.77731133
55.01999850	8.28186512	19.77731133
55.02399850	8.28186512	19.77731133
55.02799850	8.28186512	19.77731133
55.03199850	8.20158672	19.77731133
55.03599850	8.28186512	19.77731133
55.03999850	8.28186512	19.77731133
55.04399850	8.28186512	15.82492638
55.04799850	8.20158672	19.77731133
55.05199850	8.20158672	19.77731133
55.05599850	8.28186512	19.77731133
55.05999850	8.36214352	15.82492638
55.06399850	8.28186512	23.72970009
55.06799850	8.28186512	19.77731133
55.07199850	8.28186512	23.72970009
55.07599850	8.20158672	19.77731133
55.07999850	8.20158672	19.77731133
55.08399850	8.28186512	19.77731133
55.08799850	8.36214352	19.77731133
55.09199850	8.36214352	19.77731133
55.09599850	8.28186512	23.72970009
55.09999850	8.20158672	19.77731133
55.10399850	8.28186512	19.77731133
55.10799850	8.28186512	19.77731133
55.11199850	8.28186512	19.77731133
55.11599850	8.28186512	19.77731133
55.11999850	8.20158672	19.77731133
55.12399850	8.28186512	19.77731133
55.12799850	8.28186512	19.77731133
55.13199849	8.20158672	15.82492638
55.13599849	8.28186512	19.77731133
55.13999849	8.28186512	19.77731133
55.14399849	8.28186512	23.72970009
55.14799849	8.28186512	19.77731133
55.15199849	8.28186512	19.77731133
55.15599849	8.20158672	15.82492638
55.15999849	8.20158672	19.77731133
55.16399849	8.28186512	19.77731133
55.16799849	8.28186512	19.77731133
55.17199849	8.28186512	19.77731133
55.17599849	8.28186512	19.77731133
55.17999849	8.36214352	19.77731133
55.18399849	8.28186512	23.72970009
55.18799849	8.20158672	19.77731133
55.19199849	8.28186512	19.77731133
55.19599849	8.36214352	19.77731133
55.19999849	8.36214352	27.69746399
55.20399849	8.20158672	19.77731133
55.20799849	8.20158672	19.77731133
55.21199849	8.20158672	19.77731133
55.21599849	8.28186512	23.72970009
55.21999849	8.28186512	19.77731133
55.22399849	8.20158672	19.77731133
55.22799849	8.36214352	19.77731133
55.23199849	8.36214352	23.72970009
55.23599849	8.28186512	19.77731133
55.23999849	8.20158672	19.77731133
55.24399849	8.28186512	19.77731133
55.24799849	8.28186512	19.77731133
55.25199849	8.28186512	19.77731133
55.25599849	8.28186512	19.77731133
55.25999849	8.36214352	19.77731133
55.26399849	8.28186512	19.77731133
55.26799849	8.28186512	19.77731133
55.27199849	8.20158672	19.77731133
55.27599849	8.36214352	19.77731133
55.27999849	8.36214352	23.72970009
55.28399849	8.36214352	19.77731133
55.28799849	8.28186512	19.77731133
55.29199849	8.28186512	15.82492638
55.29599849	8.28186512	19.77731133
55.29999849	8.28186512	19.77731133
55.30399849	8.28186512	19.77731133
55.30799849	8.28186512	19.77731133
55.31199849	8.36214352	23.72970009
55.31599849	8.36214352	19.77731133
55.31999849	8.20158672	23.72970009
55.32399849	8.28186512	15.82492638
55.32799849	8.28186512	19.77731133
55.33199849	8.36214352	19.77731133
55.33599849	8.36214352	23.72970009
55.33999849	8.28186512	19.77731133
55.34399849	8.28186512	23.72970009
55.34799849	8.28186512	19.77731133
55.35199849	8.28186512	19.77731133
55.35599849	8.36214352	19.77731133
55.35999849	8.36214352	19.77731133
55.36399849	8.36214352	19.77731133
55.36799849	8.28186512	19.77731133
55.37199849	8.28186512	15.82492638
55.37599849	8.28186512	19.77731133
55.37999849	8.28186512	19.77731133
55.38399849	8.28186512	23.72970009
55.38799849	8.36214352	19.77731133
55.39199849	8.36214352	19.77731133
55.39599849	8.28186512	15.82492638
55.39999849	8.28186512	19.77731133
55.40399849	8.28186512	19.77731133
55.40799849	8.36214352	19.77731133
55.41199849	8.36214352	19.77731133
55.41599849	8.36214352	23.72970009
55.41999849	8.28186512	15.82492638
55.42399849	8.28186512	19.77731133
55.42799849	8.28186512	15.82492638
55.43199849	8.28186512	19.77731133
55.43599849	8.36214352	19.77731133
55.43999849	8.28186512	23.72970009
55.44399849	8.36214352	15.82492638
55.44799849	8.36214352	19.77731133
55.45199849	8.36214352	15.82492638
55.45599849	8.28186512	23.72970009
55.45999849	8.28186512	19.77731133
55.46399849	8.28186512	19.77731133
55.46799849	8.28186512	19.77731133
55.47199849	8.36214352	19.77731133
55.47599849	8.36214352	19.77731133
55.47999849	8.28186512	19.77731133
55.48399848	8.28186512	19.77731133
55.48799848	8.28186512	19.77731133
55.49199848	8.20158672	19.77731133
55.49599848	8.28186512	15.82492638
55.49999848	8.36214352	15.82492638
55.50399848	8.36214352	19.77731133
55.50799848	8.28186512	23.72970009
55.51199848	8.20158672	19.77731133
55.51599848	8.28186512	19.77731133
55.51999848	8.36214352	19.77731133
55.52399848	8.36214352	19.77731133
55.52799848	8.28186512	19.77731133
55.53199848	8.28186512	19.77731133
55.53599848	8.28186512	23.72970009
55.53999848	8.20158672	19.77731133
55.54399848	8.28186512	19.77731133
55.54799848	8.28186512	19.77731133
55.55199848	8.36214352	23.72970009
55.55599848	8.36214352	23.72970009
55.55999848	8.28186512	23.72970009
55.56399848	8.20158672	19.77731133
55.56799848	8.20158672	23.72970009
55.57199848	8.28186512	19.77731133
55.57599848	8.36214352	23.72970009
55.57999848	8.28186512	19.77731133
55.58399848	8.28186512	23.72970009
55.58799848	8.28186512	19.77731133
55.59199848	8.28186512	19.77731133
55.59599848	8.20158672	19.77731133
55.59999848	8.28186512	19.77731133
55.60399848	8.28186512	19.77731133
55.60799848	8.36214352	23.72970009
55.61199848	8.28186512	19.77731133
55.61599848	8.28186512	19.77731133
55.61999848	8.20158672	19.77731133
55.62399848	8.20158672	19.77731133
55.62799848	8.28186512	19.77731133
55.63199848	8.28186512	19.77731133
55.63599848	8.28186512	19.77731133
55.63999848	8.28186512	19.77731133
55.64399848	8.28186512	15.82492638
55.64799848	8.20158672	19.77731133
55.65199848	8.20158672	19.77731133
55.65599848	8.20158672	19.77731133
55.65999848	8.28186512	19.77731133
55.66399848	8.36214352	23.72970009
55.66799848	8.28186512	19.77731133
55.67199848	8.20158672	19.77731133
55.67599848	8.20158672	19.77731133
55.67999848	8.28186512	19.77731133
55.68399848	8.28186512	19.77731133
55.68799848	8.28186512	19.77731133
55.69199848	8.28186512	19.77731133
55.69599848	8.28186512	19.77731133
55.69999848	8.28186512	19.77731133
55.70399848	8.28186512	19.77731133
55.70799848	8.20158672	19.77731133
55.71199848	8.28186512	19.77731133
55.71599848	8.28186512	19.77731133
55.71999848	8.36214352	23.72970009
55.72399848	8.28186512	19.77731133
55.72799848	8.28186512	19.77731133
55.73199848	8.20158672	15.82492638
55.73599848	8.28186512	23.72970009
55.73999848	8.28186512	15.82492638
55.74399848	8.28186512	19.77731133
55.74799848	8.28186512	15.82492638
55.75199848	8.28186512	23.72970009
55.75599848	8.28186512	19.77731133
55.75999848	8.20158672	23.72970009
55.76399848	8.20158672	15.82492638
55.76799848	8.28186512	19.77731133
55.77199848	8.28186512	19.77731133
55.77599848	8.28186512	23.72970009
55.77999848	8.20158672	19.77731133
55.78399848	8.28186512	23.72970009
55.78799848	8.20158672	19.77731133
55.79199848	8.28186512	19.77731133
55.79599848	8.20158672	19.77731133
55.79999848	8.28186512	23.72970009
55.80399848	8.28186512	19.77731133
55.80799848	8.28186512	23.72970009
55.81199848	8.20158672	15.82492638
55.81599848	8.28186512	19.77731133
55.81999848	8.28186512	19.77731133
55.82399848	8.28186512	23.72970009
55.82799848	8.20158672	15.82492638
55.83199848	8.20158672	19.77731133
55.83599848	8.28186512	19.77731133
55.83999847	8.28186512	23.72970009
55.84399847	8.20158672	19.77731133
55.84799847	8.20158672	19.77731133
55.85199847	8.28186512	15.82492638
55.85599847	8.28186512	19.77731133
55.85999847	8.20158672	19.77731133
55.86399847	8.20158672	19.77731133
55.86799847	8.20158672	15.82492638
55.87199847	8.28186512	23.72970009
55.87599847	8.28186512	19.77731133
55.87999847	8.20158672	19.77731133
55.88399847	8.20158672	19.77731133
55.88799847	8.28186512	19.77731133
55.89199847	8.28186512	19.77731133
55.89599847	8.20158672	23.72970009
55.89999847	8.20158672	19.77731133
55.90399847	8.28186512	23.72970009
55.90799847	8.28186512	15.82492638
55.91199847	8.28186512	23.72970009
55.91599847	8.20158672	19.77731133
55.91999847	8.28186512	19.77731133
55.92399847	8.36214352	19.77731133
55.92799847	8.28186512	23.72970009
55.93199847	8.20158672	19.77731133
55.93599847	8.28186512	19.77731133
55.93999847	8.36214352	19.77731133
55.94399847	8.28186512	23.72970009
55.94799847	8.20158672	19.77731133
55.95199847	8.20158672	19.77731133
55.95599847	8.28186512	15.82492638
55.95999847	8.28186512	19.77731133
55.96399847	8.28186512	19.77731133
55.96799847	8.28186512	19.77731133
55.97199847	8.36214352	19.77731133
55.97599847	8.28186512	23.72970009
55.97999847	8.20158672	19.77731133
55.98399847	8.28186512	19.77731133
55.98799847	8.28186512	23.72970009
55.99199847	8.36214352	23.72970009
55.99599847	8.20158672	23.72970009
55.99999847	8.20158672	23.72970009
56.00399847	8.28186512	19.77731133
56.00799847	8.28186512	19.77731133
56.01199847	8.28186512	19.77731133
56.01599847	8.28186512	23.72970009
56.01999847	8.28186512	19.77731133
56.02399847	8.28186512	23.72970009
56.02799847	8.28186512	19.77731133
56.03199847	8.20158672	19.77731133
56.03599847	8.20158672	15.82492638
56.03999847	8.28186512	19.77731133
56.04399847	8.36214352	19.77731133
56.04799847	8.20158672	23.72970009
56.05199847	8.20158672	15.82492638
56.05599847	8.28186512	19.77731133
56.05999847	8.36214352	19.77731133
56.06399847	8.28186512	23.72970009
56.06799847	8.20158672	19.77731133
56.07199847	8.20158672	19.77731133
56.07599847	8.36214352	19.77731133
56.07999847	8.36214352	19.77731133
56.08399847	8.28186512	19.77731133
56.08799847	8.20158672	23.72970009
56.09199847	8.20158672	23.72970009
56.09599847	8.28186512	23.72970009
56.09999847	8.28186512	19.77731133
56.10399847	8.28186512	19.77731133
56.10799847	8.28186512	19.77731133
56.11199847	8.28186512	23.72970009
56.11599847	8.28186512	19.77731133
56.11999847	8.20158672	19.77731133
56.12399847	8.20158672	15.82492638
56.12799847	8.28186512	23.72970009
56.13199847	8.28186512	19.77731133
56.13599847	8.28186512	19.77731133
56.13999847	8.20158672	19.77731133
56.14399847	8.28186512	19.77731133
56.14799847	8.28186512	15.82492638
56.15199847	8.28186512	23.72970009
56.15599847	8.20158672	19.77731133
56.15999847	8.28186512	23.72970009
56.16399847	8.36214352	19.77731133
56.16799847	8.28186512	19.77731133
56.17199847	8.28186512	19.77731133
56.17599847	8.20158672	19.77731133
56.17999847	8.28186512	19.77731133
56.18399847	8.28186512	19.77731133
56.18799847	8.28186512	15.82492638
56.19199846	8.28186512	19.77731133
56.19599846	8.28186512	19.77731133
56.19999846	8.28186512	19.77731133
56.20399846	8.28186512	19.77731133
56.20799846	8.28186512	23.72970009
56.21199846	8.28186512	15.82492638
56.21599846	8.28186512	19.77731133
56.21999846	8.28186512	23.72970009
56.22399846	8.28186512	19.77731133
56.22799846	8.28186512	15.82492638
56.23199846	8.20158672	23.72970009
56.23599846	8.20158672	19.77731133
56.23999846	8.28186512	23.72970009
56.24399846	8.28186512	19.77731133
56.24799846	8.28186512	19.77731133
56.25199846	8.20158672	19.77731133
56.25599846	8.28186512	19.77731133
56.25999846	8.28186512	19.77731133
56.26399846	8.28186512	23.72970009
56.26799846	8.20158672	23.72970009
56.27199846	8.28186512	19.77731133
56.27599846	8.28186512	19.77731133
56.27999846	8.28186512	23.72970009
56.28399846	8.20158672	19.77731133
56.28799846	8.20158672	19.77731133
56.29199846	8.28186512	15.82492638
56.29599846	8.28186512	19.77731133
56.29999846	8.20158672	15.82492638
56.30399846	8.20158672	19.77731133
56.30799846	8.28186512	15.82492638
56.31199846	8.28186512	23.72970009
56.31599846	8.28186512	19.77731133
56.31999846	8.20158672	23.72970009
56.32399846	8.28186512	19.77731133
56.32799846	8.36214352	19.77731133
56.33199846	8.28186512	19.77731133
56.33599846	8.28186512	19.77731133
56.33999846	8.20158672	19.77731133
56.34399846	8.28186512	19.77731133
56.34799846	8.28186512	15.82492638
56.35199846	8.28186512	23.72970009
56.35599846	8.28186512	15.82492638
56.35999846	8.28186512	23.72970009
56.36399846	8.28186512	23.72970009
56.36799846	8.28186512	27.69746399
56.37199846	8.28186512	15.82492638
56.37599846	8.28186512	19.77731133
56.37999846	8.28186512	23.72970009
56.38399846	8.28186512	23.72970009
56.38799846	8.20158672	15.82492638
56.39199846	8.20158672	19.77731133
56.39599846	8.28186512	15.82492638
56.39999846	8.36214352	23.72970009
56.40399846	8.20158672	19.77731133
56.40799846	8.20158672	19.77731133
56.41199846	8.28186512	19.77731133
56.41599846	8.36214352	23.72970009
56.41999846	8.28186512	19.77731133
56.42399846	8.20158672	19.77731133
56.42799846	8.28186512	15.82492638
56.43199846	8.28186512	19.77731133
56.43599846	8.28186512	19.77731133
56.43999846	8.20158672	23.72970009
56.44399846	8.28186512	19.77731133
56.44799846	8.28186512	23.72970009
56.45199846	8.28186512	19.77731133
56.45599846	8.20158672	19.77731133
56.45999846	8.20158672	15.82492638
56.46399846	8.28186512	19.77731133
56.46799846	8.36214352	19.77731133
56.47199846	8.28186512	23.72970009
56.47599846	8.20158672	19.77731133
56.47999846	8.28186512	23.72970009
56.48399846	8.28186512	19.77731133
56.48799846	8.28186512	23.72970009
56.49199846	8.28186512	19.77731133
56.49599846	8.28186512	19.77731133
56.49999846	8.28186512	19.77731133
56.50399846	8.28186512	19.77731133
56.50799846	8.28186512	19.77731133
56.51199846	8.20158672	19.77731133
56.51599846	8.28186512	19.77731133
56.51999846	8.28186512	23.72970009
56.52399846	8.28186512	19.77731133
56.52799846	8.28186512	19.77731133
56.53199846	8.28186512	19.77731133
56.53599846	8.28186512	23.72970009
56.53999846	8.28186512	15.82492638
56.54399846	8.20158672	19.77731133
56.54799845	8.28186512	19.77731133
56.55199845	8.36214352	19.77731133
56.55599845	8.28186512	23.72970009
56.55999845	8.28186512	23.72970009
56.56399845	8.20158672	19.77731133
56.56799845	8.28186512	19.77731133
56.57199845	8.28186512	19.77731133
56.57599845	8.20158672	23.72970009
56.57999845	8.28186512	19.77731133
56.58399845	8.28186512	19.77731133
56.58799845	8.36214352	23.72970009
56.59199845	8.20158672	23.72970009
56.59599845	8.20158672	19.77731133
56.59999845	8.20158672	23.72970009
56.60399845	8.28186512	19.77731133
56.60799845	8.36214352	23.72970009
56.61199845	8.20158672	23.72970009
56.61599845	8.28186512	23.72970009
56.61999845	8.20158672	19.77731133
56.62399845	8.28186512	19.77731133
56.62799845	8.28186512	23.72970009
56.63199845	8.28186512	23.72970009
56.63599845	8.28186512	19.77731133
56.63999845	8.28186512	19.77731133
56.64399845	8.28186512	19.77731133
56.64799845	8.20158672	19.77731133
56.65199845	8.28186512	15.82492638
56.65599845	8.28186512	23.72970009
56.65999845	8.28186512	19.77731133
56.66399845	8.28186512	23.72970009
56.66799845	8.28186512	19.77731133
56.67199845	8.28186512	19.77731133
56.67599845	8.20158672	19.77731133
56.67999845	8.20158672	23.72970009
56.68399845	8.28186512	19.77731133
56.68799845	8.28186512	23.72970009
56.69199845	8.28186512	23.72970009
56.69599845	8.28186512	19.77731133
56.69999845	8.20158672	23.72970009
56.70399845	8.20158672	23.72970009
56.70799845	8.28186512	19.77731133
56.71199845	8.28186512	23.72970009
56.71599845	8.28186512	19.77731133
56.71999845	8.28186512	19.77731133
56.72399845	8.28186512	19.77731133
56.72799845	8.28186512	23.72970009
56.73199845	8.28186512	19.77731133
56.73599845	8.28186512	23.72970009
56.73999845	8.28186512	19.77731133
56.74399845	8.28186512	23.72970009
56.74799845	8.28186512	19.77731133
56.75199845	8.36214352	19.77731133
56.75599845	8.28186512	19.77731133
56.75999845	8.28186512	19.77731133
56.76399845	8.20158672	19.77731133
56.76799845	8.28186512	19.77731133
56.77199845	8.36214352	19.77731133
56.77599845	8.36214352	23.72970009
56.77999845	8.20158672	15.82492638
56.78399845	8.20158672	19.77731133
56.78799845	8.20158672	19.77731133
56.79199845	8.28186512	19.77731133
56.79599845	8.36214352	19.77731133
56.79999845	8.28186512	23.72970009
56.80399845	8.28186512	19.77731133
56.80799845	8.28186512	23.72970009
56.81199845	8.20158672	19.77731133
56.81599845	8.28186512	19.77731133
56.81999845	8.28186512	19.77731133
56.82399845	8.36214352	23.72970009
56.82799845	8.28186512	19.77731133
56.83199845	8.20158672	23.72970009
56.83599845	8.20158672	19.77731133
56.83999845	8.20158672	19.77731133
56.84399845	8.28186512	19.77731133
56.84799845	8.28186512	23.72970009
56.85199845	8.28186512	19.77731133
56.85599845	8.28186512	19.77731133
56.85999845	8.20158672	19.77731133
56.86399845	8.28186512	19.77731133
56.86799845	8.20158672	19.77731133
56.87199845	8.28186512	19.77731133
56.87599845	8.36214352	19.77731133
56.87999845	8.28186512	23.72970009
56.88399845	8.20158672	19.77731133
56.88799845	8.20158672	19.77731133
56.89199845	8.28186512	15.82492638
56.89599845	8.28186512	23.72970009
56.89999844	8.28186512	23.72970009
56.90399844	8.28186512	19.77731133
56.90799844	8.28186512	23.72970009
56.91199844	8.28186512	23.72970009
56.91599844	8.20158672	15.82492638
56.91999844	8.20158672	19.77731133
56.92399844	8.28186512	19.77731133
56.92799844	8.36214352	23.72970009
56.93199844	8.28186512	19.77731133
56.93599844	8.20158672	19.77731133
56.93999844	8.20158672	15.82492638
56.94399844	8.28186512	23.72970009
56.94799844	8.20158672	19.77731133
56.95199844	8.20158672	19.77731133
56.95599844	8.28186512	23.72970009
56.95999844	8.28186512	19.77731133
56.96399844	8.28186512	19.77731133
56.96799844	8.20158672	23.72970009
56.97199844	8.12100124	19.77731133
56.97599844	8.20158672	19.77731133
56.97999844	8.36214352	15.82492638
56.98399844	8.36214352	23.72970009
56.98799844	8.28186512	19.77731133
56.99199844	8.20158672	19.77731133
56.99599844	8.12100124	23.72970009
56.99999844	8.20158672	23.72970009
57.00399844	8.28186512	15.82492638
57.00799844	8.28186512	23.72970009
57.01199844	8.28186512	19.77731133
57.01599844	8.20158672	23.72970009
57.01999844	8.20158672	19.77731133
57.02399844	8.20158672	15.82492638
57.02799844	8.20158672	15.82492638
57.03199844	8.28186512	23.72970009
57.03599844	8.28186512	23.72970009
57.03999844	8.20158672	23.72970009
57.04399844	8.28186512	19.77731133
57.04799844	8.20158672	19.77731133
57.05199844	8.20158672	19.77731133
57.05599844	8.20158672	23.72970009
57.05999844	8.20158672	19.77731133
57.06399844	8.28186512	19.77731133
57.06799844	8.28186512	19.77731133
57.07199844	8.28186512	23.72970009
57.07599844	8.12100124	19.77731133
57.07999844	8.20158672	23.72970009
57.08399844	8.28186512	23.72970009
57.08799844	8.28186512	23.72970009
57.09199844	8.20158672	19.77731133
57.09599844	8.20158672	23.72970009
57.09999844	8.28186512	19.77731133
57.10399844	8.28186512	23.72970009
57.10799844	8.20158672	19.77731133
57.11199844	8.20158672	19.77731133
57.11599844	8.20158672	19.77731133
57.11999844	8.28186512	19.77731133
57.12399844	8.28186512	19.77731133
57.12799844	8.20158672	19.77731133
57.13199844	8.20158672	19.77731133
57.13599844	8.20158672	19.77731133
57.13999844	8.28186512	19.77731133
57.14399844	8.28186512	23.72970009
57.14799844	8.28186512	19.77731133
57.15199844	8.28186512	19.77731133
57.15599844	8.20158672	19.77731133
57.15999844	8.20158672	23.72970009
57.16399844	8.20158672	19.77731133
57.16799844	8.28186512	19.77731133
57.17199844	8.28186512	19.77731133
57.17599844	8.20158672	19.77731133
57.17999844	8.20158672	19.77731133
57.18399844	8.20158672	19.77731133
57.18799844	8.28186512	19.77731133
57.19199844	8.28186512	19.77731133
57.19599844	8.20158672	19.77731133
57.19999844	8.20158672	23.72970009
57.20399844	8.20158672	15.82492638
57.20799844	8.28186512	19.77731133
57.21199844	8.28186512	19.77731133
57.21599844	8.20158672	19.77731133
57.21999844	8.20158672	19.77731133
57.22399844	8.20158672	19.77731133
57.22799844	8.28186512	19.77731133
57.23199844	8.20158672	23.72970009
57.23599844	8.20158672	19.77731133
57.23999844	8.28186512	23.72970009
57.24399844	8.28186512	19.77731133
57.24799844	8.20158672	19.77731133
57.25199843	8.20158672	19.77731133
57.25599843	8.28186512	19.77731133
57.25999843	8.28186512	19.77731133
57.26399843	8.28186512	23.72970009
57.26799843	8.12100124	19.77731133
57.27199843	8.12100124	19.77731133
57.27599843	8.28186512	19.77731133
57.27999843	8.28186512	23.72970009
57.28399843	8.20158672	23.72970009
57.28799843	8.20158672	19.77731133
57.29199843	8.20158672	19.77731133
57.29599843	8.28186512	19.77731133
57.29999843	8.20158672	19.77731133
57.30399843	8.20158672	19.77731133
57.30799843	8.28186512	19.77731133
57.31199843	8.28186512	19.77731133
57.31599843	8.28186512	19.77731133
57.31999843	8.20158672	19.77731133
57.32399843	8.20158672	15.82492638
57.32799843	8.28186512	19.77731133
57.33199843	8.28186512	19.77731133
57.33599843	8.20158672	23.72970009
57.33999843	8.28186512	19.77731133
57.34399843	8.28186512	19.77731133
57.34799843	8.28186512	23.72970009
57.35199843	8.20158672	23.72970009
57.35599843	8.20158672	19.77731133
57.35999843	8.28186512	19.77731133
57.36399843	8.36214352	19.77731133
57.36799843	8.28186512	19.77731133
57.37199843	8.20158672	19.77731133
57.37599843	8.20158672	23.72970009
57.37999843	8.28186512	23.72970009
57.38399843	8.28186512	23.72970009
57.38799843	8.20158672	19.77731133
57.39199843	8.28186512	19.77731133
57.39599843	8.28186512	19.77731133
57.39999843	8.28186512	19.77731133
57.40399843	8.20158672	19.77731133
57.40799843	8.20158672	19.77731133
57.41199843	8.28186512	15.82492638
57.41599843	8.28186512	23.72970009
57.41999843	8.28186512	19.77731133
57.42399843	8.28186512	23.72970009
57.42799843	8.20158672	19.77731133
57.43199843	8.28186512	19.77731133
57.43599843	8.28186512	19.77731133
57.43999843	8.20158672	23.72970009
57.44399843	8.28186512	19.77731133
57.44799843	8.36214352	23.72970009
57.45199843	8.28186512	19.77731133
57.45599843	8.20158672	19.77731133
57.45999843	8.20158672	19.77731133
57.46399843	8.28186512	23.72970009
57.46799843	8.28186512	19.77731133
57.47199843	8.28186512	23.72970009
57.47599843	8.20158672	19.77731133
57.47999843	8.28186512	19.77731133
57.48399843	8.28186512	19.77731133
57.48799843	8.20158672	19.77731133
57.49199843	8.20158672	19.77731133
57.49599843	8.20158672	19.77731133
57.49999843	8.36214352	23.72970009
57.50399843	8.28186512	15.82492638
57.50799843	8.20158672	19.77731133
57.51199843	8.20158672	23.72970009
57.51599843	8.28186512	15.82492638
57.51999843	8.28186512	23.72970009
57.52399843	8.20158672	23.72970009
57.52799843	8.20158672	15.82492638
57.53199843	8.28186512	15.82492638
57.53599843	8.28186512	19.77731133
57.53999843	8.28186512	19.77731133
57.54399843	8.20158672	19.77731133
57.54799843	8.20158672	19.77731133
57.55199843	8.36214352	23.72970009
57.55599843	8.28186512	19.77731133
57.55999843	8.28186512	19.77731133
57.56399843	8.20158672	19.77731133
57.56799843	8.20158672	19.77731133
57.57199843	8.20158672	15.82492638
57.57599843	8.28186512	19.77731133
57.57999843	8.28186512	19.77731133
57.58399843	8.28186512	23.72970009
57.58799843	8.20158672	23.72970009
57.59199843	8.12100124	23.72970009
57.59599843	8.20158672	15.82492638
57.59999843	8.28186512	19.77731133
57.60399843	8.36214352	23.72970009
57.60799842	8.28186512	23.72970009
57.61199842	8.28186512	23.72970009
57.61599842	8.28186512	23.72970009
57.61999842	8.28186512	19.77731133
57.62399842	8.28186512	19.77731133
57.62799842	8.20158672	19.77731133
57.63199842	8.28186512	23.72970009
57.63599842	8.36214352	19.77731133
57.63999842	8.28186512	23.72970009
57.64399842	8.20158672	19.77731133
57.64799842	8.20158672	19.77731133
57.65199842	8.20158672	15.82492638
57.65599842	8.28186512	19.77731133
57.65999842	8.28186512	19.77731133
57.66399842	8.28186512	19.77731133
57.66799842	8.28186512	19.77731133
57.67199842	8.20158672	19.77731133
57.67599842	8.20158672	19.77731133
57.67999842	8.20158672	19.77731133
57.68399842	8.28186512	19.77731133
57.68799842	8.28186512	23.72970009
57.69199842	8.36214352	19.77731133
57.69599842	8.28186512	23.72970009
57.69999842	8.20158672	19.77731133
57.70399842	8.20158672	19.77731133
57.70799842	8.20158672	19.77731133
57.71199842	8.28186512	23.72970009
57.71599842	8.28186512	19.77731133
57.71999842	8.28186512	23.72970009
57.72399842	8.28186512	19.77731133
57.72799842	8.28186512	19.77731133
57.73199842	8.20158672	19.77731133
57.73599842	8.20158672	23.72970009
57.73999842	8.28186512	19.77731133
57.74399842	8.36214352	23.72970009
57.74799842	8.28186512	19.77731133
57.75199842	8.20158672	23.72970009
57.75599842	8.20158672	19.77731133
57.75999842	8.20158672	19.77731133
57.76399842	8.20158672	15.82492638
57.76799842	8.28186512	19.77731133
57.77199842	8.28186512	19.77731133
57.77599842	8.28186512	23.72970009
57.77999842	8.28186512	19.77731133
57.78399842	8.28186512	19.77731133
57.78799842	8.20158672	19.77731133
57.79199842	8.28186512	23.72970009
57.79599842	8.28186512	19.77731133
57.79999842	8.28186512	23.72970009
57.80399842	8.28186512	23.72970009
57.80799842	8.28186512	19.77731133
57.81199842	8.20158672	23.72970009
57.81599842	8.28186512	19.77731133
57.81999842	8.28186512	19.77731133
57.82399842	8.28186512	23.72970009
57.82799842	8.28186512	19.77731133
57.83199842	8.28186512	19.77731133
57.83599842	8.20158672	19.77731133
57.83999842	8.20158672	19.77731133
57.84399842	8.20158672	19.77731133
57.84799842	8.36214352	19.77731133
57.85199842	8.36214352	19.77731133
57.85599842	8.28186512	23.72970009
57.85999842	8.28186512	15.82492638
57.86399842	8.20158672	19.77731133
57.86799842	8.28186512	23.72970009
57.87199842	8.28186512	23.72970009
57.87599842	8.28186512	23.72970009
57.87999842	8.28186512	23.72970009
57.88399842	8.28186512	19.77731133
57.88799842	8.28186512	23.72970009
57.89199842	8.20158672	19.77731133
57.89599842	8.20158672	19.77731133
57.89999842	8.28186512	19.77731133
57.90399842	8.36214352	23.72970009
57.90799842	8.28186512	19.77731133
57.91199842	8.28186512	19.77731133
57.91599842	8.20158672	19.77731133
57.91999842	8.28186512	19.77731133
57.92399842	8.20158672	19.77731133
57.92799842	8.28186512	19.77731133
57.93199842	8.28186512	19.77731133
57.93599842	8.28186512	23.72970009
57.93999842	8.28186512	19.77731133
57.94399842	8.20158672	19.77731133
57.94799842	8.20158672	19.77731133
57.95199842	8.28186512	19.77731133
57.95599842	8.28186512	19.77731133
57.95999841	8.28186512	19.77731133
57.96399841	8.28186512	19.77731133
57.96799841	8.28186512	23.72970009
57.97199841	8.28186512	19.77731133
57.97599841	8.20158672	23.72970009
57.97999841	8.20158672	19.77731133
57.98399841	8.28186512	19.77731133
57.98799841	8.28186512	19.77731133
57.99199841	8.28186512	19.77731133
57.99599841	8.28186512	19.77731133
57.99999841	8.20158672	19.77731133
58.00399841	8.20158672	19.77731133
58.00799841	8.28186512	19.77731133
58.01199841	8.28186512	19.77731133
58.01599841	8.28186512	19.77731133
58.01999841	8.20158672	19.77731133
58.02399841	8.28186512	19.77731133
58.02799841	8.28186512	19.77731133
58.03199841	8.20158672	23.72970009
58.03599841	8.20158672	15.82492638
58.03999841	8.28186512	23.72970009
58.04399841	8.36214352	23.72970009
58.04799841	8.28186512	23.72970009
58.05199841	8.20158672	19.77731133
58.05599841	8.20158672	19.77731133
58.05999841	8.28186512	19.77731133
58.06399841	8.28186512	23.72970009
58.06799841	8.28186512	23.72970009
58.07199841	8.28186512	19.77731133
58.07599841	8.28186512	19.77731133
58.07999841	8.20158672	23.72970009
58.08399841	8.20158672	19.77731133
58.08799841	8.28186512	23.72970009
58.09199841	8.28186512	19.77731133
58.09599841	8.28186512	23.72970009
58.09999841	8.28186512	23.72970009
58.10399841	8.20158672	19.77731133
58.10799841	8.20158672	19.77731133
58.11199841	8.20158672	19.77731133
58.11599841	8.20158672	19.77731133
58.11999841	8.28186512	23.72970009
58.12399841	8.20158672	19.77731133
58.12799841	8.28186512	19.77731133
58.13199841	8.20158672	19.77731133
58.13599841	8.20158672	15.82492638
58.13999841	8.20158672	19.77731133
58.14399841	8.28186512	23.72970009
58.14799841	8.28186512	19.77731133
58.15199841	8.28186512	19.77731133
58.15599841	8.28186512	23.72970009
58.15999841	8.20158672	19.77731133
58.16399841	8.20158672	19.77731133
58.16799841	8.28186512	23.72970009
58.17199841	8.28186512	19.77731133
58.17599841	8.28186512	19.77731133
58.17999841	8.20158672	19.77731133
58.18399841	8.28186512	23.72970009
58.18799841	8.20158672	19.77731133
58.19199841	8.20158672	23.72970009
58.19599841	8.20158672	19.77731133
58.19999841	8.28186512	23.72970009
58.20399841	8.28186512	23.72970009
58.20799841	8.28186512	23.72970009
58.21199841	8.20158672	19.77731133
58.21599841	8.20158672	19.77731133
58.21999841	8.28186512	19.77731133
58.22399841	8.28186512	23.72970009
58.22799841	8.20158672	15.82492638
58.23199841	8.28186512	19.77731133
58.23599841	8.20158672	19.77731133
58.23999841	8.20158672	19.77731133
58.24399841	8.20158672	19.77731133
58.24799841	8.20158672	23.72970009
58.25199841	8.28186512	19.77731133
58.25599841	8.28186512	23.72970009
58.25999841	8.20158672	15.82492638
58.26399841	8.12100124	19.77731133
58.26799841	8.20158672	19.77731133
58.27199841	8.28186512	23.72970009
58.27599841	8.20158672	19.77731133
58.27999841	8.28186512	23.72970009
58.28399841	8.20158672	23.72970009
58.28799841	8.20158672	19.77731133
58.29199841	8.20158672	19.77731133
58.29599841	8.20158672	19.77731133
58.29999841	8.20158672	19.77731133
58.30399841	8.28186512	23.72970009
58.30799841	8.28186512	19.77731133
58.31199841	8.20158672	19.77731133
58.31599840	8.20158672	19.77731133
58.31999840	8.20158672	19.77731133
58.32399840	8.20158672	23.72970009
58.32799840	8.28186512	23.72970009
58.33199840	8.28186512	19.77731133
58.33599840	8.20158672	19.77731133
58.33999840	8.20158672	19.77731133
58.34399840	8.20158672	19.77731133
58.34799840	8.20158672	19.77731133
58.35199840	8.20158672	19.77731133
58.35599840	8.20158672	19.77731133
58.35999840	8.28186512	19.77731133
58.36399840	8.20158672	19.77731133
58.36799840	8.12100124	19.77731133
58.37199840	8.20158672	15.82492638
58.37599840	8.28186512	19.77731133
58.37999840	8.28186512	23.72970009
58.38399840	8.20158672	19.77731133
58.38799840	8.12100124	19.77731133
58.39199840	8.12100124	19.77731133
58.39599840	8.20158672	15.82492638
58.39999840	8.28186512	23.72970009
58.40399840	8.20158672	19.77731133
58.40799840	8.28186512	23.72970009
58.41199840	8.20158672	23.72970009
58.41599840	8.20158672	23.72970009
58.41999840	8.12100124	19.77731133
58.42399840	8.20158672	19.77731133
58.42799840	8.28186512	19.77731133
58.43199840	8.28186512	23.72970009
58.43599840	8.20158672	19.77731133
58.43999840	8.20158672	19.77731133
58.44399840	8.20158672	19.77731133
58.44799840	8.20158672	23.72970009
58.45199840	8.12100124	19.77731133
58.45599840	8.20158672	19.77731133
58.45999840	8.28186512	19.77731133
58.46399840	8.28186512	23.72970009
58.46799840	8.12100124	19.77731133
58.47199840	8.12100124	19.77731133
58.47599840	8.20158672	19.77731133
58.47999840	8.28186512	23.72970009
58.48399840	8.28186512	19.77731133
58.48799840	8.12100124	19.77731133
58.49199840	8.12100124	19.77731133
58.49599840	8.20158672	19.77731133
58.49999840	8.20158672	23.72970009
58.50399840	8.12100124	23.72970009
58.50799840	8.20158672	19.77731133
58.51199840	8.28186512	19.77731133
58.51599840	8.28186512	19.77731133
58.51999840	8.12100124	19.77731133
58.52399840	8.12100124	15.82492638
58.52799840	8.20158672	23.72970009
58.53199840	8.20158672	19.77731133
58.53599840	8.20158672	23.72970009
58.53999840	8.12100124	19.77731133
58.54399840	8.20158672	19.77731133
58.54799840	8.20158672	19.77731133
58.55199840	8.20158672	19.77731133
58.55599840	8.12100124	23.72970009
58.55999840	8.20158672	23.72970009
58.56399840	8.20158672	15.82492638
58.56799840	8.28186512	23.72970009
58.57199840	8.20158672	23.72970009
58.57599840	8.12100124	23.72970009
58.57999840	8.20158672	15.82492638
58.58399840	8.20158672	23.72970009
58.58799840	8.20158672	15.82492638
58.59199840	8.20158672	23.72970009
58.59599840	8.20158672	19.77731133
58.59999840	8.20158672	23.72970009
58.60399840	8.20158672	19.77731133
58.60799840	8.28186512	19.77731133
58.61199840	8.28186512	19.77731133
58.61599840	8.28186512	23.72970009
58.61999840	8.20158672	19.77731133
58.62399840	8.12100124	19.77731133
58.62799840	8.20158672	19.77731133
58.63199840	8.28186512	19.77731133
58.63599840	8.20158672	19.77731133
58.63999840	8.20158672	19.77731133
58.64399840	8.12100124	15.82492638
58.64799840	8.20158672	19.77731133
58.65199840	8.20158672	19.77731133
58.65599840	8.20158672	23.72970009
58.65999840	8.20158672	19.77731133
58.66399840	8.20158672	23.72970009
58.66799839	8.20158672	19.77731133
58.67199839	8.20158672	19.77731133
58.67599839	8.20158672	19.77731133
58.67999839	8.28186512	19.77731133
58.68399839	8.20158672	23.72970009
58.68799839	8.20158672	23.72970009
58.69199839	8.20158672	19.77731133
58.69599839	8.20158672	19.77731133
58.69999839	8.20158672	19.77731133
58.70399839	8.20158672	23.72970009
58.70799839	8.20158672	19.77731133
58.71199839	8.28186512	23.72970009
58.71599839	8.20158672	19.77731133
58.71999839	8.20158672	19.77731133
58.72399839	8.12100124	19.77731133
58.72799839	8.20158672	23.72970009
58.73199839	8.28186512	19.77731133
58.73599839	8.28186512	23.72970009
58.73999839	8.20158672	19.77731133
58.74399839	8.20158672	19.77731133
58.74799839	8.20158672	19.77731133
58.75199839	8.28186512	23.72970009
58.75599839	8.20158672	19.77731133
58.75999839	8.20158672	19.77731133
58.76399839	8.20158672	19.77731133
58.76799839	8.28186512	19.77731133
58.77199839	8.20158672	19.77731133
58.77599839	8.20158672	19.77731133
58.77999839	8.20158672	19.77731133
58.78399839	8.28186512	23.72970009
58.78799839	8.28186512	19.77731133
58.79199839	8.20158672	19.77731133
58.79599839	8.20158672	15.82492638
58.79999839	8.28186512	19.77731133
58.80399839	8.20158672	19.77731133
58.80799839	8.20158672	19.77731133
58.81199839	8.20158672	19.77731133
58.81599839	8.20158672	23.72970009
58.81999839	8.20158672	19.77731133
58.82399839	8.28186512	23.72970009
58.82799839	8.20158672	19.77731133
58.83199839	8.20158672	19.77731133
58.83599839	8.20158672	19.77731133
58.83999839	8.20158672	19.77731133
58.84399839	8.20158672	19.77731133
58.84799839	8.28186512	19.77731133
58.85199839	8.20158672	19.77731133
58.85599839	8.20158672	19.77731133
58.85999839	8.20158672	15.82492638
58.86399839	8.20158672	19.77731133
58.86799839	8.20158672	15.82492638
58.87199839	8.20158672	23.72970009
58.87599839	8.20158672	19.77731133
58.87999839	8.28186512	19.77731133
58.88399839	8.20158672	19.77731133
58.88799839	8.20158672	19.77731133
58.89199839	8.20158672	19.77731133
58.89599839	8.28186512	23.72970009
58.89999839	8.20158672	15.82492638
58.90399839	8.20158672	23.72970009
58.90799839	8.20158672	15.82492638
58.91199839	8.20158672	19.77731133
58.91599839	8.20158672	19.77731133
58.91999839	8.20158672	19.77731133
58.92399839	8.20158672	19.77731133
58.92799839	8.20158672	19.77731133
58.93199839	8.20158672	19.77731133
58.93599839	8.12100124	19.77731133
58.93999839	8.20158672	19.77731133
58.94399839	8.28186512	19.77731133
58.94799839	8.20158672	19.77731133
58.95199839	8.28186512	19.77731133
58.95599839	8.20158672	19.77731133
58.95999839	8.20158672	23.72970009
58.96399839	8.20158672	19.77731133
58.96799839	8.20158672	23.72970009
58.97199839	8.20158672	19.77731133
58.97599839	8.28186512	23.72970009
58.97999839	8.20158672	19.77731133
58.98399839	8.20158672	19.77731133
58.98799839	8.12100124	15.82492638
58.99199839	8.20158672	19.77731133
58.99599839	8.20158672	15.82492638
58.99999839	8.20158672	23.72970009
59.00399839	8.20158672	19.77731133
59.00799839	8.28186512	19.77731133
59.01199839	8.28186512	19.77731133
59.01599839	8.12100124	23.72970009
59.01999838	8.12100124	19.77731133
59.02399838	8.20158672	19.77731133
59.02799838	8.28186512	19.77731133
59.03199838	8.28186512	19.77731133
59.03599838	8.04072380	19.77731133
59.03999838	8.12100124	19.77731133
59.04399838	8.20158672	19.77731133
59.04799838	8.20158672	19.77731133
59.05199838	8.20158672	19.77731133
59.05599838	8.28186512	19.77731133
59.05999838	8.28186512	19.77731133
59.06399838	8.20158672	23.72970009
59.06799838	8.04072380	15.82492638
59.07199838	8.04072380	15.82492638
59.07599838	8.28186512	15.82492638
59.07999838	8.36214352	19.77731133
59.08399838	8.20158672	23.72970009
59.08799838	8.12100124	19.77731133
59.09199838	8.04072380	19.77731133
59.09599838	8.20158672	19.77731133
59.09999838	8.20158672	19.77731133
59.10399838	8.20158672	23.72970009
59.10799838	8.20158672	19.77731133
59.11199838	8.28186512	23.72970009
59.11599838	8.20158672	19.77731133
59.11999838	8.12100124	19.77731133
59.12399838	8.12100124	15.82492638
59.12799838	8.28186512	19.77731133
59.13199838	8.36214352	23.72970009
59.13599838	8.28186512	23.72970009
59.13999838	8.12100124	15.82492638
59.14399838	8.20158672	19.77731133
59.14799838	8.20158672	19.77731133
59.15199838	8.20158672	19.77731133
59.15599838	8.12100124	19.77731133
59.15999838	8.20158672	19.77731133
59.16399838	8.36214352	19.77731133
59.16799838	8.28186512	19.77731133
59.17199838	8.12100124	19.77731133
59.17599838	8.04072380	19.77731133
59.17999838	8.20158672	15.82492638
59.18399838	8.28186512	23.72970009
59.18799838	8.28186512	19.77731133
59.19199838	8.20158672	19.77731133
59.19599838	8.12100124	19.77731133
59.19999838	8.20158672	19.77731133
59.20399838	8.20158672	19.77731133
59.20799838	8.20158672	19.77731133
59.21199838	8.20158672	15.82492638
59.21599838	8.28186512	23.72970009
59.21999838	8.20158672	19.77731133
59.22399838	8.12100124	15.82492638
59.22799838	8.12100124	15.82492638
59.23199838	8.20158672	19.77731133
59.23599838	8.20158672	19.77731133
59.23999838	8.20158672	23.72970009
59.24399838	8.20158672	19.77731133
59.24799838	8.20158672	19.77731133
59.25199838	8.12100124	15.82492638
59.25599838	8.20158672	19.77731133
59.25999838	8.12100124	19.77731133
59.26399838	8.20158672	19.77731133
59.26799838	8.20158672	19.77731133
59.27199838	8.20158672	19.77731133
59.27599838	8.20158672	19.77731133
59.27999838	8.12100124	19.77731133
59.28399838	8.12100124	15.82492638
59.28799838	8.12100124	19.77731133
59.29199838	8.12100124	19.77731133
59.29599838	8.20158672	19.77731133
59.29999838	8.20158672	15.82492638
59.30399838	8.20158672	19.77731133
59.30799838	8.12100124	19.77731133
59.31199838	8.12100124	19.77731133
59.31599838	8.12100124	19.77731133
59.31999838	8.28186512	19.77731133
59.32399838	8.20158672	19.77731133
59.32799838	8.12100124	23.72970009
59.33199838	8.12100124	19.77731133
59.33599838	8.20158672	19.77731133
59.33999838	8.20158672	19.77731133
59.34399838	8.12100124	19.77731133
59.34799838	8.12100124	19.77731133
59.35199838	8.20158672	19.77731133
59.35599838	8.20158672	19.77731133
59.35999838	8.20158672	19.77731133
59.36399838	8.12100124	19.77731133
59.36799838	8.12100124	19.77731133
59.37199838	8.20158672	19.77731133
59.37599837	8.20158672	19.77731133
59.37999837	8.20158672	15.82492638
59.38399837	8.20158672	19.77731133
59.38799837	8.20158672	19.77731133
59.39199837	8.12100124	19.77731133
59.39599837	8.12100124	19.77731133
59.39999837	8.20158672	19.77731133
59.40399837	8.20158672	19.77731133
59.40799837	8.20158672	19.77731133
59.41199837	8.20158672	19.77731133
59.41599837	8.20158672	19.77731133
59.41999837	8.20158672	15.82492638
59.42399837	8.20158672	19.77731133
59.42799837	8.20158672	15.82492638
59.43199837	8.20158672	23.72970009
59.43599837	8.20158672	19.77731133
59.43999837	8.20158672	19.77731133
59.44399837	8.20158672	19.77731133
59.44799837	8.20158672	19.77731133
59.45199837	8.12100124	19.77731133
59.45599837	8.12100124	19.77731133
59.45999837	8.20158672	15.82492638
59.46399837	8.20158672	19.77731133
59.46799837	8.20158672	19.77731133
59.47199837	8.20158672	19.77731133
59.47599837	8.12100124	19.77731133
59.47999837	8.12100124	15.82492638
59.48399837	8.20158672	15.82492638
59.48799837	8.20158672	23.72970009
59.49199837	8.20158672	19.77731133
59.49599837	8.20158672	23.72970009
59.49999837	8.12100124	15.82492638
59.50399837	8.20158672	19.77731133
59.50799837	8.20158672	15.82492638
59.51199837	8.28186512	15.82492638
59.51599837	8.20158672	15.82492638
59.51999837	8.20158672	23.72970009
59.52399837	8.12100124	15.82492638
59.52799837	8.20158672	19.77731133
59.53199837	8.20158672	15.82492638
59.53599837	8.20158672	19.77731133
59.53999837	8.20158672	19.77731133
59.54399837	8.20158672	19.77731133
59.54799837	8.20158672	15.82492638
59.55199837	8.20158672	19.77731133
59.55599837	8.20158672	19.77731133
59.55999837	8.20158672	23.72970009
59.56399837	8.20158672	19.77731133
59.56799837	8.28186512	23.72970009
59.57199837	8.28186512	19.77731133
59.57599837	8.20158672	19.77731133
59.57999837	8.20158672	15.82492638
59.58399837	8.20158672	19.77731133
59.58799837	8.20158672	15.82492638
59.59199837	8.20158672	19.77731133
59.59599837	8.20158672	15.82492638
59.59999837	8.28186512	19.77731133
59.60399837	8.20158672	19.77731133
59.60799837	8.20158672	19.77731133
59.61199837	8.20158672	19.77731133
59.61599837	8.28186512	15.82492638
59.61999837	8.20158672	19.77731133
59.62399837	8.20158672	19.77731133
59.62799837	8.20158672	19.77731133
59.63199837	8.20158672	23.72970009
59.63599837	8.20158672	19.77731133
59.63999837	8.20158672	19.77731133
59.64399837	8.20158672	19.77731133
59.64799837	8.20158672	19.77731133
59.65199837	8.20158672	19.77731133
59.65599837	8.28186512	19.77731133
59.65999837	8.12100124	19.77731133
59.66399837	8.12100124	19.77731133
59.66799837	8.20158672	15.82492638
59.67199837	8.20158672	23.72970009
59.67599837	8.20158672	19.77731133
59.67999837	8.20158672	19.77731133
59.68399837	8.20158672	19.77731133
59.68799837	8.20158672	19.77731133
59.69199837	8.12100124	19.77731133
59.69599837	8.20158672	19.77731133
59.69999837	8.28186512	19.77731133
59.70399837	8.28186512	19.77731133
59.70799837	8.20158672	19.77731133
59.71199837	8.20158672	19.77731133
59.71599837	8.20158672	15.82492638
59.71999837	8.20158672	19.77731133
59.72399837	8.12100124	19.77731133
59.72799836	8.20158672	19.77731133
59.73199836	8.20158672	15.82492638
59.73599836	8.28186512	23.72970009
59.73999836	8.20158672	19.77731133
59.74399836	8.12100124	15.82492638
59.74799836	8.12100124	15.82492638
59.75199836	8.28186512	19.77731133
59.75599836	8.28186512	19.77731133
59.75999836	8.28186512	23.72970009
59.76399836	8.20158672	19.77731133
59.76799836	8.20158672	19.77731133
59.77199836	8.20158672	19.77731133
59.77599836	8.20158672	15.82492638
59.77999836	8.12100124	15.82492638
59.78399836	8.28186512	19.77731133
59.78799836	8.28186512	19.77731133
59.79199836	8.28186512	19.77731133
59.79599836	8.20158672	15.82492638
59.79999836	8.12100124	15.82492638
59.80399836	8.12100124	19.77731133
59.80799836	8.20158672	19.77731133
59.81199836	8.28186512	15.82492638
59.81599836	8.28186512	15.82492638
59.81999836	8.20158672	19.77731133
59.82399836	8.20158672	19.77731133
59.82799836	8.12100124	15.82492638
59.83199836	8.20158672	15.82492638
59.83599836	8.20158672	19.77731133
59.83999836	8.28186512	19.77731133
59.84399836	8.20158672	19.77731133
59.84799836	8.28186512	19.77731133
59.85199836	8.20158672	19.77731133
59.85599836	8.12100124	15.82492638
59.85999836	8.12100124	15.82492638
59.86399836	8.20158672	19.77731133
59.86799836	8.28186512	19.77731133
59.87199836	8.28186512	19.77731133
59.87599836	8.20158672	15.82492638
59.87999836	8.12100124	19.77731133
59.88399836	8.20158672	15.82492638
59.88799836	8.28186512	19.77731133
59.89199836	8.20158672	19.77731133
59.89599836	8.28186512	15.82492638
59.89999836	8.28186512	15.82492638
59.90399836	8.20158672	19.77731133
59.90799836	8.20158672	15.82492638
59.91199836	8.20158672	15.82492638
59.91599836	8.28186512	19.77731133
59.91999836	8.28186512	19.77731133
59.92399836	8.20158672	19.77731133
59.92799836	8.20158672	19.77731133
59.93199836	8.28186512	19.77731133
59.93599836	8.28186512	23.72970009
59.93999836	8.20158672	19.77731133
59.94399836	8.20158672	19.77731133
59.94799836	8.28186512	15.82492638
59.95199836	8.36214352	19.77731133
59.95599836	8.20158672	19.77731133
59.95999836	8.20158672	19.77731133
59.96399836	8.28186512	19.77731133
59.96799836	8.28186512	19.77731133
59.97199836	8.20158672	15.82492638
59.97599836	8.20158672	15.82492638
59.97999836	8.28186512	19.77731133
59.98399836	8.28186512	19.77731133
59.98799836	8.20158672	15.82492638
59.99199836	8.20158672	19.77731133
59.99599836	8.20158672	15.82492638
59.99999836	8.28186512	15.82492638
60.00399836	8.28186512	19.77731133
60.00799836	8.20158672	19.77731133
60.01199836	8.20158672	15.82492638
60.01599836	8.28186512	19.77731133
60.01999836	8.28186512	15.82492638
60.02399836	8.28186512	15.82492638
60.02799836	8.20158672	19.77731133
60.03199836	8.20158672	19.77731133
60.03599836	8.20158672	15.82492638
60.03999836	8.28186512	19.77731133
60.04399836	8.20158672	15.82492638
60.04799836	8.28186512	19.77731133
60.05199836	8.20158672	19.77731133
60.05599836	8.20158672	19.77731133
60.05999836	8.20158672	19.77731133
60.06399836	8.20158672	19.77731133
60.06799836	8.20158672	19.77731133
60.07199836	8.28186512	19.77731133
60.07599836	8.28186512	19.77731133
60.07999836	8.28186512	19.77731133
60.08399835	8.12100124	15.82492638
60.08799835	8.20158672	15.82492638
60.09199835	8.28186512	19.77731133
60.09599835	8.28186512	19.77731133
60.09999835	8.20158672	15.82492638
60.10399835	8.20158672	15.82492638
60.10799835	8.28186512	15.82492638
60.11199835	8.28186512	19.77731133
60.11599835	8.20158672	19.77731133
60.11999835	8.20158672	19.77731133
60.12399835	8.20158672	19.77731133
60.12799835	8.28186512	23.72970009
60.13199835	8.20158672	15.82492638
60.13599835	8.20158672	15.82492638
60.13999835	8.20158672	15.82492638
60.14399835	8.28186512	19.77731133
60.14799835	8.28186512	19.77731133
60.15199835	8.20158672	15.82492638
60.15599835	8.20158672	15.82492638
60.15999835	8.28186512	19.77731133
60.16399835	8.28186512	19.77731133
60.16799835	8.20158672	19.77731133
60.17199835	8.12100124	19.77731133
60.17599835	8.28186512	19.77731133
60.17999835	8.28186512	15.82492638
60.18399835	8.20158672	23.72970009
60.18799835	8.12100124	19.77731133
60.19199835	8.20158672	19.77731133
60.19599835	8.20158672	15.82492638
60.19999835	8.28186512	19.77731133
60.20399835	8.20158672	19.77731133
60.20799835	8.20158672	19.77731133
60.21199835	8.20158672	19.77731133
60.21599835	8.20158672	19.77731133
60.21999835	8.20158672	15.82492638
60.22399835	8.20158672	19.77731133
60.22799835	8.28186512	15.82492638
60.23199835	8.28186512	19.77731133
60.23599835	8.20158672	19.77731133
60.23999835	8.20158672	19.77731133
60.24399835	8.20158672	15.82492638
60.24799835	8.28186512	19.77731133
60.25199835	8.28186512	15.82492638
60.25599835	8.20158672	19.77731133
60.25999835	8.20158672	19.77731133
60.26399835	8.20158672	19.77731133
60.26799835	8.20158672	19.77731133
60.27199835	8.28186512	19.77731133
60.27599835	8.20158672	15.82492638
60.27999835	8.28186512	19.77731133
60.28399835	8.28186512	19.77731133
60.28799835	8.28186512	19.77731133
60.29199835	8.20158672	15.82492638
60.29599835	8.12100124	15.82492638
60.29999835	8.20158672	19.77731133
60.30399835	8.28186512	19.77731133
60.30799835	8.28186512	15.82492638
60.31199835	8.28186512	23.72970009
60.31599835	8.28186512	15.82492638
60.31999835	8.20158672	23.72970009
60.32399835	8.20158672	15.82492638
60.32799835	8.20158672	19.77731133
60.33199835	8.28186512	19.77731133
60.33599835	8.36214352	19.77731133
60.33999835	8.20158672	19.77731133
60.34399835	8.20158672	19.77731133
60.34799835	8.20158672	19.77731133
60.35199835	8.28186512	19.77731133
60.35599835	8.28186512	19.77731133
60.35999835	8.20158672	19.77731133
60.36399835	8.28186512	19.77731133
60.36799835	8.28186512	23.72970009
60.37199835	8.20158672	19.77731133
60.37599835	8.20158672	19.77731133
60.37999835	8.28186512	15.82492638
60.38399835	8.28186512	23.72970009
60.38799835	8.20158672	19.77731133
60.39199835	8.20158672	19.77731133
60.39599835	8.20158672	11.85715961
60.39999835	8.28186512	19.77731133
60.40399835	8.28186512	15.82492638
60.40799835	8.28186512	19.77731133
60.41199835	8.20158672	19.77731133
60.41599835	8.28186512	15.82492638
60.41999835	8.28186512	15.82492638
60.42399835	8.28186512	19.77731133
60.42799835	8.28186512	19.77731133
60.43199835	8.20158672	15.82492638
60.43599834	8.28186512	19.77731133
60.43999834	8.28186512	19.77731133
60.44399834	8.28186512	15.82492638
60.44799834	8.20158672	19.77731133
60.45199834	8.20158672	15.82492638
60.45599834	8.28186512	19.77731133
60.45999834	8.28186512	19.77731133
60.46399834	8.28186512	15.82492638
60.46799834	8.20158672	15.82492638
60.47199834	8.28186512	19.77731133
60.47599834	8.28186512	19.77731133
60.47999834	8.20158672	19.77731133
60.48399834	8.20158672	15.82492638
60.48799834	8.28186512	19.77731133
60.49199834	8.36214352	19.77731133
60.49599834	8.28186512	23.72970009
60.49999834	8.20158672	15.82492638
60.50399834	8.20158672	19.77731133
60.50799834	8.28186512	15.82492638
60.51199834	8.36214352	19.77731133
60.51599834	8.28186512	15.82492638
60.51999834	8.36214352	19.77731133
60.52399834	8.28186512	15.82492638
60.52799834	8.28186512	15.82492638
60.53199834	8.20158672	15.82492638
60.53599834	8.20158672	15.82492638
60.53999834	8.28186512	15.82492638
60.54399834	8.36214352	19.77731133
60.54799834	8.28186512	19.77731133
60.55199834	8.28186512	23.72970009
60.55599834	8.20158672	15.82492638
60.55999834	8.20158672	19.77731133
60.56399834	8.20158672	19.77731133
60.56799834	8.28186512	19.77731133
60.57199834	8.36214352	19.77731133
60.57599834	8.36214352	19.77731133
60.57999834	8.28186512	15.82492638
60.58399834	8.20158672	15.82492638
60.58799834	8.20158672	19.77731133
60.59199834	8.36214352	19.77731133
60.59599834	8.36214352	19.77731133
60.59999834	8.36214352	19.77731133
60.60399834	8.20158672	19.77731133
60.60799834	8.20158672	23.72970009
60.61199834	8.20158672	19.77731133
60.61599834	8.20158672	19.77731133
60.61999834	8.28186512	19.77731133
60.62399834	8.28186512	19.77731133
60.62799834	8.36214352	15.82492638
60.63199834	8.28186512	23.72970009
60.63599834	8.28186512	19.77731133
60.63999834	8.20158672	19.77731133
60.64399834	8.20158672	15.82492638
60.64799834	8.28186512	19.77731133
60.65199834	8.28186512	19.77731133
60.65599834	8.36214352	19.77731133
60.65999834	8.28186512	19.77731133
60.66399834	8.20158672	19.77731133
60.66799834	8.20158672	15.82492638
60.67199834	8.28186512	19.77731133
60.67599834	8.28186512	19.77731133
60.67999834	8.28186512	15.82492638
60.68399834	8.36214352	15.82492638
60.68799834	8.28186512	19.77731133
60.69199834	8.20158672	19.77731133
60.69599834	8.20158672	19.77731133
60.69999834	8.20158672	15.82492638
60.70399834	8.28186512	19.77731133
60.70799834	8.36214352	15.82492638
60.71199834	8.36214352	19.77731133
60.71599834	8.36214352	19.77731133
60.71999834	8.28186512	23.72970009
60.72399834	8.12100124	15.82492638
60.72799834	8.28186512	19.77731133
60.73199834	8.36214352	19.77731133
60.73599834	8.36214352	19.77731133
60.73999834	8.36214352	15.82492638
60.74399834	8.28186512	19.77731133
60.74799834	8.20158672	15.82492638
60.75199834	8.28186512	15.82492638
60.75599834	8.20158672	15.82492638
60.75999834	8.36214352	15.82492638
60.76399834	8.36214352	19.77731133
60.76799834	8.36214352	23.72970009
60.77199834	8.28186512	15.82492638
60.77599834	8.20158672	15.82492638
60.77999834	8.20158672	11.85715961
60.78399834	8.28186512	19.77731133
60.78799833	8.36214352	19.77731133
60.79199833	8.28186512	19.77731133
60.79599833	8.28186512	19.77731133
60.79999833	8.20158672	15.82492638
60.80399833	8.20158672	15.82492638
60.80799833	8.28186512	19.77731133
60.81199833	8.20158672	15.82492638
60.81599833	8.36214352	23.72970009
60.81999833	8.36214352	19.77731133
60.82399833	8.28186512	19.77731133
60.82799833	8.20158672	19.77731133
60.83199833	8.12100124	19.77731133
60.83599833	8.20158672	15.82492638
60.83999833	8.36214352	19.77731133
60.84399833	8.36214352	19.77731133
60.84799833	8.28186512	23.72970009
60.85199833	8.20158672	15.82492638
60.85599833	8.20158672	19.77731133
60.85999833	8.20158672	15.82492638
60.86399833	8.28186512	19.77731133
60.86799833	8.36214352	19.77731133
60.87199833	8.44272900	19.77731133
60.87599833	8.28186512	19.77731133
60.87999833	8.20158672	19.77731133
60.88399833	8.12100124	15.82492638
60.88799833	8.20158672	15.82492638
60.89199833	8.28186512	15.82492638
60.89599833	8.36214352	19.77731133
60.89999833	8.36214352	23.72970009
60.90399833	8.28186512	19.77731133
60.90799833	8.20158672	15.82492638
60.91199833	8.28186512	19.77731133
60.91599833	8.28186512	15.82492638
60.91999833	8.28186512	19.77731133
60.92399833	8.28186512	19.77731133
60.92799833	8.36214352	23.72970009
60.93199833	8.28186512	15.82492638
60.93599833	8.20158672	15.82492638
60.93999833	8.20158672	15.82492638
60.94399833	8.20158672	19.77731133
60.94799833	8.28186512	19.77731133
60.95199833	8.36214352	19.77731133
60.95599833	8.36214352	19.77731133
60.95999833	8.28186512	23.72970009
60.96399833	8.20158672	15.82492638
60.96799833	8.20158672	19.77731133
60.97199833	8.28186512	19.77731133
60.97599833	8.36214352	19.77731133
60.97999833	8.36214352	19.77731133
60.98399833	8.28186512	23.72970009
60.98799833	8.28186512	19.77731133
60.99199833	8.20158672	15.82492638
60.99599833	8.20158672	19.77731133
60.99999833	8.36214352	15.82492638
61.00399833	8.36214352	19.77731133
61.00799833	8.36214352	23.72970009
61.01199833	8.28186512	19.77731133
61.01599833	8.20158672	19.77731133
61.01999833	8.28186512	15.82492638
61.02399833	8.28186512	19.77731133
61.02799833	8.20158672	19.77731133
61.03199833	8.36214352	19.77731133
61.03599833	8.36214352	19.77731133
61.03999833	8.28186512	19.77731133
61.04399833	8.20158672	15.82492638
61.04799833	8.28186512	15.82492638
61.05199833	8.28186512	19.77731133
61.05599833	8.36214352	23.72970009
61.05999833	8.28186512	23.72970009
61.06399833	8.28186512	23.72970009
61.06799833	8.28186512	15.82492638
61.07199833	8.28186512	19.77731133
61.07599833	8.28186512	19.77731133
61.07999833	8.28186512	19.77731133
61.08399833	8.36214352	19.77731133
61.08799833	8.36214352	19.77731133
61.09199833	8.28186512	15.82492638
61.09599833	8.20158672	19.77731133
61.09999833	8.20158672	15.82492638
61.10399833	8.36214352	19.77731133
61.10799833	8.36214352	19.77731133
61.11199833	8.28186512	19.77731133
61.11599833	8.20158672	15.82492638
61.11999833	8.28186512	23.72970009
61.12399833	8.28186512	15.82492638
61.12799833	8.20158672	19.77731133
61.13199833	8.28186512	19.77731133
61.13599833	8.36214352	19.77731133
61.13999833	8.36214352	19.77731133
61.14399832	8.20158672	19.77731133
61.14799832	8.20158672	15.82492638
61.15199832	8.20158672	19.77731133
61.15599832	8.28186512	15.82492638
61.15999832	8.28186512	23.72970009
61.16399832	8.28186512	15.82492638
61.16799832	8.28186512	19.77731133
61.17199832	8.28186512	19.77731133
61.17599832	8.20158672	19.77731133
61.17999832	8.20158672	15.82492638
61.18399832	8.28186512	19.77731133
61.18799832	8.36214352	15.82492638
61.19199832	8.28186512	23.72970009
61.19599832	8.28186512	19.77731133
61.19999832	8.20158672	19.77731133
61.20399832	8.20158672	15.82492638
61.20799832	8.28186512	15.82492638
61.21199832	8.28186512	15.82492638
61.21599832	8.36214352	19.77731133
61.21999832	8.36214352	15.82492638
61.22399832	8.28186512	19.77731133
61.22799832	8.20158672	19.77731133
61.23199832	8.20158672	19.77731133
61.23599832	8.20158672	15.82492638
61.23999832	8.36214352	19.77731133
61.24399832	8.36214352	19.77731133
61.24799832	8.28186512	19.77731133
61.25199832	8.20158672	19.77731133
61.25599832	8.20158672	19.77731133
61.25999832	8.28186512	19.77731133
61.26399832	8.28186512	19.77731133
61.26799832	8.36214352	19.77731133
61.27199832	8.28186512	23.72970009
61.27599832	8.28186512	15.82492638
61.27999832	8.20158672	19.77731133
61.28399832	8.20158672	15.82492638
61.28799832	8.20158672	19.77731133
61.29199832	8.28186512	19.77731133
61.29599832	8.28186512	19.77731133
61.29999832	8.28186512	19.77731133
61.30399832	8.28186512	19.77731133
61.30799832	8.28186512	15.82492638
61.31199832	8.20158672	19.77731133
61.31599832	8.20158672	15.82492638
61.31999832	8.28186512	19.77731133
61.32399832	8.36214352	19.77731133
61.32799832	8.36214352	19.77731133
61.33199832	8.28186512	19.77731133
61.33599832	8.20158672	19.77731133
61.33999832	8.20158672	15.82492638
61.34399832	8.28186512	19.77731133
61.34799832	8.36214352	19.77731133
61.35199832	8.36214352	23.72970009
61.35599832	8.36214352	19.77731133
61.35999832	8.28186512	19.77731133
61.36399832	8.28186512	19.77731133
61.36799832	8.20158672	19.77731133
61.37199832	8.28186512	15.82492638
61.37599832	8.36214352	19.77731133
61.37999832	8.36214352	19.77731133
61.38399832	8.28186512	19.77731133
61.38799832	8.28186512	15.82492638
61.39199832	8.28186512	19.77731133
61.39599832	8.28186512	19.77731133
61.39999832	8.28186512	19.77731133
61.40399832	8.28186512	19.77731133
61.40799832	8.28186512	19.77731133
61.41199832	8.28186512	19.77731133
61.41599832	8.28186512	19.77731133
61.41999832	8.28186512	15.82492638
61.42399832	8.28186512	19.77731133
61.42799832	8.28186512	15.82492638
61.43199832	8.28186512	19.77731133
61.43599832	8.36214352	15.82492638
61.43999832	8.36214352	19.77731133
61.44399832	8.20158672	19.77731133
61.44799832	8.28186512	19.77731133
61.45199832	8.28186512	19.77731133
61.45599832	8.36214352	23.72970009
61.45999832	8.36214352	15.82492638
61.46399832	8.20158672	19.77731133
61.46799832	8.20158672	19.77731133
61.47199832	8.28186512	19.77731133
61.47599832	8.28186512	15.82492638
61.47999832	8.28186512	19.77731133
61.48399832	8.28186512	19.77731133
61.48799832	8.36214352	19.77731133
61.49199832	8.36214352	19.77731133
61.49599831	8.28186512	19.77731133
61.49999831	8.20158672	15.82492638
61.50399831	8.28186512	19.77731133
61.50799831	8.36214352	15.82492638
61.51199831	8.36214352	19.77731133
61.51599831	8.28186512	19.77731133
61.51999831	8.28186512	15.82492638
61.52399831	8.28186512	15.82492638
61.52799831	8.28186512	19.77731133
61.53199831	8.28186512	19.77731133
61.53599831	8.28186512	19.77731133
61.53999831	8.28186512	15.82492638
61.54399831	8.36214352	19.77731133
61.54799831	8.28186512	19.77731133
61.55199831	8.28186512	15.82492638
61.55599831	8.28186512	15.82492638
61.55999831	8.28186512	19.77731133
61.56399831	8.28186512	19.77731133
61.56799831	8.28186512	19.77731133
61.57199831	8.28186512	15.82492638
61.57599831	8.28186512	19.77731133
61.57999831	8.28186512	19.77731133
61.58399831	8.28186512	19.77731133
61.58799831	8.28186512	19.77731133
61.59199831	8.28186512	19.77731133
61.59599831	8.28186512	19.77731133
61.59999831	8.28186512	19.77731133
61.60399831	8.20158672	15.82492638
61.60799831	8.28186512	19.77731133
61.61199831	8.28186512	15.82492638
61.61599831	8.28186512	19.77731133
61.61999831	8.20158672	19.77731133
61.62399831	8.28186512	19.77731133
61.62799831	8.28186512	19.77731133
61.63199831	8.28186512	19.77731133
61.63599831	8.28186512	15.82492638
61.63999831	8.28186512	19.77731133
61.64399831	8.28186512	19.77731133
61.64799831	8.28186512	19.77731133
61.65199831	8.28186512	19.77731133
61.65599831	8.28186512	19.77731133
61.65999831	8.28186512	19.77731133
61.66399831	8.28186512	19.77731133
61.66799831	8.36214352	15.82492638
61.67199831	8.36214352	23.72970009
61.67599831	8.28186512	19.77731133
61.67999831	8.28186512	19.77731133
61.68399831	8.28186512	19.77731133
61.68799831	8.28186512	19.77731133
61.69199831	8.28186512	19.77731133
61.69599831	8.36214352	19.77731133
61.69999831	8.28186512	19.77731133
61.70399831	8.20158672	19.77731133
61.70799831	8.20158672	15.82492638
61.71199831	8.28186512	19.77731133
61.71599831	8.36214352	19.77731133
61.71999831	8.28186512	19.77731133
61.72399831	8.28186512	19.77731133
61.72799831	8.28186512	19.77731133
61.73199831	8.20158672	15.82492638
61.73599831	8.20158672	19.77731133
61.73999831	8.20158672	15.82492638
61.74399831	8.28186512	19.77731133
61.74799831	8.28186512	19.77731133
61.75199831	8.36214352	19.77731133
61.75599831	8.28186512	15.82492638
61.75999831	8.28186512	19.77731133
61.76399831	8.20158672	19.77731133
61.76799831	8.28186512	19.77731133
61.77199831	8.20158672	15.82492638
61.77599831	8.28186512	19.77731133
61.77999831	8.28186512	19.77731133
61.78399831	8.28186512	19.77731133
61.78799831	8.20158672	19.77731133
61.79199831	8.20158672	23.72970009
61.79599831	8.20158672	15.82492638
61.79999831	8.28186512	15.82492638
61.80399831	8.28186512	19.77731133
61.80799831	8.28186512	19.77731133
61.81199831	8.28186512	19.77731133
61.81599831	8.28186512	19.77731133
61.81999831	8.20158672	19.77731133
61.82399831	8.20158672	19.77731133
61.82799831	8.28186512	19.77731133
61.83199831	8.36214352	19.77731133
61.83599831	8.28186512	19.77731133
61.83999831	8.20158672	23.72970009
61.84399831	8.20158672	15.82492638
61.84799830	8.20158672	19.77731133
61.85199830	8.28186512	19.77731133
61.85599830	8.28186512	23.72970009
61.85999830	8.28186512	15.82492638
61.86399830	8.28186512	15.82492638
61.86799830	8.20158672	19.77731133
61.87199830	8.20158672	19.77731133
61.87599830	8.20158672	15.82492638
61.87999830	8.28186512	19.77731133
61.88399830	8.36214352	19.77731133
61.88799830	8.20158672	23.72970009
61.89199830	8.20158672	19.77731133
61.89599830	8.20158672	19.77731133
61.89999830	8.28186512	15.82492638
61.90399830	8.28186512	19.77731133
61.90799830	8.28186512	19.77731133
61.91199830	8.20158672	19.77731133
61.91599830	8.28186512	15.82492638
61.91999830	8.28186512	23.72970009
61.92399830	8.20158672	19.77731133
61.92799830	8.20158672	19.77731133
61.93199830	8.20158672	19.77731133
61.93599830	8.28186512	19.77731133
61.93999830	8.28186512	19.77731133
61.94399830	8.20158672	19.77731133
61.94799830	8.20158672	19.77731133
61.95199830	8.28186512	19.77731133
61.95599830	8.20158672	15.82492638
61.95999830	8.20158672	19.77731133
61.96399830	8.20158672	19.77731133
61.96799830	8.28186512	19.77731133
61.97199830	8.28186512	19.77731133
61.97599830	8.28186512	19.77731133
61.97999830	8.12100124	19.77731133
61.98399830	8.20158672	15.82492638
61.98799830	8.28186512	19.77731133
61.99199830	8.28186512	19.77731133
61.99599830	8.28186512	19.77731133
61.99999830	8.20158672	19.77731133
62.00399830	8.12100124	19.77731133
62.00799830	8.20158672	15.82492638
62.01199830	8.28186512	19.77731133
62.01599830	8.28186512	19.77731133
62.01999830	8.20158672	19.77731133
62.02399830	8.20158672	19.77731133
62.02799830	8.20158672	19.77731133
62.03199830	8.28186512	19.77731133
62.03599830	8.20158672	19.77731133
62.03999830	8.20158672	19.77731133
62.04399830	8.20158672	19.77731133
62.04799830	8.28186512	19.77731133
62.05199830	8.28186512	19.77731133
62.05599830	8.20158672	19.77731133
62.05999830	8.12100124	15.82492638
62.06399830	8.20158672	23.72970009
62.06799830	8.28186512	15.82492638
62.07199830	8.36214352	19.77731133
62.07599830	8.28186512	19.77731133
62.07999830	8.20158672	19.77731133
62.08399830	8.20158672	15.82492638
62.08799830	8.28186512	19.77731133
62.09199830	8.20158672	15.82492638
62.09599830	8.20158672	19.77731133
62.09999830	8.28186512	15.82492638
62.10399830	8.36214352	23.72970009
62.10799830	8.28186512	19.77731133
62.11199830	8.12100124	19.77731133
62.11599830	8.12100124	19.77731133
62.11999830	8.28186512	15.82492638
62.12399830	8.28186512	19.77731133
62.12799830	8.28186512	19.77731133
62.13199830	8.28186512	19.77731133
62.13599830	8.28186512	19.77731133
62.13999830	8.20158672	15.82492638
62.14399830	8.12100124	19.77731133
62.14799830	8.20158672	19.77731133
62.15199830	8.20158672	15.82492638
62.15599830	8.28186512	19.77731133
62.15999830	8.28186512	19.77731133
62.16399830	8.20158672	19.77731133
62.16799830	8.12100124	19.77731133
62.17199830	8.20158672	15.82492638
62.17599830	8.20158672	19.77731133
62.17999830	8.20158672	19.77731133
62.18399830	8.28186512	19.77731133
62.18799830	8.20158672	19.77731133
62.19199830	8.28186512	19.77731133
62.19599830	8.12100124	19.77731133
62.19999830	8.12100124	19.77731133
62.20399829	8.20158672	15.82492638
62.20799829	8.36214352	19.77731133
62.21199829	8.36214352	19.77731133
62.21599829	8.12100124	19.77731133
62.21999829	8.12100124	15.82492638
62.22399829	8.20158672	15.82492638
62.22799829	8.20158672	19.77731133
62.23199829	8.20158672	19.77731133
62.23599829	8.20158672	23.72970009
62.23999829	8.28186512	23.72970009
62.24399829	8.28186512	19.77731133
62.24799829	8.20158672	19.77731133
62.25199829	8.12100124	19.77731133
62.25599829	8.20158672	19.77731133
62.25999829	8.28186512	19.77731133
62.26399829	8.28186512	23.72970009
62.26799829	8.28186512	15.82492638
62.27199829	8.20158672	19.77731133
62.27599829	8.20158672	15.82492638
62.27999829	8.20158672	19.77731133
62.28399829	8.20158672	15.82492638
62.28799829	8.28186512	19.77731133
62.29199829	8.36214352	19.77731133
62.29599829	8.36214352	19.77731133
62.29999829	8.12100124	19.77731133
62.30399829	8.12100124	19.77731133
62.30799829	8.20158672	15.82492638
62.31199829	8.28186512	19.77731133
62.31599829	8.28186512	19.77731133
62.31999829	8.28186512	23.72970009
62.32399829	8.28186512	19.77731133
62.32799829	8.28186512	19.77731133
62.33199829	8.20158672	19.77731133
62.33599829	8.12100124	23.72970009
62.33999829	8.20158672	15.82492638
62.34399829	8.28186512	19.77731133
62.34799829	8.28186512	19.77731133
62.35199829	8.28186512	19.77731133
62.35599829	8.20158672	19.77731133
62.35999829	8.20158672	19.77731133
62.36399829	8.20158672	19.77731133
62.36799829	8.28186512	19.77731133
62.37199829	8.28186512	19.77731133
62.37599829	8.28186512	19.77731133
62.37999829	8.28186512	19.77731133
62.38399829	8.20158672	19.77731133
62.38799829	8.20158672	15.82492638
62.39199829	8.12100124	23.72970009
62.39599829	8.20158672	15.82492638
62.39999829	8.36214352	19.77731133
62.40399829	8.36214352	19.77731133
62.40799829	8.20158672	23.72970009
62.41199829	8.12100124	15.82492638
62.41599829	8.20158672	15.82492638
62.41999829	8.28186512	19.77731133
62.42399829	8.28186512	19.77731133
62.42799829	8.28186512	15.82492638
62.43199829	8.28186512	23.72970009
62.43599829	8.28186512	19.77731133
62.43999829	8.20158672	19.77731133
62.44399829	8.12100124	19.77731133
62.44799829	8.20158672	19.77731133
62.45199829	8.28186512	19.77731133
62.45599829	8.36214352	23.72970009
62.45999829	8.20158672	23.72970009
62.46399829	8.20158672	19.77731133
62.46799829	8.20158672	19.77731133
62.47199829	8.20158672	19.77731133
62.47599829	8.28186512	19.77731133
62.47999829	8.20158672	23.72970009
62.48399829	8.28186512	19.77731133
62.48799829	8.28186512	15.82492638
62.49199829	8.28186512	19.77731133
62.49599829	8.20158672	19.77731133
62.49999829	8.12100124	15.82492638
62.50399829	8.28186512	15.82492638
62.50799829	8.28186512	19.77731133
62.51199829	8.28186512	19.77731133
62.51599829	8.20158672	19.77731133
62.51999829	8.20158672	19.77731133
62.52399829	8.20158672	19.77731133
62.52799829	8.20158672	23.72970009
62.53199829	8.20158672	15.82492638
62.53599829	8.28186512	19.77731133
62.53999829	8.28186512	19.77731133
62.54399829	8.20158672	23.72970009
62.54799829	8.20158672	19.77731133
62.55199829	8.20158672	15.82492638
62.55599828	8.20158672	15.82492638
62.55999828	8.28186512	23.72970009
62.56399828	8.28186512	15.82492638
62.56799828	8.20158672	19.77731133
62.57199828	8.20158672	19.77731133
62.57599828	8.12100124	19.77731133
62.57999828	8.20158672	15.82492638
62.58399828	8.28186512	15.82492638
62.58799828	8.28186512	15.82492638
62.59199828	8.28186512	19.77731133
62.59599828	8.20158672	19.77731133
62.59999828	8.20158672	19.77731133
62.60399828	8.20158672	15.82492638
62.60799828	8.20158672	19.77731133
62.61199828	8.20158672	15.82492638
62.61599828	8.28186512	23.72970009
62.61999828	8.28186512	19.77731133
62.62399828	8.20158672	19.77731133
62.62799828	8.20158672	19.77731133
62.63199828	8.20158672	15.82492638
62.63599828	8.20158672	19.77731133
62.63999828	8.28186512	23.72970009
62.64399828	8.28186512	19.77731133
62.64799828	8.28186512	15.82492638
62.65199828	8.20158672	19.77731133
62.65599828	8.20158672	19.77731133
62.65999828	8.20158672	15.82492638
62.66399828	8.28186512	19.77731133
62.66799828	8.36214352	15.82492638
62.67199828	8.36214352	23.72970009
62.67599828	8.28186512	19.77731133
62.67999828	8.20158672	19.77731133
62.68399828	8.20158672	15.82492638
62.68799828	8.28186512	19.77731133
62.69199828	8.20158672	19.77731133
62.69599828	8.28186512	15.82492638
62.69999828	8.28186512	19.77731133
62.70399828	8.28186512	23.72970009
62.70799828	8.12100124	15.82492638
62.71199828	8.12100124	15.82492638
62.71599828	8.20158672	15.82492638
62.71999828	8.28186512	19.77731133
62.72399828	8.28186512	15.82492638
62.72799828	8.36214352	23.72970009
62.73199828	8.20158672	19.77731133
62.73599828	8.20158672	15.82492638
62.73999828	8.20158672	15.82492638
62.74399828	8.28186512	23.72970009
62.74799828	8.28186512	19.77731133
62.75199828	8.28186512	23.72970009
62.75599828	8.28186512	19.77731133
62.75999828	8.20158672	19.77731133
62.76399828	8.20158672	19.77731133
62.76799828	8.20158672	19.77731133
62.77199828	8.20158672	19.77731133
62.77599828	8.28186512	23.72970009
62.77999828	8.28186512	19.77731133
62.78399828	8.28186512	19.77731133
62.78799828	8.28186512	19.77731133
62.79199828	8.20158672	19.77731133
62.79599828	8.20158672	19.77731133
62.79999828	8.20158672	19.77731133
62.80399828	8.28186512	19.77731133
62.80799828	8.28186512	19.77731133
62.81199828	8.28186512	19.77731133
62.81599828	8.28186512	19.77731133
62.81999828	8.12100124	19.77731133
62.82399828	8.20158672	19.77731133
62.82799828	8.20158672	19.77731133
62.83199828	8.28186512	19.77731133
62.83599828	8.28186512	19.77731133
62.83999828	8.28186512	23.72970009
62.84399828	8.20158672	19.77731133
62.84799828	8.20158672	19.77731133
62.85199828	8.20158672	15.82492638
62.85599828	8.28186512	19.77731133
62.85999828	8.28186512	19.77731133
62.86399828	8.28186512	23.72970009
62.86799828	8.28186512	19.77731133
62.87199828	8.28186512	15.82492638
62.87599828	8.20158672	15.82492638
62.87999828	8.20158672	19.77731133
62.88399828	8.20158672	15.82492638
62.88799828	8.28186512	19.77731133
62.89199828	8.28186512	19.77731133
62.89599828	8.20158672	19.77731133
62.89999828	8.20158672	15.82492638
62.90399828	8.20158672	19.77731133
62.90799828	8.28186512	15.82492638
62.91199827	8.28186512	15.82492638
62.91599827	8.20158672	19.77731133
62.91999827	8.28186512	19.77731133
62.92399827	8.20158672	19.77731133
62.92799827	8.20158672	19.77731133
62.93199827	8.20158672	15.82492638
62.93599827	8.28186512	19.77731133
62.93999827	8.28186512	15.82492638
62.94399827	8.28186512	19.77731133
62.94799827	8.20158672	19.77731133
62.95199827	8.12100124	19.77731133
62.95599827	8.28186512	15.82492638
62.95999827	8.20158672	19.77731133
62.96399827	8.28186512	15.82492638
62.96799827	8.28186512	19.77731133
62.97199827	8.28186512	19.77731133
62.97599827	8.28186512	19.77731133
62.97999827	8.12100124	15.82492638
62.98399827	8.28186512	19.77731133
62.98799827	8.28186512	19.77731133
62.99199827	8.28186512	19.77731133
62.99599827	8.28186512	19.77731133
62.99999827	8.20158672	19.77731133
63.00399827	8.28186512	15.82492638
63.00799827	8.20158672	19.77731133
63.01199827	8.20158672	15.82492638
63.01599827	8.20158672	19.77731133
63.01999827	8.28186512	19.77731133
63.02399827	8.28186512	19.77731133
63.02799827	8.20158672	15.82492638
63.03199827	8.20158672	19.77731133
63.03599827	8.20158672	15.82492638
63.03999827	8.20158672	23.72970009
63.04399827	8.20158672	19.77731133
63.04799827	8.20158672	19.77731133
63.05199827	8.28186512	19.77731133
63.05599827	8.28186512	19.77731133
63.05999827	8.20158672	19.77731133
63.06399827	8.12100124	23.72970009
63.06799827	8.20158672	15.82492638
63.07199827	8.28186512	19.77731133
63.07599827	8.28186512	19.77731133
63.07999827	8.20158672	23.72970009
63.08399827	8.12100124	19.77731133
63.08799827	8.20158672	19.77731133
63.09199827	8.28186512	15.82492638
63.09599827	8.28186512	19.77731133
63.09999827	8.20158672	19.77731133
63.10399827	8.12100124	19.77731133
63.10799827	8.12100124	15.82492638
63.11199827	8.20158672	19.77731133
63.11599827	8.28186512	19.77731133
63.11999827	8.28186512	23.72970009
63.12399827	8.20158672	19.77731133
63.12799827	8.20158672	23.72970009
63.13199827	8.20158672	15.82492638
63.13599827	8.20158672	19.77731133
63.13999827	8.20158672	15.82492638
63.14399827	8.28186512	19.77731133
63.14799827	8.20158672	19.77731133
63.15199827	8.28186512	23.72970009
63.15599827	8.20158672	15.82492638
63.15999827	8.12100124	15.82492638
63.16399827	8.20158672	15.82492638
63.16799827	8.28186512	19.77731133
63.17199827	8.20158672	23.72970009
63.17599827	8.20158672	19.77731133
63.17999827	8.28186512	19.77731133
63.18399827	8.20158672	15.82492638
63.18799827	8.20158672	19.77731133
63.19199827	8.20158672	19.77731133
63.19599827	8.20158672	15.82492638
63.19999827	8.20158672	19.77731133
63.20399827	8.20158672	19.77731133
63.20799827	8.28186512	19.77731133
63.21199827	8.20158672	19.77731133
63.21599827	8.20158672	23.72970009
63.21999827	8.20158672	19.77731133
63.22399827	8.20158672	19.77731133
63.22799827	8.28186512	15.82492638
63.23199827	8.28186512	15.82492638
63.23599827	8.20158672	19.77731133
63.23999827	8.20158672	19.77731133
63.24399827	8.20158672	15.82492638
63.24799827	8.20158672	19.77731133
63.25199827	8.20158672	15.82492638
63.25599827	8.20158672	15.82492638
63.25999827	8.12100124	15.82492638
63.26399826	8.20158672	15.82492638
63.26799826	8.20158672	15.82492638
63.27199826	8.28186512	15.82492638
63.27599826	8.28186512	15.82492638
63.27999826	8.20158672	19.77731133
63.28399826	8.12100124	19.77731133
63.28799826	8.20158672	19.77731133
63.29199826	8.20158672	19.77731133
63.29599826	8.20158672	19.77731133
63.29999826	8.20158672	15.82492638
63.30399826	8.20158672	19.77731133
63.30799826	8.20158672	19.77731133
63.31199826	8.20158672	19.77731133
63.31599826	8.20158672	15.82492638
63.31999826	8.28186512	23.72970009
63.32399826	8.28186512	19.77731133
63.32799826	8.12100124	19.77731133
63.33199826	8.12100124	19.77731133
63.33599826	8.20158672	15.82492638
63.33999826	8.20158672	15.82492638
63.34399826	8.20158672	19.77731133
63.34799826	8.20158672	15.82492638
63.35199826	8.28186512	19.77731133
63.35599826	8.20158672	19.77731133
63.35999826	8.20158672	19.77731133
63.36399826	8.12100124	15.82492638
63.36799826	8.20158672	19.77731133
63.37199826	8.28186512	19.77731133
63.37599826	8.28186512	23.72970009
63.37999826	8.20158672	19.77731133
63.38399826	8.20158672	19.77731133
63.38799826	8.20158672	15.82492638
63.39199826	8.28186512	19.77731133
63.39599826	8.20158672	19.77731133
63.39999826	8.20158672	19.77731133
63.40399826	8.20158672	15.82492638
63.40799826	8.28186512	19.77731133
63.41199826	8.28186512	19.77731133
63.41599826	8.20158672	15.82492638
63.41999826	8.20158672	15.82492638
63.42399826	8.20158672	19.77731133
63.42799826	8.20158672	19.77731133
63.43199826	8.20158672	19.77731133
63.43599826	8.28186512	15.82492638
63.43999826	8.28186512	19.77731133
63.44399826	8.20158672	19.77731133
63.44799826	8.12100124	19.77731133
63.45199826	8.20158672	15.82492638
63.45599826	8.28186512	19.77731133
63.45999826	8.20158672	15.82492638
63.46399826	8.20158672	19.77731133
63.46799826	8.20158672	19.77731133
63.47199826	8.28186512	19.77731133
63.47599826	8.20158672	15.82492638
63.47999826	8.12100124	19.77731133
63.48399826	8.20158672	15.82492638
63.48799826	8.28186512	19.77731133
63.49199826	8.36214352	19.77731133
63.49599826	8.20158672	23.72970009
63.49999826	8.04072380	19.77731133
63.50399826	8.20158672	15.82492638
63.50799826	8.28186512	19.77731133
63.51199826	8.28186512	23.72970009
63.51599826	8.12100124	19.77731133
63.51999826	8.20158672	15.82492638
63.52399826	8.28186512	15.82492638
63.52799826	8.28186512	19.77731133
63.53199826	8.12100124	19.77731133
63.53599826	8.12100124	19.77731133
63.53999826	8.20158672	15.82492638
63.54399826	8.36214352	19.77731133
63.54799826	8.20158672	19.77731133
63.55199826	8.12100124	19.77731133
63.55599826	8.04072380	15.82492638
63.55999826	8.28186512	19.77731133
63.56399826	8.28186512	23.72970009
63.56799826	8.20158672	23.72970009
63.57199826	8.12100124	19.77731133
63.57599826	8.20158672	15.82492638
63.57999826	8.20158672	19.77731133
63.58399826	8.12100124	19.77731133
63.58799826	8.12100124	15.82492638
63.59199826	8.20158672	15.82492638
63.59599826	8.28186512	19.77731133
63.59999826	8.20158672	23.72970009
63.60399826	8.12100124	15.82492638
63.60799826	8.20158672	15.82492638
63.61199826	8.28186512	19.77731133
63.61599825	8.28186512	19.77731133
63.61999825	8.20158672	19.77731133
63.62399825	8.20158672	15.82492638
63.62799825	8.28186512	15.82492638
63.63199825	8.20158672	19.77731133
63.63599825	8.12100124	15.82492638
63.63999825	8.12100124	19.77731133
63.64399825	8.28186512	15.82492638
63.64799825	8.28186512	19.77731133
63.65199825	8.20158672	19.77731133
63.65599825	8.12100124	19.77731133
63.65999825	8.20158672	15.82492638
63.66399825	8.20158672	19.77731133
63.66799825	8.20158672	19.77731133
63.67199825	8.20158672	19.77731133
63.67599825	8.20158672	15.82492638
63.67999825	8.28186512	19.77731133
63.68399825	8.20158672	15.82492638
63.68799825	8.12100124	19.77731133
63.69199825	8.12100124	19.77731133
63.69599825	8.28186512	19.77731133
63.69999825	8.28186512	15.82492638
63.70399825	8.20158672	19.77731133
63.70799825	8.12100124	15.82492638
63.71199825	8.20158672	15.82492638
63.71599825	8.20158672	19.77731133
63.71999825	8.20158672	19.77731133
63.72399825	8.20158672	15.82492638
63.72799825	8.28186512	19.77731133
63.73199825	8.28186512	15.82492638
63.73599825	8.20158672	19.77731133
63.73999825	8.12100124	15.82492638
63.74399825	8.20158672	19.77731133
63.74799825	8.20158672	15.82492638
63.75199825	8.20158672	19.77731133
63.75599825	8.20158672	15.82492638
63.75999825	8.20158672	19.77731133
63.76399825	8.20158672	15.82492638
63.76799825	8.20158672	19.77731133
63.77199825	8.12100124	15.82492638
63.77599825	8.20158672	19.77731133
63.77999825	8.28186512	15.82492638
63.78399825	8.28186512	15.82492638
63.78799825	8.20158672	19.77731133
63.79199825	8.12100124	15.82492638
63.79599825	8.12100124	15.82492638
63.79999825	8.28186512	15.82492638
63.80399825	8.28186512	19.77731133
63.80799825	8.20158672	15.82492638
63.81199825	8.20158672	15.82492638
63.81599825	8.28186512	19.77731133
63.81999825	8.20158672	19.77731133
63.82399825	8.20158672	19.77731133
63.82799825	8.20158672	15.82492638
63.83199825	8.28186512	15.82492638
63.83599825	8.28186512	19.77731133
63.83999825	8.28186512	19.77731133
63.84399825	8.12100124	15.82492638
63.84799825	8.12100124	15.82492638
63.85199825	8.20158672	19.77731133
63.85599825	8.28186512	15.82492638
63.85999825	8.28186512	19.77731133
63.86399825	8.28186512	19.77731133
63.86799825	8.20158672	15.82492638
63.87199825	8.20158672	19.77731133
63.87599825	8.20158672	15.82492638
63.87999825	8.20158672	19.77731133
63.88399825	8.28186512	15.82492638
63.88799825	8.28186512	19.77731133
63.89199825	8.28186512	19.77731133
63.89599825	8.20158672	15.82492638
63.89999825	8.12100124	15.82492638
63.90399825	8.20158672	15.82492638
63.90799825	8.20158672	15.82492638
63.91199825	8.20158672	19.77731133
63.91599825	8.20158672	15.82492638
63.91999825	8.20158672	19.77731133
63.92399825	8.28186512	15.82492638
63.92799825	8.20158672	15.82492638
63.93199825	8.20158672	15.82492638
63.93599825	8.20158672	19.77731133
63.93999825	8.28186512	19.77731133
63.94399825	8.28186512	19.77731133
63.94799825	8.20158672	19.77731133
63.95199825	8.12100124	19.77731133
63.95599825	8.20158672	11.85715961
63.95999825	8.28186512	19.77731133
63.96399825	8.28186512	15.82492638
63.96799825	8.20158672	15.82492638
63.97199824	8.20158672	15.82492638
63.97599824	8.28186512	19.77731133
63.97999824	8.20158672	15.82492638
63.98399824	8.28186512	19.77731133
63.98799824	8.20158672	15.82492638
63.99199824	8.20158672	19.77731133
63.99599824	8.28186512	15.82492638
63.99999824	8.20158672	19.77731133
64.00399824	8.20158672	15.82492638
64.00799824	8.20158672	19.77731133
64.01199824	8.20158672	15.82492638
64.01599824	8.20158672	19.77731133
64.01999824	8.28186512	19.77731133
64.02399824	8.20158672	23.72970009
64.02799824	8.20158672	15.82492638
64.03199824	8.20158672	19.77731133
64.03599824	8.20158672	19.77731133
64.03999824	8.20158672	19.77731133
64.04399824	8.28186512	15.82492638
64.04799824	8.28186512	15.82492638
64.05199824	8.28186512	19.77731133
64.05599824	8.20158672	19.77731133
64.05999824	8.20158672	15.82492638
64.06399824	8.20158672	15.82492638
64.06799824	8.28186512	19.77731133
64.07199824	8.28186512	19.77731133
64.07599824	8.20158672	15.82492638
64.07999824	8.20158672	19.77731133
64.08399824	8.20158672	15.82492638
64.08799824	8.28186512	19.77731133
64.09199824	8.20158672	15.82492638
64.09599824	8.20158672	19.77731133
64.09999824	8.28186512	15.82492638
64.10399824	8.28186512	19.77731133
64.10799824	8.20158672	15.82492638
64.11199824	8.20158672	15.82492638
64.11599824	8.28186512	15.82492638
64.11999824	8.36214352	19.77731133
64.12399824	8.20158672	19.77731133
64.12799824	8.20158672	19.77731133
64.13199824	8.20158672	15.82492638
64.13599824	8.28186512	15.82492638
64.13999824	8.28186512	19.77731133
64.14399824	8.20158672	15.82492638
64.14799824	8.20158672	15.82492638
64.15199824	8.28186512	19.77731133
64.15599824	8.28186512	19.77731133
64.15999824	8.28186512	15.82492638
64.16399824	8.20158672	19.77731133
64.16799824	8.20158672	19.77731133
64.17199824	8.20158672	19.77731133
64.17599824	8.20158672	15.82492638
64.17999824	8.20158672	11.85715961
64.18399824	8.20158672	19.77731133
64.18799824	8.20158672	15.82492638
64.19199824	8.20158672	15.82492638
64.19599824	8.28186512	19.77731133
64.19999824	8.28186512	19.77731133
64.20399824	8.12100124	15.82492638
64.20799824	8.20158672	15.82492638
64.21199824	8.20158672	15.82492638
64.21599824	8.28186512	19.77731133
64.21999824	8.20158672	15.82492638
64.22399824	8.20158672	15.82492638
64.22799824	8.20158672	15.82492638
64.23199824	8.20158672	19.77731133
64.23599824	8.12100124	15.82492638
64.23999824	8.20158672	19.77731133
64.24399824	8.28186512	15.82492638
64.24799824	8.28186512	19.77731133
64.25199824	8.20158672	15.82492638
64.25599824	8.20158672	15.82492638
64.25999824	8.20158672	15.82492638
64.26399824	8.20158672	15.82492638
64.26799824	8.20158672	19.77731133
64.27199824	8.20158672	15.82492638
64.27599824	8.28186512	15.82492638
64.27999824	8.28186512	19.77731133
64.28399824	8.20158672	15.82492638
64.28799824	8.20158672	15.82492638
64.29199824	8.20158672	19.77731133
64.29599824	8.20158672	15.82492638
64.29999824	8.20158672	15.82492638
64.30399824	8.20158672	19.77731133
64.30799824	8.28186512	15.82492638
64.31199824	8.20158672	19.77731133
64.31599824	8.20158672	15.82492638
64.31999824	8.20158672	19.77731133
64.32399823	8.20158672	15.82492638
64.32799823	8.28186512	15.82492638
64.33199823	8.28186512	15.82492638
64.33599823	8.28186512	19.77731133
64.33999823	8.20158672	15.82492638
64.34399823	8.20158672	19.77731133
64.34799823	8.20158672	15.82492638
64.35199823	8.20158672	19.77731133
64.35599823	8.20158672	19.77731133
64.35999823	8.20158672	19.77731133
64.36399823	8.28186512	19.77731133
64.36799823	8.20158672	19.77731133
64.37199823	8.20158672	15.82492638
64.37599823	8.20158672	19.77731133
64.37999823	8.28186512	15.82492638
64.38399823	8.28186512	19.77731133
64.38799823	8.20158672	19.77731133
64.39199823	8.20158672	15.82492638
64.39599823	8.28186512	15.82492638
64.39999823	8.20158672	19.77731133
64.40399823	8.20158672	15.82492638
64.40799823	8.20158672	15.82492638
64.41199823	8.28186512	19.77731133
64.41599823	8.28186512	19.77731133
64.41999823	8.20158672	15.82492638
64.42399823	8.20158672	15.82492638
64.42799823	8.20158672	19.77731133
64.43199823	8.28186512	19.77731133
64.43599823	8.20158672	15.82492638
64.43999823	8.20158672	15.82492638
64.44399823	8.20158672	15.82492638
64.44799823	8.28186512	19.77731133
64.45199823	8.20158672	19.77731133
64.45599823	8.12100124	19.77731133
64.45999823	8.20158672	15.82492638
64.46399823	8.28186512	19.77731133
64.46799823	8.28186512	15.82492638
64.47199823	8.20158672	19.77731133
64.47599823	8.12100124	15.82492638
64.47999823	8.20158672	19.77731133
64.48399823	8.20158672	15.82492638
64.48799823	8.28186512	19.77731133
64.49199823	8.28186512	19.77731133
64.49599823	8.28186512	19.77731133
64.49999823	8.28186512	15.82492638
64.50399823	8.20158672	15.82492638
64.50799823	8.20158672	11.85715961
64.51199823	8.20158672	19.77731133
64.51599823	8.28186512	15.82492638
64.51999823	8.36214352	19.77731133
64.52399823	8.20158672	15.82492638
64.52799823	8.12100124	15.82492638
64.53199823	8.12100124	15.82492638
64.53599823	8.28186512	19.77731133
64.53999823	8.28186512	15.82492638
64.54399823	8.28186512	19.77731133
64.54799823	8.20158672	15.82492638
64.55199823	8.28186512	19.77731133
64.55599823	8.28186512	15.82492638
64.55999823	8.20158672	19.77731133
64.56399823	8.20158672	15.82492638
64.56799823	8.20158672	19.77731133
64.57199823	8.28186512	15.82492638
64.57599823	8.28186512	19.77731133
64.57999823	8.20158672	11.85715961
64.58399823	8.20158672	15.82492638
64.58799823	8.20158672	15.82492638
64.59199823	8.28186512	19.77731133
64.59599823	8.20158672	15.82492638
64.59999823	8.28186512	15.82492638
64.60399823	8.28186512	15.82492638
64.60799823	8.28186512	19.77731133
64.61199823	8.20158672	15.82492638
64.61599823	8.20158672	15.82492638
64.61999823	8.20158672	15.82492638
64.62399823	8.28186512	19.77731133
64.62799823	8.28186512	15.82492638
64.63199823	8.20158672	19.77731133
64.63599823	8.28186512	15.82492638
64.63999823	8.20158672	15.82492638
64.64399823	8.20158672	15.82492638
64.64799823	8.20158672	19.77731133
64.65199823	8.20158672	15.82492638
64.65599823	8.28186512	19.77731133
64.65999823	8.28186512	15.82492638
64.66399823	8.20158672	19.77731133
64.66799823	8.12100124	15.82492638
64.67199823	8.12100124	15.82492638
64.67599823	8.28186512	15.82492638
64.67999822	8.28186512	19.77731133
64.68399822	8.28186512	19.77731133
64.68799822	8.20158672	19.77731133
64.69199822	8.12100124	15.82492638
64.69599822	8.20158672	15.82492638
64.69999822	8.28186512	19.77731133
64.70399822	8.28186512	19.77731133
64.70799822	8.28186512	19.77731133
64.71199822	8.20158672	19.77731133
64.71599822	8.28186512	15.82492638
64.71999822	8.20158672	15.82492638
64.72399822	8.20158672	11.85715961
64.72799822	8.28186512	15.82492638
64.73199822	8.28186512	15.82492638
64.73599822	8.28186512	19.77731133
64.73999822	8.20158672	15.82492638
64.74399822	8.20158672	15.82492638
64.74799822	8.28186512	15.82492638
64.75199822	8.28186512	15.82492638
64.75599822	8.20158672	19.77731133
64.75999822	8.20158672	19.77731133
64.76399822	8.20158672	11.85715961
64.76799822	8.28186512	15.82492638
64.77199822	8.28186512	15.82492638
64.77599822	8.20158672	19.77731133
64.77999822	8.20158672	15.82492638
64.78399822	8.28186512	19.77731133
64.78799822	8.28186512	15.82492638
64.79199822	8.28186512	19.77731133
64.79599822	8.28186512	15.82492638
64.79999822	8.36214352	19.77731133
64.80399822	8.28186512	15.82492638
64.80799822	8.20158672	15.82492638
64.81199822	8.20158672	15.82492638
64.81599822	8.20158672	15.82492638
64.81999822	8.28186512	15.82492638
64.82399822	8.28186512	19.77731133
64.82799822	8.28186512	15.82492638
64.83199822	8.28186512	19.77731133
64.83599822	8.28186512	15.82492638
64.83999822	8.28186512	19.77731133
64.84399822	8.28186512	15.82492638
64.84799822	8.28186512	15.82492638
64.85199822	8.36214352	15.82492638
64.85599822	8.36214352	19.77731133
64.85999822	8.28186512	15.82492638
64.86399822	8.28186512	19.77731133
64.86799822	8.28186512	15.82492638
64.87199822	8.28186512	19.77731133
64.87599822	8.28186512	15.82492638
64.87999822	8.28186512	19.77731133
64.88399822	8.28186512	19.77731133
64.88799822	8.36214352	19.77731133
64.89199822	8.28186512	19.77731133
64.89599822	8.20158672	19.77731133
64.89999822	8.20158672	11.85715961
64.90399822	8.28186512	15.82492638
64.90799822	8.36214352	15.82492638
64.91199822	8.28186512	19.77731133
64.91599822	8.28186512	15.82492638
64.91999822	8.28186512	19.77731133
64.92399822	8.28186512	15.82492638
64.92799822	8.28186512	15.82492638
64.93199822	8.20158672	15.82492638
64.93599822	8.20158672	15.82492638
64.93999822	8.36214352	15.82492638
64.94399822	8.36214352	19.77731133
64.94799822	8.28186512	19.77731133
64.95199822	8.12100124	19.77731133
64.95599822	8.20158672	15.82492638
64.95999822	8.36214352	15.82492638
64.96399822	8.36214352	15.82492638
64.96799822	8.36214352	15.82492638
64.97199822	8.20158672	15.82492638
64.97599822	8.28186512	15.82492638
64.97999822	8.20158672	11.85715961
64.98399822	8.28186512	15.82492638
64.98799822	8.28186512	15.82492638
64.99199822	8.36214352	19.77731133
64.99599822	8.36214352	15.82492638
64.99999822	8.36214352	19.77731133
65.00399822	8.20158672	15.82492638
65.00799822	8.12100124	11.85715961
65.01199822	8.20158672	15.82492638
65.01599822	8.36214352	15.82492638
65.01999822	8.36214352	19.77731133
65.02399822	8.28186512	19.77731133
65.02799822	8.28186512	15.82492638
65.03199821	8.20158672	11.85715961
65.03599821	8.20158672	15.82492638
65.03999821	8.28186512	19.77731133
65.04399821	8.28186512	15.82492638
65.04799821	8.36214352	19.77731133
65.05199821	8.36214352	19.77731133
65.05599821	8.20158672	19.77731133
65.05999821	8.20158672	15.82492638
65.06399821	8.20158672	15.82492638
65.06799821	8.36214352	19.77731133
65.07199821	8.36214352	23.72970009
65.07599821	8.28186512	15.82492638
65.07999821	8.28186512	15.82492638
65.08399821	8.28186512	15.82492638
65.08799821	8.28186512	15.82492638
65.09199821	8.20158672	15.82492638
65.09599821	8.20158672	15.82492638
65.09999821	8.36214352	15.82492638
65.10399821	8.36214352	19.77731133
65.10799821	8.28186512	15.82492638
65.11199821	8.20158672	19.77731133
65.11599821	8.20158672	19.77731133
65.11999821	8.28186512	19.77731133
65.12399821	8.28186512	15.82492638
65.12799821	8.36214352	19.77731133
65.13199821	8.28186512	19.77731133
65.13599821	8.36214352	15.82492638
65.13999821	8.20158672	15.82492638
65.14399821	8.28186512	15.82492638
65.14799821	8.28186512	15.82492638
65.15199821	8.28186512	19.77731133
65.15599821	8.28186512	19.77731133
65.15999821	8.28186512	15.82492638
65.16399821	8.28186512	15.82492638
65.16799821	8.28186512	15.82492638
65.17199821	8.28186512	11.85715961
65.17599821	8.28186512	19.77731133
65.17999821	8.20158672	15.82492638
65.18399821	8.28186512	19.77731133
65.18799821	8.28186512	19.77731133
65.19199821	8.28186512	19.77731133
65.19599821	8.28186512	19.77731133
65.19999821	8.36214352	19.77731133
65.20399821	8.28186512	15.82492638
65.20799821	8.28186512	19.77731133
65.21199821	8.28186512	15.82492638
65.21599821	8.28186512	15.82492638
65.21999821	8.28186512	15.82492638
65.22399821	8.28186512	19.77731133
65.22799821	8.28186512	19.77731133
65.23199821	8.28186512	19.77731133
65.23599821	8.20158672	15.82492638
65.23999821	8.28186512	19.77731133
65.24399821	8.28186512	19.77731133
65.24799821	8.36214352	15.82492638
65.25199821	8.28186512	15.82492638
65.25599821	8.28186512	19.77731133
65.25999821	8.28186512	15.82492638
65.26399821	8.28186512	19.77731133
65.26799821	8.36214352	11.85715961
65.27199821	8.28186512	19.77731133
65.27599821	8.28186512	15.82492638
65.27999821	8.28186512	19.77731133
65.28399821	8.28186512	15.82492638
65.28799821	8.36214352	15.82492638
65.29199821	8.28186512	19.77731133
65.29599821	8.28186512	19.77731133
65.29999821	8.20158672	15.82492638
65.30399821	8.36214352	19.77731133
65.30799821	8.36214352	15.82492638
65.31199821	8.28186512	23.72970009
65.31599821	8.20158672	15.82492638
65.31999821	8.28186512	19.77731133
65.32399821	8.36214352	19.77731133
65.32799821	8.28186512	19.77731133
65.33199821	8.28186512	15.82492638
65.33599821	8.28186512	19.77731133
65.33999821	8.28186512	19.77731133
65.34399821	8.28186512	19.77731133
65.34799821	8.28186512	15.82492638
65.35199821	8.28186512	19.77731133
65.35599821	8.36214352	19.77731133
65.35999821	8.28186512	19.77731133
65.36399821	8.20158672	15.82492638
65.36799821	8.28186512	15.82492638
65.37199821	8.28186512	15.82492638
65.37599821	8.28186512	19.77731133
65.37999821	8.28186512	19.77731133
65.38399820	8.20158672	19.77731133
65.38799820	8.28186512	15.82492638
65.39199820	8.36214352	19.77731133
65.39599820	8.28186512	15.82492638
65.39999820	8.20158672	19.77731133
65.40399820	8.20158672	19.77731133
65.40799820	8.28186512	19.77731133
65.41199820	8.36214352	19.77731133
65.41599820	8.28186512	19.77731133
65.41999820	8.28186512	19.77731133
65.42399820	8.28186512	19.77731133
65.42799820	8.28186512	19.77731133
65.43199820	8.28186512	15.82492638
65.43599820	8.36214352	15.82492638
65.43999820	8.28186512	19.77731133
65.44399820	8.20158672	15.82492638
65.44799820	8.28186512	15.82492638
65.45199820	8.36214352	15.82492638
65.45599820	8.36214352	19.77731133
65.45999820	8.28186512	15.82492638
65.46399820	8.20158672	19.77731133
65.46799820	8.20158672	15.82492638
65.47199820	8.28186512	15.82492638
65.47599820	8.28186512	15.82492638
65.47999820	8.28186512	19.77731133
65.48399820	8.28186512	19.77731133
65.48799820	8.20158672	23.72970009
65.49199820	8.20158672	19.77731133
65.49599820	8.20158672	15.82492638
65.49999820	8.28186512	15.82492638
65.50399820	8.28186512	19.77731133
65.50799820	8.28186512	15.82492638
65.51199820	8.28186512	15.82492638
65.51599820	8.28186512	15.82492638
65.51999820	8.20158672	19.77731133
65.52399820	8.20158672	11.85715961
65.52799820	8.28186512	15.82492638
65.53199820	8.36214352	15.82492638
65.53599820	8.28186512	19.77731133
65.53999820	8.28186512	15.82492638
65.54399820	8.28186512	19.77731133
65.54799820	8.20158672	15.82492638
65.55199820	8.20158672	19.77731133
65.55599820	8.28186512	15.82492638
65.55999820	8.28186512	19.77731133
65.56399820	8.36214352	15.82492638
65.56799820	8.28186512	19.77731133
65.57199820	8.20158672	15.82492638
65.57599820	8.20158672	19.77731133
65.57999820	8.20158672	15.82492638
65.58399820	8.36214352	19.77731133
65.58799820	8.28186512	19.77731133
65.59199820	8.28186512	19.77731133
65.59599820	8.20158672	15.82492638
65.59999820	8.20158672	19.77731133
65.60399820	8.20158672	15.82492638
65.60799820	8.28186512	19.77731133
65.61199820	8.28186512	19.77731133
65.61599820	8.36214352	19.77731133
65.61999820	8.20158672	15.82492638
65.62399820	8.20158672	15.82492638
65.62799820	8.20158672	11.85715961
65.63199820	8.28186512	19.77731133
65.63599820	8.28186512	15.82492638
65.63999820	8.28186512	19.77731133
65.64399820	8.28186512	19.77731133
65.64799820	8.28186512	15.82492638
65.65199820	8.20158672	15.82492638
65.65599820	8.20158672	19.77731133
65.65999820	8.28186512	15.82492638
65.66399820	8.28186512	19.77731133
65.66799820	8.36214352	19.77731133
65.67199820	8.28186512	19.77731133
65.67599820	8.20158672	15.82492638
65.67999820	8.28186512	19.77731133
65.68399820	8.20158672	15.82492638
65.68799820	8.28186512	19.77731133
65.69199820	8.28186512	19.77731133
65.69599820	8.28186512	19.77731133
65.69999820	8.28186512	15.82492638
65.70399820	8.20158672	19.77731133
65.70799820	8.20158672	15.82492638
65.71199820	8.20158672	19.77731133
65.71599820	8.28186512	15.82492638
65.71999820	8.36214352	15.82492638
65.72399820	8.28186512	15.82492638
65.72799820	8.28186512	19.77731133
65.73199820	8.20158672	15.82492638
65.73599820	8.28186512	15.82492638
65.73999819	8.20158672	15.82492638
65.74399819	8.36214352	19.77731133
65.74799819	8.36214352	19.77731133
65.75199819	8.28186512	19.77731133
65.75599819	8.28186512	15.82492638
65.75999819	8.28186512	23.72970009
65.76399819	8.20158672	15.82492638
65.76799819	8.20158672	15.82492638
65.77199819	8.28186512	15.82492638
65.77599819	8.36214352	23.72970009
65.77999819	8.36214352	15.82492638
65.78399819	8.20158672	19.77731133
65.78799819	8.20158672	11.85715961
65.79199819	8.28186512	19.77731133
65.79599819	8.28186512	19.77731133
65.79999819	8.28186512	19.77731133
65.80399819	8.28186512	19.77731133
65.80799819	8.20158672	19.77731133
65.81199819	8.20158672	15.82492638
65.81599819	8.28186512	15.82492638
65.81999819	8.28186512	15.82492638
65.82399819	8.28186512	19.77731133
65.82799819	8.20158672	19.77731133
65.83199819	8.28186512	15.82492638
65.83599819	8.28186512	15.82492638
65.83999819	8.28186512	19.77731133
65.84399819	8.28186512	15.82492638
65.84799819	8.28186512	19.77731133
65.85199819	8.20158672	19.77731133
65.85599819	8.28186512	19.77731133
65.85999819	8.28186512	11.85715961
65.86399819	8.28186512	19.77731133
65.86799819	8.36214352	15.82492638
65.87199819	8.28186512	23.72970009
65.87599819	8.28186512	19.77731133
65.87999819	8.28186512	19.77731133
65.88399819	8.28186512	19.77731133
65.88799819	8.36214352	19.77731133
65.89199819	8.28186512	15.82492638
65.89599819	8.28186512	19.77731133
65.89999819	8.28186512	15.82492638
65.90399819	8.36214352	15.82492638
65.90799819	8.28186512	19.77731133
65.91199819	8.28186512	19.77731133
65.91599819	8.28186512	15.82492638
65.91999819	8.36214352	19.77731133
65.92399819	8.28186512	15.82492638
65.92799819	8.28186512	15.82492638
65.93199819	8.28186512	15.82492638
65.93599819	8.28186512	19.77731133
65.93999819	8.28186512	19.77731133
65.94399819	8.20158672	19.77731133
65.94799819	8.28186512	15.82492638
65.95199819	8.28186512	19.77731133
65.95599819	8.28186512	15.82492638
65.95999819	8.28186512	19.77731133
65.96399819	8.20158672	19.77731133
65.96799819	8.28186512	19.77731133
65.97199819	8.28186512	15.82492638
65.97599819	8.28186512	19.77731133
65.97999819	8.28186512	15.82492638
65.98399819	8.28186512	19.77731133
65.98799819	8.28186512	15.82492638
65.99199819	8.28186512	15.82492638
65.99599819	8.20158672	15.82492638
65.99999819	8.28186512	19.77731133
66.00399819	8.28186512	19.77731133
66.00799819	8.28186512	23.72970009
66.01199819	8.28186512	19.77731133
66.01599819	8.28186512	15.82492638
66.01999819	8.36214352	15.82492638
66.02399819	8.20158672	19.77731133
66.02799819	8.20158672	15.82492638
66.03199819	8.28186512	23.72970009
66.03599819	8.28186512	15.82492638
66.03999819	8.28186512	19.77731133
66.04399819	8.28186512	15.82492638
66.04799819	8.28186512	19.77731133
66.05199819	8.28186512	15.82492638
66.05599819	8.28186512	19.77731133
66.05999819	8.28186512	19.77731133
66.06399819	8.28186512	19.77731133
66.06799819	8.28186512	11.85715961
66.07199819	8.28186512	19.77731133
66.07599819	8.20158672	15.82492638
66.07999819	8.28186512	15.82492638
66.08399819	8.36214352	15.82492638
66.08799819	8.36214352	19.77731133
66.09199818	8.28186512	19.77731133
66.09599818	8.20158672	19.77731133
66.09999818	8.28186512	15.82492638
66.10399818	8.28186512	19.77731133
66.10799818	8.20158672	19.77731133
66.11199818	8.20158672	19.77731133
66.11599818	8.28186512	15.82492638
66.11999818	8.44272900	19.77731133
66.12399818	8.28186512	19.77731133
66.12799818	8.12100124	19.77731133
66.13199818	8.20158672	15.82492638
66.13599818	8.36214352	19.77731133
66.13999818	8.36214352	19.77731133
66.14399818	8.28186512	19.77731133
66.14799818	8.12100124	19.77731133
66.15199818	8.20158672	19.77731133
66.15599818	8.36214352	15.82492638
66.15999818	8.36214352	19.77731133
66.16399818	8.20158672	19.77731133
66.16799818	8.28186512	19.77731133
66.17199818	8.28186512	15.82492638
66.17599818	8.28186512	23.72970009
66.17999818	8.20158672	15.82492638
66.18399818	8.20158672	15.82492638
66.18799818	8.28186512	19.77731133
66.19199818	8.36214352	19.77731133
66.19599818	8.28186512	15.82492638
66.19999818	8.28186512	15.82492638
66.20399818	8.28186512	15.82492638
66.20799818	8.28186512	19.77731133
66.21199818	8.28186512	15.82492638
66.21599818	8.20158672	19.77731133
66.21999818	8.28186512	15.82492638
66.22399818	8.36214352	19.77731133
66.22799818	8.36214352	19.77731133
66.23199818	8.28186512	19.77731133
66.23599818	8.20158672	19.77731133
66.23999818	8.28186512	19.77731133
66.24399818	8.36214352	15.82492638
66.24799818	8.28186512	19.77731133
66.25199818	8.20158672	19.77731133
66.25599818	8.20158672	19.77731133
66.25999818	8.36214352	15.82492638
66.26399818	8.28186512	19.77731133
66.26799818	8.20158672	15.82492638
66.27199818	8.20158672	19.77731133
66.27599818	8.28186512	19.77731133
66.27999818	8.28186512	19.77731133
66.28399818	8.28186512	19.77731133
66.28799818	8.20158672	19.77731133
66.29199818	8.20158672	15.82492638
66.29599818	8.28186512	19.77731133
66.29999818	8.20158672	19.77731133
66.30399818	8.20158672	19.77731133
66.30799818	8.28186512	15.82492638
66.31199818	8.36214352	15.82492638
66.31599818	8.20158672	19.77731133
66.31999818	8.12100124	19.77731133
66.32399818	8.20158672	11.85715961
66.32799818	8.36214352	15.82492638
66.33199818	8.28186512	15.82492638
66.33599818	8.28186512	19.77731133
66.33999818	8.20158672	19.77731133
66.34399818	8.20158672	15.82492638
66.34799818	8.28186512	15.82492638
66.35199818	8.20158672	19.77731133
66.35599818	8.20158672	15.82492638
66.35999818	8.28186512	19.77731133
66.36399818	8.36214352	19.77731133
66.36799818	8.20158672	23.72970009
66.37199818	8.12100124	19.77731133
66.37599818	8.20158672	19.77731133
66.37999818	8.36214352	19.77731133
66.38399818	8.28186512	19.77731133
66.38799818	8.20158672	19.77731133
66.39199818	8.20158672	19.77731133
66.39599818	8.28186512	19.77731133
66.39999818	8.28186512	19.77731133
66.40399818	8.20158672	19.77731133
66.40799818	8.20158672	19.77731133
66.41199818	8.28186512	15.82492638
66.41599818	8.28186512	19.77731133
66.41999818	8.20158672	15.82492638
66.42399818	8.20158672	15.82492638
66.42799818	8.28186512	15.82492638
66.43199818	8.36214352	19.77731133
66.43599818	8.20158672	19.77731133
66.43999818	8.20158672	19.77731133
66.44399818	8.20158672	15.82492638
66.44799817	8.28186512	15.82492638
66.45199817	8.28186512	15.82492638
66.45599817	8.28186512	19.77731133
66.45999817	8.20158672	19.77731133
66.46399817	8.20158672	19.77731133
66.46799817	8.20158672	19.77731133
66.47199817	8.28186512	15.82492638
66.47599817	8.20158672	15.82492638
66.47999817	8.28186512	19.77731133
66.48399817	8.28186512	15.82492638
66.48799817	8.28186512	19.77731133
66.49199817	8.20158672	19.77731133
66.49599817	8.28186512	19.77731133
66.49999817	8.28186512	15.82492638
66.50399817	8.28186512	15.82492638
66.50799817	8.20158672	19.77731133
66.51199817	8.20158672	15.82492638
66.51599817	8.28186512	15.82492638
66.51999817	8.36214352	15.82492638
66.52399817	8.20158672	15.82492638
66.52799817	8.20158672	15.82492638
66.53199817	8.20158672	19.77731133
66.53599817	8.28186512	15.82492638
66.53999817	8.28186512	15.82492638
66.54399817	8.20158672	15.82492638
66.54799817	8.20158672	19.77731133
66.55199817	8.28186512	19.77731133
66.55599817	8.28186512	19.77731133
66.55999817	8.20158672	19.77731133
66.56399817	8.20158672	15.82492638
66.56799817	8.28186512	15.82492638
66.57199817	8.28186512	23.72970009
66.57599817	8.28186512	19.77731133
66.57999817	8.28186512	15.82492638
66.58399817	8.28186512	19.77731133
66.58799817	8.28186512	19.77731133
66.59199817	8.20158672	19.77731133
66.59599817	8.28186512	15.82492638
66.59999817	8.28186512	19.77731133
66.60399817	8.28186512	19.77731133
66.60799817	8.28186512	19.77731133
66.61199817	8.20158672	19.77731133
66.61599817	8.20158672	19.77731133
66.61999817	8.20158672	15.82492638
66.62399817	8.20158672	19.77731133
66.62799817	8.28186512	19.77731133
66.63199817	8.36214352	19.77731133
66.63599817	8.28186512	19.77731133
66.63999817	8.28186512	19.77731133
66.64399817	8.20158672	15.82492638
66.64799817	8.28186512	19.77731133
66.65199817	8.28186512	15.82492638
66.65599817	8.36214352	19.77731133
66.65999817	8.28186512	19.77731133
66.66399817	8.28186512	19.77731133
66.66799817	8.20158672	19.77731133
66.67199817	8.20158672	15.82492638
66.67599817	8.28186512	15.82492638
66.67999817	8.28186512	19.77731133
66.68399817	8.36214352	19.77731133
66.68799817	8.28186512	23.72970009
66.69199817	8.20158672	19.77731133
66.69599817	8.20158672	15.82492638
66.69999817	8.28186512	11.85715961
66.70399817	8.28186512	19.77731133
66.70799817	8.28186512	19.77731133
66.71199817	8.28186512	19.77731133
66.71599817	8.28186512	15.82492638
66.71999817	8.28186512	15.82492638
66.72399817	8.28186512	15.82492638
66.72799817	8.20158672	15.82492638
66.73199817	8.20158672	15.82492638
66.73599817	8.36214352	19.77731133
66.73999817	8.28186512	15.82492638
66.74399817	8.28186512	15.82492638
66.74799817	8.20158672	15.82492638
66.75199817	8.20158672	15.82492638
66.75599817	8.28186512	15.82492638
66.75999817	8.28186512	19.77731133
66.76399817	8.28186512	15.82492638
66.76799817	8.28186512	15.82492638
66.77199817	8.20158672	15.82492638
66.77599817	8.20158672	19.77731133
66.77999817	8.20158672	19.77731133
66.78399817	8.36214352	19.77731133
66.78799817	8.36214352	15.82492638
66.79199817	8.28186512	23.72970009
66.79599817	8.20158672	19.77731133
66.79999816	8.28186512	19.77731133
66.80399816	8.28186512	19.77731133
66.80799816	8.28186512	19.77731133
66.81199816	8.28186512	15.82492638
66.81599816	8.20158672	19.77731133
66.81999816	8.28186512	15.82492638
66.82399816	8.28186512	15.82492638
66.82799816	8.28186512	19.77731133
66.83199816	8.28186512	15.82492638
66.83599816	8.28186512	19.77731133
66.83999816	8.28186512	19.77731133
66.84399816	8.20158672	15.82492638
66.84799816	8.28186512	19.77731133
66.85199816	8.36214352	15.82492638
66.85599816	8.28186512	23.72970009
66.85999816	8.28186512	19.77731133
66.86399816	8.28186512	19.77731133
66.86799816	8.28186512	15.82492638
66.87199816	8.28186512	15.82492638
66.87599816	8.20158672	19.77731133
66.87999816	8.28186512	19.77731133
66.88399816	8.28186512	15.82492638
66.88799816	8.28186512	19.77731133
66.89199816	8.28186512	15.82492638
66.89599816	8.28186512	15.82492638
66.89999816	8.28186512	19.77731133
66.90399816	8.20158672	19.77731133
66.90799816	8.20158672	15.82492638
66.91199816	8.28186512	19.77731133
66.91599816	8.28186512	19.77731133
66.91999816	8.28186512	15.82492638
66.92399816	8.28186512	19.77731133
66.92799816	8.28186512	19.77731133
66.93199816	8.28186512	19.77731133
66.93599816	8.28186512	15.82492638
66.93999816	8.28186512	15.82492638
66.94399816	8.36214352	19.77731133
66.94799816	8.36214352	15.82492638
66.95199816	8.28186512	19.77731133
66.95599816	8.28186512	15.82492638
66.95999816	8.20158672	19.77731133
66.96399816	8.28186512	15.82492638
66.96799816	8.28186512	19.77731133
66.97199816	8.36214352	19.77731133
66.97599816	8.36214352	19.77731133
66.97999816	8.20158672	15.82492638
66.98399816	8.28186512	19.77731133
66.98799816	8.28186512	15.82492638
66.99199816	8.28186512	19.77731133
66.99599816	8.36214352	19.77731133
66.99999816	8.36214352	19.77731133
67.00399816	8.36214352	19.77731133
67.00799816	8.28186512	19.77731133
67.01199816	8.20158672	15.82492638
67.01599816	8.28186512	15.82492638
67.01999816	8.36214352	15.82492638
67.02399816	8.36214352	23.72970009
67.02799816	8.28186512	19.77731133
67.03199816	8.28186512	19.77731133
67.03599816	8.28186512	15.82492638
67.03999816	8.20158672	19.77731133
67.04399816	8.20158672	19.77731133
67.04799816	8.36214352	15.82492638
67.05199816	8.44272900	19.77731133
67.05599816	8.36214352	23.72970009
67.05999816	8.28186512	15.82492638
67.06399816	8.28186512	19.77731133
67.06799816	8.20158672	15.82492638
67.07199816	8.36214352	15.82492638
67.07599816	8.28186512	15.82492638
67.07999816	8.28186512	19.77731133
67.08399816	8.28186512	15.82492638
67.08799816	8.28186512	19.77731133
67.09199816	8.28186512	15.82492638
67.09599816	8.28186512	15.82492638
67.09999816	8.28186512	15.82492638
67.10399816	8.36214352	19.77731133
67.10799816	8.28186512	19.77731133
67.11199816	8.28186512	19.77731133
67.11599816	8.28186512	15.82492638
67.11999816	8.28186512	19.77731133
67.12399816	8.28186512	19.77731133
67.12799816	8.28186512	19.77731133
67.13199816	8.28186512	19.77731133
67.13599816	8.28186512	19.77731133
67.13999816	8.28186512	15.82492638
67.14399816	8.20158672	15.82492638
67.14799816	8.28186512	15.82492638
67.15199815	8.28186512	23.72970009
67.15599815	8.28186512	19.77731133
67.15999815	8.28186512	15.82492638
67.16399815	8.28186512	15.82492638
67.16799815	8.28186512	19.77731133
67.17199815	8.36214352	15.82492638
67.17599815	8.28186512	19.77731133
67.17999815	8.20158672	19.77731133
67.18399815	8.28186512	15.82492638
67.18799815	8.36214352	19.77731133
67.19199815	8.36214352	19.77731133
67.19599815	8.28186512	15.82492638
67.19999815	8.28186512	19.77731133
67.20399815	8.28186512	19.77731133
67.20799815	8.28186512	19.77731133
67.21199815	8.28186512	15.82492638
67.21599815	8.28186512	19.77731133
67.21999815	8.28186512	15.82492638
67.22399815	8.36214352	19.77731133
67.22799815	8.20158672	19.77731133
67.23199815	8.20158672	19.77731133
67.23599815	8.28186512	15.82492638
67.23999815	8.36214352	19.77731133
67.24399815	8.28186512	23.72970009
67.24799815	8.28186512	23.72970009
67.25199815	8.20158672	19.77731133
67.25599815	8.28186512	19.77731133
67.25999815	8.28186512	15.82492638
67.26399815	8.28186512	15.82492638
67.26799815	8.28186512	15.82492638
67.27199815	8.28186512	19.77731133
67.27599815	8.28186512	19.77731133
67.27999815	8.28186512	19.77731133
67.28399815	8.20158672	15.82492638
67.28799815	8.28186512	19.77731133
67.29199815	8.28186512	15.82492638
67.29599815	8.28186512	19.77731133
67.29999815	8.28186512	15.82492638
67.30399815	8.28186512	15.82492638
67.30799815	8.20158672	15.82492638
67.31199815	8.28186512	19.77731133
67.31599815	8.36214352	15.82492638
67.31999815	8.36214352	19.77731133
67.32399815	8.28186512	15.82492638
67.32799815	8.20158672	19.77731133
67.33199815	8.20158672	15.82492638
67.33599815	8.28186512	19.77731133
67.33999815	8.28186512	15.82492638
67.34399815	8.28186512	19.77731133
67.34799815	8.28186512	15.82492638
67.35199815	8.28186512	19.77731133
67.35599815	8.28186512	19.77731133
67.35999815	8.20158672	15.82492638
67.36399815	8.28186512	15.82492638
67.36799815	8.28186512	19.77731133
67.37199815	8.28186512	19.77731133
67.37599815	8.36214352	19.77731133
67.37999815	8.28186512	15.82492638
67.38399815	8.20158672	19.77731133
67.38799815	8.28186512	15.82492638
67.39199815	8.28186512	19.77731133
67.39599815	8.28186512	19.77731133
67.39999815	8.28186512	19.77731133
67.40399815	8.28186512	15.82492638
67.40799815	8.28186512	19.77731133
67.41199815	8.28186512	15.82492638
67.41599815	8.28186512	19.77731133
67.41999815	8.20158672	19.77731133
67.42399815	8.28186512	19.77731133
67.42799815	8.28186512	19.77731133
67.43199815	8.28186512	15.82492638
67.43599815	8.28186512	19.77731133
67.43999815	8.20158672	19.77731133
67.44399815	8.20158672	19.77731133
67.44799815	8.36214352	19.77731133
67.45199815	8.28186512	15.82492638
67.45599815	8.28186512	19.77731133
67.45999815	8.28186512	15.82492638
67.46399815	8.36214352	19.77731133
67.46799815	8.28186512	19.77731133
67.47199815	8.28186512	19.77731133
67.47599815	8.12100124	15.82492638
67.47999815	8.28186512	15.82492638
67.48399815	8.36214352	19.77731133
67.48799815	8.44272900	19.77731133
67.49199815	8.36214352	19.77731133
67.49599815	8.20158672	19.77731133
67.49999815	8.20158672	15.82492638
67.50399815	8.28186512	19.77731133
67.50799814	8.28186512	15.82492638
67.51199814	8.36214352	19.77731133
67.51599814	8.28186512	19.77731133
67.51999814	8.28186512	23.72970009
67.52399814	8.20158672	15.82492638
67.52799814	8.20158672	19.77731133
67.53199814	8.20158672	15.82492638
67.53599814	8.28186512	19.77731133
67.53999814	8.36214352	19.77731133
67.54399814	8.36214352	23.72970009
67.54799814	8.20158672	15.82492638
67.55199814	8.20158672	15.82492638
67.55599814	8.28186512	15.82492638
67.55999814	8.28186512	19.77731133
67.56399814	8.28186512	15.82492638
67.56799814	8.36214352	23.72970009
67.57199814	8.28186512	19.77731133
67.57599814	8.20158672	15.82492638
67.57999814	8.20158672	15.82492638
67.58399814	8.20158672	19.77731133
67.58799814	8.28186512	19.77731133
67.59199814	8.36214352	19.77731133
67.59599814	8.28186512	19.77731133
67.59999814	8.20158672	19.77731133
67.60399814	8.28186512	15.82492638
67.60799814	8.20158672	19.77731133
67.61199814	8.28186512	19.77731133
67.61599814	8.36214352	19.77731133
67.61999814	8.28186512	19.77731133
67.62399814	8.28186512	19.77731133
67.62799814	8.28186512	15.82492638
67.63199814	8.28186512	19.77731133
67.63599814	8.28186512	19.77731133
67.63999814	8.20158672	15.82492638
67.64399814	8.36214352	19.77731133
67.64799814	8.36214352	19.77731133
67.65199814	8.28186512	15.82492638
67.65599814	8.28186512	19.77731133
67.65999814	8.20158672	15.82492638
67.66399814	8.28186512	19.77731133
67.66799814	8.28186512	19.77731133
67.67199814	8.28186512	19.77731133
67.67599814	8.20158672	15.82492638
67.67999814	8.28186512	19.77731133
67.68399814	8.28186512	15.82492638
67.68799814	8.28186512	19.77731133
67.69199814	8.28186512	15.82492638
67.69599814	8.28186512	19.77731133
67.69999814	8.28186512	19.77731133
67.70399814	8.28186512	19.77731133
67.70799814	8.28186512	15.82492638
67.71199814	8.28186512	19.77731133
67.71599814	8.28186512	15.82492638
67.71999814	8.28186512	19.77731133
67.72399814	8.28186512	15.82492638
67.72799814	8.36214352	15.82492638
67.73199814	8.36214352	15.82492638
67.73599814	8.20158672	23.72970009
67.73999814	8.20158672	15.82492638
67.74399814	8.28186512	19.77731133
67.74799814	8.36214352	15.82492638
67.75199814	8.28186512	19.77731133
67.75599814	8.28186512	19.77731133
67.75999814	8.28186512	19.77731133
67.76399814	8.28186512	15.82492638
67.76799814	8.28186512	19.77731133
67.77199814	8.36214352	19.77731133
67.77599814	8.36214352	23.72970009
67.77999814	8.28186512	19.77731133
67.78399814	8.28186512	19.77731133
67.78799814	8.20158672	19.77731133
67.79199814	8.20158672	15.82492638
67.79599814	8.28186512	11.85715961
67.79999814	8.36214352	19.77731133
67.80399814	8.36214352	19.77731133
67.80799814	8.28186512	19.77731133
67.81199814	8.20158672	15.82492638
67.81599814	8.28186512	19.77731133
67.81999814	8.28186512	19.77731133
67.82399814	8.28186512	23.72970009
67.82799814	8.28186512	19.77731133
67.83199814	8.28186512	19.77731133
67.83599814	8.28186512	19.77731133
67.83999814	8.28186512	19.77731133
67.84399814	8.20158672	19.77731133
67.84799814	8.28186512	19.77731133
67.85199814	8.28186512	15.82492638
67.85599814	8.36214352	19.77731133
67.85999813	8.28186512	15.82492638
67.86399813	8.28186512	15.82492638
67.86799813	8.28186512	15.82492638
67.87199813	8.28186512	19.77731133
67.87599813	8.28186512	15.82492638
67.87999813	8.28186512	19.77731133
67.88399813	8.36214352	19.77731133
67.88799813	8.36214352	19.77731133
67.89199813	8.20158672	15.82492638
67.89599813	8.20158672	19.77731133
67.89999813	8.20158672	15.82492638
67.90399813	8.36214352	19.77731133
67.90799813	8.36214352	19.77731133
67.91199813	8.36214352	23.72970009
67.91599813	8.28186512	19.77731133
67.91999813	8.28186512	19.77731133
67.92399813	8.28186512	15.82492638
67.92799813	8.28186512	19.77731133
67.93199813	8.28186512	15.82492638
67.93599813	8.36214352	19.77731133
67.93999813	8.36214352	19.77731133
67.94399813	8.28186512	19.77731133
67.94799813	8.20158672	15.82492638
67.95199813	8.20158672	19.77731133
67.95599813	8.28186512	15.82492638
67.95999813	8.36214352	19.77731133
67.96399813	8.36214352	19.77731133
67.96799813	8.36214352	23.72970009
67.97199813	8.28186512	19.77731133
67.97599813	8.28186512	19.77731133
67.97999813	8.20158672	19.77731133
67.98399813	8.28186512	15.82492638
67.98799813	8.36214352	19.77731133
67.99199813	8.36214352	19.77731133
67.99599813	8.28186512	19.77731133
67.99999813	8.20158672	19.77731133
68.00399813	8.28186512	15.82492638
68.00799813	8.28186512	15.82492638
68.01199813	8.28186512	15.82492638
68.01599813	8.36214352	19.77731133
68.01999813	8.36214352	19.77731133
68.02399813	8.36214352	23.72970009
68.02799813	8.28186512	19.77731133
68.03199813	8.20158672	19.77731133
68.03599813	8.20158672	15.82492638
68.03999813	8.28186512	19.77731133
68.04399813	8.44272900	19.77731133
68.04799813	8.44272900	19.77731133
68.05199813	8.28186512	23.72970009
68.05599813	8.20158672	19.77731133
68.05999813	8.20158672	19.77731133
68.06399813	8.28186512	19.77731133
68.06799813	8.28186512	19.77731133
68.07199813	8.36214352	19.77731133
68.07599813	8.36214352	15.82492638
68.07999813	8.36214352	19.77731133
68.08399813	8.20158672	15.82492638
68.08799813	8.12100124	15.82492638
68.09199813	8.28186512	15.82492638
68.09599813	8.36214352	19.77731133
68.09999813	8.44272900	19.77731133
68.10399813	8.28186512	19.77731133
68.10799813	8.28186512	19.77731133
68.11199813	8.20158672	15.82492638
68.11599813	8.20158672	15.82492638
68.11999813	8.28186512	19.77731133
68.12399813	8.28186512	19.77731133
68.12799813	8.36214352	19.77731133
68.13199813	8.36214352	15.82492638
68.13599813	8.28186512	19.77731133
68.13999813	8.20158672	15.82492638
68.14399813	8.20158672	15.82492638
68.14799813	8.28186512	19.77731133
68.15199813	8.36214352	23.72970009
68.15599813	8.36214352	19.77731133
68.15999813	8.36214352	19.77731133
68.16399813	8.20158672	15.82492638
68.16799813	8.20158672	15.82492638
68.17199813	8.28186512	15.82492638
68.17599813	8.36214352	19.77731133
68.17999813	8.28186512	23.72970009
68.18399813	8.28186512	19.77731133
68.18799813	8.28186512	19.77731133
68.19199813	8.28186512	19.77731133
68.19599813	8.20158672	15.82492638
68.19999813	8.28186512	19.77731133
68.20399813	8.36214352	15.82492638
68.20799813	8.36214352	23.72970009
68.21199813	8.28186512	19.77731133
68.21599812	8.28186512	19.77731133
68.21999812	8.28186512	15.82492638
68.22399812	8.28186512	19.77731133
68.22799812	8.28186512	19.77731133
68.23199812	8.28186512	23.72970009
68.23599812	8.28186512	19.77731133
68.23999812	8.28186512	15.82492638
68.24399812	8.28186512	15.82492638
68.24799812	8.28186512	19.77731133
68.25199812	8.20158672	15.82492638
68.25599812	8.28186512	19.77731133
68.25999812	8.36214352	15.82492638
68.26399812	8.36214352	19.77731133
68.26799812	8.28186512	19.77731133
68.27199812	8.20158672	19.77731133
68.27599812	8.20158672	15.82492638
68.27999812	8.28186512	23.72970009
68.28399812	8.36214352	19.77731133
68.28799812	8.36214352	23.72970009
68.29199812	8.28186512	19.77731133
68.29599812	8.28186512	19.77731133
68.29999812	8.20158672	19.77731133
68.30399812	8.20158672	19.77731133
68.30799812	8.28186512	15.82492638
68.31199812	8.36214352	19.77731133
68.31599812	8.36214352	19.77731133
68.31999812	8.28186512	23.72970009
68.32399812	8.20158672	15.82492638
68.32799812	8.20158672	15.82492638
68.33199812	8.36214352	19.77731133
68.33599812	8.28186512	19.77731133
68.33999812	8.28186512	19.77731133
68.34399812	8.28186512	19.77731133
68.34799812	8.28186512	19.77731133
68.35199812	8.28186512	19.77731133
68.35599812	8.20158672	15.82492638
68.35999812	8.20158672	19.77731133
68.36399812	8.28186512	19.77731133
68.36799812	8.36214352	19.77731133
68.37199812	8.28186512	15.82492638
68.37599812	8.20158672	19.77731133
68.37999812	8.20158672	15.82492638
68.38399812	8.28186512	19.77731133
68.38799812	8.20158672	15.82492638
68.39199812	8.28186512	19.77731133
68.39599812	8.36214352	15.82492638
68.39999812	8.44272900	19.77731133
68.40399812	8.20158672	19.77731133
68.40799812	8.12100124	19.77731133
68.41199812	8.20158672	19.77731133
68.41599812	8.36214352	19.77731133
68.41999812	8.36214352	19.77731133
68.42399812	8.28186512	23.72970009
68.42799812	8.20158672	15.82492638
68.43199812	8.28186512	19.77731133
68.43599812	8.28186512	15.82492638
68.43999812	8.20158672	19.77731133
68.44399812	8.28186512	15.82492638
68.44799812	8.28186512	19.77731133
68.45199812	8.36214352	19.77731133
68.45599812	8.28186512	19.77731133
68.45999812	8.20158672	19.77731133
68.46399812	8.28186512	15.82492638
68.46799812	8.28186512	15.82492638
68.47199812	8.36214352	19.77731133
68.47599812	8.28186512	19.77731133
68.47999812	8.20158672	23.72970009
68.48399812	8.28186512	15.82492638
68.48799812	8.28186512	19.77731133
68.49199812	8.20158672	19.77731133
68.49599812	8.20158672	23.72970009
68.49999812	8.28186512	15.82492638
68.50399812	8.36214352	15.82492638
68.50799812	8.28186512	19.77731133
68.51199812	8.20158672	19.77731133
68.51599812	8.20158672	15.82492638
68.51999812	8.28186512	19.77731133
68.52399812	8.36214352	19.77731133
68.52799812	8.28186512	19.77731133
68.53199812	8.20158672	19.77731133
68.53599812	8.28186512	19.77731133
68.53999812	8.36214352	19.77731133
68.54399812	8.28186512	19.77731133
68.54799812	8.20158672	19.77731133
68.55199812	8.20158672	19.77731133
68.55599812	8.28186512	15.82492638
68.55999812	8.28186512	23.72970009
68.56399812	8.28186512	19.77731133
68.56799811	8.28186512	15.82492638
68.57199811	8.28186512	15.82492638
68.57599811	8.28186512	19.77731133
68.57999811	8.28186512	19.77731133
68.58399811	8.20158672	19.77731133
68.58799811	8.36214352	19.77731133
68.59199811	8.36214352	23.72970009
68.59599811	8.28186512	19.77731133
68.59999811	8.20158672	19.77731133
68.60399811	8.20158672	15.82492638
68.60799811	8.28186512	19.77731133
68.61199811	8.36214352	15.82492638
68.61599811	8.28186512	19.77731133
68.61999811	8.28186512	15.82492638
68.62399811	8.28186512	19.77731133
68.62799811	8.28186512	15.82492638
68.63199811	8.28186512	19.77731133
68.63599811	8.28186512	15.82492638
68.63999811	8.28186512	19.77731133
68.64399811	8.28186512	19.77731133
68.64799811	8.28186512	15.82492638
68.65199811	8.28186512	19.77731133
68.65599811	8.20158672	19.77731133
68.65999811	8.20158672	15.82492638
68.66399811	8.28186512	19.77731133
68.66799811	8.28186512	19.77731133
68.67199811	8.28186512	19.77731133
68.67599811	8.20158672	15.82492638
68.67999811	8.20158672	19.77731133
68.68399811	8.28186512	15.82492638
68.68799811	8.28186512	23.72970009
68.69199811	8.20158672	19.77731133
68.69599811	8.20158672	19.77731133
68.69999811	8.28186512	15.82492638
68.70399811	8.28186512	19.77731133
68.70799811	8.20158672	15.82492638
68.71199811	8.20158672	15.82492638
68.71599811	8.28186512	15.82492638
68.71999811	8.28186512	19.77731133
68.72399811	8.28186512	19.77731133
68.72799811	8.20158672	19.77731133
68.73199811	8.20158672	19.77731133
68.73599811	8.28186512	19.77731133
68.73999811	8.28186512	15.82492638
68.74399811	8.28186512	19.77731133
68.74799811	8.28186512	15.82492638
68.75199811	8.28186512	19.77731133
68.75599811	8.20158672	15.82492638
68.75999811	8.20158672	15.82492638
68.76399811	8.20158672	15.82492638
68.76799811	8.28186512	19.77731133
68.77199811	8.28186512	19.77731133
68.77599811	8.28186512	19.77731133
68.77999811	8.20158672	19.77731133
68.78399811	8.28186512	15.82492638
68.78799811	8.20158672	15.82492638
68.79199811	8.28186512	19.77731133
68.79599811	8.20158672	19.77731133
68.79999811	8.28186512	19.77731133
68.80399811	8.28186512	11.85715961
68.80799811	8.28186512	23.72970009
68.81199811	8.20158672	15.82492638
68.81599811	8.12100124	15.82492638
68.81999811	8.20158672	19.77731133
68.82399811	8.36214352	23.72970009
68.82799811	8.36214352	15.82492638
68.83199811	8.28186512	19.77731133
68.83599811	8.20158672	19.77731133
68.83999811	8.20158672	19.77731133
68.84399811	8.20158672	19.77731133
68.84799811	8.20158672	19.77731133
68.85199811	8.28186512	19.77731133
68.85599811	8.28186512	23.72970009
68.85999811	8.28186512	15.82492638
68.86399811	8.28186512	15.82492638
68.86799811	8.20158672	19.77731133
68.87199811	8.20158672	15.82492638
68.87599811	8.20158672	15.82492638
68.87999811	8.28186512	19.77731133
68.88399811	8.36214352	19.77731133
68.88799811	8.28186512	19.77731133
68.89199811	8.28186512	19.77731133
68.89599811	8.20158672	19.77731133
68.89999811	8.20158672	19.77731133
68.90399811	8.20158672	19.77731133
68.90799811	8.36214352	19.77731133
68.91199811	8.36214352	19.77731133
68.91599811	8.28186512	15.82492638
68.91999810	8.28186512	19.77731133
68.92399810	8.20158672	15.82492638
68.92799810	8.20158672	19.77731133
68.93199810	8.28186512	15.82492638
68.93599810	8.28186512	19.77731133
68.93999810	8.28186512	15.82492638
68.94399810	8.20158672	19.77731133
68.94799810	8.20158672	15.82492638
68.95199810	8.28186512	19.77731133
68.95599810	8.28186512	19.77731133
68.95999810	8.20158672	19.77731133
68.96399810	8.20158672	19.77731133
68.96799810	8.28186512	19.77731133
68.97199810	8.28186512	19.77731133
68.97599810	8.20158672	19.77731133
68.97999810	8.20158672	11.85715961
68.98399810	8.20158672	19.77731133
68.98799810	8.36214352	15.82492638
68.99199810	8.36214352	19.77731133
68.99599810	8.28186512	15.82492638
68.99999810	8.28186512	19.77731133
69.00399810	8.20158672	15.82492638
69.00799810	8.28186512	19.77731133
69.01199810	8.28186512	15.82492638
69.01599810	8.28186512	19.77731133
69.01999810	8.20158672	15.82492638
69.02399810	8.28186512	19.77731133
69.02799810	8.28186512	19.77731133
69.03199810	8.28186512	19.77731133
69.03599810	8.28186512	19.77731133
69.03999810	8.28186512	19.77731133
69.04399810	8.28186512	19.77731133
69.04799810	8.28186512	19.77731133
69.05199810	8.28186512	19.77731133
69.05599810	8.20158672	19.77731133
69.05999810	8.28186512	15.82492638
69.06399810	8.20158672	19.77731133
69.06799810	8.20158672	19.77731133
69.07199810	8.28186512	19.77731133
69.07599810	8.20158672	19.77731133
69.07999810	8.28186512	19.77731133
69.08399810	8.20158672	19.77731133
69.08799810	8.20158672	19.77731133
69.09199810	8.20158672	15.82492638
69.09599810	8.28186512	19.77731133
69.09999810	8.28186512	19.77731133
69.10399810	8.28186512	19.77731133
69.10799810	8.20158672	15.82492638
69.11199810	8.20158672	19.77731133
69.11599810	8.20158672	15.82492638
69.11999810	8.28186512	19.77731133
69.12399810	8.20158672	19.77731133
69.12799810	8.20158672	15.82492638
69.13199810	8.28186512	19.77731133
69.13599810	8.20158672	19.77731133
69.13999810	8.28186512	15.82492638
69.14399810	8.20158672	19.77731133
69.14799810	8.20158672	15.82492638
69.15199810	8.28186512	19.77731133
69.15599810	8.20158672	19.77731133
69.15999810	8.28186512	19.77731133
69.16399810	8.12100124	15.82492638
69.16799810	8.28186512	15.82492638
69.17199810	8.28186512	23.72970009
69.17599810	8.20158672	19.77731133
69.17999810	8.20158672	19.77731133
69.18399810	8.20158672	19.77731133
69.18799810	8.28186512	19.77731133
69.19199810	8.28186512	19.77731133
69.19599810	8.20158672	19.77731133
69.19999810	8.20158672	19.77731133
69.20399810	8.20158672	15.82492638
69.20799810	8.28186512	19.77731133
69.21199810	8.28186512	19.77731133
69.21599810	8.20158672	19.77731133
69.21999810	8.20158672	19.77731133
69.22399810	8.20158672	19.77731133
69.22799810	8.28186512	19.77731133
69.23199810	8.28186512	19.77731133
69.23599810	8.12100124	19.77731133
69.23999810	8.20158672	19.77731133
69.24399810	8.28186512	19.77731133
69.24799810	8.28186512	19.77731133
69.25199810	8.20158672	19.77731133
69.25599810	8.20158672	15.82492638
69.25999810	8.20158672	15.82492638
69.26399810	8.28186512	19.77731133
69.26799810	8.20158672	15.82492638
69.27199810	8.12100124	19.77731133
69.27599809	8.20158672	15.82492638
69.27999809	8.20158672	19.77731133
69.28399809	8.20158672	15.82492638
69.28799809	8.12100124	15.82492638
69.29199809	8.20158672	15.82492638
69.29599809	8.36214352	23.72970009
69.29999809	8.20158672	19.77731133
69.30399809	8.12100124	19.77731133
69.30799809	8.12100124	15.82492638
69.31199809	8.28186512	19.77731133
69.31599809	8.28186512	19.77731133
69.31999809	8.28186512	19.77731133
69.32399809	8.20158672	19.77731133
69.32799809	8.20158672	19.77731133
69.33199809	8.20158672	15.82492638
69.33599809	8.12100124	19.77731133
69.33999809	8.20158672	15.82492638
69.34399809	8.28186512	19.77731133
69.34799809	8.28186512	15.82492638
69.35199809	8.20158672	19.77731133
69.35599809	8.12100124	15.82492638
69.35999809	8.20158672	19.77731133
69.36399809	8.20158672	15.82492638
69.36799809	8.20158672	19.77731133
69.37199809	8.20158672	15.82492638
69.37599809	8.28186512	19.77731133
69.37999809	8.28186512	15.82492638
69.38399809	8.20158672	19.77731133
69.38799809	8.20158672	15.82492638
69.39199809	8.20158672	19.77731133
69.39599809	8.28186512	19.77731133
69.39999809	8.28186512	19.77731133
69.40399809	8.20158672	19.77731133
69.40799809	8.12100124	19.77731133
69.41199809	8.12100124	15.82492638
69.41599809	8.28186512	19.77731133
69.41999809	8.28186512	15.82492638
69.42399809	8.20158672	19.77731133
69.42799809	8.20158672	15.82492638
69.43199809	8.20158672	19.77731133
69.43599809	8.28186512	19.77731133
69.43999809	8.20158672	19.77731133
69.44399809	8.20158672	15.82492638
69.44799809	8.20158672	19.77731133
69.45199809	8.36214352	19.77731133
69.45599809	8.28186512	23.72970009
69.45999809	8.20158672	19.77731133
69.46399809	8.12100124	19.77731133
69.46799809	8.12100124	15.82492638
69.47199809	8.28186512	19.77731133
69.47599809	8.28186512	15.82492638
69.47999809	8.28186512	19.77731133
69.48399809	8.28186512	15.82492638
69.48799809	8.20158672	19.77731133
69.49199809	8.12100124	19.77731133
69.49599809	8.12100124	19.77731133
69.49999809	8.20158672	15.82492638
69.50399809	8.36214352	19.77731133
69.50799809	8.36214352	19.77731133
69.51199809	8.20158672	19.77731133
69.51599809	8.04072380	19.77731133
69.51999809	8.12100124	15.82492638
69.52399809	8.28186512	15.82492638
69.52799809	8.36214352	23.72970009
69.53199809	8.28186512	19.77731133
69.53599809	8.28186512	19.77731133
69.53999809	8.20158672	15.82492638
69.54399809	8.20158672	15.82492638
69.54799809	8.20158672	19.77731133
69.55199809	8.20158672	19.77731133
69.55599809	8.28186512	19.77731133
69.55999809	8.28186512	19.77731133
69.56399809	8.28186512	15.82492638
69.56799809	8.28186512	19.77731133
69.57199809	8.12100124	11.85715961
69.57599809	8.20158672	19.77731133
69.57999809	8.20158672	19.77731133
69.58399809	8.28186512	19.77731133
69.58799809	8.36214352	19.77731133
69.59199809	8.20158672	19.77731133
69.59599809	8.20158672	19.77731133
69.59999809	8.12100124	19.77731133
69.60399809	8.20158672	15.82492638
69.60799809	8.28186512	19.77731133
69.61199809	8.36214352	19.77731133
69.61599809	8.28186512	19.77731133
69.61999809	8.20158672	19.77731133
69.62399809	8.20158672	19.77731133
69.62799808	8.20158672	11.85715961
69.63199808	8.28186512	19.77731133
69.63599808	8.28186512	19.77731133
69.63999808	8.20158672	19.77731133
69.64399808	8.20158672	19.77731133
69.64799808	8.20158672	19.77731133
69.65199808	8.20158672	15.82492638
69.65599808	8.20158672	19.77731133
69.65999808	8.20158672	15.82492638
69.66399808	8.28186512	19.77731133
69.66799808	8.20158672	19.77731133
69.67199808	8.28186512	19.77731133
69.67599808	8.20158672	15.82492638
69.67999808	8.20158672	15.82492638
69.68399808	8.20158672	15.82492638
69.68799808	8.20158672	19.77731133
69.69199808	8.28186512	15.82492638
69.69599808	8.28186512	15.82492638
69.69999808	8.28186512	15.82492638
69.70399808	8.20158672	15.82492638
69.70799808	8.20158672	19.77731133
69.71199808	8.28186512	15.82492638
69.71599808	8.28186512	19.77731133
69.71999808	8.28186512	19.77731133
69.72399808	8.28186512	19.77731133
69.72799808	8.20158672	19.77731133
69.73199808	8.20158672	19.77731133
69.73599808	8.20158672	19.77731133
69.73999808	8.20158672	15.82492638
69.74399808	8.28186512	19.77731133
69.74799808	8.20158672	19.77731133
69.75199808	8.20158672	19.77731133
69.75599808	8.20158672	15.82492638
69.75999808	8.28186512	19.77731133
69.76399808	8.20158672	15.82492638
69.76799808	8.12100124	15.82492638
69.77199808	8.28186512	19.77731133
69.77599808	8.36214352	19.77731133
69.77999808	8.28186512	15.82492638
69.78399808	8.20158672	19.77731133
69.78799808	8.12100124	15.82492638
69.79199808	8.20158672	15.82492638
69.79599808	8.28186512	15.82492638
69.79999808	8.28186512	19.77731133
69.80399808	8.28186512	15.82492638
69.80799808	8.20158672	19.77731133
69.81199808	8.20158672	19.77731133
69.81599808	8.20158672	15.82492638
69.81999808	8.20158672	15.82492638
69.82399808	8.28186512	19.77731133
69.82799808	8.20158672	19.77731133
69.83199808	8.28186512	15.82492638
69.83599808	8.20158672	15.82492638
69.83999808	8.28186512	19.77731133
69.84399808	8.20158672	15.82492638
69.84799808	8.20158672	23.72970009
69.85199808	8.20158672	15.82492638
69.85599808	8.36214352	19.77731133
69.85999808	8.36214352	19.77731133
69.86399808	8.28186512	19.77731133
69.86799808	8.20158672	15.82492638
69.87199808	8.20158672	15.82492638
69.87599808	8.28186512	19.77731133
69.87999808	8.28186512	15.82492638
69.88399808	8.28186512	19.77731133
69.88799808	8.28186512	19.77731133
69.89199808	8.28186512	15.82492638
69.89599808	8.20158672	15.82492638
69.89999808	8.20158672	15.82492638
69.90399808	8.28186512	15.82492638
69.90799808	8.28186512	15.82492638
69.91199808	8.36214352	19.77731133
69.91599808	8.20158672	19.77731133
69.91999808	8.20158672	19.77731133
69.92399808	8.20158672	15.82492638
69.92799808	8.20158672	19.77731133
69.93199808	8.20158672	19.77731133
69.93599808	8.28186512	19.77731133
69.93999808	8.28186512	15.82492638
69.94399808	8.28186512	19.77731133
69.94799808	8.20158672	19.77731133
69.95199808	8.12100124	19.77731133
69.95599808	8.20158672	15.82492638
69.95999808	8.28186512	19.77731133
69.96399808	8.28186512	19.77731133
69.96799808	8.28186512	19.77731133
69.97199808	8.20158672	15.82492638
69.97599808	8.20158672	19.77731133
69.97999808	8.20158672	15.82492638
69.98399807	8.28186512	19.77731133
69.98799807	8.28186512	15.82492638
69.99199807	8.28186512	15.82492638
69.99599807	8.28186512	15.82492638
69.99999807	8.12100124	15.82492638
70.00399807	8.20158672	15.82492638
70.00799807	8.36214352	15.82492638
70.01199807	8.28186512	19.77731133
70.01599807	8.28186512	19.77731133
70.01999807	8.12100124	15.82492638
70.02399807	8.28186512	15.82492638
70.02799807	8.36214352	15.82492638
70.03199807	8.28186512	23.72970009
70.03599807	8.20158672	15.82492638
70.03999807	8.20158672	19.77731133
70.04399807	8.28186512	19.77731133
70.04799807	8.36214352	19.77731133
70.05199807	8.28186512	15.82492638
70.05599807	8.20158672	19.77731133
70.05999807	8.28186512	15.82492638
70.06399807	8.36214352	23.72970009
70.06799807	8.28186512	19.77731133
70.07199807	8.20158672	15.82492638
70.07599807	8.20158672	15.82492638
70.07999807	8.28186512	19.77731133
70.08399807	8.28186512	19.77731133
70.08799807	8.28186512	19.77731133
70.09199807	8.28186512	15.82492638
70.09599807	8.36214352	19.77731133
70.09999807	8.28186512	19.77731133
70.10399807	8.20158672	19.77731133
70.10799807	8.20158672	15.82492638
70.11199807	8.28186512	19.77731133
70.11599807	8.28186512	15.82492638
70.11999807	8.36214352	19.77731133
70.12399807	8.28186512	19.77731133
70.12799807	8.28186512	19.77731133
70.13199807	8.20158672	15.82492638
70.13599807	8.20158672	23.72970009
70.13999807	8.20158672	15.82492638
70.14399807	8.36214352	19.77731133
70.14799807	8.36214352	19.77731133
70.15199807	8.28186512	19.77731133
70.15599807	8.12100124	15.82492638
70.15999807	8.20158672	19.77731133
70.16399807	8.28186512	15.82492638
70.16799807	8.36214352	19.77731133
70.17199807	8.36214352	19.77731133
70.17599807	8.36214352	23.72970009
70.17999807	8.28186512	15.82492638
70.18399807	8.28186512	15.82492638
70.18799807	8.20158672	15.82492638
70.19199807	8.28186512	19.77731133
70.19599807	8.28186512	15.82492638
70.19999807	8.36214352	19.77731133
70.20399807	8.36214352	19.77731133
70.20799807	8.28186512	19.77731133
70.21199807	8.20158672	11.85715961
70.21599807	8.28186512	19.77731133
70.21999807	8.28186512	15.82492638
70.22399807	8.28186512	19.77731133
70.22799807	8.36214352	15.82492638
70.23199807	8.36214352	19.77731133
70.23599807	8.28186512	15.82492638
70.23999807	8.28186512	19.77731133
70.24399807	8.20158672	19.77731133
70.24799807	8.20158672	19.77731133
70.25199807	8.28186512	15.82492638
70.25599807	8.36214352	19.77731133
70.25999807	8.36214352	19.77731133
70.26399807	8.20158672	19.77731133
70.26799807	8.28186512	15.82492638
70.27199807	8.28186512	19.77731133
70.27599807	8.20158672	15.82492638
70.27999807	8.28186512	15.82492638
70.28399807	8.36214352	19.77731133
70.28799807	8.36214352	23.72970009
70.29199807	8.20158672	15.82492638
70.29599807	8.12100124	15.82492638
70.29999807	8.20158672	15.82492638
70.30399807	8.36214352	15.82492638
70.30799807	8.36214352	19.77731133
70.31199807	8.28186512	19.77731133
70.31599807	8.28186512	19.77731133
70.31999807	8.28186512	19.77731133
70.32399807	8.28186512	15.82492638
70.32799807	8.20158672	15.82492638
70.33199807	8.28186512	15.82492638
70.33599806	8.36214352	19.77731133
70.33999806	8.36214352	15.82492638
70.34399806	8.28186512	19.77731133
70.34799806	8.20158672	11.85715961
70.35199806	8.28186512	15.82492638
70.35599806	8.28186512	19.77731133
70.35999806	8.20158672	19.77731133
70.36399806	8.20158672	15.82492638
70.36799806	8.28186512	19.77731133
70.37199806	8.36214352	15.82492638
70.37599806	8.28186512	15.82492638
70.37999806	8.20158672	15.82492638
70.38399806	8.20158672	15.82492638
70.38799806	8.20158672	15.82492638
70.39199806	8.36214352	19.77731133
70.39599806	8.28186512	15.82492638
70.39999806	8.28186512	19.77731133
70.40399806	8.28186512	15.82492638
70.40799806	8.28186512	15.82492638
70.41199806	8.20158672	15.82492638
70.41599806	8.28186512	15.82492638
70.41999806	8.28186512	15.82492638
70.42399806	8.28186512	19.77731133
70.42799806	8.20158672	19.77731133
70.43199806	8.20158672	15.82492638
70.43599806	8.20158672	15.82492638
70.43999806	8.28186512	19.77731133
70.44399806	8.20158672	19.77731133
70.44799806	8.28186512	19.77731133
70.45199806	8.28186512	15.82492638
70.45599806	8.28186512	19.77731133
70.45999806	8.20158672	15.82492638
70.46399806	8.20158672	19.77731133
70.46799806	8.20158672	19.77731133
70.47199806	8.28186512	19.77731133
70.47599806	8.28186512	19.77731133
70.47999806	8.28186512	19.77731133
70.48399806	8.20158672	15.82492638
70.48799806	8.20158672	19.77731133
70.49199806	8.20158672	19.77731133
70.49599806	8.28186512	19.77731133
70.49999806	8.20158672	19.77731133
70.50399806	8.28186512	19.77731133
70.50799806	8.20158672	15.82492638
70.51199806	8.20158672	19.77731133
70.51599806	8.20158672	15.82492638
70.51999806	8.20158672	19.77731133
70.52399806	8.20158672	15.82492638
70.52799806	8.28186512	19.77731133
70.53199806	8.28186512	19.77731133
70.53599806	8.28186512	15.82492638
70.53999806	8.20158672	15.82492638
70.54399806	8.12100124	19.77731133
70.54799806	8.20158672	15.82492638
70.55199806	8.28186512	15.82492638
70.55599806	8.28186512	19.77731133
70.55999806	8.28186512	19.77731133
70.56399806	8.28186512	15.82492638
70.56799806	8.20158672	19.77731133
70.57199806	8.20158672	15.82492638
70.57599806	8.20158672	15.82492638
70.57999806	8.28186512	15.82492638
70.58399806	8.28186512	19.77731133
70.58799806	8.28186512	15.82492638
70.59199806	8.28186512	19.77731133
70.59599806	8.20158672	15.82492638
70.59999806	8.28186512	15.82492638
70.60399806	8.28186512	15.82492638
70.60799806	8.28186512	19.77731133
70.61199806	8.20158672	15.82492638
70.61599806	8.36214352	19.77731133
70.61999806	8.28186512	15.82492638
70.62399806	8.28186512	19.77731133
70.62799806	8.20158672	15.82492638
70.63199806	8.20158672	19.77731133
70.63599806	8.28186512	15.82492638
70.63999806	8.28186512	19.77731133
70.64399806	8.28186512	19.77731133
70.64799806	8.28186512	15.82492638
70.65199806	8.28186512	15.82492638
70.65599806	8.20158672	19.77731133
70.65999806	8.20158672	15.82492638
70.66399806	8.20158672	19.77731133
70.66799806	8.28186512	15.82492638
70.67199806	8.28186512	19.77731133
70.67599806	8.28186512	19.77731133
70.67999806	8.20158672	19.77731133
70.68399806	8.28186512	19.77731133
70.68799805	8.28186512	19.77731133
70.69199805	8.20158672	15.82492638
70.69599805	8.28186512	15.82492638
70.69999805	8.20158672	15.82492638
70.70399805	8.36214352	15.82492638
70.70799805	8.28186512	15.82492638
70.71199805	8.28186512	19.77731133
70.71599805	8.28186512	15.82492638
70.71999805	8.28186512	19.77731133
70.72399805	8.28186512	19.77731133
70.72799805	8.20158672	19.77731133
70.73199805	8.28186512	15.82492638
70.73599805	8.36214352	19.77731133
70.73999805	8.28186512	15.82492638
70.74399805	8.20158672	15.82492638
70.74799805	8.20158672	15.82492638
70.75199805	8.20158672	15.82492638
70.75599805	8.28186512	15.82492638
70.75999805	8.28186512	19.77731133
70.76399805	8.20158672	15.82492638
70.76799805	8.28186512	19.77731133
70.77199805	8.28186512	19.77731133
70.77599805	8.20158672	19.77731133
70.77999805	8.12100124	15.82492638
70.78399805	8.20158672	19.77731133
70.78799805	8.36214352	15.82492638
70.79199805	8.36214352	23.72970009
70.79599805	8.20158672	19.77731133
70.79999805	8.20158672	15.82492638
70.80399805	8.28186512	15.82492638
70.80799805	8.28186512	19.77731133
70.81199805	8.20158672	11.85715961
70.81599805	8.20158672	15.82492638
70.81999805	8.36214352	15.82492638
70.82399805	8.28186512	15.82492638
70.82799805	8.20158672	19.77731133
70.83199805	8.20158672	19.77731133
70.83599805	8.20158672	15.82492638
70.83999805	8.28186512	19.77731133
70.84399805	8.28186512	15.82492638
70.84799805	8.28186512	15.82492638
70.85199805	8.28186512	15.82492638
70.85599805	8.28186512	19.77731133
70.85999805	8.12100124	15.82492638
70.86399805	8.20158672	15.82492638
70.86799805	8.28186512	15.82492638
70.87199805	8.36214352	15.82492638
70.87599805	8.36214352	15.82492638
70.87999805	8.20158672	19.77731133
70.88399805	8.12100124	15.82492638
70.88799805	8.28186512	11.85715961
70.89199805	8.28186512	19.77731133
70.89599805	8.28186512	19.77731133
70.89999805	8.20158672	15.82492638
70.90399805	8.28186512	19.77731133
70.90799805	8.36214352	15.82492638
70.91199805	8.28186512	19.77731133
70.91599805	8.20158672	15.82492638
70.91999805	8.20158672	19.77731133
70.92399805	8.28186512	15.82492638
70.92799805	8.36214352	19.77731133
70.93199805	8.20158672	15.82492638
70.93599805	8.20158672	15.82492638
70.93999805	8.20158672	15.82492638
70.94399805	8.28186512	19.77731133
70.94799805	8.28186512	15.82492638
70.95199805	8.28186512	15.82492638
70.95599805	8.28186512	15.82492638
70.95999805	8.36214352	19.77731133
70.96399805	8.28186512	19.77731133
70.96799805	8.12100124	19.77731133
70.97199805	8.20158672	15.82492638
70.97599805	8.28186512	15.82492638
70.97999805	8.36214352	19.77731133
70.98399805	8.28186512	23.72970009
70.98799805	8.28186512	11.85715961
70.99199805	8.28186512	19.77731133
70.99599805	8.28186512	15.82492638
70.99999805	8.20158672	15.82492638
71.00399805	8.20158672	19.77731133
71.00799805	8.28186512	19.77731133
71.01199805	8.28186512	15.82492638
71.01599805	8.36214352	15.82492638
71.01999805	8.20158672	15.82492638
71.02399805	8.12100124	15.82492638
71.02799805	8.12100124	11.85715961
71.03199805	8.28186512	15.82492638
71.03599805	8.36214352	15.82492638
71.03999805	8.28186512	19.77731133
71.04399804	8.20158672	19.77731133
71.04799804	8.20158672	15.82492638
71.05199804	8.20158672	19.77731133
71.05599804	8.28186512	19.77731133
71.05999804	8.20158672	19.77731133
71.06399804	8.28186512	19.77731133
71.06799804	8.28186512	19.77731133
71.07199804	8.28186512	19.77731133
71.07599804	8.20158672	11.85715961
71.07999804	8.20158672	19.77731133
71.08399804	8.28186512	15.82492638
71.08799804	8.28186512	19.77731133
71.09199804	8.20158672	15.82492638
71.09599804	8.20158672	19.77731133
71.09999804	8.28186512	15.82492638
71.10399804	8.28186512	19.77731133
71.10799804	8.20158672	19.77731133
71.11199804	8.12100124	19.77731133
71.11599804	8.20158672	19.77731133
71.11999804	8.44272900	19.77731133
71.12399804	8.36214352	15.82492638
71.12799804	8.12100124	19.77731133
71.13199804	8.12100124	15.82492638
71.13599804	8.28186512	15.82492638
71.13999804	8.36214352	15.82492638
71.14399804	8.28186512	15.82492638
71.14799804	8.12100124	15.82492638
71.15199804	8.20158672	15.82492638
71.15599804	8.28186512	15.82492638
71.15999804	8.28186512	15.82492638
71.16399804	8.28186512	15.82492638
71.16799804	8.20158672	19.77731133
71.17199804	8.28186512	15.82492638
71.17599804	8.28186512	19.77731133
71.17999804	8.20158672	19.77731133
71.18399804	8.12100124	15.82492638
71.18799804	8.28186512	15.82492638
71.19199804	8.36214352	19.77731133
71.19599804	8.28186512	19.77731133
71.19999804	8.20158672	19.77731133
71.20399804	8.20158672	11.85715961
71.20799804	8.28186512	15.82492638
71.21199804	8.36214352	15.82492638
71.21599804	8.28186512	23.72970009
71.21999804	8.20158672	11.85715961
71.22399804	8.28186512	19.77731133
71.22799804	8.28186512	15.82492638
71.23199804	8.28186512	15.82492638
71.23599804	8.20158672	15.82492638
71.23999804	8.28186512	19.77731133
71.24399804	8.28186512	19.77731133
71.24799804	8.28186512	19.77731133
71.25199804	8.20158672	15.82492638
71.25599804	8.20158672	11.85715961
71.25999804	8.28186512	19.77731133
71.26399804	8.28186512	19.77731133
71.26799804	8.28186512	19.77731133
71.27199804	8.20158672	19.77731133
71.27599804	8.20158672	15.82492638
71.27999804	8.28186512	15.82492638
71.28399804	8.28186512	15.82492638
71.28799804	8.28186512	19.77731133
71.29199804	8.20158672	15.82492638
71.29599804	8.28186512	23.72970009
71.29999804	8.28186512	15.82492638
71.30399804	8.36214352	19.77731133
71.30799804	8.28186512	19.77731133
71.31199804	8.28186512	19.77731133
71.31599804	8.20158672	15.82492638
71.31999804	8.28186512	19.77731133
71.32399804	8.28186512	15.82492638
71.32799804	8.36214352	19.77731133
71.33199804	8.36214352	15.82492638
71.33599804	8.28186512	19.77731133
71.33999804	8.20158672	15.82492638
71.34399804	8.20158672	15.82492638
71.34799804	8.20158672	15.82492638
71.35199804	8.28186512	15.82492638
71.35599804	8.28186512	15.82492638
71.35999804	8.28186512	23.72970009
71.36399804	8.20158672	15.82492638
71.36799804	8.28186512	15.82492638
71.37199804	8.20158672	15.82492638
71.37599804	8.28186512	15.82492638
71.37999804	8.36214352	19.77731133
71.38399804	8.28186512	23.72970009
71.38799804	8.28186512	15.82492638
71.39199804	8.20158672	15.82492638
71.39599803	8.20158672	15.82492638
71.39999803	8.28186512	19.77731133
71.40399803	8.36214352	15.82492638
71.40799803	8.36214352	19.77731133
71.41199803	8.28186512	19.77731133
71.41599803	8.20158672	15.82492638
71.41999803	8.20158672	15.82492638
71.42399803	8.28186512	19.77731133
71.42799803	8.28186512	15.82492638
71.43199803	8.36214352	19.77731133
71.43599803	8.28186512	19.77731133
71.43999803	8.28186512	15.82492638
71.44399803	8.28186512	15.82492638
71.44799803	8.20158672	19.77731133
71.45199803	8.28186512	15.82492638
71.45599803	8.28186512	19.77731133
71.45999803	8.28186512	15.82492638
71.46399803	8.36214352	19.77731133
71.46799803	8.36214352	15.82492638
71.47199803	8.20158672	19.77731133
71.47599803	8.20158672	15.82492638
71.47999803	8.28186512	15.82492638
71.48399803	8.28186512	19.77731133
71.48799803	8.36214352	19.77731133
71.49199803	8.28186512	15.82492638
71.49599803	8.20158672	19.77731133
71.49999803	8.28186512	15.82492638
71.50399803	8.20158672	19.77731133
71.50799803	8.20158672	11.85715961
71.51199803	8.36214352	15.82492638
71.51599803	8.36214352	15.82492638
71.51999803	8.36214352	19.77731133
71.52399803	8.20158672	15.82492638
71.52799803	8.12100124	19.77731133
71.53199803	8.28186512	15.82492638
71.53599803	8.36214352	19.77731133
71.53999803	8.36214352	15.82492638
71.54399803	8.28186512	19.77731133
71.54799803	8.28186512	15.82492638
71.55199803	8.28186512	19.77731133
71.55599803	8.20158672	15.82492638
71.55999803	8.20158672	15.82492638
71.56399803	8.28186512	15.82492638
71.56799803	8.36214352	19.77731133
71.57199803	8.36214352	19.77731133
71.57599803	8.20158672	19.77731133
71.57999803	8.12100124	15.82492638
71.58399803	8.28186512	15.82492638
71.58799803	8.36214352	15.82492638
71.59199803	8.28186512	19.77731133
71.59599803	8.28186512	15.82492638
71.59999803	8.28186512	19.77731133
71.60399803	8.36214352	19.77731133
71.60799803	8.28186512	19.77731133
71.61199803	8.20158672	15.82492638
71.61599803	8.28186512	15.82492638
71.61999803	8.36214352	15.82492638
71.62399803	8.36214352	19.77731133
71.62799803	8.28186512	19.77731133
71.63199803	8.20158672	15.82492638
71.63599803	8.28186512	15.82492638
71.63999803	8.28186512	19.77731133
71.64399803	8.28186512	15.82492638
71.64799803	8.28186512	19.77731133
71.65199803	8.36214352	15.82492638
71.65599803	8.36214352	19.77731133
71.65999803	8.20158672	19.77731133
71.66399803	8.28186512	15.82492638
71.66799803	8.28186512	15.82492638
71.67199803	8.36214352	19.77731133
71.67599803	8.28186512	15.82492638
71.67999803	8.20158672	19.77731133
71.68399803	8.36214352	15.82492638
71.68799803	8.28186512	19.77731133
71.69199803	8.20158672	15.82492638
71.69599803	8.20158672	19.77731133
71.69999803	8.28186512	15.82492638
71.70399803	8.36214352	15.82492638
71.70799803	8.28186512	19.77731133
71.71199803	8.20158672	19.77731133
71.71599803	8.20158672	11.85715961
71.71999803	8.28186512	15.82492638
71.72399803	8.28186512	15.82492638
71.72799803	8.28186512	19.77731133
71.73199803	8.28186512	15.82492638
71.73599803	8.28186512	19.77731133
71.73999803	8.20158672	15.82492638
71.74399803	8.20158672	15.82492638
71.74799803	8.20158672	15.82492638
71.75199802	8.28186512	19.77731133
71.75599802	8.36214352	19.77731133
71.75999802	8.36214352	23.72970009
71.76399802	8.20158672	15.82492638
71.76799802	8.20158672	15.82492638
71.77199802	8.28186512	15.82492638
71.77599802	8.28186512	19.77731133
71.77999802	8.36214352	15.82492638
71.78399802	8.28186512	19.77731133
71.78799802	8.28186512	19.77731133
71.79199802	8.28186512	15.82492638
71.79599802	8.28186512	15.82492638
71.79999802	8.28186512	19.77731133
71.80399802	8.28186512	15.82492638
71.80799802	8.28186512	19.77731133
71.81199802	8.28186512	15.82492638
71.81599802	8.28186512	19.77731133
71.81999802	8.28186512	19.77731133
71.82399802	8.20158672	15.82492638
71.82799802	8.28186512	15.82492638
71.83199802	8.28186512	19.77731133
71.83599802	8.36214352	15.82492638
71.83999802	8.36214352	19.77731133
71.84399802	8.28186512	15.82492638
71.84799802	8.28186512	19.77731133
71.85199802	8.28186512	15.82492638
71.85599802	8.28186512	19.77731133
71.85999802	8.28186512	15.82492638
71.86399802	8.28186512	15.82492638
71.86799802	8.36214352	19.77731133
71.87199802	8.44272900	19.77731133
71.87599802	8.28186512	15.82492638
71.87999802	8.20158672	15.82492638
71.88399802	8.20158672	15.82492638
71.88799802	8.28186512	15.82492638
71.89199802	8.36214352	15.82492638
71.89599802	8.36214352	19.77731133
71.89999802	8.28186512	15.82492638
71.90399802	8.28186512	19.77731133
71.90799802	8.28186512	15.82492638
71.91199802	8.20158672	15.82492638
71.91599802	8.28186512	15.82492638
71.91999802	8.36214352	19.77731133
71.92399802	8.44272900	19.77731133
71.92799802	8.36214352	19.77731133
71.93199802	8.20158672	15.82492638
71.93599802	8.12100124	11.85715961
71.93999802	8.28186512	11.85715961
71.94399802	8.36214352	19.77731133
71.94799802	8.36214352	19.77731133
71.95199802	8.28186512	19.77731133
71.95599802	8.20158672	15.82492638
71.95999802	8.20158672	15.82492638
71.96399802	8.20158672	15.82492638
71.96799802	8.28186512	15.82492638
71.97199802	8.36214352	15.82492638
71.97599802	8.36214352	23.72970009
71.97999802	8.36214352	19.77731133
71.98399802	8.28186512	19.77731133
71.98799802	8.20158672	15.82492638
71.99199802	8.12100124	19.77731133
71.99599802	8.28186512	15.82492638
71.99999802	8.36214352	19.77731133
72.00399802	8.36214352	19.77731133
72.00799802	8.28186512	19.77731133
72.01199802	8.20158672	15.82492638
72.01599802	8.20158672	19.77731133
72.01999802	8.20158672	15.82492638
72.02399802	8.28186512	19.77731133
72.02799802	8.28186512	19.77731133
72.03199802	8.28186512	19.77731133
72.03599802	8.28186512	15.82492638
72.03999802	8.20158672	15.82492638
72.04399802	8.20158672	15.82492638
72.04799802	8.28186512	19.77731133
72.05199802	8.28186512	15.82492638
72.05599802	8.28186512	19.77731133
72.05999802	8.28186512	19.77731133
72.06399802	8.28186512	19.77731133
72.06799802	8.20158672	19.77731133
72.07199802	8.20158672	15.82492638
72.07599802	8.20158672	19.77731133
72.07999802	8.36214352	19.77731133
72.08399802	8.36214352	15.82492638
72.08799802	8.20158672	19.77731133
72.09199802	8.20158672	15.82492638
72.09599802	8.28186512	19.77731133
72.09999802	8.28186512	15.82492638
72.10399801	8.20158672	15.82492638
72.10799801	8.20158672	15.82492638
72.11199801	8.36214352	19.77731133
72.11599801	8.36214352	19.77731133
72.11999801	8.28186512	19.77731133
72.12399801	8.20158672	15.82492638
72.12799801	8.12100124	15.82492638
72.13199801	8.28186512	15.82492638
72.13599801	8.28186512	19.77731133
72.13999801	8.28186512	19.77731133
72.14399801	8.20158672	19.77731133
72.14799801	8.20158672	15.82492638
72.15199801	8.28186512	19.77731133
72.15599801	8.20158672	15.82492638
72.15999801	8.28186512	19.77731133
72.16399801	8.20158672	15.82492638
72.16799801	8.28186512	19.77731133
72.17199801	8.28186512	15.82492638
72.17599801	8.20158672	19.77731133
72.17999801	8.12100124	15.82492638
72.18399801	8.20158672	15.82492638
72.18799801	8.28186512	19.77731133
72.19199801	8.36214352	19.77731133
72.19599801	8.28186512	19.77731133
72.19999801	8.20158672	19.77731133
72.20399801	8.20158672	19.77731133
72.20799801	8.28186512	19.77731133
72.21199801	8.28186512	19.77731133
72.21599801	8.28186512	15.82492638
72.21999801	8.36214352	15.82492638
72.22399801	8.36214352	19.77731133
72.22799801	8.20158672	15.82492638
72.23199801	8.12100124	15.82492638
72.23599801	8.20158672	11.85715961
72.23999801	8.36214352	19.77731133
72.24399801	8.28186512	19.77731133
72.24799801	8.28186512	19.77731133
72.25199801	8.20158672	19.77731133
72.25599801	8.20158672	19.77731133
72.25999801	8.20158672	15.82492638
72.26399801	8.20158672	15.82492638
72.26799801	8.28186512	15.82492638
72.27199801	8.36214352	15.82492638
72.27599801	8.36214352	23.72970009
72.27999801	8.20158672	19.77731133
72.28399801	8.20158672	15.82492638
72.28799801	8.12100124	15.82492638
72.29199801	8.28186512	15.82492638
72.29599801	8.36214352	15.82492638
72.29999801	8.36214352	19.77731133
72.30399801	8.36214352	19.77731133
72.30799801	8.20158672	19.77731133
72.31199801	8.12100124	15.82492638
72.31599801	8.20158672	15.82492638
72.31999801	8.28186512	19.77731133
72.32399801	8.36214352	19.77731133
72.32799801	8.28186512	15.82492638
72.33199801	8.28186512	15.82492638
72.33599801	8.20158672	15.82492638
72.33999801	8.12100124	15.82492638
72.34399801	8.28186512	15.82492638
72.34799801	8.28186512	15.82492638
72.35199801	8.36214352	23.72970009
72.35599801	8.28186512	19.77731133
72.35999801	8.20158672	19.77731133
72.36399801	8.28186512	15.82492638
72.36799801	8.28186512	15.82492638
72.37199801	8.20158672	19.77731133
72.37599801	8.20158672	19.77731133
72.37999801	8.28186512	15.82492638
72.38399801	8.36214352	19.77731133
72.38799801	8.20158672	15.82492638
72.39199801	8.20158672	15.82492638
72.39599801	8.12100124	15.82492638
72.39999801	8.20158672	19.77731133
72.40399801	8.36214352	15.82492638
72.40799801	8.36214352	19.77731133
72.41199801	8.28186512	15.82492638
72.41599801	8.28186512	15.82492638
72.41999801	8.20158672	15.82492638
72.42399801	8.20158672	19.77731133
72.42799801	8.20158672	15.82492638
72.43199801	8.36214352	15.82492638
72.43599801	8.36214352	19.77731133
72.43999801	8.28186512	19.77731133
72.44399801	8.12100124	15.82492638
72.44799801	8.12100124	15.82492638
72.45199801	8.28186512	11.85715961
72.45599800	8.36214352	19.77731133
72.45999800	8.28186512	19.77731133
72.46399800	8.20158672	19.77731133
72.46799800	8.20158672	15.82492638
72.47199800	8.28186512	15.82492638
72.47599800	8.28186512	15.82492638
72.47999800	8.20158672	19.77731133
72.48399800	8.20158672	15.82492638
72.48799800	8.28186512	19.77731133
72.49199800	8.28186512	19.77731133
72.49599800	8.28186512	19.77731133
72.49999800	8.20158672	15.82492638
72.50399800	8.20158672	19.77731133
72.50799800	8.28186512	19.77731133
72.51199800	8.28186512	19.77731133
72.51599800	8.28186512	11.85715961
72.51999800	8.28186512	15.82492638
72.52399800	8.28186512	19.77731133
72.52799800	8.28186512	19.77731133
72.53199800	8.12100124	15.82492638
72.53599800	8.20158672	19.77731133
72.53999800	8.28186512	15.82492638
72.54399800	8.28186512	15.82492638
72.54799800	8.20158672	15.82492638
72.55199800	8.20158672	19.77731133
72.55599800	8.28186512	15.82492638
72.55999800	8.36214352	19.77731133
72.56399800	8.20158672	15.82492638
72.56799800	8.28186512	15.82492638
72.57199800	8.28186512	15.82492638
72.57599800	8.28186512	19.77731133
72.57999800	8.20158672	15.82492638
72.58399800	8.28186512	15.82492638
72.58799800	8.36214352	15.82492638
72.59199800	8.28186512	19.77731133
72.59599800	8.28186512	19.77731133
72.59999800	8.20158672	19.77731133
72.60399800	8.20158672	15.82492638
72.60799800	8.28186512	15.82492638
72.61199800	8.28186512	15.82492638
72.61599800	8.36214352	19.77731133
72.61999800	8.28186512	19.77731133
72.62399800	8.28186512	19.77731133
72.62799800	8.28186512	15.82492638
72.63199800	8.28186512	19.77731133
72.63599800	8.28186512	15.82492638
72.63999800	8.28186512	19.77731133
72.64399800	8.28186512	15.82492638
72.64799800	8.28186512	19.77731133
72.65199800	8.28186512	19.77731133
72.65599800	8.28186512	15.82492638
72.65999800	8.20158672	15.82492638
72.66399800	8.28186512	19.77731133
72.66799800	8.36214352	15.82492638
72.67199800	8.36214352	19.77731133
72.67599800	8.28186512	19.77731133
72.67999800	8.20158672	19.77731133
72.68399800	8.20158672	11.85715961
72.68799800	8.28186512	19.77731133
72.69199800	8.28186512	15.82492638
72.69599800	8.36214352	19.77731133
72.69999800	8.28186512	19.77731133
72.70399800	8.28186512	15.82492638
72.70799800	8.20158672	15.82492638
72.71199800	8.20158672	19.77731133
72.71599800	8.20158672	15.82492638
72.71999800	8.36214352	19.77731133
72.72399800	8.36214352	19.77731133
72.72799800	8.28186512	19.77731133
72.73199800	8.20158672	19.77731133
72.73599800	8.28186512	19.77731133
72.73999800	8.28186512	15.82492638
72.74399800	8.28186512	15.82492638
72.74799800	8.28186512	15.82492638
72.75199800	8.28186512	19.77731133
72.75599800	8.36214352	15.82492638
72.75999800	8.28186512	19.77731133
72.76399800	8.20158672	15.82492638
72.76799800	8.28186512	15.82492638
72.77199800	8.28186512	19.77731133
72.77599800	8.36214352	19.77731133
72.77999800	8.28186512	15.82492638
72.78399800	8.20158672	19.77731133
72.78799800	8.28186512	15.82492638
72.79199800	8.28186512	15.82492638
72.79599800	8.28186512	15.82492638
72.79999800	8.28186512	19.77731133
72.80399800	8.28186512	15.82492638
72.80799800	8.36214352	15.82492638
72.81199799	8.28186512	15.82492638
72.81599799	8.20158672	19.77731133
72.81999799	8.20158672	15.82492638
72.82399799	8.28186512	19.77731133
72.82799799	8.28186512	15.82492638
72.83199799	8.36214352	19.77731133
72.83599799	8.20158672	15.82492638
72.83999799	8.28186512	15.82492638
72.84399799	8.28186512	19.77731133
72.84799799	8.36214352	19.77731133
72.85199799	8.28186512	15.82492638
72.85599799	8.20158672	15.82492638
72.85999799	8.28186512	15.82492638
72.86399799	8.36214352	19.77731133
72.86799799	8.36214352	15.82492638
72.87199799	8.20158672	15.82492638
72.87599799	8.20158672	15.82492638
72.87999799	8.28186512	19.77731133
72.88399799	8.28186512	19.77731133
72.88799799	8.28186512	19.77731133
72.89199799	8.28186512	15.82492638
72.89599799	8.36214352	19.77731133
72.89999799	8.28186512	19.77731133
72.90399799	8.20158672	19.77731133
72.90799799	8.20158672	11.85715961
72.91199799	8.36214352	15.82492638
72.91599799	8.36214352	19.77731133
72.91999799	8.20158672	19.77731133
72.92399799	8.20158672	15.82492638
72.92799799	8.28186512	15.82492638
72.93199799	8.36214352	11.85715961
72.93599799	8.28186512	19.77731133
72.93999799	8.20158672	19.77731133
72.94399799	8.28186512	19.77731133
72.94799799	8.28186512	15.82492638
72.95199799	8.28186512	15.82492638
72.95599799	8.28186512	15.82492638
72.95999799	8.28186512	15.82492638
72.96399799	8.28186512	15.82492638
72.96799799	8.28186512	19.77731133
72.97199799	8.20158672	15.82492638
72.97599799	8.28186512	15.82492638
72.97999799	8.28186512	15.82492638
72.98399799	8.36214352	15.82492638
72.98799799	8.28186512	19.77731133
72.99199799	8.20158672	15.82492638
72.99599799	8.28186512	15.82492638
72.99999799	8.36214352	19.77731133
73.00399799	8.28186512	15.82492638
73.00799799	8.20158672	19.77731133
73.01199799	8.28186512	15.82492638
73.01599799	8.44272900	19.77731133
73.01999799	8.36214352	19.77731133
73.02399799	8.20158672	19.77731133
73.02799799	8.12100124	15.82492638
73.03199799	8.28186512	15.82492638
73.03599799	8.36214352	19.77731133
73.03999799	8.28186512	19.77731133
73.04399799	8.20158672	15.82492638
73.04799799	8.28186512	15.82492638
73.05199799	8.28186512	19.77731133
73.05599799	8.20158672	19.77731133
73.05999799	8.12100124	11.85715961
73.06399799	8.28186512	15.82492638
73.06799799	8.44272900	15.82492638
73.07199799	8.36214352	19.77731133
73.07599799	8.20158672	19.77731133
73.07999799	8.12100124	19.77731133
73.08399799	8.28186512	15.82492638
73.08799799	8.36214352	15.82492638
73.09199799	8.28186512	19.77731133
73.09599799	8.28186512	19.77731133
73.09999799	8.28186512	15.82492638
73.10399799	8.36214352	23.72970009
73.10799799	8.20158672	19.77731133
73.11199799	8.12100124	19.77731133
73.11599799	8.28186512	15.82492638
73.11999799	8.44272900	23.72970009
73.12399799	8.36214352	19.77731133
73.12799799	8.12100124	19.77731133
73.13199799	8.20158672	11.85715961
73.13599799	8.36214352	15.82492638
73.13999799	8.28186512	19.77731133
73.14399799	8.20158672	19.77731133
73.14799799	8.20158672	15.82492638
73.15199799	8.36214352	19.77731133
73.15599799	8.36214352	19.77731133
73.15999799	8.20158672	15.82492638
73.16399798	8.12100124	15.82492638
73.16799798	8.28186512	19.77731133
73.17199798	8.36214352	19.77731133
73.17599798	8.28186512	19.77731133
73.17999798	8.12100124	15.82492638
73.18399798	8.20158672	15.82492638
73.18799798	8.36214352	15.82492638
73.19199798	8.28186512	19.77731133
73.19599798	8.20158672	15.82492638
73.19999798	8.28186512	15.82492638
73.20399798	8.36214352	19.77731133
73.20799798	8.28186512	19.77731133
73.21199798	8.20158672	15.82492638
73.21599798	8.20158672	15.82492638
73.21999798	8.36214352	15.82492638
73.22399798	8.36214352	19.77731133
73.22799798	8.28186512	19.77731133
73.23199798	8.12100124	19.77731133
73.23599798	8.28186512	15.82492638
73.23999798	8.36214352	19.77731133
73.24399798	8.28186512	15.82492638
73.24799798	8.28186512	19.77731133
73.25199798	8.20158672	15.82492638
73.25599798	8.28186512	15.82492638
73.25999798	8.28186512	15.82492638
73.26399798	8.20158672	19.77731133
73.26799798	8.28186512	15.82492638
73.27199798	8.36214352	19.77731133
73.27599798	8.36214352	19.77731133
73.27999798	8.20158672	19.77731133
73.28399798	8.20158672	11.85715961
73.28799798	8.28186512	19.77731133
73.29199798	8.36214352	15.82492638
73.29599798	8.28186512	15.82492638
73.29999798	8.28186512	15.82492638
73.30399798	8.28186512	19.77731133
73.30799798	8.28186512	15.82492638
73.31199798	8.28186512	19.77731133
73.31599798	8.28186512	15.82492638
73.31999798	8.28186512	19.77731133
73.32399798	8.36214352	19.77731133
73.32799798	8.28186512	19.77731133
73.33199798	8.20158672	15.82492638
73.33599798	8.28186512	15.82492638
73.33999798	8.28186512	15.82492638
73.34399798	8.20158672	15.82492638
73.34799798	8.28186512	15.82492638
73.35199798	8.28186512	19.77731133
73.35599798	8.28186512	19.77731133
73.35999798	8.28186512	19.77731133
73.36399798	8.20158672	15.82492638
73.36799798	8.20158672	19.77731133
73.37199798	8.20158672	19.77731133
73.37599798	8.28186512	19.77731133
73.37999798	8.28186512	15.82492638
73.38399798	8.28186512	19.77731133
73.38799798	8.28186512	15.82492638
73.39199798	8.20158672	19.77731133
73.39599798	8.20158672	15.82492638
73.39999798	8.28186512	19.77731133
73.40399798	8.36214352	15.82492638
73.40799798	8.28186512	19.77731133
73.41199798	8.20158672	15.82492638
73.41599798	8.20158672	19.77731133
73.41999798	8.28186512	11.85715961
73.42399798	8.28186512	19.77731133
73.42799798	8.28186512	15.82492638
73.43199798	8.20158672	19.77731133
73.43599798	8.28186512	19.77731133
73.43999798	8.36214352	19.77731133
73.44399798	8.20158672	15.82492638
73.44799798	8.20158672	19.77731133
73.45199798	8.12100124	19.77731133
73.45599798	8.28186512	19.77731133
73.45999798	8.36214352	15.82492638
73.46399798	8.36214352	19.77731133
73.46799798	8.28186512	15.82492638
73.47199798	8.12100124	15.82492638
73.47599798	8.28186512	15.82492638
73.47999798	8.28186512	19.77731133
73.48399798	8.28186512	15.82492638
73.48799798	8.28186512	15.82492638
73.49199798	8.28186512	15.82492638
73.49599798	8.28186512	19.77731133
73.49999798	8.20158672	15.82492638
73.50399798	8.20158672	19.77731133
73.50799798	8.28186512	11.85715961
73.51199798	8.36214352	19.77731133
73.51599798	8.28186512	15.82492638
73.51999797	8.20158672	23.72970009
73.52399797	8.28186512	11.85715961
73.52799797	8.28186512	15.82492638
73.53199797	8.20158672	15.82492638
73.53599797	8.20158672	15.82492638
73.53999797	8.28186512	15.82492638
73.54399797	8.36214352	19.77731133
73.54799797	8.28186512	19.77731133
73.55199797	8.20158672	19.77731133
73.55599797	8.20158672	15.82492638
73.55999797	8.28186512	19.77731133
73.56399797	8.36214352	19.77731133
73.56799797	8.28186512	23.72970009
73.57199797	8.20158672	15.82492638
73.57599797	8.28186512	19.77731133
73.57999797	8.20158672	19.77731133
73.58399797	8.28186512	19.77731133
73.58799797	8.20158672	15.82492638
73.59199797	8.36214352	19.77731133
73.59599797	8.28186512	19.77731133
73.59999797	8.20158672	15.82492638
73.60399797	8.20158672	15.82492638
73.60799797	8.20158672	19.77731133
73.61199797	8.20158672	15.82492638
73.61599797	8.20158672	15.82492638
73.61999797	8.28186512	19.77731133
73.62399797	8.28186512	19.77731133
73.62799797	8.28186512	15.82492638
73.63199797	8.28186512	15.82492638
73.63599797	8.20158672	15.82492638
73.63999797	8.20158672	19.77731133
73.64399797	8.28186512	19.77731133
73.64799797	8.28186512	19.77731133
73.65199797	8.28186512	15.82492638
73.65599797	8.20158672	15.82492638
73.65999797	8.20158672	15.82492638
73.66399797	8.20158672	19.77731133
73.66799797	8.28186512	15.82492638
73.67199797	8.36214352	15.82492638
73.67599797	8.28186512	19.77731133
73.67999797	8.20158672	19.77731133
73.68399797	8.20158672	15.82492638
73.68799797	8.20158672	19.77731133
73.69199797	8.20158672	15.82492638
73.69599797	8.20158672	15.82492638
73.69999797	8.28186512	15.82492638
73.70399797	8.44272900	19.77731133
73.70799797	8.28186512	15.82492638
73.71199797	8.20158672	15.82492638
73.71599797	8.20158672	11.85715961
73.71999797	8.28186512	19.77731133
73.72399797	8.28186512	19.77731133
73.72799797	8.28186512	19.77731133
73.73199797	8.28186512	15.82492638
73.73599797	8.28186512	19.77731133
73.73999797	8.28186512	15.82492638
73.74399797	8.12100124	15.82492638
73.74799797	8.12100124	15.82492638
73.75199797	8.28186512	15.82492638
73.75599797	8.44272900	15.82492638
73.75999797	8.28186512	23.72970009
73.76399797	8.20158672	15.82492638
73.76799797	8.12100124	19.77731133
73.77199797	8.20158672	11.85715961
73.77599797	8.20158672	15.82492638
73.77999797	8.28186512	15.82492638
73.78399797	8.28186512	15.82492638
73.78799797	8.36214352	19.77731133
73.79199797	8.20158672	19.77731133
73.79599797	8.12100124	11.85715961
73.79999797	8.12100124	15.82492638
73.80399797	8.28186512	15.82492638
73.80799797	8.36214352	19.77731133
73.81199797	8.36214352	19.77731133
73.81599797	8.28186512	19.77731133
73.81999797	8.12100124	15.82492638
73.82399797	8.20158672	19.77731133
73.82799797	8.28186512	15.82492638
73.83199797	8.20158672	19.77731133
73.83599797	8.20158672	19.77731133
73.83999797	8.28186512	19.77731133
73.84399797	8.28186512	15.82492638
73.84799797	8.12100124	15.82492638
73.85199797	8.04072380	15.82492638
73.85599797	8.20158672	15.82492638
73.85999797	8.44272900	19.77731133
73.86399797	8.36214352	23.72970009
73.86799797	8.20158672	19.77731133
73.87199796	8.12100124	15.82492638
73.87599796	8.20158672	11.85715961
73.87999796	8.28186512	19.77731133
73.88399796	8.28186512	15.82492638
73.88799796	8.20158672	19.77731133
73.89199796	8.20158672	15.82492638
73.89599796	8.28186512	15.82492638
73.89999796	8.28186512	15.82492638
73.90399796	8.20158672	15.82492638
73.90799796	8.12100124	15.82492638
73.91199796	8.28186512	19.77731133
73.91599796	8.28186512	19.77731133
73.91999796	8.28186512	19.77731133
73.92399796	8.20158672	15.82492638
73.92799796	8.20158672	15.82492638
73.93199796	8.28186512	15.82492638
73.93599796	8.28186512	19.77731133
73.93999796	8.20158672	15.82492638
73.94399796	8.20158672	11.85715961
73.94799796	8.28186512	15.82492638
73.95199796	8.28186512	19.77731133
73.95599796	8.20158672	15.82492638
73.95999796	8.20158672	15.82492638
73.96399796	8.28186512	15.82492638
73.96799796	8.36214352	19.77731133
73.97199796	8.20158672	19.77731133
73.97599796	8.12100124	15.82492638
73.97999796	8.20158672	15.82492638
73.98399796	8.36214352	15.82492638
73.98799796	8.36214352	15.82492638
73.99199796	8.28186512	15.82492638
73.99599796	8.20158672	15.82492638
73.99999796	8.28186512	19.77731133
74.00399796	8.20158672	15.82492638
74.00799796	8.20158672	15.82492638
74.01199796	8.28186512	15.82492638
74.01599796	8.36214352	19.77731133
74.01999796	8.36214352	19.77731133
74.02399796	8.12100124	19.77731133
74.02799796	8.12100124	15.82492638
74.03199796	8.20158672	11.85715961
74.03599796	8.36214352	19.77731133
74.03999796	8.36214352	19.77731133
74.04399796	8.28186512	19.77731133
74.04799796	8.20158672	19.77731133
74.05199796	8.20158672	15.82492638
74.05599796	8.20158672	15.82492638
74.05999796	8.12100124	15.82492638
74.06399796	8.28186512	19.77731133
74.06799796	8.36214352	19.77731133
74.07199796	8.36214352	19.77731133
74.07599796	8.20158672	15.82492638
74.07999796	8.12100124	19.77731133
74.08399796	8.20158672	11.85715961
74.08799796	8.28186512	19.77731133
74.09199796	8.28186512	15.82492638
74.09599796	8.20158672	19.77731133
74.09999796	8.28186512	11.85715961
74.10399796	8.36214352	15.82492638
74.10799796	8.28186512	19.77731133
74.11199796	8.12100124	19.77731133
74.11599796	8.12100124	15.82492638
74.11999796	8.28186512	19.77731133
74.12399796	8.36214352	19.77731133
74.12799796	8.28186512	19.77731133
74.13199796	8.20158672	15.82492638
74.13599796	8.20158672	15.82492638
74.13999796	8.28186512	15.82492638
74.14399796	8.28186512	19.77731133
74.14799796	8.20158672	15.82492638
74.15199796	8.28186512	15.82492638
74.15599796	8.28186512	15.82492638
74.15999796	8.36214352	19.77731133
74.16399796	8.12100124	15.82492638
74.16799796	8.12100124	15.82492638
74.17199796	8.28186512	15.82492638
74.17599796	8.36214352	15.82492638
74.17999796	8.28186512	19.77731133
74.18399796	8.12100124	19.77731133
74.18799796	8.20158672	15.82492638
74.19199796	8.28186512	15.82492638
74.19599796	8.28186512	15.82492638
74.19999796	8.28186512	15.82492638
74.20399796	8.28186512	15.82492638
74.20799796	8.28186512	19.77731133
74.21199796	8.28186512	15.82492638
74.21599796	8.20158672	15.82492638
74.21999796	8.20158672	15.82492638
74.22399795	8.28186512	15.82492638
74.22799795	8.28186512	15.82492638
74.23199795	8.36214352	19.77731133
74.23599795	8.28186512	19.77731133
74.23999795	8.28186512	19.77731133
74.24399795	8.20158672	15.82492638
74.24799795	8.28186512	15.82492638
74.25199795	8.28186512	15.82492638
74.25599795	8.28186512	15.82492638
74.25999795	8.36214352	15.82492638
74.26399795	8.28186512	19.77731133
74.26799795	8.20158672	15.82492638
74.27199795	8.28186512	15.82492638
74.27599795	8.28186512	15.82492638
74.27999795	8.36214352	19.77731133
74.28399795	8.28186512	15.82492638
74.28799795	8.28186512	19.77731133
74.29199795	8.20158672	15.82492638
74.29599795	8.28186512	15.82492638
74.29999795	8.28186512	15.82492638
74.30399795	8.28186512	15.82492638
74.30799795	8.28186512	15.82492638
74.31199795	8.36214352	19.77731133
74.31599795	8.28186512	19.77731133
74.31999795	8.20158672	19.77731133
74.32399795	8.28186512	15.82492638
74.32799795	8.28186512	15.82492638
74.33199795	8.36214352	15.82492638
74.33599795	8.36214352	19.77731133
74.33999795	8.28186512	15.82492638
74.34399795	8.28186512	19.77731133
74.34799795	8.28186512	15.82492638
74.35199795	8.28186512	15.82492638
74.35599795	8.28186512	15.82492638
74.35999795	8.28186512	15.82492638
74.36399795	8.28186512	15.82492638
74.36799795	8.28186512	19.77731133
74.37199795	8.20158672	15.82492638
74.37599795	8.20158672	19.77731133
74.37999795	8.28186512	15.82492638
74.38399795	8.36214352	19.77731133
74.38799795	8.36214352	19.77731133
74.39199795	8.28186512	19.77731133
74.39599795	8.28186512	15.82492638
74.39999795	8.28186512	19.77731133
74.40399795	8.28186512	19.77731133
74.40799795	8.28186512	19.77731133
74.41199795	8.28186512	19.77731133
74.41599795	8.36214352	19.77731133
74.41999795	8.36214352	15.82492638
74.42399795	8.28186512	15.82492638
74.42799795	8.20158672	11.85715961
74.43199795	8.20158672	19.77731133
74.43599795	8.36214352	15.82492638
74.43999795	8.36214352	19.77731133
74.44399795	8.28186512	15.82492638
74.44799795	8.20158672	19.77731133
74.45199795	8.20158672	15.82492638
74.45599795	8.28186512	15.82492638
74.45999795	8.36214352	15.82492638
74.46399795	8.36214352	19.77731133
74.46799795	8.36214352	15.82492638
74.47199795	8.28186512	19.77731133
74.47599795	8.28186512	15.82492638
74.47999795	8.28186512	15.82492638
74.48399795	8.28186512	15.82492638
74.48799795	8.36214352	19.77731133
74.49199795	8.36214352	19.77731133
74.49599795	8.28186512	19.77731133
74.49999795	8.28186512	15.82492638
74.50399795	8.28186512	15.82492638
74.50799795	8.28186512	15.82492638
74.51199795	8.28186512	19.77731133
74.51599795	8.28186512	19.77731133
74.51999795	8.28186512	15.82492638
74.52399795	8.28186512	15.82492638
74.52799795	8.28186512	15.82492638
74.53199795	8.28186512	11.85715961
74.53599795	8.20158672	19.77731133
74.53999795	8.28186512	15.82492638
74.54399795	8.28186512	15.82492638
74.54799795	8.36214352	15.82492638
74.55199795	8.28186512	15.82492638
74.55599795	8.20158672	15.82492638
74.55999795	8.28186512	19.77731133
74.56399795	8.20158672	15.82492638
74.56799795	8.28186512	15.82492638
74.57199795	8.28186512	15.82492638
74.57599795	8.36214352	19.77731133
74.57999794	8.36214352	15.82492638
74.58399794	8.28186512	15.82492638
74.58799794	8.12100124	15.82492638
74.59199794	8.20158672	15.82492638
74.59599794	8.36214352	15.82492638
74.59999794	8.44272900	19.77731133
74.60399794	8.36214352	19.77731133
74.60799794	8.20158672	19.77731133
74.61199794	8.20158672	15.82492638
74.61599794	8.28186512	15.82492638
74.61999794	8.28186512	11.85715961
74.62399794	8.28186512	19.77731133
74.62799794	8.36214352	15.82492638
74.63199794	8.36214352	19.77731133
74.63599794	8.28186512	19.77731133
74.63999794	8.28186512	19.77731133
74.64399794	8.28186512	11.85715961
74.64799794	8.28186512	19.77731133
74.65199794	8.36214352	19.77731133
74.65599794	8.36214352	23.72970009
74.65999794	8.28186512	15.82492638
74.66399794	8.28186512	15.82492638
74.66799794	8.28186512	15.82492638
74.67199794	8.20158672	15.82492638
74.67599794	8.20158672	15.82492638
74.67999794	8.36214352	19.77731133
74.68399794	8.36214352	15.82492638
74.68799794	8.36214352	19.77731133
74.69199794	8.20158672	15.82492638
74.69599794	8.20158672	19.77731133
74.69999794	8.28186512	15.82492638
74.70399794	8.36214352	19.77731133
74.70799794	8.36214352	15.82492638
74.71199794	8.36214352	19.77731133
74.71599794	8.36214352	15.82492638
74.71999794	8.28186512	23.72970009
74.72399794	8.20158672	15.82492638
74.72799794	8.20158672	15.82492638
74.73199794	8.28186512	11.85715961
74.73599794	8.44272900	19.77731133
74.73999794	8.36214352	15.82492638
74.74399794	8.28186512	19.77731133
74.74799794	8.20158672	15.82492638
74.75199794	8.28186512	15.82492638
74.75599794	8.28186512	15.82492638
74.75999794	8.28186512	19.77731133
74.76399794	8.28186512	19.77731133
74.76799794	8.36214352	19.77731133
74.77199794	8.36214352	15.82492638
74.77599794	8.20158672	15.82492638
74.77999794	8.20158672	15.82492638
74.78399794	8.20158672	15.82492638
74.78799794	8.28186512	15.82492638
74.79199794	8.36214352	19.77731133
74.79599794	8.36214352	19.77731133
74.79999794	8.28186512	15.82492638
74.80399794	8.28186512	15.82492638
74.80799794	8.28186512	15.82492638
74.81199794	8.28186512	15.82492638
74.81599794	8.36214352	19.77731133
74.81999794	8.36214352	19.77731133
74.82399794	8.36214352	15.82492638
74.82799794	8.28186512	15.82492638
74.83199794	8.28186512	19.77731133
74.83599794	8.28186512	19.77731133
74.83999794	8.28186512	15.82492638
74.84399794	8.28186512	15.82492638
74.84799794	8.28186512	19.77731133
74.85199794	8.36214352	15.82492638
74.85599794	8.36214352	19.77731133
74.85999794	8.28186512	19.77731133
74.86399794	8.20158672	15.82492638
74.86799794	8.28186512	15.82492638
74.87199794	8.36214352	19.77731133
74.87599794	8.44272900	15.82492638
74.87999794	8.28186512	19.77731133
74.88399794	8.20158672	15.82492638
74.88799794	8.36214352	15.82492638
74.89199794	8.28186512	15.82492638
74.89599794	8.36214352	19.77731133
74.89999794	8.28186512	19.77731133
74.90399794	8.28186512	15.82492638
74.90799794	8.36214352	15.82492638
74.91199794	8.28186512	15.82492638
74.91599794	8.28186512	15.82492638
74.91999794	8.28186512	15.82492638
74.92399794	8.36214352	15.82492638
74.92799794	8.36214352	23.72970009
74.93199793	8.28186512	19.77731133
74.93599793	8.28186512	15.82492638
74.93999793	8.28186512	15.82492638
74.94399793	8.36214352	19.77731133
74.94799793	8.28186512	19.77731133
74.95199793	8.28186512	19.77731133
74.95599793	8.28186512	15.82492638
74.95999793	8.36214352	19.77731133
74.96399793	8.28186512	19.77731133
74.96799793	8.28186512	15.82492638
74.97199793	8.28186512	15.82492638
74.97599793	8.36214352	15.82492638
74.97999793	8.28186512	19.77731133
74.98399793	8.28186512	19.77731133
74.98799793	8.28186512	15.82492638
74.99199793	8.28186512	19.77731133
74.99599793	8.28186512	15.82492638
74.99999793	8.20158672	15.82492638
75.00399793	8.36214352	15.82492638
75.00799793	8.36214352	19.77731133
75.01199793	8.28186512	15.82492638
75.01599793	8.20158672	19.77731133
75.01999793	8.20158672	19.77731133
75.02399793	8.36214352	15.82492638
75.02799793	8.36214352	15.82492638
75.03199793	8.28186512	15.82492638
75.03599793	8.20158672	19.77731133
75.03999793	8.28186512	23.72970009
75.04399793	8.28186512	15.82492638
75.04799793	8.28186512	15.82492638
75.05199793	8.28186512	15.82492638
75.05599793	8.28186512	19.77731133
75.05999793	8.36214352	15.82492638
75.06399793	8.36214352	19.77731133
75.06799793	8.20158672	15.82492638
75.07199793	8.28186512	15.82492638
75.07599793	8.28186512	15.82492638
75.07999793	8.28186512	15.82492638
75.08399793	8.28186512	19.77731133
75.08799793	8.36214352	19.77731133
75.09199793	8.36214352	19.77731133
75.09599793	8.28186512	19.77731133
75.09999793	8.20158672	19.77731133
75.10399793	8.20158672	15.82492638
75.10799793	8.28186512	15.82492638
75.11199793	8.36214352	15.82492638
75.11599793	8.36214352	15.82492638
75.11999793	8.28186512	19.77731133
75.12399793	8.20158672	15.82492638
75.12799793	8.20158672	19.77731133
75.13199793	8.20158672	15.82492638
75.13599793	8.28186512	19.77731133
75.13999793	8.36214352	19.77731133
75.14399793	8.36214352	19.77731133
75.14799793	8.28186512	19.77731133
75.15199793	8.20158672	19.77731133
75.15599793	8.20158672	15.82492638
75.15999793	8.28186512	15.82492638
75.16399793	8.36214352	15.82492638
75.16799793	8.28186512	19.77731133
75.17199793	8.28186512	19.77731133
75.17599793	8.28186512	19.77731133
75.17999793	8.28186512	15.82492638
75.18399793	8.28186512	15.82492638
75.18799793	8.20158672	11.85715961
75.19199793	8.28186512	15.82492638
75.19599793	8.36214352	15.82492638
75.19999793	8.36214352	19.77731133
75.20399793	8.20158672	15.82492638
75.20799793	8.20158672	15.82492638
75.21199793	8.20158672	15.82492638
75.21599793	8.28186512	19.77731133
75.21999793	8.28186512	15.82492638
75.22399793	8.36214352	19.77731133
75.22799793	8.28186512	15.82492638
75.23199793	8.28186512	15.82492638
75.23599793	8.20158672	15.82492638
75.23999793	8.20158672	19.77731133
75.24399793	8.20158672	11.85715961
75.24799793	8.36214352	15.82492638
75.25199793	8.36214352	19.77731133
75.25599793	8.28186512	19.77731133
75.25999793	8.20158672	15.82492638
75.26399793	8.20158672	15.82492638
75.26799793	8.28186512	15.82492638
75.27199793	8.28186512	19.77731133
75.27599793	8.28186512	15.82492638
75.27999793	8.28186512	19.77731133
75.28399793	8.28186512	15.82492638
75.28799792	8.28186512	19.77731133
75.29199792	8.12100124	15.82492638
75.29599792	8.20158672	15.82492638
75.29999792	8.28186512	15.82492638
75.30399792	8.36214352	19.77731133
75.30799792	8.28186512	19.77731133
75.31199792	8.20158672	19.77731133
75.31599792	8.12100124	15.82492638
75.31999792	8.20158672	15.82492638
75.32399792	8.28186512	15.82492638
75.32799792	8.28186512	19.77731133
75.33199792	8.28186512	19.77731133
75.33599792	8.28186512	15.82492638
75.33999792	8.36214352	15.82492638
75.34399792	8.20158672	15.82492638
75.34799792	8.20158672	15.82492638
75.35199792	8.20158672	15.82492638
75.35599792	8.36214352	15.82492638
75.35999792	8.36214352	23.72970009
75.36399792	8.20158672	15.82492638
75.36799792	8.20158672	15.82492638
75.37199792	8.28186512	11.85715961
75.37599792	8.36214352	19.77731133
75.37999792	8.28186512	15.82492638
75.38399792	8.20158672	19.77731133
75.38799792	8.28186512	19.77731133
75.39199792	8.36214352	19.77731133
75.39599792	8.20158672	15.82492638
75.39999792	8.20158672	15.82492638
75.40399792	8.20158672	11.85715961
75.40799792	8.36214352	19.77731133
75.41199792	8.36214352	15.82492638
75.41599792	8.20158672	15.82492638
75.41999792	8.20158672	15.82492638
75.42399792	8.28186512	15.82492638
75.42799792	8.28186512	15.82492638
75.43199792	8.20158672	19.77731133
75.43599792	8.20158672	15.82492638
75.43999792	8.28186512	19.77731133
75.44399792	8.28186512	15.82492638
75.44799792	8.20158672	19.77731133
75.45199792	8.20158672	11.85715961
75.45599792	8.28186512	15.82492638
75.45999792	8.36214352	15.82492638
75.46399792	8.28186512	23.72970009
75.46799792	8.20158672	15.82492638
75.47199792	8.20158672	19.77731133
75.47599792	8.20158672	15.82492638
75.47999792	8.28186512	19.77731133
75.48399792	8.28186512	15.82492638
75.48799792	8.28186512	15.82492638
75.49199792	8.28186512	15.82492638
75.49599792	8.28186512	15.82492638
75.49999792	8.20158672	15.82492638
75.50399792	8.20158672	15.82492638
75.50799792	8.28186512	15.82492638
75.51199792	8.28186512	19.77731133
75.51599792	8.28186512	15.82492638
75.51999792	8.28186512	19.77731133
75.52399792	8.28186512	11.85715961
75.52799792	8.28186512	19.77731133
75.53199792	8.28186512	19.77731133
75.53599792	8.20158672	15.82492638
75.53999792	8.28186512	15.82492638
75.54399792	8.36214352	15.82492638
75.54799792	8.28186512	15.82492638
75.55199792	8.20158672	19.77731133
75.55599792	8.28186512	15.82492638
75.55999792	8.28186512	19.77731133
75.56399792	8.28186512	19.77731133
75.56799792	8.28186512	19.77731133
75.57199792	8.28186512	15.82492638
75.57599792	8.36214352	19.77731133
75.57999792	8.28186512	19.77731133
75.58399792	8.20158672	19.77731133
75.58799792	8.20158672	15.82492638
75.59199792	8.28186512	19.77731133
75.59599792	8.28186512	19.77731133
75.59999792	8.28186512	19.77731133
75.60399792	8.28186512	15.82492638
75.60799792	8.28186512	15.82492638
75.61199792	8.28186512	11.85715961
75.61599792	8.20158672	19.77731133
75.61999792	8.28186512	15.82492638
75.62399792	8.36214352	15.82492638
75.62799792	8.36214352	15.82492638
75.63199792	8.28186512	19.77731133
75.63599792	8.28186512	15.82492638
75.63999791	8.20158672	15.82492638
75.64399791	8.28186512	15.82492638
75.64799791	8.36214352	19.77731133
75.65199791	8.36214352	19.77731133
75.65599791	8.36214352	19.77731133
75.65999791	8.28186512	15.82492638
75.66399791	8.20158672	19.77731133
75.66799791	8.20158672	15.82492638
75.67199791	8.28186512	15.82492638
75.67599791	8.36214352	15.82492638
75.67999791	8.36214352	19.77731133
75.68399791	8.28186512	15.82492638
75.68799791	8.28186512	19.77731133
75.69199791	8.20158672	15.82492638
75.69599791	8.28186512	19.77731133
75.69999791	8.28186512	15.82492638
75.70399791	8.36214352	19.77731133
75.70799791	8.28186512	15.82492638
75.71199791	8.28186512	19.77731133
75.71599791	8.28186512	11.85715961
75.71999791	8.28186512	15.82492638
75.72399791	8.28186512	11.85715961
75.72799791	8.28186512	15.82492638
75.73199791	8.28186512	15.82492638
75.73599791	8.28186512	15.82492638
75.73999791	8.28186512	15.82492638
75.74399791	8.28186512	15.82492638
75.74799791	8.28186512	15.82492638
75.75199791	8.28186512	19.77731133
75.75599791	8.28186512	15.82492638
75.75999791	8.28186512	19.77731133
75.76399791	8.36214352	15.82492638
75.76799791	8.28186512	19.77731133
75.77199791	8.28186512	15.82492638
75.77599791	8.28186512	19.77731133
75.77999791	8.28186512	19.77731133
75.78399791	8.28186512	15.82492638
75.78799791	8.28186512	15.82492638
75.79199791	8.36214352	19.77731133
75.79599791	8.28186512	15.82492638
75.79999791	8.28186512	19.77731133
75.80399791	8.28186512	15.82492638
75.80799791	8.36214352	15.82492638
75.81199791	8.36214352	15.82492638
75.81599791	8.28186512	19.77731133
75.81999791	8.28186512	15.82492638
75.82399791	8.28186512	19.77731133
75.82799791	8.28186512	19.77731133
75.83199791	8.28186512	15.82492638
75.83599791	8.28186512	15.82492638
75.83999791	8.28186512	19.77731133
75.84399791	8.28186512	15.82492638
75.84799791	8.28186512	15.82492638
75.85199791	8.28186512	15.82492638
75.85599791	8.36214352	15.82492638
75.85999791	8.28186512	15.82492638
75.86399791	8.28186512	15.82492638
75.86799791	8.28186512	15.82492638
75.87199791	8.28186512	19.77731133
75.87599791	8.28186512	15.82492638
75.87999791	8.28186512	15.82492638
75.88399791	8.28186512	15.82492638
75.88799791	8.28186512	19.77731133
75.89199791	8.28186512	15.82492638
75.89599791	8.28186512	15.82492638
75.89999791	8.28186512	15.82492638
75.90399791	8.28186512	19.77731133
75.90799791	8.28186512	15.82492638
75.91199791	8.28186512	19.77731133
75.91599791	8.28186512	19.77731133
75.91999791	8.28186512	23.72970009
75.92399791	8.28186512	11.85715961
75.92799791	8.28186512	19.77731133
75.93199791	8.36214352	15.82492638
75.93599791	8.28186512	19.77731133
75.93999791	8.20158672	11.85715961
75.94399791	8.28186512	15.82492638
75.94799791	8.28186512	15.82492638
75.95199791	8.36214352	19.77731133
75.95599791	8.28186512	15.82492638
75.95999791	8.28186512	15.82492638
75.96399791	8.28186512	15.82492638
75.96799791	8.28186512	19.77731133
75.97199791	8.20158672	15.82492638
75.97599791	8.28186512	15.82492638
75.97999791	8.28186512	15.82492638
75.98399791	8.36214352	19.77731133
75.98799791	8.28186512	19.77731133
75.99199790	8.28186512	19.77731133
75.99599790	8.28186512	15.82492638
75.99999790	8.28186512	19.77731133
76.00399790	8.28186512	19.77731133
76.00799790	8.28186512	19.77731133
76.01199790	8.36214352	15.82492638
76.01599790	8.36214352	15.82492638
76.01999790	8.28186512	15.82492638
76.02399790	8.20158672	19.77731133
76.02799790	8.28186512	15.82492638
76.03199790	8.28186512	15.82492638
76.03599790	8.36214352	19.77731133
76.03999790	8.28186512	19.77731133
76.04399790	8.28186512	15.82492638
76.04799790	8.28186512	19.77731133
76.05199790	8.28186512	15.82492638
76.05599790	8.20158672	19.77731133
76.05999790	8.28186512	11.85715961
76.06399790	8.36214352	15.82492638
76.06799790	8.36214352	19.77731133
76.07199790	8.28186512	15.82492638
76.07599790	8.28186512	15.82492638
76.07999790	8.28186512	19.77731133
76.08399790	8.28186512	15.82492638
76.08799790	8.36214352	15.82492638
76.09199790	8.28186512	19.77731133
76.09599790	8.28186512	19.77731133
76.09999790	8.28186512	15.82492638
76.10399790	8.36214352	19.77731133
76.10799790	8.28186512	15.82492638
76.11199790	8.28186512	19.77731133
76.11599790	8.28186512	19.77731133
76.11999790	8.28186512	19.77731133
76.12399790	8.28186512	15.82492638
76.12799790	8.28186512	19.77731133
76.13199790	8.28186512	15.82492638
76.13599790	8.28186512	19.77731133
76.13999790	8.36214352	15.82492638
76.14399790	8.28186512	19.77731133
76.14799790	8.28186512	11.85715961
76.15199790	8.28186512	15.82492638
76.15599790	8.36214352	15.82492638
76.15999790	8.28186512	19.77731133
76.16399790	8.28186512	15.82492638
76.16799790	8.28186512	15.82492638
76.17199790	8.36214352	15.82492638
76.17599790	8.28186512	15.82492638
76.17999790	8.20158672	15.82492638
76.18399790	8.28186512	19.77731133
76.18799790	8.36214352	19.77731133
76.19199790	8.28186512	19.77731133
76.19599790	8.20158672	15.82492638
76.19999790	8.28186512	19.77731133
76.20399790	8.36214352	19.77731133
76.20799790	8.36214352	23.72970009
76.21199790	8.20158672	19.77731133
76.21599790	8.20158672	15.82492638
76.21999790	8.28186512	15.82492638
76.22399790	8.36214352	19.77731133
76.22799790	8.28186512	15.82492638
76.23199790	8.20158672	19.77731133
76.23599790	8.28186512	15.82492638
76.23999790	8.28186512	15.82492638
76.24399790	8.28186512	15.82492638
76.24799790	8.28186512	15.82492638
76.25199790	8.28186512	19.77731133
76.25599790	8.28186512	19.77731133
76.25999790	8.20158672	15.82492638
76.26399790	8.28186512	19.77731133
76.26799790	8.28186512	15.82492638
76.27199790	8.28186512	19.77731133
76.27599790	8.36214352	15.82492638
76.27999790	8.28186512	19.77731133
76.28399790	8.20158672	15.82492638
76.28799790	8.28186512	15.82492638
76.29199790	8.20158672	15.82492638
76.29599790	8.28186512	15.82492638
76.29999790	8.20158672	19.77731133
76.30399790	8.28186512	19.77731133
76.30799790	8.28186512	19.77731133
76.31199790	8.28186512	19.77731133
76.31599790	8.20158672	11.85715961
76.31999790	8.20158672	19.77731133
76.32399790	8.20158672	15.82492638
76.32799790	8.28186512	19.77731133
76.33199790	8.28186512	15.82492638
76.33599790	8.28186512	23.72970009
76.33999790	8.28186512	15.82492638
76.34399790	8.20158672	19.77731133
76.34799789	8.20158672	19.77731133
76.35199789	8.28186512	19.77731133
76.35599789	8.28186512	15.82492638
76.35999789	8.36214352	19.77731133
76.36399789	8.28186512	19.77731133
76.36799789	8.28186512	15.82492638
76.37199789	8.28186512	15.82492638
76.37599789	8.28186512	15.82492638
76.37999789	8.28186512	15.82492638
76.38399789	8.20158672	19.77731133
76.38799789	8.28186512	15.82492638
76.39199789	8.28186512	19.77731133
76.39599789	8.36214352	15.82492638
76.39999789	8.28186512	19.77731133
76.40399789	8.28186512	15.82492638
76.40799789	8.28186512	19.77731133
76.41199789	8.28186512	19.77731133
76.41599789	8.28186512	19.77731133
76.41999789	8.20158672	15.82492638
76.42399789	8.28186512	19.77731133
76.42799789	8.28186512	15.82492638
76.43199789	8.28186512	19.77731133
76.43599789	8.28186512	15.82492638
76.43999789	8.28186512	19.77731133
76.44399789	8.28186512	19.77731133
76.44799789	8.20158672	19.77731133
76.45199789	8.20158672	11.85715961
76.45599789	8.28186512	15.82492638
76.45999789	8.28186512	15.82492638
76.46399789	8.28186512	15.82492638
76.46799789	8.20158672	15.82492638
76.47199789	8.20158672	15.82492638
76.47599789	8.36214352	15.82492638
76.47999789	8.36214352	23.72970009
76.48399789	8.20158672	19.77731133
76.48799789	8.12100124	19.77731133
76.49199789	8.20158672	15.82492638
76.49599789	8.28186512	15.82492638
76.49999789	8.28186512	19.77731133
76.50399789	8.36214352	19.77731133
76.50799789	8.28186512	15.82492638
76.51199789	8.28186512	19.77731133
76.51599789	8.28186512	15.82492638
76.51999789	8.20158672	19.77731133
76.52399789	8.20158672	15.82492638
76.52799789	8.28186512	19.77731133
76.53199789	8.36214352	15.82492638
76.53599789	8.36214352	19.77731133
76.53999789	8.28186512	15.82492638
76.54399789	8.20158672	15.82492638
76.54799789	8.20158672	15.82492638
76.55199789	8.28186512	15.82492638
76.55599789	8.28186512	19.77731133
76.55999789	8.36214352	19.77731133
76.56399789	8.28186512	19.77731133
76.56799789	8.28186512	19.77731133
76.57199789	8.20158672	15.82492638
76.57599789	8.20158672	19.77731133
76.57999789	8.28186512	15.82492638
76.58399789	8.28186512	19.77731133
76.58799789	8.28186512	19.77731133
76.59199789	8.28186512	19.77731133
76.59599789	8.28186512	15.82492638
76.59999789	8.20158672	19.77731133
76.60399789	8.20158672	15.82492638
76.60799789	8.28186512	19.77731133
76.61199789	8.28186512	15.82492638
76.61599789	8.28186512	15.82492638
76.61999789	8.28186512	15.82492638
76.62399789	8.28186512	19.77731133
76.62799789	8.20158672	15.82492638
76.63199789	8.20158672	15.82492638
76.63599789	8.20158672	15.82492638
76.63999789	8.36214352	15.82492638
76.64399789	8.36214352	15.82492638
76.64799789	8.28186512	19.77731133
76.65199789	8.12100124	15.82492638
76.65599789	8.20158672	15.82492638
76.65999789	8.28186512	15.82492638
76.66399789	8.28186512	15.82492638
76.66799789	8.20158672	15.82492638
76.67199789	8.28186512	19.77731133
76.67599789	8.28186512	15.82492638
76.67999789	8.28186512	19.77731133
76.68399789	8.20158672	15.82492638
76.68799789	8.20158672	19.77731133
76.69199789	8.28186512	15.82492638
76.69599789	8.36214352	15.82492638
76.69999788	8.28186512	19.77731133
76.70399788	8.20158672	19.77731133
76.70799788	8.20158672	15.82492638
76.71199788	8.20158672	15.82492638
76.71599788	8.28186512	19.77731133
76.71999788	8.28186512	19.77731133
76.72399788	8.28186512	15.82492638
76.72799788	8.28186512	15.82492638
76.73199788	8.20158672	15.82492638
76.73599788	8.20158672	19.77731133
76.73999788	8.28186512	11.85715961
76.74399788	8.28186512	15.82492638
76.74799788	8.28186512	15.82492638
76.75199788	8.36214352	19.77731133
76.75599788	8.28186512	15.82492638
76.75999788	8.20158672	19.77731133
76.76399788	8.20158672	15.82492638
76.76799788	8.20158672	15.82492638
76.77199788	8.28186512	19.77731133
76.77599788	8.28186512	15.82492638
76.77999788	8.20158672	15.82492638
76.78399788	8.28186512	19.77731133
76.78799788	8.20158672	15.82492638
76.79199788	8.20158672	15.82492638
76.79599788	8.20158672	15.82492638
76.79999788	8.28186512	19.77731133
76.80399788	8.36214352	19.77731133
76.80799788	8.20158672	19.77731133
76.81199788	8.20158672	19.77731133
76.81599788	8.20158672	19.77731133
76.81999788	8.28186512	15.82492638
76.82399788	8.28186512	15.82492638
76.82799788	8.28186512	19.77731133
76.83199788	8.28186512	19.77731133
76.83599788	8.20158672	15.82492638
76.83999788	8.28186512	15.82492638
76.84399788	8.20158672	15.82492638
76.84799788	8.28186512	19.77731133
76.85199788	8.28186512	15.82492638
76.85599788	8.20158672	19.77731133
76.85999788	8.28186512	15.82492638
76.86399788	8.28186512	19.77731133
76.86799788	8.20158672	15.82492638
76.87199788	8.12100124	15.82492638
76.87599788	8.20158672	11.85715961
76.87999788	8.28186512	19.77731133
76.88399788	8.28186512	19.77731133
76.88799788	8.20158672	15.82492638
76.89199788	8.20158672	15.82492638
76.89599788	8.28186512	19.77731133
76.89999788	8.28186512	15.82492638
76.90399788	8.20158672	19.77731133
76.90799788	8.20158672	15.82492638
76.91199788	8.28186512	19.77731133
76.91599788	8.20158672	15.82492638
76.91999788	8.20158672	15.82492638
76.92399788	8.20158672	15.82492638
76.92799788	8.28186512	19.77731133
76.93199788	8.28186512	15.82492638
76.93599788	8.20158672	19.77731133
76.93999788	8.20158672	15.82492638
76.94399788	8.28186512	15.82492638
76.94799788	8.20158672	15.82492638
76.95199788	8.20158672	19.77731133
76.95599788	8.20158672	11.85715961
76.95999788	8.28186512	15.82492638
76.96399788	8.28186512	15.82492638
76.96799788	8.20158672	15.82492638
76.97199788	8.20158672	19.77731133
76.97599788	8.20158672	19.77731133
76.97999788	8.28186512	15.82492638
76.98399788	8.28186512	19.77731133
76.98799788	8.20158672	15.82492638
76.99199788	8.28186512	15.82492638
76.99599788	8.28186512	15.82492638
76.99999788	8.12100124	19.77731133
77.00399788	8.12100124	15.82492638
77.00799788	8.20158672	19.77731133
77.01199788	8.28186512	19.77731133
77.01599788	8.20158672	19.77731133
77.01999788	8.20158672	15.82492638
77.02399788	8.20158672	19.77731133
77.02799788	8.20158672	15.82492638
77.03199788	8.20158672	19.77731133
77.03599788	8.20158672	19.77731133
77.03999788	8.20158672	15.82492638
77.04399788	8.28186512	15.82492638
77.04799788	8.28186512	19.77731133
77.05199787	8.12100124	15.82492638
77.05599787	8.20158672	15.82492638
77.05999787	8.20158672	15.82492638
77.06399787	8.28186512	15.82492638
77.06799787	8.28186512	15.82492638
77.07199787	8.20158672	19.77731133
77.07599787	8.20158672	15.82492638
77.07999787	8.20158672	15.82492638
77.08399787	8.20158672	19.77731133
77.08799787	8.20158672	15.82492638
77.09199787	8.20158672	11.85715961
77.09599787	8.36214352	19.77731133
77.09999787	8.28186512	15.82492638
77.10399787	8.20158672	15.82492638
77.10799787	8.12100124	15.82492638
77.11199787	8.20158672	19.77731133
77.11599787	8.28186512	15.82492638
77.11999787	8.28186512	23.72970009
77.12399787	8.20158672	19.77731133
77.12799787	8.20158672	15.82492638
77.13199787	8.28186512	15.82492638
77.13599787	8.28186512	19.77731133
77.13999787	8.20158672	15.82492638
77.14399787	8.20158672	19.77731133
77.14799787	8.28186512	15.82492638
77.15199787	8.36214352	19.77731133
77.15599787	8.28186512	15.82492638
77.15999787	8.20158672	19.77731133
77.16399787	8.20158672	19.77731133
77.16799787	8.20158672	15.82492638
77.17199787	8.20158672	15.82492638
77.17599787	8.36214352	15.82492638
77.17999787	8.28186512	15.82492638
77.18399787	8.28186512	19.77731133
77.18799787	8.12100124	19.77731133
77.19199787	8.12100124	15.82492638
77.19599787	8.28186512	11.85715961
77.19999787	8.28186512	15.82492638
77.20399787	8.28186512	15.82492638
77.20799787	8.20158672	15.82492638
77.21199787	8.28186512	15.82492638
77.21599787	8.28186512	15.82492638
77.21999787	8.20158672	15.82492638
77.22399787	8.20158672	19.77731133
77.22799787	8.20158672	15.82492638
77.23199787	8.28186512	19.77731133
77.23599787	8.20158672	15.82492638
77.23999787	8.20158672	15.82492638
77.24399787	8.28186512	15.82492638
77.24799787	8.28186512	19.77731133
77.25199787	8.20158672	19.77731133
77.25599787	8.20158672	19.77731133
77.25999787	8.20158672	15.82492638
77.26399787	8.28186512	15.82492638
77.26799787	8.28186512	19.77731133
77.27199787	8.20158672	19.77731133
77.27599787	8.12100124	15.82492638
77.27999787	8.28186512	15.82492638
77.28399787	8.36214352	15.82492638
77.28799787	8.28186512	15.82492638
77.29199787	8.12100124	15.82492638
77.29599787	8.20158672	15.82492638
77.29999787	8.28186512	15.82492638
77.30399787	8.20158672	19.77731133
77.30799787	8.20158672	15.82492638
77.31199787	8.20158672	19.77731133
77.31599787	8.28186512	15.82492638
77.31999787	8.28186512	15.82492638
77.32399787	8.20158672	15.82492638
77.32799787	8.20158672	19.77731133
77.33199787	8.28186512	15.82492638
77.33599787	8.28186512	15.82492638
77.33999787	8.20158672	19.77731133
77.34399787	8.20158672	19.77731133
77.34799787	8.28186512	15.82492638
77.35199787	8.20158672	19.77731133
77.35599787	8.20158672	15.82492638
77.35999787	8.20158672	19.77731133
77.36399787	8.20158672	15.82492638
77.36799787	8.28186512	19.77731133
77.37199787	8.28186512	11.85715961
77.37599787	8.28186512	15.82492638
77.37999787	8.20158672	15.82492638
77.38399787	8.28186512	15.82492638
77.38799787	8.28186512	15.82492638
77.39199787	8.20158672	19.77731133
77.39599787	8.20158672	11.85715961
77.39999787	8.28186512	15.82492638
77.40399787	8.28186512	15.82492638
77.40799786	8.20158672	15.82492638
77.41199786	8.20158672	15.82492638
77.41599786	8.28186512	15.82492638
77.41999786	8.28186512	15.82492638
77.42399786	8.20158672	19.77731133
77.42799786	8.12100124	15.82492638
77.43199786	8.20158672	15.82492638
77.43599786	8.28186512	15.82492638
77.43999786	8.20158672	19.77731133
77.44399786	8.20158672	19.77731133
77.44799786	8.20158672	15.82492638
77.45199786	8.28186512	15.82492638
77.45599786	8.20158672	19.77731133
77.45999786	8.20158672	15.82492638
77.46399786	8.28186512	15.82492638
77.46799786	8.28186512	15.82492638
77.47199786	8.28186512	19.77731133
77.47599786	8.20158672	11.85715961
77.47999786	8.20158672	15.82492638
77.48399786	8.20158672	15.82492638
77.48799786	8.28186512	19.77731133
77.49199786	8.28186512	15.82492638
77.49599786	8.20158672	19.77731133
77.49999786	8.20158672	15.82492638
77.50399786	8.20158672	15.82492638
77.50799786	8.20158672	15.82492638
77.51199786	8.20158672	15.82492638
77.51599786	8.20158672	15.82492638
77.51999786	8.28186512	19.77731133
77.52399786	8.28186512	15.82492638
77.52799786	8.20158672	15.82492638
77.53199786	8.12100124	15.82492638
77.53599786	8.12100124	15.82492638
77.53999786	8.20158672	15.82492638
77.54399786	8.20158672	15.82492638
77.54799786	8.28186512	15.82492638
77.55199786	8.36214352	19.77731133
77.55599786	8.28186512	15.82492638
77.55999786	8.12100124	19.77731133
77.56399786	8.12100124	15.82492638
77.56799786	8.20158672	15.82492638
77.57199786	8.28186512	15.82492638
77.57599786	8.36214352	15.82492638
77.57999786	8.20158672	19.77731133
77.58399786	8.12100124	15.82492638
77.58799786	8.12100124	15.82492638
77.59199786	8.20158672	15.82492638
77.59599786	8.20158672	19.77731133
77.59999786	8.20158672	19.77731133
77.60399786	8.20158672	19.77731133
77.60799786	8.28186512	19.77731133
77.61199786	8.20158672	15.82492638
77.61599786	8.20158672	15.82492638
77.61999786	8.12100124	15.82492638
77.62399786	8.28186512	19.77731133
77.62799786	8.36214352	15.82492638
77.63199786	8.28186512	19.77731133
77.63599786	8.12100124	15.82492638
77.63999786	8.12100124	15.82492638
77.64399786	8.12100124	19.77731133
77.64799786	8.28186512	19.77731133
77.65199786	8.28186512	15.82492638
77.65599786	8.28186512	19.77731133
77.65999786	8.20158672	15.82492638
77.66399786	8.20158672	15.82492638
77.66799786	8.12100124	15.82492638
77.67199786	8.04072380	15.82492638
77.67599786	8.20158672	15.82492638
77.67999786	8.44272900	19.77731133
77.68399786	8.44272900	19.77731133
77.68799786	8.20158672	19.77731133
77.69199786	8.04072380	15.82492638
77.69599786	8.12100124	15.82492638
77.69999786	8.28186512	15.82492638
77.70399786	8.36214352	19.77731133
77.70799786	8.28186512	15.82492638
77.71199786	8.20158672	19.77731133
77.71599786	8.20158672	15.82492638
77.71999786	8.28186512	15.82492638
77.72399786	8.12100124	15.82492638
77.72799786	8.20158672	15.82492638
77.73199786	8.36214352	15.82492638
77.73599786	8.44272900	23.72970009
77.73999786	8.20158672	19.77731133
77.74399786	8.12100124	15.82492638
77.74799786	8.12100124	11.85715961
77.75199786	8.28186512	15.82492638
77.75599786	8.28186512	19.77731133
77.75999785	8.20158672	15.82492638
77.76399785	8.20158672	15.82492638
77.76799785	8.28186512	15.82492638
77.77199785	8.20158672	15.82492638
77.77599785	8.20158672	15.82492638
77.77999785	8.20158672	11.85715961
77.78399785	8.28186512	19.77731133
77.78799785	8.36214352	15.82492638
77.79199785	8.20158672	19.77731133
77.79599785	8.20158672	11.85715961
77.79999785	8.20158672	15.82492638
77.80399785	8.20158672	15.82492638
77.80799785	8.28186512	15.82492638
77.81199785	8.20158672	15.82492638
77.81599785	8.28186512	15.82492638
77.81999785	8.28186512	15.82492638
77.82399785	8.20158672	19.77731133
77.82799785	8.12100124	15.82492638
77.83199785	8.20158672	15.82492638
77.83599785	8.28186512	19.77731133
77.83999785	8.28186512	19.77731133
77.84399785	8.28186512	15.82492638
77.84799785	8.20158672	15.82492638
77.85199785	8.28186512	15.82492638
77.85599785	8.20158672	19.77731133
77.85999785	8.20158672	15.82492638
77.86399785	8.20158672	19.77731133
77.86799785	8.28186512	15.82492638
77.87199785	8.28186512	19.77731133
77.87599785	8.20158672	11.85715961
77.87999785	8.12100124	15.82492638
77.88399785	8.20158672	15.82492638
77.88799785	8.28186512	15.82492638
77.89199785	8.20158672	15.82492638
77.89599785	8.20158672	15.82492638
77.89999785	8.20158672	15.82492638
77.90399785	8.28186512	19.77731133
77.90799785	8.28186512	11.85715961
77.91199785	8.20158672	15.82492638
77.91599785	8.20158672	15.82492638
77.91999785	8.20158672	15.82492638
77.92399785	8.28186512	15.82492638
77.92799785	8.20158672	15.82492638
77.93199785	8.20158672	11.85715961
77.93599785	8.28186512	11.85715961
77.93999785	8.28186512	15.82492638
77.94399785	8.28186512	19.77731133
77.94799785	8.20158672	11.85715961
77.95199785	8.20158672	15.82492638
77.95599785	8.28186512	15.82492638
77.95999785	8.20158672	19.77731133
77.96399785	8.20158672	15.82492638
77.96799785	8.20158672	15.82492638
77.97199785	8.28186512	15.82492638
77.97599785	8.28186512	19.77731133
77.97999785	8.20158672	11.85715961
77.98399785	8.28186512	19.77731133
77.98799785	8.20158672	15.82492638
77.99199785	8.28186512	15.82492638
77.99599785	8.28186512	15.82492638
77.99999785	8.12100124	15.82492638
78.00399785	8.28186512	11.85715961
78.00799785	8.28186512	19.77731133
78.01199785	8.28186512	19.77731133
78.01599785	8.20158672	15.82492638
78.01999785	8.20158672	11.85715961
78.02399785	8.28186512	15.82492638
78.02799785	8.28186512	15.82492638
78.03199785	8.28186512	19.77731133
78.03599785	8.28186512	15.82492638
78.03999785	8.28186512	15.82492638
78.04399785	8.28186512	15.82492638
78.04799785	8.28186512	15.82492638
78.05199785	8.20158672	15.82492638
78.05599785	8.28186512	15.82492638
78.05999785	8.28186512	11.85715961
78.06399785	8.28186512	19.77731133
78.06799785	8.28186512	15.82492638
78.07199785	8.28186512	15.82492638
78.07599785	8.20158672	15.82492638
78.07999785	8.28186512	15.82492638
78.08399785	8.20158672	11.85715961
78.08799785	8.28186512	15.82492638
78.09199785	8.28186512	15.82492638
78.09599785	8.20158672	15.82492638
78.09999785	8.20158672	15.82492638
78.10399785	8.28186512	11.85715961
78.10799785	8.28186512	15.82492638
78.11199785	8.28186512	19.77731133
78.11599784	8.20158672	15.82492638
78.11999784	8.28186512	15.82492638
78.12399784	8.28186512	15.82492638
78.12799784	8.28186512	15.82492638
78.13199784	8.28186512	15.82492638
78.13599784	8.20158672	19.77731133
78.13999784	8.20158672	11.85715961
78.14399784	8.28186512	15.82492638
78.14799784	8.28186512	15.82492638
78.15199784	8.20158672	15.82492638
78.15599784	8.20158672	11.85715961
78.15999784	8.20158672	15.82492638
78.16399784	8.28186512	11.85715961
78.16799784	8.28186512	15.82492638
78.17199784	8.20158672	11.85715961
78.17599784	8.28186512	15.82492638
78.17999784	8.28186512	15.82492638
78.18399784	8.20158672	19.77731133
78.18799784	8.20158672	15.82492638
78.19199784	8.20158672	15.82492638
78.19599784	8.20158672	15.82492638
78.19999784	8.20158672	15.82492638
78.20399784	8.20158672	15.82492638
78.20799784	8.28186512	15.82492638
78.21199784	8.20158672	15.82492638
78.21599784	8.28186512	15.82492638
78.21999784	8.20158672	19.77731133
78.22399784	8.12100124	19.77731133
78.22799784	8.28186512	11.85715961
78.23199784	8.28186512	19.77731133
78.23599784	8.20158672	19.77731133
78.23999784	8.12100124	15.82492638
78.24399784	8.20158672	11.85715961
78.24799784	8.28186512	15.82492638
78.25199784	8.20158672	15.82492638
78.25599784	8.20158672	19.77731133
78.25999784	8.20158672	15.82492638
78.26399784	8.28186512	19.77731133
78.26799784	8.28186512	15.82492638
78.27199784	8.12100124	15.82492638
78.27599784	8.12100124	15.82492638
78.27999784	8.28186512	15.82492638
78.28399784	8.28186512	15.82492638
78.28799784	8.20158672	15.82492638
78.29199784	8.20158672	11.85715961
78.29599784	8.20158672	15.82492638
78.29999784	8.20158672	11.85715961
78.30399784	8.12100124	11.85715961
78.30799784	8.20158672	11.85715961
78.31199784	8.20158672	19.77731133
78.31599784	8.28186512	15.82492638
78.31999784	8.28186512	19.77731133
78.32399784	8.20158672	15.82492638
78.32799784	8.12100124	15.82492638
78.33199784	8.20158672	15.82492638
78.33599784	8.28186512	19.77731133
78.33999784	8.28186512	15.82492638
78.34399784	8.20158672	15.82492638
78.34799784	8.20158672	11.85715961
78.35199784	8.20158672	15.82492638
78.35599784	8.12100124	11.85715961
78.35999784	8.20158672	15.82492638
78.36399784	8.28186512	19.77731133
78.36799784	8.28186512	15.82492638
78.37199784	8.28186512	19.77731133
78.37599784	8.12100124	15.82492638
78.37999784	8.12100124	15.82492638
78.38399784	8.12100124	11.85715961
78.38799784	8.28186512	15.82492638
78.39199784	8.28186512	15.82492638
78.39599784	8.28186512	15.82492638
78.39999784	8.20158672	15.82492638
78.40399784	8.12100124	11.85715961
78.40799784	8.20158672	15.82492638
78.41199784	8.20158672	15.82492638
78.41599784	8.28186512	19.77731133
78.41999784	8.28186512	19.77731133
78.42399784	8.20158672	19.77731133
78.42799784	8.12100124	11.85715961
78.43199784	8.12100124	15.82492638
78.43599784	8.20158672	11.85715961
78.43999784	8.20158672	15.82492638
78.44399784	8.20158672	15.82492638
78.44799784	8.28186512	19.77731133
78.45199784	8.28186512	11.85715961
78.45599784	8.20158672	15.82492638
78.45999784	8.12100124	11.85715961
78.46399784	8.20158672	19.77731133
78.46799783	8.28186512	19.77731133
78.47199783	8.28186512	15.82492638
78.47599783	8.20158672	15.82492638
78.47999783	8.20158672	15.82492638
78.48399783	8.20158672	15.82492638
78.48799783	8.12100124	15.82492638
78.49199783	8.20158672	15.82492638
78.49599783	8.28186512	15.82492638
78.49999783	8.28186512	11.85715961
78.50399783	8.20158672	15.82492638
78.50799783	8.12100124	19.77731133
78.51199783	8.12100124	15.82492638
78.51599783	8.20158672	11.85715961
78.51999783	8.28186512	19.77731133
78.52399783	8.28186512	11.85715961
78.52799783	8.12100124	19.77731133
78.53199783	8.12100124	15.82492638
78.53599783	8.20158672	15.82492638
78.53999783	8.28186512	11.85715961
78.54399783	8.28186512	19.77731133
78.54799783	8.20158672	15.82492638
78.55199783	8.28186512	19.77731133
78.55599783	8.20158672	15.82492638
78.55999783	8.20158672	15.82492638
78.56399783	8.04072380	15.82492638
78.56799783	8.12100124	11.85715961
78.57199783	8.28186512	15.82492638
78.57599783	8.36214352	19.77731133
78.57999783	8.28186512	15.82492638
78.58399783	8.12100124	15.82492638
78.58799783	8.12100124	15.82492638
78.59199783	8.20158672	11.85715961
78.59599783	8.28186512	15.82492638
78.59999783	8.28186512	15.82492638
78.60399783	8.20158672	11.85715961
78.60799783	8.28186512	15.82492638
78.61199783	8.20158672	15.82492638
78.61599783	8.12100124	15.82492638
78.61999783	8.12100124	15.82492638
78.62399783	8.20158672	15.82492638
78.62799783	8.28186512	11.85715961
78.63199783	8.36214352	15.82492638
78.63599783	8.28186512	15.82492638
78.63999783	8.20158672	19.77731133
78.64399783	8.20158672	11.85715961
78.64799783	8.12100124	15.82492638
78.65199783	8.20158672	15.82492638
78.65599783	8.28186512	15.82492638
78.65999783	8.36214352	15.82492638
78.66399783	8.28186512	19.77731133
78.66799783	8.12100124	15.82492638
78.67199783	8.12100124	11.85715961
78.67599783	8.20158672	15.82492638
78.67999783	8.28186512	11.85715961
78.68399783	8.28186512	15.82492638
78.68799783	8.36214352	19.77731133
78.69199783	8.36214352	15.82492638
78.69599783	8.20158672	15.82492638
78.69999783	8.12100124	15.82492638
78.70399783	8.12100124	15.82492638
78.70799783	8.28186512	15.82492638
78.71199783	8.36214352	19.77731133
78.71599783	8.36214352	15.82492638
78.71999783	8.28186512	15.82492638
78.72399783	8.12100124	15.82492638
78.72799783	8.12100124	15.82492638
78.73199783	8.20158672	15.82492638
78.73599783	8.28186512	15.82492638
78.73999783	8.36214352	19.77731133
78.74399783	8.28186512	19.77731133
78.74799783	8.20158672	15.82492638
78.75199783	8.20158672	15.82492638
78.75599783	8.12100124	11.85715961
78.75999783	8.20158672	15.82492638
78.76399783	8.28186512	15.82492638
78.76799783	8.36214352	19.77731133
78.77199783	8.20158672	19.77731133
78.77599783	8.20158672	15.82492638
78.77999783	8.12100124	15.82492638
78.78399783	8.20158672	19.77731133
78.78799783	8.28186512	15.82492638
78.79199783	8.28186512	15.82492638
78.79599783	8.28186512	15.82492638
78.79999783	8.28186512	15.82492638
78.80399783	8.20158672	11.85715961
78.80799783	8.20158672	15.82492638
78.81199783	8.20158672	11.85715961
78.81599783	8.28186512	15.82492638
78.81999782	8.28186512	15.82492638
78.82399782	8.28186512	15.82492638
78.82799782	8.28186512	11.85715961
78.83199782	8.20158672	15.82492638
78.83599782	8.12100124	15.82492638
78.83999782	8.20158672	15.82492638
78.84399782	8.28186512	11.85715961
78.84799782	8.28186512	19.77731133
78.85199782	8.28186512	15.82492638
78.85599782	8.20158672	15.82492638
78.85999782	8.20158672	11.85715961
78.86399782	8.20158672	15.82492638
78.86799782	8.28186512	11.85715961
78.87199782	8.28186512	15.82492638
78.87599782	8.28186512	15.82492638
78.87999782	8.28186512	19.77731133
78.88399782	8.20158672	15.82492638
78.88799782	8.20158672	15.82492638
78.89199782	8.20158672	11.85715961
78.89599782	8.20158672	15.82492638
78.89999782	8.28186512	15.82492638
78.90399782	8.28186512	19.77731133
78.90799782	8.28186512	11.85715961
78.91199782	8.28186512	19.77731133
78.91599782	8.20158672	15.82492638
78.91999782	8.20158672	15.82492638
78.92399782	8.20158672	15.82492638
78.92799782	8.28186512	19.77731133
78.93199782	8.28186512	15.82492638
78.93599782	8.20158672	15.82492638
78.93999782	8.28186512	15.82492638
78.94399782	8.20158672	15.82492638
78.94799782	8.20158672	15.82492638
78.95199782	8.20158672	15.82492638
78.95599782	8.20158672	15.82492638
78.95999782	8.28186512	15.82492638
78.96399782	8.28186512	15.82492638
78.96799782	8.20158672	15.82492638
78.97199782	8.20158672	11.85715961
78.97599782	8.20158672	15.82492638
78.97999782	8.28186512	11.85715961
78.98399782	8.36214352	15.82492638
78.98799782	8.36214352	15.82492638
78.99199782	8.28186512	15.82492638
78.99599782	8.28186512	15.82492638
78.99999782	8.20158672	15.82492638
79.00399782	8.28186512	15.82492638
79.00799782	8.28186512	15.82492638
79.01199782	8.28186512	15.82492638
79.01599782	8.28186512	19.77731133
79.01999782	8.20158672	15.82492638
79.02399782	8.28186512	15.82492638
79.02799782	8.28186512	11.85715961
79.03199782	8.28186512	15.82492638
79.03599782	8.28186512	15.82492638
79.03999782	8.20158672	19.77731133
79.04399782	8.20158672	15.82492638
79.04799782	8.28186512	19.77731133
79.05199782	8.28186512	15.82492638
79.05599782	8.28186512	15.82492638
79.05999782	8.20158672	19.77731133
79.06399782	8.28186512	19.77731133
79.06799782	8.28186512	15.82492638
79.07199782	8.28186512	15.82492638
79.07599782	8.28186512	15.82492638
79.07999782	8.36214352	15.82492638
79.08399782	8.28186512	15.82492638
79.08799782	8.28186512	19.77731133
79.09199782	8.20158672	11.85715961
79.09599782	8.20158672	11.85715961
79.09999782	8.28186512	11.85715961
79.10399782	8.36214352	15.82492638
79.10799782	8.36214352	15.82492638
79.11199782	8.28186512	15.82492638
79.11599782	8.20158672	11.85715961
79.11999782	8.20158672	15.82492638
79.12399782	8.20158672	11.85715961
79.12799782	8.28186512	15.82492638
79.13199782	8.36214352	15.82492638
79.13599782	8.36214352	19.77731133
79.13999782	8.20158672	11.85715961
79.14399782	8.12100124	15.82492638
79.14799782	8.20158672	11.85715961
79.15199782	8.28186512	15.82492638
79.15599782	8.36214352	15.82492638
79.15999782	8.28186512	19.77731133
79.16399782	8.28186512	15.82492638
79.16799782	8.28186512	15.82492638
79.17199782	8.20158672	11.85715961
79.17599781	8.12100124	15.82492638
79.17999781	8.20158672	11.85715961
79.18399781	8.44272900	15.82492638
79.18799781	8.44272900	15.82492638
79.19199781	8.28186512	15.82492638
79.19599781	8.12100124	11.85715961
79.19999781	8.20158672	15.82492638
79.20399781	8.28186512	11.85715961
79.20799781	8.28186512	15.82492638
79.21199781	8.28186512	15.82492638
79.21599781	8.36214352	19.77731133
79.21999781	8.28186512	15.82492638
79.22399781	8.20158672	11.85715961
79.22799781	8.20158672	7.90477324
79.23199781	8.28186512	15.82492638
79.23599781	8.36214352	15.82492638
79.23999781	8.36214352	19.77731133
79.24399781	8.28186512	15.82492638
79.24799781	8.20158672	15.82492638
79.25199781	8.12100124	7.90477324
79.25599781	8.28186512	11.85715961
79.25999781	8.36214352	15.82492638
79.26399781	8.36214352	15.82492638
79.26799781	8.28186512	19.77731133
79.27199781	8.28186512	19.77731133
79.27599781	8.20158672	15.82492638
79.27999781	8.20158672	15.82492638
79.28399781	8.28186512	15.82492638
79.28799781	8.36214352	15.82492638
79.29199781	8.36214352	19.77731133
79.29599781	8.28186512	15.82492638
79.29999781	8.20158672	11.85715961
79.30399781	8.20158672	11.85715961
79.30799781	8.20158672	15.82492638
79.31199781	8.20158672	15.82492638
79.31599781	8.28186512	15.82492638
79.31999781	8.28186512	19.77731133
79.32399781	8.36214352	15.82492638
79.32799781	8.20158672	15.82492638
79.33199781	8.12100124	11.85715961
79.33599781	8.12100124	15.82492638
79.33999781	8.28186512	15.82492638
79.34399781	8.36214352	15.82492638
79.34799781	8.28186512	15.82492638
79.35199781	8.28186512	15.82492638
79.35599781	8.20158672	15.82492638
79.35999781	8.20158672	15.82492638
79.36399781	8.20158672	15.82492638
79.36799781	8.28186512	19.77731133
79.37199781	8.36214352	15.82492638
79.37599781	8.28186512	19.77731133
79.37999781	8.20158672	11.85715961
79.38399781	8.12100124	15.82492638
79.38799781	8.20158672	11.85715961
79.39199781	8.28186512	15.82492638
79.39599781	8.36214352	15.82492638
79.39999781	8.36214352	19.77731133
79.40399781	8.28186512	15.82492638
79.40799781	8.20158672	19.77731133
79.41199781	8.20158672	11.85715961
79.41599781	8.28186512	15.82492638
79.41999781	8.28186512	15.82492638
79.42399781	8.28186512	19.77731133
79.42799781	8.36214352	11.85715961
79.43199781	8.28186512	15.82492638
79.43599781	8.20158672	15.82492638
79.43999781	8.20158672	11.85715961
79.44399781	8.20158672	15.82492638
79.44799781	8.36214352	19.77731133
79.45199781	8.36214352	15.82492638
79.45599781	8.28186512	15.82492638
79.45999781	8.28186512	15.82492638
79.46399781	8.20158672	11.85715961
79.46799781	8.28186512	15.82492638
79.47199781	8.28186512	15.82492638
79.47599781	8.28186512	15.82492638
79.47999781	8.36214352	15.82492638
79.48399781	8.28186512	15.82492638
79.48799781	8.28186512	15.82492638
79.49199781	8.20158672	11.85715961
79.49599781	8.28186512	15.82492638
79.49999781	8.28186512	15.82492638
79.50399781	8.28186512	15.82492638
79.50799781	8.36214352	15.82492638
79.51199781	8.28186512	15.82492638
79.51599781	8.28186512	15.82492638
79.51999781	8.28186512	19.77731133
79.52399781	8.28186512	11.85715961
79.52799780	8.28186512	11.85715961
79.53199780	8.28186512	15.82492638
79.53599780	8.28186512	15.82492638
79.53999780	8.28186512	15.82492638
79.54399780	8.36214352	11.85715961
79.54799780	8.28186512	11.85715961
79.55199780	8.20158672	15.82492638
79.55599780	8.28186512	11.85715961
79.55999780	8.36214352	15.82492638
79.56399780	8.36214352	15.82492638
79.56799780	8.28186512	15.82492638
79.57199780	8.28186512	11.85715961
79.57599780	8.36214352	15.82492638
79.57999780	8.28186512	15.82492638
79.58399780	8.28186512	19.77731133
79.58799780	8.20158672	11.85715961
79.59199780	8.28186512	11.85715961
79.59599780	8.28186512	15.82492638
79.59999780	8.28186512	15.82492638
79.60399780	8.28186512	15.82492638
79.60799780	8.28186512	15.82492638
79.61199780	8.36214352	15.82492638
79.61599780	8.28186512	15.82492638
79.61999780	8.20158672	11.85715961
79.62399780	8.28186512	15.82492638
79.62799780	8.36214352	15.82492638
79.63199780	8.28186512	15.82492638
79.63599780	8.20158672	11.85715961
79.63999780	8.28186512	15.82492638
79.64399780	8.28186512	15.82492638
79.64799780	8.36214352	15.82492638
79.65199780	8.36214352	15.82492638
79.65599780	8.20158672	15.82492638
79.65999780	8.20158672	11.85715961
79.66399780	8.28186512	11.85715961
79.66799780	8.36214352	11.85715961
79.67199780	8.28186512	15.82492638
79.67599780	8.28186512	15.82492638
79.67999780	8.28186512	15.82492638
79.68399780	8.36214352	11.85715961
79.68799780	8.28186512	19.77731133
79.69199780	8.20158672	15.82492638
79.69599780	8.28186512	15.82492638
79.69999780	8.28186512	15.82492638
79.70399780	8.28186512	15.82492638
79.70799780	8.28186512	15.82492638
79.71199780	8.28186512	15.82492638
79.71599780	8.28186512	11.85715961
79.71999780	8.20158672	19.77731133
79.72399780	8.28186512	19.77731133
79.72799780	8.28186512	15.82492638
79.73199780	8.36214352	11.85715961
79.73599780	8.36214352	19.77731133
79.73999780	8.20158672	11.85715961
79.74399780	8.20158672	15.82492638
79.74799780	8.28186512	15.82492638
79.75199780	8.28186512	11.85715961
79.75599780	8.28186512	15.82492638
79.75999780	8.28186512	15.82492638
79.76399780	8.28186512	15.82492638
79.76799780	8.28186512	19.77731133
79.77199780	8.20158672	11.85715961
79.77599780	8.20158672	11.85715961
79.77999780	8.28186512	11.85715961
79.78399780	8.28186512	15.82492638
79.78799780	8.28186512	15.82492638
79.79199780	8.36214352	15.82492638
79.79599780	8.36214352	15.82492638
79.79999780	8.20158672	15.82492638
79.80399780	8.20158672	11.85715961
79.80799780	8.28186512	15.82492638
79.81199780	8.36214352	11.85715961
79.81599780	8.36214352	15.82492638
79.81999780	8.28186512	15.82492638
79.82399780	8.28186512	15.82492638
79.82799780	8.28186512	11.85715961
79.83199780	8.28186512	15.82492638
79.83599780	8.28186512	11.85715961
79.83999780	8.28186512	15.82492638
79.84399780	8.28186512	15.82492638
79.84799780	8.36214352	15.82492638
79.85199780	8.36214352	15.82492638
79.85599780	8.28186512	15.82492638
79.85999780	8.20158672	15.82492638
79.86399780	8.28186512	11.85715961
79.86799780	8.36214352	15.82492638
79.87199780	8.44272900	19.77731133
79.87599780	8.28186512	15.82492638
79.87999780	8.28186512	15.82492638
79.88399779	8.28186512	15.82492638
79.88799779	8.28186512	15.82492638
79.89199779	8.28186512	11.85715961
79.89599779	8.36214352	15.82492638
79.89999779	8.36214352	15.82492638
79.90399779	8.36214352	15.82492638
79.90799779	8.20158672	15.82492638
79.91199779	8.20158672	11.85715961
79.91599779	8.28186512	11.85715961
79.91999779	8.36214352	15.82492638
79.92399779	8.36214352	15.82492638
79.92799779	8.28186512	15.82492638
79.93199779	8.20158672	15.82492638
79.93599779	8.20158672	15.82492638
79.93999779	8.28186512	15.82492638
79.94399779	8.36214352	15.82492638
79.94799779	8.36214352	15.82492638
79.95199779	8.36214352	15.82492638
79.95599779	8.28186512	15.82492638
79.95999779	8.20158672	15.82492638
79.96399779	8.20158672	11.85715961
79.96799779	8.28186512	15.82492638
79.97199779	8.36214352	15.82492638
79.97599779	8.36214352	19.77731133
79.97999779	8.28186512	19.77731133
79.98399779	8.20158672	15.82492638
79.98799779	8.28186512	11.85715961
79.99199779	8.28186512	15.82492638
79.99599779	8.28186512	15.82492638
79.99999779	8.28186512	15.82492638
80.00399779	8.44272900	15.82492638
80.00799779	8.36214352	15.82492638
80.01199779	8.20158672	15.82492638
80.01599779	8.20158672	15.82492638
80.01999779	8.36214352	11.85715961
80.02399779	8.44272900	15.82492638
80.02799779	8.36214352	15.82492638
80.03199779	8.20158672	15.82492638
80.03599779	8.20158672	7.90477324
80.03999779	8.36214352	15.82492638
80.04399779	8.36214352	15.82492638
80.04799779	8.20158672	19.77731133
80.05199779	8.28186512	15.82492638
80.05599779	8.36214352	15.82492638
80.05999779	8.36214352	15.82492638
80.06399779	8.28186512	15.82492638
80.06799779	8.20158672	11.85715961
80.07199779	8.28186512	15.82492638
80.07599779	8.36214352	15.82492638
80.07999779	8.28186512	19.77731133
80.08399779	8.28186512	15.82492638
80.08799779	8.28186512	11.85715961
80.09199779	8.28186512	15.82492638
80.09599779	8.28186512	15.82492638
80.09999779	8.28186512	15.82492638
80.10399779	8.28186512	19.77731133
80.10799779	8.36214352	15.82492638
80.11199779	8.36214352	11.85715961
80.11599779	8.28186512	15.82492638
80.11999779	8.28186512	15.82492638
80.12399779	8.20158672	15.82492638
80.12799779	8.20158672	15.82492638
80.13199779	8.28186512	15.82492638
80.13599779	8.36214352	15.82492638
80.13999779	8.28186512	11.85715961
80.14399779	8.28186512	15.82492638
80.14799779	8.28186512	11.85715961
80.15199779	8.28186512	15.82492638
80.15599779	8.28186512	15.82492638
80.15999779	8.28186512	15.82492638
80.16399779	8.28186512	11.85715961
80.16799779	8.36214352	15.82492638
80.17199779	8.36214352	15.82492638
80.17599779	8.28186512	15.82492638
80.17999779	8.20158672	19.77731133
80.18399779	8.20158672	15.82492638
80.18799779	8.28186512	11.85715961
80.19199779	8.36214352	19.77731133
80.19599779	8.36214352	15.82492638
80.19999779	8.28186512	15.82492638
80.20399779	8.28186512	15.82492638
80.20799779	8.28186512	19.77731133
80.21199779	8.28186512	15.82492638
80.21599779	8.28186512	15.82492638
80.21999779	8.28186512	11.85715961
80.22399779	8.36214352	15.82492638
80.22799779	8.36214352	15.82492638
80.23199779	8.28186512	15.82492638
80.23599778	8.28186512	11.85715961
80.23999778	8.28186512	11.85715961
80.24399778	8.36214352	11.85715961
80.24799778	8.28186512	19.77731133
80.25199778	8.28186512	15.82492638
80.25599778	8.28186512	15.82492638
80.25999778	8.28186512	11.85715961
80.26399778	8.28186512	19.77731133
80.26799778	8.20158672	15.82492638
80.27199778	8.28186512	15.82492638
80.27599778	8.36214352	11.85715961
80.27999778	8.36214352	15.82492638
80.28399778	8.20158672	15.82492638
80.28799778	8.12100124	11.85715961
80.29199778	8.36214352	11.85715961
80.29599778	8.36214352	19.77731133
80.29999778	8.28186512	15.82492638
80.30399778	8.28186512	11.85715961
80.30799778	8.28186512	15.82492638
80.31199778	8.36214352	19.77731133
80.31599778	8.28186512	15.82492638
80.31999778	8.20158672	11.85715961
80.32399778	8.28186512	15.82492638
80.32799778	8.36214352	15.82492638
80.33199778	8.36214352	19.77731133
80.33599778	8.28186512	19.77731133
80.33999778	8.20158672	11.85715961
80.34399778	8.28186512	15.82492638
80.34799778	8.36214352	15.82492638
80.35199778	8.28186512	19.77731133
80.35599778	8.20158672	11.85715961
80.35999778	8.36214352	15.82492638
80.36399778	8.36214352	15.82492638
80.36799778	8.36214352	15.82492638
80.37199778	8.28186512	15.82492638
80.37599778	8.28186512	15.82492638
80.37999778	8.28186512	15.82492638
80.38399778	8.36214352	15.82492638
80.38799778	8.36214352	11.85715961
80.39199778	8.36214352	15.82492638
80.39599778	8.28186512	15.82492638
80.39999778	8.28186512	15.82492638
80.40399778	8.28186512	11.85715961
80.40799778	8.28186512	15.82492638
80.41199778	8.36214352	11.85715961
80.41599778	8.28186512	15.82492638
80.41999778	8.28186512	11.85715961
80.42399778	8.28186512	19.77731133
80.42799778	8.36214352	15.82492638
80.43199778	8.36214352	15.82492638
80.43599778	8.20158672	15.82492638
80.43999778	8.28186512	15.82492638
80.44399778	8.36214352	15.82492638
80.44799778	8.44272900	19.77731133
80.45199778	8.36214352	11.85715961
80.45599778	8.20158672	15.82492638
80.45999778	8.28186512	11.85715961
80.46399778	8.20158672	15.82492638
80.46799778	8.28186512	11.85715961
80.47199778	8.36214352	15.82492638
80.47599778	8.36214352	15.82492638
80.47999778	8.36214352	19.77731133
80.48399778	8.28186512	15.82492638
80.48799778	8.28186512	15.82492638
80.49199778	8.20158672	11.85715961
80.49599778	8.36214352	15.82492638
80.49999778	8.44272900	15.82492638
80.50399778	8.44272900	19.77731133
80.50799778	8.20158672	15.82492638
80.51199778	8.20158672	11.85715961
80.51599778	8.28186512	7.90477324
80.51999778	8.36214352	15.82492638
80.52399778	8.28186512	15.82492638
80.52799778	8.36214352	19.77731133
80.53199778	8.28186512	15.82492638
80.53599778	8.28186512	15.82492638
80.53999778	8.20158672	11.85715961
80.54399778	8.20158672	15.82492638
80.54799778	8.28186512	11.85715961
80.55199778	8.36214352	15.82492638
80.55599778	8.36214352	15.82492638
80.55999778	8.36214352	19.77731133
80.56399778	8.28186512	15.82492638
80.56799778	8.28186512	15.82492638
80.57199778	8.20158672	15.82492638
80.57599778	8.28186512	15.82492638
80.57999778	8.36214352	15.82492638
80.58399778	8.36214352	15.82492638
80.58799777	8.28186512	15.82492638
80.59199777	8.20158672	15.82492638
80.59599777	8.20158672	11.85715961
80.59999777	8.28186512	15.82492638
80.60399777	8.28186512	15.82492638
80.60799777	8.36214352	15.82492638
80.61199777	8.44272900	15.82492638
80.61599777	8.36214352	15.82492638
80.61999777	8.20158672	15.82492638
80.62399777	8.12100124	15.82492638
80.62799777	8.20158672	11.85715961
80.63199777	8.36214352	15.82492638
80.63599777	8.44272900	15.82492638
80.63999777	8.28186512	19.77731133
80.64399777	8.20158672	15.82492638
80.64799777	8.20158672	11.85715961
80.65199777	8.20158672	11.85715961
80.65599777	8.28186512	15.82492638
80.65999777	8.36214352	15.82492638
80.66399777	8.36214352	15.82492638
80.66799777	8.36214352	19.77731133
80.67199777	8.20158672	15.82492638
80.67599777	8.20158672	11.85715961
80.67999777	8.28186512	11.85715961
80.68399777	8.28186512	19.77731133
80.68799777	8.28186512	19.77731133
80.69199777	8.28186512	15.82492638
80.69599777	8.36214352	15.82492638
80.69999777	8.28186512	11.85715961
80.70399777	8.12100124	15.82492638
80.70799777	8.12100124	15.82492638
80.71199777	8.28186512	15.82492638
80.71599777	8.36214352	15.82492638
80.71999777	8.36214352	15.82492638
80.72399777	8.20158672	15.82492638
80.72799777	8.12100124	15.82492638
80.73199777	8.28186512	11.85715961
80.73599777	8.28186512	19.77731133
80.73999777	8.28186512	15.82492638
80.74399777	8.28186512	11.85715961
80.74799777	8.28186512	15.82492638
80.75199777	8.28186512	19.77731133
80.75599777	8.20158672	11.85715961
80.75999777	8.20158672	11.85715961
80.76399777	8.28186512	15.82492638
80.76799777	8.28186512	15.82492638
80.77199777	8.28186512	15.82492638
80.77599777	8.20158672	19.77731133
80.77999777	8.28186512	11.85715961
80.78399777	8.28186512	15.82492638
80.78799777	8.28186512	11.85715961
80.79199777	8.28186512	15.82492638
80.79599777	8.28186512	11.85715961
80.79999777	8.36214352	15.82492638
80.80399777	8.28186512	15.82492638
80.80799777	8.28186512	15.82492638
80.81199777	8.20158672	11.85715961
80.81599777	8.20158672	15.82492638
80.81999777	8.36214352	15.82492638
80.82399777	8.28186512	15.82492638
80.82799777	8.28186512	15.82492638
80.83199777	8.28186512	15.82492638
80.83599777	8.20158672	15.82492638
80.83999777	8.28186512	15.82492638
80.84399777	8.28186512	15.82492638
80.84799777	8.36214352	15.82492638
80.85199777	8.28186512	15.82492638
80.85599777	8.20158672	15.82492638
80.85999777	8.28186512	11.85715961
80.86399777	8.28186512	15.82492638
80.86799777	8.28186512	11.85715961
80.87199777	8.28186512	15.82492638
80.87599777	8.28186512	11.85715961
80.87999777	8.36214352	15.82492638
80.88399777	8.28186512	15.82492638
80.88799777	8.20158672	15.82492638
80.89199777	8.20158672	11.85715961
80.89599777	8.28186512	15.82492638
80.89999777	8.36214352	15.82492638
80.90399777	8.36214352	15.82492638
80.90799777	8.28186512	15.82492638
80.91199777	8.28186512	19.77731133
80.91599777	8.28186512	11.85715961
80.91999777	8.28186512	15.82492638
80.92399777	8.28186512	15.82492638
80.92799777	8.28186512	15.82492638
80.93199777	8.36214352	15.82492638
80.93599777	8.28186512	15.82492638
80.93999777	8.20158672	15.82492638
80.94399776	8.28186512	15.82492638
80.94799776	8.28186512	11.85715961
80.95199776	8.36214352	15.82492638
80.95599776	8.36214352	19.77731133
80.95999776	8.20158672	15.82492638
80.96399776	8.20158672	11.85715961
80.96799776	8.28186512	15.82492638
80.97199776	8.28186512	15.82492638
80.97599776	8.36214352	19.77731133
80.97999776	8.20158672	15.82492638
80.98399776	8.28186512	15.82492638
80.98799776	8.36214352	11.85715961
80.99199776	8.36214352	19.77731133
80.99599776	8.20158672	15.82492638
80.99999776	8.12100124	15.82492638
81.00399776	8.28186512	15.82492638
81.00799776	8.36214352	19.77731133
81.01199776	8.36214352	15.82492638
81.01599776	8.28186512	15.82492638
81.01999776	8.20158672	15.82492638
81.02399776	8.20158672	15.82492638
81.02799776	8.20158672	11.85715961
81.03199776	8.28186512	15.82492638
81.03599776	8.36214352	11.85715961
81.03999776	8.44272900	19.77731133
81.04399776	8.28186512	19.77731133
81.04799776	8.20158672	15.82492638
81.05199776	8.12100124	11.85715961
81.05599776	8.36214352	15.82492638
81.05999776	8.36214352	11.85715961
81.06399776	8.36214352	19.77731133
81.06799776	8.20158672	15.82492638
81.07199776	8.28186512	15.82492638
81.07599776	8.28186512	15.82492638
81.07999776	8.20158672	15.82492638
81.08399776	8.20158672	11.85715961
81.08799776	8.28186512	15.82492638
81.09199776	8.36214352	19.77731133
81.09599776	8.36214352	15.82492638
81.09999776	8.20158672	11.85715961
81.10399776	8.28186512	15.82492638
81.10799776	8.20158672	15.82492638
81.11199776	8.20158672	15.82492638
81.11599776	8.28186512	15.82492638
81.11999776	8.36214352	15.82492638
81.12399776	8.36214352	15.82492638
81.12799776	8.28186512	15.82492638
81.13199776	8.20158672	15.82492638
81.13599776	8.20158672	15.82492638
81.13999776	8.36214352	11.85715961
81.14399776	8.36214352	19.77731133
81.14799776	8.28186512	15.82492638
81.15199776	8.28186512	15.82492638
81.15599776	8.28186512	15.82492638
81.15999776	8.28186512	15.82492638
81.16399776	8.28186512	11.85715961
81.16799776	8.28186512	15.82492638
81.17199776	8.28186512	11.85715961
81.17599776	8.36214352	15.82492638
81.17999776	8.36214352	15.82492638
81.18399776	8.28186512	15.82492638
81.18799776	8.28186512	15.82492638
81.19199776	8.28186512	19.77731133
81.19599776	8.28186512	15.82492638
81.19999776	8.36214352	15.82492638
81.20399776	8.28186512	11.85715961
81.20799776	8.36214352	15.82492638
81.21199776	8.28186512	15.82492638
81.21599776	8.20158672	15.82492638
81.21999776	8.28186512	15.82492638
81.22399776	8.36214352	15.82492638
81.22799776	8.28186512	15.82492638
81.23199776	8.28186512	15.82492638
81.23599776	8.28186512	15.82492638
81.23999776	8.28186512	15.82492638
81.24399776	8.28186512	15.82492638
81.24799776	8.28186512	19.77731133
81.25199776	8.28186512	15.82492638
81.25599776	8.28186512	15.82492638
81.25999776	8.28186512	15.82492638
81.26399776	8.28186512	15.82492638
81.26799776	8.28186512	11.85715961
81.27199776	8.28186512	15.82492638
81.27599776	8.28186512	15.82492638
81.27999776	8.28186512	15.82492638
81.28399776	8.28186512	11.85715961
81.28799776	8.36214352	15.82492638
81.29199776	8.28186512	15.82492638
81.29599775	8.28186512	15.82492638
81.29999775	8.20158672	11.85715961
81.30399775	8.28186512	11.85715961
81.30799775	8.36214352	15.82492638
81.31199775	8.36214352	19.77731133
81.31599775	8.28186512	15.82492638
81.31999775	8.20158672	19.77731133
81.32399775	8.28186512	19.77731133
81.32799775	8.36214352	15.82492638
81.33199775	8.28186512	15.82492638
81.33599775	8.28186512	15.82492638
81.33999775	8.28186512	15.82492638
81.34399775	8.36214352	15.82492638
81.34799775	8.28186512	15.82492638
81.35199775	8.28186512	15.82492638
81.35599775	8.28186512	15.82492638
81.35999775	8.28186512	19.77731133
81.36399775	8.28186512	15.82492638
81.36799775	8.28186512	15.82492638
81.37199775	8.36214352	15.82492638
81.37599775	8.36214352	19.77731133
81.37999775	8.28186512	15.82492638
81.38399775	8.20158672	15.82492638
81.38799775	8.28186512	11.85715961
81.39199775	8.36214352	15.82492638
81.39599775	8.36214352	15.82492638
81.39999775	8.28186512	15.82492638
81.40399775	8.28186512	15.82492638
81.40799775	8.28186512	15.82492638
81.41199775	8.28186512	11.85715961
81.41599775	8.20158672	15.82492638
81.41999775	8.28186512	11.85715961
81.42399775	8.44272900	15.82492638
81.42799775	8.44272900	15.82492638
81.43199775	8.28186512	19.77731133
81.43599775	8.20158672	15.82492638
81.43999775	8.28186512	15.82492638
81.44399775	8.36214352	11.85715961
81.44799775	8.36214352	19.77731133
81.45199775	8.28186512	15.82492638
81.45599775	8.28186512	19.77731133
81.45999775	8.28186512	15.82492638
81.46399775	8.28186512	15.82492638
81.46799775	8.20158672	11.85715961
81.47199775	8.28186512	15.82492638
81.47599775	8.36214352	15.82492638
81.47999775	8.36214352	15.82492638
81.48399775	8.28186512	15.82492638
81.48799775	8.20158672	15.82492638
81.49199775	8.28186512	11.85715961
81.49599775	8.28186512	11.85715961
81.49999775	8.36214352	15.82492638
81.50399775	8.36214352	19.77731133
81.50799775	8.36214352	15.82492638
81.51199775	8.28186512	15.82492638
81.51599775	8.28186512	15.82492638
81.51999775	8.28186512	15.82492638
81.52399775	8.28186512	15.82492638
81.52799775	8.36214352	15.82492638
81.53199775	8.28186512	15.82492638
81.53599775	8.36214352	15.82492638
81.53999775	8.28186512	11.85715961
81.54399775	8.20158672	15.82492638
81.54799775	8.20158672	15.82492638
81.55199775	8.36214352	15.82492638
81.55599775	8.36214352	15.82492638
81.55999775	8.36214352	19.77731133
81.56399775	8.28186512	15.82492638
81.56799775	8.28186512	19.77731133
81.57199775	8.28186512	15.82492638
81.57599775	8.28186512	15.82492638
81.57999775	8.28186512	11.85715961
81.58399775	8.36214352	15.82492638
81.58799775	8.44272900	15.82492638
81.59199775	8.28186512	15.82492638
81.59599775	8.20158672	15.82492638
81.59999775	8.20158672	15.82492638
81.60399775	8.36214352	15.82492638
81.60799775	8.36214352	15.82492638
81.61199775	8.28186512	15.82492638
81.61599775	8.28186512	15.82492638
81.61999775	8.28186512	11.85715961
81.62399775	8.28186512	15.82492638
81.62799775	8.28186512	15.82492638
81.63199775	8.28186512	19.77731133
81.63599775	8.28186512	15.82492638
81.63999775	8.36214352	15.82492638
81.64399775	8.36214352	15.82492638
81.64799775	8.28186512	15.82492638
81.65199774	8.20158672	11.85715961
81.65599774	8.28186512	11.85715961
81.65999774	8.36214352	15.82492638
81.66399774	8.36214352	15.82492638
81.66799774	8.28186512	11.85715961
81.67199774	8.36214352	15.82492638
81.67599774	8.36214352	19.77731133
81.67999774	8.20158672	19.77731133
81.68399774	8.20158672	11.85715961
81.68799774	8.28186512	15.82492638
81.69199774	8.44272900	19.77731133
81.69599774	8.44272900	19.77731133
81.69999774	8.20158672	15.82492638
81.70399774	8.12100124	15.82492638
81.70799774	8.28186512	11.85715961
81.71199774	8.36214352	15.82492638
81.71599774	8.28186512	15.82492638
81.71999774	8.28186512	15.82492638
81.72399774	8.36214352	15.82492638
81.72799774	8.36214352	19.77731133
81.73199774	8.28186512	15.82492638
81.73599774	8.20158672	15.82492638
81.73999774	8.28186512	15.82492638
81.74399774	8.36214352	19.77731133
81.74799774	8.36214352	19.77731133
81.75199774	8.28186512	15.82492638
81.75599774	8.28186512	11.85715961
81.75999774	8.28186512	15.82492638
81.76399774	8.28186512	11.85715961
81.76799774	8.36214352	19.77731133
81.77199774	8.36214352	15.82492638
81.77599774	8.36214352	15.82492638
81.77999774	8.28186512	11.85715961
81.78399774	8.28186512	15.82492638
81.78799774	8.28186512	15.82492638
81.79199774	8.36214352	19.77731133
81.79599774	8.36214352	11.85715961
81.79999774	8.28186512	15.82492638
81.80399774	8.28186512	11.85715961
81.80799774	8.28186512	15.82492638
81.81199774	8.28186512	11.85715961
81.81599774	8.28186512	15.82492638
81.81999774	8.28186512	15.82492638
81.82399774	8.36214352	15.82492638
81.82799774	8.28186512	15.82492638
81.83199774	8.28186512	19.77731133
81.83599774	8.20158672	15.82492638
81.83999774	8.28186512	15.82492638
81.84399774	8.36214352	15.82492638
81.84799774	8.28186512	15.82492638
81.85199774	8.28186512	15.82492638
81.85599774	8.36214352	19.77731133
81.85999774	8.36214352	15.82492638
81.86399774	8.36214352	15.82492638
81.86799774	8.36214352	15.82492638
81.87199774	8.28186512	15.82492638
81.87599774	8.28186512	15.82492638
81.87999774	8.28186512	11.85715961
81.88399774	8.28186512	15.82492638
81.88799774	8.28186512	15.82492638
81.89199774	8.36214352	15.82492638
81.89599774	8.28186512	15.82492638
81.89999774	8.28186512	11.85715961
81.90399774	8.28186512	15.82492638
81.90799774	8.28186512	15.82492638
81.91199774	8.36214352	15.82492638
81.91599774	8.36214352	15.82492638
81.91999774	8.28186512	15.82492638
81.92399774	8.28186512	15.82492638
81.92799774	8.36214352	15.82492638
81.93199774	8.28186512	15.82492638
81.93599774	8.28186512	15.82492638
81.93999774	8.28186512	15.82492638
81.94399774	8.28186512	15.82492638
81.94799774	8.36214352	15.82492638
81.95199774	8.36214352	15.82492638
81.95599774	8.20158672	15.82492638
81.95999774	8.28186512	11.85715961
81.96399774	8.36214352	11.85715961
81.96799774	8.36214352	15.82492638
81.97199774	8.36214352	15.82492638
81.97599774	8.28186512	15.82492638
81.97999774	8.20158672	11.85715961
81.98399774	8.28186512	19.77731133
81.98799774	8.28186512	15.82492638
81.99199774	8.36214352	15.82492638
81.99599774	8.28186512	15.82492638
81.99999774	8.28186512	19.77731133
82.00399773	8.36214352	15.82492638
82.00799773	8.28186512	15.82492638
82.01199773	8.28186512	15.82492638
82.01599773	8.12100124	15.82492638
82.01999773	8.36214352	15.82492638
82.02399773	8.36214352	15.82492638
82.02799773	8.36214352	15.82492638
82.03199773	8.20158672	19.77731133
82.03599773	8.12100124	11.85715961
82.03999773	8.28186512	15.82492638
82.04399773	8.36214352	15.82492638
82.04799773	8.36214352	19.77731133
82.05199773	8.28186512	15.82492638
82.05599773	8.20158672	15.82492638
82.05999773	8.28186512	15.82492638
82.06399773	8.28186512	15.82492638
82.06799773	8.20158672	11.85715961
82.07199773	8.28186512	15.82492638
82.07599773	8.28186512	19.77731133
82.07999773	8.36214352	19.77731133
82.08399773	8.28186512	15.82492638
82.08799773	8.20158672	15.82492638
82.09199773	8.28186512	11.85715961
82.09599773	8.28186512	15.82492638
82.09999773	8.28186512	15.82492638
82.10399773	8.28186512	19.77731133
82.10799773	8.28186512	15.82492638
82.11199773	8.28186512	19.77731133
82.11599773	8.28186512	15.82492638
82.11999773	8.28186512	15.82492638
82.12399773	8.28186512	15.82492638
82.12799773	8.36214352	19.77731133
82.13199773	8.36214352	15.82492638
82.13599773	8.28186512	15.82492638
82.13999773	8.20158672	15.82492638
82.14399773	8.28186512	15.82492638
82.14799773	8.36214352	11.85715961
82.15199773	8.36214352	15.82492638
82.15599773	8.28186512	15.82492638
82.15999773	8.28186512	15.82492638
82.16399773	8.20158672	15.82492638
82.16799773	8.28186512	11.85715961
82.17199773	8.28186512	11.85715961
82.17599773	8.36214352	15.82492638
82.17999773	8.28186512	11.85715961
82.18399773	8.28186512	15.82492638
82.18799773	8.28186512	15.82492638
82.19199773	8.28186512	15.82492638
82.19599773	8.28186512	15.82492638
82.19999773	8.28186512	15.82492638
82.20399773	8.28186512	15.82492638
82.20799773	8.28186512	19.77731133
82.21199773	8.36214352	15.82492638
82.21599773	8.28186512	15.82492638
82.21999773	8.28186512	15.82492638
82.22399773	8.20158672	15.82492638
82.22799773	8.28186512	15.82492638
82.23199773	8.28186512	15.82492638
82.23599773	8.28186512	11.85715961
82.23999773	8.36214352	15.82492638
82.24399773	8.20158672	15.82492638
82.24799773	8.28186512	15.82492638
82.25199773	8.28186512	15.82492638
82.25599773	8.28186512	15.82492638
82.25999773	8.28186512	11.85715961
82.26399773	8.28186512	11.85715961
82.26799773	8.28186512	15.82492638
82.27199773	8.28186512	15.82492638
82.27599773	8.28186512	15.82492638
82.27999773	8.36214352	15.82492638
82.28399773	8.28186512	15.82492638
82.28799773	8.28186512	19.77731133
82.29199773	8.28186512	15.82492638
82.29599773	8.36214352	15.82492638
82.29999773	8.28186512	15.82492638
82.30399773	8.28186512	15.82492638
82.30799773	8.28186512	11.85715961
82.31199773	8.36214352	19.77731133
82.31599773	8.36214352	19.77731133
82.31999773	8.20158672	19.77731133
82.32399773	8.28186512	15.82492638
82.32799773	8.28186512	15.82492638
82.33199773	8.36214352	15.82492638
82.33599773	8.28186512	19.77731133
82.33999773	8.28186512	15.82492638
82.34399773	8.28186512	15.82492638
82.34799773	8.36214352	15.82492638
82.35199773	8.28186512	15.82492638
82.35599772	8.20158672	15.82492638
82.35999772	8.28186512	19.77731133
82.36399772	8.36214352	15.82492638
82.36799772	8.36214352	19.77731133
82.37199772	8.28186512	15.82492638
82.37599772	8.28186512	15.82492638
82.37999772	8.28186512	15.82492638
82.38399772	8.28186512	15.82492638
82.38799772	8.28186512	15.82492638
82.39199772	8.28186512	15.82492638
82.39599772	8.36214352	15.82492638
82.39999772	8.36214352	19.77731133
82.40399772	8.28186512	15.82492638
82.40799772	8.20158672	15.82492638
82.41199772	8.28186512	15.82492638
82.41599772	8.36214352	19.77731133
82.41999772	8.36214352	15.82492638
82.42399772	8.28186512	15.82492638
82.42799772	8.28186512	15.82492638
82.43199772	8.28186512	15.82492638
82.43599772	8.28186512	15.82492638
82.43999772	8.28186512	15.82492638
82.44399772	8.28186512	15.82492638
82.44799772	8.36214352	19.77731133
82.45199772	8.36214352	15.82492638
82.45599772	8.36214352	15.82492638
82.45999772	8.28186512	15.82492638
82.46399772	8.20158672	19.77731133
82.46799772	8.28186512	15.82492638
82.47199772	8.36214352	19.77731133
82.47599772	8.36214352	15.82492638
82.47999772	8.28186512	19.77731133
82.48399772	8.20158672	19.77731133
82.48799772	8.28186512	15.82492638
82.49199772	8.36214352	15.82492638
82.49599772	8.28186512	23.72970009
82.49999772	8.20158672	15.82492638
82.50399772	8.28186512	15.82492638
82.50799772	8.36214352	15.82492638
82.51199772	8.36214352	19.77731133
82.51599772	8.28186512	15.82492638
82.51999772	8.20158672	15.82492638
82.52399772	8.20158672	15.82492638
82.52799772	8.28186512	15.82492638
82.53199772	8.28186512	15.82492638
82.53599772	8.28186512	15.82492638
82.53999772	8.36214352	15.82492638
82.54399772	8.36214352	15.82492638
82.54799772	8.28186512	15.82492638
82.55199772	8.20158672	15.82492638
82.55599772	8.20158672	11.85715961
82.55999772	8.28186512	15.82492638
82.56399772	8.36214352	15.82492638
82.56799772	8.36214352	19.77731133
82.57199772	8.28186512	15.82492638
82.57599772	8.20158672	15.82492638
82.57999772	8.20158672	11.85715961
82.58399772	8.28186512	15.82492638
82.58799772	8.36214352	15.82492638
82.59199772	8.36214352	19.77731133
82.59599772	8.28186512	15.82492638
82.59999772	8.28186512	15.82492638
82.60399772	8.28186512	11.85715961
82.60799772	8.28186512	19.77731133
82.61199772	8.28186512	15.82492638
82.61599772	8.28186512	19.77731133
82.61999772	8.36214352	15.82492638
82.62399772	8.36214352	15.82492638
82.62799772	8.28186512	15.82492638
82.63199772	8.20158672	15.82492638
82.63599772	8.20158672	15.82492638
82.63999772	8.36214352	19.77731133
82.64399772	8.36214352	15.82492638
82.64799772	8.36214352	15.82492638
82.65199772	8.28186512	15.82492638
82.65599772	8.28186512	19.77731133
82.65999772	8.28186512	15.82492638
82.66399772	8.28186512	15.82492638
82.66799772	8.28186512	15.82492638
82.67199772	8.28186512	19.77731133
82.67599772	8.28186512	15.82492638
82.67999772	8.28186512	15.82492638
82.68399772	8.28186512	11.85715961
82.68799772	8.28186512	15.82492638
82.69199772	8.28186512	11.85715961
82.69599772	8.28186512	15.82492638
82.69999772	8.36214352	15.82492638
82.70399772	8.28186512	19.77731133
82.70799772	8.28186512	15.82492638
82.71199771	8.28186512	15.82492638
82.71599771	8.28186512	15.82492638
82.71999771	8.36214352	15.82492638
82.72399771	8.28186512	15.82492638
82.72799771	8.28186512	15.82492638
82.73199771	8.28186512	15.82492638
82.73599771	8.28186512	19.77731133
82.73999771	8.20158672	15.82492638
82.74399771	8.28186512	15.82492638
82.74799771	8.28186512	15.82492638
82.75199771	8.28186512	15.82492638
82.75599771	8.36214352	15.82492638
82.75999771	8.28186512	19.77731133
82.76399771	8.28186512	15.82492638
82.76799771	8.28186512	15.82492638
82.77199771	8.28186512	15.82492638
82.77599771	8.28186512	15.82492638
82.77999771	8.36214352	15.82492638
82.78399771	8.36214352	15.82492638
82.78799771	8.28186512	15.82492638
82.79199771	8.28186512	15.82492638
82.79599771	8.28186512	15.82492638
82.79999771	8.36214352	15.82492638
82.80399771	8.36214352	15.82492638
82.80799771	8.28186512	15.82492638
82.81199771	8.28186512	15.82492638
82.81599771	8.28186512	15.82492638
82.81999771	8.28186512	15.82492638
82.82399771	8.28186512	15.82492638
82.82799771	8.28186512	15.82492638
82.83199771	8.28186512	19.77731133
82.83599771	8.28186512	15.82492638
82.83999771	8.28186512	15.82492638
82.84399771	8.28186512	15.82492638
82.84799771	8.28186512	19.77731133
82.85199771	8.28186512	19.77731133
82.85599771	8.28186512	19.77731133
82.85999771	8.28186512	19.77731133
82.86399771	8.36214352	15.82492638
82.86799771	8.28186512	15.82492638
82.87199771	8.20158672	15.82492638
82.87599771	8.28186512	11.85715961
82.87999771	8.36214352	15.82492638
82.88399771	8.36214352	19.77731133
82.88799771	8.28186512	15.82492638
82.89199771	8.28186512	15.82492638
82.89599771	8.28186512	15.82492638
82.89999771	8.36214352	11.85715961
82.90399771	8.36214352	15.82492638
82.90799771	8.36214352	11.85715961
82.91199771	8.28186512	15.82492638
82.91599771	8.36214352	15.82492638
82.91999771	8.28186512	19.77731133
82.92399771	8.28186512	15.82492638
82.92799771	8.36214352	15.82492638
82.93199771	8.36214352	15.82492638
82.93599771	8.36214352	15.82492638
82.93999771	8.20158672	11.85715961
82.94399771	8.28186512	15.82492638
82.94799771	8.28186512	15.82492638
82.95199771	8.36214352	15.82492638
82.95599771	8.36214352	15.82492638
82.95999771	8.36214352	15.82492638
82.96399771	8.28186512	15.82492638
82.96799771	8.28186512	15.82492638
82.97199771	8.28186512	15.82492638
82.97599771	8.28186512	15.82492638
82.97999771	8.36214352	15.82492638
82.98399771	8.36214352	19.77731133
82.98799771	8.28186512	15.82492638
82.99199771	8.28186512	19.77731133
82.99599771	8.28186512	11.85715961
82.99999771	8.28186512	15.82492638
83.00399771	8.28186512	15.82492638
83.00799771	8.36214352	19.77731133
83.01199771	8.36214352	15.82492638
83.01599771	8.36214352	15.82492638
83.01999771	8.28186512	15.82492638
83.02399771	8.20158672	15.82492638
83.02799771	8.28186512	11.85715961
83.03199771	8.36214352	15.82492638
83.03599771	8.28186512	15.82492638
83.03999771	8.28186512	15.82492638
83.04399771	8.28186512	15.82492638
83.04799771	8.36214352	19.77731133
83.05199771	8.28186512	15.82492638
83.05599771	8.12100124	15.82492638
83.05999771	8.20158672	15.82492638
83.06399770	8.36214352	15.82492638
83.06799770	8.36214352	15.82492638
83.07199770	8.28186512	19.77731133
83.07599770	8.20158672	11.85715961
83.07999770	8.20158672	15.82492638
83.08399770	8.36214352	11.85715961
83.08799770	8.28186512	15.82492638
83.09199770	8.28186512	15.82492638
83.09599770	8.28186512	15.82492638
83.09999770	8.36214352	15.82492638
83.10399770	8.28186512	15.82492638
83.10799770	8.20158672	11.85715961
83.11199770	8.28186512	15.82492638
83.11599770	8.28186512	15.82492638
83.11999770	8.28186512	19.77731133
83.12399770	8.36214352	15.82492638
83.12799770	8.28186512	19.77731133
83.13199770	8.28186512	15.82492638
83.13599770	8.28186512	15.82492638
83.13999770	8.20158672	15.82492638
83.14399770	8.28186512	15.82492638
83.14799770	8.28186512	15.82492638
83.15199770	8.36214352	15.82492638
83.15599770	8.36214352	15.82492638
83.15999770	8.28186512	15.82492638
83.16399770	8.20158672	15.82492638
83.16799770	8.20158672	15.82492638
83.17199770	8.28186512	15.82492638
83.17599770	8.36214352	15.82492638
83.17999770	8.28186512	15.82492638
83.18399770	8.20158672	15.82492638
83.18799770	8.28186512	11.85715961
83.19199770	8.36214352	15.82492638
83.19599770	8.20158672	15.82492638
83.19999770	8.20158672	15.82492638
83.20399770	8.28186512	15.82492638
83.20799770	8.36214352	19.77731133
83.21199770	8.36214352	15.82492638
83.21599770	8.20158672	19.77731133
83.21999770	8.12100124	11.85715961
83.22399770	8.28186512	19.77731133
83.22799770	8.36214352	15.82492638
83.23199770	8.28186512	15.82492638
83.23599770	8.28186512	15.82492638
83.23999770	8.28186512	15.82492638
83.24399770	8.28186512	19.77731133
83.24799770	8.28186512	19.77731133
83.25199770	8.20158672	11.85715961
83.25599770	8.28186512	15.82492638
83.25999770	8.36214352	15.82492638
83.26399770	8.36214352	19.77731133
83.26799770	8.20158672	15.82492638
83.27199770	8.12100124	15.82492638
83.27599770	8.28186512	11.85715961
83.27999770	8.36214352	15.82492638
83.28399770	8.36214352	15.82492638
83.28799770	8.28186512	19.77731133
83.29199770	8.12100124	15.82492638
83.29599770	8.28186512	15.82492638
83.29999770	8.28186512	15.82492638
83.30399770	8.20158672	19.77731133
83.30799770	8.28186512	11.85715961
83.31199770	8.36214352	19.77731133
83.31599770	8.36214352	15.82492638
83.31999770	8.28186512	15.82492638
83.32399770	8.12100124	11.85715961
83.32799770	8.20158672	15.82492638
83.33199770	8.36214352	15.82492638
83.33599770	8.36214352	19.77731133
83.33999770	8.28186512	19.77731133
83.34399770	8.28186512	11.85715961
83.34799770	8.20158672	11.85715961
83.35199770	8.20158672	15.82492638
83.35599770	8.20158672	15.82492638
83.35999770	8.12100124	15.82492638
83.36399770	8.36214352	15.82492638
83.36799770	8.36214352	19.77731133
83.37199770	8.20158672	19.77731133
83.37599770	8.12100124	15.82492638
83.37999770	8.12100124	11.85715961
83.38399770	8.36214352	11.85715961
83.38799770	8.36214352	15.82492638
83.39199770	8.28186512	19.77731133
83.39599770	8.28186512	15.82492638
83.39999770	8.28186512	15.82492638
83.40399770	8.20158672	11.85715961
83.40799770	8.20158672	15.82492638
83.41199770	8.20158672	15.82492638
83.41599770	8.36214352	15.82492638
83.41999769	8.44272900	15.82492638
83.42399769	8.28186512	19.77731133
83.42799769	8.12100124	11.85715961
83.43199769	8.20158672	11.85715961
83.43599769	8.28186512	11.85715961
83.43999769	8.28186512	15.82492638
83.44399769	8.20158672	15.82492638
83.44799769	8.28186512	19.77731133
83.45199769	8.28186512	15.82492638
83.45599769	8.28186512	15.82492638
83.45999769	8.20158672	11.85715961
83.46399769	8.12100124	15.82492638
83.46799769	8.20158672	11.85715961
83.47199769	8.28186512	15.82492638
83.47599769	8.28186512	15.82492638
83.47999769	8.28186512	15.82492638
83.48399769	8.20158672	15.82492638
83.48799769	8.20158672	19.77731133
83.49199769	8.20158672	19.77731133
83.49599769	8.28186512	19.77731133
83.49999769	8.28186512	15.82492638
83.50399769	8.28186512	15.82492638
83.50799769	8.28186512	15.82492638
83.51199769	8.28186512	19.77731133
83.51599769	8.20158672	15.82492638
83.51999769	8.20158672	19.77731133
83.52399769	8.20158672	15.82492638
83.52799769	8.28186512	15.82492638
83.53199769	8.28186512	15.82492638
83.53599769	8.28186512	15.82492638
83.53999769	8.28186512	11.85715961
83.54399769	8.20158672	19.77731133
83.54799769	8.20158672	11.85715961
83.55199769	8.20158672	15.82492638
83.55599769	8.28186512	11.85715961
83.55999769	8.36214352	19.77731133
83.56399769	8.28186512	15.82492638
83.56799769	8.28186512	15.82492638
83.57199769	8.20158672	15.82492638
83.57599769	8.28186512	15.82492638
83.57999769	8.28186512	15.82492638
83.58399769	8.20158672	19.77731133
83.58799769	8.28186512	11.85715961
83.59199769	8.28186512	15.82492638
83.59599769	8.28186512	15.82492638
83.59999769	8.28186512	15.82492638
83.60399769	8.20158672	15.82492638
83.60799769	8.20158672	19.77731133
83.61199769	8.28186512	15.82492638
83.61599769	8.36214352	15.82492638
83.61999769	8.28186512	15.82492638
83.62399769	8.28186512	15.82492638
83.62799769	8.28186512	15.82492638
83.63199769	8.28186512	19.77731133
83.63599769	8.20158672	15.82492638
83.63999769	8.20158672	15.82492638
83.64399769	8.36214352	15.82492638
83.64799769	8.36214352	19.77731133
83.65199769	8.28186512	15.82492638
83.65599769	8.20158672	15.82492638
83.65999769	8.20158672	15.82492638
83.66399769	8.28186512	15.82492638
83.66799769	8.28186512	15.82492638
83.67199769	8.20158672	15.82492638
83.67599769	8.28186512	15.82492638
83.67999769	8.36214352	19.77731133
83.68399769	8.28186512	19.77731133
83.68799769	8.12100124	15.82492638
83.69199769	8.12100124	11.85715961
83.69599769	8.36214352	15.82492638
83.69999769	8.36214352	15.82492638
83.70399769	8.28186512	19.77731133
83.70799769	8.12100124	11.85715961
83.71199769	8.20158672	15.82492638
83.71599769	8.28186512	15.82492638
83.71999769	8.28186512	15.82492638
83.72399769	8.20158672	15.82492638
83.72799769	8.28186512	15.82492638
83.73199769	8.36214352	11.85715961
83.73599769	8.28186512	15.82492638
83.73999769	8.20158672	11.85715961
83.74399769	8.20158672	15.82492638
83.74799769	8.28186512	19.77731133
83.75199769	8.36214352	19.77731133
83.75599769	8.28186512	15.82492638
83.75999769	8.28186512	15.82492638
83.76399769	8.28186512	15.82492638
83.76799769	8.28186512	15.82492638
83.77199768	8.28186512	15.82492638
83.77599768	8.28186512	15.82492638
83.77999768	8.28186512	15.82492638
83.78399768	8.36214352	15.82492638
83.78799768	8.28186512	15.82492638
83.79199768	8.20158672	19.77731133
83.79599768	8.12100124	11.85715961
83.79999768	8.20158672	11.85715961
83.80399768	8.36214352	15.82492638
83.80799768	8.36214352	15.82492638
83.81199768	8.28186512	15.82492638
83.81599768	8.28186512	15.82492638
83.81999768	8.28186512	15.82492638
83.82399768	8.20158672	15.82492638
83.82799768	8.20158672	11.85715961
83.83199768	8.28186512	15.82492638
83.83599768	8.44272900	19.77731133
83.83999768	8.36214352	19.77731133
83.84399768	8.12100124	15.82492638
83.84799768	8.12100124	11.85715961
83.85199768	8.28186512	11.85715961
83.85599768	8.36214352	15.82492638
83.85999768	8.36214352	15.82492638
83.86399768	8.28186512	19.77731133
83.86799768	8.20158672	11.85715961
83.87199768	8.28186512	11.85715961
83.87599768	8.20158672	11.85715961
83.87999768	8.28186512	15.82492638
83.88399768	8.28186512	15.82492638
83.88799768	8.36214352	19.77731133
83.89199768	8.36214352	15.82492638
83.89599768	8.20158672	15.82492638
83.89999768	8.12100124	11.85715961
83.90399768	8.20158672	15.82492638
83.90799768	8.28186512	11.85715961
83.91199768	8.28186512	19.77731133
83.91599768	8.36214352	15.82492638
83.91999768	8.36214352	19.77731133
83.92399768	8.28186512	11.85715961
83.92799768	8.20158672	19.77731133
83.93199768	8.12100124	15.82492638
83.93599768	8.28186512	19.77731133
83.93999768	8.28186512	15.82492638
83.94399768	8.36214352	15.82492638
83.94799768	8.36214352	15.82492638
83.95199768	8.28186512	19.77731133
83.95599768	8.20158672	11.85715961
83.95999768	8.12100124	15.82492638
83.96399768	8.28186512	15.82492638
83.96799768	8.36214352	15.82492638
83.97199768	8.36214352	11.85715961
83.97599768	8.28186512	15.82492638
83.97999768	8.20158672	11.85715961
83.98399768	8.28186512	15.82492638
83.98799768	8.12100124	15.82492638
83.99199768	8.20158672	15.82492638
83.99599768	8.28186512	15.82492638
83.99999768	8.36214352	23.72970009
84.00399768	8.36214352	15.82492638
84.00799768	8.12100124	19.77731133
84.01199768	8.12100124	11.85715961
84.01599768	8.28186512	11.85715961
84.01999768	8.28186512	15.82492638
84.02399768	8.28186512	23.72970009
84.02799768	8.20158672	15.82492638
84.03199768	8.28186512	15.82492638
84.03599768	8.28186512	15.82492638
84.03999768	8.20158672	15.82492638
84.04399768	8.12100124	11.85715961
84.04799768	8.20158672	15.82492638
84.05199768	8.44272900	15.82492638
84.05599768	8.36214352	19.77731133
84.05999768	8.20158672	15.82492638
84.06399768	8.04072380	15.82492638
84.06799768	8.04072380	11.85715961
84.07199768	8.28186512	15.82492638
84.07599768	8.44272900	15.82492638
84.07999768	8.36214352	19.77731133
84.08399768	8.20158672	15.82492638
84.08799768	8.20158672	15.82492638
84.09199768	8.12100124	15.82492638
84.09599768	8.20158672	11.85715961
84.09999768	8.28186512	11.85715961
84.10399768	8.36214352	15.82492638
84.10799768	8.36214352	19.77731133
84.11199768	8.28186512	19.77731133
84.11599768	8.20158672	11.85715961
84.11999768	8.12100124	15.82492638
84.12399767	8.20158672	11.85715961
84.12799767	8.36214352	19.77731133
84.13199767	8.28186512	19.77731133
84.13599767	8.28186512	15.82492638
84.13999767	8.20158672	15.82492638
84.14399767	8.28186512	15.82492638
84.14799767	8.20158672	11.85715961
84.15199767	8.12100124	15.82492638
84.15599767	8.20158672	15.82492638
84.15999767	8.36214352	19.77731133
84.16399767	8.36214352	15.82492638
84.16799767	8.12100124	11.85715961
84.17199767	8.04072380	11.85715961
84.17599767	8.28186512	15.82492638
84.17999767	8.36214352	15.82492638
84.18399767	8.28186512	19.77731133
84.18799767	8.12100124	11.85715961
84.19199767	8.28186512	15.82492638
84.19599767	8.28186512	15.82492638
84.19999767	8.20158672	15.82492638
84.20399767	8.04072380	15.82492638
84.20799767	8.12100124	15.82492638
84.21199767	8.36214352	15.82492638
84.21599767	8.36214352	19.77731133
84.21999767	8.20158672	15.82492638
84.22399767	8.12100124	15.82492638
84.22799767	8.12100124	15.82492638
84.23199767	8.28186512	15.82492638
84.23599767	8.28186512	11.85715961
84.23999767	8.36214352	15.82492638
84.24399767	8.28186512	19.77731133
84.24799767	8.20158672	15.82492638
84.25199767	8.20158672	15.82492638
84.25599767	8.20158672	15.82492638
84.25999767	8.28186512	15.82492638
84.26399767	8.28186512	15.82492638
84.26799767	8.28186512	19.77731133
84.27199767	8.20158672	19.77731133
84.27599767	8.20158672	15.82492638
84.27999767	8.20158672	11.85715961
84.28399767	8.20158672	11.85715961
84.28799767	8.28186512	19.77731133
84.29199767	8.28186512	15.82492638
84.29599767	8.36214352	15.82492638
84.29999767	8.28186512	15.82492638
84.30399767	8.20158672	15.82492638
84.30799767	8.20158672	11.85715961
84.31199767	8.36214352	15.82492638
84.31599767	8.36214352	15.82492638
84.31999767	8.28186512	15.82492638
84.32399767	8.20158672	11.85715961
84.32799767	8.20158672	15.82492638
84.33199767	8.28186512	11.85715961
84.33599767	8.28186512	15.82492638
84.33999767	8.20158672	15.82492638
84.34399767	8.20158672	15.82492638
84.34799767	8.28186512	15.82492638
84.35199767	8.36214352	19.77731133
84.35599767	8.20158672	11.85715961
84.35999767	8.20158672	11.85715961
84.36399767	8.36214352	15.82492638
84.36799767	8.36214352	19.77731133
84.37199767	8.28186512	15.82492638
84.37599767	8.12100124	15.82492638
84.37999767	8.20158672	11.85715961
84.38399767	8.36214352	15.82492638
84.38799767	8.28186512	19.77731133
84.39199767	8.20158672	19.77731133
84.39599767	8.20158672	11.85715961
84.39999767	8.36214352	15.82492638
84.40399767	8.36214352	15.82492638
84.40799767	8.20158672	15.82492638
84.41199767	8.20158672	15.82492638
84.41599767	8.28186512	15.82492638
84.41999767	8.36214352	11.85715961
84.42399767	8.28186512	15.82492638
84.42799767	8.12100124	11.85715961
84.43199767	8.28186512	15.82492638
84.43599767	8.36214352	15.82492638
84.43999767	8.28186512	19.77731133
84.44399767	8.20158672	15.82492638
84.44799767	8.28186512	11.85715961
84.45199767	8.28186512	15.82492638
84.45599767	8.28186512	19.77731133
84.45999767	8.20158672	15.82492638
84.46399767	8.28186512	15.82492638
84.46799767	8.36214352	11.85715961
84.47199767	8.28186512	15.82492638
84.47599767	8.20158672	15.82492638
84.47999766	8.20158672	15.82492638
84.48399766	8.28186512	11.85715961
84.48799766	8.28186512	15.82492638
84.49199766	8.28186512	15.82492638
84.49599766	8.28186512	19.77731133
84.49999766	8.36214352	15.82492638
84.50399766	8.36214352	19.77731133
84.50799766	8.20158672	19.77731133
84.51199766	8.20158672	15.82492638
84.51599766	8.28186512	11.85715961
84.51999766	8.36214352	15.82492638
84.52399766	8.36214352	19.77731133
84.52799766	8.20158672	15.82492638
84.53199766	8.20158672	15.82492638
84.53599766	8.28186512	15.82492638
84.53999766	8.20158672	11.85715961
84.54399766	8.28186512	19.77731133
84.54799766	8.36214352	15.82492638
84.55199766	8.36214352	15.82492638
84.55599766	8.36214352	15.82492638
84.55999766	8.12100124	19.77731133
84.56399766	8.20158672	11.85715961
84.56799766	8.28186512	11.85715961
84.57199766	8.36214352	15.82492638
84.57599766	8.36214352	19.77731133
84.57999766	8.28186512	15.82492638
84.58399766	8.20158672	15.82492638
84.58799766	8.28186512	15.82492638
84.59199766	8.28186512	15.82492638
84.59599766	8.20158672	15.82492638
84.59999766	8.28186512	15.82492638
84.60399766	8.36214352	15.82492638
84.60799766	8.36214352	19.77731133
84.61199766	8.28186512	15.82492638
84.61599766	8.28186512	15.82492638
84.61999766	8.28186512	15.82492638
84.62399766	8.28186512	19.77731133
84.62799766	8.28186512	15.82492638
84.63199766	8.28186512	15.82492638
84.63599766	8.36214352	11.85715961
84.63999766	8.36214352	15.82492638
84.64399766	8.28186512	15.82492638
84.64799766	8.20158672	15.82492638
84.65199766	8.20158672	15.82492638
84.65599766	8.36214352	15.82492638
84.65999766	8.36214352	15.82492638
84.66399766	8.28186512	15.82492638
84.66799766	8.20158672	11.85715961
84.67199766	8.28186512	15.82492638
84.67599766	8.28186512	11.85715961
84.67999766	8.28186512	15.82492638
84.68399766	8.28186512	15.82492638
84.68799766	8.28186512	19.77731133
84.69199766	8.28186512	15.82492638
84.69599766	8.28186512	19.77731133
84.69999766	8.28186512	11.85715961
84.70399766	8.28186512	15.82492638
84.70799766	8.28186512	15.82492638
84.71199766	8.28186512	19.77731133
84.71599766	8.28186512	15.82492638
84.71999766	8.28186512	19.77731133
84.72399766	8.20158672	11.85715961
84.72799766	8.28186512	11.85715961
84.73199766	8.28186512	15.82492638
84.73599766	8.28186512	15.82492638
84.73999766	8.28186512	15.82492638
84.74399766	8.28186512	15.82492638
84.74799766	8.28186512	15.82492638
84.75199766	8.20158672	15.82492638
84.75599766	8.20158672	11.85715961
84.75999766	8.28186512	15.82492638
84.76399766	8.36214352	15.82492638
84.76799766	8.36214352	15.82492638
84.77199766	8.20158672	11.85715961
84.77599766	8.20158672	15.82492638
84.77999766	8.20158672	11.85715961
84.78399766	8.28186512	15.82492638
84.78799766	8.28186512	15.82492638
84.79199766	8.20158672	15.82492638
84.79599766	8.28186512	11.85715961
84.79999766	8.36214352	15.82492638
84.80399766	8.20158672	15.82492638
84.80799766	8.20158672	15.82492638
84.81199766	8.28186512	15.82492638
84.81599766	8.28186512	15.82492638
84.81999766	8.28186512	11.85715961
84.82399766	8.28186512	15.82492638
84.82799766	8.28186512	15.82492638
84.83199765	8.28186512	11.85715961
84.83599765	8.28186512	11.85715961
84.83999765	8.28186512	19.77731133
84.84399765	8.28186512	15.82492638
84.84799765	8.20158672	19.77731133
84.85199765	8.28186512	11.85715961
84.85599765	8.36214352	15.82492638
84.85999765	8.28186512	15.82492638
84.86399765	8.20158672	11.85715961
84.86799765	8.20158672	11.85715961
84.87199765	8.36214352	15.82492638
84.87599765	8.36214352	15.82492638
84.87999765	8.28186512	19.77731133
84.88399765	8.28186512	15.82492638
84.88799765	8.36214352	15.82492638
84.89199765	8.20158672	15.82492638
84.89599765	8.20158672	19.77731133
84.89999765	8.28186512	11.85715961
84.90399765	8.28186512	15.82492638
84.90799765	8.36214352	15.82492638
84.91199765	8.28186512	15.82492638
84.91599765	8.20158672	19.77731133
84.91999765	8.28186512	11.85715961
84.92399765	8.28186512	11.85715961
84.92799765	8.36214352	19.77731133
84.93199765	8.20158672	15.82492638
84.93599765	8.28186512	15.82492638
84.93999765	8.36214352	15.82492638
84.94399765	8.36214352	15.82492638
84.94799765	8.20158672	11.85715961
84.95199765	8.20158672	11.85715961
84.95599765	8.28186512	11.85715961
84.95999765	8.36214352	19.77731133
84.96399765	8.28186512	15.82492638
84.96799765	8.20158672	11.85715961
84.97199765	8.28186512	15.82492638
84.97599765	8.28186512	19.77731133
84.97999765	8.36214352	15.82492638
84.98399765	8.20158672	15.82492638
84.98799765	8.28186512	15.82492638
84.99199765	8.28186512	15.82492638
84.99599765	8.28186512	15.82492638
84.99999765	8.28186512	15.82492638
85.00399765	8.28186512	15.82492638
85.00799765	8.36214352	15.82492638
85.01199765	8.28186512	11.85715961
85.01599765	8.28186512	15.82492638
85.01999765	8.20158672	15.82492638
85.02399765	8.28186512	15.82492638
85.02799765	8.36214352	15.82492638
85.03199765	8.28186512	19.77731133
85.03599765	8.20158672	15.82492638
85.03999765	8.28186512	15.82492638
85.04399765	8.36214352	11.85715961
85.04799765	8.28186512	15.82492638
85.05199765	8.20158672	11.85715961
85.05599765	8.28186512	15.82492638
85.05999765	8.36214352	11.85715961
85.06399765	8.36214352	15.82492638
85.06799765	8.28186512	15.82492638
85.07199765	8.20158672	15.82492638
85.07599765	8.20158672	11.85715961
85.07999765	8.36214352	15.82492638
85.08399765	8.36214352	19.77731133
85.08799765	8.20158672	19.77731133
85.09199765	8.20158672	11.85715961
85.09599765	8.36214352	11.85715961
85.09999765	8.36214352	15.82492638
85.10399765	8.28186512	15.82492638
85.10799765	8.28186512	11.85715961
85.11199765	8.28186512	15.82492638
85.11599765	8.28186512	11.85715961
85.11999765	8.28186512	15.82492638
85.12399765	8.28186512	15.82492638
85.12799765	8.36214352	15.82492638
85.13199765	8.20158672	15.82492638
85.13599765	8.28186512	15.82492638
85.13999765	8.28186512	15.82492638
85.14399765	8.28186512	15.82492638
85.14799765	8.28186512	15.82492638
85.15199765	8.28186512	15.82492638
85.15599765	8.28186512	15.82492638
85.15999765	8.28186512	19.77731133
85.16399765	8.28186512	19.77731133
85.16799765	8.28186512	15.82492638
85.17199765	8.28186512	11.85715961
85.17599765	8.28186512	11.85715961
85.17999765	8.28186512	11.85715961
85.18399765	8.28186512	11.85715961
85.18799764	8.28186512	11.85715961
85.19199764	8.28186512	15.82492638
85.19599764	8.28186512	11.85715961
85.19999764	8.28186512	19.77731133
85.20399764	8.28186512	15.82492638
85.20799764	8.28186512	19.77731133
85.21199764	8.28186512	15.82492638
85.21599764	8.28186512	19.77731133
85.21999764	8.20158672	15.82492638
85.22399764	8.28186512	15.82492638
85.22799764	8.28186512	11.85715961
85.23199764	8.36214352	15.82492638
85.23599764	8.28186512	15.82492638
85.23999764	8.28186512	15.82492638
85.24399764	8.28186512	11.85715961
85.24799764	8.36214352	15.82492638
85.25199764	8.28186512	11.85715961
85.25599764	8.28186512	11.85715961
85.25999764	8.28186512	11.85715961
85.26399764	8.36214352	15.82492638
85.26799764	8.28186512	11.85715961
85.27199764	8.28186512	15.82492638
85.27599764	8.28186512	11.85715961
85.27999764	8.36214352	19.77731133
85.28399764	8.28186512	15.82492638
85.28799764	8.20158672	15.82492638
85.29199764	8.28186512	11.85715961
85.29599764	8.28186512	15.82492638
85.29999764	8.36214352	11.85715961
85.30399764	8.28186512	15.82492638
85.30799764	8.20158672	15.82492638
85.31199764	8.28186512	15.82492638
85.31599764	8.28186512	15.82492638
85.31999764	8.28186512	15.82492638
85.32399764	8.20158672	11.85715961
85.32799764	8.28186512	15.82492638
85.33199764	8.28186512	15.82492638
85.33599764	8.36214352	19.77731133
85.33999764	8.20158672	15.82492638
85.34399764	8.20158672	15.82492638
85.34799764	8.28186512	11.85715961
85.35199764	8.20158672	15.82492638
85.35599764	8.28186512	15.82492638
85.35999764	8.28186512	19.77731133
85.36399764	8.36214352	15.82492638
85.36799764	8.28186512	15.82492638
85.37199764	8.20158672	15.82492638
85.37599764	8.20158672	11.85715961
85.37999764	8.28186512	11.85715961
85.38399764	8.36214352	15.82492638
85.38799764	8.28186512	15.82492638
85.39199764	8.20158672	15.82492638
85.39599764	8.20158672	11.85715961
85.39999764	8.28186512	15.82492638
85.40399764	8.20158672	15.82492638
85.40799764	8.28186512	15.82492638
85.41199764	8.28186512	19.77731133
85.41599764	8.28186512	15.82492638
85.41999764	8.36214352	15.82492638
85.42399764	8.28186512	15.82492638
85.42799764	8.20158672	15.82492638
85.43199764	8.20158672	15.82492638
85.43599764	8.28186512	15.82492638
85.43999764	8.36214352	19.77731133
85.44399764	8.28186512	15.82492638
85.44799764	8.36214352	15.82492638
85.45199764	8.36214352	15.82492638
85.45599764	8.28186512	19.77731133
85.45999764	8.12100124	15.82492638
85.46399764	8.20158672	15.82492638
85.46799764	8.44272900	15.82492638
85.47199764	8.44272900	15.82492638
85.47599764	8.28186512	15.82492638
85.47999764	8.20158672	15.82492638
85.48399764	8.12100124	11.85715961
85.48799764	8.28186512	15.82492638
85.49199764	8.36214352	11.85715961
85.49599764	8.36214352	15.82492638
85.49999764	8.36214352	15.82492638
85.50399764	8.36214352	19.77731133
85.50799764	8.28186512	15.82492638
85.51199764	8.20158672	15.82492638
85.51599764	8.28186512	11.85715961
85.51999764	8.28186512	15.82492638
85.52399764	8.36214352	15.82492638
85.52799764	8.36214352	15.82492638
85.53199764	8.28186512	15.82492638
85.53599764	8.28186512	11.85715961
85.53999763	8.20158672	11.85715961
85.54399763	8.28186512	15.82492638
85.54799763	8.36214352	15.82492638
85.55199763	8.44272900	19.77731133
85.55599763	8.28186512	15.82492638
85.55999763	8.28186512	19.77731133
85.56399763	8.28186512	15.82492638
85.56799763	8.28186512	19.77731133
85.57199763	8.28186512	15.82492638
85.57599763	8.28186512	15.82492638
85.57999763	8.36214352	15.82492638
85.58399763	8.28186512	19.77731133
85.58799763	8.28186512	11.85715961
85.59199763	8.28186512	15.82492638
85.59599763	8.28186512	11.85715961
85.59999763	8.36214352	15.82492638
85.60399763	8.28186512	15.82492638
85.60799763	8.20158672	15.82492638
85.61199763	8.36214352	11.85715961
85.61599763	8.28186512	19.77731133
85.61999763	8.28186512	15.82492638
85.62399763	8.28186512	15.82492638
85.62799763	8.28186512	11.85715961
85.63199763	8.36214352	15.82492638
85.63599763	8.36214352	11.85715961
85.63999763	8.28186512	15.82492638
85.64399763	8.28186512	11.85715961
85.64799763	8.28186512	11.85715961
85.65199763	8.20158672	15.82492638
85.65599763	8.20158672	15.82492638
85.65999763	8.36214352	11.85715961
85.66399763	8.44272900	15.82492638
85.66799763	8.36214352	15.82492638
85.67199763	8.20158672	15.82492638
85.67599763	8.12100124	11.85715961
85.67999763	8.20158672	15.82492638
85.68399763	8.36214352	11.85715961
85.68799763	8.44272900	15.82492638
85.69199763	8.36214352	19.77731133
85.69599763	8.28186512	15.82492638
85.69999763	8.20158672	15.82492638
85.70399763	8.12100124	15.82492638
85.70799763	8.20158672	7.90477324
85.71199763	8.36214352	15.82492638
85.71599763	8.36214352	19.77731133
85.71999763	8.36214352	19.77731133
85.72399763	8.28186512	15.82492638
85.72799763	8.20158672	15.82492638
85.73199763	8.20158672	7.90477324
85.73599763	8.20158672	15.82492638
85.73999763	8.36214352	19.77731133
85.74399763	8.36214352	15.82492638
85.74799763	8.36214352	15.82492638
85.75199763	8.28186512	15.82492638
85.75599763	8.20158672	11.85715961
85.75999763	8.20158672	19.77731133
85.76399763	8.28186512	11.85715961
85.76799763	8.36214352	19.77731133
85.77199763	8.36214352	19.77731133
85.77599763	8.36214352	15.82492638
85.77999763	8.20158672	11.85715961
85.78399763	8.20158672	15.82492638
85.78799763	8.12100124	11.85715961
85.79199763	8.36214352	15.82492638
85.79599763	8.36214352	11.85715961
85.79999763	8.36214352	15.82492638
85.80399763	8.28186512	15.82492638
85.80799763	8.20158672	15.82492638
85.81199763	8.12100124	11.85715961
85.81599763	8.20158672	15.82492638
85.81999763	8.28186512	11.85715961
85.82399763	8.36214352	15.82492638
85.82799763	8.36214352	19.77731133
85.83199763	8.28186512	15.82492638
85.83599763	8.20158672	15.82492638
85.83999763	8.20158672	15.82492638
85.84399763	8.28186512	15.82492638
85.84799763	8.36214352	15.82492638
85.85199763	8.36214352	15.82492638
85.85599763	8.28186512	19.77731133
85.85999763	8.28186512	11.85715961
85.86399763	8.20158672	11.85715961
85.86799763	8.28186512	11.85715961
85.87199763	8.28186512	15.82492638
85.87599763	8.20158672	15.82492638
85.87999763	8.28186512	15.82492638
85.88399763	8.36214352	11.85715961
85.88799763	8.28186512	15.82492638
85.89199762	8.20158672	15.82492638
85.89599762	8.20158672	15.82492638
85.89999762	8.28186512	15.82492638
85.90399762	8.36214352	19.77731133
85.90799762	8.28186512	11.85715961
85.91199762	8.20158672	11.85715961
85.91599762	8.28186512	11.85715961
85.91999762	8.36214352	19.77731133
85.92399762	8.28186512	15.82492638
85.92799762	8.28186512	15.82492638
85.93199762	8.28186512	15.82492638
85.93599762	8.28186512	19.77731133
85.93999762	8.28186512	15.82492638
85.94399762	8.20158672	15.82492638
85.94799762	8.28186512	11.85715961
85.95199762	8.36214352	15.82492638
85.95599762	8.28186512	15.82492638
85.95999762	8.28186512	19.77731133
85.96399762	8.20158672	15.82492638
85.96799762	8.28186512	19.77731133
85.97199762	8.28186512	15.82492638
85.97599762	8.28186512	15.82492638
85.97999762	8.28186512	15.82492638
85.98399762	8.28186512	15.82492638
85.98799762	8.28186512	15.82492638
85.99199762	8.20158672	15.82492638
85.99599762	8.28186512	15.82492638
85.99999762	8.36214352	15.82492638
86.00399762	8.28186512	19.77731133
86.00799762	8.12100124	15.82492638
86.01199762	8.20158672	11.85715961
86.01599762	8.28186512	11.85715961
86.01999762	8.36214352	15.82492638
86.02399762	8.28186512	15.82492638
86.02799762	8.20158672	15.82492638
86.03199762	8.12100124	19.77731133
86.03599762	8.28186512	11.85715961
86.03999762	8.36214352	15.82492638
86.04399762	8.28186512	15.82492638
86.04799762	8.20158672	15.82492638
86.05199762	8.20158672	15.82492638
86.05599762	8.28186512	15.82492638
86.05999762	8.28186512	11.85715961
86.06399762	8.28186512	11.85715961
86.06799762	8.20158672	11.85715961
86.07199762	8.28186512	15.82492638
86.07599762	8.28186512	15.82492638
86.07999762	8.20158672	15.82492638
86.08399762	8.20158672	7.90477324
86.08799762	8.20158672	11.85715961
86.09199762	8.28186512	19.77731133
86.09599762	8.28186512	19.77731133
86.09999762	8.12100124	11.85715961
86.10399762	8.20158672	15.82492638
86.10799762	8.36214352	11.85715961
86.11199762	8.36214352	19.77731133
86.11599762	8.20158672	15.82492638
86.11999762	8.12100124	15.82492638
86.12399762	8.20158672	15.82492638
86.12799762	8.36214352	15.82492638
86.13199762	8.36214352	15.82492638
86.13599762	8.12100124	19.77731133
86.13999762	8.12100124	11.85715961
86.14399762	8.20158672	15.82492638
86.14799762	8.20158672	11.85715961
86.15199762	8.28186512	11.85715961
86.15599762	8.28186512	11.85715961
86.15999762	8.36214352	19.77731133
86.16399762	8.28186512	19.77731133
86.16799762	8.12100124	15.82492638
86.17199762	8.20158672	11.85715961
86.17599762	8.28186512	11.85715961
86.17999762	8.28186512	15.82492638
86.18399762	8.28186512	19.77731133
86.18799762	8.20158672	15.82492638
86.19199762	8.28186512	11.85715961
86.19599762	8.28186512	7.90477324
86.19999762	8.28186512	15.82492638
86.20399762	8.20158672	15.82492638
86.20799762	8.20158672	15.82492638
86.21199762	8.28186512	15.82492638
86.21599762	8.36214352	19.77731133
86.21999762	8.28186512	11.85715961
86.22399762	8.12100124	15.82492638
86.22799762	8.20158672	11.85715961
86.23199762	8.28186512	15.82492638
86.23599762	8.36214352	15.82492638
86.23999762	8.28186512	19.77731133
86.24399762	8.20158672	11.85715961
86.24799761	8.28186512	15.82492638
86.25199761	8.28186512	15.82492638
86.25599761	8.28186512	15.82492638
86.25999761	8.20158672	11.85715961
86.26399761	8.28186512	15.82492638
86.26799761	8.36214352	15.82492638
86.27199761	8.28186512	19.77731133
86.27599761	8.12100124	15.82492638
86.27999761	8.12100124	15.82492638
86.28399761	8.28186512	15.82492638
86.28799761	8.36214352	15.82492638
86.29199761	8.28186512	15.82492638
86.29599761	8.20158672	15.82492638
86.29999761	8.20158672	11.85715961
86.30399761	8.28186512	15.82492638
86.30799761	8.20158672	11.85715961
86.31199761	8.20158672	11.85715961
86.31599761	8.28186512	15.82492638
86.31999761	8.36214352	15.82492638
86.32399761	8.28186512	15.82492638
86.32799761	8.20158672	11.85715961
86.33199761	8.20158672	11.85715961
86.33599761	8.36214352	15.82492638
86.33999761	8.36214352	15.82492638
86.34399761	8.20158672	15.82492638
86.34799761	8.12100124	11.85715961
86.35199761	8.20158672	11.85715961
86.35599761	8.36214352	15.82492638
86.35999761	8.28186512	19.77731133
86.36399761	8.20158672	19.77731133
86.36799761	8.20158672	19.77731133
86.37199761	8.28186512	11.85715961
86.37599761	8.28186512	15.82492638
86.37999761	8.20158672	15.82492638
86.38399761	8.28186512	15.82492638
86.38799761	8.36214352	15.82492638
86.39199761	8.28186512	19.77731133
86.39599761	8.20158672	15.82492638
86.39999761	8.12100124	15.82492638
86.40399761	8.20158672	11.85715961
86.40799761	8.28186512	15.82492638
86.41199761	8.28186512	19.77731133
86.41599761	8.20158672	15.82492638
86.41999761	8.20158672	11.85715961
86.42399761	8.28186512	19.77731133
86.42799761	8.20158672	11.85715961
86.43199761	8.20158672	15.82492638
86.43599761	8.20158672	15.82492638
86.43999761	8.28186512	15.82492638
86.44399761	8.28186512	11.85715961
86.44799761	8.20158672	15.82492638
86.45199761	8.20158672	11.85715961
86.45599761	8.28186512	11.85715961
86.45999761	8.20158672	15.82492638
86.46399761	8.20158672	15.82492638
86.46799761	8.20158672	11.85715961
86.47199761	8.28186512	15.82492638
86.47599761	8.28186512	15.82492638
86.47999761	8.20158672	19.77731133
86.48399761	8.28186512	15.82492638
86.48799761	8.28186512	15.82492638
86.49199761	8.28186512	15.82492638
86.49599761	8.20158672	15.82492638
86.49999761	8.20158672	11.85715961
86.50399761	8.28186512	15.82492638
86.50799761	8.28186512	11.85715961
86.51199761	8.28186512	15.82492638
86.51599761	8.20158672	15.82492638
86.51999761	8.20158672	15.82492638
86.52399761	8.28186512	11.85715961
86.52799761	8.36214352	19.77731133
86.53199761	8.20158672	15.82492638
86.53599761	8.20158672	15.82492638
86.53999761	8.28186512	15.82492638
86.54399761	8.28186512	15.82492638
86.54799761	8.28186512	15.82492638
86.55199761	8.28186512	15.82492638
86.55599761	8.20158672	15.82492638
86.55999761	8.28186512	11.85715961
86.56399761	8.20158672	19.77731133
86.56799761	8.20158672	15.82492638
86.57199761	8.28186512	11.85715961
86.57599761	8.28186512	15.82492638
86.57999761	8.20158672	15.82492638
86.58399761	8.28186512	15.82492638
86.58799761	8.20158672	15.82492638
86.59199761	8.28186512	15.82492638
86.59599761	8.20158672	11.85715961
86.59999760	8.28186512	15.82492638
86.60399760	8.28186512	15.82492638
86.60799760	8.28186512	15.82492638
86.61199760	8.20158672	15.82492638
86.61599760	8.12100124	15.82492638
86.61999760	8.20158672	11.85715961
86.62399760	8.28186512	15.82492638
86.62799760	8.36214352	11.85715961
86.63199760	8.28186512	15.82492638
86.63599760	8.20158672	11.85715961
86.63999760	8.28186512	15.82492638
86.64399760	8.20158672	11.85715961
86.64799760	8.20158672	15.82492638
86.65199760	8.20158672	15.82492638
86.65599760	8.36214352	15.82492638
86.65999760	8.28186512	15.82492638
86.66399760	8.20158672	19.77731133
86.66799760	8.20158672	11.85715961
86.67199760	8.20158672	15.82492638
86.67599760	8.28186512	11.85715961
86.67999760	8.28186512	19.77731133
86.68399760	8.20158672	15.82492638
86.68799760	8.36214352	15.82492638
86.69199760	8.28186512	11.85715961
86.69599760	8.28186512	15.82492638
86.69999760	8.20158672	15.82492638
86.70399760	8.12100124	15.82492638
86.70799760	8.28186512	15.82492638
86.71199760	8.36214352	15.82492638
86.71599760	8.28186512	15.82492638
86.71999760	8.28186512	19.77731133
86.72399760	8.28186512	11.85715961
86.72799760	8.20158672	15.82492638
86.73199760	8.12100124	11.85715961
86.73599760	8.20158672	11.85715961
86.73999760	8.36214352	11.85715961
86.74399760	8.44272900	15.82492638
86.74799760	8.36214352	15.82492638
86.75199760	8.20158672	19.77731133
86.75599760	8.04072380	11.85715961
86.75999760	8.20158672	11.85715961
86.76399760	8.28186512	11.85715961
86.76799760	8.28186512	19.77731133
86.77199760	8.28186512	11.85715961
86.77599760	8.28186512	15.82492638
86.77999760	8.28186512	15.82492638
86.78399760	8.20158672	15.82492638
86.78799760	8.12100124	11.85715961
86.79199760	8.28186512	15.82492638
86.79599760	8.44272900	15.82492638
86.79999760	8.36214352	19.77731133
86.80399760	8.20158672	11.85715961
86.80799760	8.20158672	11.85715961
86.81199760	8.20158672	11.85715961
86.81599760	8.28186512	15.82492638
86.81999760	8.20158672	11.85715961
86.82399760	8.36214352	15.82492638
86.82799760	8.36214352	15.82492638
86.83199760	8.28186512	15.82492638
86.83599760	8.12100124	11.85715961
86.83999760	8.12100124	15.82492638
86.84399760	8.28186512	11.85715961
86.84799760	8.44272900	15.82492638
86.85199760	8.36214352	19.77731133
86.85599760	8.28186512	15.82492638
86.85999760	8.20158672	11.85715961
86.86399760	8.20158672	15.82492638
86.86799760	8.28186512	11.85715961
86.87199760	8.28186512	15.82492638
86.87599760	8.28186512	15.82492638
86.87999760	8.28186512	19.77731133
86.88399760	8.28186512	11.85715961
86.88799760	8.28186512	15.82492638
86.89199760	8.20158672	11.85715961
86.89599760	8.28186512	11.85715961
86.89999760	8.36214352	15.82492638
86.90399760	8.36214352	15.82492638
86.90799760	8.28186512	15.82492638
86.91199760	8.28186512	15.82492638
86.91599760	8.12100124	11.85715961
86.91999760	8.20158672	15.82492638
86.92399760	8.28186512	15.82492638
86.92799760	8.36214352	19.77731133
86.93199760	8.36214352	15.82492638
86.93599760	8.28186512	15.82492638
86.93999760	8.28186512	11.85715961
86.94399760	8.28186512	15.82492638
86.94799760	8.28186512	11.85715961
86.95199760	8.28186512	15.82492638
86.95599759	8.28186512	11.85715961
86.95999759	8.28186512	15.82492638
86.96399759	8.28186512	11.85715961
86.96799759	8.28186512	15.82492638
86.97199759	8.20158672	11.85715961
86.97599759	8.28186512	15.82492638
86.97999759	8.36214352	15.82492638
86.98399759	8.36214352	15.82492638
86.98799759	8.28186512	15.82492638
86.99199759	8.20158672	15.82492638
86.99599759	8.28186512	11.85715961
86.99999759	8.28186512	19.77731133
87.00399759	8.28186512	11.85715961
87.00799759	8.28186512	11.85715961
87.01199759	8.28186512	11.85715961
87.01599759	8.28186512	15.82492638
87.01999759	8.28186512	11.85715961
87.02399759	8.20158672	11.85715961
87.02799759	8.28186512	11.85715961
87.03199759	8.36214352	15.82492638
87.03599759	8.36214352	11.85715961
87.03999759	8.28186512	15.82492638
87.04399759	8.20158672	11.85715961
87.04799759	8.20158672	15.82492638
87.05199759	8.28186512	15.82492638
87.05599759	8.36214352	15.82492638
87.05999759	8.36214352	15.82492638
87.06399759	8.28186512	15.82492638
87.06799759	8.20158672	15.82492638
87.07199759	8.20158672	15.82492638
87.07599759	8.20158672	11.85715961
87.07999759	8.28186512	11.85715961
87.08399759	8.36214352	15.82492638
87.08799759	8.36214352	19.77731133
87.09199759	8.28186512	15.82492638
87.09599759	8.20158672	15.82492638
87.09999759	8.20158672	15.82492638
87.10399759	8.28186512	15.82492638
87.10799759	8.28186512	11.85715961
87.11199759	8.36214352	15.82492638
87.11599759	8.36214352	11.85715961
87.11999759	8.28186512	15.82492638
87.12399759	8.20158672	11.85715961
87.12799759	8.20158672	15.82492638
87.13199759	8.28186512	11.85715961
87.13599759	8.36214352	15.82492638
87.13999759	8.36214352	11.85715961
87.14399759	8.36214352	15.82492638
87.14799759	8.28186512	11.85715961
87.15199759	8.20158672	15.82492638
87.15599759	8.20158672	15.82492638
87.15999759	8.28186512	15.82492638
87.16399759	8.36214352	15.82492638
87.16799759	8.36214352	15.82492638
87.17199759	8.28186512	15.82492638
87.17599759	8.28186512	15.82492638
87.17999759	8.12100124	15.82492638
87.18399759	8.20158672	15.82492638
87.18799759	8.28186512	19.77731133
87.19199759	8.36214352	19.77731133
87.19599759	8.36214352	15.82492638
87.19999759	8.28186512	19.77731133
87.20399759	8.28186512	15.82492638
87.20799759	8.12100124	15.82492638
87.21199759	8.20158672	11.85715961
87.21599759	8.36214352	15.82492638
87.21999759	8.44272900	11.85715961
87.22399759	8.28186512	19.77731133
87.22799759	8.20158672	15.82492638
87.23199759	8.20158672	11.85715961
87.23599759	8.28186512	11.85715961
87.23999759	8.28186512	15.82492638
87.24399759	8.28186512	11.85715961
87.24799759	8.28186512	15.82492638
87.25199759	8.36214352	15.82492638
87.25599759	8.28186512	15.82492638
87.25999759	8.20158672	11.85715961
87.26399759	8.20158672	15.82492638
87.26799759	8.20158672	11.85715961
87.27199759	8.28186512	15.82492638
87.27599759	8.28186512	15.82492638
87.27999759	8.28186512	15.82492638
87.28399759	8.36214352	15.82492638
87.28799759	8.20158672	15.82492638
87.29199759	8.12100124	15.82492638
87.29599759	8.20158672	11.85715961
87.29999759	8.36214352	11.85715961
87.30399759	8.44272900	15.82492638
87.30799758	8.28186512	11.85715961
87.31199758	8.20158672	15.82492638
87.31599758	8.20158672	11.85715961
87.31999758	8.20158672	11.85715961
87.32399758	8.28186512	15.82492638
87.32799758	8.20158672	11.85715961
87.33199758	8.28186512	11.85715961
87.33599758	8.36214352	15.82492638
87.33999758	8.28186512	11.85715961
87.34399758	8.20158672	11.85715961
87.34799758	8.12100124	7.90477324
87.35199758	8.28186512	11.85715961
87.35599758	8.36214352	11.85715961
87.35999758	8.36214352	23.72970009
87.36399758	8.28186512	11.85715961
87.36799758	8.20158672	11.85715961
87.37199758	8.20158672	11.85715961
87.37599758	8.28186512	15.82492638
87.37999758	8.28186512	15.82492638
87.38399758	8.28186512	19.77731133
87.38799758	8.28186512	15.82492638
87.39199758	8.28186512	15.82492638
87.39599758	8.20158672	11.85715961
87.39999758	8.20158672	15.82492638
87.40399758	8.28186512	15.82492638
87.40799758	8.28186512	15.82492638
87.41199758	8.28186512	15.82492638
87.41599758	8.28186512	15.82492638
87.41999758	8.20158672	11.85715961
87.42399758	8.20158672	11.85715961
87.42799758	8.20158672	11.85715961
87.43199758	8.28186512	15.82492638
87.43599758	8.28186512	15.82492638
87.43999758	8.36214352	15.82492638
87.44399758	8.28186512	15.82492638
87.44799758	8.20158672	11.85715961
87.45199758	8.28186512	11.85715961
87.45599758	8.28186512	15.82492638
87.45999758	8.28186512	15.82492638
87.46399758	8.20158672	15.82492638
87.46799758	8.28186512	11.85715961
87.47199758	8.36214352	15.82492638
87.47599758	8.28186512	15.82492638
87.47999758	8.28186512	15.82492638
87.48399758	8.20158672	11.85715961
87.48799758	8.28186512	15.82492638
87.49199758	8.36214352	11.85715961
87.49599758	8.20158672	15.82492638
87.49999758	8.28186512	11.85715961
87.50399758	8.28186512	15.82492638
87.50799758	8.28186512	15.82492638
87.51199758	8.20158672	15.82492638
87.51599758	8.20158672	15.82492638
87.51999758	8.36214352	15.82492638
87.52399758	8.36214352	15.82492638
87.52799758	8.28186512	15.82492638
87.53199758	8.12100124	11.85715961
87.53599758	8.20158672	11.85715961
87.53999758	8.36214352	11.85715961
87.54399758	8.44272900	15.82492638
87.54799758	8.28186512	15.82492638
87.55199758	8.20158672	11.85715961
87.55599758	8.20158672	11.85715961
87.55999758	8.28186512	11.85715961
87.56399758	8.28186512	11.85715961
87.56799758	8.20158672	11.85715961
87.57199758	8.20158672	11.85715961
87.57599758	8.36214352	15.82492638
87.57999758	8.36214352	15.82492638
87.58399758	8.20158672	15.82492638
87.58799758	8.12100124	11.85715961
87.59199758	8.28186512	11.85715961
87.59599758	8.28186512	11.85715961
87.59999758	8.28186512	19.77731133
87.60399758	8.20158672	11.85715961
87.60799758	8.28186512	11.85715961
87.61199758	8.28186512	11.85715961
87.61599758	8.20158672	11.85715961
87.61999758	8.20158672	11.85715961
87.62399758	8.28186512	15.82492638
87.62799758	8.36214352	15.82492638
87.63199758	8.28186512	15.82492638
87.63599758	8.20158672	11.85715961
87.63999758	8.20158672	15.82492638
87.64399758	8.20158672	11.85715961
87.64799758	8.28186512	15.82492638
87.65199758	8.28186512	15.82492638
87.65599758	8.20158672	15.82492638
87.65999757	8.20158672	15.82492638
87.66399757	8.36214352	15.82492638
87.66799757	8.28186512	11.85715961
87.67199757	8.28186512	15.82492638
87.67599757	8.20158672	11.85715961
87.67999757	8.28186512	15.82492638
87.68399757	8.28186512	15.82492638
87.68799757	8.28186512	15.82492638
87.69199757	8.36214352	11.85715961
87.69599757	8.28186512	15.82492638
87.69999757	8.20158672	11.85715961
87.70399757	8.20158672	15.82492638
87.70799757	8.28186512	11.85715961
87.71199757	8.44272900	15.82492638
87.71599757	8.36214352	11.85715961
87.71999757	8.20158672	15.82492638
87.72399757	8.20158672	15.82492638
87.72799757	8.28186512	15.82492638
87.73199757	8.28186512	11.85715961
87.73599757	8.28186512	15.82492638
87.73999757	8.28186512	11.85715961
87.74399757	8.28186512	19.77731133
87.74799757	8.28186512	11.85715961
87.75199757	8.28186512	11.85715961
87.75599757	8.20158672	11.85715961
87.75999757	8.28186512	15.82492638
87.76399757	8.28186512	15.82492638
87.76799757	8.36214352	19.77731133
87.77199757	8.28186512	15.82492638
87.77599757	8.20158672	11.85715961
87.77999757	8.28186512	11.85715961
87.78399757	8.20158672	15.82492638
87.78799757	8.28186512	11.85715961
87.79199757	8.28186512	15.82492638
87.79599757	8.36214352	11.85715961
87.79999757	8.28186512	15.82492638
87.80399757	8.20158672	11.85715961
87.80799757	8.20158672	15.82492638
87.81199757	8.28186512	15.82492638
87.81599757	8.28186512	15.82492638
87.81999757	8.20158672	15.82492638
87.82399757	8.28186512	15.82492638
87.82799757	8.28186512	11.85715961
87.83199757	8.28186512	15.82492638
87.83599757	8.28186512	15.82492638
87.83999757	8.20158672	15.82492638
87.84399757	8.28186512	11.85715961
87.84799757	8.20158672	11.85715961
87.85199757	8.28186512	11.85715961
87.85599757	8.28186512	15.82492638
87.85999757	8.28186512	11.85715961
87.86399757	8.36214352	15.82492638
87.86799757	8.20158672	15.82492638
87.87199757	8.28186512	15.82492638
87.87599757	8.28186512	11.85715961
87.87999757	8.28186512	15.82492638
87.88399757	8.28186512	15.82492638
87.88799757	8.20158672	15.82492638
87.89199757	8.20158672	11.85715961
87.89599757	8.36214352	11.85715961
87.89999757	8.36214352	11.85715961
87.90399757	8.28186512	19.77731133
87.90799757	8.20158672	15.82492638
87.91199757	8.28186512	15.82492638
87.91599757	8.28186512	15.82492638
87.91999757	8.28186512	15.82492638
87.92399757	8.20158672	11.85715961
87.92799757	8.36214352	11.85715961
87.93199757	8.36214352	15.82492638
87.93599757	8.28186512	15.82492638
87.93999757	8.20158672	7.90477324
87.94399757	8.28186512	15.82492638
87.94799757	8.36214352	11.85715961
87.95199757	8.28186512	15.82492638
87.95599757	8.20158672	11.85715961
87.95999757	8.28186512	15.82492638
87.96399757	8.36214352	11.85715961
87.96799757	8.36214352	15.82492638
87.97199757	8.28186512	15.82492638
87.97599757	8.20158672	11.85715961
87.97999757	8.36214352	11.85715961
87.98399757	8.44272900	19.77731133
87.98799757	8.28186512	15.82492638
87.99199757	8.12100124	15.82492638
87.99599757	8.20158672	11.85715961
87.99999757	8.36214352	19.77731133
88.00399757	8.36214352	15.82492638
88.00799757	8.36214352	15.82492638
88.01199757	8.28186512	11.85715961
88.01599756	8.28186512	15.82492638
88.01999756	8.20158672	11.85715961
88.02399756	8.20158672	15.82492638
88.02799756	8.28186512	11.85715961
88.03199756	8.36214352	15.82492638
88.03599756	8.36214352	15.82492638
88.03999756	8.28186512	15.82492638
88.04399756	8.20158672	11.85715961
88.04799756	8.28186512	11.85715961
88.05199756	8.28186512	11.85715961
88.05599756	8.28186512	15.82492638
88.05999756	8.36214352	15.82492638
88.06399756	8.36214352	19.77731133
88.06799756	8.28186512	15.82492638
88.07199756	8.20158672	11.85715961
88.07599756	8.20158672	11.85715961
88.07999756	8.28186512	15.82492638
88.08399756	8.36214352	11.85715961
88.08799756	8.28186512	19.77731133
88.09199756	8.28186512	15.82492638
88.09599756	8.28186512	11.85715961
88.09999756	8.28186512	11.85715961
88.10399756	8.20158672	15.82492638
88.10799756	8.12100124	11.85715961
88.11199756	8.28186512	15.82492638
88.11599756	8.44272900	11.85715961
88.11999756	8.36214352	19.77731133
88.12399756	8.20158672	15.82492638
88.12799756	8.12100124	11.85715961
88.13199756	8.20158672	11.85715961
88.13599756	8.36214352	15.82492638
88.13999756	8.28186512	11.85715961
88.14399756	8.28186512	15.82492638
88.14799756	8.36214352	11.85715961
88.15199756	8.36214352	15.82492638
88.15599756	8.28186512	15.82492638
88.15999756	8.12100124	11.85715961
88.16399756	8.28186512	11.85715961
88.16799756	8.36214352	15.82492638
88.17199756	8.36214352	11.85715961
88.17599756	8.20158672	15.82492638
88.17999756	8.20158672	11.85715961
88.18399756	8.28186512	11.85715961
88.18799756	8.28186512	15.82492638
88.19199756	8.28186512	15.82492638
88.19599756	8.28186512	11.85715961
88.19999756	8.44272900	15.82492638
88.20399756	8.36214352	11.85715961
88.20799756	8.20158672	19.77731133
88.21199756	8.12100124	11.85715961
88.21599756	8.20158672	11.85715961
88.21999756	8.44272900	11.85715961
88.22399756	8.44272900	15.82492638
88.22799756	8.28186512	15.82492638
88.23199756	8.28186512	15.82492638
88.23599756	8.28186512	15.82492638
88.23999756	8.28186512	15.82492638
88.24399756	8.20158672	11.85715961
88.24799756	8.28186512	15.82492638
88.25199756	8.44272900	11.85715961
88.25599756	8.36214352	19.77731133
88.25999756	8.28186512	11.85715961
88.26399756	8.12100124	11.85715961
88.26799756	8.20158672	7.90477324
88.27199756	8.36214352	19.77731133
88.27599756	8.36214352	15.82492638
88.27999756	8.36214352	15.82492638
88.28399756	8.36214352	15.82492638
88.28799756	8.28186512	15.82492638
88.29199756	8.20158672	11.85715961
88.29599756	8.20158672	15.82492638
88.29999756	8.28186512	15.82492638
88.30399756	8.44272900	15.82492638
88.30799756	8.36214352	15.82492638
88.31199756	8.20158672	15.82492638
88.31599756	8.12100124	11.85715961
88.31999756	8.28186512	11.85715961
88.32399756	8.36214352	11.85715961
88.32799756	8.36214352	15.82492638
88.33199756	8.28186512	15.82492638
88.33599756	8.36214352	15.82492638
88.33999756	8.28186512	11.85715961
88.34399756	8.20158672	15.82492638
88.34799756	8.12100124	11.85715961
88.35199756	8.28186512	15.82492638
88.35599756	8.36214352	15.82492638
88.35999756	8.28186512	19.77731133
88.36399756	8.28186512	11.85715961
88.36799755	8.20158672	11.85715961
88.37199755	8.28186512	11.85715961
88.37599755	8.28186512	15.82492638
88.37999755	8.20158672	15.82492638
88.38399755	8.20158672	15.82492638
88.38799755	8.36214352	11.85715961
88.39199755	8.44272900	11.85715961
88.39599755	8.28186512	15.82492638
88.39999755	8.12100124	15.82492638
88.40399755	8.20158672	11.85715961
88.40799755	8.36214352	15.82492638
88.41199755	8.36214352	15.82492638
88.41599755	8.28186512	15.82492638
88.41999755	8.28186512	11.85715961
88.42399755	8.28186512	15.82492638
88.42799755	8.28186512	11.85715961
88.43199755	8.20158672	15.82492638
88.43599755	8.20158672	11.85715961
88.43999755	8.36214352	15.82492638
88.44399755	8.36214352	15.82492638
88.44799755	8.36214352	19.77731133
88.45199755	8.20158672	11.85715961
88.45599755	8.20158672	15.82492638
88.45999755	8.28186512	7.90477324
88.46399755	8.28186512	15.82492638
88.46799755	8.28186512	15.82492638
88.47199755	8.36214352	15.82492638
88.47599755	8.28186512	11.85715961
88.47999755	8.28186512	15.82492638
88.48399755	8.20158672	11.85715961
88.48799755	8.28186512	11.85715961
88.49199755	8.36214352	15.82492638
88.49599755	8.36214352	19.77731133
88.49999755	8.28186512	15.82492638
88.50399755	8.20158672	15.82492638
88.50799755	8.20158672	11.85715961
88.51199755	8.20158672	15.82492638
88.51599755	8.28186512	11.85715961
88.51999755	8.28186512	15.82492638
88.52399755	8.36214352	11.85715961
88.52799755	8.28186512	15.82492638
88.53199755	8.28186512	15.82492638
88.53599755	8.20158672	15.82492638
88.53999755	8.28186512	11.85715961
88.54399755	8.28186512	15.82492638
88.54799755	8.28186512	11.85715961
88.55199755	8.28186512	11.85715961
88.55599755	8.28186512	15.82492638
88.55999755	8.36214352	15.82492638
88.56399755	8.28186512	11.85715961
88.56799755	8.20158672	15.82492638
88.57199755	8.28186512	11.85715961
88.57599755	8.28186512	11.85715961
88.57999755	8.36214352	11.85715961
88.58399755	8.36214352	15.82492638
88.58799755	8.20158672	11.85715961
88.59199755	8.28186512	15.82492638
88.59599755	8.28186512	11.85715961
88.59999755	8.28186512	19.77731133
88.60399755	8.20158672	11.85715961
88.60799755	8.36214352	15.82492638
88.61199755	8.28186512	15.82492638
88.61599755	8.28186512	15.82492638
88.61999755	8.28186512	11.85715961
88.62399755	8.28186512	15.82492638
88.62799755	8.36214352	11.85715961
88.63199755	8.28186512	15.82492638
88.63599755	8.28186512	15.82492638
88.63999755	8.28186512	15.82492638
88.64399755	8.28186512	11.85715961
88.64799755	8.28186512	15.82492638
88.65199755	8.28186512	11.85715961
88.65599755	8.28186512	15.82492638
88.65999755	8.28186512	15.82492638
88.66399755	8.20158672	15.82492638
88.66799755	8.28186512	15.82492638
88.67199755	8.28186512	11.85715961
88.67599755	8.28186512	15.82492638
88.67999755	8.28186512	15.82492638
88.68399755	8.28186512	15.82492638
88.68799755	8.28186512	15.82492638
88.69199755	8.28186512	15.82492638
88.69599755	8.28186512	11.85715961
88.69999755	8.28186512	11.85715961
88.70399755	8.36214352	15.82492638
88.70799755	8.28186512	11.85715961
88.71199755	8.28186512	15.82492638
88.71599755	8.28186512	15.82492638
88.71999755	8.28186512	15.82492638
88.72399754	8.28186512	15.82492638
88.72799754	8.28186512	15.82492638
88.73199754	8.36214352	11.85715961
88.73599754	8.28186512	15.82492638
88.73999754	8.28186512	11.85715961
88.74399754	8.28186512	11.85715961
88.74799754	8.28186512	11.85715961
88.75199754	8.36214352	15.82492638
88.75599754	8.28186512	11.85715961
88.75999754	8.28186512	15.82492638
88.76399754	8.28186512	11.85715961
88.76799754	8.28186512	15.82492638
88.77199754	8.28186512	11.85715961
88.77599754	8.36214352	15.82492638
88.77999754	8.36214352	11.85715961
88.78399754	8.28186512	15.82492638
88.78799754	8.20158672	15.82492638
88.79199754	8.28186512	11.85715961
88.79599754	8.36214352	11.85715961
88.79999754	8.28186512	15.82492638
88.80399754	8.28186512	11.85715961
88.80799754	8.36214352	11.85715961
88.81199754	8.36214352	11.85715961
88.81599754	8.28186512	11.85715961
88.81999754	8.20158672	11.85715961
88.82399754	8.28186512	11.85715961
88.82799754	8.36214352	11.85715961
88.83199754	8.28186512	15.82492638
88.83599754	8.28186512	11.85715961
88.83999754	8.28186512	15.82492638
88.84399754	8.36214352	11.85715961
88.84799754	8.36214352	15.82492638
88.85199754	8.28186512	11.85715961
88.85599754	8.28186512	15.82492638
88.85999754	8.28186512	11.85715961
88.86399754	8.36214352	15.82492638
88.86799754	8.28186512	15.82492638
88.87199754	8.20158672	11.85715961
88.87599754	8.20158672	11.85715961
88.87999754	8.36214352	15.82492638
88.88399754	8.28186512	15.82492638
88.88799754	8.28186512	15.82492638
88.89199754	8.28186512	11.85715961
88.89599754	8.36214352	15.82492638
88.89999754	8.28186512	15.82492638
88.90399754	8.20158672	15.82492638
88.90799754	8.28186512	11.85715961
88.91199754	8.36214352	19.77731133
88.91599754	8.36214352	15.82492638
88.91999754	8.28186512	15.82492638
88.92399754	8.20158672	11.85715961
88.92799754	8.28186512	15.82492638
88.93199754	8.28186512	11.85715961
88.93599754	8.28186512	15.82492638
88.93999754	8.28186512	15.82492638
88.94399754	8.28186512	15.82492638
88.94799754	8.28186512	15.82492638
88.95199754	8.28186512	15.82492638
88.95599754	8.28186512	11.85715961
88.95999754	8.20158672	15.82492638
88.96399754	8.36214352	11.85715961
88.96799754	8.28186512	15.82492638
88.97199754	8.28186512	11.85715961
88.97599754	8.28186512	19.77731133
88.97999754	8.28186512	15.82492638
88.98399754	8.28186512	19.77731133
88.98799754	8.20158672	11.85715961
88.99199754	8.28186512	15.82492638
88.99599754	8.28186512	15.82492638
88.99999754	8.28186512	11.85715961
89.00399754	8.36214352	15.82492638
89.00799754	8.36214352	19.77731133
89.01199754	8.28186512	15.82492638
89.01599754	8.20158672	15.82492638
89.01999754	8.28186512	15.82492638
89.02399754	8.36214352	15.82492638
89.02799754	8.28186512	11.85715961
89.03199754	8.36214352	11.85715961
89.03599754	8.36214352	11.85715961
89.03999754	8.36214352	15.82492638
89.04399754	8.20158672	11.85715961
89.04799754	8.12100124	11.85715961
89.05199754	8.28186512	11.85715961
89.05599754	8.44272900	11.85715961
89.05999754	8.44272900	15.82492638
89.06399754	8.28186512	15.82492638
89.06799754	8.12100124	11.85715961
89.07199754	8.28186512	11.85715961
89.07599753	8.36214352	15.82492638
89.07999753	8.28186512	15.82492638
89.08399753	8.36214352	15.82492638
89.08799753	8.36214352	19.77731133
89.09199753	8.36214352	11.85715961
89.09599753	8.20158672	11.85715961
89.09999753	8.20158672	11.85715961
89.10399753	8.36214352	15.82492638
89.10799753	8.44272900	15.82492638
89.11199753	8.28186512	19.77731133
89.11599753	8.28186512	11.85715961
89.11999753	8.28186512	11.85715961
89.12399753	8.28186512	15.82492638
89.12799753	8.28186512	11.85715961
89.13199753	8.28186512	7.90477324
89.13599753	8.36214352	19.77731133
89.13999753	8.36214352	11.85715961
89.14399753	8.20158672	11.85715961
89.14799753	8.20158672	15.82492638
89.15199753	8.28186512	11.85715961
89.15599753	8.36214352	11.85715961
89.15999753	8.28186512	19.77731133
89.16399753	8.28186512	11.85715961
89.16799753	8.28186512	15.82492638
89.17199753	8.36214352	15.82492638
89.17599753	8.28186512	19.77731133
89.17999753	8.20158672	15.82492638
89.18399753	8.20158672	15.82492638
89.18799753	8.36214352	11.85715961
89.19199753	8.44272900	15.82492638
89.19599753	8.36214352	15.82492638
89.19999753	8.20158672	15.82492638
89.20399753	8.28186512	11.85715961
89.20799753	8.28186512	15.82492638
89.21199753	8.36214352	11.85715961
89.21599753	8.36214352	15.82492638
89.21999753	8.36214352	11.85715961
89.22399753	8.28186512	15.82492638
89.22799753	8.36214352	15.82492638
89.23199753	8.28186512	15.82492638
89.23599753	8.28186512	11.85715961
89.23999753	8.28186512	15.82492638
89.24399753	8.36214352	11.85715961
89.24799753	8.36214352	19.77731133
89.25199753	8.20158672	11.85715961
89.25599753	8.28186512	11.85715961
89.25999753	8.28186512	11.85715961
89.26399753	8.36214352	15.82492638
89.26799753	8.28186512	11.85715961
89.27199753	8.20158672	15.82492638
89.27599753	8.28186512	11.85715961
89.27999753	8.36214352	15.82492638
89.28399753	8.36214352	15.82492638
89.28799753	8.28186512	11.85715961
89.29199753	8.20158672	15.82492638
89.29599753	8.36214352	11.85715961
89.29999753	8.36214352	15.82492638
89.30399753	8.28186512	15.82492638
89.30799753	8.20158672	11.85715961
89.31199753	8.20158672	11.85715961
89.31599753	8.36214352	11.85715961
89.31999753	8.36214352	15.82492638
89.32399753	8.28186512	15.82492638
89.32799753	8.28186512	11.85715961
89.33199753	8.28186512	11.85715961
89.33599753	8.36214352	15.82492638
89.33999753	8.28186512	19.77731133
89.34399753	8.28186512	11.85715961
89.34799753	8.36214352	15.82492638
89.35199753	8.36214352	15.82492638
89.35599753	8.28186512	15.82492638
89.35999753	8.28186512	15.82492638
89.36399753	8.36214352	11.85715961
89.36799753	8.28186512	15.82492638
89.37199753	8.36214352	15.82492638
89.37599753	8.28186512	15.82492638
89.37999753	8.28186512	11.85715961
89.38399753	8.36214352	15.82492638
89.38799753	8.28186512	15.82492638
89.39199753	8.36214352	15.82492638
89.39599753	8.28186512	11.85715961
89.39999753	8.20158672	15.82492638
89.40399753	8.36214352	11.85715961
89.40799753	8.28186512	15.82492638
89.41199753	8.28186512	11.85715961
89.41599753	8.28186512	11.85715961
89.41999753	8.28186512	15.82492638
89.42399753	8.28186512	19.77731133
89.42799752	8.28186512	11.85715961
89.43199752	8.28186512	15.82492638
89.43599752	8.36214352	11.85715961
89.43999752	8.44272900	15.82492638
89.44399752	8.28186512	15.82492638
89.44799752	8.20158672	15.82492638
89.45199752	8.28186512	11.85715961
89.45599752	8.44272900	15.82492638
89.45999752	8.28186512	15.82492638
89.46399752	8.20158672	11.85715961
89.46799752	8.28186512	11.85715961
89.47199752	8.44272900	15.82492638
89.47599752	8.36214352	15.82492638
89.47999752	8.20158672	15.82492638
89.48399752	8.20158672	11.85715961
89.48799752	8.36214352	15.82492638
89.49199752	8.36214352	15.82492638
89.49599752	8.20158672	15.82492638
89.49999752	8.28186512	7.90477324
89.50399752	8.36214352	11.85715961
89.50799752	8.36214352	15.82492638
89.51199752	8.28186512	15.82492638
89.51599752	8.20158672	11.85715961
89.51999752	8.28186512	15.82492638
89.52399752	8.36214352	11.85715961
89.52799752	8.28186512	15.82492638
89.53199752	8.20158672	15.82492638
89.53599752	8.36214352	11.85715961
89.53999752	8.36214352	15.82492638
89.54399752	8.28186512	19.77731133
89.54799752	8.20158672	11.85715961
89.55199752	8.28186512	15.82492638
89.55599752	8.36214352	11.85715961
89.55999752	8.36214352	15.82492638
89.56399752	8.28186512	11.85715961
89.56799752	8.28186512	15.82492638
89.57199752	8.36214352	11.85715961
89.57599752	8.36214352	15.82492638
89.57999752	8.28186512	15.82492638
89.58399752	8.28186512	19.77731133
89.58799752	8.28186512	11.85715961
89.59199752	8.36214352	15.82492638
89.59599752	8.36214352	15.82492638
89.59999752	8.28186512	15.82492638
89.60399752	8.28186512	11.85715961
89.60799752	8.20158672	15.82492638
89.61199752	8.28186512	11.85715961
89.61599752	8.36214352	15.82492638
89.61999752	8.36214352	11.85715961
89.62399752	8.36214352	15.82492638
89.62799752	8.28186512	15.82492638
89.63199752	8.28186512	15.82492638
89.63599752	8.28186512	11.85715961
89.63999752	8.28186512	11.85715961
89.64399752	8.36214352	11.85715961
89.64799752	8.44272900	19.77731133
89.65199752	8.36214352	15.82492638
89.65599752	8.20158672	11.85715961
89.65999752	8.20158672	7.90477324
89.66399752	8.36214352	11.85715961
89.66799752	8.44272900	15.82492638
89.67199752	8.36214352	15.82492638
89.67599752	8.28186512	15.82492638
89.67999752	8.28186512	15.82492638
89.68399752	8.28186512	11.85715961
89.68799752	8.28186512	11.85715961
89.69199752	8.36214352	11.85715961
89.69599752	8.36214352	15.82492638
89.69999752	8.44272900	15.82492638
89.70399752	8.36214352	15.82492638
89.70799752	8.28186512	11.85715961
89.71199752	8.28186512	11.85715961
89.71599752	8.28186512	11.85715961
89.71999752	8.36214352	19.77731133
89.72399752	8.36214352	15.82492638
89.72799752	8.36214352	15.82492638
89.73199752	8.36214352	11.85715961
89.73599752	8.28186512	11.85715961
89.73999752	8.28186512	11.85715961
89.74399752	8.28186512	15.82492638
89.74799752	8.36214352	15.82492638
89.75199752	8.44272900	11.85715961
89.75599752	8.36214352	11.85715961
89.75999752	8.28186512	15.82492638
89.76399752	8.28186512	11.85715961
89.76799752	8.28186512	15.82492638
89.77199752	8.36214352	11.85715961
89.77599752	8.44272900	15.82492638
89.77999752	8.28186512	15.82492638
89.78399751	8.28186512	15.82492638
89.78799751	8.36214352	11.85715961
89.79199751	8.36214352	15.82492638
89.79599751	8.28186512	11.85715961
89.79999751	8.36214352	11.85715961
89.80399751	8.36214352	15.82492638
89.80799751	8.36214352	15.82492638
89.81199751	8.36214352	15.82492638
89.81599751	8.28186512	11.85715961
89.81999751	8.28186512	11.85715961
89.82399751	8.36214352	15.82492638
89.82799751	8.36214352	11.85715961
89.83199751	8.28186512	15.82492638
89.83599751	8.36214352	15.82492638
89.83999751	8.36214352	19.77731133
89.84399751	8.28186512	11.85715961
89.84799751	8.36214352	15.82492638
89.85199751	8.36214352	15.82492638
89.85599751	8.36214352	15.82492638
89.85999751	8.28186512	11.85715961
89.86399751	8.28186512	15.82492638
89.86799751	8.36214352	11.85715961
89.87199751	8.44272900	15.82492638
89.87599751	8.36214352	11.85715961
89.87999751	8.28186512	15.82492638
89.88399751	8.28186512	15.82492638
89.88799751	8.36214352	15.82492638
89.89199751	8.36214352	11.85715961
89.89599751	8.28186512	15.82492638
89.89999751	8.36214352	15.82492638
89.90399751	8.36214352	19.77731133
89.90799751	8.36214352	15.82492638
89.91199751	8.28186512	15.82492638
89.91599751	8.28186512	15.82492638
89.91999751	8.36214352	15.82492638
89.92399751	8.44272900	11.85715961
89.92799751	8.36214352	15.82492638
89.93199751	8.36214352	15.82492638
89.93599751	8.36214352	15.82492638
89.93999751	8.28186512	15.82492638
89.94399751	8.36214352	11.85715961
89.94799751	8.28186512	15.82492638
89.95199751	8.36214352	15.82492638
89.95599751	8.36214352	11.85715961
89.95999751	8.36214352	19.77731133
89.96399751	8.28186512	15.82492638
89.96799751	8.20158672	11.85715961
89.97199751	8.28186512	11.85715961
89.97599751	8.36214352	15.82492638
89.97999751	8.36214352	15.82492638
89.98399751	8.36214352	15.82492638
89.98799751	8.28186512	11.85715961
89.99199751	8.20158672	15.82492638
89.99599751	8.20158672	7.90477324
89.99999751	8.36214352	15.82492638
90.00399751	8.44272900	15.82492638
