Time	Channel A	Channel B
(us)	(V)	(V)

-10.00799966	2.25086117	0.00000000
-10.00399966	2.25086117	0.00000000
-9.99999966	2.25086117	0.00000000
-9.99599966	2.25086117	0.00000000
-9.99199966	2.25086117	0.00000000
-9.98799966	2.25086117	0.00000000
-9.98399966	2.25086117	0.00000000
-9.97999966	2.25086117	0.00000000
-9.97599966	2.25086117	0.00000000
-9.97199966	2.25086117	0.00000000
-9.96799966	2.25086117	0.00000000
-9.96399966	2.25086117	0.00000000
-9.95999966	2.25086117	0.00000000
-9.95599966	2.25086117	0.00000000
-9.95199966	2.25086117	0.00000000
-9.94799966	2.25086117	0.00000000
-9.94399966	2.25086117	0.00000000
-9.93999966	2.25086117	0.00000000
-9.93599966	2.25086117	0.00000000
-9.93199966	2.25086117	0.00000000
-9.92799967	2.25086117	0.00000000
-9.92399967	2.25086117	0.00000000
-9.91999967	2.25086117	0.00000000
-9.91599967	2.25086117	0.00000000
-9.91199967	2.25086117	0.00000000
-9.90799967	2.25086117	0.00000000
-9.90399967	2.25086117	0.00000000
-9.89999967	2.25086117	0.00000000
-9.89599967	2.25086117	0.00000000
-9.89199967	2.25086117	0.00000000
-9.88799967	2.25086117	0.00000000
-9.88399967	2.25086117	0.00000000
-9.87999967	2.25086117	0.00000000
-9.87599967	2.25086117	0.00000000
-9.87199967	2.25086117	0.00000000
-9.86799967	2.25086117	0.00000000
-9.86399967	2.25086117	0.00000000
-9.85999967	2.25086117	0.00000000
-9.85599967	2.25086117	0.00000000
-9.85199967	2.25086117	0.00000000
-9.84799967	2.25086117	0.00000000
-9.84399967	2.25086117	0.00000000
-9.83999967	2.25086117	0.00000000
-9.83599967	2.25086117	0.00000000
-9.83199967	2.25086117	0.00000000
-9.82799967	2.25086117	0.00000000
-9.82399967	2.25086117	0.00000000
-9.81999967	2.25086117	0.00000000
-9.81599967	2.25086117	0.00000000
-9.81199967	2.25086117	0.00000000
-9.80799967	2.25086117	0.00000000
-9.80399967	2.25086117	0.00000000
-9.79999967	2.25086117	0.00000000
-9.79599967	2.25086117	0.00000000
-9.79199967	2.25086117	0.00000000
-9.78799967	2.25086117	0.00000000
-9.78399967	2.25086117	0.00000000
-9.77999967	2.25086117	0.00000000
-9.77599967	2.25086117	0.00000000
-9.77199967	2.25086117	0.00000000
-9.76799967	2.25086117	0.00000000
-9.76399967	2.25086117	0.00000000
-9.75999967	2.25086117	0.00000000
-9.75599967	2.25086117	0.00000000
-9.75199967	2.25086117	0.00000000
-9.74799967	2.25086117	0.00000000
-9.74399967	2.25086117	0.00000000
-9.73999967	2.25086117	0.00000000
-9.73599967	2.25086117	0.00000000
-9.73199967	2.25086117	0.00000000
-9.72799967	2.25086117	0.00000000
-9.72399967	2.25086117	0.00000000
-9.71999967	2.25086117	0.00000000
-9.71599967	2.25086117	0.00000000
-9.71199967	2.25086117	0.00000000
-9.70799967	2.25086117	0.00000000
-9.70399967	2.25086117	0.00000000
-9.69999967	2.25086117	0.00000000
-9.69599967	2.25086117	0.00000000
-9.69199967	2.25086117	0.00000000
-9.68799967	2.25086117	0.00000000
-9.68399967	2.25086117	0.00000000
-9.67999967	2.25086117	0.00000000
-9.67599967	2.25086117	0.00000000
-9.67199967	2.25086117	0.00000000
-9.66799967	2.25086117	0.00000000
-9.66399967	2.25086117	0.00000000
-9.65999967	2.25086117	0.00000000
-9.65599967	2.25086117	0.00000000
-9.65199967	2.25086117	0.00000000
-9.64799967	2.25086117	0.00000000
-9.64399967	2.25086117	0.00000000
-9.63999967	2.25086117	0.00000000
-9.63599967	2.25086117	0.00000000
-9.63199967	2.25086117	0.00000000
-9.62799967	2.25086117	0.00000000
-9.62399967	2.25086117	0.00000000
-9.61999967	2.25086117	0.00000000
-9.61599967	2.25086117	0.00000000
-9.61199967	2.25086117	0.00000000
-9.60799967	2.25086117	0.00000000
-9.60399967	2.25086117	0.00000000
-9.59999967	2.25086117	0.00000000
-9.59599967	2.25086117	0.00000000
-9.59199967	2.25086117	0.00000000
-9.58799967	2.25086117	0.00000000
-9.58399967	2.25086117	0.00000000
-9.57999967	2.25086117	0.00000000
-9.57599967	2.25086117	0.00000000
-9.57199968	2.25086117	0.00000000
-9.56799968	2.25086117	0.00000000
-9.56399968	2.25086117	0.00000000
-9.55999968	2.25086117	0.00000000
-9.55599968	2.25086117	0.00000000
-9.55199968	2.25086117	0.00000000
-9.54799968	2.25086117	0.00000000
-9.54399968	2.25086117	0.00000000
-9.53999968	2.25086117	0.00000000
-9.53599968	2.25086117	0.00000000
-9.53199968	2.25086117	0.00000000
-9.52799968	2.25086117	0.00000000
-9.52399968	2.25086117	0.00000000
-9.51999968	2.25086117	0.00000000
-9.51599968	2.25086117	0.00000000
-9.51199968	2.25086117	0.00000000
-9.50799968	2.25086117	0.00000000
-9.50399968	2.25086117	0.00000000
-9.49999968	2.25086117	0.00000000
-9.49599968	2.25086117	0.00000000
-9.49199968	2.25086117	0.00000000
-9.48799968	2.25086117	0.00000000
-9.48399968	2.25086117	0.00000000
-9.47999968	2.25086117	0.00000000
-9.47599968	2.25086117	0.00000000
-9.47199968	2.25086117	0.00000000
-9.46799968	2.25086117	0.00000000
-9.46399968	2.25086117	0.00000000
-9.45999968	2.25086117	0.00000000
-9.45599968	2.25086117	0.00000000
-9.45199968	2.25086117	0.00000000
-9.44799968	2.25086117	0.00000000
-9.44399968	2.25086117	0.00000000
-9.43999968	2.25086117	0.00000000
-9.43599968	2.25086117	0.00000000
-9.43199968	2.25086117	0.00000000
-9.42799968	2.25086117	0.00000000
-9.42399968	2.25086117	0.00000000
-9.41999968	2.25086117	0.00000000
-9.41599968	2.25086117	0.00000000
-9.41199968	2.25086117	0.00000000
-9.40799968	2.25086117	0.00000000
-9.40399968	2.25086117	0.00000000
-9.39999968	2.25086117	0.00000000
-9.39599968	2.25086117	0.00000000
-9.39199968	2.25086117	0.00000000
-9.38799968	2.25086117	0.00000000
-9.38399968	2.25086117	0.00000000
-9.37999968	2.25086117	0.00000000
-9.37599968	2.25086117	0.00000000
-9.37199968	2.25086117	0.00000000
-9.36799968	2.25086117	0.00000000
-9.36399968	2.25086117	0.00000000
-9.35999968	2.25086117	0.00000000
-9.35599968	2.25086117	0.00000000
-9.35199968	2.25086117	0.00000000
-9.34799968	2.25086117	0.00000000
-9.34399968	2.25086117	0.00000000
-9.33999968	2.25086117	0.00000000
-9.33599968	2.25086117	0.00000000
-9.33199968	2.25086117	0.00000000
-9.32799968	2.25086117	0.00000000
-9.32399968	2.25086117	0.00000000
-9.31999968	2.25086117	0.00000000
-9.31599968	2.25086117	0.00000000
-9.31199968	2.25086117	0.00000000
-9.30799968	2.25086117	0.00000000
-9.30399968	2.25086117	0.00000000
-9.29999968	2.25086117	0.00000000
-9.29599968	2.25086117	0.00000000
-9.29199968	2.25086117	0.00000000
-9.28799968	2.25086117	0.00000000
-9.28399968	2.25086117	0.00000000
-9.27999968	2.25086117	0.00000000
-9.27599968	2.25086117	0.00000000
-9.27199968	2.25086117	0.00000000
-9.26799968	2.25086117	0.00000000
-9.26399968	2.25086117	0.00000000
-9.25999968	2.25086117	0.00000000
-9.25599968	2.25086117	0.00000000
-9.25199968	2.25086117	0.00000000
-9.24799968	2.25086117	0.00000000
-9.24399968	2.25086117	0.00000000
-9.23999968	2.25086117	0.00000000
-9.23599968	2.25086117	0.00000000
-9.23199968	2.25086117	0.00000000
-9.22799968	2.25086117	0.00000000
-9.22399968	2.25086117	0.00000000
-9.21999969	2.25086117	0.00000000
-9.21599969	2.25086117	0.00000000
-9.21199969	2.25086117	0.00000000
-9.20799969	2.25086117	0.00000000
-9.20399969	2.25086117	0.00000000
-9.19999969	2.25086117	0.00000000
-9.19599969	2.25086117	0.00000000
-9.19199969	2.25086117	0.00000000
-9.18799969	2.25086117	0.00000000
-9.18399969	2.25086117	0.00000000
-9.17999969	2.25086117	0.00000000
-9.17599969	2.25086117	0.00000000
-9.17199969	2.25086117	0.00000000
-9.16799969	2.25086117	0.00000000
-9.16399969	2.25086117	0.00000000
-9.15999969	2.25086117	0.00000000
-9.15599969	2.25086117	0.00000000
-9.15199969	2.25086117	0.00000000
-9.14799969	2.25086117	0.00000000
-9.14399969	2.25086117	0.00000000
-9.13999969	2.25086117	0.00000000
-9.13599969	2.25086117	0.00000000
-9.13199969	2.25086117	0.00000000
-9.12799969	2.25086117	0.00000000
-9.12399969	2.25086117	0.00000000
-9.11999969	2.25086117	0.00000000
-9.11599969	2.25086117	0.00000000
-9.11199969	2.25086117	0.00000000
-9.10799969	2.25086117	0.00000000
-9.10399969	2.25086117	0.00000000
-9.09999969	2.25086117	0.00000000
-9.09599969	2.25086117	0.00000000
-9.09199969	2.25086117	0.00000000
-9.08799969	2.25086117	0.00000000
-9.08399969	2.25086117	0.00000000
-9.07999969	2.25086117	0.00000000
-9.07599969	2.25086117	0.00000000
-9.07199969	2.25086117	0.00000000
-9.06799969	2.25086117	0.00000000
-9.06399969	2.25086117	0.00000000
-9.05999969	2.25086117	0.00000000
-9.05599969	2.25086117	0.00000000
-9.05199969	2.25086117	0.00000000
-9.04799969	2.25086117	0.00000000
-9.04399969	2.25086117	0.00000000
-9.03999969	2.25086117	0.00000000
-9.03599969	2.25086117	0.00000000
-9.03199969	2.25086117	0.00000000
-9.02799969	2.25086117	0.00000000
-9.02399969	2.25086117	0.00000000
-9.01999969	2.25086117	0.00000000
-9.01599969	2.25086117	0.00000000
-9.01199969	2.25086117	0.00000000
-9.00799969	2.25086117	0.00000000
-9.00399969	2.25086117	0.00000000
-8.99999969	2.25086117	0.00000000
-8.99599969	2.25086117	0.00000000
-8.99199969	2.25086117	0.00000000
-8.98799969	2.25086117	0.00000000
-8.98399969	2.25086117	0.00000000
-8.97999969	2.25086117	0.00000000
-8.97599969	2.25086117	0.00000000
-8.97199969	2.25086117	0.00000000
-8.96799969	2.25086117	0.00000000
-8.96399969	2.25086117	0.00000000
-8.95999969	2.25086117	0.00000000
-8.95599969	2.25086117	0.00000000
-8.95199969	2.25086117	0.00000000
-8.94799969	2.25086117	0.00000000
-8.94399969	2.25086117	0.00000000
-8.93999969	2.25086117	0.00000000
-8.93599969	2.25086117	0.00000000
-8.93199969	2.25086117	0.00000000
-8.92799969	2.25086117	0.00000000
-8.92399969	2.25086117	0.00000000
-8.91999969	2.25086117	0.00000000
-8.91599969	2.25086117	0.00000000
-8.91199969	2.25086117	0.00000000
-8.90799969	2.25086117	0.00000000
-8.90399969	2.25086117	0.00000000
-8.89999969	2.25086117	0.00000000
-8.89599969	2.25086117	0.00000000
-8.89199969	2.25086117	0.00000000
-8.88799969	2.25086117	0.00000000
-8.88399969	2.25086117	0.00000000
-8.87999969	2.25086117	0.00000000
-8.87599969	2.25086117	0.00000000
-8.87199969	2.25086117	0.00000000
-8.86799970	2.25086117	0.00000000
-8.86399970	2.25086117	0.00000000
-8.85999970	2.25086117	0.00000000
-8.85599970	2.25086117	0.00000000
-8.85199970	2.25086117	0.00000000
-8.84799970	2.25086117	0.00000000
-8.84399970	2.25086117	0.00000000
-8.83999970	2.25086117	0.00000000
-8.83599970	2.25086117	0.00000000
-8.83199970	2.25086117	0.00000000
-8.82799970	2.25086117	0.00000000
-8.82399970	2.25086117	0.00000000
-8.81999970	2.25086117	0.00000000
-8.81599970	2.25086117	0.00000000
-8.81199970	2.25086117	0.00000000
-8.80799970	2.25086117	0.00000000
-8.80399970	2.25086117	0.00000000
-8.79999970	2.25086117	0.00000000
-8.79599970	2.25086117	0.00000000
-8.79199970	2.25086117	0.00000000
-8.78799970	2.25086117	0.00000000
-8.78399970	2.25086117	0.00000000
-8.77999970	2.25086117	0.00000000
-8.77599970	2.25086117	0.00000000
-8.77199970	2.25086117	0.00000000
-8.76799970	2.25086117	0.00000000
-8.76399970	2.25086117	0.00000000
-8.75999970	2.25086117	0.00000000
-8.75599970	2.25086117	0.00000000
-8.75199970	2.25086117	0.00000000
-8.74799970	2.25086117	0.00000000
-8.74399970	2.25086117	0.00000000
-8.73999970	2.25086117	0.00000000
-8.73599970	2.25086117	0.00000000
-8.73199970	2.25086117	0.00000000
-8.72799970	2.25086117	0.00000000
-8.72399970	2.25086117	0.00000000
-8.71999970	2.25086117	0.00000000
-8.71599970	2.25086117	0.00000000
-8.71199970	2.25086117	0.00000000
-8.70799970	2.25086117	0.00000000
-8.70399970	2.25086117	0.00000000
-8.69999970	2.25086117	0.00000000
-8.69599970	2.25086117	0.00000000
-8.69199970	2.25086117	0.00000000
-8.68799970	2.25086117	0.00000000
-8.68399970	2.25086117	0.00000000
-8.67999970	2.25086117	0.00000000
-8.67599970	2.25086117	0.00000000
-8.67199970	2.25086117	0.00000000
-8.66799970	2.25086117	0.00000000
-8.66399970	2.25086117	0.00000000
-8.65999970	2.25086117	0.00000000
-8.65599970	2.25086117	0.00000000
-8.65199970	2.25086117	0.00000000
-8.64799970	2.25086117	0.00000000
-8.64399970	2.25086117	0.00000000
-8.63999970	2.25086117	0.00000000
-8.63599970	2.25086117	0.00000000
-8.63199970	2.25086117	0.00000000
-8.62799970	2.25086117	0.00000000
-8.62399970	2.25086117	0.00000000
-8.61999970	2.25086117	0.00000000
-8.61599970	2.25086117	0.00000000
-8.61199970	2.25086117	0.00000000
-8.60799970	2.25086117	0.00000000
-8.60399970	2.25086117	0.00000000
-8.59999970	2.25086117	0.00000000
-8.59599970	2.25086117	0.00000000
-8.59199970	2.25086117	0.00000000
-8.58799970	2.25086117	0.00000000
-8.58399970	2.25086117	0.00000000
-8.57999970	2.25086117	0.00000000
-8.57599970	2.25086117	0.00000000
-8.57199970	2.25086117	0.00000000
-8.56799970	2.25086117	0.00000000
-8.56399970	2.25086117	0.00000000
-8.55999970	2.25086117	0.00000000
-8.55599970	2.25086117	0.00000000
-8.55199970	2.25086117	0.00000000
-8.54799970	2.25086117	0.00000000
-8.54399970	2.25086117	0.00000000
-8.53999970	2.25086117	0.00000000
-8.53599970	2.25086117	0.00000000
-8.53199970	2.25086117	0.00000000
-8.52799970	2.25086117	0.00000000
-8.52399970	2.25086117	0.00000000
-8.51999970	2.25086117	0.00000000
-8.51599970	2.25086117	0.00000000
-8.51199971	2.25086117	0.00000000
-8.50799971	2.25086117	0.00000000
-8.50399971	2.25086117	0.00000000
-8.49999971	2.25086117	0.00000000
-8.49599971	2.25086117	0.00000000
-8.49199971	2.25086117	0.00000000
-8.48799971	2.25086117	0.00000000
-8.48399971	2.25086117	0.00000000
-8.47999971	2.25086117	0.00000000
-8.47599971	2.25086117	0.00000000
-8.47199971	2.25086117	0.00000000
-8.46799971	2.25086117	0.00000000
-8.46399971	2.25086117	0.00000000
-8.45999971	2.25086117	0.00000000
-8.45599971	2.25086117	0.00000000
-8.45199971	2.25086117	0.00000000
-8.44799971	2.25086117	0.00000000
-8.44399971	2.25086117	0.00000000
-8.43999971	2.25086117	0.00000000
-8.43599971	2.25086117	0.00000000
-8.43199971	2.25086117	0.00000000
-8.42799971	2.25086117	0.00000000
-8.42399971	2.25086117	0.00000000
-8.41999971	2.25086117	0.00000000
-8.41599971	2.25086117	0.00000000
-8.41199971	2.25086117	0.00000000
-8.40799971	2.25086117	0.00000000
-8.40399971	2.25086117	0.00000000
-8.39999971	2.25086117	0.00000000
-8.39599971	2.25086117	0.00000000
-8.39199971	2.25086117	0.00000000
-8.38799971	2.25086117	0.00000000
-8.38399971	2.25086117	0.00000000
-8.37999971	2.25086117	0.00000000
-8.37599971	2.25086117	0.00000000
-8.37199971	2.25086117	0.00000000
-8.36799971	2.25086117	0.00000000
-8.36399971	2.25086117	0.00000000
-8.35999971	2.25086117	0.00000000
-8.35599971	2.25086117	0.00000000
-8.35199971	2.25086117	0.00000000
-8.34799971	2.25086117	0.00000000
-8.34399971	2.25086117	0.00000000
-8.33999971	2.25086117	0.00000000
-8.33599971	2.25086117	0.00000000
-8.33199971	2.25086117	0.00000000
-8.32799971	2.25086117	0.00000000
-8.32399971	2.25086117	0.00000000
-8.31999971	2.25086117	0.00000000
-8.31599971	2.25086117	0.00000000
-8.31199971	2.25086117	0.00000000
-8.30799971	2.25086117	0.00000000
-8.30399971	2.25086117	0.00000000
-8.29999971	2.25086117	0.00000000
-8.29599971	2.25086117	0.00000000
-8.29199971	2.25086117	0.00000000
-8.28799971	2.25086117	0.00000000
-8.28399971	2.25086117	0.00000000
-8.27999971	2.25086117	0.00000000
-8.27599971	2.25086117	0.00000000
-8.27199971	2.25086117	0.00000000
-8.26799971	2.25086117	0.00000000
-8.26399971	2.25086117	0.00000000
-8.25999971	2.25086117	0.00000000
-8.25599971	2.25086117	0.00000000
-8.25199971	2.25086117	0.00000000
-8.24799971	2.25086117	0.00000000
-8.24399971	2.25086117	0.00000000
-8.23999971	2.25086117	0.00000000
-8.23599971	2.25086117	0.00000000
-8.23199971	2.25086117	0.00000000
-8.22799971	2.25086117	0.00000000
-8.22399971	2.25086117	0.00000000
-8.21999971	2.25086117	0.00000000
-8.21599971	2.25086117	0.00000000
-8.21199971	2.25086117	0.00000000
-8.20799971	2.25086117	0.00000000
-8.20399971	2.25086117	0.00000000
-8.19999971	2.25086117	0.00000000
-8.19599971	2.25086117	0.00000000
-8.19199971	2.25086117	0.00000000
-8.18799971	2.25086117	0.00000000
-8.18399971	2.25086117	0.00000000
-8.17999971	2.25086117	0.00000000
-8.17599971	2.25086117	0.00000000
-8.17199971	2.25086117	0.00000000
-8.16799971	2.25086117	0.00000000
-8.16399971	2.25086117	0.00000000
-8.15999972	2.25086117	0.00000000
-8.15599972	2.25086117	0.00000000
-8.15199972	2.25086117	0.00000000
-8.14799972	2.25086117	0.00000000
-8.14399972	2.25086117	0.00000000
-8.13999972	2.25086117	0.00000000
-8.13599972	2.25086117	0.00000000
-8.13199972	2.25086117	0.00000000
-8.12799972	2.25086117	0.00000000
-8.12399972	2.25086117	0.00000000
-8.11999972	2.25086117	0.00000000
-8.11599972	2.25086117	0.00000000
-8.11199972	2.25086117	0.00000000
-8.10799972	2.25086117	0.00000000
-8.10399972	2.25086117	0.00000000
-8.09999972	2.25086117	0.00000000
-8.09599972	2.25086117	0.00000000
-8.09199972	2.25086117	0.00000000
-8.08799972	2.25086117	0.00000000
-8.08399972	2.25086117	0.00000000
-8.07999972	2.25086117	0.00000000
-8.07599972	2.25086117	0.00000000
-8.07199972	2.25086117	0.00000000
-8.06799972	2.25086117	0.00000000
-8.06399972	2.25086117	0.00000000
-8.05999972	2.25086117	0.00000000
-8.05599972	2.25086117	0.00000000
-8.05199972	2.25086117	0.00000000
-8.04799972	2.25086117	0.00000000
-8.04399972	2.25086117	0.00000000
-8.03999972	2.25086117	0.00000000
-8.03599972	2.25086117	0.00000000
-8.03199972	2.25086117	0.00000000
-8.02799972	2.25086117	0.00000000
-8.02399972	2.25086117	0.00000000
-8.01999972	2.25086117	0.00000000
-8.01599972	2.25086117	0.00000000
-8.01199972	2.25086117	0.00000000
-8.00799972	2.25086117	0.00000000
-8.00399972	2.25086117	0.00000000
-7.99999972	2.25086117	0.00000000
-7.99599972	2.25086117	0.00000000
-7.99199972	2.25086117	0.00000000
-7.98799972	2.25086117	0.00000000
-7.98399972	2.25086117	0.00000000
-7.97999972	2.25086117	0.00000000
-7.97599972	2.25086117	0.00000000
-7.97199972	2.25086117	0.00000000
-7.96799972	2.25086117	0.00000000
-7.96399972	2.25086117	0.00000000
-7.95999972	2.25086117	0.00000000
-7.95599972	2.25086117	0.00000000
-7.95199972	2.25086117	0.00000000
-7.94799972	2.25086117	0.00000000
-7.94399972	2.25086117	0.00000000
-7.93999972	2.25086117	0.00000000
-7.93599972	2.25086117	0.00000000
-7.93199972	2.25086117	0.00000000
-7.92799972	2.25086117	0.00000000
-7.92399972	2.25086117	0.00000000
-7.91999972	2.25086117	0.00000000
-7.91599972	2.25086117	0.00000000
-7.91199972	2.25086117	0.00000000
-7.90799972	2.25086117	0.00000000
-7.90399972	2.25086117	0.00000000
-7.89999972	2.25086117	0.00000000
-7.89599972	2.25086117	0.00000000
-7.89199972	2.25086117	0.00000000
-7.88799972	2.25086117	0.00000000
-7.88399972	2.25086117	0.00000000
-7.87999972	2.25086117	0.00000000
-7.87599972	2.25086117	0.00000000
-7.87199972	2.25086117	0.00000000
-7.86799972	2.25086117	0.00000000
-7.86399972	2.25086117	0.00000000
-7.85999972	2.25086117	0.00000000
-7.85599972	2.25086117	0.00000000
-7.85199972	2.25086117	0.00000000
-7.84799972	2.25086117	0.00000000
-7.84399972	2.25086117	0.00000000
-7.83999972	2.25086117	0.00000000
-7.83599972	2.25086117	0.00000000
-7.83199972	2.25086117	0.00000000
-7.82799972	2.25086117	0.00000000
-7.82399972	2.25086117	0.00000000
-7.81999972	2.25086117	0.00000000
-7.81599972	2.25086117	0.00000000
-7.81199972	2.25086117	0.00000000
-7.80799972	2.25086117	0.00000000
-7.80399973	2.25086117	0.00000000
-7.79999973	2.25086117	0.00000000
-7.79599973	2.25086117	0.00000000
-7.79199973	2.25086117	0.00000000
-7.78799973	2.25086117	0.00000000
-7.78399973	2.25086117	0.00000000
-7.77999973	2.25086117	0.00000000
-7.77599973	2.25086117	0.00000000
-7.77199973	2.25086117	0.00000000
-7.76799973	2.25086117	0.00000000
-7.76399973	2.25086117	0.00000000
-7.75999973	2.25086117	0.00000000
-7.75599973	2.25086117	0.00000000
-7.75199973	2.25086117	0.00000000
-7.74799973	2.25086117	0.00000000
-7.74399973	2.25086117	0.00000000
-7.73999973	2.25086117	0.00000000
-7.73599973	2.25086117	0.00000000
-7.73199973	2.25086117	0.00000000
-7.72799973	2.25086117	0.00000000
-7.72399973	2.25086117	0.00000000
-7.71999973	2.25086117	0.00000000
-7.71599973	2.25086117	0.00000000
-7.71199973	2.25086117	0.00000000
-7.70799973	2.25086117	0.00000000
-7.70399973	2.25086117	0.00000000
-7.69999973	2.25086117	0.00000000
-7.69599973	2.25086117	0.00000000
-7.69199973	2.25086117	0.00000000
-7.68799973	2.25086117	0.00000000
-7.68399973	2.25086117	0.00000000
-7.67999973	2.25086117	0.00000000
-7.67599973	2.25086117	0.00000000
-7.67199973	2.25086117	0.00000000
-7.66799973	2.25086117	0.00000000
-7.66399973	2.25086117	0.00000000
-7.65999973	2.25086117	0.00000000
-7.65599973	2.25086117	0.00000000
-7.65199973	2.25086117	0.00000000
-7.64799973	2.25086117	0.00000000
-7.64399973	2.25086117	0.00000000
-7.63999973	2.25086117	0.00000000
-7.63599973	2.25086117	0.00000000
-7.63199973	2.25086117	0.00000000
-7.62799973	2.25086117	0.00000000
-7.62399973	2.25086117	0.00000000
-7.61999973	2.25086117	0.00000000
-7.61599973	2.25086117	0.00000000
-7.61199973	2.25086117	0.00000000
-7.60799973	2.25086117	0.00000000
-7.60399973	2.25086117	0.00000000
-7.59999973	2.25086117	0.00000000
-7.59599973	2.25086117	0.00000000
-7.59199973	2.25086117	0.00000000
-7.58799973	2.25086117	0.00000000
-7.58399973	2.25086117	0.00000000
-7.57999973	2.25086117	0.00000000
-7.57599973	2.25086117	0.00000000
-7.57199973	2.25086117	0.00000000
-7.56799973	2.25086117	0.00000000
-7.56399973	2.25086117	0.00000000
-7.55999973	2.25086117	0.00000000
-7.55599973	2.25086117	0.00000000
-7.55199973	2.25086117	0.00000000
-7.54799973	2.25086117	0.00000000
-7.54399973	2.25086117	0.00000000
-7.53999973	2.25086117	0.00000000
-7.53599973	2.25086117	0.00000000
-7.53199973	2.25086117	0.00000000
-7.52799973	2.25086117	0.00000000
-7.52399973	2.25086117	0.00000000
-7.51999973	2.25086117	0.00000000
-7.51599973	2.25086117	0.00000000
-7.51199973	2.25086117	0.00000000
-7.50799973	2.25086117	0.00000000
-7.50399973	2.25086117	0.00000000
-7.49999973	2.25086117	0.00000000
-7.49599973	2.25086117	0.00000000
-7.49199973	2.25086117	0.00000000
-7.48799973	2.25086117	0.00000000
-7.48399973	2.25086117	0.00000000
-7.47999973	2.25086117	0.00000000
-7.47599973	2.25086117	0.00000000
-7.47199973	2.25086117	0.00000000
-7.46799973	2.25086117	0.00000000
-7.46399973	2.25086117	0.00000000
-7.45999973	2.25086117	0.00000000
-7.45599973	2.25086117	0.00000000
-7.45199974	2.25086117	0.00000000
-7.44799974	2.25086117	0.00000000
-7.44399974	2.25086117	0.00000000
-7.43999974	2.25086117	0.00000000
-7.43599974	2.25086117	0.00000000
-7.43199974	2.25086117	0.00000000
-7.42799974	2.25086117	0.00000000
-7.42399974	2.25086117	0.00000000
-7.41999974	2.25086117	0.00000000
-7.41599974	2.25086117	0.00000000
-7.41199974	2.25086117	0.00000000
-7.40799974	2.25086117	0.00000000
-7.40399974	2.25086117	0.00000000
-7.39999974	2.25086117	0.00000000
-7.39599974	2.25086117	0.00000000
-7.39199974	2.25086117	0.00000000
-7.38799974	2.25086117	0.00000000
-7.38399974	2.25086117	0.00000000
-7.37999974	2.25086117	0.00000000
-7.37599974	2.25086117	0.00000000
-7.37199974	2.25086117	0.00000000
-7.36799974	2.25086117	0.00000000
-7.36399974	2.25086117	0.00000000
-7.35999974	2.25086117	0.00000000
-7.35599974	2.25086117	0.00000000
-7.35199974	2.25086117	0.00000000
-7.34799974	2.25086117	0.00000000
-7.34399974	2.25086117	0.00000000
-7.33999974	2.25086117	0.00000000
-7.33599974	2.25086117	0.00000000
-7.33199974	2.25086117	0.00000000
-7.32799974	2.25086117	0.00000000
-7.32399974	2.25086117	0.00000000
-7.31999974	2.25086117	0.00000000
-7.31599974	2.25086117	0.00000000
-7.31199974	2.25086117	0.00000000
-7.30799974	2.25086117	0.00000000
-7.30399974	2.25086117	0.00000000
-7.29999974	2.25086117	0.00000000
-7.29599974	2.25086117	0.00000000
-7.29199974	2.25086117	0.00000000
-7.28799974	2.25086117	0.00000000
-7.28399974	2.25086117	0.00000000
-7.27999974	2.25086117	0.00000000
-7.27599974	2.25086117	0.00000000
-7.27199974	2.25086117	0.00000000
-7.26799974	2.25086117	0.00000000
-7.26399974	2.25086117	0.00000000
-7.25999974	2.25086117	0.00000000
-7.25599974	2.25086117	0.00000000
-7.25199974	2.25086117	0.00000000
-7.24799974	2.25086117	0.00000000
-7.24399974	2.25086117	0.00000000
-7.23999974	2.25086117	0.00000000
-7.23599974	2.25086117	0.00000000
-7.23199974	2.25086117	0.00000000
-7.22799974	2.25086117	0.00000000
-7.22399974	2.25086117	0.00000000
-7.21999974	2.25086117	0.00000000
-7.21599974	2.25086117	0.00000000
-7.21199974	2.25086117	0.00000000
-7.20799974	2.25086117	0.00000000
-7.20399974	2.25086117	0.00000000
-7.19999974	2.25086117	0.00000000
-7.19599974	2.25086117	0.00000000
-7.19199974	2.25086117	0.00000000
-7.18799974	2.25086117	0.00000000
-7.18399974	2.25086117	0.00000000
-7.17999974	2.25086117	0.00000000
-7.17599974	2.25086117	0.00000000
-7.17199974	2.25086117	0.00000000
-7.16799974	2.25086117	0.00000000
-7.16399974	2.25086117	0.00000000
-7.15999974	2.25086117	0.00000000
-7.15599974	2.25086117	0.00000000
-7.15199974	2.25086117	0.00000000
-7.14799974	2.25086117	0.00000000
-7.14399974	2.25086117	0.00000000
-7.13999974	2.25086117	0.00000000
-7.13599974	2.25086117	0.00000000
-7.13199974	2.25086117	0.00000000
-7.12799974	2.25086117	0.00000000
-7.12399974	2.25086117	0.00000000
-7.11999974	2.25086117	0.00000000
-7.11599974	2.25086117	0.00000000
-7.11199974	2.25086117	0.00000000
-7.10799974	2.25086117	0.00000000
-7.10399974	2.25086117	0.00000000
-7.09999975	2.25086117	0.00000000
-7.09599975	2.25086117	0.00000000
-7.09199975	2.25086117	0.00000000
-7.08799975	2.25086117	0.00000000
-7.08399975	2.25086117	0.00000000
-7.07999975	2.25086117	0.00000000
-7.07599975	2.25086117	0.00000000
-7.07199975	2.25086117	0.00000000
-7.06799975	2.25086117	0.00000000
-7.06399975	2.25086117	0.00000000
-7.05999975	2.25086117	0.00000000
-7.05599975	2.25086117	0.00000000
-7.05199975	2.25086117	0.00000000
-7.04799975	2.25086117	0.00000000
-7.04399975	2.25086117	0.00000000
-7.03999975	2.25086117	0.00000000
-7.03599975	2.25086117	0.00000000
-7.03199975	2.25086117	0.00000000
-7.02799975	2.25086117	0.00000000
-7.02399975	2.25086117	0.00000000
-7.01999975	2.25086117	0.00000000
-7.01599975	2.25086117	0.00000000
-7.01199975	2.25086117	0.00000000
-7.00799975	2.25086117	0.00000000
-7.00399975	2.25086117	0.00000000
-6.99999975	2.25086117	0.00000000
-6.99599975	2.25086117	0.00000000
-6.99199975	2.25086117	0.00000000
-6.98799975	2.25086117	0.00000000
-6.98399975	2.25086117	0.00000000
-6.97999975	2.25086117	0.00000000
-6.97599975	2.25086117	0.00000000
-6.97199975	2.25086117	0.00000000
-6.96799975	2.25086117	0.00000000
-6.96399975	2.25086117	0.00000000
-6.95999975	2.25086117	0.00000000
-6.95599975	2.25086117	0.00000000
-6.95199975	2.25086117	0.00000000
-6.94799975	2.25086117	0.00000000
-6.94399975	2.25086117	0.00000000
-6.93999975	2.25086117	0.00000000
-6.93599975	2.25086117	0.00000000
-6.93199975	2.25086117	0.00000000
-6.92799975	2.25086117	0.00000000
-6.92399975	2.25086117	0.00000000
-6.91999975	2.25086117	0.00000000
-6.91599975	2.25086117	0.00000000
-6.91199975	2.25086117	0.00000000
-6.90799975	2.25086117	0.00000000
-6.90399975	2.25086117	0.00000000
-6.89999975	2.25086117	0.00000000
-6.89599975	2.25086117	0.00000000
-6.89199975	2.25086117	0.00000000
-6.88799975	2.25086117	0.00000000
-6.88399975	2.25086117	0.00000000
-6.87999975	2.25086117	0.00000000
-6.87599975	2.25086117	0.00000000
-6.87199975	2.25086117	0.00000000
-6.86799975	2.25086117	0.00000000
-6.86399975	2.25086117	0.00000000
-6.85999975	2.25086117	0.00000000
-6.85599975	2.25086117	0.00000000
-6.85199975	2.25086117	0.00000000
-6.84799975	2.25086117	0.00000000
-6.84399975	2.25086117	0.00000000
-6.83999975	2.25086117	0.00000000
-6.83599975	2.25086117	0.00000000
-6.83199975	2.25086117	0.00000000
-6.82799975	2.25086117	0.00000000
-6.82399975	2.25086117	0.00000000
-6.81999975	2.25086117	0.00000000
-6.81599975	2.25086117	0.00000000
-6.81199975	2.25086117	0.00000000
-6.80799975	2.25086117	0.00000000
-6.80399975	2.25086117	0.00000000
-6.79999975	2.25086117	0.00000000
-6.79599975	2.25086117	0.00000000
-6.79199975	2.25086117	0.00000000
-6.78799975	2.25086117	0.00000000
-6.78399975	2.25086117	0.00000000
-6.77999975	2.25086117	0.00000000
-6.77599975	2.25086117	0.00000000
-6.77199975	2.25086117	0.00000000
-6.76799975	2.25086117	0.00000000
-6.76399975	2.25086117	0.00000000
-6.75999975	2.25086117	0.00000000
-6.75599975	2.25086117	0.00000000
-6.75199975	2.25086117	0.00000000
-6.74799975	2.25086117	0.00000000
-6.74399976	2.25086117	0.00000000
-6.73999976	2.25086117	0.00000000
-6.73599976	2.25086117	0.00000000
-6.73199976	2.25086117	0.00000000
-6.72799976	2.25086117	0.00000000
-6.72399976	2.25086117	0.00000000
-6.71999976	2.25086117	0.00000000
-6.71599976	2.25086117	0.00000000
-6.71199976	2.25086117	0.00000000
-6.70799976	2.25086117	0.00000000
-6.70399976	2.25086117	0.00000000
-6.69999976	2.25086117	0.00000000
-6.69599976	2.25086117	0.00000000
-6.69199976	2.25086117	0.00000000
-6.68799976	2.25086117	0.00000000
-6.68399976	2.25086117	0.00000000
-6.67999976	2.25086117	0.00000000
-6.67599976	2.25086117	0.00000000
-6.67199976	2.25086117	0.00000000
-6.66799976	2.25086117	0.00000000
-6.66399976	2.25086117	0.00000000
-6.65999976	2.25086117	0.00000000
-6.65599976	2.25086117	0.00000000
-6.65199976	2.25086117	0.00000000
-6.64799976	2.25086117	0.00000000
-6.64399976	2.25086117	0.00000000
-6.63999976	2.25086117	0.00000000
-6.63599976	2.25086117	0.00000000
-6.63199976	2.25086117	0.00000000
-6.62799976	2.25086117	0.00000000
-6.62399976	2.25086117	0.00000000
-6.61999976	2.25086117	0.00000000
-6.61599976	2.25086117	0.00000000
-6.61199976	2.25086117	0.00000000
-6.60799976	2.25086117	0.00000000
-6.60399976	2.25086117	0.00000000
-6.59999976	2.25086117	0.00000000
-6.59599976	2.25086117	0.00000000
-6.59199976	2.25086117	0.00000000
-6.58799976	2.25086117	0.00000000
-6.58399976	2.25086117	0.00000000
-6.57999976	2.25086117	0.00000000
-6.57599976	2.25086117	0.00000000
-6.57199976	2.25086117	0.00000000
-6.56799976	2.25086117	0.00000000
-6.56399976	2.25086117	0.00000000
-6.55999976	2.25086117	0.00000000
-6.55599976	2.25086117	0.00000000
-6.55199976	2.25086117	0.00000000
-6.54799976	2.25086117	0.00000000
-6.54399976	2.25086117	0.00000000
-6.53999976	2.25086117	0.00000000
-6.53599976	2.25086117	0.00000000
-6.53199976	2.25086117	0.00000000
-6.52799976	2.25086117	0.00000000
-6.52399976	2.25086117	0.00000000
-6.51999976	2.25086117	0.00000000
-6.51599976	2.25086117	0.00000000
-6.51199976	2.25086117	0.00000000
-6.50799976	2.25086117	0.00000000
-6.50399976	2.25086117	0.00000000
-6.49999976	2.25086117	0.00000000
-6.49599976	2.25086117	0.00000000
-6.49199976	2.25086117	0.00000000
-6.48799976	2.25086117	0.00000000
-6.48399976	2.25086117	0.00000000
-6.47999976	2.25086117	0.00000000
-6.47599976	2.25086117	0.00000000
-6.47199976	2.25086117	0.00000000
-6.46799976	2.25086117	0.00000000
-6.46399976	2.25086117	0.00000000
-6.45999976	2.25086117	0.00000000
-6.45599976	2.25086117	0.00000000
-6.45199976	2.25086117	0.00000000
-6.44799976	2.25086117	0.00000000
-6.44399976	2.25086117	0.00000000
-6.43999976	2.25086117	0.00000000
-6.43599976	2.25086117	0.00000000
-6.43199976	2.25086117	0.00000000
-6.42799976	2.25086117	0.00000000
-6.42399976	2.25086117	0.00000000
-6.41999976	2.25086117	0.00000000
-6.41599976	2.25086117	0.00000000
-6.41199976	2.25086117	0.00000000
-6.40799976	2.25086117	0.00000000
-6.40399976	2.25086117	0.00000000
-6.39999976	2.25086117	0.00000000
-6.39599976	2.25086117	0.00000000
-6.39199977	2.25086117	0.00000000
-6.38799977	2.25086117	0.00000000
-6.38399977	2.25086117	0.00000000
-6.37999977	2.25086117	0.00000000
-6.37599977	2.25086117	0.00000000
-6.37199977	2.25086117	0.00000000
-6.36799977	2.25086117	0.00000000
-6.36399977	2.25086117	0.00000000
-6.35999977	2.25086117	0.00000000
-6.35599977	2.25086117	0.00000000
-6.35199977	2.25086117	0.00000000
-6.34799977	2.25086117	0.00000000
-6.34399977	2.25086117	0.00000000
-6.33999977	2.25086117	0.00000000
-6.33599977	2.25086117	0.00000000
-6.33199977	2.25086117	0.00000000
-6.32799977	2.25086117	0.00000000
-6.32399977	2.25086117	0.00000000
-6.31999977	2.25086117	0.00000000
-6.31599977	2.25086117	0.00000000
-6.31199977	2.25086117	0.00000000
-6.30799977	2.25086117	0.00000000
-6.30399977	2.25086117	0.00000000
-6.29999977	2.25086117	0.00000000
-6.29599977	2.25086117	0.00000000
-6.29199977	2.25086117	0.00000000
-6.28799977	2.25086117	0.00000000
-6.28399977	2.25086117	0.00000000
-6.27999977	2.25086117	0.00000000
-6.27599977	2.25086117	0.00000000
-6.27199977	2.25086117	0.00000000
-6.26799977	2.25086117	0.00000000
-6.26399977	2.25086117	0.00000000
-6.25999977	2.25086117	0.00000000
-6.25599977	2.25086117	0.00000000
-6.25199977	2.25086117	0.00000000
-6.24799977	2.25086117	0.00000000
-6.24399977	2.25086117	0.00000000
-6.23999977	2.25086117	0.00000000
-6.23599977	2.25086117	0.00000000
-6.23199977	2.25086117	0.00000000
-6.22799977	2.25086117	0.00000000
-6.22399977	2.25086117	0.00000000
-6.21999977	2.25086117	0.00000000
-6.21599977	2.25086117	0.00000000
-6.21199977	2.25086117	0.00000000
-6.20799977	2.25086117	0.00000000
-6.20399977	2.25086117	0.00000000
-6.19999977	2.25086117	0.00000000
-6.19599977	2.25086117	0.00000000
-6.19199977	2.25086117	0.00000000
-6.18799977	2.25086117	0.00000000
-6.18399977	2.25086117	0.00000000
-6.17999977	2.25086117	0.00000000
-6.17599977	2.25086117	0.00000000
-6.17199977	2.25086117	0.00000000
-6.16799977	2.25086117	0.00000000
-6.16399977	2.25086117	0.00000000
-6.15999977	2.25086117	0.00000000
-6.15599977	2.25086117	0.00000000
-6.15199977	2.25086117	0.00000000
-6.14799977	2.25086117	0.00000000
-6.14399977	2.25086117	0.00000000
-6.13999977	2.25086117	0.00000000
-6.13599977	2.25086117	0.00000000
-6.13199977	2.25086117	0.00000000
-6.12799977	2.25086117	0.00000000
-6.12399977	2.25086117	0.00000000
-6.11999977	2.25086117	0.00000000
-6.11599977	2.25086117	0.00000000
-6.11199977	2.25086117	0.00000000
-6.10799977	2.25086117	0.00000000
-6.10399977	2.25086117	0.00000000
-6.09999977	2.25086117	0.00000000
-6.09599977	2.25086117	0.00000000
-6.09199977	2.25086117	0.00000000
-6.08799977	2.25086117	0.00000000
-6.08399977	2.25086117	0.00000000
-6.07999977	2.25086117	0.00000000
-6.07599977	2.25086117	0.00000000
-6.07199977	2.25086117	0.00000000
-6.06799977	2.25086117	0.00000000
-6.06399977	2.25086117	0.00000000
-6.05999977	2.25086117	0.00000000
-6.05599977	2.25086117	0.00000000
-6.05199977	2.25086117	0.00000000
-6.04799977	2.25086117	0.00000000
-6.04399977	2.25086117	0.00000000
-6.03999977	2.25086117	0.00000000
-6.03599978	2.25086117	0.00000000
-6.03199978	2.25086117	0.00000000
-6.02799978	2.25086117	0.00000000
-6.02399978	2.25086117	0.00000000
-6.01999978	2.25086117	0.00000000
-6.01599978	2.25086117	0.00000000
-6.01199978	2.25086117	0.00000000
-6.00799978	2.25086117	0.00000000
-6.00399978	2.25086117	0.00000000
-5.99999978	2.25086117	0.00000000
-5.99599978	2.25086117	0.00000000
-5.99199978	2.25086117	0.00000000
-5.98799978	2.25086117	0.00000000
-5.98399978	2.25086117	0.00000000
-5.97999978	2.25086117	0.00000000
-5.97599978	2.25086117	0.00000000
-5.97199978	2.25086117	0.00000000
-5.96799978	2.25086117	0.00000000
-5.96399978	2.25086117	0.00000000
-5.95999978	2.25086117	0.00000000
-5.95599978	2.25086117	0.00000000
-5.95199978	2.25086117	0.00000000
-5.94799978	2.25086117	0.00000000
-5.94399978	2.25086117	0.00000000
-5.93999978	2.25086117	0.00000000
-5.93599978	2.25086117	0.00000000
-5.93199978	2.25086117	0.00000000
-5.92799978	2.25086117	0.00000000
-5.92399978	2.25086117	0.00000000
-5.91999978	2.25086117	0.00000000
-5.91599978	2.25086117	0.00000000
-5.91199978	2.25086117	0.00000000
-5.90799978	2.25086117	0.00000000
-5.90399978	2.25086117	0.00000000
-5.89999978	2.25086117	0.00000000
-5.89599978	2.25086117	0.00000000
-5.89199978	2.25086117	0.00000000
-5.88799978	2.25086117	0.00000000
-5.88399978	2.25086117	0.00000000
-5.87999978	2.25086117	0.00000000
-5.87599978	2.25086117	0.00000000
-5.87199978	2.25086117	0.00000000
-5.86799978	2.25086117	0.00000000
-5.86399978	2.25086117	0.00000000
-5.85999978	2.25086117	0.00000000
-5.85599978	2.25086117	0.00000000
-5.85199978	2.25086117	0.00000000
-5.84799978	2.25086117	0.00000000
-5.84399978	2.25086117	0.00000000
-5.83999978	2.25086117	0.00000000
-5.83599978	2.25086117	0.00000000
-5.83199978	2.25086117	0.00000000
-5.82799978	2.25086117	0.00000000
-5.82399978	2.25086117	0.00000000
-5.81999978	2.25086117	0.00000000
-5.81599978	2.25086117	0.00000000
-5.81199978	2.25086117	0.00000000
-5.80799978	2.25086117	0.00000000
-5.80399978	2.25086117	0.00000000
-5.79999978	2.25086117	0.00000000
-5.79599978	2.25086117	0.00000000
-5.79199978	2.25086117	0.00000000
-5.78799978	2.25086117	0.00000000
-5.78399978	2.25086117	0.00000000
-5.77999978	2.25086117	0.00000000
-5.77599978	2.25086117	0.00000000
-5.77199978	2.25086117	0.00000000
-5.76799978	2.25086117	0.00000000
-5.76399978	2.25086117	0.00000000
-5.75999978	2.25086117	0.00000000
-5.75599978	2.25086117	0.00000000
-5.75199978	2.25086117	0.00000000
-5.74799978	2.25086117	0.00000000
-5.74399978	2.25086117	0.00000000
-5.73999978	2.25086117	0.00000000
-5.73599978	2.25086117	0.00000000
-5.73199978	2.25086117	0.00000000
-5.72799978	2.25086117	0.00000000
-5.72399978	2.25086117	0.00000000
-5.71999978	2.25086117	0.00000000
-5.71599978	2.25086117	0.00000000
-5.71199978	2.25086117	0.00000000
-5.70799978	2.25086117	0.00000000
-5.70399978	2.25086117	0.00000000
-5.69999978	2.25086117	0.00000000
-5.69599978	2.25086117	0.00000000
-5.69199978	2.25086117	0.00000000
-5.68799978	2.25086117	0.00000000
-5.68399979	2.25086117	0.00000000
-5.67999979	2.25086117	0.00000000
-5.67599979	2.25086117	0.00000000
-5.67199979	2.25086117	0.00000000
-5.66799979	2.25086117	0.00000000
-5.66399979	2.25086117	0.00000000
-5.65999979	2.25086117	0.00000000
-5.65599979	2.25086117	0.00000000
-5.65199979	2.25086117	0.00000000
-5.64799979	2.25086117	0.00000000
-5.64399979	2.25086117	0.00000000
-5.63999979	2.25086117	0.00000000
-5.63599979	2.25086117	0.00000000
-5.63199979	2.25086117	0.00000000
-5.62799979	2.25086117	0.00000000
-5.62399979	2.25086117	0.00000000
-5.61999979	2.25086117	0.00000000
-5.61599979	2.25086117	0.00000000
-5.61199979	2.25086117	0.00000000
-5.60799979	2.25086117	0.00000000
-5.60399979	2.25086117	0.00000000
-5.59999979	2.25086117	0.00000000
-5.59599979	2.25086117	0.00000000
-5.59199979	2.25086117	0.00000000
-5.58799979	2.25086117	0.00000000
-5.58399979	2.25086117	0.00000000
-5.57999979	2.25086117	0.00000000
-5.57599979	2.25086117	0.00000000
-5.57199979	2.25086117	0.00000000
-5.56799979	2.25086117	0.00000000
-5.56399979	2.25086117	0.00000000
-5.55999979	2.25086117	0.00000000
-5.55599979	2.25086117	0.00000000
-5.55199979	2.25086117	0.00000000
-5.54799979	2.25086117	0.00000000
-5.54399979	2.25086117	0.00000000
-5.53999979	2.25086117	0.00000000
-5.53599979	2.25086117	0.00000000
-5.53199979	2.25086117	0.00000000
-5.52799979	2.25086117	0.00000000
-5.52399979	2.25086117	0.00000000
-5.51999979	2.25086117	0.00000000
-5.51599979	2.25086117	0.00000000
-5.51199979	2.25086117	0.00000000
-5.50799979	2.25086117	0.00000000
-5.50399979	2.25086117	0.00000000
-5.49999979	2.25086117	0.00000000
-5.49599979	2.25086117	0.00000000
-5.49199979	2.25086117	0.00000000
-5.48799979	2.25086117	0.00000000
-5.48399979	2.25086117	0.00000000
-5.47999979	2.25086117	0.00000000
-5.47599979	2.25086117	0.00000000
-5.47199979	2.25086117	0.00000000
-5.46799979	2.25086117	0.00000000
-5.46399979	2.25086117	0.00000000
-5.45999979	2.25086117	0.00000000
-5.45599979	2.25086117	0.00000000
-5.45199979	2.25086117	0.00000000
-5.44799979	2.25086117	0.00000000
-5.44399979	2.25086117	0.00000000
-5.43999979	2.25086117	0.00000000
-5.43599979	2.25086117	0.00000000
-5.43199979	2.25086117	0.00000000
-5.42799979	2.25086117	0.00000000
-5.42399979	2.25086117	0.00000000
-5.41999979	2.25086117	0.00000000
-5.41599979	2.25086117	0.00000000
-5.41199979	2.25086117	0.00000000
-5.40799979	2.25086117	0.00000000
-5.40399979	2.25086117	0.00000000
-5.39999979	2.25086117	0.00000000
-5.39599979	2.25086117	0.00000000
-5.39199979	2.25086117	0.00000000
-5.38799979	2.25086117	0.00000000
-5.38399979	2.25086117	0.00000000
-5.37999979	2.25086117	0.00000000
-5.37599979	2.25086117	0.00000000
-5.37199979	2.25086117	0.00000000
-5.36799979	2.25086117	0.00000000
-5.36399979	2.25086117	0.00000000
-5.35999979	2.25086117	0.00000000
-5.35599979	2.25086117	0.00000000
-5.35199979	2.25086117	0.00000000
-5.34799979	2.25086117	0.00000000
-5.34399979	2.25086117	0.00000000
-5.33999979	2.25086117	0.00000000
-5.33599979	2.25086117	0.00000000
-5.33199980	2.25086117	0.00000000
-5.32799980	2.25086117	0.00000000
-5.32399980	2.25086117	0.00000000
-5.31999980	2.25086117	0.00000000
-5.31599980	2.25086117	0.00000000
-5.31199980	2.25086117	0.00000000
-5.30799980	2.25086117	0.00000000
-5.30399980	2.25086117	0.00000000
-5.29999980	2.25086117	0.00000000
-5.29599980	2.25086117	0.00000000
-5.29199980	2.25086117	0.00000000
-5.28799980	2.25086117	0.00000000
-5.28399980	2.25086117	0.00000000
-5.27999980	2.25086117	0.00000000
-5.27599980	2.25086117	0.00000000
-5.27199980	2.25086117	0.00000000
-5.26799980	2.25086117	0.00000000
-5.26399980	2.25086117	0.00000000
-5.25999980	2.25086117	0.00000000
-5.25599980	2.25086117	0.00000000
-5.25199980	2.25086117	0.00000000
-5.24799980	2.25086117	0.00000000
-5.24399980	2.25086117	0.00000000
-5.23999980	2.25086117	0.00000000
-5.23599980	2.25086117	0.00000000
-5.23199980	2.25086117	0.00000000
-5.22799980	2.25086117	0.00000000
-5.22399980	2.25086117	0.00000000
-5.21999980	2.25086117	0.00000000
-5.21599980	2.25086117	0.00000000
-5.21199980	2.25086117	0.00000000
-5.20799980	2.25086117	0.00000000
-5.20399980	2.25086117	0.00000000
-5.19999980	2.25086117	0.00000000
-5.19599980	2.25086117	0.00000000
-5.19199980	2.25086117	0.00000000
-5.18799980	2.25086117	0.00000000
-5.18399980	2.25086117	0.00000000
-5.17999980	2.25086117	0.00000000
-5.17599980	2.25086117	0.00000000
-5.17199980	2.25086117	0.00000000
-5.16799980	2.25086117	0.00000000
-5.16399980	2.25086117	0.00000000
-5.15999980	2.25086117	0.00000000
-5.15599980	2.25086117	0.00000000
-5.15199980	2.25086117	0.00000000
-5.14799980	2.25086117	0.00000000
-5.14399980	2.25086117	0.00000000
-5.13999980	2.25086117	0.00000000
-5.13599980	2.25086117	0.00000000
-5.13199980	2.25086117	0.00000000
-5.12799980	2.25086117	0.00000000
-5.12399980	2.25086117	0.00000000
-5.11999980	2.25086117	0.00000000
-5.11599980	2.25086117	0.00000000
-5.11199980	2.25086117	0.00000000
-5.10799980	2.25086117	0.00000000
-5.10399980	2.25086117	0.00000000
-5.09999980	2.25086117	0.00000000
-5.09599980	2.25086117	0.00000000
-5.09199980	2.25086117	0.00000000
-5.08799980	2.25086117	0.00000000
-5.08399980	2.25086117	0.00000000
-5.07999980	2.25086117	0.00000000
-5.07599980	2.25086117	0.00000000
-5.07199980	2.25086117	0.00000000
-5.06799980	2.25086117	0.00000000
-5.06399980	2.25086117	0.00000000
-5.05999980	2.25086117	0.00000000
-5.05599980	2.25086117	0.00000000
-5.05199980	2.25086117	0.00000000
-5.04799980	2.25086117	0.00000000
-5.04399980	2.25086117	0.00000000
-5.03999980	2.25086117	0.00000000
-5.03599980	2.25086117	0.00000000
-5.03199980	2.25086117	0.00000000
-5.02799980	2.25086117	0.00000000
-5.02399980	2.25086117	0.00000000
-5.01999980	2.25086117	0.00000000
-5.01599980	2.25086117	0.00000000
-5.01199980	2.25086117	0.00000000
-5.00799980	2.25086117	0.00000000
-5.00399980	2.25086117	0.00000000
-4.99999980	2.25086117	0.00000000
-4.99599980	2.25086117	0.00000000
-4.99199980	2.25086117	0.00000000
-4.98799980	2.25086117	0.00000000
-4.98399980	2.25086117	0.00000000
-4.97999980	2.25086117	0.00000000
-4.97599981	2.25086117	0.00000000
-4.97199981	2.25086117	0.00000000
-4.96799981	2.25086117	0.00000000
-4.96399981	2.25086117	0.00000000
-4.95999981	2.25086117	0.00000000
-4.95599981	2.25086117	0.00000000
-4.95199981	2.25086117	0.00000000
-4.94799981	2.25086117	0.00000000
-4.94399981	2.25086117	0.00000000
-4.93999981	2.25086117	0.00000000
-4.93599981	2.25086117	0.00000000
-4.93199981	2.25086117	0.00000000
-4.92799981	2.25086117	0.00000000
-4.92399981	2.25086117	0.00000000
-4.91999981	2.25086117	0.00000000
-4.91599981	2.25086117	0.00000000
-4.91199981	2.25086117	0.00000000
-4.90799981	2.25086117	0.00000000
-4.90399981	2.25086117	0.00000000
-4.89999981	2.25086117	0.00000000
-4.89599981	2.25086117	0.00000000
-4.89199981	2.25086117	0.00000000
-4.88799981	2.25086117	0.00000000
-4.88399981	2.25086117	0.00000000
-4.87999981	2.25086117	0.00000000
-4.87599981	2.25086117	0.00000000
-4.87199981	2.25086117	0.00000000
-4.86799981	2.25086117	0.00000000
-4.86399981	2.25086117	0.00000000
-4.85999981	2.25086117	0.00000000
-4.85599981	2.25086117	0.00000000
-4.85199981	2.25086117	0.00000000
-4.84799981	2.25086117	0.00000000
-4.84399981	2.25086117	0.00000000
-4.83999981	2.25086117	0.00000000
-4.83599981	2.25086117	0.00000000
-4.83199981	2.25086117	0.00000000
-4.82799981	2.25086117	0.00000000
-4.82399981	2.25086117	0.00000000
-4.81999981	2.25086117	0.00000000
-4.81599981	2.25086117	0.00000000
-4.81199981	2.25086117	0.00000000
-4.80799981	2.25086117	0.00000000
-4.80399981	2.25086117	0.00000000
-4.79999981	2.25086117	0.00000000
-4.79599981	2.25086117	0.00000000
-4.79199981	2.25086117	0.00000000
-4.78799981	2.25086117	0.00000000
-4.78399981	2.25086117	0.00000000
-4.77999981	2.25086117	0.00000000
-4.77599981	2.25086117	0.00000000
-4.77199981	2.25086117	0.00000000
-4.76799981	2.25086117	0.00000000
-4.76399981	2.25086117	0.00000000
-4.75999981	2.25086117	0.00000000
-4.75599981	2.25086117	0.00000000
-4.75199981	2.25086117	0.00000000
-4.74799981	2.25086117	0.00000000
-4.74399981	2.25086117	0.00000000
-4.73999981	2.25086117	0.00000000
-4.73599981	2.25086117	0.00000000
-4.73199981	2.25086117	0.00000000
-4.72799981	2.25086117	0.00000000
-4.72399981	2.25086117	0.00000000
-4.71999981	2.25086117	0.00000000
-4.71599981	2.25086117	0.00000000
-4.71199981	2.25086117	0.00000000
-4.70799981	2.25086117	0.00000000
-4.70399981	2.25086117	0.00000000
-4.69999981	2.25086117	0.00000000
-4.69599981	2.25086117	0.00000000
-4.69199981	2.25086117	0.00000000
-4.68799981	2.25086117	0.00000000
-4.68399981	2.25086117	0.00000000
-4.67999981	2.25086117	0.00000000
-4.67599981	2.25086117	0.00000000
-4.67199981	2.25086117	0.00000000
-4.66799981	2.25086117	0.00000000
-4.66399981	2.25086117	0.00000000
-4.65999981	2.25086117	0.00000000
-4.65599981	2.25086117	0.00000000
-4.65199981	2.25086117	0.00000000
-4.64799981	2.25086117	0.00000000
-4.64399981	2.25086117	0.00000000
-4.63999981	2.25086117	0.00000000
-4.63599981	2.25086117	0.00000000
-4.63199981	2.25086117	0.00000000
-4.62799981	2.25086117	0.00000000
-4.62399982	2.25086117	0.00000000
-4.61999982	2.25086117	0.00000000
-4.61599982	2.25086117	0.00000000
-4.61199982	2.25086117	0.00000000
-4.60799982	2.25086117	0.00000000
-4.60399982	2.25086117	0.00000000
-4.59999982	2.25086117	0.00000000
-4.59599982	2.25086117	0.00000000
-4.59199982	2.25086117	0.00000000
-4.58799982	2.25086117	0.00000000
-4.58399982	2.25086117	0.00000000
-4.57999982	2.25086117	0.00000000
-4.57599982	2.25086117	0.00000000
-4.57199982	2.25086117	0.00000000
-4.56799982	2.25086117	0.00000000
-4.56399982	2.25086117	0.00000000
-4.55999982	2.25086117	0.00000000
-4.55599982	2.25086117	0.00000000
-4.55199982	2.25086117	0.01574803
-4.54799982	2.25086117	-0.01574803
-4.54399982	2.25086117	0.00000000
-4.53999982	2.25086117	0.01574803
-4.53599982	2.25086117	0.00000000
-4.53199982	2.25086117	-0.01574803
-4.52799982	2.25086117	0.01574803
-4.52399982	2.25086117	0.00000000
-4.51999982	2.25086117	-0.01574803
-4.51599982	2.25086117	0.01574803
-4.51199982	2.25086117	0.01574803
-4.50799982	2.25086117	0.00000000
-4.50399982	2.25086117	0.00000000
-4.49999982	2.25086117	0.00000000
-4.49599982	2.25086117	0.00000000
-4.49199982	2.25086117	0.00000000
-4.48799982	2.25086117	0.00000000
-4.48399982	2.25086117	0.00000000
-4.47999982	2.25086117	0.00000000
-4.47599982	2.25086117	0.00000000
-4.47199982	2.25086117	0.00000000
-4.46799982	2.25086117	0.00000000
-4.46399982	2.25086117	0.00000000
-4.45999982	2.25086117	0.00000000
-4.45599982	2.25086117	0.00000000
-4.45199982	2.25086117	0.00000000
-4.44799982	2.25086117	0.01574803
-4.44399982	2.25086117	0.00000000
-4.43999982	2.25086117	0.00000000
-4.43599982	2.25086117	0.00000000
-4.43199982	2.25086117	0.00000000
-4.42799982	2.25086117	0.00000000
-4.42399982	2.25086117	0.00000000
-4.41999982	2.25086117	0.01574803
-4.41599982	2.25086117	0.01574803
-4.41199982	2.25086117	-0.01574803
-4.40799982	2.25086117	0.01574803
-4.40399982	2.25086117	0.03155758
-4.39999982	2.25086117	-0.03155758
-4.39599982	2.25086117	0.00000000
-4.39199982	2.25086117	0.03155758
-4.38799982	2.25086117	-0.03155758
-4.38399982	2.25086117	0.00000000
-4.37999982	2.25086117	0.03155758
-4.37599982	2.25086117	-0.01574803
-4.37199982	2.25086117	-0.01574803
-4.36799982	2.25086117	0.03155758
-4.36399982	2.25086117	0.00000000
-4.35999982	2.25086117	-0.01574803
-4.35599982	2.25086117	0.01574803
-4.35199982	2.25086117	0.00000000
-4.34799982	2.25086117	-0.01574803
-4.34399982	2.25086117	0.00000000
-4.33999982	2.25086117	0.01574803
-4.33599982	2.25086117	0.00000000
-4.33199982	2.25086117	0.00000000
-4.32799982	2.25086117	0.01574803
-4.32399982	2.25086117	0.00000000
-4.31999982	2.25086117	0.00000000
-4.31599982	2.25086117	0.00000000
-4.31199982	2.25086117	0.00000000
-4.30799982	2.25086117	0.00000000
-4.30399982	2.25086117	0.00000000
-4.29999982	2.25086117	0.00000000
-4.29599982	2.25086117	0.00000000
-4.29199982	2.25086117	0.00000000
-4.28799982	2.25086117	0.01574803
-4.28399982	2.25086117	0.00000000
-4.27999982	2.25086117	-0.01574803
-4.27599982	2.25086117	0.01574803
-4.27199983	2.25086117	0.01574803
-4.26799983	2.25086117	-0.03155758
-4.26399983	2.25086117	0.03155758
-4.25999983	2.25086117	0.01574803
-4.25599983	2.25086117	-0.03155758
-4.25199983	2.25086117	0.01574803
-4.24799983	2.25086117	0.01574803
-4.24399983	2.25086117	-0.01574803
-4.23999983	2.25086117	0.01574803
-4.23599983	2.25086117	0.00000000
-4.23199983	2.25086117	0.00000000
-4.22799983	2.25086117	0.00000000
-4.22399983	2.25086117	0.01574803
-4.21999983	2.25086117	0.00000000
-4.21599983	2.25086117	0.00000000
-4.21199983	2.25086117	0.00000000
-4.20799983	2.25086117	0.00000000
-4.20399983	2.25086117	0.00000000
-4.19999983	2.25086117	0.00000000
-4.19599983	2.25086117	0.00000000
-4.19199983	2.25086117	0.00000000
-4.18799983	2.25086117	0.00000000
-4.18399983	2.25086117	0.00000000
-4.17999983	2.25086117	0.00000000
-4.17599983	2.25086117	0.00000000
-4.17199983	2.25086117	0.00000000
-4.16799983	2.25086117	0.00000000
-4.16399983	2.25086117	0.00000000
-4.15999983	2.25086117	0.00000000
-4.15599983	2.25086117	0.00000000
-4.15199983	2.25086117	0.00000000
-4.14799983	2.25086117	0.00000000
-4.14399983	2.25086117	0.00000000
-4.13999983	2.25086117	0.00000000
-4.13599983	2.25086117	0.00000000
-4.13199983	2.25086117	0.00000000
-4.12799983	2.25086117	0.00000000
-4.12399983	2.25086117	0.00000000
-4.11999983	2.25086117	0.00000000
-4.11599983	2.25086117	0.00000000
-4.11199983	2.25086117	0.00000000
-4.10799983	2.25086117	0.00000000
-4.10399983	2.25086117	0.00000000
-4.09999983	2.25086117	0.00000000
-4.09599983	2.25086117	0.01574803
-4.09199983	2.25086117	-0.01574803
-4.08799983	2.25086117	0.00000000
-4.08399983	2.25086117	0.03155758
-4.07999983	2.25086117	-0.03155758
-4.07599983	2.25086117	0.01574803
-4.07199983	2.25086117	0.03155758
-4.06799983	2.25086117	-0.03155758
-4.06399983	2.25086117	0.00000000
-4.05999983	2.25086117	0.01574803
-4.05599983	2.25086117	-0.01574803
-4.05199983	2.25086117	0.00000000
-4.04799983	2.25086117	0.01574803
-4.04399983	2.25086117	-0.01574803
-4.03999983	2.25086117	0.00000000
-4.03599983	2.25086117	0.01574803
-4.03199983	2.25086117	-0.01574803
-4.02799983	2.25086117	0.00000000
-4.02399983	2.25086117	0.01574803
-4.01999983	2.25086117	0.00000000
-4.01599983	2.25086117	0.00000000
-4.01199983	2.25086117	0.01574803
-4.00799983	2.25086117	0.00000000
-4.00399983	2.25086117	-0.01574803
-3.99999983	2.25086117	0.00000000
-3.99599983	2.25086117	0.00000000
-3.99199983	2.25086117	0.00000000
-3.98799983	2.25086117	0.01574803
-3.98399983	2.25086117	0.01574803
-3.97999983	2.25086117	-0.03155758
-3.97599983	2.25086117	0.01574803
-3.97199983	2.25086117	0.03155758
-3.96799983	2.25086117	-0.03155758
-3.96399983	2.25086117	0.00000000
-3.95999983	2.25086117	0.03155758
-3.95599983	2.25086117	-0.01574803
-3.95199983	2.25086117	0.00000000
-3.94799983	2.25086117	0.01574803
-3.94399983	2.25086117	0.00000000
-3.93999983	2.25086117	-0.01574803
-3.93599983	2.25086117	0.01574803
-3.93199983	2.25086117	0.00000000
-3.92799983	2.25086117	0.00000000
-3.92399983	2.25086117	0.00000000
-3.91999983	2.25086117	0.00000000
-3.91599984	2.25086117	0.00000000
-3.91199984	2.25086117	0.00000000
-3.90799984	2.25086117	0.00000000
-3.90399984	2.25086117	0.00000000
-3.89999984	2.25086117	0.00000000
-3.89599984	2.25086117	0.01574803
-3.89199984	2.25086117	0.00000000
-3.88799984	2.25086117	0.00000000
-3.88399984	2.25086117	0.00000000
-3.87999984	2.25086117	0.00000000
-3.87599984	2.25086117	0.01574803
-3.87199984	2.25086117	0.00000000
-3.86799984	2.25086117	0.00000000
-3.86399984	2.25086117	0.01574803
-3.85999984	2.25086117	-0.01574803
-3.85599984	2.25086117	0.00000000
-3.85199984	2.25086117	0.01574803
-3.84799984	2.25086117	-0.01574803
-3.84399984	2.25086117	0.01574803
-3.83999984	2.25086117	0.01574803
-3.83599984	2.25086117	-0.01574803
-3.83199984	2.25086117	0.00000000
-3.82799984	2.25086117	-0.01574803
-3.82399984	2.25086117	0.01574803
-3.81999984	2.25086117	0.00000000
-3.81599984	2.25086117	-0.01574803
-3.81199984	2.25086117	0.01574803
-3.80799984	2.25086117	0.01574803
-3.80399984	2.25086117	0.00000000
-3.79999984	2.25086117	0.00000000
-3.79599984	2.25086117	0.00000000
-3.79199984	2.25086117	0.00000000
-3.78799984	2.25086117	0.00000000
-3.78399984	2.25086117	0.00000000
-3.77999984	2.25086117	0.01574803
-3.77599984	2.25086117	-0.01574803
-3.77199984	2.25086117	0.00000000
-3.76799984	2.25086117	0.00000000
-3.76399984	2.25086117	0.00000000
-3.75999984	2.25086117	0.03155758
-3.75599984	2.25086117	0.00000000
-3.75199984	2.25086117	0.00000000
-3.74799984	2.25086117	0.01574803
-3.74399984	2.25086117	-0.01574803
-3.73999984	2.25086117	-0.01574803
-3.73599984	2.25086117	0.01574803
-3.73199984	2.25086117	0.00000000
-3.72799984	2.25086117	-0.01574803
-3.72399984	2.25086117	0.03155758
-3.71999984	2.25086117	0.00000000
-3.71599984	2.25086117	-0.03155758
-3.71199984	2.25086117	0.01574803
-3.70799984	2.25086117	0.00000000
-3.70399984	2.25086117	-0.01574803
-3.69999984	2.25086117	0.01574803
-3.69599984	2.25086117	0.00000000
-3.69199984	2.25086117	-0.01574803
-3.68799984	2.25086117	0.01574803
-3.68399984	2.25086117	0.00000000
-3.67999984	2.25086117	-0.01574803
-3.67599984	2.25086117	0.01574803
-3.67199984	2.25086117	0.00000000
-3.66799984	2.25086117	-0.01574803
-3.66399984	2.25086117	0.01574803
-3.65999984	2.25086117	0.00000000
-3.65599984	2.25086117	0.00000000
-3.65199984	2.25086117	0.00000000
-3.64799984	2.25086117	0.00000000
-3.64399984	2.25086117	0.00000000
-3.63999984	2.25086117	0.00000000
-3.63599984	2.25086117	0.00000000
-3.63199984	2.25086117	0.00000000
-3.62799984	2.25086117	0.00000000
-3.62399984	2.25086117	0.00000000
-3.61999984	2.25086117	0.00000000
-3.61599984	2.25086117	0.01574803
-3.61199984	2.25086117	0.00000000
-3.60799984	2.25086117	-0.01574803
-3.60399984	2.25086117	0.01574803
-3.59999984	2.25086117	0.00000000
-3.59599984	2.25086117	-0.01574803
-3.59199984	2.25086117	0.01574803
-3.58799984	2.25086117	0.00000000
-3.58399984	2.25086117	-0.01574803
-3.57999984	2.25086117	0.01574803
-3.57599984	2.25086117	0.00000000
-3.57199984	2.25086117	-0.01574803
-3.56799984	2.25086117	0.03155758
-3.56399985	2.25086117	0.00000000
-3.55999985	2.25086117	-0.01574803
-3.55599985	2.25086117	0.01574803
-3.55199985	2.25086117	0.00000000
-3.54799985	2.25086117	0.00000000
-3.54399985	2.25086117	0.01574803
-3.53999985	2.25086117	0.00000000
-3.53599985	2.25086117	0.00000000
-3.53199985	2.25086117	0.00000000
-3.52799985	2.25086117	0.00000000
-3.52399985	2.25086117	0.00000000
-3.51999985	2.25086117	0.00000000
-3.51599985	2.25086117	0.00000000
-3.51199985	2.25086117	0.01574803
-3.50799985	2.25086117	-0.01574803
-3.50399985	2.25086117	0.00000000
-3.49999985	2.25086117	0.01574803
-3.49599985	2.25086117	0.00000000
-3.49199985	2.25086117	0.00000000
-3.48799985	2.25086117	0.01574803
-3.48399985	2.25086117	0.00000000
-3.47999985	2.25086117	0.00000000
-3.47599985	2.25086117	0.01574803
-3.47199985	2.25086117	0.00000000
-3.46799985	2.25086117	-0.01574803
-3.46399985	2.25086117	0.01574803
-3.45999985	2.25086117	0.00000000
-3.45599985	2.25086117	-0.01574803
-3.45199985	2.25086117	0.00000000
-3.44799985	2.25086117	0.00000000
-3.44399985	2.25086117	0.00000000
-3.43999985	2.25086117	0.01574803
-3.43599985	2.25086117	0.00000000
-3.43199985	2.25086117	0.00000000
-3.42799985	2.25086117	0.00000000
-3.42399985	2.25086117	0.00000000
-3.41999985	2.25086117	0.00000000
-3.41599985	2.25086117	0.00000000
-3.41199985	2.25086117	0.00000000
-3.40799985	2.25086117	0.00000000
-3.40399985	2.25086117	0.00000000
-3.39999985	2.25086117	0.00000000
-3.39599985	2.25086117	0.00000000
-3.39199985	2.25086117	0.00000000
-3.38799985	2.25086117	0.00000000
-3.38399985	2.25086117	0.00000000
-3.37999985	2.25086117	0.00000000
-3.37599985	2.25086117	0.00000000
-3.37199985	2.25086117	0.00000000
-3.36799985	2.25086117	0.00000000
-3.36399985	2.25086117	0.00000000
-3.35999985	2.25086117	0.00000000
-3.35599985	2.25086117	0.00000000
-3.35199985	2.25086117	0.00000000
-3.34799985	2.25086117	0.00000000
-3.34399985	2.25086117	0.00000000
-3.33999985	2.25086117	0.00000000
-3.33599985	2.25086117	0.00000000
-3.33199985	2.25086117	0.00000000
-3.32799985	2.25086117	0.00000000
-3.32399985	2.25086117	0.00000000
-3.31999985	2.25086117	0.00000000
-3.31599985	2.25086117	0.00000000
-3.31199985	2.25086117	0.00000000
-3.30799985	2.25086117	0.00000000
-3.30399985	2.25086117	0.00000000
-3.29999985	2.25086117	0.00000000
-3.29599985	2.25086117	0.00000000
-3.29199985	2.25086117	0.00000000
-3.28799985	2.25086117	0.00000000
-3.28399985	2.25086117	0.00000000
-3.27999985	2.25086117	0.00000000
-3.27599985	2.25086117	0.00000000
-3.27199985	2.25086117	0.00000000
-3.26799985	2.25086117	0.00000000
-3.26399985	2.25086117	0.00000000
-3.25999985	2.25086117	0.00000000
-3.25599985	2.25086117	0.00000000
-3.25199985	2.25086117	0.00000000
-3.24799985	2.25086117	0.00000000
-3.24399985	2.25086117	0.00000000
-3.23999985	2.25086117	0.00000000
-3.23599985	2.25086117	0.00000000
-3.23199985	2.25086117	0.00000000
-3.22799985	2.25086117	0.00000000
-3.22399985	2.25086117	0.00000000
-3.21999985	2.25086117	0.00000000
-3.21599985	2.25086117	0.00000000
-3.21199985	2.25086117	0.00000000
-3.20799986	2.25086117	0.00000000
-3.20399986	2.25086117	0.00000000
-3.19999986	2.25086117	0.00000000
-3.19599986	2.25086117	0.00000000
-3.19199986	2.25086117	0.00000000
-3.18799986	2.25086117	0.00000000
-3.18399986	2.25086117	0.00000000
-3.17999986	2.25086117	0.00000000
-3.17599986	2.25086117	0.00000000
-3.17199986	2.25086117	0.00000000
-3.16799986	2.25086117	0.00000000
-3.16399986	2.25086117	0.00000000
-3.15999986	2.25086117	0.00000000
-3.15599986	2.25086117	0.00000000
-3.15199986	2.25086117	0.00000000
-3.14799986	2.25086117	0.00000000
-3.14399986	2.25086117	0.00000000
-3.13999986	2.25086117	0.00000000
-3.13599986	2.25086117	0.00000000
-3.13199986	2.25086117	0.00000000
-3.12799986	2.25086117	0.00000000
-3.12399986	2.25086117	0.00000000
-3.11999986	2.25086117	0.00000000
-3.11599986	2.25086117	0.00000000
-3.11199986	2.25086117	0.00000000
-3.10799986	2.25086117	0.00000000
-3.10399986	2.25086117	0.00000000
-3.09999986	2.25086117	0.00000000
-3.09599986	2.25086117	0.00000000
-3.09199986	2.25086117	0.00000000
-3.08799986	2.25086117	0.00000000
-3.08399986	2.25086117	0.00000000
-3.07999986	2.25086117	0.00000000
-3.07599986	2.25086117	0.00000000
-3.07199986	2.25086117	0.00000000
-3.06799986	2.25086117	0.00000000
-3.06399986	2.25086117	0.00000000
-3.05999986	2.25086117	0.00000000
-3.05599986	2.25086117	0.00000000
-3.05199986	2.25086117	0.00000000
-3.04799986	2.25086117	0.00000000
-3.04399986	2.25086117	0.00000000
-3.03999986	2.25086117	0.00000000
-3.03599986	2.25086117	0.00000000
-3.03199986	2.25086117	0.00000000
-3.02799986	2.25086117	0.00000000
-3.02399986	2.25086117	0.00000000
-3.01999986	2.25086117	0.00000000
-3.01599986	2.25086117	0.00000000
-3.01199986	2.25086117	0.00000000
-3.00799986	2.25086117	0.00000000
-3.00399986	2.25086117	0.00000000
-2.99999986	2.25086117	0.00000000
-2.99599986	2.25086117	0.00000000
-2.99199986	2.25086117	0.00000000
-2.98799986	2.25086117	0.00000000
-2.98399986	2.25086117	0.00000000
-2.97999986	2.25086117	0.00000000
-2.97599986	2.25086117	0.00000000
-2.97199986	2.25086117	0.00000000
-2.96799986	2.25086117	0.00000000
-2.96399986	2.25086117	0.00000000
-2.95999986	2.25086117	0.00000000
-2.95599986	2.25086117	0.00000000
-2.95199986	2.25086117	0.00000000
-2.94799986	2.25086117	0.00000000
-2.94399986	2.25086117	0.00000000
-2.93999986	2.25086117	0.00000000
-2.93599986	2.25086117	0.00000000
-2.93199986	2.25086117	0.00000000
-2.92799986	2.25086117	0.00000000
-2.92399986	2.25086117	0.00000000
-2.91999986	2.25086117	0.00000000
-2.91599986	2.25086117	0.00000000
-2.91199986	2.25086117	0.00000000
-2.90799986	2.25086117	0.00000000
-2.90399986	2.25086117	0.00000000
-2.89999986	2.25086117	0.00000000
-2.89599986	2.25086117	0.00000000
-2.89199986	2.25086117	0.00000000
-2.88799986	2.25086117	0.00000000
-2.88399986	2.25086117	0.00000000
-2.87999986	2.25086117	0.00000000
-2.87599986	2.25086117	0.00000000
-2.87199986	2.25086117	0.00000000
-2.86799986	2.25086117	0.00000000
-2.86399986	2.25086117	0.00000000
-2.85999986	2.25086117	0.00000000
-2.85599987	2.25086117	0.00000000
-2.85199987	2.25086117	0.00000000
-2.84799987	2.25086117	0.00000000
-2.84399987	2.25086117	0.00000000
-2.83999987	2.25086117	0.00000000
-2.83599987	2.25086117	0.00000000
-2.83199987	2.25086117	0.00000000
-2.82799987	2.25086117	0.00000000
-2.82399987	2.25086117	0.00000000
-2.81999987	2.25086117	0.00000000
-2.81599987	2.25086117	0.00000000
-2.81199987	2.25086117	0.00000000
-2.80799987	2.25086117	0.00000000
-2.80399987	2.25086117	0.00000000
-2.79999987	2.25086117	0.00000000
-2.79599987	2.25086117	0.00000000
-2.79199987	2.25086117	0.00000000
-2.78799987	2.25086117	0.00000000
-2.78399987	2.25086117	0.00000000
-2.77999987	2.25086117	0.00000000
-2.77599987	2.25086117	0.00000000
-2.77199987	2.25086117	0.00000000
-2.76799987	2.25086117	0.00000000
-2.76399987	2.25086117	0.00000000
-2.75999987	2.25086117	0.00000000
-2.75599987	2.25086117	0.00000000
-2.75199987	2.25086117	0.00000000
-2.74799987	2.25086117	0.00000000
-2.74399987	2.25086117	0.00000000
-2.73999987	2.25086117	0.00000000
-2.73599987	2.25086117	0.00000000
-2.73199987	2.25086117	0.00000000
-2.72799987	2.25086117	0.00000000
-2.72399987	2.25086117	0.00000000
-2.71999987	2.25086117	0.00000000
-2.71599987	2.25086117	0.00000000
-2.71199987	2.25086117	0.00000000
-2.70799987	2.25086117	0.00000000
-2.70399987	2.25086117	0.00000000
-2.69999987	2.25086117	0.00000000
-2.69599987	2.25086117	0.00000000
-2.69199987	2.25086117	0.00000000
-2.68799987	2.25086117	0.00000000
-2.68399987	2.25086117	0.00000000
-2.67999987	2.25086117	0.00000000
-2.67599987	2.25086117	0.00000000
-2.67199987	2.25086117	0.00000000
-2.66799987	2.25086117	0.00000000
-2.66399987	2.25086117	0.00000000
-2.65999987	2.25086117	0.00000000
-2.65599987	2.25086117	0.00000000
-2.65199987	2.25086117	0.00000000
-2.64799987	2.25086117	0.00000000
-2.64399987	2.25086117	0.00000000
-2.63999987	2.25086117	0.00000000
-2.63599987	2.25086117	0.00000000
-2.63199987	2.25086117	0.00000000
-2.62799987	2.25086117	0.00000000
-2.62399987	2.25086117	0.00000000
-2.61999987	2.25086117	0.00000000
-2.61599987	2.25086117	0.00000000
-2.61199987	2.25086117	0.00000000
-2.60799987	2.25086117	0.00000000
-2.60399987	2.25086117	0.00000000
-2.59999987	2.25086117	0.00000000
-2.59599987	2.25086117	0.00000000
-2.59199987	2.25086117	0.00000000
-2.58799987	2.25086117	0.00000000
-2.58399987	2.25086117	0.00000000
-2.57999987	2.25086117	0.00000000
-2.57599987	2.25086117	0.00000000
-2.57199987	2.25086117	0.00000000
-2.56799987	2.25086117	0.00000000
-2.56399987	2.25086117	0.00000000
-2.55999987	2.25086117	0.00000000
-2.55599987	2.25086117	0.00000000
-2.55199987	2.25086117	0.00000000
-2.54799987	2.25086117	0.00000000
-2.54399987	2.25086117	0.00000000
-2.53999987	2.25086117	0.00000000
-2.53599987	2.25086117	0.00000000
-2.53199987	2.25086117	0.00000000
-2.52799987	2.25086117	0.00000000
-2.52399987	2.25086117	0.00000000
-2.51999987	2.25086117	0.00000000
-2.51599987	2.25086117	0.00000000
-2.51199987	2.25086117	0.00000000
-2.50799987	2.25086117	0.00000000
-2.50399988	2.25086117	0.00000000
-2.49999988	2.25086117	0.00000000
-2.49599988	2.25086117	0.00000000
-2.49199988	2.25086117	0.00000000
-2.48799988	2.25086117	0.00000000
-2.48399988	2.25086117	0.00000000
-2.47999988	2.25086117	0.00000000
-2.47599988	2.25086117	0.00000000
-2.47199988	2.25086117	0.00000000
-2.46799988	2.25086117	0.00000000
-2.46399988	2.25086117	0.00000000
-2.45999988	2.25086117	0.00000000
-2.45599988	2.25086117	0.00000000
-2.45199988	2.25086117	0.00000000
-2.44799988	2.25086117	0.00000000
-2.44399988	2.25086117	0.00000000
-2.43999988	2.25086117	0.00000000
-2.43599988	2.25086117	0.00000000
-2.43199988	2.25086117	0.00000000
-2.42799988	2.25086117	0.00000000
-2.42399988	2.25086117	0.00000000
-2.41999988	2.25086117	0.00000000
-2.41599988	2.25086117	0.00000000
-2.41199988	2.25086117	0.00000000
-2.40799988	2.25086117	0.00000000
-2.40399988	2.25086117	0.00000000
-2.39999988	2.25086117	0.00000000
-2.39599988	2.25086117	0.00000000
-2.39199988	2.25086117	0.00000000
-2.38799988	2.25086117	0.00000000
-2.38399988	2.25086117	0.00000000
-2.37999988	2.25086117	0.00000000
-2.37599988	2.25086117	0.00000000
-2.37199988	2.25086117	0.00000000
-2.36799988	2.25086117	0.00000000
-2.36399988	2.25086117	0.00000000
-2.35999988	2.25086117	0.00000000
-2.35599988	2.25086117	0.00000000
-2.35199988	2.25086117	0.00000000
-2.34799988	2.25086117	0.00000000
-2.34399988	2.25086117	0.00000000
-2.33999988	2.25086117	0.00000000
-2.33599988	2.25086117	0.00000000
-2.33199988	2.25086117	0.00000000
-2.32799988	2.25086117	0.00000000
-2.32399988	2.25086117	0.00000000
-2.31999988	2.25086117	0.00000000
-2.31599988	2.25086117	0.00000000
-2.31199988	2.25086117	0.00000000
-2.30799988	2.25086117	0.00000000
-2.30399988	2.25086117	0.00000000
-2.29999988	2.25086117	0.00000000
-2.29599988	2.25086117	0.00000000
-2.29199988	2.25086117	0.00000000
-2.28799988	2.25086117	0.00000000
-2.28399988	2.25086117	0.00000000
-2.27999988	2.25086117	0.00000000
-2.27599988	2.25086117	0.00000000
-2.27199988	2.25086117	0.00000000
-2.26799988	2.25086117	0.00000000
-2.26399988	2.25086117	0.00000000
-2.25999988	2.25086117	0.00000000
-2.25599988	2.25086117	0.00000000
-2.25199988	2.25086117	0.00000000
-2.24799988	2.25086117	0.00000000
-2.24399988	2.25086117	0.00000000
-2.23999988	2.25086117	0.00000000
-2.23599988	2.25086117	0.00000000
-2.23199988	2.25086117	0.00000000
-2.22799988	2.25086117	0.00000000
-2.22399988	2.25086117	0.00000000
-2.21999988	2.25086117	0.00000000
-2.21599988	2.25086117	0.00000000
-2.21199988	2.25086117	0.00000000
-2.20799988	2.25086117	0.00000000
-2.20399988	2.25086117	0.00000000
-2.19999988	2.25086117	0.00000000
-2.19599988	2.25086117	0.00000000
-2.19199988	2.25086117	0.00000000
-2.18799988	2.25086117	0.00000000
-2.18399988	2.25086117	0.00000000
-2.17999988	2.25086117	0.00000000
-2.17599988	2.25086117	0.00000000
-2.17199988	2.25086117	0.00000000
-2.16799988	2.25086117	0.00000000
-2.16399988	2.25086117	0.00000000
-2.15999988	2.25086117	0.00000000
-2.15599988	2.25086117	0.00000000
-2.15199988	2.25086117	0.00000000
-2.14799989	2.25086117	0.00000000
-2.14399989	2.25086117	0.00000000
-2.13999989	2.25086117	0.00000000
-2.13599989	2.25086117	0.00000000
-2.13199989	2.25086117	0.00000000
-2.12799989	2.25086117	0.00000000
-2.12399989	2.25086117	0.00000000
-2.11999989	2.25086117	0.00000000
-2.11599989	2.25086117	0.00000000
-2.11199989	2.25086117	0.00000000
-2.10799989	2.25086117	0.00000000
-2.10399989	2.25086117	0.00000000
-2.09999989	2.25086117	0.00000000
-2.09599989	2.25086117	0.00000000
-2.09199989	2.25086117	0.00000000
-2.08799989	2.25086117	0.00000000
-2.08399989	2.25086117	0.00000000
-2.07999989	2.25086117	0.00000000
-2.07599989	2.25086117	0.00000000
-2.07199989	2.25086117	0.00000000
-2.06799989	2.25086117	0.00000000
-2.06399989	2.25086117	0.00000000
-2.05999989	2.25086117	0.00000000
-2.05599989	2.25086117	0.00000000
-2.05199989	2.25086117	0.00000000
-2.04799989	2.25086117	0.00000000
-2.04399989	2.25086117	0.00000000
-2.03999989	2.25086117	0.00000000
-2.03599989	2.25086117	0.00000000
-2.03199989	2.25086117	0.00000000
-2.02799989	2.25086117	0.00000000
-2.02399989	2.25086117	0.00000000
-2.01999989	2.25086117	0.00000000
-2.01599989	2.25086117	0.00000000
-2.01199989	2.25086117	0.00000000
-2.00799989	2.25086117	0.00000000
-2.00399989	2.25086117	0.00000000
-1.99999989	2.25086117	0.00000000
-1.99599989	2.25086117	0.00000000
-1.99199989	2.25086117	0.00000000
-1.98799989	2.25086117	0.00000000
-1.98399989	2.25086117	0.00000000
-1.97999989	2.25086117	0.00000000
-1.97599989	2.25086117	0.00000000
-1.97199989	2.25086117	0.00000000
-1.96799989	2.25086117	0.00000000
-1.96399989	2.25086117	0.00000000
-1.95999989	2.25086117	0.00000000
-1.95599989	2.25086117	0.00000000
-1.95199989	2.25086117	0.00000000
-1.94799989	2.25086117	0.00000000
-1.94399989	2.25086117	0.00000000
-1.93999989	2.25086117	0.00000000
-1.93599989	2.25086117	0.00000000
-1.93199989	2.25086117	0.00000000
-1.92799989	2.25086117	0.00000000
-1.92399989	2.25086117	0.00000000
-1.91999989	2.25086117	0.00000000
-1.91599989	2.25086117	0.00000000
-1.91199989	2.25086117	0.00000000
-1.90799989	2.25086117	0.00000000
-1.90399989	2.25086117	0.00000000
-1.89999989	2.25086117	0.00000000
-1.89599989	2.25086117	0.00000000
-1.89199989	2.25086117	0.00000000
-1.88799989	2.25086117	0.00000000
-1.88399989	2.25086117	0.00000000
-1.87999989	2.25086117	0.00000000
-1.87599989	2.25086117	0.00000000
-1.87199989	2.25086117	0.00000000
-1.86799989	2.25086117	0.00000000
-1.86399989	2.25086117	0.00000000
-1.85999989	2.25086117	0.00000000
-1.85599989	2.25086117	0.00000000
-1.85199989	2.25086117	0.00000000
-1.84799989	2.25086117	0.00000000
-1.84399989	2.25086117	0.00000000
-1.83999989	2.25086117	0.00000000
-1.83599989	2.25086117	0.00000000
-1.83199989	2.25086117	0.00000000
-1.82799989	2.25086117	0.00000000
-1.82399989	2.25086117	0.00000000
-1.81999989	2.25086117	0.00000000
-1.81599989	2.25086117	0.00000000
-1.81199989	2.25086117	0.00000000
-1.80799989	2.25086117	0.00000000
-1.80399989	2.25086117	0.00000000
-1.79999989	2.25086117	0.00000000
-1.79599990	2.25086117	0.00000000
-1.79199990	2.25086117	0.00000000
-1.78799990	2.25086117	0.00000000
-1.78399990	2.25086117	0.00000000
-1.77999990	2.25086117	0.00000000
-1.77599990	2.25086117	0.00000000
-1.77199990	2.25086117	0.00000000
-1.76799990	2.25086117	0.00000000
-1.76399990	2.25086117	0.00000000
-1.75999990	2.25086117	0.00000000
-1.75599990	2.25086117	0.00000000
-1.75199990	2.25086117	0.00000000
-1.74799990	2.25086117	0.00000000
-1.74399990	2.25086117	0.00000000
-1.73999990	2.25086117	0.00000000
-1.73599990	2.25086117	0.00000000
-1.73199990	2.25086117	0.00000000
-1.72799990	2.25086117	0.00000000
-1.72399990	2.25086117	0.00000000
-1.71999990	2.25086117	0.00000000
-1.71599990	2.25086117	0.00000000
-1.71199990	2.25086117	0.00000000
-1.70799990	2.25086117	0.00000000
-1.70399990	2.25086117	0.00000000
-1.69999990	2.25086117	0.00000000
-1.69599990	2.25086117	0.00000000
-1.69199990	2.25086117	0.00000000
-1.68799990	2.25086117	0.00000000
-1.68399990	2.25086117	0.00000000
-1.67999990	2.25086117	0.00000000
-1.67599990	2.25086117	0.00000000
-1.67199990	2.25086117	0.00000000
-1.66799990	2.25086117	0.00000000
-1.66399990	2.25086117	0.00000000
-1.65999990	2.25086117	0.00000000
-1.65599990	2.25086117	0.00000000
-1.65199990	2.25086117	0.00000000
-1.64799990	2.25086117	0.00000000
-1.64399990	2.25086117	0.00000000
-1.63999990	2.25086117	0.00000000
-1.63599990	2.25086117	0.00000000
-1.63199990	2.25086117	0.00000000
-1.62799990	2.25086117	0.00000000
-1.62399990	2.25086117	0.00000000
-1.61999990	2.25086117	0.00000000
-1.61599990	2.25086117	0.00000000
-1.61199990	2.25086117	0.00000000
-1.60799990	2.25086117	0.00000000
-1.60399990	2.25086117	0.00000000
-1.59999990	2.25086117	0.00000000
-1.59599990	2.25086117	0.00000000
-1.59199990	2.25086117	0.00000000
-1.58799990	2.25086117	0.00000000
-1.58399990	2.25086117	0.00000000
-1.57999990	2.25086117	0.00000000
-1.57599990	2.25086117	0.00000000
-1.57199990	2.25086117	0.00000000
-1.56799990	2.25086117	0.00000000
-1.56399990	2.25086117	0.00000000
-1.55999990	2.25086117	0.00000000
-1.55599990	2.25086117	0.00000000
-1.55199990	2.25086117	0.00000000
-1.54799990	2.25086117	0.00000000
-1.54399990	2.25086117	0.00000000
-1.53999990	2.25086117	0.00000000
-1.53599990	2.25086117	0.00000000
-1.53199990	2.25086117	0.00000000
-1.52799990	2.25086117	0.00000000
-1.52399990	2.25086117	0.00000000
-1.51999990	2.25086117	0.00000000
-1.51599990	2.25086117	0.00000000
-1.51199990	2.25086117	0.00000000
-1.50799990	2.25086117	0.00000000
-1.50399990	2.25086117	0.00000000
-1.49999990	2.25086117	0.00000000
-1.49599990	2.25086117	0.00000000
-1.49199990	2.25086117	0.00000000
-1.48799990	2.25086117	0.00000000
-1.48399990	2.25086117	0.00000000
-1.47999990	2.25086117	0.00000000
-1.47599990	2.25086117	0.00000000
-1.47199990	2.25086117	0.00000000
-1.46799990	2.25086117	0.00000000
-1.46399990	2.25086117	0.00000000
-1.45999990	2.25086117	0.00000000
-1.45599990	2.25086117	0.00000000
-1.45199990	2.25086117	0.00000000
-1.44799990	2.25086117	0.00000000
-1.44399990	2.25086117	0.00000000
-1.43999991	2.25086117	0.00000000
-1.43599991	2.25086117	0.00000000
-1.43199991	2.25086117	0.00000000
-1.42799991	2.25086117	0.00000000
-1.42399991	2.25086117	0.00000000
-1.41999991	2.25086117	0.00000000
-1.41599991	2.25086117	0.00000000
-1.41199991	2.25086117	0.00000000
-1.40799991	2.25086117	0.00000000
-1.40399991	2.25086117	0.00000000
-1.39999991	2.25086117	0.00000000
-1.39599991	2.25086117	0.00000000
-1.39199991	2.25086117	0.00000000
-1.38799991	2.25086117	0.00000000
-1.38399991	2.25086117	0.00000000
-1.37999991	2.25086117	0.00000000
-1.37599991	2.25086117	0.00000000
-1.37199991	2.25086117	0.00000000
-1.36799991	2.25086117	0.00000000
-1.36399991	2.25086117	0.00000000
-1.35999991	2.25086117	0.00000000
-1.35599991	2.25086117	0.00000000
-1.35199991	2.25086117	0.00000000
-1.34799991	2.25086117	0.00000000
-1.34399991	2.25086117	0.00000000
-1.33999991	2.25086117	0.00000000
-1.33599991	2.25086117	0.00000000
-1.33199991	2.25086117	0.00000000
-1.32799991	2.25086117	0.00000000
-1.32399991	2.25086117	0.00000000
-1.31999991	2.25086117	0.00000000
-1.31599991	2.25086117	0.00000000
-1.31199991	2.25086117	0.00000000
-1.30799991	2.25086117	0.00000000
-1.30399991	2.25086117	0.00000000
-1.29999991	2.25086117	0.00000000
-1.29599991	2.25086117	0.00000000
-1.29199991	2.25086117	0.00000000
-1.28799991	2.25086117	0.00000000
-1.28399991	2.25086117	0.00000000
-1.27999991	2.25086117	0.00000000
-1.27599991	2.25086117	0.00000000
-1.27199991	2.25086117	0.00000000
-1.26799991	2.25086117	0.00000000
-1.26399991	2.25086117	0.00000000
-1.25999991	2.25086117	0.00000000
-1.25599991	2.25086117	0.00000000
-1.25199991	2.25086117	0.00000000
-1.24799991	2.25086117	0.00000000
-1.24399991	2.25086117	0.00000000
-1.23999991	2.25086117	0.00000000
-1.23599991	2.25086117	0.00000000
-1.23199991	2.25086117	0.00000000
-1.22799991	2.25086117	0.00000000
-1.22399991	2.25086117	0.00000000
-1.21999991	2.25086117	0.00000000
-1.21599991	2.25086117	0.00000000
-1.21199991	2.25086117	0.00000000
-1.20799991	2.25086117	0.00000000
-1.20399991	2.25086117	0.00000000
-1.19999991	2.25086117	0.00000000
-1.19599991	2.25086117	0.00000000
-1.19199991	2.25086117	0.00000000
-1.18799991	2.25086117	0.00000000
-1.18399991	2.25086117	0.00000000
-1.17999991	2.25086117	0.00000000
-1.17599991	2.25086117	0.00000000
-1.17199991	2.25086117	0.00000000
-1.16799991	2.25086117	0.00000000
-1.16399991	2.25086117	0.00000000
-1.15999991	2.25086117	0.00000000
-1.15599991	2.25086117	0.00000000
-1.15199991	2.25086117	0.00000000
-1.14799991	2.25086117	0.00000000
-1.14399991	2.25086117	0.00000000
-1.13999991	2.25086117	0.00000000
-1.13599991	2.25086117	0.00000000
-1.13199991	2.25086117	0.00000000
-1.12799991	2.25086117	0.00000000
-1.12399991	2.25086117	0.00000000
-1.11999991	2.25086117	0.00000000
-1.11599991	2.25086117	0.00000000
-1.11199991	2.25086117	0.00000000
-1.10799991	2.25086117	0.00000000
-1.10399991	2.25086117	0.00000000
-1.09999991	2.25086117	0.00000000
-1.09599991	2.25086117	0.00000000
-1.09199991	2.25086117	0.00000000
-1.08799992	2.25086117	0.00000000
-1.08399992	2.25086117	0.00000000
-1.07999992	2.25086117	0.00000000
-1.07599992	2.25086117	0.00000000
-1.07199992	2.25086117	0.00000000
-1.06799992	2.25086117	0.00000000
-1.06399992	2.25086117	0.00000000
-1.05999992	2.25086117	0.00000000
-1.05599992	2.25086117	0.00000000
-1.05199992	2.25086117	0.00000000
-1.04799992	2.25086117	0.00000000
-1.04399992	2.25086117	0.00000000
-1.03999992	2.25086117	0.00000000
-1.03599992	2.25086117	0.00000000
-1.03199992	2.25086117	0.00000000
-1.02799992	2.25086117	0.00000000
-1.02399992	2.25086117	0.00000000
-1.01999992	2.25086117	0.00000000
-1.01599992	2.25086117	0.00000000
-1.01199992	2.25086117	0.00000000
-1.00799992	2.25086117	0.00000000
-1.00399992	2.25086117	0.00000000
-0.99999992	2.25086117	0.00000000
-0.99599992	2.25086117	0.00000000
-0.99199992	2.25086117	0.00000000
-0.98799992	2.25086117	0.00000000
-0.98399992	2.25086117	0.00000000
-0.97999992	2.25086117	0.00000000
-0.97599992	2.25086117	0.00000000
-0.97199992	2.25086117	0.00000000
-0.96799992	2.25086117	0.00000000
-0.96399992	2.25086117	0.00000000
-0.95999992	2.25086117	0.00000000
-0.95599992	2.25086117	0.00000000
-0.95199992	2.25086117	0.00000000
-0.94799992	2.25086117	0.00000000
-0.94399992	2.25086117	0.00000000
-0.93999992	2.25086117	0.00000000
-0.93599992	2.25086117	0.00000000
-0.93199992	2.25086117	0.00000000
-0.92799992	2.25086117	0.00000000
-0.92399992	2.25086117	0.00000000
-0.91999992	2.25086117	0.00000000
-0.91599992	2.25086117	0.00000000
-0.91199992	2.25086117	0.00000000
-0.90799992	2.25086117	0.00000000
-0.90399992	2.25086117	0.00000000
-0.89999992	2.25086117	0.00000000
-0.89599992	2.25086117	0.00000000
-0.89199992	2.25086117	0.00000000
-0.88799992	2.25086117	0.00000000
-0.88399992	2.25086117	0.00000000
-0.87999992	2.25086117	0.00000000
-0.87599992	2.25086117	0.00000000
-0.87199992	2.25086117	0.00000000
-0.86799992	2.25086117	0.00000000
-0.86399992	2.25086117	0.00000000
-0.85999992	2.25086117	0.00000000
-0.85599992	2.25086117	0.00000000
-0.85199992	2.25086117	0.00000000
-0.84799992	2.25086117	0.00000000
-0.84399992	2.25086117	0.00000000
-0.83999992	2.25086117	0.00000000
-0.83599992	2.25086117	0.00000000
-0.83199992	2.25086117	0.00000000
-0.82799992	2.25086117	0.00000000
-0.82399992	2.25086117	0.00000000
-0.81999992	2.25086117	0.00000000
-0.81599992	2.25086117	0.00000000
-0.81199992	2.25086117	0.00000000
-0.80799992	2.25086117	0.00000000
-0.80399992	2.25086117	0.00000000
-0.79999992	2.25086117	0.00000000
-0.79599992	2.25086117	0.00000000
-0.79199992	2.25086117	0.00000000
-0.78799992	2.25086117	0.00000000
-0.78399992	2.25086117	0.00000000
-0.77999992	2.25086117	0.00000000
-0.77599992	2.25086117	0.00000000
-0.77199992	2.25086117	0.00000000
-0.76799992	2.25086117	0.00000000
-0.76399992	2.25086117	0.00000000
-0.75999992	2.25086117	0.00000000
-0.75599992	2.25086117	0.00000000
-0.75199992	2.25086117	0.00000000
-0.74799992	2.25086117	0.00000000
-0.74399992	2.25086117	0.00000000
-0.73999992	2.25086117	0.00000000
-0.73599993	2.25086117	0.00000000
-0.73199993	2.25086117	0.00000000
-0.72799993	2.25086117	0.00000000
-0.72399993	2.25086117	0.00000000
-0.71999993	2.25086117	0.00000000
-0.71599993	2.25086117	0.00000000
-0.71199993	2.25086117	0.00000000
-0.70799993	2.25086117	0.00000000
-0.70399993	2.25086117	0.00000000
-0.69999993	2.25086117	0.00000000
-0.69599993	2.25086117	0.00000000
-0.69199993	2.25086117	0.00000000
-0.68799993	2.25086117	0.00000000
-0.68399993	2.25086117	0.00000000
-0.67999993	2.25086117	0.00000000
-0.67599993	2.25086117	0.00000000
-0.67199993	2.25086117	0.00000000
-0.66799993	2.25086117	0.00000000
-0.66399993	2.25086117	0.00000000
-0.65999993	2.25086117	0.00000000
-0.65599993	2.25086117	0.00000000
-0.65199993	2.25086117	0.00000000
-0.64799993	2.25086117	0.00000000
-0.64399993	2.25086117	0.00000000
-0.63999993	2.25086117	0.00000000
-0.63599993	2.25086117	0.00000000
-0.63199993	2.25086117	0.00000000
-0.62799993	2.25086117	0.00000000
-0.62399993	2.25086117	0.00000000
-0.61999993	2.25086117	0.00000000
-0.61599993	2.25086117	0.00000000
-0.61199993	2.25086117	0.00000000
-0.60799993	2.25086117	0.00000000
-0.60399993	2.25086117	0.00000000
-0.59999993	2.25086117	0.00000000
-0.59599993	2.25086117	0.00000000
-0.59199993	2.25086117	0.00000000
-0.58799993	2.25086117	0.00000000
-0.58399993	2.25086117	0.00000000
-0.57999993	2.25086117	0.00000000
-0.57599993	2.25086117	0.00000000
-0.57199993	2.25086117	0.00000000
-0.56799993	2.25086117	0.00000000
-0.56399993	2.25086117	0.00000000
-0.55999993	2.25086117	0.00000000
-0.55599993	2.25086117	0.00000000
-0.55199993	2.25086117	0.00000000
-0.54799993	2.25086117	0.00000000
-0.54399993	2.25086117	0.00000000
-0.53999993	2.25086117	0.00000000
-0.53599993	2.25086117	0.00000000
-0.53199993	2.25086117	0.00000000
-0.52799993	2.25086117	0.00000000
-0.52399993	2.25086117	0.00000000
-0.51999993	2.25086117	0.00000000
-0.51599993	2.25086117	0.00000000
-0.51199993	2.25086117	0.00000000
-0.50799993	2.25086117	0.00000000
-0.50399993	2.25086117	0.00000000
-0.49999993	2.25086117	0.00000000
-0.49599993	2.25086117	0.00000000
-0.49199993	2.25086117	0.00000000
-0.48799993	2.25086117	0.00000000
-0.48399993	2.25086117	0.00000000
-0.47999993	2.25086117	0.00000000
-0.47599993	2.25086117	0.00000000
-0.47199993	2.25086117	0.00000000
-0.46799993	2.25086117	0.00000000
-0.46399993	2.25086117	0.00000000
-0.45999993	2.25086117	0.00000000
-0.45599993	2.25086117	0.00000000
-0.45199993	2.25086117	0.00000000
-0.44799993	2.25086117	0.00000000
-0.44399993	2.25086117	0.00000000
-0.43999993	2.25086117	0.00000000
-0.43599993	2.25086117	0.00000000
-0.43199993	2.25086117	0.00000000
-0.42799993	2.25086117	0.00000000
-0.42399993	2.25086117	0.00000000
-0.41999993	2.25086117	0.00000000
-0.41599993	2.25086117	0.00000000
-0.41199993	2.25086117	0.00000000
-0.40799993	2.25086117	0.00000000
-0.40399993	2.25086117	0.00000000
-0.39999993	2.25086117	0.00000000
-0.39599993	2.25086117	0.00000000
-0.39199993	2.25086117	0.00000000
-0.38799993	2.25086117	0.00000000
-0.38399993	2.25086117	0.00000000
-0.37999994	2.25086117	0.00000000
-0.37599994	2.25086117	0.00000000
-0.37199994	2.25086117	0.00000000
-0.36799994	2.25086117	0.00000000
-0.36399994	2.25086117	0.00000000
-0.35999994	2.25086117	0.00000000
-0.35599994	2.25086117	0.00000000
-0.35199994	2.25086117	0.00000000
-0.34799994	2.25086117	0.00000000
-0.34399994	2.25086117	0.00000000
-0.33999994	2.25086117	0.00000000
-0.33599994	2.25086117	0.00000000
-0.33199994	2.25086117	0.00000000
-0.32799994	2.25086117	0.00000000
-0.32399994	2.25086117	0.00000000
-0.31999994	2.25086117	0.00000000
-0.31599994	2.25086117	0.00000000
-0.31199994	2.25086117	0.00000000
-0.30799994	2.25086117	0.00000000
-0.30399994	2.25086117	0.00000000
-0.29999994	2.25086117	0.00000000
-0.29599994	2.25086117	0.00000000
-0.29199994	2.25086117	0.00000000
-0.28799994	2.25086117	0.00000000
-0.28399994	2.25086117	0.00000000
-0.27999994	2.25086117	0.00000000
-0.27599994	2.25086117	0.00000000
-0.27199994	2.25086117	0.00000000
-0.26799994	2.25086117	0.00000000
-0.26399994	2.25086117	0.00000000
-0.25999994	2.25086117	0.00000000
-0.25599994	2.25086117	0.00000000
-0.25199994	2.25086117	0.00000000
-0.24799994	2.25086117	0.00000000
-0.24399994	2.25086117	0.00000000
-0.23999994	2.25086117	0.00000000
-0.23599994	2.25086117	0.00000000
-0.23199994	2.25086117	0.00000000
-0.22799994	2.25086117	0.00000000
-0.22399994	2.25086117	0.00000000
-0.21999994	2.25086117	0.00000000
-0.21599994	2.25086117	0.00000000
-0.21199994	2.25086117	0.00000000
-0.20799994	2.25086117	0.00000000
-0.20399994	2.25086117	0.00000000
-0.19999994	2.25086117	0.00000000
-0.19599994	2.25086117	0.00000000
-0.19199994	2.25086117	0.00000000
-0.18799994	2.25086117	0.00000000
-0.18399994	2.25086117	0.00000000
-0.17999994	2.25086117	0.00000000
-0.17599994	2.25086117	0.00000000
-0.17199994	2.25086117	0.00000000
-0.16799994	2.25086117	0.00000000
-0.16399994	2.25086117	0.00000000
-0.15999994	2.25086117	0.00000000
-0.15599994	2.25086117	0.00000000
-0.15199994	2.25086117	0.00000000
-0.14799994	2.25086117	0.00000000
-0.14399994	2.25086117	0.00000000
-0.13999994	2.25086117	0.00000000
-0.13599994	2.25086117	0.00000000
-0.13199994	2.25086117	0.00000000
-0.12799994	2.25086117	0.00000000
-0.12399994	2.25086117	0.00000000
-0.11999994	2.25086117	0.00000000
-0.11599994	2.25086117	0.00000000
-0.11199994	2.25086117	0.00000000
-0.10799994	2.25086117	0.00000000
-0.10399994	2.25086117	0.00000000
-0.09999994	2.25086117	0.00000000
-0.09599994	2.25086117	0.00000000
-0.09199994	2.25086117	0.00000000
-0.08799994	2.25086117	0.00000000
-0.08399994	2.25086117	0.00000000
-0.07999994	2.25086117	0.00000000
-0.07599994	2.25086117	0.00000000
-0.07199994	2.25086117	0.00000000
-0.06799994	2.25086117	0.00000000
-0.06399994	2.25086117	0.00000000
-0.05999994	2.25086117	0.00000000
-0.05599994	2.25086117	0.00000000
-0.05199994	2.25086117	0.00000000
-0.04799994	2.25086117	0.00000000
-0.04399994	2.25086117	0.00000000
-0.03999994	2.25086117	0.00000000
-0.03599994	2.25086117	0.00000000
-0.03199994	2.25086117	0.00000000
-0.02799995	2.25086117	0.00000000
-0.02399995	2.25086117	0.00000000
-0.01999995	2.25086117	0.00000000
-0.01599995	2.25086117	0.00000000
-0.01199995	2.25086117	0.00000000
-0.00799995	2.25086117	0.00000000
-0.00399995	2.25086117	0.00000000
0.00000005	2.25086117	0.01574803
0.00400005	2.25086117	0.00000000
0.00800005	2.25086117	0.00000000
0.01200005	2.25086117	-0.01574803
0.01600005	2.25086117	0.00000000
0.02000005	2.25086117	0.00000000
0.02400005	2.25086117	0.00000000
0.02800005	2.25086117	0.00000000
0.03200005	2.25086117	0.00000000
0.03600005	2.25086117	0.00000000
0.04000005	2.25086117	0.01574803
0.04400005	2.25086117	0.01574803
0.04800005	2.25086117	0.00000000
0.05200005	2.25086117	0.00000000
0.05600005	2.25086117	0.00000000
0.06000005	2.25086117	0.00000000
0.06400005	2.25086117	0.00000000
0.06800005	2.25086117	0.00000000
0.07200005	2.41141725	0.00000000
0.07600005	2.25086117	0.00000000
0.08000005	2.25086117	0.00000000
0.08400005	2.25086117	0.00000000
0.08800005	2.25086117	0.00000000
0.09200005	2.41141725	0.00000000
0.09600005	2.25086117	0.00000000
0.10000005	2.25086117	0.00000000
0.10400005	2.25086117	0.00000000
0.10800005	2.25086117	0.00000000
0.11200005	2.25086117	0.00000000
0.11600005	2.25086117	0.00000000
0.12000005	2.25086117	0.01574803
0.12400005	2.25086117	0.00000000
0.12800005	2.25086117	0.00000000
0.13200005	2.25086117	0.00000000
0.13600005	2.25086117	0.00000000
0.14000005	2.25086117	0.00000000
0.14400005	2.25086117	0.00000000
0.14800005	2.25086117	0.00000000
0.15200005	2.25086117	0.01574803
0.15600005	2.25086117	0.00000000
0.16000005	2.25086117	0.00000000
0.16400005	2.25086117	0.00000000
0.16800005	2.25086117	0.00000000
0.17200005	2.25086117	-0.01574803
0.17600005	2.25086117	-0.01574803
0.18000005	2.25086117	0.00000000
0.18400005	2.25086117	0.00000000
0.18800005	2.25086117	0.00000000
0.19200005	2.25086117	0.00000000
0.19600005	2.25086117	0.00000000
0.20000005	2.25086117	0.00000000
0.20400005	2.25086117	0.00000000
0.20800005	2.25086117	0.00000000
0.21200005	2.25086117	0.00000000
0.21600005	2.25086117	0.00000000
0.22000005	2.25086117	0.00000000
0.22400005	2.25086117	0.00000000
0.22800005	2.25086117	0.00000000
0.23200005	2.25086117	0.00000000
0.23600005	2.25086117	0.00000000
0.24000005	2.25086117	0.00000000
0.24400005	2.25086117	0.00000000
0.24800005	2.25086117	0.00000000
0.25200005	2.25086117	0.00000000
0.25600005	2.25086117	0.00000000
0.26000005	2.25086117	-0.01574803
0.26400005	2.25086117	0.00000000
0.26800005	2.25086117	0.00000000
0.27200005	2.25086117	0.00000000
0.27600005	2.25086117	0.00000000
0.28000005	2.25086117	0.00000000
0.28400005	2.25086117	0.00000000
0.28800005	2.25086117	0.00000000
0.29200005	2.25086117	0.00000000
0.29600005	2.25086117	0.01574803
0.30000005	2.25086117	0.00000000
0.30400005	2.25086117	0.01574803
0.30800005	2.25086117	0.00000000
0.31200005	2.25086117	0.00000000
0.31600005	2.25086117	0.00000000
0.32000005	2.25086117	0.00000000
0.32400005	2.25086117	0.00000000
0.32800004	2.25086117	0.00000000
0.33200004	2.25086117	0.00000000
0.33600004	2.25086117	0.00000000
0.34000004	2.25086117	0.00000000
0.34400004	2.25086117	0.00000000
0.34800004	2.25086117	0.00000000
0.35200004	2.25086117	0.00000000
0.35600004	2.25086117	0.00000000
0.36000004	2.25086117	0.00000000
0.36400004	2.25086117	0.00000000
0.36800004	2.25086117	0.00000000
0.37200004	2.25086117	0.00000000
0.37600004	2.25086117	0.00000000
0.38000004	2.25086117	0.00000000
0.38400004	2.25086117	0.00000000
0.38800004	2.25086117	0.00000000
0.39200004	2.25086117	0.00000000
0.39600004	2.25086117	0.00000000
0.40000004	2.25086117	0.00000000
0.40400004	2.25086117	0.00000000
0.40800004	2.25086117	0.00000000
0.41200004	2.25086117	0.00000000
0.41600004	2.25086117	0.00000000
0.42000004	2.25086117	0.00000000
0.42400004	2.25086117	0.00000000
0.42800004	2.25086117	0.00000000
0.43200004	2.25086117	0.00000000
0.43600004	2.25086117	0.00000000
0.44000004	2.25086117	0.00000000
0.44400004	2.25086117	0.00000000
0.44800004	2.25086117	0.00000000
0.45200004	2.25086117	0.00000000
0.45600004	2.25086117	0.00000000
0.46000004	2.25086117	0.00000000
0.46400004	2.25086117	0.00000000
0.46800004	2.25086117	0.00000000
0.47200004	2.25086117	0.01574803
0.47600004	2.25086117	0.00000000
0.48000004	2.25086117	0.00000000
0.48400004	2.25086117	0.00000000
0.48800004	2.25086117	0.00000000
0.49200004	2.25086117	0.00000000
0.49600004	2.25086117	0.00000000
0.50000004	2.25086117	0.00000000
0.50400004	2.25086117	0.00000000
0.50800004	2.25086117	0.00000000
0.51200004	2.25086117	0.00000000
0.51600004	2.25086117	0.00000000
0.52000004	2.25086117	0.00000000
0.52400004	2.25086117	0.00000000
0.52800004	2.25086117	0.00000000
0.53200004	2.25086117	0.00000000
0.53600004	2.25086117	0.00000000
0.54000004	2.25086117	0.00000000
0.54400004	2.25086117	0.00000000
0.54800004	2.25086117	0.00000000
0.55200004	2.25086117	0.00000000
0.55600004	2.25086117	0.00000000
0.56000004	2.25086117	0.00000000
0.56400004	2.25086117	0.00000000
0.56800004	2.25086117	0.00000000
0.57200004	2.25086117	0.00000000
0.57600004	2.25086117	0.00000000
0.58000004	2.25086117	0.00000000
0.58400004	2.25086117	0.00000000
0.58800004	2.25086117	0.00000000
0.59200004	2.25086117	0.00000000
0.59600004	2.25086117	0.00000000
0.60000004	2.25086117	0.00000000
0.60400004	2.25086117	0.00000000
0.60800004	2.25086117	0.00000000
0.61200004	2.25086117	0.00000000
0.61600004	2.25086117	0.00000000
0.62000004	2.25086117	0.00000000
0.62400004	2.25086117	0.00000000
0.62800004	2.25086117	0.00000000
0.63200004	2.25086117	0.00000000
0.63600004	2.25086117	0.00000000
0.64000004	2.25086117	0.00000000
0.64400004	2.25086117	0.00000000
0.64800004	2.25086117	0.00000000
0.65200004	2.25086117	0.00000000
0.65600004	2.25086117	0.00000000
0.66000004	2.25086117	0.00000000
0.66400004	2.25086117	0.00000000
0.66800004	2.25086117	0.00000000
0.67200004	2.25086117	0.00000000
0.67600004	2.25086117	0.00000000
0.68000003	2.25086117	0.00000000
0.68400003	2.25086117	0.00000000
0.68800003	2.25086117	0.00000000
0.69200003	2.25086117	0.00000000
0.69600003	2.25086117	0.00000000
0.70000003	2.25086117	0.00000000
0.70400003	2.25086117	0.00000000
0.70800003	2.25086117	0.00000000
0.71200003	2.25086117	0.00000000
0.71600003	2.25086117	0.00000000
0.72000003	2.25086117	0.00000000
0.72400003	2.25086117	0.00000000
0.72800003	2.25086117	0.00000000
0.73200003	2.25086117	0.00000000
0.73600003	2.25086117	0.00000000
0.74000003	2.25086117	0.00000000
0.74400003	2.25086117	0.00000000
0.74800003	2.25086117	0.00000000
0.75200003	2.25086117	0.00000000
0.75600003	2.25086117	0.00000000
0.76000003	2.25086117	0.00000000
0.76400003	2.25086117	0.00000000
0.76800003	2.25086117	0.00000000
0.77200003	2.25086117	0.00000000
0.77600003	2.25086117	0.00000000
0.78000003	2.25086117	0.00000000
0.78400003	2.25086117	0.00000000
0.78800003	2.25086117	0.00000000
0.79200003	2.25086117	0.00000000
0.79600003	2.25086117	0.00000000
0.80000003	2.41141725	0.00000000
0.80400003	2.41141725	0.00000000
0.80800003	2.41141725	0.01574803
0.81200003	2.41141725	0.01574803
0.81600003	2.41141725	0.01574803
0.82000003	2.73314476	0.03155758
0.82400003	2.73314476	0.03155758
0.82800003	2.73314476	0.03155758
0.83200003	2.41141725	0.00000000
0.83600003	2.09030509	-0.03155758
0.84000003	1.92913389	-0.03155758
0.84400003	1.92913389	-0.03155758
0.84800003	1.92913389	0.00000000
0.85200003	2.09030509	0.01574803
0.85600003	2.09030509	0.04736713
0.86000003	1.92913389	0.03155758
0.86400003	1.92913389	0.01574803
0.86800003	2.09030509	0.00000000
0.87200003	2.09030509	-0.03155758
0.87600003	1.76857769	-0.04736713
0.88000003	1.60740650	-0.06317668
0.88400003	1.44685042	-0.03155758
0.88800003	1.60740650	-0.01574803
0.89200003	1.76857769	0.00000000
0.89600003	1.44685042	0.03155758
0.90000003	1.76857769	0.03155758
0.90400003	2.25086117	0.01574803
0.90800003	2.25086117	0.03155758
0.91200003	1.76857769	0.00000000
0.91600003	1.92913389	-0.03155758
0.92000003	2.73314476	-0.01574803
0.92400003	2.57258868	0.00000000
0.92800003	3.05487204	0.00000000
0.93200003	2.73314476	0.01574803
0.93600003	2.09030509	0.03155758
0.94000003	2.41141725	0.00000000
0.94400003	3.05487204	-0.01574803
0.94800003	3.05487204	0.00000000
0.95200003	2.57258868	0.00000000
0.95600003	2.57258868	-0.01574803
0.96000003	2.41141725	0.00000000
0.96400003	2.25086117	0.00000000
0.96800003	2.57258868	-0.01574803
0.97200003	2.25086117	0.01574803
0.97600003	1.76857769	0.03155758
0.98000003	1.92913389	0.00000000
0.98400003	2.41141725	0.00000000
0.98800003	2.25086117	0.00000000
0.99200003	1.60740650	-0.01574803
0.99600003	1.76857769	-0.03155758
1.00000003	1.28629434	0.00000000
1.00400003	1.60740650	0.00000000
1.00800003	2.09030509	0.00000000
1.01200003	2.25086117	0.00000000
1.01600003	1.76857769	0.01574803
1.02000003	1.60740650	-0.01574803
1.02400003	2.09030509	0.00000000
1.02800003	2.73314476	-0.01574803
1.03200002	2.41141725	0.00000000
1.03600002	1.76857769	0.00000000
1.04000002	2.09030509	0.00000000
1.04400002	2.73314476	0.00000000
1.04800002	3.05487204	0.01574803
1.05200002	2.73314476	0.00000000
1.05600002	2.09030509	0.01574803
1.06000002	2.41141725	0.00000000
1.06400002	2.25086117	0.00000000
1.06800002	2.73314476	0.00000000
1.07200002	2.09030509	0.00000000
1.07600002	2.09030509	0.00000000
1.08000002	2.09030509	0.03155758
1.08400002	2.41141725	0.03155758
1.08800002	2.73314476	0.01574803
1.09200002	2.25086117	0.01574803
1.09600002	2.41141725	0.01574803
1.10000002	2.25086117	0.01574803
1.10400002	1.28629434	0.03155758
1.10800002	1.76857769	-0.01574803
1.11200002	2.25086117	-0.03155758
1.11600002	1.60740650	0.00000000
1.12000002	1.92913389	-0.01574803
1.12400002	1.44685042	0.00000000
1.12800002	3.37659931	-0.01574803
1.13200002	2.57258868	-0.03155758
1.13600002	1.76857769	-0.01574803
1.14000002	0.32111222	0.00000000
1.14400002	0.64283955	-0.01574803
1.14800002	3.21542811	0.00000000
1.15200002	3.21542811	-0.01574803
1.15600002	1.44685042	0.01574803
1.16000002	1.12512302	0.00000000
1.16400002	3.21542811	-0.01574803
1.16800002	4.50233746	0.01574803
1.17200002	2.25086117	0.03155758
1.17600002	0.96456695	-0.03155758
1.18000002	-0.16055611	0.01574803
1.18400002	2.25086117	0.01574803
1.18800002	3.69832683	0.00000000
1.19200002	2.09030509	0.04736713
1.19600002	-0.16055611	0.06317668
1.20000002	0.32111222	0.00000000
1.20400002	1.60740650	0.03155758
1.20800002	1.44685042	0.04736713
1.21200002	1.76857769	0.00000000
1.21600002	0.96456695	0.03155758
1.22000002	1.44685042	0.04736713
1.22400002	2.73314476	-0.01574803
1.22800002	2.57258868	-0.04736713
1.23200002	1.44685042	-0.06317668
1.23600002	1.28629434	-0.07898622
1.24000002	1.12512302	-0.01574803
1.24400002	1.12512302	-0.01574803
1.24800002	1.44685042	-0.04736713
1.25200002	1.60740650	-0.03155758
1.25600002	1.60740650	0.01574803
1.26000002	2.73314476	0.03155758
1.26400002	3.53715539	0.07898622
1.26800002	2.09030509	0.06317668
1.27200002	0.48228347	0.01574803
1.27600002	1.76857769	-0.01574803
1.28000002	4.82344961	0.00000000
1.28400002	6.11035919	0.03155758
1.28800002	2.73314476	0.03155758
1.29200002	1.12512302	-0.01574803
1.29600002	4.18061018	-0.06317668
1.30000002	3.85888290	-0.01574803
1.30400002	3.21542811	0.01574803
1.30800002	2.25086117	0.00000000
1.31200002	1.12512302	0.04736713
1.31600002	1.12512302	0.06317668
1.32000002	0.16055611	0.00000000
1.32400002	1.44685042	0.00000000
1.32800002	1.12512302	0.04736713
1.33200002	1.44685042	0.06317668
1.33600002	2.89431596	0.04736713
1.34000002	2.25086117	0.01574803
1.34400002	1.92913389	0.00000000
1.34800002	0.16055611	-0.03155758
1.35200002	-0.16055611	-0.03155758
1.35600002	1.60740650	-0.01574803
1.36000002	3.05487204	-0.04736713
1.36400002	2.89431596	-0.04736713
1.36800002	0.96456695	-0.01574803
1.37200002	0.16055611	-0.03155758
1.37600002	0.96456695	-0.01574803
1.38000002	2.41141725	-0.01574803
1.38400002	3.69832683	0.01574803
1.38800001	3.05487204	0.06317668
1.39200001	3.53715539	0.06317668
1.39600001	3.53715539	0.04736713
1.40000001	3.05487204	0.04736713
1.40400001	3.37659931	0.00000000
1.40800001	4.01943874	0.01574803
1.41200001	4.66289377	0.06317668
1.41600001	4.66289377	0.04736713
1.42000001	4.34116650	0.03155758
1.42400001	4.18061018	0.00000000
1.42800001	4.18061018	-0.01574803
1.43200001	4.50233746	0.03155758
1.43600001	4.34116650	0.06317668
1.44000001	4.01943874	0.04736713
1.44400001	3.37659931	0.01574803
1.44800001	2.89431596	0.00000000
1.45200001	3.69832683	-0.01574803
1.45600001	4.01943874	0.01574803
1.46000001	3.53715539	0.01574803
1.46400001	2.41141725	0.00000000
1.46800001	2.09030509	-0.03155758
1.47200001	2.73314476	-0.06317668
1.47600001	3.05487204	-0.07898622
1.48000001	3.21542811	-0.03155758
1.48400001	2.89431596	-0.01574803
1.48800001	2.73314476	0.00000000
1.49200001	2.73314476	0.01574803
1.49600001	2.73314476	0.00000000
1.50000001	3.21542811	0.01574803
1.50400001	3.69832683	0.06317668
1.50800001	3.69832683	0.11054380
1.51200001	3.37659931	0.11054380
1.51600001	2.73314476	0.07898622
1.52000001	2.89431596	0.03155758
1.52400001	3.37659931	0.03155758
1.52800001	3.85888290	0.06317668
1.53200001	3.85888290	0.06317668
1.53600001	3.53715539	0.03155758
1.54000001	3.21542811	0.00000000
1.54400001	2.89431596	-0.03155758
1.54800001	3.05487204	-0.03155758
1.55200001	3.69832683	0.00000000
1.55600001	4.18061018	0.01574803
1.56000001	4.01943874	0.01574803
1.56400001	3.05487204	0.01574803
1.56800001	2.57258868	0.00000000
1.57200001	3.05487204	0.00000000
1.57600001	4.01943874	0.03155758
1.58000001	4.34116650	0.03155758
1.58400001	4.01943874	0.04736713
1.58800001	3.21542811	0.03155758
1.59200001	2.73314476	0.01574803
1.59600001	2.89431596	0.01574803
1.60000001	3.53715539	0.01574803
1.60400001	4.18061018	0.01574803
1.60800001	4.50233746	0.04736713
1.61200001	4.18061018	0.04736713
1.61600001	3.85888290	0.03155758
1.62000001	3.37659931	0.03155758
1.62400001	4.01943874	0.01574803
1.62800001	4.66289377	0.03155758
1.63200001	4.98462105	0.04736713
1.63600001	4.82344961	0.04736713
1.64000001	4.34116650	0.01574803
1.64400001	4.01943874	0.01574803
1.64800001	4.18061018	0.01574803
1.65200001	4.82344961	0.01574803
1.65600001	5.14517736	0.04736713
1.66000001	4.82344961	0.04736713
1.66400001	4.34116650	0.04736713
1.66800001	4.34116650	0.03155758
1.67200001	4.82344961	0.03155758
1.67600001	5.30634832	0.04736713
1.68000001	5.30634832	0.06317668
1.68400001	4.66289377	0.06317668
1.68800001	4.66289377	0.04736713
1.69200001	4.98462105	0.03155758
1.69600001	5.14517736	0.03155758
1.70000001	4.98462105	0.03155758
1.70400001	4.82344961	0.03155758
1.70800001	4.98462105	0.01574803
1.71200001	5.46690464	0.01574803
1.71600001	5.30634832	0.00000000
1.72000001	5.14517736	0.00000000
1.72400001	4.98462105	0.01574803
1.72800001	5.14517736	0.03155758
1.73200001	5.14517736	0.04736713
1.73600001	4.82344961	0.03155758
1.74000000	5.14517736	0.03155758
1.74400000	5.46690464	0.04736713
1.74800000	5.46690464	0.06317668
1.75200000	5.14517736	0.07898622
1.75600000	4.66289377	0.07898622
1.76000000	4.66289377	0.06317668
1.76400000	4.66289377	0.06317668
1.76800000	4.98462105	0.07898622
1.77200000	5.14517736	0.07898622
1.77600000	5.30634832	0.07898622
1.78000000	5.14517736	0.06317668
1.78400000	4.82344961	0.06317668
1.78800000	4.66289377	0.04736713
1.79200000	4.50233746	0.04736713
1.79600000	4.98462105	0.03155758
1.80000000	5.30634832	0.04736713
1.80400000	5.30634832	0.03155758
1.80800000	5.30634832	0.03155758
1.81200000	4.98462105	0.03155758
1.81600000	4.50233746	0.03155758
1.82000000	4.34116650	0.01574803
1.82400000	4.66289377	0.03155758
1.82800000	5.30634832	0.03155758
1.83200000	5.62746048	0.03155758
1.83600000	4.98462105	0.04736713
1.84000000	4.34116650	0.06317668
1.84400000	4.50233746	0.04736713
1.84800000	4.98462105	0.06317668
1.85200000	5.30634832	0.07898622
1.85600000	5.14517736	0.09479577
1.86000000	4.98462105	0.09479577
1.86400000	5.14517736	0.11054380
1.86800000	4.98462105	0.09479577
1.87200000	4.50233746	0.07898622
1.87600000	4.66289377	0.06317668
1.88000000	5.46690464	0.06317668
1.88400000	5.62746048	0.07898622
1.88800000	5.14517736	0.06317668
1.89200000	4.66289377	0.03155758
1.89600000	4.66289377	0.03155758
1.90000000	4.98462105	0.04736713
1.90400000	4.98462105	0.04736713
1.90800000	4.98462105	0.04736713
1.91200000	5.14517736	0.04736713
1.91600000	5.30634832	0.04736713
1.92000000	4.98462105	0.04736713
1.92400000	4.50233746	0.04736713
1.92800000	4.34116650	0.06317668
1.93200000	4.98462105	0.06317668
1.93600000	5.30634832	0.07898622
1.94000000	5.30634832	0.07898622
1.94400000	4.98462105	0.07898622
1.94800000	4.66289377	0.09479577
1.95200000	4.50233746	0.09479577
1.95600000	4.66289377	0.07898622
1.96000000	5.14517736	0.07898622
1.96400000	5.14517736	0.07898622
1.96800000	5.14517736	0.09479577
1.97200000	4.66289377	0.07898622
1.97600000	4.66289377	0.07898622
1.98000000	4.66289377	0.06317668
1.98400000	4.82344961	0.07898622
1.98800000	4.98462105	0.07898622
1.99200000	4.98462105	0.06317668
1.99600000	4.98462105	0.06317668
2.00000000	4.98462105	0.06317668
2.00400000	4.66289377	0.06317668
2.00800000	4.50233746	0.06317668
2.01200000	4.66289377	0.06317668
2.01600000	4.98462105	0.07898622
2.02000000	4.98462105	0.07898622
2.02400000	4.98462105	0.07898622
2.02800000	4.98462105	0.07898622
2.03200000	4.98462105	0.09479577
2.03600000	4.82344961	0.09479577
2.04000000	4.50233746	0.09479577
2.04400000	4.66289377	0.09479577
2.04800000	5.14517736	0.07898622
2.05200000	5.46690464	0.09479577
2.05600000	5.14517736	0.09479577
2.06000000	4.66289377	0.09479577
2.06400000	4.50233746	0.07898622
2.06800000	4.82344961	0.07898622
2.07200000	5.14517736	0.07898622
2.07600000	5.14517736	0.07898622
2.08000000	5.30634832	0.07898622
2.08400000	5.14517736	0.07898622
2.08800000	5.14517736	0.09479577
2.09200000	4.66289377	0.07898622
2.09599999	4.66289377	0.07898622
2.09999999	4.98462105	0.09479577
2.10399999	4.98462105	0.09479577
2.10799999	5.46690464	0.09479577
2.11199999	5.14517736	0.11054380
2.11599999	4.82344961	0.09479577
2.11999999	4.34116650	0.09479577
2.12399999	4.34116650	0.09479577
2.12799999	4.82344961	0.11054380
2.13199999	5.14517736	0.09479577
2.13599999	5.46690464	0.11054380
2.13999999	4.82344961	0.11054380
2.14399999	4.50233746	0.09479577
2.14799999	4.34116650	0.09479577
2.15199999	4.66289377	0.09479577
2.15599999	4.98462105	0.09479577
2.15999999	4.82344961	0.09479577
2.16399999	4.98462105	0.09479577
2.16799999	4.66289377	0.09479577
2.17199999	4.50233746	0.09479577
2.17599999	4.34116650	0.07898622
2.17999999	4.50233746	0.09479577
2.18399999	4.98462105	0.11054380
2.18799999	5.14517736	0.11054380
2.19199999	4.82344961	0.11054380
2.19599999	4.50233746	0.11054380
2.19999999	4.50233746	0.11054380
2.20399999	4.66289377	0.11054380
2.20799999	4.66289377	0.12635335
2.21199999	4.82344961	0.11054380
2.21599999	4.98462105	0.12635335
2.21999999	4.98462105	0.11054380
2.22399999	4.98462105	0.11054380
2.22799999	4.66289377	0.11054380
2.23199999	4.50233746	0.11054380
2.23599999	4.82344961	0.09479577
2.23999999	4.98462105	0.11054380
2.24399999	5.14517736	0.09479577
2.24799999	5.14517736	0.09479577
2.25199999	4.82344961	0.09479577
2.25599999	4.82344961	0.09479577
2.25999999	4.82344961	0.09479577
2.26399999	4.98462105	0.11054380
2.26799999	4.82344961	0.11054380
2.27199999	4.98462105	0.11054380
2.27599999	4.98462105	0.12635335
2.27999999	5.30634832	0.11054380
2.28399999	4.98462105	0.11054380
2.28799999	4.66289377	0.12635335
2.29199999	4.34116650	0.12635335
2.29599999	4.50233746	0.11054380
2.29999999	5.14517736	0.11054380
2.30399999	5.30634832	0.12635335
2.30799999	5.14517736	0.12635335
2.31199999	4.66289377	0.12635335
2.31599999	4.34116650	0.12635335
2.31999999	4.50233746	0.11054380
2.32399999	4.66289377	0.11054380
2.32799999	5.30634832	0.11054380
2.33199999	5.30634832	0.11054380
2.33599999	5.14517736	0.12635335
2.33999999	4.66289377	0.12635335
2.34399999	4.34116650	0.11054380
2.34799999	4.66289377	0.11054380
2.35199999	5.14517736	0.11054380
2.35599999	5.62746048	0.12635335
2.35999999	5.30634832	0.14216289
2.36399999	4.98462105	0.12635335
2.36799999	4.66289377	0.11054380
2.37199999	4.82344961	0.11054380
2.37599999	5.14517736	0.12635335
2.37999999	5.62746048	0.14216289
2.38399999	5.62746048	0.14216289
2.38799999	5.30634832	0.14216289
2.39199999	5.14517736	0.12635335
2.39599999	4.98462105	0.12635335
2.39999999	5.30634832	0.12635335
2.40399999	5.46690464	0.12635335
2.40799999	5.62746048	0.14216289
2.41199999	5.62746048	0.12635335
2.41599999	5.30634832	0.11054380
2.41999999	5.30634832	0.11054380
2.42399999	5.30634832	0.11054380
2.42799999	5.30634832	0.11054380
2.43199999	5.14517736	0.12635335
2.43599999	4.98462105	0.14216289
2.43999999	5.14517736	0.12635335
2.44399999	5.14517736	0.14216289
2.44799998	4.34116650	0.15797244
2.45199998	4.18061018	0.14216289
2.45599998	5.14517736	0.14216289
2.45999998	6.11035919	0.15797244
2.46399998	6.11035919	0.15797244
2.46799998	4.50233746	0.15797244
2.47199998	3.53715539	0.15797244
2.47599998	4.01943874	0.11054380
2.47999998	5.46690464	0.09479577
2.48399998	6.11035919	0.11054380
2.48799998	5.78863192	0.12635335
2.49199998	4.82344961	0.12635335
2.49599998	4.01943874	0.14216289
2.49999998	4.01943874	0.11054380
2.50399998	4.50233746	0.11054380
2.50799998	5.46690464	0.12635335
2.51199998	6.43147135	0.15797244
2.51599998	5.94918776	0.18959154
2.51999998	4.66289377	0.17378199
2.52399998	3.85888290	0.11054380
2.52799998	4.01943874	0.09479577
2.53199998	5.30634832	0.12635335
2.53599998	6.11035919	0.17378199
2.53999998	5.94918776	0.18959154
2.54399998	4.98462105	0.17378199
2.54799998	4.18061018	0.14216289
2.55199998	4.01943874	0.14216289
2.55599998	4.82344961	0.15797244
2.55999998	5.78863192	0.18959154
2.56399998	6.11035919	0.18959154
2.56799998	5.46690464	0.15797244
2.57199998	4.34116650	0.12635335
2.57599998	3.85888290	0.11054380
2.57999998	4.50233746	0.11054380
2.58399998	5.62746048	0.14216289
2.58799998	5.78863192	0.15797244
2.59199998	5.14517736	0.14216289
2.59599998	4.66289377	0.11054380
2.59999998	4.66289377	0.11054380
2.60399998	4.82344961	0.11054380
2.60799998	4.98462105	0.14216289
2.61199998	5.14517736	0.15797244
2.61599998	5.46690464	0.15797244
2.61999998	5.30634832	0.14216289
2.62399998	4.66289377	0.14216289
2.62799998	4.50233746	0.14216289
2.63199998	5.14517736	0.18959154
2.63599998	5.62746048	0.22114912
2.63999998	5.30634832	0.22114912
2.64399998	4.66289377	0.18959154
2.64799998	4.66289377	0.17378199
2.65199998	5.14517736	0.15797244
2.65599998	5.62746048	0.17378199
2.65999998	5.46690464	0.18959154
2.66399998	4.98462105	0.17378199
2.66799998	4.50233746	0.14216289
2.67199998	4.66289377	0.12635335
2.67599998	5.30634832	0.11054380
2.67999998	5.62746048	0.12635335
2.68399998	5.78863192	0.14216289
2.68799998	5.14517736	0.15797244
2.69199998	4.50233746	0.14216289
2.69599998	4.50233746	0.12635335
2.69999998	4.82344961	0.12635335
2.70399998	5.46690464	0.15797244
2.70799998	5.62746048	0.18959154
2.71199998	5.14517736	0.20533957
2.71599998	4.82344961	0.18959154
2.71999998	4.50233746	0.17378199
2.72399998	4.50233746	0.15797244
2.72799998	5.30634832	0.17378199
2.73199998	5.78863192	0.18959154
2.73599998	5.78863192	0.20533957
2.73999998	4.98462105	0.18959154
2.74399998	4.34116650	0.17378199
2.74799998	4.50233746	0.15797244
2.75199998	5.30634832	0.15797244
2.75599998	5.78863192	0.17378199
2.75999998	5.46690464	0.18959154
2.76399998	5.14517736	0.15797244
2.76799998	4.82344961	0.14216289
2.77199998	4.66289377	0.14216289
2.77599998	4.82344961	0.14216289
2.77999998	5.14517736	0.15797244
2.78399998	5.46690464	0.17378199
2.78799998	5.30634832	0.17378199
2.79199998	4.82344961	0.17378199
2.79599998	4.50233746	0.15797244
2.79999997	4.82344961	0.17378199
2.80399997	5.30634832	0.17378199
2.80799997	5.46690464	0.20533957
2.81199997	5.14517736	0.20533957
2.81599997	4.98462105	0.18959154
2.81999997	4.98462105	0.17378199
2.82399997	4.82344961	0.18959154
2.82799997	4.98462105	0.18959154
2.83199997	5.14517736	0.18959154
2.83599997	5.30634832	0.18959154
2.83999997	5.30634832	0.17378199
2.84399997	4.98462105	0.17378199
2.84799997	4.82344961	0.15797244
2.85199997	5.14517736	0.15797244
2.85599997	5.30634832	0.17378199
2.85999997	5.14517736	0.17378199
2.86399997	5.14517736	0.17378199
2.86799997	5.14517736	0.17378199
2.87199997	5.14517736	0.17378199
2.87599997	5.14517736	0.17378199
2.87999997	5.14517736	0.18959154
2.88399997	4.98462105	0.18959154
2.88799997	5.14517736	0.18959154
2.89199997	5.14517736	0.18959154
2.89599997	5.14517736	0.20533957
2.89999997	4.98462105	0.18959154
2.90399997	5.14517736	0.20533957
2.90799997	4.98462105	0.20533957
2.91199997	4.98462105	0.20533957
2.91599997	4.82344961	0.18959154
2.91999997	4.98462105	0.18959154
2.92399997	5.14517736	0.18959154
2.92799997	5.14517736	0.18959154
2.93199997	4.98462105	0.18959154
2.93599997	4.98462105	0.17378199
2.93999997	4.98462105	0.17378199
2.94399997	5.14517736	0.17378199
2.94799997	5.14517736	0.17378199
2.95199997	5.14517736	0.17378199
2.95599997	5.14517736	0.17378199
2.95999997	5.14517736	0.18959154
2.96399997	4.98462105	0.18959154
2.96799997	4.82344961	0.18959154
2.97199997	4.98462105	0.18959154
2.97599997	5.14517736	0.20533957
2.97999997	5.30634832	0.20533957
2.98399997	5.14517736	0.22114912
2.98799997	5.14517736	0.22114912
2.99199997	4.98462105	0.22114912
2.99599997	4.98462105	0.20533957
2.99999997	5.14517736	0.20533957
3.00399997	5.30634832	0.20533957
3.00799997	5.30634832	0.20533957
3.01199997	5.14517736	0.20533957
3.01599997	4.98462105	0.20533957
3.01999997	5.14517736	0.18959154
3.02399997	5.14517736	0.18959154
3.02799997	5.14517736	0.18959154
3.03199997	5.14517736	0.18959154
3.03599997	5.14517736	0.18959154
3.03999997	5.14517736	0.18959154
3.04399997	4.98462105	0.18959154
3.04799997	4.98462105	0.18959154
3.05199997	5.14517736	0.18959154
3.05599997	5.46690464	0.20533957
3.05999997	5.46690464	0.20533957
3.06399997	5.14517736	0.20533957
3.06799997	4.98462105	0.20533957
3.07199997	4.98462105	0.20533957
3.07599997	5.30634832	0.20533957
3.07999997	5.30634832	0.20533957
3.08399997	5.30634832	0.20533957
3.08799997	5.14517736	0.22114912
3.09199997	5.14517736	0.20533957
3.09599997	5.14517736	0.20533957
3.09999997	5.14517736	0.20533957
3.10399997	5.30634832	0.20533957
3.10799997	5.30634832	0.20533957
3.11199997	5.14517736	0.20533957
3.11599997	5.30634832	0.20533957
3.11999997	5.14517736	0.20533957
3.12399997	5.14517736	0.20533957
3.12799997	5.30634832	0.20533957
3.13199997	5.14517736	0.20533957
3.13599997	5.14517736	0.20533957
3.13999997	5.14517736	0.20533957
3.14399997	5.30634832	0.20533957
3.14799997	5.30634832	0.20533957
3.15199997	5.30634832	0.22114912
3.15599996	5.14517736	0.22114912
3.15999996	5.14517736	0.22114912
3.16399996	5.14517736	0.22114912
3.16799996	5.14517736	0.22114912
3.17199996	5.30634832	0.22114912
3.17599996	5.30634832	0.22114912
3.17999996	5.30634832	0.22114912
3.18399996	5.30634832	0.22114912
3.18799996	5.30634832	0.22114912
3.19199996	5.30634832	0.22114912
3.19599996	5.30634832	0.22114912
3.19999996	5.14517736	0.22114912
3.20399996	5.30634832	0.22114912
3.20799996	5.30634832	0.22114912
3.21199996	5.30634832	0.22114912
3.21599996	5.30634832	0.22114912
3.21999996	5.30634832	0.22114912
3.22399996	5.46690464	0.22114912
3.22799996	5.30634832	0.22114912
3.23199996	5.30634832	0.22114912
3.23599996	5.30634832	0.22114912
3.23999996	5.30634832	0.22114912
3.24399996	5.30634832	0.22114912
3.24799996	5.30634832	0.22114912
3.25199996	5.30634832	0.22114912
3.25599996	5.46690464	0.22114912
3.25999996	5.46690464	0.23695867
3.26399996	5.30634832	0.23695867
3.26799996	5.14517736	0.22114912
3.27199996	5.30634832	0.22114912
3.27599996	5.46690464	0.22114912
3.27999996	5.30634832	0.22114912
3.28399996	5.30634832	0.22114912
3.28799996	5.30634832	0.22114912
3.29199996	5.46690464	0.22114912
3.29599996	5.30634832	0.23695867
3.29999996	5.30634832	0.22114912
3.30399996	5.30634832	0.22114912
3.30799996	5.30634832	0.23695867
3.31199996	5.46690464	0.23695867
3.31599996	5.30634832	0.23695867
3.31999996	5.30634832	0.23695867
3.32399996	5.30634832	0.23695867
3.32799996	5.46690464	0.23695867
3.33199996	5.30634832	0.23695867
3.33599996	5.14517736	0.23695867
3.33999996	5.30634832	0.23695867
3.34399996	5.30634832	0.23695867
3.34799996	5.30634832	0.23695867
3.35199996	5.30634832	0.23695867
3.35599996	5.46690464	0.23695867
3.35999996	5.46690464	0.23695867
3.36399996	5.30634832	0.23695867
3.36799996	5.14517736	0.23695867
3.37199996	5.30634832	0.23695867
3.37599996	5.46690464	0.23695867
3.37999996	5.46690464	0.23695867
3.38399996	5.30634832	0.23695867
3.38799996	5.30634832	0.23695867
3.39199996	5.46690464	0.23695867
3.39599996	5.30634832	0.23695867
3.39999996	5.30634832	0.23695867
3.40399996	5.30634832	0.23695867
3.40799996	5.46690464	0.25276822
3.41199996	5.46690464	0.25276822
3.41599996	5.30634832	0.25276822
3.41999996	5.30634832	0.23695867
3.42399996	5.14517736	0.25276822
3.42799996	5.30634832	0.25276822
3.43199996	5.46690464	0.25276822
3.43599996	5.46690464	0.25276822
3.43999996	5.46690464	0.25276822
3.44399996	5.30634832	0.25276822
3.44799996	5.14517736	0.25276822
3.45199996	5.14517736	0.23695867
3.45599996	5.30634832	0.23695867
3.45999996	5.46690464	0.23695867
3.46399996	5.46690464	0.25276822
3.46799996	5.30634832	0.25276822
3.47199996	5.30634832	0.23695867
3.47599996	5.30634832	0.23695867
3.47999996	5.30634832	0.25276822
3.48399996	5.30634832	0.25276822
3.48799996	5.30634832	0.25276822
3.49199996	5.46690464	0.25276822
3.49599996	5.46690464	0.25276822
3.49999996	5.14517736	0.25276822
3.50399996	4.98462105	0.25276822
3.50799995	5.14517736	0.25276822
3.51199995	5.46690464	0.25276822
3.51599995	5.46690464	0.25276822
3.51999995	5.30634832	0.25276822
3.52399995	5.30634832	0.25276822
3.52799995	5.30634832	0.25276822
3.53199995	5.14517736	0.25276822
3.53599995	5.30634832	0.25276822
3.53999995	5.30634832	0.25276822
3.54399995	5.46690464	0.25276822
3.54799995	5.46690464	0.25276822
3.55199995	5.14517736	0.25276822
3.55599995	5.14517736	0.25276822
3.55999995	5.14517736	0.25276822
3.56399995	5.30634832	0.25276822
3.56799995	5.46690464	0.26857775
3.57199995	5.46690464	0.26857775
3.57599995	5.30634832	0.26857775
3.57999995	5.30634832	0.25276822
3.58399995	5.14517736	0.26857775
3.58799995	5.14517736	0.26857775
3.59199995	5.30634832	0.26857775
3.59599995	5.30634832	0.26857775
3.59999995	5.30634832	0.26857775
3.60399995	5.14517736	0.25276822
3.60799995	5.14517736	0.25276822
3.61199995	5.30634832	0.26857775
3.61599995	5.30634832	0.26857775
3.61999995	5.14517736	0.26857775
3.62399995	5.14517736	0.26857775
3.62799995	5.14517736	0.25276822
3.63199995	5.30634832	0.25276822
3.63599995	5.30634832	0.26857775
3.63999995	5.30634832	0.26857775
3.64399995	5.14517736	0.26857775
3.64799995	5.14517736	0.26857775
3.65199995	5.14517736	0.26857775
3.65599995	5.30634832	0.26857775
3.65999995	5.30634832	0.26857775
3.66399995	5.30634832	0.26857775
3.66799995	5.30634832	0.26857775
3.67199995	5.14517736	0.26857775
3.67599995	4.98462105	0.26857775
3.67999995	5.14517736	0.26857775
3.68399995	5.30634832	0.26857775
3.68799995	5.46690464	0.28438729
3.69199995	5.30634832	0.26857775
3.69599995	5.14517736	0.26857775
3.69999995	5.14517736	0.26857775
3.70399995	5.30634832	0.26857775
3.70799995	5.30634832	0.26857775
3.71199995	5.30634832	0.28438729
3.71599995	5.46690464	0.26857775
3.71999995	5.46690464	0.28438729
3.72399995	5.14517736	0.26857775
3.72799995	5.14517736	0.26857775
3.73199995	5.30634832	0.26857775
3.73599995	5.62746048	0.28438729
3.73999995	5.46690464	0.28438729
3.74399995	5.14517736	0.28438729
3.74799995	5.14517736	0.26857775
3.75199995	5.30634832	0.26857775
3.75599995	5.46690464	0.28438729
3.75999995	5.30634832	0.28438729
3.76399995	5.30634832	0.28438729
3.76799995	5.30634832	0.28438729
3.77199995	5.30634832	0.28438729
3.77599995	5.14517736	0.28438729
3.77999995	5.30634832	0.26857775
3.78399995	5.46690464	0.28438729
3.78799995	5.46690464	0.28438729
3.79199995	5.46690464	0.28438729
3.79599995	5.30634832	0.28438729
3.79999995	5.30634832	0.28438729
3.80399995	5.30634832	0.26857775
3.80799995	5.46690464	0.28438729
3.81199995	5.46690464	0.28438729
3.81599995	5.46690464	0.28438729
3.81999995	5.30634832	0.28438729
3.82399995	5.30634832	0.28438729
3.82799995	5.46690464	0.28438729
3.83199995	5.46690464	0.28438729
3.83599995	5.46690464	0.28438729
3.83999995	5.46690464	0.28438729
3.84399995	5.30634832	0.28438729
3.84799995	5.30634832	0.28438729
3.85199995	5.30634832	0.28438729
3.85599995	5.62746048	0.30013534
3.85999995	5.62746048	0.28438729
3.86399994	5.46690464	0.30013534
3.86799994	5.30634832	0.28438729
3.87199994	5.30634832	0.30013534
3.87599994	5.46690464	0.28438729
3.87999994	5.46690464	0.30013534
3.88399994	5.46690464	0.28438729
3.88799994	5.46690464	0.30013534
3.89199994	5.62746048	0.28438729
3.89599994	5.46690464	0.30013534
3.89999994	5.30634832	0.28438729
3.90399994	5.46690464	0.28438729
3.90799994	5.62746048	0.30013534
3.91199994	5.62746048	0.30013534
3.91599994	5.30634832	0.30013534
3.91999994	5.30634832	0.28438729
3.92399994	5.46690464	0.28438729
3.92799994	5.78863192	0.30013534
3.93199994	5.62746048	0.30013534
3.93599994	5.46690464	0.30013534
3.93999994	5.46690464	0.30013534
3.94399994	5.46690464	0.30013534
3.94799994	5.46690464	0.30013534
3.95199994	5.30634832	0.30013534
3.95599994	5.46690464	0.30013534
3.95999994	5.78863192	0.30013534
3.96399994	5.62746048	0.30013534
3.96799994	5.46690464	0.30013534
3.97199994	5.30634832	0.30013534
3.97599994	5.46690464	0.30013534
3.97999994	5.62746048	0.30013534
3.98399994	5.62746048	0.31594488
3.98799994	5.62746048	0.30013534
3.99199994	5.46690464	0.30013534
3.99599994	5.46690464	0.30013534
3.99999994	5.30634832	0.30013534
4.00399994	5.30634832	0.30013534
4.00799994	5.46690464	0.31594488
4.01199994	5.62746048	0.30013534
4.01599994	5.62746048	0.30013534
4.01999994	5.46690464	0.30013534
4.02399994	5.30634832	0.30013534
4.02799994	5.30634832	0.30013534
4.03199994	5.46690464	0.30013534
4.03599994	5.62746048	0.30013534
4.03999994	5.62746048	0.31594488
4.04399994	5.62746048	0.30013534
4.04799994	5.46690464	0.30013534
4.05199994	5.30634832	0.30013534
4.05599994	5.30634832	0.31594488
4.05999994	5.30634832	0.30013534
4.06399994	5.46690464	0.31594488
4.06799994	5.62746048	0.31594488
4.07199994	5.62746048	0.31594488
4.07599994	5.46690464	0.31594488
4.07999994	5.46690464	0.31594488
4.08399994	5.46690464	0.31594488
4.08799994	5.46690464	0.31594488
4.09199994	5.46690464	0.31594488
4.09599994	5.46690464	0.31594488
4.09999994	5.46690464	0.31594488
4.10399994	5.46690464	0.31594488
4.10799994	5.46690464	0.31594488
4.11199994	5.46690464	0.31594488
4.11599994	5.46690464	0.31594488
4.11999994	5.46690464	0.31594488
4.12399994	5.46690464	0.31594488
4.12799994	5.46690464	0.31594488
4.13199994	5.46690464	0.31594488
4.13599994	5.46690464	0.31594488
4.13999994	5.46690464	0.31594488
4.14399994	5.46690464	0.31594488
4.14799994	5.46690464	0.31594488
4.15199994	5.46690464	0.31594488
4.15599994	5.46690464	0.31594488
4.15999994	5.46690464	0.33175442
4.16399994	5.46690464	0.31594488
4.16799994	5.46690464	0.31594488
4.17199994	5.62746048	0.31594488
4.17599994	5.46690464	0.31594488
4.17999994	5.46690464	0.31594488
4.18399994	5.62746048	0.31594488
4.18799994	5.62746048	0.31594488
4.19199994	5.46690464	0.31594488
4.19599994	5.46690464	0.31594488
4.19999994	5.46690464	0.31594488
4.20399994	5.46690464	0.31594488
4.20799994	5.62746048	0.33175442
4.21199994	5.62746048	0.33175442
4.21599993	5.46690464	0.33175442
4.21999993	5.46690464	0.31594488
4.22399993	5.46690464	0.33175442
4.22799993	5.46690464	0.33175442
4.23199993	5.46690464	0.33175442
4.23599993	5.62746048	0.33175442
4.23999993	5.62746048	0.33175442
4.24399993	5.46690464	0.33175442
4.24799993	5.46690464	0.33175442
4.25199993	5.46690464	0.33175442
4.25599993	5.62746048	0.33175442
4.25999993	5.62746048	0.33175442
4.26399993	5.62746048	0.33175442
4.26799993	5.46690464	0.33175442
4.27199993	5.46690464	0.33175442
4.27599993	5.46690464	0.33175442
4.27999993	5.46690464	0.33175442
4.28399993	5.46690464	0.33175442
4.28799993	5.62746048	0.33175442
4.29199993	5.62746048	0.33175442
4.29599993	5.62746048	0.33175442
4.29999993	5.46690464	0.33175442
4.30399993	5.30634832	0.33175442
4.30799993	5.46690464	0.33175442
4.31199993	5.46690464	0.33175442
4.31599993	5.62746048	0.33175442
4.31999993	5.62746048	0.33175442
4.32399993	5.46690464	0.33175442
4.32799993	5.30634832	0.33175442
4.33199993	5.30634832	0.33175442
4.33599993	5.46690464	0.33175442
4.33999993	5.46690464	0.33175442
4.34399993	5.62746048	0.34756398
4.34799993	5.46690464	0.34756398
4.35199993	5.30634832	0.33175442
4.35599993	5.30634832	0.33175442
4.35999993	5.46690464	0.33175442
4.36399993	5.46690464	0.33175442
4.36799993	5.46690464	0.34756398
4.37199993	5.46690464	0.34756398
4.37599993	5.46690464	0.34756398
4.37999993	5.46690464	0.33175442
4.38399993	5.46690464	0.34756398
4.38799993	5.46690464	0.34756398
4.39199993	5.46690464	0.34756398
4.39599993	5.46690464	0.34756398
4.39999993	5.46690464	0.34756398
4.40399993	5.46690464	0.34756398
4.40799993	5.46690464	0.34756398
4.41199993	5.46690464	0.34756398
4.41599993	5.46690464	0.34756398
4.41999993	5.46690464	0.34756398
4.42399993	5.46690464	0.34756398
4.42799993	5.46690464	0.34756398
4.43199993	5.46690464	0.34756398
4.43599993	5.46690464	0.34756398
4.43999993	5.46690464	0.34756398
4.44399993	5.46690464	0.34756398
4.44799993	5.46690464	0.34756398
4.45199993	5.46690464	0.34756398
4.45599993	5.46690464	0.34756398
4.45999993	5.46690464	0.34756398
4.46399993	5.46690464	0.34756398
4.46799993	5.46690464	0.34756398
4.47199993	5.46690464	0.34756398
4.47599993	5.46690464	0.34756398
4.47999993	5.46690464	0.34756398
4.48399993	5.46690464	0.34756398
4.48799993	5.46690464	0.34756398
4.49199993	5.46690464	0.34756398
4.49599993	5.46690464	0.34756398
4.49999993	5.46690464	0.34756398
4.50399993	5.46690464	0.36337352
4.50799993	5.46690464	0.34756398
4.51199993	5.46690464	0.36337352
4.51599993	5.30634832	0.34756398
4.51999993	5.46690464	0.36337352
4.52399993	5.46690464	0.34756398
4.52799993	5.62746048	0.36337352
4.53199993	5.46690464	0.36337352
4.53599993	5.46690464	0.36337352
4.53999993	5.46690464	0.36337352
4.54399993	5.46690464	0.36337352
4.54799993	5.30634832	0.36337352
4.55199993	5.46690464	0.36337352
4.55599993	5.62746048	0.34756398
4.55999993	5.62746048	0.36337352
4.56399993	5.46690464	0.36337352
4.56799992	5.30634832	0.36337352
4.57199992	5.30634832	0.34756398
4.57599992	5.46690464	0.36337352
4.57999992	5.46690464	0.36337352
4.58399992	5.46690464	0.36337352
4.58799992	5.46690464	0.36337352
4.59199992	5.46690464	0.36337352
4.59599992	5.46690464	0.36337352
4.59999992	5.46690464	0.36337352
4.60399992	5.46690464	0.36337352
4.60799992	5.62746048	0.36337352
4.61199992	5.62746048	0.36337352
4.61599992	5.46690464	0.36337352
4.61999992	5.46690464	0.36337352
4.62399992	5.30634832	0.36337352
4.62799992	5.46690464	0.36337352
4.63199992	5.46690464	0.36337352
4.63599992	5.62746048	0.36337352
4.63999992	5.62746048	0.36337352
4.64399992	5.46690464	0.36337352
4.64799992	5.46690464	0.36337352
4.65199992	5.30634832	0.36337352
4.65599992	5.46690464	0.36337352
4.65999992	5.62746048	0.36337352
4.66399992	5.62746048	0.36337352
4.66799992	5.46690464	0.36337352
4.67199992	5.46690464	0.36337352
4.67599992	5.46690464	0.36337352
4.67999992	5.46690464	0.37918308
4.68399992	5.46690464	0.36337352
4.68799992	5.46690464	0.37918308
4.69199992	5.46690464	0.37918308
4.69599992	5.62746048	0.37918308
4.69999992	5.46690464	0.36337352
4.70399992	5.46690464	0.37918308
4.70799992	5.30634832	0.36337352
4.71199992	5.46690464	0.37918308
4.71599992	5.46690464	0.37918308
4.71999992	5.46690464	0.37918308
4.72399992	5.46690464	0.36337352
4.72799992	5.46690464	0.37918308
4.73199992	5.46690464	0.36337352
4.73599992	5.30634832	0.37918308
4.73999992	5.30634832	0.36337352
4.74399992	5.46690464	0.37918308
4.74799992	5.62746048	0.37918308
4.75199992	5.62746048	0.37918308
4.75599992	5.46690464	0.37918308
4.75999992	5.30634832	0.37918308
4.76399992	5.30634832	0.37918308
4.76799992	5.46690464	0.37918308
4.77199992	5.46690464	0.37918308
4.77599992	5.46690464	0.37918308
4.77999992	5.46690464	0.37918308
4.78399992	5.46690464	0.37918308
4.78799992	5.30634832	0.37918308
4.79199992	5.30634832	0.37918308
4.79599992	5.30634832	0.37918308
4.79999992	5.46690464	0.37918308
4.80399992	5.46690464	0.37918308
4.80799992	5.46690464	0.37918308
4.81199992	5.30634832	0.37918308
4.81599992	5.14517736	0.37918308
4.81999992	5.30634832	0.37918308
4.82399992	5.46690464	0.37918308
4.82799992	5.46690464	0.37918308
4.83199992	5.46690464	0.37918308
4.83599992	5.46690464	0.37918308
4.83999992	5.30634832	0.37918308
4.84399992	5.30634832	0.37918308
4.84799992	5.30634832	0.37918308
4.85199992	5.30634832	0.37918308
4.85599992	5.46690464	0.37918308
4.85999992	5.46690464	0.37918308
4.86399992	5.46690464	0.37918308
4.86799992	5.30634832	0.37918308
4.87199992	5.30634832	0.39493111
4.87599992	5.30634832	0.37918308
4.87999992	5.30634832	0.39493111
4.88399992	5.46690464	0.37918308
4.88799992	5.46690464	0.39493111
4.89199992	5.46690464	0.39493111
4.89599992	5.30634832	0.39493111
4.89999992	5.30634832	0.39493111
4.90399992	5.30634832	0.39493111
4.90799992	5.30634832	0.39493111
4.91199992	5.46690464	0.39493111
4.91599992	5.46690464	0.39493111
4.91999992	5.46690464	0.39493111
4.92399991	5.30634832	0.39493111
4.92799991	5.30634832	0.39493111
4.93199991	5.30634832	0.39493111
4.93599991	5.30634832	0.39493111
4.93999991	5.46690464	0.39493111
4.94399991	5.46690464	0.39493111
4.94799991	5.46690464	0.39493111
4.95199991	5.30634832	0.39493111
4.95599991	5.30634832	0.39493111
4.95999991	5.30634832	0.39493111
4.96399991	5.30634832	0.39493111
4.96799991	5.46690464	0.39493111
4.97199991	5.46690464	0.39493111
4.97599991	5.30634832	0.39493111
4.97999991	5.30634832	0.39493111
4.98399991	5.30634832	0.39493111
4.98799991	5.30634832	0.39493111
4.99199991	5.30634832	0.39493111
4.99599991	5.46690464	0.39493111
4.99999991	5.46690464	0.39493111
5.00399991	5.46690464	0.39493111
5.00799991	5.14517736	0.39493111
5.01199991	5.14517736	0.39493111
5.01599991	5.30634832	0.39493111
5.01999991	5.46690464	0.39493111
5.02399991	5.46690464	0.39493111
5.02799991	5.46690464	0.39493111
5.03199991	5.30634832	0.39493111
5.03599991	5.30634832	0.39493111
5.03999991	5.14517736	0.39493111
5.04399991	5.30634832	0.39493111
5.04799991	5.46690464	0.41074064
5.05199991	5.46690464	0.39493111
5.05599991	5.46690464	0.41074064
5.05999991	5.30634832	0.39493111
5.06399991	5.14517736	0.39493111
5.06799991	5.14517736	0.39493111
5.07199991	5.46690464	0.39493111
5.07599991	5.46690464	0.41074064
5.07999991	5.46690464	0.41074064
5.08399991	5.30634832	0.39493111
5.08799991	5.30634832	0.39493111
5.09199991	5.30634832	0.39493111
5.09599991	5.30634832	0.41074064
5.09999991	5.30634832	0.41074064
5.10399991	5.46690464	0.41074064
5.10799991	5.46690464	0.41074064
5.11199991	5.46690464	0.41074064
5.11599991	5.30634832	0.41074064
5.11999991	5.14517736	0.41074064
5.12399991	5.30634832	0.41074064
5.12799991	5.46690464	0.41074064
5.13199991	5.46690464	0.41074064
5.13599991	5.46690464	0.41074064
5.13999991	5.30634832	0.41074064
5.14399991	5.30634832	0.41074064
5.14799991	5.14517736	0.41074064
5.15199991	5.14517736	0.41074064
5.15599991	5.30634832	0.41074064
5.15999991	5.46690464	0.41074064
5.16399991	5.46690464	0.41074064
5.16799991	5.30634832	0.41074064
5.17199991	5.30634832	0.41074064
5.17599991	5.30634832	0.41074064
5.17999991	5.30634832	0.41074064
5.18399991	5.30634832	0.41074064
5.18799991	5.30634832	0.41074064
5.19199991	5.46690464	0.41074064
5.19599991	5.30634832	0.41074064
5.19999991	5.30634832	0.41074064
5.20399991	5.14517736	0.41074064
5.20799991	5.30634832	0.41074064
5.21199991	5.30634832	0.41074064
5.21599991	5.30634832	0.41074064
5.21999991	5.30634832	0.41074064
5.22399991	5.30634832	0.41074064
5.22799991	5.46690464	0.41074064
5.23199991	5.30634832	0.42655021
5.23599991	5.14517736	0.41074064
5.23999991	5.30634832	0.41074064
5.24399991	5.30634832	0.41074064
5.24799991	5.30634832	0.41074064
5.25199991	5.30634832	0.41074064
5.25599991	5.30634832	0.42655021
5.25999991	5.30634832	0.41074064
5.26399991	5.30634832	0.42655021
5.26799991	5.30634832	0.42655021
5.27199991	5.30634832	0.42655021
5.27599990	5.30634832	0.41074064
5.27999990	5.30634832	0.42655021
5.28399990	5.30634832	0.42655021
5.28799990	5.30634832	0.42655021
5.29199990	5.30634832	0.41074064
5.29599990	5.30634832	0.42655021
5.29999990	5.30634832	0.42655021
5.30399990	5.14517736	0.42655021
5.30799990	5.14517736	0.42655021
5.31199990	5.30634832	0.42655021
5.31599990	5.30634832	0.42655021
5.31999990	5.30634832	0.42655021
5.32399990	5.14517736	0.42655021
5.32799990	5.14517736	0.42655021
5.33199990	5.14517736	0.42655021
5.33599990	5.30634832	0.42655021
5.33999990	5.30634832	0.42655021
5.34399990	5.30634832	0.42655021
5.34799990	5.30634832	0.42655021
5.35199990	5.14517736	0.42655021
5.35599990	5.14517736	0.42655021
5.35999990	5.14517736	0.42655021
5.36399990	5.30634832	0.42655021
5.36799990	5.46690464	0.42655021
5.37199990	5.30634832	0.42655021
5.37599990	5.14517736	0.42655021
5.37999990	5.14517736	0.42655021
5.38399990	5.14517736	0.42655021
5.38799990	5.30634832	0.42655021
5.39199990	5.30634832	0.42655021
5.39599990	5.30634832	0.42655021
5.39999990	5.30634832	0.42655021
5.40399990	5.14517736	0.42655021
5.40799990	5.14517736	0.42655021
5.41199990	5.14517736	0.42655021
5.41599990	5.30634832	0.44235975
5.41999990	5.30634832	0.42655021
5.42399990	5.30634832	0.42655021
5.42799990	5.14517736	0.42655021
5.43199990	5.14517736	0.42655021
5.43599990	5.14517736	0.42655021
5.43999990	5.30634832	0.42655021
5.44399990	5.14517736	0.42655021
5.44799990	5.30634832	0.42655021
5.45199990	5.30634832	0.42655021
5.45599990	5.30634832	0.44235975
5.45999990	5.14517736	0.42655021
5.46399990	5.14517736	0.42655021
5.46799990	5.14517736	0.44235975
5.47199990	5.30634832	0.44235975
5.47599990	5.30634832	0.42655021
5.47999990	5.30634832	0.44235975
5.48399990	5.30634832	0.42655021
5.48799990	5.30634832	0.44235975
5.49199990	5.30634832	0.44235975
5.49599990	5.14517736	0.44235975
5.49999990	5.14517736	0.44235975
5.50399990	5.14517736	0.44235975
5.50799990	5.30634832	0.44235975
5.51199990	5.30634832	0.44235975
5.51599990	5.30634832	0.44235975
5.51999990	5.14517736	0.44235975
5.52399990	5.14517736	0.44235975
5.52799990	5.14517736	0.44235975
5.53199990	5.30634832	0.44235975
5.53599990	5.30634832	0.44235975
5.53999990	5.30634832	0.44235975
5.54399990	5.14517736	0.44235975
5.54799990	5.14517736	0.44235975
5.55199990	5.14517736	0.44235975
5.55599990	5.30634832	0.44235975
5.55999990	5.30634832	0.44235975
5.56399990	5.30634832	0.44235975
5.56799990	5.14517736	0.44235975
5.57199990	5.14517736	0.44235975
5.57599990	5.14517736	0.44235975
5.57999990	5.14517736	0.44235975
5.58399990	5.14517736	0.44235975
5.58799990	5.30634832	0.44235975
5.59199990	5.30634832	0.44235975
5.59599990	5.30634832	0.44235975
5.59999990	5.30634832	0.44235975
5.60399990	5.14517736	0.44235975
5.60799990	5.14517736	0.44235975
5.61199990	5.14517736	0.44235975
5.61599990	5.30634832	0.44235975
5.61999990	5.30634832	0.44235975
5.62399990	5.30634832	0.44235975
5.62799990	5.30634832	0.44235975
5.63199989	5.30634832	0.44235975
5.63599989	5.14517736	0.44235975
5.63999989	5.30634832	0.44235975
5.64399989	5.30634832	0.44235975
5.64799989	5.30634832	0.44235975
5.65199989	5.30634832	0.44235975
5.65599989	5.30634832	0.44235975
5.65999989	5.14517736	0.44235975
5.66399989	5.14517736	0.44235975
5.66799989	5.14517736	0.44235975
5.67199989	5.14517736	0.45816928
5.67599989	5.30634832	0.44235975
5.67999989	5.30634832	0.45816928
5.68399989	5.30634832	0.45816928
5.68799989	5.14517736	0.45816928
5.69199989	4.98462105	0.44235975
5.69599989	5.14517736	0.44235975
5.69999989	5.14517736	0.44235975
5.70399989	5.30634832	0.45816928
5.70799989	5.30634832	0.45816928
5.71199989	5.30634832	0.45816928
5.71599989	5.14517736	0.45816928
5.71999989	5.14517736	0.45816928
5.72399989	5.14517736	0.45816928
5.72799989	5.14517736	0.45816928
5.73199989	5.30634832	0.45816928
5.73599989	5.30634832	0.45816928
5.73999989	5.14517736	0.45816928
5.74399989	5.14517736	0.44235975
5.74799989	4.98462105	0.45816928
5.75199989	5.14517736	0.45816928
5.75599989	5.30634832	0.45816928
5.75999989	5.30634832	0.45816928
5.76399989	5.30634832	0.45816928
5.76799989	5.14517736	0.45816928
5.77199989	5.14517736	0.45816928
5.77599989	5.14517736	0.45816928
5.77999989	5.14517736	0.45816928
5.78399989	5.30634832	0.45816928
5.78799989	5.30634832	0.45816928
5.79199989	5.30634832	0.45816928
5.79599989	5.14517736	0.45816928
5.79999989	5.14517736	0.45816928
5.80399989	5.14517736	0.45816928
5.80799989	5.14517736	0.45816928
5.81199989	5.30634832	0.45816928
5.81599989	5.30634832	0.45816928
5.81999989	5.30634832	0.45816928
5.82399989	5.14517736	0.45816928
5.82799989	5.14517736	0.45816928
5.83199989	5.14517736	0.45816928
5.83599989	5.14517736	0.45816928
5.83999989	5.30634832	0.45816928
5.84399989	5.30634832	0.45816928
5.84799989	5.30634832	0.45816928
5.85199989	5.14517736	0.45816928
5.85599989	5.14517736	0.45816928
5.85999989	5.14517736	0.45816928
5.86399989	5.14517736	0.47397885
5.86799989	5.30634832	0.45816928
5.87199989	5.30634832	0.45816928
5.87599989	5.30634832	0.45816928
5.87999989	5.30634832	0.45816928
5.88399989	5.14517736	0.45816928
5.88799989	5.14517736	0.45816928
5.89199989	5.14517736	0.45816928
5.89599989	5.30634832	0.47397885
5.89999989	5.30634832	0.45816928
5.90399989	5.30634832	0.45816928
5.90799989	5.30634832	0.45816928
5.91199989	5.14517736	0.47397885
5.91599989	5.14517736	0.45816928
5.91999989	5.14517736	0.47397885
5.92399989	5.30634832	0.45816928
5.92799989	5.30634832	0.47397885
5.93199989	5.30634832	0.47397885
5.93599989	5.14517736	0.47397885
5.93999989	5.14517736	0.47397885
5.94399989	5.14517736	0.47397885
5.94799989	5.14517736	0.45816928
5.95199989	5.30634832	0.47397885
5.95599989	5.30634832	0.47397885
5.95999989	5.30634832	0.47397885
5.96399989	5.14517736	0.47397885
5.96799989	5.14517736	0.47397885
5.97199989	5.14517736	0.47397885
5.97599989	5.14517736	0.47397885
5.97999989	5.30634832	0.47397885
5.98399988	5.30634832	0.47397885
5.98799988	5.30634832	0.47397885
5.99199988	5.30634832	0.47397885
5.99599988	5.14517736	0.47397885
5.99999988	5.14517736	0.47397885
6.00399988	5.30634832	0.47397885
6.00799988	5.30634832	0.47397885
6.01199988	5.30634832	0.47397885
6.01599988	5.30634832	0.47397885
6.01999988	5.14517736	0.47397885
6.02399988	5.14517736	0.47397885
6.02799988	5.14517736	0.47397885
6.03199988	5.14517736	0.47397885
6.03599988	5.30634832	0.47397885
6.03999988	5.46690464	0.47397885
6.04399988	5.30634832	0.47397885
6.04799988	5.14517736	0.47397885
6.05199988	5.14517736	0.47397885
6.05599988	5.14517736	0.47397885
6.05999988	5.30634832	0.47397885
6.06399988	5.30634832	0.47397885
6.06799988	5.30634832	0.47397885
6.07199988	5.30634832	0.47397885
6.07599988	5.30634832	0.47397885
6.07999988	5.30634832	0.47397885
6.08399988	5.14517736	0.47397885
6.08799988	5.30634832	0.47397885
6.09199988	5.30634832	0.47397885
6.09599988	5.30634832	0.48972687
6.09999988	5.30634832	0.47397885
6.10399988	5.14517736	0.47397885
6.10799988	5.30634832	0.47397885
6.11199988	5.30634832	0.47397885
6.11599988	5.30634832	0.47397885
6.11999988	5.30634832	0.48972687
6.12399988	5.14517736	0.47397885
6.12799988	5.30634832	0.47397885
6.13199988	5.30634832	0.47397885
6.13599988	5.30634832	0.47397885
6.13999988	5.30634832	0.47397885
6.14399988	5.30634832	0.47397885
6.14799988	5.30634832	0.47397885
6.15199988	5.30634832	0.48972687
6.15599988	5.30634832	0.47397885
6.15999988	5.30634832	0.47397885
6.16399988	5.30634832	0.48972687
6.16799988	5.30634832	0.48972687
6.17199988	5.30634832	0.48972687
6.17599988	5.30634832	0.48972687
6.17999988	5.14517736	0.48972687
6.18399988	5.14517736	0.48972687
6.18799988	5.30634832	0.48972687
6.19199988	5.30634832	0.48972687
6.19599988	5.30634832	0.48972687
6.19999988	5.14517736	0.48972687
6.20399988	5.14517736	0.48972687
6.20799988	5.30634832	0.48972687
6.21199988	5.30634832	0.48972687
6.21599988	5.30634832	0.48972687
6.21999988	5.30634832	0.48972687
6.22399988	5.30634832	0.48972687
6.22799988	5.30634832	0.48972687
6.23199988	5.14517736	0.48972687
6.23599988	5.14517736	0.48972687
6.23999988	5.30634832	0.48972687
6.24399988	5.30634832	0.48972687
6.24799988	5.30634832	0.48972687
6.25199988	5.14517736	0.48972687
6.25599988	5.14517736	0.48972687
6.25999988	5.30634832	0.48972687
6.26399988	5.30634832	0.48972687
6.26799988	5.14517736	0.48972687
6.27199988	5.30634832	0.48972687
6.27599988	5.30634832	0.48972687
6.27999988	5.46690464	0.48972687
6.28399988	5.30634832	0.48972687
6.28799988	5.14517736	0.48972687
6.29199988	5.14517736	0.48972687
6.29599988	5.30634832	0.48972687
6.29999988	5.30634832	0.48972687
6.30399988	5.30634832	0.48972687
6.30799988	5.30634832	0.48972687
6.31199988	5.30634832	0.48972687
6.31599988	5.30634832	0.48972687
6.31999988	5.30634832	0.48972687
6.32399988	5.30634832	0.48972687
6.32799988	5.30634832	0.48972687
6.33199988	5.30634832	0.48972687
6.33599987	5.30634832	0.48972687
6.33999987	5.14517736	0.48972687
6.34399987	5.30634832	0.48972687
6.34799987	5.30634832	0.48972687
6.35199987	5.30634832	0.48972687
6.35599987	5.30634832	0.48972687
6.35999987	5.30634832	0.48972687
6.36399987	5.30634832	0.48972687
6.36799987	5.14517736	0.48972687
6.37199987	5.14517736	0.48972687
6.37599987	5.14517736	0.48972687
6.37999987	5.30634832	0.48972687
6.38399987	5.30634832	0.50553644
6.38799987	5.30634832	0.48972687
6.39199987	5.30634832	0.48972687
6.39599987	5.30634832	0.50553644
6.39999987	5.30634832	0.50553644
6.40399987	5.14517736	0.48972687
6.40799987	5.14517736	0.48972687
6.41199987	5.30634832	0.48972687
6.41599987	5.30634832	0.50553644
6.41999987	5.30634832	0.48972687
6.42399987	5.14517736	0.50553644
6.42799987	5.14517736	0.48972687
6.43199987	5.14517736	0.48972687
6.43599987	5.30634832	0.48972687
6.43999987	5.30634832	0.50553644
6.44399987	5.30634832	0.50553644
6.44799987	5.30634832	0.50553644
6.45199987	5.14517736	0.50553644
6.45599987	5.14517736	0.50553644
6.45999987	5.14517736	0.50553644
6.46399987	5.30634832	0.50553644
6.46799987	5.30634832	0.50553644
6.47199987	5.30634832	0.50553644
6.47599987	5.30634832	0.50553644
6.47999987	5.30634832	0.50553644
6.48399987	5.30634832	0.50553644
6.48799987	5.30634832	0.50553644
6.49199987	5.30634832	0.50553644
6.49599987	5.30634832	0.50553644
6.49999987	5.30634832	0.50553644
6.50399987	5.30634832	0.50553644
6.50799987	5.30634832	0.50553644
6.51199987	5.30634832	0.50553644
6.51599987	5.30634832	0.50553644
6.51999987	5.30634832	0.50553644
6.52399987	5.30634832	0.50553644
6.52799987	5.30634832	0.50553644
6.53199987	5.30634832	0.50553644
6.53599987	5.30634832	0.50553644
6.53999987	5.30634832	0.50553644
6.54399987	5.30634832	0.50553644
6.54799987	5.30634832	0.50553644
6.55199987	5.30634832	0.50553644
6.55599987	5.30634832	0.50553644
6.55999987	5.14517736	0.50553644
6.56399987	5.14517736	0.50553644
6.56799987	5.30634832	0.50553644
6.57199987	5.30634832	0.50553644
6.57599987	5.30634832	0.50553644
6.57999987	5.30634832	0.50553644
6.58399987	5.30634832	0.50553644
6.58799987	5.30634832	0.50553644
6.59199987	5.30634832	0.50553644
6.59599987	5.30634832	0.50553644
6.59999987	5.30634832	0.50553644
6.60399987	5.30634832	0.50553644
6.60799987	5.30634832	0.50553644
6.61199987	5.30634832	0.50553644
6.61599987	5.14517736	0.50553644
6.61999987	5.30634832	0.50553644
6.62399987	5.30634832	0.52134597
6.62799987	5.30634832	0.50553644
6.63199987	5.30634832	0.52134597
6.63599987	5.30634832	0.50553644
6.63999987	5.30634832	0.50553644
6.64399987	5.30634832	0.50553644
6.64799987	5.30634832	0.52134597
6.65199987	5.30634832	0.50553644
6.65599987	5.30634832	0.52134597
6.65999987	5.30634832	0.50553644
6.66399987	5.30634832	0.52134597
6.66799987	5.30634832	0.50553644
6.67199987	5.30634832	0.50553644
6.67599987	5.46690464	0.50553644
6.67999987	5.46690464	0.52134597
6.68399987	5.30634832	0.50553644
6.68799987	5.30634832	0.50553644
6.69199986	5.30634832	0.50553644
6.69599986	5.46690464	0.52134597
6.69999986	5.30634832	0.50553644
6.70399986	5.30634832	0.52134597
6.70799986	5.30634832	0.50553644
6.71199986	5.30634832	0.52134597
6.71599986	5.30634832	0.50553644
6.71999986	5.30634832	0.52134597
6.72399986	5.30634832	0.52134597
6.72799986	5.46690464	0.52134597
6.73199986	5.30634832	0.52134597
6.73599986	5.30634832	0.52134597
6.73999986	5.30634832	0.52134597
6.74399986	5.30634832	0.52134597
6.74799986	5.30634832	0.52134597
6.75199986	5.30634832	0.52134597
6.75599986	5.30634832	0.52134597
6.75999986	5.30634832	0.52134597
6.76399986	5.30634832	0.52134597
6.76799986	5.30634832	0.52134597
6.77199986	5.30634832	0.52134597
6.77599986	5.30634832	0.52134597
6.77999986	5.30634832	0.52134597
6.78399986	5.46690464	0.52134597
6.78799986	5.46690464	0.52134597
6.79199986	5.46690464	0.52134597
6.79599986	5.30634832	0.52134597
6.79999986	5.30634832	0.52134597
6.80399986	5.30634832	0.52134597
6.80799986	5.30634832	0.52134597
6.81199986	5.46690464	0.52134597
6.81599986	5.46690464	0.52134597
6.81999986	5.30634832	0.52134597
6.82399986	5.30634832	0.52134597
6.82799986	5.30634832	0.52134597
6.83199986	5.46690464	0.52134597
6.83599986	5.46690464	0.52134597
6.83999986	5.46690464	0.52134597
6.84399986	5.30634832	0.52134597
6.84799986	5.30634832	0.52134597
6.85199986	5.30634832	0.52134597
6.85599986	5.30634832	0.52134597
6.85999986	5.30634832	0.52134597
6.86399986	5.46690464	0.52134597
6.86799986	5.46690464	0.52134597
6.87199986	5.30634832	0.52134597
6.87599986	5.14517736	0.52134597
6.87999986	5.14517736	0.52134597
6.88399986	5.46690464	0.52134597
6.88799986	5.62746048	0.52134597
6.89199986	5.46690464	0.52134597
6.89599986	5.30634832	0.52134597
6.89999986	5.30634832	0.52134597
6.90399986	5.30634832	0.52134597
6.90799986	5.30634832	0.52134597
6.91199986	5.30634832	0.52134597
6.91599986	5.46690464	0.52134597
6.91999986	5.62746048	0.52134597
6.92399986	5.46690464	0.52134597
6.92799986	5.30634832	0.52134597
6.93199986	5.30634832	0.52134597
6.93599986	5.46690464	0.52134597
6.93999986	5.46690464	0.52134597
6.94399986	5.46690464	0.53715551
6.94799986	5.30634832	0.52134597
6.95199986	5.46690464	0.52134597
6.95599986	5.46690464	0.52134597
6.95999986	5.30634832	0.53715551
6.96399986	5.30634832	0.53715551
6.96799986	5.46690464	0.52134597
6.97199986	5.62746048	0.52134597
6.97599986	5.46690464	0.53715551
6.97999986	5.30634832	0.52134597
6.98399986	5.30634832	0.53715551
6.98799986	5.30634832	0.52134597
6.99199986	5.46690464	0.53715551
6.99599986	5.46690464	0.52134597
6.99999986	5.46690464	0.53715551
7.00399986	5.46690464	0.53715551
7.00799986	5.46690464	0.53715551
7.01199986	5.46690464	0.53715551
7.01599986	5.30634832	0.53715551
7.01999986	5.46690464	0.52134597
7.02399986	5.46690464	0.53715551
7.02799986	5.46690464	0.53715551
7.03199986	5.46690464	0.53715551
7.03599986	5.46690464	0.53715551
7.03999986	5.46690464	0.53715551
7.04399985	5.46690464	0.53715551
7.04799985	5.46690464	0.53715551
7.05199985	5.46690464	0.53715551
7.05599985	5.46690464	0.53715551
7.05999985	5.46690464	0.53715551
7.06399985	5.30634832	0.53715551
7.06799985	5.30634832	0.53715551
7.07199985	5.46690464	0.53715551
7.07599985	5.46690464	0.53715551
7.07999985	5.46690464	0.53715551
7.08399985	5.46690464	0.53715551
7.08799985	5.46690464	0.53715551
7.09199985	5.46690464	0.53715551
7.09599985	5.46690464	0.53715551
7.09999985	5.46690464	0.53715551
7.10399985	5.46690464	0.53715551
7.10799985	5.46690464	0.53715551
7.11199985	5.46690464	0.53715551
7.11599985	5.46690464	0.53715551
7.11999985	5.46690464	0.53715551
7.12399985	5.30634832	0.53715551
7.12799985	5.30634832	0.53715551
7.13199985	5.46690464	0.53715551
7.13599985	5.62746048	0.53715551
7.13999985	5.62746048	0.53715551
7.14399985	5.46690464	0.53715551
7.14799985	5.30634832	0.53715551
7.15199985	5.30634832	0.53715551
7.15599985	5.46690464	0.53715551
7.15999985	5.46690464	0.53715551
7.16399985	5.46690464	0.53715551
7.16799985	5.46690464	0.53715551
7.17199985	5.46690464	0.53715551
7.17599985	5.46690464	0.53715551
7.17999985	5.46690464	0.53715551
7.18399985	5.46690464	0.53715551
7.18799985	5.62746048	0.53715551
7.19199985	5.62746048	0.53715551
7.19599985	5.46690464	0.53715551
7.19999985	5.30634832	0.53715551
7.20399985	5.46690464	0.53715551
7.20799985	5.46690464	0.53715551
7.21199985	5.62746048	0.53715551
7.21599985	5.62746048	0.53715551
7.21999985	5.46690464	0.53715551
7.22399985	5.46690464	0.53715551
7.22799985	5.30634832	0.53715551
7.23199985	5.46690464	0.53715551
7.23599985	5.46690464	0.53715551
7.23999985	5.62746048	0.53715551
7.24399985	5.62746048	0.53715551
7.24799985	5.46690464	0.53715551
7.25199985	5.30634832	0.53715551
7.25599985	5.30634832	0.53715551
7.25999985	5.46690464	0.53715551
7.26399985	5.62746048	0.55296504
7.26799985	5.62746048	0.55296504
7.27199985	5.46690464	0.53715551
7.27599985	5.46690464	0.53715551
7.27999985	5.46690464	0.53715551
7.28399985	5.46690464	0.53715551
7.28799985	5.46690464	0.55296504
7.29199985	5.62746048	0.53715551
7.29599985	5.62746048	0.55296504
7.29999985	5.46690464	0.55296504
7.30399985	5.46690464	0.53715551
7.30799985	5.46690464	0.53715551
7.31199985	5.46690464	0.55296504
7.31599985	5.62746048	0.53715551
7.31999985	5.46690464	0.55296504
7.32399985	5.46690464	0.53715551
7.32799985	5.46690464	0.53715551
7.33199985	5.46690464	0.53715551
7.33599985	5.46690464	0.55296504
7.33999985	5.46690464	0.55296504
7.34399985	5.62746048	0.55296504
7.34799985	5.62746048	0.55296504
7.35199985	5.62746048	0.55296504
7.35599985	5.46690464	0.55296504
7.35999985	5.46690464	0.55296504
7.36399985	5.46690464	0.55296504
7.36799985	5.46690464	0.55296504
7.37199985	5.46690464	0.55296504
7.37599985	5.62746048	0.55296504
7.37999985	5.62746048	0.55296504
7.38399985	5.62746048	0.55296504
7.38799985	5.46690464	0.55296504
7.39199985	5.46690464	0.55296504
7.39599985	5.62746048	0.55296504
7.39999984	5.62746048	0.55296504
7.40399984	5.62746048	0.55296504
7.40799984	5.46690464	0.55296504
7.41199984	5.46690464	0.55296504
7.41599984	5.46690464	0.55296504
7.41999984	5.62746048	0.55296504
7.42399984	5.62746048	0.55296504
7.42799984	5.62746048	0.55296504
7.43199984	5.62746048	0.55296504
7.43599984	5.62746048	0.55296504
7.43999984	5.46690464	0.55296504
7.44399984	5.46690464	0.55296504
7.44799984	5.62746048	0.55296504
7.45199984	5.62746048	0.55296504
7.45599984	5.62746048	0.55296504
7.45999984	5.62746048	0.55296504
7.46399984	5.62746048	0.55296504
7.46799984	5.62746048	0.55296504
7.47199984	5.62746048	0.55296504
7.47599984	5.62746048	0.55296504
7.47999984	5.62746048	0.55296504
7.48399984	5.62746048	0.55296504
7.48799984	5.62746048	0.55296504
7.49199984	5.46690464	0.55296504
7.49599984	5.46690464	0.55296504
7.49999984	5.62746048	0.55296504
7.50399984	5.78863192	0.55296504
7.50799984	5.78863192	0.55296504
7.51199984	5.62746048	0.55296504
7.51599984	5.62746048	0.55296504
7.51999984	5.62746048	0.55296504
7.52399984	5.62746048	0.55296504
7.52799984	5.62746048	0.55296504
7.53199984	5.62746048	0.55296504
7.53599984	5.78863192	0.55296504
7.53999984	5.78863192	0.55296504
7.54399984	5.62746048	0.55296504
7.54799984	5.62746048	0.55296504
7.55199984	5.62746048	0.55296504
7.55599984	5.62746048	0.55296504
7.55999984	5.62746048	0.55296504
7.56399984	5.62746048	0.55296504
7.56799984	5.78863192	0.55296504
7.57199984	5.62746048	0.55296504
7.57599984	5.62746048	0.55296504
7.57999984	5.62746048	0.55296504
7.58399984	5.62746048	0.55296504
7.58799984	5.78863192	0.55296504
7.59199984	5.78863192	0.55296504
7.59599984	5.62746048	0.55296504
7.59999984	5.62746048	0.55296504
7.60399984	5.62746048	0.55296504
7.60799984	5.62746048	0.56877458
7.61199984	5.62746048	0.55296504
7.61599984	5.62746048	0.55296504
7.61999984	5.78863192	0.55296504
7.62399984	5.78863192	0.56877458
7.62799984	5.62746048	0.55296504
7.63199984	5.62746048	0.56877458
7.63599984	5.62746048	0.55296504
7.63999984	5.78863192	0.55296504
7.64399984	5.62746048	0.55296504
7.64799984	5.78863192	0.56877458
7.65199984	5.78863192	0.55296504
7.65599984	5.78863192	0.56877458
7.65999984	5.62746048	0.55296504
7.66399984	5.62746048	0.55296504
7.66799984	5.62746048	0.55296504
7.67199984	5.78863192	0.56877458
7.67599984	5.78863192	0.56877458
7.67999984	5.62746048	0.56877458
7.68399984	5.62746048	0.55296504
7.68799984	5.78863192	0.56877458
7.69199984	5.62746048	0.56877458
7.69599984	5.62746048	0.56877458
7.69999984	5.78863192	0.56877458
7.70399984	5.78863192	0.56877458
7.70799984	5.62746048	0.56877458
7.71199984	5.62746048	0.56877458
7.71599984	5.62746048	0.56877458
7.71999984	5.62746048	0.56877458
7.72399984	5.78863192	0.56877458
7.72799984	5.78863192	0.56877458
7.73199984	5.62746048	0.56877458
7.73599984	5.62746048	0.56877458
7.73999984	5.62746048	0.56877458
7.74399984	5.78863192	0.56877458
7.74799984	5.62746048	0.56877458
7.75199983	5.62746048	0.56877458
7.75599983	5.78863192	0.56877458
7.75999983	5.78863192	0.56877458
7.76399983	5.78863192	0.56877458
7.76799983	5.78863192	0.56877458
7.77199983	5.78863192	0.56877458
7.77599983	5.78863192	0.56877458
7.77999983	5.78863192	0.56877458
7.78399983	5.78863192	0.56877458
7.78799983	5.78863192	0.56877458
7.79199983	5.78863192	0.56877458
7.79599983	5.78863192	0.56877458
7.79999983	5.78863192	0.56877458
7.80399983	5.62746048	0.56877458
7.80799983	5.78863192	0.56877458
7.81199983	5.78863192	0.56877458
7.81599983	5.78863192	0.56877458
7.81999983	5.78863192	0.56877458
7.82399983	5.78863192	0.56877458
7.82799983	5.78863192	0.56877458
7.83199983	5.78863192	0.56877458
7.83599983	5.78863192	0.56877458
7.83999983	5.78863192	0.56877458
7.84399983	5.78863192	0.56877458
7.84799983	5.78863192	0.56877458
7.85199983	5.78863192	0.56877458
7.85599983	5.78863192	0.56877458
7.85999983	5.78863192	0.56877458
7.86399983	5.78863192	0.56877458
7.86799983	5.78863192	0.56877458
7.87199983	5.62746048	0.56877458
7.87599983	5.78863192	0.56877458
7.87999983	5.78863192	0.56877458
7.88399983	5.78863192	0.56877458
7.88799983	5.78863192	0.56877458
7.89199983	5.78863192	0.56877458
7.89599983	5.78863192	0.56877458
7.89999983	5.78863192	0.56877458
7.90399983	5.78863192	0.56877458
7.90799983	5.78863192	0.56877458
7.91199983	5.78863192	0.56877458
7.91599983	5.78863192	0.56877458
7.91999983	5.78863192	0.56877458
7.92399983	5.62746048	0.56877458
7.92799983	5.78863192	0.56877458
7.93199983	5.78863192	0.56877458
7.93599983	5.78863192	0.56877458
7.93999983	5.78863192	0.56877458
7.94399983	5.78863192	0.56877458
7.94799983	5.78863192	0.56877458
7.95199983	5.62746048	0.56877458
7.95599983	5.62746048	0.56877458
7.95999983	5.78863192	0.56877458
7.96399983	5.78863192	0.56877458
7.96799983	5.94918776	0.58452266
7.97199983	5.78863192	0.58452266
7.97599983	5.78863192	0.56877458
7.97999983	5.78863192	0.56877458
7.98399983	5.78863192	0.56877458
7.98799983	5.78863192	0.58452266
7.99199983	5.78863192	0.58452266
7.99599983	5.78863192	0.58452266
7.99999983	5.78863192	0.58452266
8.00399983	5.78863192	0.56877458
8.00799983	5.78863192	0.56877458
8.01199983	5.78863192	0.56877458
8.01599983	5.78863192	0.58452266
8.01999983	5.94918776	0.56877458
8.02399983	5.94918776	0.58452266
8.02799983	5.78863192	0.56877458
8.03199983	5.78863192	0.58452266
8.03599983	5.78863192	0.56877458
8.03999983	5.94918776	0.58452266
8.04399983	5.94918776	0.56877458
8.04799983	5.78863192	0.58452266
8.05199983	5.78863192	0.58452266
8.05599983	5.78863192	0.58452266
8.05999983	5.78863192	0.58452266
8.06399983	5.78863192	0.58452266
8.06799983	5.94918776	0.58452266
8.07199983	5.78863192	0.58452266
8.07599983	5.78863192	0.58452266
8.07999983	5.78863192	0.58452266
8.08399983	5.78863192	0.58452266
8.08799983	5.78863192	0.58452266
8.09199983	5.94918776	0.58452266
8.09599983	5.94918776	0.58452266
8.09999983	5.78863192	0.58452266
8.10399982	5.78863192	0.58452266
8.10799982	5.78863192	0.58452266
8.11199982	5.94918776	0.58452266
8.11599982	5.94918776	0.58452266
8.11999982	5.78863192	0.58452266
8.12399982	5.78863192	0.58452266
8.12799982	5.94918776	0.58452266
8.13199982	5.94918776	0.58452266
8.13599982	5.94918776	0.58452266
8.13999982	5.78863192	0.58452266
8.14399982	5.78863192	0.58452266
8.14799982	5.78863192	0.58452266
8.15199982	5.94918776	0.58452266
8.15599982	5.94918776	0.58452266
8.15999982	5.94918776	0.58452266
8.16399982	5.94918776	0.58452266
8.16799982	5.78863192	0.58452266
8.17199982	5.78863192	0.58452266
8.17599982	5.78863192	0.58452266
8.17999982	5.78863192	0.58452266
8.18399982	5.94918776	0.58452266
8.18799982	5.94918776	0.58452266
8.19199982	5.94918776	0.58452266
8.19599982	5.78863192	0.58452266
8.19999982	5.78863192	0.58452266
8.20399982	5.78863192	0.58452266
8.20799982	5.94918776	0.58452266
8.21199982	5.94918776	0.58452266
8.21599982	5.94918776	0.58452266
8.21999982	5.94918776	0.58452266
8.22399982	5.78863192	0.58452266
8.22799982	5.78863192	0.58452266
8.23199982	5.94918776	0.58452266
8.23599982	5.94918776	0.58452266
8.23999982	5.94918776	0.58452266
8.24399982	5.94918776	0.58452266
8.24799982	5.94918776	0.58452266
8.25199982	5.78863192	0.58452266
8.25599982	5.94918776	0.58452266
8.25999982	5.94918776	0.58452266
8.26399982	5.94918776	0.58452266
8.26799982	5.94918776	0.58452266
8.27199982	5.94918776	0.58452266
8.27599982	5.94918776	0.58452266
8.27999982	5.78863192	0.58452266
8.28399982	5.94918776	0.58452266
8.28799982	5.94918776	0.58452266
8.29199982	5.94918776	0.58452266
8.29599982	5.94918776	0.58452266
8.29999982	5.94918776	0.58452266
8.30399982	5.94918776	0.58452266
8.30799982	5.78863192	0.58452266
8.31199982	5.94918776	0.58452266
8.31599982	5.94918776	0.58452266
8.31999982	5.94918776	0.58452266
8.32399982	5.94918776	0.58452266
8.32799982	5.78863192	0.58452266
8.33199982	5.94918776	0.58452266
8.33599982	5.94918776	0.60033220
8.33999982	5.94918776	0.58452266
8.34399982	5.94918776	0.60033220
8.34799982	5.94918776	0.58452266
8.35199982	5.94918776	0.58452266
8.35599982	5.94918776	0.58452266
8.35999982	5.94918776	0.60033220
8.36399982	5.78863192	0.58452266
8.36799982	5.94918776	0.60033220
8.37199982	5.94918776	0.58452266
8.37599982	5.94918776	0.58452266
8.37999982	5.78863192	0.58452266
8.38399982	5.78863192	0.58452266
8.38799982	5.94918776	0.60033220
8.39199982	5.94918776	0.60033220
8.39599982	5.78863192	0.60033220
8.39999982	5.78863192	0.60033220
8.40399982	5.94918776	0.58452266
8.40799982	5.94918776	0.60033220
8.41199982	5.78863192	0.60033220
8.41599982	5.78863192	0.60033220
8.41999982	5.94918776	0.58452266
8.42399982	5.94918776	0.60033220
8.42799982	5.94918776	0.60033220
8.43199982	5.94918776	0.60033220
8.43599982	5.94918776	0.60033220
8.43999982	5.94918776	0.58452266
8.44399982	5.94918776	0.60033220
8.44799982	5.94918776	0.60033220
8.45199982	5.78863192	0.60033220
8.45599982	5.94918776	0.60033220
8.45999981	5.94918776	0.60033220
8.46399981	5.94918776	0.60033220
8.46799981	5.94918776	0.60033220
8.47199981	5.94918776	0.60033220
8.47599981	5.94918776	0.60033220
8.47999981	5.94918776	0.60033220
8.48399981	5.78863192	0.60033220
8.48799981	5.94918776	0.60033220
8.49199981	5.94918776	0.60033220
8.49599981	5.94918776	0.60033220
8.49999981	5.94918776	0.60033220
8.50399981	5.78863192	0.60033220
8.50799981	5.94918776	0.60033220
8.51199981	5.94918776	0.60033220
8.51599981	5.94918776	0.60033220
8.51999981	5.94918776	0.60033220
8.52399981	5.94918776	0.60033220
8.52799981	5.94918776	0.60033220
8.53199981	5.94918776	0.60033220
8.53599981	5.78863192	0.60033220
8.53999981	5.94918776	0.60033220
8.54399981	5.94918776	0.60033220
8.54799981	6.11035919	0.60033220
8.55199981	5.94918776	0.60033220
8.55599981	5.94918776	0.60033220
8.55999981	5.94918776	0.60033220
8.56399981	5.94918776	0.60033220
8.56799981	5.94918776	0.60033220
8.57199981	5.94918776	0.60033220
8.57599981	5.94918776	0.60033220
8.57999981	5.94918776	0.60033220
8.58399981	5.94918776	0.60033220
8.58799981	5.94918776	0.60033220
8.59199981	5.94918776	0.60033220
8.59599981	5.94918776	0.60033220
8.59999981	5.94918776	0.60033220
8.60399981	5.94918776	0.60033220
8.60799981	5.94918776	0.60033220
8.61199981	5.94918776	0.60033220
8.61599981	5.94918776	0.60033220
8.61999981	5.94918776	0.60033220
8.62399981	5.94918776	0.60033220
8.62799981	5.94918776	0.60033220
8.63199981	6.11035919	0.60033220
8.63599981	5.94918776	0.60033220
8.63999981	5.94918776	0.60033220
8.64399981	5.94918776	0.60033220
8.64799981	5.94918776	0.60033220
8.65199981	5.94918776	0.60033220
8.65599981	5.94918776	0.60033220
8.65999981	6.11035919	0.60033220
8.66399981	6.11035919	0.60033220
8.66799981	5.94918776	0.60033220
8.67199981	5.94918776	0.60033220
8.67599981	5.78863192	0.60033220
8.67999981	5.94918776	0.60033220
8.68399981	6.11035919	0.60033220
8.68799981	6.11035919	0.60033220
8.69199981	5.94918776	0.60033220
8.69599981	5.94918776	0.60033220
8.69999981	5.94918776	0.60033220
8.70399981	5.94918776	0.60033220
8.70799981	5.94918776	0.60033220
8.71199981	5.94918776	0.60033220
8.71599981	6.11035919	0.60033220
8.71999981	5.94918776	0.60033220
8.72399981	5.94918776	0.60033220
8.72799981	5.94918776	0.60033220
8.73199981	5.94918776	0.60033220
8.73599981	5.94918776	0.61614174
8.73999981	5.94918776	0.60033220
8.74399981	5.94918776	0.61614174
8.74799981	5.94918776	0.60033220
8.75199981	5.94918776	0.60033220
8.75599981	5.94918776	0.60033220
8.75999981	5.94918776	0.61614174
8.76399981	5.94918776	0.60033220
8.76799981	5.94918776	0.60033220
8.77199981	5.94918776	0.60033220
8.77599981	5.94918776	0.60033220
8.77999981	5.94918776	0.60033220
8.78399981	5.94918776	0.61614174
8.78799981	5.94918776	0.60033220
8.79199981	5.94918776	0.60033220
8.79599981	5.94918776	0.60033220
8.79999981	5.94918776	0.60033220
8.80399981	5.94918776	0.60033220
8.80799981	5.94918776	0.61614174
8.81199980	5.94918776	0.60033220
8.81599980	5.94918776	0.60033220
8.81999980	6.11035919	0.60033220
8.82399980	6.11035919	0.61614174
8.82799980	5.94918776	0.61614174
8.83199980	5.94918776	0.61614174
8.83599980	5.94918776	0.60033220
8.83999980	5.94918776	0.61614174
8.84399980	5.94918776	0.61614174
8.84799980	5.94918776	0.61614174
8.85199980	6.11035919	0.60033220
8.85599980	6.11035919	0.61614174
8.85999980	5.94918776	0.60033220
8.86399980	5.94918776	0.61614174
8.86799980	5.94918776	0.61614174
8.87199980	5.94918776	0.61614174
8.87599980	6.11035919	0.61614174
8.87999980	6.11035919	0.61614174
8.88399980	6.11035919	0.60033220
8.88799980	5.94918776	0.61614174
8.89199980	5.94918776	0.61614174
8.89599980	5.94918776	0.60033220
8.89999980	5.94918776	0.60033220
8.90399980	6.11035919	0.61614174
8.90799980	6.11035919	0.61614174
8.91199980	6.11035919	0.61614174
8.91599980	5.94918776	0.61614174
8.91999980	5.94918776	0.61614174
8.92399980	5.94918776	0.61614174
8.92799980	5.94918776	0.61614174
8.93199980	6.11035919	0.61614174
8.93599980	6.11035919	0.61614174
8.93999980	5.94918776	0.61614174
8.94399980	5.94918776	0.61614174
8.94799980	5.94918776	0.61614174
8.95199980	5.94918776	0.61614174
8.95599980	6.11035919	0.61614174
8.95999980	6.11035919	0.61614174
8.96399980	6.11035919	0.61614174
8.96799980	6.11035919	0.61614174
8.97199980	5.94918776	0.61614174
8.97599980	5.94918776	0.61614174
8.97999980	6.11035919	0.61614174
8.98399980	6.11035919	0.61614174
8.98799980	6.11035919	0.61614174
8.99199980	5.94918776	0.61614174
8.99599980	5.94918776	0.61614174
8.99999980	5.94918776	0.61614174
9.00399980	6.11035919	0.61614174
9.00799980	6.11035919	0.61614174
9.01199980	6.11035919	0.61614174
9.01599980	6.11035919	0.61614174
9.01999980	5.94918776	0.61614174
9.02399980	5.94918776	0.61614174
9.02799980	5.94918776	0.61614174
9.03199980	6.11035919	0.61614174
9.03599980	6.11035919	0.61614174
9.03999980	6.11035919	0.61614174
9.04399980	5.94918776	0.61614174
9.04799980	5.94918776	0.61614174
9.05199980	5.94918776	0.61614174
9.05599980	6.11035919	0.61614174
9.05999980	6.11035919	0.61614174
9.06399980	6.11035919	0.61614174
9.06799980	5.94918776	0.61614174
9.07199980	5.94918776	0.61614174
9.07599980	5.94918776	0.61614174
9.07999980	5.94918776	0.61614174
9.08399980	6.11035919	0.61614174
9.08799980	6.11035919	0.61614174
9.09199980	6.11035919	0.61614174
9.09599980	6.11035919	0.61614174
9.09999980	5.94918776	0.61614174
9.10399980	6.11035919	0.61614174
9.10799980	5.94918776	0.61614174
9.11199980	6.11035919	0.61614174
9.11599980	6.11035919	0.61614174
9.11999980	6.11035919	0.61614174
9.12399980	6.11035919	0.61614174
9.12799980	6.11035919	0.61614174
9.13199980	5.94918776	0.61614174
9.13599980	6.11035919	0.61614174
9.13999980	6.11035919	0.61614174
9.14399980	6.11035919	0.61614174
9.14799980	6.11035919	0.61614174
9.15199980	6.11035919	0.61614174
9.15599980	6.11035919	0.61614174
9.15999980	6.11035919	0.61614174
9.16399980	5.94918776	0.61614174
9.16799979	6.11035919	0.61614174
9.17199979	6.11035919	0.61614174
9.17599979	6.11035919	0.61614174
9.17999979	6.11035919	0.61614174
9.18399979	6.11035919	0.61614174
9.18799979	6.11035919	0.61614174
9.19199979	5.94918776	0.61614174
9.19599979	5.94918776	0.61614174
9.19999979	6.11035919	0.61614174
9.20399979	6.11035919	0.61614174
9.20799979	6.11035919	0.63195127
9.21199979	6.11035919	0.61614174
9.21599979	5.94918776	0.61614174
9.21999979	5.94918776	0.61614174
9.22399979	6.11035919	0.63195127
9.22799979	6.11035919	0.61614174
9.23199979	6.11035919	0.63195127
9.23599979	6.11035919	0.61614174
9.23999979	6.11035919	0.61614174
9.24399979	5.94918776	0.61614174
9.24799979	5.94918776	0.61614174
9.25199979	6.11035919	0.61614174
9.25599979	6.27091551	0.61614174
9.25999979	6.11035919	0.61614174
9.26399979	6.11035919	0.61614174
9.26799979	5.94918776	0.61614174
9.27199979	6.11035919	0.61614174
9.27599979	6.11035919	0.61614174
9.27999979	6.11035919	0.61614174
9.28399979	6.11035919	0.61614174
9.28799979	6.11035919	0.63195127
9.29199979	6.11035919	0.61614174
9.29599979	6.11035919	0.61614174
9.29999979	5.94918776	0.61614174
9.30399979	6.11035919	0.61614174
9.30799979	6.11035919	0.61614174
9.31199979	6.11035919	0.63195127
9.31599979	6.11035919	0.61614174
9.31999979	6.11035919	0.61614174
9.32399979	6.11035919	0.61614174
9.32799979	6.11035919	0.63195127
9.33199979	6.11035919	0.61614174
9.33599979	6.11035919	0.63195127
9.33999979	6.11035919	0.61614174
9.34399979	6.11035919	0.61614174
9.34799979	6.11035919	0.63195127
9.35199979	6.11035919	0.61614174
9.35599979	6.11035919	0.61614174
9.35999979	6.11035919	0.63195127
9.36399979	6.11035919	0.63195127
9.36799979	6.11035919	0.61614174
9.37199979	6.11035919	0.61614174
9.37599979	6.11035919	0.63195127
9.37999979	6.11035919	0.63195127
9.38399979	6.11035919	0.63195127
9.38799979	6.11035919	0.63195127
9.39199979	6.11035919	0.63195127
9.39599979	6.11035919	0.63195127
9.39999979	6.11035919	0.63195127
9.40399979	6.11035919	0.63195127
9.40799979	6.11035919	0.63195127
9.41199979	6.11035919	0.63195127
9.41599979	6.11035919	0.63195127
9.41999979	6.11035919	0.63195127
9.42399979	6.11035919	0.63195127
9.42799979	6.11035919	0.61614174
9.43199979	6.11035919	0.63195127
9.43599979	6.11035919	0.61614174
9.43999979	6.11035919	0.63195127
9.44399979	6.11035919	0.63195127
9.44799979	6.11035919	0.63195127
9.45199979	6.11035919	0.63195127
9.45599979	6.11035919	0.63195127
9.45999979	6.11035919	0.63195127
9.46399979	6.11035919	0.63195127
9.46799979	6.11035919	0.63195127
9.47199979	6.27091551	0.63195127
9.47599979	6.11035919	0.63195127
9.47999979	6.11035919	0.63195127
9.48399979	6.11035919	0.63195127
9.48799979	6.11035919	0.63195127
9.49199979	6.11035919	0.63195127
9.49599979	6.11035919	0.63195127
9.49999979	6.11035919	0.63195127
9.50399979	6.27091551	0.63195127
9.50799979	6.11035919	0.63195127
9.51199979	6.11035919	0.63195127
9.51599979	6.11035919	0.63195127
9.51999978	6.11035919	0.63195127
9.52399978	6.11035919	0.63195127
9.52799978	6.27091551	0.63195127
9.53199978	6.11035919	0.63195127
9.53599978	6.11035919	0.63195127
9.53999978	6.11035919	0.63195127
9.54399978	6.11035919	0.63195127
9.54799978	6.11035919	0.63195127
9.55199978	6.11035919	0.63195127
9.55599978	6.27091551	0.63195127
9.55999978	6.27091551	0.63195127
9.56399978	6.11035919	0.63195127
9.56799978	6.11035919	0.63195127
9.57199978	6.11035919	0.63195127
9.57599978	6.11035919	0.63195127
9.57999978	6.11035919	0.63195127
9.58399978	6.11035919	0.63195127
9.58799978	6.11035919	0.63195127
9.59199978	6.11035919	0.63195127
9.59599978	6.11035919	0.63195127
9.59999978	6.11035919	0.63195127
9.60399978	6.11035919	0.63195127
9.60799978	6.27091551	0.63195127
9.61199978	6.27091551	0.63195127
9.61599978	6.11035919	0.63195127
9.61999978	6.11035919	0.63195127
9.62399978	6.27091551	0.63195127
9.62799978	6.27091551	0.63195127
9.63199978	6.27091551	0.63195127
9.63599978	6.11035919	0.63195127
9.63999978	6.27091551	0.63195127
9.64399978	6.27091551	0.63195127
9.64799978	6.11035919	0.63195127
9.65199978	6.11035919	0.63195127
9.65599978	6.11035919	0.63195127
9.65999978	6.27091551	0.63195127
9.66399978	6.27091551	0.63195127
9.66799978	6.11035919	0.63195127
9.67199978	6.11035919	0.63195127
9.67599978	6.11035919	0.63195127
9.67999978	6.11035919	0.63195127
9.68399978	6.11035919	0.63195127
9.68799978	6.27091551	0.63195127
9.69199978	6.27091551	0.63195127
9.69599978	6.27091551	0.63195127
9.69999978	6.11035919	0.63195127
9.70399978	6.11035919	0.63195127
9.70799978	6.11035919	0.63195127
9.71199978	6.11035919	0.63195127
9.71599978	6.27091551	0.63195127
9.71999978	6.27091551	0.63195127
9.72399978	6.27091551	0.63195127
9.72799978	6.27091551	0.63195127
9.73199978	6.11035919	0.63195127
9.73599978	6.11035919	0.63195127
9.73999978	6.27091551	0.63195127
9.74399978	6.27091551	0.63195127
9.74799978	6.27091551	0.63195127
9.75199978	6.11035919	0.63195127
9.75599978	6.11035919	0.63195127
9.75999978	6.27091551	0.63195127
9.76399978	6.27091551	0.63195127
9.76799978	6.11035919	0.63195127
9.77199978	6.27091551	0.63195127
9.77599978	6.27091551	0.63195127
9.77999978	6.27091551	0.63195127
9.78399978	6.11035919	0.63195127
9.78799978	6.11035919	0.63195127
9.79199978	6.27091551	0.63195127
9.79599978	6.27091551	0.63195127
9.79999978	6.27091551	0.63195127
9.80399978	6.27091551	0.63195127
9.80799978	6.11035919	0.63195127
9.81199978	6.11035919	0.63195127
9.81599978	6.11035919	0.63195127
9.81999978	6.27091551	0.63195127
9.82399978	6.27091551	0.63195127
9.82799978	6.27091551	0.63195127
9.83199978	6.27091551	0.64776081
9.83599978	6.11035919	0.63195127
9.83999978	6.11035919	0.63195127
9.84399978	6.11035919	0.63195127
9.84799978	6.27091551	0.63195127
9.85199978	6.27091551	0.64776081
9.85599978	6.27091551	0.64776081
9.85999978	6.11035919	0.63195127
9.86399978	6.11035919	0.63195127
9.86799978	6.11035919	0.63195127
9.87199977	6.11035919	0.63195127
9.87599977	6.27091551	0.63195127
9.87999977	6.27091551	0.63195127
9.88399977	6.27091551	0.63195127
9.88799977	6.27091551	0.63195127
9.89199977	6.27091551	0.63195127
9.89599977	6.27091551	0.64776081
9.89999977	6.27091551	0.63195127
9.90399977	6.27091551	0.63195127
9.90799977	6.27091551	0.63195127
9.91199977	6.27091551	0.63195127
9.91599977	6.27091551	0.63195127
9.91999977	6.27091551	0.63195127
9.92399977	6.27091551	0.63195127
9.92799977	6.27091551	0.64776081
9.93199977	6.27091551	0.64776081
9.93599977	6.27091551	0.64776081
9.93999977	6.27091551	0.63195127
9.94399977	6.27091551	0.64776081
9.94799977	6.27091551	0.63195127
9.95199977	6.27091551	0.64776081
9.95599977	6.27091551	0.63195127
9.95999977	6.27091551	0.63195127
9.96399977	6.27091551	0.63195127
9.96799977	6.27091551	0.64776081
9.97199977	6.27091551	0.64776081
9.97599977	6.27091551	0.64776081
9.97999977	6.27091551	0.64776081
9.98399977	6.27091551	0.64776081
9.98799977	6.27091551	0.63195127
9.99199977	6.27091551	0.64776081
9.99599977	6.27091551	0.63195127
9.99999977	6.27091551	0.64776081
10.00399977	6.27091551	0.64776081
10.00799977	6.27091551	0.64776081
10.01199977	6.27091551	0.64776081
10.01599977	6.27091551	0.64776081
10.01999977	6.11035919	0.64776081
10.02399977	6.27091551	0.64776081
10.02799977	6.27091551	0.63195127
10.03199977	6.27091551	0.64776081
10.03599977	6.27091551	0.64776081
10.03999977	6.27091551	0.64776081
10.04399977	6.27091551	0.64776081
10.04799977	6.27091551	0.64776081
10.05199977	6.27091551	0.64776081
10.05599977	6.27091551	0.64776081
10.05999977	6.27091551	0.64776081
10.06399977	6.27091551	0.64776081
10.06799977	6.27091551	0.64776081
10.07199977	6.27091551	0.64776081
10.07599977	6.27091551	0.64776081
10.07999977	6.27091551	0.64776081
10.08399977	6.27091551	0.64776081
10.08799977	6.27091551	0.64776081
10.09199977	6.27091551	0.64776081
10.09599977	6.27091551	0.64776081
10.09999977	6.27091551	0.64776081
10.10399977	6.27091551	0.64776081
10.10799977	6.27091551	0.63195127
10.11199977	6.27091551	0.64776081
10.11599977	6.27091551	0.64776081
10.11999977	6.27091551	0.64776081
10.12399977	6.27091551	0.64776081
10.12799977	6.27091551	0.64776081
10.13199977	6.27091551	0.64776081
10.13599977	6.27091551	0.64776081
10.13999977	6.27091551	0.64776081
10.14399977	6.27091551	0.64776081
10.14799977	6.27091551	0.64776081
10.15199977	6.27091551	0.64776081
10.15599977	6.27091551	0.64776081
10.15999977	6.27091551	0.64776081
10.16399977	6.27091551	0.64776081
10.16799977	6.27091551	0.64776081
10.17199977	6.27091551	0.64776081
10.17599977	6.27091551	0.64776081
10.17999977	6.43147135	0.64776081
10.18399977	6.27091551	0.64776081
10.18799977	6.27091551	0.64776081
10.19199977	6.27091551	0.64776081
10.19599977	6.27091551	0.64776081
10.19999977	6.27091551	0.64776081
10.20399977	6.27091551	0.64776081
10.20799977	6.27091551	0.64776081
10.21199977	6.27091551	0.64776081
10.21599977	6.27091551	0.64776081
10.21999977	6.27091551	0.64776081
10.22399977	6.27091551	0.64776081
10.22799976	6.27091551	0.64776081
10.23199976	6.27091551	0.64776081
10.23599976	6.27091551	0.64776081
10.23999976	6.27091551	0.64776081
10.24399976	6.27091551	0.64776081
10.24799976	6.27091551	0.64776081
10.25199976	6.27091551	0.64776081
10.25599976	6.27091551	0.64776081
10.25999976	6.27091551	0.64776081
10.26399976	6.27091551	0.64776081
10.26799976	6.27091551	0.64776081
10.27199976	6.27091551	0.64776081
10.27599976	6.27091551	0.64776081
10.27999976	6.27091551	0.64776081
10.28399976	6.27091551	0.64776081
10.28799976	6.27091551	0.64776081
10.29199976	6.27091551	0.64776081
10.29599976	6.27091551	0.64776081
10.29999976	6.27091551	0.64776081
10.30399976	6.27091551	0.64776081
10.30799976	6.27091551	0.64776081
10.31199976	6.27091551	0.64776081
10.31599976	6.27091551	0.64776081
10.31999976	6.27091551	0.64776081
10.32399976	6.27091551	0.64776081
10.32799976	6.27091551	0.64776081
10.33199976	6.27091551	0.64776081
10.33599976	6.27091551	0.64776081
10.33999976	6.27091551	0.64776081
10.34399976	6.27091551	0.64776081
10.34799976	6.27091551	0.64776081
10.35199976	6.27091551	0.64776081
10.35599976	6.27091551	0.64776081
10.35999976	6.27091551	0.64776081
10.36399976	6.27091551	0.64776081
10.36799976	6.27091551	0.64776081
10.37199976	6.27091551	0.64776081
10.37599976	6.27091551	0.64776081
10.37999976	6.27091551	0.64776081
10.38399976	6.27091551	0.64776081
10.38799976	6.27091551	0.64776081
10.39199976	6.27091551	0.64776081
10.39599976	6.27091551	0.64776081
10.39999976	6.27091551	0.64776081
10.40399976	6.27091551	0.64776081
10.40799976	6.27091551	0.64776081
10.41199976	6.27091551	0.64776081
10.41599976	6.27091551	0.64776081
10.41999976	6.27091551	0.64776081
10.42399976	6.27091551	0.64776081
10.42799976	6.27091551	0.64776081
10.43199976	6.27091551	0.64776081
10.43599976	6.43147135	0.64776081
10.43999976	6.27091551	0.64776081
10.44399976	6.27091551	0.64776081
10.44799976	6.27091551	0.64776081
10.45199976	6.27091551	0.64776081
10.45599976	6.27091551	0.64776081
10.45999976	6.27091551	0.64776081
10.46399976	6.27091551	0.64776081
10.46799976	6.27091551	0.64776081
10.47199976	6.27091551	0.64776081
10.47599976	6.27091551	0.64776081
10.47999976	6.27091551	0.64776081
10.48399976	6.27091551	0.64776081
10.48799976	6.27091551	0.64776081
10.49199976	6.27091551	0.64776081
10.49599976	6.43147135	0.64776081
10.49999976	6.27091551	0.64776081
10.50399976	6.27091551	0.64776081
10.50799976	6.27091551	0.64776081
10.51199976	6.27091551	0.64776081
10.51599976	6.27091551	0.64776081
10.51999976	6.43147135	0.64776081
10.52399976	6.43147135	0.64776081
10.52799976	6.27091551	0.64776081
10.53199976	6.27091551	0.64776081
10.53599976	6.27091551	0.64776081
10.53999976	6.27091551	0.64776081
10.54399976	6.27091551	0.64776081
10.54799976	6.27091551	0.64776081
10.55199976	6.43147135	0.64776081
10.55599976	6.43147135	0.64776081
10.55999976	6.27091551	0.64776081
10.56399976	6.27091551	0.64776081
10.56799976	6.27091551	0.64776081
10.57199976	6.27091551	0.64776081
10.57599976	6.43147135	0.64776081
10.57999975	6.43147135	0.64776081
10.58399975	6.27091551	0.64776081
10.58799975	6.27091551	0.64776081
10.59199975	6.27091551	0.64776081
10.59599975	6.27091551	0.64776081
10.59999975	6.27091551	0.64776081
10.60399975	6.43147135	0.64776081
10.60799975	6.43147135	0.64776081
10.61199975	6.27091551	0.64776081
10.61599975	6.27091551	0.64776081
10.61999975	6.27091551	0.64776081
10.62399975	6.27091551	0.64776081
10.62799975	6.43147135	0.64776081
10.63199975	6.43147135	0.64776081
10.63599975	6.27091551	0.64776081
10.63999975	6.27091551	0.64776081
10.64399975	6.27091551	0.64776081
10.64799975	6.27091551	0.64776081
10.65199975	6.27091551	0.64776081
10.65599975	6.43147135	0.64776081
10.65999975	6.43147135	0.66357034
10.66399975	6.27091551	0.64776081
10.66799975	6.27091551	0.64776081
10.67199975	6.27091551	0.64776081
10.67599975	6.27091551	0.64776081
10.67999975	6.43147135	0.64776081
10.68399975	6.27091551	0.64776081
10.68799975	6.27091551	0.64776081
10.69199975	6.27091551	0.64776081
10.69599975	6.43147135	0.64776081
10.69999975	6.27091551	0.64776081
10.70399975	6.27091551	0.64776081
10.70799975	6.27091551	0.64776081
10.71199975	6.43147135	0.64776081
10.71599975	6.43147135	0.64776081
10.71999975	6.27091551	0.64776081
10.72399975	6.27091551	0.64776081
10.72799975	6.27091551	0.64776081
10.73199975	6.43147135	0.64776081
10.73599975	6.27091551	0.64776081
10.73999975	6.27091551	0.64776081
10.74399975	6.43147135	0.64776081
10.74799975	6.43147135	0.64776081
10.75199975	6.43147135	0.64776081
10.75599975	6.43147135	0.64776081
10.75999975	6.27091551	0.66357034
10.76399975	6.27091551	0.66357034
10.76799975	6.27091551	0.66357034
10.77199975	6.43147135	0.64776081
10.77599975	6.43147135	0.66357034
10.77999975	6.43147135	0.64776081
10.78399975	6.43147135	0.66357034
10.78799975	6.27091551	0.64776081
10.79199975	6.27091551	0.66357034
10.79599975	6.43147135	0.64776081
10.79999975	6.43147135	0.66357034
10.80399975	6.43147135	0.64776081
10.80799975	6.27091551	0.66357034
10.81199975	6.43147135	0.66357034
10.81599975	6.43147135	0.66357034
10.81999975	6.27091551	0.64776081
10.82399975	6.27091551	0.66357034
10.82799975	6.43147135	0.66357034
10.83199975	6.43147135	0.66357034
10.83599975	6.27091551	0.64776081
10.83999975	6.27091551	0.66357034
10.84399975	6.27091551	0.66357034
10.84799975	6.43147135	0.66357034
10.85199975	6.43147135	0.66357034
10.85599975	6.43147135	0.66357034
10.85999975	6.27091551	0.64776081
10.86399975	6.27091551	0.66357034
10.86799975	6.27091551	0.64776081
10.87199975	6.43147135	0.64776081
10.87599975	6.43147135	0.64776081
10.87999975	6.43147135	0.66357034
10.88399975	6.43147135	0.66357034
10.88799975	6.27091551	0.66357034
10.89199975	6.27091551	0.64776081
10.89599975	6.27091551	0.64776081
10.89999975	6.43147135	0.66357034
10.90399975	6.43147135	0.66357034
10.90799975	6.43147135	0.66357034
10.91199975	6.27091551	0.66357034
10.91599975	6.27091551	0.64776081
10.91999975	6.27091551	0.66357034
10.92399975	6.43147135	0.64776081
10.92799975	6.43147135	0.66357034
10.93199975	6.43147135	0.66357034
10.93599974	6.43147135	0.66357034
10.93999974	6.27091551	0.66357034
10.94399974	6.27091551	0.64776081
10.94799974	6.27091551	0.64776081
10.95199974	6.43147135	0.66357034
10.95599974	6.43147135	0.66357034
10.95999974	6.43147135	0.66357034
10.96399974	6.27091551	0.66357034
10.96799974	6.27091551	0.64776081
10.97199974	6.43147135	0.66357034
10.97599974	6.43147135	0.66357034
10.97999974	6.43147135	0.66357034
10.98399974	6.43147135	0.66357034
10.98799974	6.43147135	0.66357034
10.99199974	6.27091551	0.66357034
10.99599974	6.27091551	0.66357034
10.99999974	6.27091551	0.66357034
11.00399974	6.43147135	0.66357034
11.00799974	6.43147135	0.66357034
11.01199974	6.43147135	0.66357034
11.01599974	6.27091551	0.66357034
11.01999974	6.27091551	0.64776081
11.02399974	6.27091551	0.66357034
11.02799974	6.27091551	0.66357034
11.03199974	6.43147135	0.66357034
11.03599974	6.43147135	0.66357034
11.03999974	6.43147135	0.66357034
11.04399974	6.27091551	0.66357034
11.04799974	6.27091551	0.66357034
11.05199974	6.27091551	0.66357034
11.05599974	6.27091551	0.66357034
11.05999974	6.43147135	0.66357034
11.06399974	6.43147135	0.64776081
11.06799974	6.27091551	0.66357034
11.07199974	6.43147135	0.66357034
11.07599974	6.43147135	0.64776081
11.07999974	6.27091551	0.66357034
11.08399974	6.27091551	0.66357034
11.08799974	6.27091551	0.66357034
11.09199974	6.43147135	0.64776081
11.09599974	6.43147135	0.66357034
11.09999974	6.27091551	0.66357034
11.10399974	6.43147135	0.66357034
11.10799974	6.27091551	0.66357034
11.11199974	6.27091551	0.66357034
11.11599974	6.27091551	0.66357034
11.11999974	6.27091551	0.66357034
11.12399974	6.43147135	0.66357034
11.12799974	6.43147135	0.66357034
11.13199974	6.27091551	0.66357034
11.13599974	6.27091551	0.66357034
11.13999974	6.27091551	0.66357034
11.14399974	6.27091551	0.66357034
11.14799974	6.43147135	0.66357034
11.15199974	6.43147135	0.66357034
11.15599974	6.43147135	0.66357034
11.15999974	6.27091551	0.66357034
11.16399974	6.27091551	0.66357034
11.16799974	6.27091551	0.66357034
11.17199974	6.27091551	0.66357034
11.17599974	6.43147135	0.66357034
11.17999974	6.43147135	0.66357034
11.18399974	6.43147135	0.66357034
11.18799974	6.27091551	0.66357034
11.19199974	6.27091551	0.66357034
11.19599974	6.27091551	0.66357034
11.19999974	6.43147135	0.66357034
11.20399974	6.27091551	0.66357034
11.20799974	6.43147135	0.66357034
11.21199974	6.43147135	0.66357034
11.21599974	6.27091551	0.66357034
11.21999974	6.27091551	0.66357034
11.22399974	6.27091551	0.66357034
11.22799974	6.43147135	0.66357034
11.23199974	6.43147135	0.66357034
11.23599974	6.27091551	0.66357034
11.23999974	6.27091551	0.66357034
11.24399974	6.27091551	0.66357034
11.24799974	6.43147135	0.66357034
11.25199974	6.43147135	0.66357034
11.25599974	6.43147135	0.66357034
11.25999974	6.43147135	0.66357034
11.26399974	6.27091551	0.66357034
11.26799974	6.27091551	0.66357034
11.27199974	6.27091551	0.66357034
11.27599974	6.43147135	0.66357034
11.27999974	6.43147135	0.66357034
11.28399974	6.43147135	0.66357034
11.28799973	6.27091551	0.66357034
11.29199973	6.27091551	0.66357034
11.29599973	6.27091551	0.66357034
11.29999973	6.27091551	0.66357034
11.30399973	6.43147135	0.66357034
11.30799973	6.43147135	0.66357034
11.31199973	6.27091551	0.66357034
11.31599973	6.27091551	0.66357034
11.31999973	6.27091551	0.66357034
11.32399973	6.27091551	0.66357034
11.32799973	6.27091551	0.66357034
11.33199973	6.27091551	0.66357034
11.33599973	6.43147135	0.66357034
11.33999973	6.27091551	0.66357034
11.34399973	6.27091551	0.66357034
11.34799973	6.27091551	0.66357034
11.35199973	6.43147135	0.66357034
11.35599973	6.27091551	0.66357034
11.35999973	6.27091551	0.66357034
11.36399973	6.43147135	0.66357034
11.36799973	6.27091551	0.66357034
11.37199973	6.43147135	0.66357034
11.37599973	6.27091551	0.66357034
11.37999973	6.27091551	0.66357034
11.38399973	6.43147135	0.66357034
11.38799973	6.43147135	0.66357034
11.39199973	6.27091551	0.66357034
11.39599973	6.27091551	0.66357034
11.39999973	6.27091551	0.66357034
11.40399973	6.43147135	0.66357034
11.40799973	6.27091551	0.66357034
11.41199973	6.27091551	0.66357034
11.41599973	6.43147135	0.66357034
11.41999973	6.43147135	0.66357034
11.42399973	6.43147135	0.66357034
11.42799973	6.27091551	0.66357034
11.43199973	6.27091551	0.66357034
11.43599973	6.43147135	0.66357034
11.43999973	6.43147135	0.66357034
11.44399973	6.43147135	0.66357034
11.44799973	6.27091551	0.66357034
11.45199973	6.43147135	0.66357034
11.45599973	6.43147135	0.66357034
11.45999973	6.43147135	0.66357034
11.46399973	6.27091551	0.66357034
11.46799973	6.27091551	0.66357034
11.47199973	6.43147135	0.66357034
11.47599973	6.43147135	0.66357034
11.47999973	6.43147135	0.66357034
11.48399973	6.43147135	0.66357034
11.48799973	6.43147135	0.66357034
11.49199973	6.43147135	0.66357034
11.49599973	6.43147135	0.66357034
11.49999973	6.27091551	0.66357034
11.50399973	6.43147135	0.66357034
11.50799973	6.43147135	0.66357034
11.51199973	6.43147135	0.66357034
11.51599973	6.43147135	0.66357034
11.51999973	6.43147135	0.66357034
11.52399973	6.27091551	0.66357034
11.52799973	6.43147135	0.66357034
11.53199973	6.43147135	0.66357034
11.53599973	6.43147135	0.66357034
11.53999973	6.43147135	0.66357034
11.54399973	6.43147135	0.66357034
11.54799973	6.43147135	0.66357034
11.55199973	6.27091551	0.66357034
11.55599973	6.27091551	0.66357034
11.55999973	6.43147135	0.66357034
11.56399973	6.43147135	0.66357034
11.56799973	6.43147135	0.66357034
11.57199973	6.43147135	0.66357034
11.57599973	6.43147135	0.66357034
11.57999973	6.43147135	0.66357034
11.58399973	6.27091551	0.66357034
11.58799973	6.43147135	0.66357034
11.59199973	6.43147135	0.66357034
11.59599973	6.43147135	0.66357034
11.59999973	6.43147135	0.66357034
11.60399973	6.27091551	0.66357034
11.60799973	6.27091551	0.66357034
11.61199973	6.43147135	0.66357034
11.61599973	6.43147135	0.66357034
11.61999973	6.43147135	0.66357034
11.62399973	6.43147135	0.66357034
11.62799973	6.43147135	0.66357034
11.63199973	6.43147135	0.66357034
11.63599973	6.27091551	0.66357034
11.63999972	6.27091551	0.66357034
11.64399972	6.43147135	0.66357034
11.64799972	6.43147135	0.66357034
11.65199972	6.43147135	0.66357034
11.65599972	6.43147135	0.66357034
11.65999972	6.27091551	0.66357034
11.66399972	6.43147135	0.66357034
11.66799972	6.43147135	0.66357034
11.67199972	6.43147135	0.66357034
11.67599972	6.43147135	0.66357034
11.67999972	6.43147135	0.66357034
11.68399972	6.43147135	0.66357034
11.68799972	6.43147135	0.66357034
11.69199972	6.27091551	0.66357034
11.69599972	6.43147135	0.66357034
11.69999972	6.43147135	0.66357034
11.70399972	6.43147135	0.66357034
11.70799972	6.43147135	0.66357034
11.71199972	6.43147135	0.66357034
11.71599972	6.43147135	0.66357034
11.71999972	6.43147135	0.66357034
11.72399972	6.43147135	0.66357034
11.72799972	6.43147135	0.66357034
11.73199972	6.43147135	0.66357034
11.73599972	6.43147135	0.66357034
11.73999972	6.43147135	0.66357034
11.74399972	6.43147135	0.66357034
11.74799972	6.27091551	0.66357034
11.75199972	6.43147135	0.66357034
11.75599972	6.43147135	0.66357034
11.75999972	6.43147135	0.66357034
11.76399972	6.43147135	0.66357034
11.76799972	6.43147135	0.66357034
11.77199972	6.43147135	0.66357034
11.77599972	6.43147135	0.66357034
11.77999972	6.43147135	0.66357034
11.78399972	6.43147135	0.66357034
11.78799972	6.43147135	0.66357034
11.79199972	6.43147135	0.66357034
11.79599972	6.43147135	0.66357034
11.79999972	6.43147135	0.66357034
11.80399972	6.43147135	0.66357034
11.80799972	6.43147135	0.66357034
11.81199972	6.43147135	0.66357034
11.81599972	6.43147135	0.66357034
11.81999972	6.43147135	0.66357034
11.82399972	6.43147135	0.66357034
11.82799972	6.43147135	0.66357034
11.83199972	6.43147135	0.66357034
11.83599972	6.43147135	0.66357034
11.83999972	6.43147135	0.66357034
11.84399972	6.43147135	0.66357034
11.84799972	6.43147135	0.66357034
11.85199972	6.43147135	0.66357034
11.85599972	6.43147135	0.66357034
11.85999972	6.43147135	0.66357034
11.86399972	6.43147135	0.66357034
11.86799972	6.43147135	0.66357034
11.87199972	6.43147135	0.66357034
11.87599972	6.43147135	0.66357034
11.87999972	6.43147135	0.66357034
11.88399972	6.43147135	0.66357034
11.88799972	6.43147135	0.66357034
11.89199972	6.43147135	0.66357034
11.89599972	6.43147135	0.66357034
11.89999972	6.43147135	0.66357034
11.90399972	6.43147135	0.66357034
11.90799972	6.43147135	0.66357034
11.91199972	6.43147135	0.66357034
11.91599972	6.43147135	0.66357034
11.91999972	6.43147135	0.66357034
11.92399972	6.43147135	0.66357034
11.92799972	6.43147135	0.66357034
11.93199972	6.43147135	0.66357034
11.93599972	6.43147135	0.66357034
11.93999972	6.43147135	0.66357034
11.94399972	6.43147135	0.66357034
11.94799972	6.43147135	0.66357034
11.95199972	6.43147135	0.66357034
11.95599972	6.43147135	0.66357034
11.95999972	6.43147135	0.66357034
11.96399972	6.43147135	0.66357034
11.96799972	6.27091551	0.66357034
11.97199972	6.43147135	0.66357034
11.97599972	6.59264278	0.66357034
11.97999972	6.59264278	0.66357034
11.98399972	6.43147135	0.66357034
11.98799972	6.43147135	0.66357034
11.99199972	6.43147135	0.66357034
11.99599971	6.43147135	0.66357034
11.99999971	6.43147135	0.66357034
12.00399971	6.43147135	0.66357034
12.00799971	6.59264278	0.66357034
12.01199971	6.43147135	0.66357034
12.01599971	6.43147135	0.66357034
12.01999971	6.43147135	0.66357034
12.02399971	6.43147135	0.66357034
12.02799971	6.43147135	0.66357034
12.03199971	6.43147135	0.66357034
12.03599971	6.43147135	0.66357034
12.03999971	6.43147135	0.66357034
12.04399971	6.43147135	0.66357034
12.04799971	6.43147135	0.66357034
12.05199971	6.43147135	0.66357034
12.05599971	6.43147135	0.66357034
12.05999971	6.43147135	0.66357034
12.06399971	6.43147135	0.66357034
12.06799971	6.43147135	0.66357034
12.07199971	6.43147135	0.66357034
12.07599971	6.43147135	0.66357034
12.07999971	6.43147135	0.66357034
12.08399971	6.43147135	0.66357034
12.08799971	6.43147135	0.66357034
12.09199971	6.43147135	0.66357034
12.09599971	6.43147135	0.66357034
12.09999971	6.43147135	0.66357034
12.10399971	6.43147135	0.66357034
12.10799971	6.43147135	0.66357034
12.11199971	6.43147135	0.66357034
12.11599971	6.43147135	0.66357034
12.11999971	6.59264278	0.66357034
12.12399971	6.59264278	0.66357034
12.12799971	6.43147135	0.66357034
12.13199971	6.43147135	0.66357034
12.13599971	6.43147135	0.66357034
12.13999971	6.43147135	0.66357034
12.14399971	6.43147135	0.66357034
12.14799971	6.43147135	0.66357034
12.15199971	6.43147135	0.66357034
12.15599971	6.43147135	0.66357034
12.15999971	6.43147135	0.66357034
12.16399971	6.43147135	0.66357034
12.16799971	6.43147135	0.66357034
12.17199971	6.43147135	0.66357034
12.17599971	6.43147135	0.66357034
12.17999971	6.43147135	0.66357034
12.18399971	6.43147135	0.66357034
12.18799971	6.43147135	0.66357034
12.19199971	6.43147135	0.66357034
12.19599971	6.43147135	0.66357034
12.19999971	6.43147135	0.66357034
12.20399971	6.43147135	0.66357034
12.20799971	6.43147135	0.66357034
12.21199971	6.43147135	0.66357034
12.21599971	6.43147135	0.66357034
12.21999971	6.43147135	0.66357034
12.22399971	6.43147135	0.66357034
12.22799971	6.43147135	0.66357034
12.23199971	6.43147135	0.66357034
12.23599971	6.43147135	0.66357034
12.23999971	6.43147135	0.66357034
12.24399971	6.43147135	0.66357034
12.24799971	6.43147135	0.66357034
12.25199971	6.43147135	0.66357034
12.25599971	6.43147135	0.66357034
12.25999971	6.43147135	0.66357034
12.26399971	6.43147135	0.66357034
12.26799971	6.43147135	0.66357034
12.27199971	6.43147135	0.66357034
12.27599971	6.43147135	0.66357034
12.27999971	6.43147135	0.66357034
12.28399971	6.43147135	0.66357034
12.28799971	6.43147135	0.66357034
12.29199971	6.43147135	0.66357034
12.29599971	6.59264278	0.66357034
12.29999971	6.43147135	0.66357034
12.30399971	6.43147135	0.66357034
12.30799971	6.43147135	0.66357034
12.31199971	6.43147135	0.66357034
12.31599971	6.43147135	0.66357034
12.31999971	6.59264278	0.66357034
12.32399971	6.59264278	0.66357034
12.32799971	6.43147135	0.66357034
12.33199971	6.43147135	0.66357034
12.33599971	6.43147135	0.66357034
12.33999971	6.43147135	0.66357034
12.34399971	6.43147135	0.66357034
12.34799970	6.59264278	0.66357034
12.35199970	6.59264278	0.66357034
12.35599970	6.59264278	0.66357034
12.35999970	6.43147135	0.66357034
12.36399970	6.43147135	0.66357034
12.36799970	6.43147135	0.66357034
12.37199970	6.59264278	0.66357034
12.37599970	6.59264278	0.66357034
12.37999970	6.59264278	0.66357034
12.38399970	6.43147135	0.66357034
12.38799970	6.43147135	0.66357034
12.39199970	6.43147135	0.66357034
12.39599970	6.43147135	0.66357034
12.39999970	6.59264278	0.66357034
12.40399970	6.59264278	0.66357034
12.40799970	6.59264278	0.66357034
12.41199970	6.43147135	0.66357034
12.41599970	6.43147135	0.66357034
12.41999970	6.43147135	0.66357034
12.42399970	6.59264278	0.66357034
12.42799970	6.59264278	0.66357034
12.43199970	6.59264278	0.66357034
12.43599970	6.43147135	0.66357034
12.43999970	6.43147135	0.66357034
12.44399970	6.43147135	0.66357034
12.44799970	6.43147135	0.66357034
12.45199970	6.43147135	0.66357034
12.45599970	6.59264278	0.66357034
12.45999970	6.59264278	0.66357034
12.46399970	6.59264278	0.66357034
12.46799970	6.43147135	0.66357034
12.47199970	6.43147135	0.66357034
12.47599970	6.43147135	0.66357034
12.47999970	6.59264278	0.66357034
12.48399970	6.59264278	0.66357034
12.48799970	6.59264278	0.66357034
12.49199970	6.43147135	0.66357034
12.49599970	6.43147135	0.66357034
12.49999970	6.43147135	0.66357034
12.50399970	6.43147135	0.66357034
12.50799970	6.59264278	0.66357034
12.51199970	6.59264278	0.66357034
12.51599970	6.59264278	0.66357034
12.51999970	6.43147135	0.66357034
12.52399970	6.43147135	0.66357034
12.52799970	6.59264278	0.66357034
12.53199970	6.59264278	0.66357034
12.53599970	6.59264278	0.66357034
12.53999970	6.59264278	0.66357034
12.54399970	6.59264278	0.66357034
12.54799970	6.59264278	0.66357034
12.55199970	6.43147135	0.66357034
12.55599970	6.43147135	0.66357034
12.55999970	6.43147135	0.66357034
12.56399970	6.59264278	0.66357034
12.56799970	6.59264278	0.66357034
12.57199970	6.59264278	0.66357034
12.57599970	6.43147135	0.66357034
12.57999970	6.59264278	0.66357034
12.58399970	6.59264278	0.66357034
12.58799970	6.43147135	0.66357034
12.59199970	6.43147135	0.66357034
12.59599970	6.59264278	0.66357034
12.59999970	6.59264278	0.66357034
12.60399970	6.43147135	0.66357034
12.60799970	6.43147135	0.66357034
12.61199970	6.43147135	0.66357034
12.61599970	6.59264278	0.66357034
12.61999970	6.59264278	0.66357034
12.62399970	6.59264278	0.66357034
12.62799970	6.43147135	0.66357034
12.63199970	6.43147135	0.66357034
12.63599970	6.59264278	0.66357034
12.63999970	6.59264278	0.66357034
12.64399970	6.59264278	0.66357034
12.64799970	6.59264278	0.66357034
12.65199970	6.59264278	0.66357034
12.65599970	6.59264278	0.66357034
12.65999970	6.43147135	0.66357034
12.66399970	6.43147135	0.66357034
12.66799970	6.59264278	0.66357034
12.67199970	6.59264278	0.66357034
12.67599970	6.59264278	0.66357034
12.67999970	6.59264278	0.66357034
12.68399970	6.59264278	0.66357034
12.68799970	6.43147135	0.66357034
12.69199970	6.43147135	0.66357034
12.69599970	6.59264278	0.66357034
12.69999969	6.59264278	0.66357034
12.70399969	6.59264278	0.66357034
12.70799969	6.59264278	0.66357034
12.71199969	6.59264278	0.66357034
12.71599969	6.43147135	0.66357034
12.71999969	6.43147135	0.66357034
12.72399969	6.43147135	0.66357034
12.72799969	6.59264278	0.66357034
12.73199969	6.59264278	0.66357034
12.73599969	6.59264278	0.66357034
12.73999969	6.43147135	0.66357034
12.74399969	6.43147135	0.66357034
12.74799969	6.59264278	0.66357034
12.75199969	6.59264278	0.66357034
12.75599969	6.59264278	0.66357034
12.75999969	6.59264278	0.66357034
12.76399969	6.59264278	0.66357034
12.76799969	6.59264278	0.66357034
12.77199969	6.43147135	0.66357034
12.77599969	6.43147135	0.66357034
12.77999969	6.59264278	0.66357034
12.78399969	6.59264278	0.66357034
12.78799969	6.59264278	0.66357034
12.79199969	6.43147135	0.66357034
12.79599969	6.43147135	0.66357034
12.79999969	6.43147135	0.66357034
12.80399969	6.59264278	0.66357034
12.80799969	6.59264278	0.66357034
12.81199969	6.59264278	0.66357034
12.81599969	6.59264278	0.66357034
12.81999969	6.43147135	0.66357034
12.82399969	6.43147135	0.66357034
12.82799969	6.43147135	0.66357034
12.83199969	6.59264278	0.66357034
12.83599969	6.59264278	0.66357034
12.83999969	6.43147135	0.66357034
12.84399969	6.43147135	0.66357034
12.84799969	6.43147135	0.66357034
12.85199969	6.43147135	0.66357034
12.85599969	6.43147135	0.66357034
12.85999969	6.43147135	0.66357034
12.86399969	6.43147135	0.66357034
12.86799969	6.59264278	0.66357034
12.87199969	6.59264278	0.66357034
12.87599969	6.43147135	0.66357034
12.87999969	6.43147135	0.66357034
12.88399969	6.43147135	0.66357034
12.88799969	6.59264278	0.66357034
12.89199969	6.43147135	0.66357034
12.89599969	6.43147135	0.66357034
12.89999969	6.43147135	0.66357034
12.90399969	6.43147135	0.66357034
12.90799969	6.43147135	0.66357034
12.91199969	6.43147135	0.66357034
12.91599969	6.43147135	0.66357034
12.91999969	6.43147135	0.66357034
12.92399969	6.43147135	0.66357034
12.92799969	6.43147135	0.66357034
12.93199969	6.43147135	0.66357034
12.93599969	6.43147135	0.66357034
12.93999969	6.43147135	0.66357034
12.94399969	6.59264278	0.66357034
12.94799969	6.43147135	0.66357034
12.95199969	6.43147135	0.66357034
12.95599969	6.43147135	0.66357034
12.95999969	6.59264278	0.66357034
12.96399969	6.43147135	0.66357034
12.96799969	6.43147135	0.66357034
12.97199969	6.43147135	0.66357034
12.97599969	6.43147135	0.66357034
12.97999969	6.43147135	0.66357034
12.98399969	6.59264278	0.66357034
12.98799969	6.43147135	0.66357034
12.99199969	6.43147135	0.66357034
12.99599969	6.43147135	0.66357034
12.99999969	6.43147135	0.66357034
13.00399969	6.43147135	0.66357034
13.00799969	6.43147135	0.66357034
13.01199969	6.59264278	0.66357034
13.01599969	6.43147135	0.66357034
13.01999969	6.43147135	0.66357034
13.02399969	6.43147135	0.66357034
13.02799969	6.43147135	0.66357034
13.03199969	6.43147135	0.66357034
13.03599969	6.43147135	0.66357034
13.03999969	6.43147135	0.66357034
13.04399969	6.43147135	0.66357034
13.04799969	6.43147135	0.66357034
13.05199969	6.43147135	0.66357034
13.05599968	6.43147135	0.66357034
13.05999968	6.43147135	0.66357034
13.06399968	6.43147135	0.66357034
13.06799968	6.43147135	0.66357034
13.07199968	6.43147135	0.66357034
13.07599968	6.43147135	0.66357034
13.07999968	6.43147135	0.66357034
13.08399968	6.43147135	0.66357034
13.08799968	6.43147135	0.66357034
13.09199968	6.43147135	0.66357034
13.09599968	6.43147135	0.66357034
13.09999968	6.43147135	0.66357034
13.10399968	6.43147135	0.66357034
13.10799968	6.43147135	0.66357034
13.11199968	6.43147135	0.66357034
13.11599968	6.43147135	0.66357034
13.11999968	6.43147135	0.66357034
13.12399968	6.43147135	0.66357034
13.12799968	6.43147135	0.66357034
13.13199968	6.43147135	0.66357034
13.13599968	6.43147135	0.66357034
13.13999968	6.43147135	0.66357034
13.14399968	6.43147135	0.66357034
13.14799968	6.43147135	0.66357034
13.15199968	6.43147135	0.66357034
13.15599968	6.43147135	0.66357034
13.15999968	6.43147135	0.66357034
13.16399968	6.43147135	0.66357034
13.16799968	6.43147135	0.66357034
13.17199968	6.43147135	0.66357034
13.17599968	6.43147135	0.66357034
13.17999968	6.43147135	0.66357034
13.18399968	6.43147135	0.66357034
13.18799968	6.43147135	0.66357034
13.19199968	6.43147135	0.66357034
13.19599968	6.43147135	0.66357034
13.19999968	6.43147135	0.66357034
13.20399968	6.43147135	0.66357034
13.20799968	6.43147135	0.66357034
13.21199968	6.43147135	0.66357034
13.21599968	6.43147135	0.66357034
13.21999968	6.43147135	0.66357034
13.22399968	6.43147135	0.66357034
13.22799968	6.43147135	0.66357034
13.23199968	6.43147135	0.66357034
13.23599968	6.43147135	0.66357034
13.23999968	6.43147135	0.66357034
13.24399968	6.43147135	0.66357034
13.24799968	6.43147135	0.66357034
13.25199968	6.43147135	0.66357034
13.25599968	6.43147135	0.66357034
13.25999968	6.43147135	0.66357034
13.26399968	6.43147135	0.66357034
13.26799968	6.43147135	0.66357034
13.27199968	6.43147135	0.66357034
13.27599968	6.43147135	0.66357034
13.27999968	6.43147135	0.66357034
13.28399968	6.43147135	0.66357034
13.28799968	6.43147135	0.66357034
13.29199968	6.43147135	0.66357034
13.29599968	6.43147135	0.66357034
13.29999968	6.43147135	0.66357034
13.30399968	6.59264278	0.66357034
13.30799968	6.43147135	0.66357034
13.31199968	6.43147135	0.66357034
13.31599968	6.43147135	0.66357034
13.31999968	6.43147135	0.66357034
13.32399968	6.43147135	0.66357034
13.32799968	6.59264278	0.66357034
13.33199968	6.43147135	0.66357034
13.33599968	6.43147135	0.66357034
13.33999968	6.43147135	0.66357034
13.34399968	6.43147135	0.66357034
13.34799968	6.43147135	0.66357034
13.35199968	6.59264278	0.66357034
13.35599968	6.43147135	0.66357034
13.35999968	6.43147135	0.66357034
13.36399968	6.43147135	0.66357034
13.36799968	6.43147135	0.66357034
13.37199968	6.59264278	0.66357034
13.37599968	6.59264278	0.66357034
13.37999968	6.43147135	0.66357034
13.38399968	6.43147135	0.66357034
13.38799968	6.43147135	0.66357034
13.39199968	6.43147135	0.66357034
13.39599968	6.59264278	0.66357034
13.39999968	6.43147135	0.66357034
13.40399968	6.43147135	0.66357034
13.40799967	6.59264278	0.66357034
13.41199967	6.43147135	0.66357034
13.41599967	6.43147135	0.66357034
13.41999967	6.43147135	0.66357034
13.42399967	6.43147135	0.66357034
13.42799967	6.59264278	0.66357034
13.43199967	6.59264278	0.66357034
13.43599967	6.43147135	0.66357034
13.43999967	6.43147135	0.66357034
13.44399967	6.43147135	0.66357034
13.44799967	6.59264278	0.66357034
13.45199967	6.43147135	0.66357034
13.45599967	6.43147135	0.66357034
13.45999967	6.43147135	0.66357034
13.46399967	6.43147135	0.66357034
13.46799967	6.43147135	0.66357034
13.47199967	6.43147135	0.66357034
13.47599967	6.43147135	0.66357034
13.47999967	6.59264278	0.66357034
13.48399967	6.43147135	0.66357034
13.48799967	6.43147135	0.66357034
13.49199967	6.43147135	0.66357034
13.49599967	6.43147135	0.66357034
13.49999967	6.59264278	0.66357034
13.50399967	6.43147135	0.66357034
13.50799967	6.43147135	0.66357034
13.51199967	6.43147135	0.66357034
13.51599967	6.43147135	0.66357034
13.51999967	6.43147135	0.66357034
13.52399967	6.43147135	0.66357034
13.52799967	6.43147135	0.66357034
13.53199967	6.43147135	0.66357034
13.53599967	6.43147135	0.66357034
13.53999967	6.43147135	0.66357034
13.54399967	6.43147135	0.66357034
13.54799967	6.43147135	0.66357034
13.55199967	6.43147135	0.66357034
13.55599967	6.43147135	0.66357034
13.55999967	6.43147135	0.66357034
13.56399967	6.43147135	0.66357034
13.56799967	6.43147135	0.66357034
13.57199967	6.43147135	0.66357034
13.57599967	6.43147135	0.66357034
13.57999967	6.43147135	0.66357034
13.58399967	6.43147135	0.66357034
13.58799967	6.43147135	0.66357034
13.59199967	6.43147135	0.66357034
13.59599967	6.43147135	0.66357034
13.59999967	6.43147135	0.66357034
13.60399967	6.43147135	0.66357034
13.60799967	6.43147135	0.66357034
13.61199967	6.43147135	0.66357034
13.61599967	6.43147135	0.66357034
13.61999967	6.43147135	0.66357034
13.62399967	6.43147135	0.66357034
13.62799967	6.43147135	0.66357034
13.63199967	6.43147135	0.66357034
13.63599967	6.43147135	0.66357034
13.63999967	6.43147135	0.66357034
13.64399967	6.43147135	0.66357034
13.64799967	6.43147135	0.66357034
13.65199967	6.43147135	0.66357034
13.65599967	6.43147135	0.66357034
13.65999967	6.43147135	0.66357034
13.66399967	6.43147135	0.66357034
13.66799967	6.43147135	0.66357034
13.67199967	6.43147135	0.66357034
13.67599967	6.43147135	0.66357034
13.67999967	6.43147135	0.66357034
13.68399967	6.27091551	0.66357034
13.68799967	6.43147135	0.66357034
13.69199967	6.43147135	0.66357034
13.69599967	6.43147135	0.66357034
13.69999967	6.43147135	0.66357034
13.70399967	6.43147135	0.66357034
13.70799967	6.43147135	0.66357034
13.71199967	6.43147135	0.66357034
13.71599967	6.43147135	0.66357034
13.71999967	6.43147135	0.66357034
13.72399967	6.43147135	0.66357034
13.72799967	6.43147135	0.66357034
13.73199967	6.43147135	0.66357034
13.73599967	6.43147135	0.66357034
13.73999967	6.43147135	0.66357034
13.74399967	6.43147135	0.66357034
13.74799967	6.27091551	0.66357034
13.75199967	6.43147135	0.66357034
13.75599967	6.43147135	0.66357034
13.75999967	6.43147135	0.66357034
13.76399966	6.43147135	0.66357034
13.76799966	6.43147135	0.66357034
13.77199966	6.43147135	0.66357034
13.77599966	6.43147135	0.66357034
13.77999966	6.43147135	0.66357034
13.78399966	6.43147135	0.66357034
13.78799966	6.43147135	0.66357034
13.79199966	6.43147135	0.66357034
13.79599966	6.43147135	0.66357034
13.79999966	6.43147135	0.66357034
13.80399966	6.43147135	0.66357034
13.80799966	6.43147135	0.66357034
13.81199966	6.43147135	0.66357034
13.81599966	6.43147135	0.66357034
13.81999966	6.43147135	0.66357034
13.82399966	6.43147135	0.66357034
13.82799966	6.43147135	0.66357034
13.83199966	6.43147135	0.66357034
13.83599966	6.43147135	0.66357034
13.83999966	6.43147135	0.66357034
13.84399966	6.43147135	0.66357034
13.84799966	6.43147135	0.66357034
13.85199966	6.43147135	0.66357034
13.85599966	6.43147135	0.66357034
13.85999966	6.43147135	0.66357034
13.86399966	6.43147135	0.66357034
13.86799966	6.43147135	0.66357034
13.87199966	6.43147135	0.66357034
13.87599966	6.43147135	0.66357034
13.87999966	6.43147135	0.66357034
13.88399966	6.43147135	0.66357034
13.88799966	6.43147135	0.66357034
13.89199966	6.43147135	0.66357034
13.89599966	6.43147135	0.66357034
13.89999966	6.43147135	0.66357034
13.90399966	6.43147135	0.66357034
13.90799966	6.43147135	0.66357034
13.91199966	6.43147135	0.66357034
13.91599966	6.43147135	0.66357034
13.91999966	6.43147135	0.66357034
13.92399966	6.43147135	0.66357034
13.92799966	6.43147135	0.66357034
13.93199966	6.43147135	0.66357034
13.93599966	6.43147135	0.66357034
13.93999966	6.43147135	0.66357034
13.94399966	6.43147135	0.66357034
13.94799966	6.43147135	0.66357034
13.95199966	6.43147135	0.66357034
13.95599966	6.43147135	0.66357034
13.95999966	6.43147135	0.66357034
13.96399966	6.43147135	0.66357034
13.96799966	6.43147135	0.66357034
13.97199966	6.43147135	0.66357034
13.97599966	6.43147135	0.66357034
13.97999966	6.43147135	0.66357034
13.98399966	6.43147135	0.66357034
13.98799966	6.43147135	0.66357034
13.99199966	6.43147135	0.66357034
13.99599966	6.43147135	0.66357034
13.99999966	6.43147135	0.66357034
14.00399966	6.43147135	0.66357034
14.00799966	6.43147135	0.66357034
14.01199966	6.43147135	0.66357034
14.01599966	6.43147135	0.66357034
14.01999966	6.43147135	0.66357034
14.02399966	6.43147135	0.66357034
14.02799966	6.43147135	0.66357034
14.03199966	6.43147135	0.66357034
14.03599966	6.43147135	0.66357034
14.03999966	6.43147135	0.66357034
14.04399966	6.43147135	0.66357034
14.04799966	6.43147135	0.66357034
14.05199966	6.43147135	0.66357034
14.05599966	6.43147135	0.66357034
14.05999966	6.43147135	0.66357034
14.06399966	6.43147135	0.66357034
14.06799966	6.43147135	0.64776081
14.07199966	6.43147135	0.66357034
14.07599966	6.43147135	0.66357034
14.07999966	6.43147135	0.66357034
14.08399966	6.43147135	0.66357034
14.08799966	6.43147135	0.66357034
14.09199966	6.43147135	0.66357034
14.09599966	6.43147135	0.66357034
14.09999966	6.43147135	0.66357034
14.10399966	6.43147135	0.66357034
14.10799966	6.43147135	0.66357034
14.11199966	6.43147135	0.66357034
14.11599965	6.43147135	0.66357034
14.11999965	6.43147135	0.66357034
14.12399965	6.43147135	0.66357034
14.12799965	6.43147135	0.66357034
14.13199965	6.43147135	0.64776081
14.13599965	6.43147135	0.66357034
14.13999965	6.43147135	0.66357034
14.14399965	6.43147135	0.66357034
14.14799965	6.43147135	0.66357034
14.15199965	6.43147135	0.66357034
14.15599965	6.43147135	0.66357034
14.15999965	6.43147135	0.66357034
14.16399965	6.43147135	0.66357034
14.16799965	6.43147135	0.66357034
14.17199965	6.43147135	0.66357034
14.17599965	6.43147135	0.66357034
14.17999965	6.43147135	0.66357034
14.18399965	6.43147135	0.66357034
14.18799965	6.43147135	0.66357034
14.19199965	6.43147135	0.66357034
14.19599965	6.43147135	0.66357034
14.19999965	6.43147135	0.66357034
14.20399965	6.43147135	0.66357034
14.20799965	6.43147135	0.66357034
14.21199965	6.43147135	0.66357034
14.21599965	6.43147135	0.66357034
14.21999965	6.43147135	0.66357034
14.22399965	6.43147135	0.64776081
14.22799965	6.43147135	0.66357034
14.23199965	6.43147135	0.66357034
14.23599965	6.43147135	0.66357034
14.23999965	6.43147135	0.66357034
14.24399965	6.43147135	0.66357034
14.24799965	6.43147135	0.66357034
14.25199965	6.43147135	0.64776081
14.25599965	6.43147135	0.66357034
14.25999965	6.59264278	0.66357034
14.26399965	6.43147135	0.66357034
14.26799965	6.43147135	0.66357034
14.27199965	6.43147135	0.66357034
14.27599965	6.43147135	0.64776081
14.27999965	6.43147135	0.64776081
14.28399965	6.43147135	0.64776081
14.28799965	6.43147135	0.64776081
14.29199965	6.43147135	0.66357034
14.29599965	6.43147135	0.66357034
14.29999965	6.43147135	0.66357034
14.30399965	6.43147135	0.66357034
14.30799965	6.43147135	0.66357034
14.31199965	6.59264278	0.66357034
14.31599965	6.43147135	0.66357034
14.31999965	6.43147135	0.66357034
14.32399965	6.43147135	0.64776081
14.32799965	6.43147135	0.66357034
14.33199965	6.43147135	0.66357034
14.33599965	6.43147135	0.66357034
14.33999965	6.43147135	0.66357034
14.34399965	6.43147135	0.64776081
14.34799965	6.43147135	0.64776081
14.35199965	6.43147135	0.66357034
14.35599965	6.43147135	0.64776081
14.35999965	6.43147135	0.64776081
14.36399965	6.43147135	0.66357034
14.36799965	6.43147135	0.64776081
14.37199965	6.43147135	0.64776081
14.37599965	6.43147135	0.66357034
14.37999965	6.43147135	0.66357034
14.38399965	6.43147135	0.66357034
14.38799965	6.43147135	0.66357034
14.39199965	6.43147135	0.66357034
14.39599965	6.43147135	0.66357034
14.39999965	6.43147135	0.66357034
14.40399965	6.43147135	0.64776081
14.40799965	6.43147135	0.66357034
14.41199965	6.43147135	0.66357034
14.41599965	6.43147135	0.66357034
14.41999965	6.43147135	0.64776081
14.42399965	6.43147135	0.66357034
14.42799965	6.43147135	0.66357034
14.43199965	6.43147135	0.66357034
14.43599965	6.43147135	0.66357034
14.43999965	6.43147135	0.66357034
14.44399965	6.43147135	0.64776081
14.44799965	6.43147135	0.66357034
14.45199965	6.43147135	0.64776081
14.45599965	6.43147135	0.66357034
14.45999965	6.43147135	0.64776081
14.46399965	6.43147135	0.64776081
14.46799964	6.43147135	0.66357034
14.47199964	6.43147135	0.64776081
14.47599964	6.43147135	0.66357034
14.47999964	6.43147135	0.64776081
14.48399964	6.43147135	0.64776081
14.48799964	6.43147135	0.66357034
14.49199964	6.43147135	0.64776081
14.49599964	6.43147135	0.66357034
14.49999964	6.43147135	0.66357034
14.50399964	6.43147135	0.66357034
14.50799964	6.43147135	0.66357034
14.51199964	6.43147135	0.66357034
14.51599964	6.43147135	0.66357034
14.51999964	6.43147135	0.66357034
14.52399964	6.43147135	0.64776081
14.52799964	6.43147135	0.64776081
14.53199964	6.43147135	0.64776081
14.53599964	6.43147135	0.64776081
14.53999964	6.43147135	0.64776081
14.54399964	6.27091551	0.66357034
14.54799964	6.27091551	0.66357034
14.55199964	6.43147135	0.64776081
14.55599964	6.43147135	0.66357034
14.55999964	6.43147135	0.64776081
14.56399964	6.43147135	0.64776081
14.56799964	6.43147135	0.64776081
14.57199964	6.43147135	0.64776081
14.57599964	6.27091551	0.64776081
14.57999964	6.27091551	0.64776081
14.58399964	6.43147135	0.66357034
14.58799964	6.43147135	0.64776081
14.59199964	6.43147135	0.66357034
14.59599964	6.43147135	0.64776081
14.59999964	6.27091551	0.66357034
14.60399964	6.27091551	0.64776081
14.60799964	6.43147135	0.64776081
14.61199964	6.43147135	0.64776081
14.61599964	6.43147135	0.64776081
14.61999964	6.43147135	0.64776081
14.62399964	6.43147135	0.66357034
14.62799964	6.27091551	0.64776081
14.63199964	6.27091551	0.64776081
14.63599964	6.43147135	0.64776081
14.63999964	6.43147135	0.64776081
14.64399964	6.43147135	0.64776081
14.64799964	6.27091551	0.66357034
14.65199964	6.27091551	0.64776081
14.65599964	6.27091551	0.66357034
14.65999964	6.27091551	0.64776081
14.66399964	6.27091551	0.66357034
14.66799964	6.27091551	0.64776081
14.67199964	6.27091551	0.66357034
14.67599964	6.27091551	0.64776081
14.67999964	6.27091551	0.64776081
14.68399964	6.27091551	0.66357034
14.68799964	6.27091551	0.64776081
14.69199964	6.43147135	0.66357034
14.69599964	6.27091551	0.66357034
14.69999964	6.27091551	0.64776081
14.70399964	6.27091551	0.64776081
14.70799964	6.27091551	0.64776081
14.71199964	6.27091551	0.64776081
14.71599964	6.27091551	0.64776081
14.71999964	6.27091551	0.64776081
14.72399964	6.27091551	0.64776081
14.72799964	6.27091551	0.66357034
14.73199964	6.27091551	0.64776081
14.73599964	6.27091551	0.64776081
14.73999964	6.27091551	0.64776081
14.74399964	6.43147135	0.66357034
14.74799964	6.27091551	0.64776081
14.75199964	6.27091551	0.64776081
14.75599964	6.27091551	0.64776081
14.75999964	6.43147135	0.66357034
14.76399964	6.43147135	0.64776081
14.76799964	6.27091551	0.64776081
14.77199964	6.27091551	0.64776081
14.77599964	6.43147135	0.66357034
14.77999964	6.43147135	0.64776081
14.78399964	6.43147135	0.64776081
14.78799964	6.27091551	0.64776081
14.79199964	6.27091551	0.64776081
14.79599964	6.43147135	0.64776081
14.79999964	6.27091551	0.64776081
14.80399964	6.43147135	0.64776081
14.80799964	6.43147135	0.64776081
14.81199964	6.27091551	0.66357034
14.81599964	6.43147135	0.64776081
14.81999964	6.27091551	0.64776081
14.82399963	6.27091551	0.64776081
14.82799963	6.43147135	0.64776081
14.83199963	6.43147135	0.64776081
14.83599963	6.43147135	0.64776081
14.83999963	6.27091551	0.64776081
14.84399963	6.27091551	0.64776081
14.84799963	6.27091551	0.64776081
14.85199963	6.43147135	0.64776081
14.85599963	6.43147135	0.66357034
14.85999963	6.43147135	0.66357034
14.86399963	6.27091551	0.66357034
14.86799963	6.27091551	0.66357034
14.87199963	6.27091551	0.66357034
14.87599963	6.27091551	0.64776081
14.87999963	6.27091551	0.64776081
14.88399963	6.43147135	0.64776081
14.88799963	6.27091551	0.64776081
14.89199963	6.27091551	0.64776081
14.89599963	6.27091551	0.64776081
14.89999963	6.27091551	0.64776081
14.90399963	6.27091551	0.64776081
14.90799963	6.27091551	0.64776081
14.91199963	6.27091551	0.66357034
14.91599963	6.27091551	0.64776081
14.91999963	6.27091551	0.64776081
14.92399963	6.27091551	0.64776081
14.92799963	6.27091551	0.64776081
14.93199963	6.27091551	0.64776081
14.93599963	6.43147135	0.64776081
14.93999963	6.43147135	0.64776081
14.94399963	6.27091551	0.64776081
14.94799963	6.27091551	0.64776081
14.95199963	6.27091551	0.66357034
14.95599963	6.27091551	0.64776081
14.95999963	6.27091551	0.64776081
14.96399963	6.27091551	0.64776081
14.96799963	6.27091551	0.64776081
14.97199963	6.27091551	0.64776081
14.97599963	6.27091551	0.64776081
14.97999963	6.27091551	0.64776081
14.98399963	6.27091551	0.66357034
14.98799963	6.27091551	0.64776081
14.99199963	6.27091551	0.64776081
14.99599963	6.27091551	0.64776081
14.99999963	6.27091551	0.64776081
15.00399963	6.27091551	0.64776081
15.00799963	6.27091551	0.64776081
15.01199963	6.27091551	0.64776081
15.01599963	6.27091551	0.64776081
15.01999963	6.27091551	0.64776081
15.02399963	6.27091551	0.64776081
15.02799963	6.27091551	0.64776081
15.03199963	6.27091551	0.64776081
15.03599963	6.27091551	0.64776081
15.03999963	6.27091551	0.64776081
15.04399963	6.27091551	0.64776081
15.04799963	6.27091551	0.64776081
15.05199963	6.27091551	0.64776081
15.05599963	6.27091551	0.64776081
15.05999963	6.27091551	0.64776081
15.06399963	6.11035919	0.64776081
15.06799963	6.27091551	0.64776081
15.07199963	6.27091551	0.64776081
15.07599963	6.27091551	0.64776081
15.07999963	6.27091551	0.64776081
15.08399963	6.27091551	0.64776081
15.08799963	6.27091551	0.64776081
15.09199963	6.11035919	0.64776081
15.09599963	6.11035919	0.64776081
15.09999963	6.27091551	0.64776081
15.10399963	6.27091551	0.64776081
15.10799963	6.27091551	0.64776081
15.11199963	6.11035919	0.64776081
15.11599963	6.11035919	0.64776081
15.11999963	6.27091551	0.64776081
15.12399963	6.27091551	0.66357034
15.12799963	6.27091551	0.66357034
15.13199963	6.27091551	0.66357034
15.13599963	6.27091551	0.64776081
15.13999963	6.27091551	0.64776081
15.14399963	6.11035919	0.64776081
15.14799963	6.11035919	0.64776081
15.15199963	6.11035919	0.66357034
15.15599963	6.27091551	0.64776081
15.15999963	6.27091551	0.64776081
15.16399963	6.27091551	0.64776081
15.16799963	6.27091551	0.64776081
15.17199963	6.11035919	0.64776081
15.17599962	6.11035919	0.64776081
15.17999962	6.27091551	0.64776081
15.18399962	6.27091551	0.64776081
15.18799962	6.27091551	0.64776081
15.19199962	6.27091551	0.64776081
15.19599962	6.27091551	0.64776081
15.19999962	6.27091551	0.64776081
15.20399962	6.11035919	0.64776081
15.20799962	6.11035919	0.64776081
15.21199962	6.27091551	0.64776081
15.21599962	6.27091551	0.64776081
15.21999962	6.27091551	0.64776081
15.22399962	6.27091551	0.64776081
15.22799962	6.27091551	0.64776081
15.23199962	6.27091551	0.64776081
15.23599962	6.11035919	0.64776081
15.23999962	6.11035919	0.64776081
15.24399962	6.27091551	0.64776081
15.24799962	6.27091551	0.64776081
15.25199962	6.27091551	0.64776081
15.25599962	6.11035919	0.64776081
15.25999962	6.11035919	0.64776081
15.26399962	6.27091551	0.64776081
15.26799962	6.27091551	0.64776081
15.27199962	6.27091551	0.64776081
15.27599962	6.27091551	0.64776081
15.27999962	6.27091551	0.64776081
15.28399962	6.27091551	0.64776081
15.28799962	6.27091551	0.64776081
15.29199962	6.27091551	0.64776081
15.29599962	6.27091551	0.64776081
15.29999962	6.27091551	0.64776081
15.30399962	6.27091551	0.64776081
15.30799962	6.27091551	0.64776081
15.31199962	6.27091551	0.64776081
15.31599962	6.27091551	0.64776081
15.31999962	6.27091551	0.64776081
15.32399962	6.27091551	0.64776081
15.32799962	6.27091551	0.64776081
15.33199962	6.27091551	0.64776081
15.33599962	6.27091551	0.64776081
15.33999962	6.27091551	0.64776081
15.34399962	6.27091551	0.64776081
15.34799962	6.27091551	0.64776081
15.35199962	6.27091551	0.64776081
15.35599962	6.27091551	0.64776081
15.35999962	6.27091551	0.64776081
15.36399962	6.27091551	0.64776081
15.36799962	6.27091551	0.64776081
15.37199962	6.43147135	0.64776081
15.37599962	6.27091551	0.64776081
15.37999962	6.27091551	0.64776081
15.38399962	6.27091551	0.64776081
15.38799962	6.27091551	0.64776081
15.39199962	6.27091551	0.64776081
15.39599962	6.27091551	0.64776081
15.39999962	6.27091551	0.64776081
15.40399962	6.27091551	0.64776081
15.40799962	6.43147135	0.64776081
15.41199962	6.27091551	0.64776081
15.41599962	6.27091551	0.64776081
15.41999962	6.27091551	0.64776081
15.42399962	6.43147135	0.64776081
15.42799962	6.43147135	0.64776081
15.43199962	6.27091551	0.64776081
15.43599962	6.27091551	0.64776081
15.43999962	6.27091551	0.64776081
15.44399962	6.27091551	0.64776081
15.44799962	6.27091551	0.64776081
15.45199962	6.27091551	0.64776081
15.45599962	6.27091551	0.64776081
15.45999962	6.27091551	0.64776081
15.46399962	6.27091551	0.64776081
15.46799962	6.27091551	0.64776081
15.47199962	6.27091551	0.64776081
15.47599962	6.43147135	0.64776081
15.47999962	6.43147135	0.64776081
15.48399962	6.27091551	0.64776081
15.48799962	6.27091551	0.64776081
15.49199962	6.27091551	0.64776081
15.49599962	6.27091551	0.64776081
15.49999962	6.27091551	0.64776081
15.50399962	6.27091551	0.64776081
15.50799962	6.43147135	0.64776081
15.51199962	6.27091551	0.64776081
15.51599962	6.27091551	0.64776081
15.51999962	6.27091551	0.64776081
15.52399962	6.27091551	0.64776081
15.52799962	6.43147135	0.64776081
15.53199961	6.43147135	0.64776081
15.53599961	6.27091551	0.64776081
15.53999961	6.27091551	0.64776081
15.54399961	6.27091551	0.64776081
15.54799961	6.27091551	0.64776081
15.55199961	6.27091551	0.64776081
15.55599961	6.27091551	0.64776081
15.55999961	6.43147135	0.64776081
15.56399961	6.43147135	0.64776081
15.56799961	6.27091551	0.64776081
15.57199961	6.27091551	0.64776081
15.57599961	6.27091551	0.64776081
15.57999961	6.27091551	0.64776081
15.58399961	6.27091551	0.64776081
15.58799961	6.27091551	0.64776081
15.59199961	6.27091551	0.64776081
15.59599961	6.27091551	0.64776081
15.59999961	6.27091551	0.64776081
15.60399961	6.27091551	0.64776081
15.60799961	6.27091551	0.64776081
15.61199961	6.43147135	0.64776081
15.61599961	6.27091551	0.64776081
15.61999961	6.27091551	0.64776081
15.62399961	6.27091551	0.64776081
15.62799961	6.27091551	0.64776081
15.63199961	6.27091551	0.64776081
15.63599961	6.27091551	0.64776081
15.63999961	6.27091551	0.64776081
15.64399961	6.27091551	0.64776081
15.64799961	6.43147135	0.64776081
15.65199961	6.27091551	0.64776081
15.65599961	6.11035919	0.64776081
15.65999961	6.27091551	0.64776081
15.66399961	6.43147135	0.64776081
15.66799961	6.43147135	0.64776081
15.67199961	6.27091551	0.64776081
15.67599961	6.27091551	0.64776081
15.67999961	6.27091551	0.64776081
15.68399961	6.27091551	0.64776081
15.68799961	6.27091551	0.64776081
15.69199961	6.27091551	0.64776081
15.69599961	6.43147135	0.64776081
15.69999961	6.43147135	0.64776081
15.70399961	6.27091551	0.64776081
15.70799961	6.27091551	0.64776081
15.71199961	6.27091551	0.64776081
15.71599961	6.43147135	0.64776081
15.71999961	6.43147135	0.64776081
15.72399961	6.27091551	0.64776081
15.72799961	6.27091551	0.64776081
15.73199961	6.27091551	0.64776081
15.73599961	6.43147135	0.64776081
15.73999961	6.27091551	0.64776081
15.74399961	6.27091551	0.64776081
15.74799961	6.27091551	0.64776081
15.75199961	6.43147135	0.64776081
15.75599961	6.43147135	0.64776081
15.75999961	6.27091551	0.64776081
15.76399961	6.27091551	0.64776081
15.76799961	6.43147135	0.64776081
15.77199961	6.27091551	0.64776081
15.77599961	6.27091551	0.64776081
15.77999961	6.27091551	0.64776081
15.78399961	6.43147135	0.64776081
15.78799961	6.43147135	0.64776081
15.79199961	6.27091551	0.64776081
15.79599961	6.27091551	0.64776081
15.79999961	6.27091551	0.64776081
15.80399961	6.43147135	0.64776081
15.80799961	6.43147135	0.64776081
15.81199961	6.27091551	0.64776081
15.81599961	6.27091551	0.64776081
15.81999961	6.43147135	0.64776081
15.82399961	6.27091551	0.64776081
15.82799961	6.27091551	0.64776081
15.83199961	6.43147135	0.64776081
15.83599961	6.43147135	0.64776081
15.83999961	6.43147135	0.64776081
15.84399961	6.27091551	0.64776081
15.84799961	6.27091551	0.64776081
15.85199961	6.43147135	0.64776081
15.85599961	6.43147135	0.64776081
15.85999961	6.27091551	0.64776081
15.86399961	6.27091551	0.64776081
15.86799961	6.27091551	0.64776081
15.87199961	6.27091551	0.64776081
15.87599961	6.27091551	0.64776081
15.87999961	6.27091551	0.64776081
15.88399960	6.43147135	0.64776081
15.88799960	6.43147135	0.64776081
15.89199960	6.27091551	0.64776081
15.89599960	6.27091551	0.64776081
15.89999960	6.27091551	0.64776081
15.90399960	6.43147135	0.64776081
15.90799960	6.43147135	0.64776081
15.91199960	6.27091551	0.64776081
15.91599960	6.27091551	0.64776081
15.91999960	6.27091551	0.64776081
15.92399960	6.27091551	0.64776081
15.92799960	6.27091551	0.64776081
15.93199960	6.27091551	0.64776081
15.93599960	6.43147135	0.64776081
15.93999960	6.27091551	0.64776081
15.94399960	6.27091551	0.64776081
15.94799960	6.27091551	0.64776081
15.95199960	6.27091551	0.64776081
15.95599960	6.43147135	0.64776081
15.95999960	6.27091551	0.64776081
15.96399960	6.27091551	0.64776081
15.96799960	6.27091551	0.64776081
15.97199960	6.27091551	0.64776081
15.97599960	6.27091551	0.64776081
15.97999960	6.27091551	0.64776081
15.98399960	6.27091551	0.64776081
15.98799960	6.43147135	0.64776081
15.99199960	6.43147135	0.64776081
15.99599960	6.27091551	0.64776081
15.99999960	6.27091551	0.64776081
16.00399960	6.27091551	0.64776081
16.00799960	6.43147135	0.64776081
16.01199960	6.43147135	0.64776081
16.01599960	6.27091551	0.64776081
16.01999960	6.27091551	0.64776081
16.02399960	6.43147135	0.64776081
16.02799960	6.43147135	0.64776081
16.03199960	6.27091551	0.64776081
16.03599960	6.27091551	0.64776081
16.03999960	6.43147135	0.64776081
16.04399960	6.43147135	0.64776081
16.04799960	6.43147135	0.64776081
16.05199960	6.27091551	0.64776081
16.05599960	6.43147135	0.64776081
16.05999960	6.43147135	0.64776081
16.06399960	6.43147135	0.64776081
16.06799960	6.27091551	0.64776081
16.07199960	6.43147135	0.64776081
16.07599960	6.43147135	0.64776081
16.07999960	6.43147135	0.64776081
16.08399960	6.43147135	0.64776081
16.08799960	6.43147135	0.64776081
16.09199960	6.43147135	0.64776081
16.09599960	6.43147135	0.64776081
16.09999960	6.43147135	0.64776081
16.10399960	6.27091551	0.64776081
16.10799960	6.27091551	0.64776081
16.11199960	6.43147135	0.64776081
16.11599960	6.43147135	0.64776081
16.11999960	6.43147135	0.64776081
16.12399960	6.43147135	0.64776081
16.12799960	6.43147135	0.64776081
16.13199960	6.43147135	0.64776081
16.13599960	6.43147135	0.64776081
16.13999960	6.43147135	0.64776081
16.14399960	6.59264278	0.64776081
16.14799960	6.43147135	0.64776081
16.15199960	6.43147135	0.64776081
16.15599960	6.43147135	0.64776081
16.15999960	6.43147135	0.64776081
16.16399960	6.43147135	0.64776081
16.16799960	6.43147135	0.64776081
16.17199960	6.43147135	0.64776081
16.17599960	6.43147135	0.64776081
16.17999960	6.43147135	0.64776081
16.18399960	6.43147135	0.64776081
16.18799960	6.43147135	0.64776081
16.19199960	6.43147135	0.64776081
16.19599960	6.43147135	0.64776081
16.19999960	6.43147135	0.64776081
16.20399960	6.43147135	0.64776081
16.20799960	6.43147135	0.64776081
16.21199960	6.43147135	0.64776081
16.21599960	6.43147135	0.64776081
16.21999960	6.43147135	0.64776081
16.22399960	6.43147135	0.64776081
16.22799960	6.43147135	0.64776081
16.23199960	6.43147135	0.64776081
16.23599959	6.43147135	0.64776081
16.23999959	6.43147135	0.64776081
16.24399959	6.43147135	0.64776081
16.24799959	6.43147135	0.64776081
16.25199959	6.43147135	0.64776081
16.25599959	6.43147135	0.64776081
16.25999959	6.43147135	0.64776081
16.26399959	6.43147135	0.64776081
16.26799959	6.43147135	0.64776081
16.27199959	6.43147135	0.64776081
16.27599959	6.43147135	0.64776081
16.27999959	6.43147135	0.64776081
16.28399959	6.43147135	0.64776081
16.28799959	6.43147135	0.64776081
16.29199959	6.43147135	0.64776081
16.29599959	6.43147135	0.64776081
16.29999959	6.43147135	0.64776081
16.30399959	6.43147135	0.64776081
16.30799959	6.43147135	0.64776081
16.31199959	6.43147135	0.64776081
16.31599959	6.43147135	0.64776081
16.31999959	6.43147135	0.64776081
16.32399959	6.27091551	0.64776081
16.32799959	6.43147135	0.64776081
16.33199959	6.43147135	0.64776081
16.33599959	6.59264278	0.64776081
16.33999959	6.43147135	0.64776081
16.34399959	6.43147135	0.64776081
16.34799959	6.43147135	0.64776081
16.35199959	6.43147135	0.64776081
16.35599959	6.43147135	0.63195127
16.35999959	6.43147135	0.64776081
16.36399959	6.59264278	0.64776081
16.36799959	6.43147135	0.64776081
16.37199959	6.43147135	0.64776081
16.37599959	6.27091551	0.64776081
16.37999959	6.27091551	0.64776081
16.38399959	6.43147135	0.64776081
16.38799959	6.43147135	0.64776081
16.39199959	6.43147135	0.64776081
16.39599959	6.43147135	0.64776081
16.39999959	6.43147135	0.64776081
16.40399959	6.27091551	0.63195127
16.40799959	6.43147135	0.64776081
16.41199959	6.43147135	0.64776081
16.41599959	6.43147135	0.64776081
16.41999959	6.43147135	0.64776081
16.42399959	6.27091551	0.64776081
16.42799959	6.27091551	0.64776081
16.43199959	6.43147135	0.64776081
16.43599959	6.43147135	0.64776081
16.43999959	6.43147135	0.64776081
16.44399959	6.43147135	0.64776081
16.44799959	6.43147135	0.64776081
16.45199959	6.43147135	0.64776081
16.45599959	6.43147135	0.64776081
16.45999959	6.43147135	0.64776081
16.46399959	6.43147135	0.64776081
16.46799959	6.43147135	0.64776081
16.47199959	6.27091551	0.64776081
16.47599959	6.43147135	0.64776081
16.47999959	6.43147135	0.64776081
16.48399959	6.43147135	0.64776081
16.48799959	6.43147135	0.64776081
16.49199959	6.27091551	0.64776081
16.49599959	6.27091551	0.64776081
16.49999959	6.27091551	0.64776081
16.50399959	6.43147135	0.64776081
16.50799959	6.43147135	0.64776081
16.51199959	6.43147135	0.64776081
16.51599959	6.27091551	0.64776081
16.51999959	6.27091551	0.64776081
16.52399959	6.27091551	0.64776081
16.52799959	6.27091551	0.64776081
16.53199959	6.43147135	0.64776081
16.53599959	6.43147135	0.64776081
16.53999959	6.43147135	0.64776081
16.54399959	6.27091551	0.64776081
16.54799959	6.27091551	0.64776081
16.55199959	6.27091551	0.64776081
16.55599959	6.43147135	0.64776081
16.55999959	6.43147135	0.64776081
16.56399959	6.27091551	0.64776081
16.56799959	6.43147135	0.64776081
16.57199959	6.43147135	0.64776081
16.57599959	6.43147135	0.64776081
16.57999959	6.27091551	0.64776081
16.58399959	6.43147135	0.64776081
16.58799959	6.43147135	0.64776081
16.59199958	6.43147135	0.64776081
16.59599958	6.27091551	0.64776081
16.59999958	6.43147135	0.64776081
16.60399958	6.43147135	0.64776081
16.60799958	6.43147135	0.64776081
16.61199958	6.43147135	0.64776081
16.61599958	6.43147135	0.64776081
16.61999958	6.43147135	0.64776081
16.62399958	6.43147135	0.64776081
16.62799958	6.43147135	0.64776081
16.63199958	6.43147135	0.64776081
16.63599958	6.43147135	0.63195127
16.63999958	6.43147135	0.64776081
16.64399958	6.43147135	0.64776081
16.64799958	6.43147135	0.64776081
16.65199958	6.43147135	0.64776081
16.65599958	6.43147135	0.64776081
16.65999958	6.43147135	0.64776081
16.66399958	6.43147135	0.64776081
16.66799958	6.43147135	0.64776081
16.67199958	6.43147135	0.64776081
16.67599958	6.43147135	0.64776081
16.67999958	6.43147135	0.64776081
16.68399958	6.43147135	0.64776081
16.68799958	6.43147135	0.64776081
16.69199958	6.43147135	0.64776081
16.69599958	6.43147135	0.64776081
16.69999958	6.43147135	0.64776081
16.70399958	6.43147135	0.64776081
16.70799958	6.43147135	0.64776081
16.71199958	6.43147135	0.64776081
16.71599958	6.43147135	0.64776081
16.71999958	6.43147135	0.64776081
16.72399958	6.43147135	0.64776081
16.72799958	6.43147135	0.64776081
16.73199958	6.43147135	0.64776081
16.73599958	6.43147135	0.64776081
16.73999958	6.43147135	0.64776081
16.74399958	6.43147135	0.64776081
16.74799958	6.43147135	0.64776081
16.75199958	6.43147135	0.64776081
16.75599958	6.43147135	0.64776081
16.75999958	6.43147135	0.64776081
16.76399958	6.43147135	0.64776081
16.76799958	6.43147135	0.64776081
16.77199958	6.43147135	0.64776081
16.77599958	6.43147135	0.64776081
16.77999958	6.43147135	0.64776081
16.78399958	6.43147135	0.64776081
16.78799958	6.43147135	0.64776081
16.79199958	6.43147135	0.64776081
16.79599958	6.43147135	0.64776081
16.79999958	6.43147135	0.64776081
16.80399958	6.43147135	0.64776081
16.80799958	6.43147135	0.64776081
16.81199958	6.27091551	0.64776081
16.81599958	6.27091551	0.64776081
16.81999958	6.43147135	0.64776081
16.82399958	6.43147135	0.64776081
16.82799958	6.43147135	0.64776081
16.83199958	6.43147135	0.64776081
16.83599958	6.43147135	0.64776081
16.83999958	6.43147135	0.64776081
16.84399958	6.43147135	0.64776081
16.84799958	6.43147135	0.64776081
16.85199958	6.43147135	0.64776081
16.85599958	6.43147135	0.64776081
16.85999958	6.43147135	0.64776081
16.86399958	6.43147135	0.64776081
16.86799958	6.27091551	0.64776081
16.87199958	6.43147135	0.64776081
16.87599958	6.43147135	0.64776081
16.87999958	6.59264278	0.64776081
16.88399958	6.43147135	0.64776081
16.88799958	6.43147135	0.64776081
16.89199958	6.43147135	0.63195127
16.89599958	6.43147135	0.64776081
16.89999958	6.43147135	0.64776081
16.90399958	6.43147135	0.64776081
16.90799958	6.43147135	0.64776081
16.91199958	6.59264278	0.64776081
16.91599958	6.43147135	0.64776081
16.91999958	6.43147135	0.64776081
16.92399958	6.43147135	0.64776081
16.92799958	6.43147135	0.64776081
16.93199958	6.43147135	0.64776081
16.93599958	6.59264278	0.64776081
16.93999958	6.43147135	0.64776081
16.94399957	6.43147135	0.64776081
16.94799957	6.43147135	0.64776081
16.95199957	6.43147135	0.64776081
16.95599957	6.43147135	0.64776081
16.95999957	6.43147135	0.64776081
16.96399957	6.59264278	0.64776081
16.96799957	6.59264278	0.64776081
16.97199957	6.43147135	0.63195127
16.97599957	6.43147135	0.64776081
16.97999957	6.43147135	0.63195127
16.98399957	6.43147135	0.64776081
16.98799957	6.43147135	0.63195127
16.99199957	6.43147135	0.64776081
16.99599957	6.59264278	0.64776081
16.99999957	6.59264278	0.64776081
17.00399957	6.43147135	0.64776081
17.00799957	6.43147135	0.64776081
17.01199957	6.43147135	0.64776081
17.01599957	6.59264278	0.64776081
17.01999957	6.59264278	0.64776081
17.02399957	6.43147135	0.64776081
17.02799957	6.43147135	0.63195127
17.03199957	6.43147135	0.63195127
17.03599957	6.43147135	0.63195127
17.03999957	6.43147135	0.64776081
17.04399957	6.59264278	0.64776081
17.04799957	6.59264278	0.64776081
17.05199957	6.59264278	0.64776081
17.05599957	6.43147135	0.64776081
17.05999957	6.43147135	0.63195127
17.06399957	6.43147135	0.64776081
17.06799957	6.59264278	0.64776081
17.07199957	6.59264278	0.64776081
17.07599957	6.43147135	0.64776081
17.07999957	6.43147135	0.64776081
17.08399957	6.43147135	0.63195127
17.08799957	6.43147135	0.64776081
17.09199957	6.43147135	0.64776081
17.09599957	6.43147135	0.64776081
17.09999957	6.59264278	0.63195127
17.10399957	6.59264278	0.64776081
17.10799957	6.43147135	0.63195127
17.11199957	6.43147135	0.64776081
17.11599957	6.43147135	0.63195127
17.11999957	6.59264278	0.64776081
17.12399957	6.43147135	0.64776081
17.12799957	6.59264278	0.64776081
17.13199957	6.43147135	0.63195127
17.13599957	6.43147135	0.64776081
17.13999957	6.43147135	0.63195127
17.14399957	6.43147135	0.63195127
17.14799957	6.43147135	0.63195127
17.15199957	6.59264278	0.64776081
17.15599957	6.59264278	0.64776081
17.15999957	6.43147135	0.64776081
17.16399957	6.43147135	0.63195127
17.16799957	6.43147135	0.64776081
17.17199957	6.43147135	0.64776081
17.17599957	6.43147135	0.64776081
17.17999957	6.43147135	0.64776081
17.18399957	6.59264278	0.64776081
17.18799957	6.59264278	0.64776081
17.19199957	6.43147135	0.64776081
17.19599957	6.43147135	0.63195127
17.19999957	6.43147135	0.64776081
17.20399957	6.43147135	0.63195127
17.20799957	6.43147135	0.64776081
17.21199957	6.43147135	0.63195127
17.21599957	6.43147135	0.64776081
17.21999957	6.43147135	0.64776081
17.22399957	6.43147135	0.64776081
17.22799957	6.43147135	0.63195127
17.23199957	6.43147135	0.64776081
17.23599957	6.43147135	0.63195127
17.23999957	6.43147135	0.64776081
17.24399957	6.43147135	0.64776081
17.24799957	6.43147135	0.64776081
17.25199957	6.43147135	0.63195127
17.25599957	6.43147135	0.64776081
17.25999957	6.43147135	0.63195127
17.26399957	6.43147135	0.64776081
17.26799957	6.43147135	0.64776081
17.27199957	6.43147135	0.64776081
17.27599957	6.43147135	0.63195127
17.27999957	6.43147135	0.63195127
17.28399957	6.43147135	0.63195127
17.28799957	6.43147135	0.64776081
17.29199957	6.43147135	0.63195127
17.29599957	6.43147135	0.64776081
17.29999956	6.43147135	0.63195127
17.30399956	6.27091551	0.64776081
17.30799956	6.43147135	0.63195127
17.31199956	6.43147135	0.64776081
17.31599956	6.43147135	0.64776081
17.31999956	6.43147135	0.64776081
17.32399956	6.43147135	0.63195127
17.32799956	6.43147135	0.64776081
17.33199956	6.43147135	0.63195127
17.33599956	6.43147135	0.64776081
17.33999956	6.43147135	0.63195127
17.34399956	6.43147135	0.63195127
17.34799956	6.43147135	0.63195127
17.35199956	6.43147135	0.63195127
17.35599956	6.43147135	0.63195127
17.35999956	6.43147135	0.64776081
17.36399956	6.43147135	0.64776081
17.36799956	6.43147135	0.64776081
17.37199956	6.43147135	0.63195127
17.37599956	6.43147135	0.63195127
17.37999956	6.43147135	0.63195127
17.38399956	6.43147135	0.64776081
17.38799956	6.43147135	0.64776081
17.39199956	6.43147135	0.64776081
17.39599956	6.43147135	0.63195127
17.39999956	6.43147135	0.63195127
17.40399956	6.43147135	0.64776081
17.40799956	6.43147135	0.64776081
17.41199956	6.43147135	0.64776081
17.41599956	6.43147135	0.64776081
17.41999956	6.43147135	0.63195127
17.42399956	6.43147135	0.63195127
17.42799956	6.43147135	0.64776081
17.43199956	6.43147135	0.64776081
17.43599956	6.43147135	0.63195127
17.43999956	6.43147135	0.64776081
17.44399956	6.43147135	0.63195127
17.44799956	6.43147135	0.64776081
17.45199956	6.43147135	0.63195127
17.45599956	6.59264278	0.64776081
17.45999956	6.43147135	0.64776081
17.46399956	6.43147135	0.64776081
17.46799956	6.27091551	0.63195127
17.47199956	6.27091551	0.64776081
17.47599956	6.43147135	0.63195127
17.47999956	6.43147135	0.64776081
17.48399956	6.43147135	0.64776081
17.48799956	6.43147135	0.64776081
17.49199956	6.43147135	0.63195127
17.49599956	6.43147135	0.64776081
17.49999956	6.43147135	0.63195127
17.50399956	6.43147135	0.64776081
17.50799956	6.43147135	0.63195127
17.51199956	6.43147135	0.64776081
17.51599956	6.43147135	0.64776081
17.51999956	6.43147135	0.64776081
17.52399956	6.27091551	0.63195127
17.52799956	6.43147135	0.64776081
17.53199956	6.43147135	0.63195127
17.53599956	6.43147135	0.64776081
17.53999956	6.43147135	0.63195127
17.54399956	6.43147135	0.64776081
17.54799956	6.43147135	0.64776081
17.55199956	6.27091551	0.64776081
17.55599956	6.27091551	0.63195127
17.55999956	6.43147135	0.63195127
17.56399956	6.43147135	0.63195127
17.56799956	6.43147135	0.64776081
17.57199956	6.43147135	0.63195127
17.57599956	6.27091551	0.63195127
17.57999956	6.27091551	0.63195127
17.58399956	6.43147135	0.63195127
17.58799956	6.43147135	0.63195127
17.59199956	6.43147135	0.64776081
17.59599956	6.43147135	0.63195127
17.59999956	6.43147135	0.64776081
17.60399956	6.27091551	0.63195127
17.60799956	6.27091551	0.63195127
17.61199956	6.43147135	0.63195127
17.61599956	6.43147135	0.64776081
17.61999956	6.43147135	0.63195127
17.62399956	6.43147135	0.64776081
17.62799956	6.27091551	0.63195127
17.63199956	6.27091551	0.63195127
17.63599956	6.43147135	0.63195127
17.63999956	6.43147135	0.63195127
17.64399956	6.43147135	0.63195127
17.64799956	6.43147135	0.63195127
17.65199955	6.43147135	0.63195127
17.65599955	6.27091551	0.63195127
17.65999955	6.27091551	0.63195127
17.66399955	6.43147135	0.63195127
17.66799955	6.43147135	0.63195127
17.67199955	6.43147135	0.64776081
17.67599955	6.43147135	0.63195127
17.67999955	6.43147135	0.63195127
17.68399955	6.43147135	0.63195127
17.68799955	6.43147135	0.64776081
17.69199955	6.27091551	0.63195127
17.69599955	6.43147135	0.63195127
17.69999955	6.43147135	0.63195127
17.70399955	6.43147135	0.63195127
17.70799955	6.43147135	0.63195127
17.71199955	6.27091551	0.63195127
17.71599955	6.43147135	0.63195127
17.71999955	6.43147135	0.64776081
17.72399955	6.27091551	0.63195127
17.72799955	6.43147135	0.63195127
17.73199955	6.43147135	0.63195127
17.73599955	6.43147135	0.64776081
17.73999955	6.43147135	0.64776081
17.74399955	6.27091551	0.64776081
17.74799955	6.27091551	0.63195127
17.75199955	6.43147135	0.63195127
17.75599955	6.43147135	0.63195127
17.75999955	6.43147135	0.63195127
17.76399955	6.43147135	0.64776081
17.76799955	6.27091551	0.63195127
17.77199955	6.43147135	0.63195127
17.77599955	6.27091551	0.63195127
17.77999955	6.43147135	0.63195127
17.78399955	6.43147135	0.63195127
17.78799955	6.59264278	0.63195127
17.79199955	6.43147135	0.64776081
17.79599955	6.27091551	0.64776081
17.79999955	6.27091551	0.63195127
17.80399955	6.27091551	0.63195127
17.80799955	6.43147135	0.64776081
17.81199955	6.43147135	0.64776081
17.81599955	6.43147135	0.64776081
17.81999955	6.43147135	0.63195127
17.82399955	6.27091551	0.63195127
17.82799955	6.27091551	0.63195127
17.83199955	6.27091551	0.63195127
17.83599955	6.43147135	0.63195127
17.83999955	6.43147135	0.63195127
17.84399955	6.43147135	0.63195127
17.84799955	6.43147135	0.63195127
17.85199955	6.27091551	0.63195127
17.85599955	6.27091551	0.63195127
17.85999955	6.27091551	0.63195127
17.86399955	6.43147135	0.63195127
17.86799955	6.43147135	0.63195127
17.87199955	6.43147135	0.63195127
17.87599955	6.43147135	0.63195127
17.87999955	6.27091551	0.63195127
17.88399955	6.27091551	0.63195127
17.88799955	6.43147135	0.64776081
17.89199955	6.43147135	0.63195127
17.89599955	6.43147135	0.63195127
17.89999955	6.27091551	0.63195127
17.90399955	6.43147135	0.63195127
17.90799955	6.43147135	0.63195127
17.91199955	6.43147135	0.64776081
17.91599955	6.27091551	0.63195127
17.91999955	6.27091551	0.64776081
17.92399955	6.43147135	0.63195127
17.92799955	6.43147135	0.63195127
17.93199955	6.43147135	0.63195127
17.93599955	6.27091551	0.63195127
17.93999955	6.43147135	0.63195127
17.94399955	6.43147135	0.64776081
17.94799955	6.43147135	0.63195127
17.95199955	6.43147135	0.63195127
17.95599955	6.43147135	0.63195127
17.95999955	6.43147135	0.63195127
17.96399955	6.27091551	0.63195127
17.96799955	6.27091551	0.63195127
17.97199955	6.27091551	0.63195127
17.97599955	6.43147135	0.63195127
17.97999955	6.43147135	0.63195127
17.98399955	6.43147135	0.64776081
17.98799955	6.43147135	0.63195127
17.99199955	6.27091551	0.64776081
17.99599955	6.27091551	0.63195127
17.99999955	6.27091551	0.63195127
18.00399954	6.43147135	0.63195127
18.00799954	6.43147135	0.63195127
18.01199954	6.43147135	0.63195127
18.01599954	6.27091551	0.63195127
18.01999954	6.27091551	0.63195127
18.02399954	6.27091551	0.63195127
18.02799954	6.43147135	0.63195127
18.03199954	6.43147135	0.64776081
18.03599954	6.43147135	0.63195127
18.03999954	6.27091551	0.63195127
18.04399954	6.27091551	0.63195127
18.04799954	6.43147135	0.63195127
18.05199954	6.27091551	0.63195127
18.05599954	6.43147135	0.63195127
18.05999954	6.43147135	0.63195127
18.06399954	6.43147135	0.63195127
18.06799954	6.27091551	0.63195127
18.07199954	6.27091551	0.63195127
18.07599954	6.27091551	0.63195127
18.07999954	6.43147135	0.63195127
18.08399954	6.43147135	0.63195127
18.08799954	6.43147135	0.63195127
18.09199954	6.43147135	0.63195127
18.09599954	6.43147135	0.63195127
18.09999954	6.27091551	0.63195127
18.10399954	6.43147135	0.63195127
18.10799954	6.43147135	0.63195127
18.11199954	6.43147135	0.63195127
18.11599954	6.43147135	0.63195127
18.11999954	6.43147135	0.63195127
18.12399954	6.27091551	0.63195127
18.12799954	6.27091551	0.63195127
18.13199954	6.27091551	0.63195127
18.13599954	6.43147135	0.63195127
18.13999954	6.43147135	0.63195127
18.14399954	6.43147135	0.63195127
18.14799954	6.43147135	0.63195127
18.15199954	6.43147135	0.63195127
18.15599954	6.43147135	0.63195127
18.15999954	6.43147135	0.63195127
18.16399954	6.27091551	0.63195127
18.16799954	6.43147135	0.63195127
18.17199954	6.43147135	0.63195127
18.17599954	6.43147135	0.63195127
18.17999954	6.43147135	0.63195127
18.18399954	6.27091551	0.63195127
18.18799954	6.27091551	0.63195127
18.19199954	6.43147135	0.63195127
18.19599954	6.43147135	0.63195127
18.19999954	6.43147135	0.63195127
18.20399954	6.43147135	0.63195127
18.20799954	6.43147135	0.63195127
18.21199954	6.27091551	0.63195127
18.21599954	6.27091551	0.63195127
18.21999954	6.43147135	0.63195127
18.22399954	6.43147135	0.63195127
18.22799954	6.59264278	0.63195127
18.23199954	6.43147135	0.63195127
18.23599954	6.43147135	0.63195127
18.23999954	6.27091551	0.63195127
18.24399954	6.43147135	0.63195127
18.24799954	6.59264278	0.63195127
18.25199954	6.59264278	0.63195127
18.25599954	6.43147135	0.63195127
18.25999954	6.43147135	0.63195127
18.26399954	6.27091551	0.63195127
18.26799954	6.43147135	0.63195127
18.27199954	6.43147135	0.63195127
18.27599954	6.43147135	0.63195127
18.27999954	6.59264278	0.63195127
18.28399954	6.43147135	0.63195127
18.28799954	6.43147135	0.63195127
18.29199954	6.27091551	0.63195127
18.29599954	6.43147135	0.63195127
18.29999954	6.43147135	0.63195127
18.30399954	6.43147135	0.63195127
18.30799954	6.43147135	0.63195127
18.31199954	6.43147135	0.63195127
18.31599954	6.43147135	0.63195127
18.31999954	6.43147135	0.63195127
18.32399954	6.43147135	0.63195127
18.32799954	6.43147135	0.63195127
18.33199954	6.43147135	0.63195127
18.33599954	6.43147135	0.63195127
18.33999954	6.43147135	0.63195127
18.34399954	6.43147135	0.63195127
18.34799954	6.43147135	0.63195127
18.35199954	6.43147135	0.63195127
18.35599954	6.43147135	0.63195127
18.35999953	6.43147135	0.63195127
18.36399953	6.43147135	0.63195127
18.36799953	6.43147135	0.63195127
18.37199953	6.43147135	0.63195127
18.37599953	6.43147135	0.63195127
18.37999953	6.43147135	0.63195127
18.38399953	6.43147135	0.63195127
18.38799953	6.43147135	0.63195127
18.39199953	6.43147135	0.63195127
18.39599953	6.43147135	0.63195127
18.39999953	6.43147135	0.63195127
18.40399953	6.43147135	0.63195127
18.40799953	6.43147135	0.63195127
18.41199953	6.43147135	0.63195127
18.41599953	6.43147135	0.63195127
18.41999953	6.43147135	0.63195127
18.42399953	6.43147135	0.63195127
18.42799953	6.43147135	0.63195127
18.43199953	6.43147135	0.63195127
18.43599953	6.43147135	0.63195127
18.43999953	6.43147135	0.63195127
18.44399953	6.59264278	0.63195127
18.44799953	6.43147135	0.63195127
18.45199953	6.43147135	0.63195127
18.45599953	6.43147135	0.63195127
18.45999953	6.43147135	0.63195127
18.46399953	6.43147135	0.63195127
18.46799953	6.43147135	0.63195127
18.47199953	6.43147135	0.63195127
18.47599953	6.43147135	0.63195127
18.47999953	6.43147135	0.63195127
18.48399953	6.43147135	0.63195127
18.48799953	6.27091551	0.63195127
18.49199953	6.43147135	0.63195127
18.49599953	6.43147135	0.63195127
18.49999953	6.43147135	0.63195127
18.50399953	6.43147135	0.63195127
18.50799953	6.43147135	0.63195127
18.51199953	6.43147135	0.63195127
18.51599953	6.43147135	0.63195127
18.51999953	6.43147135	0.63195127
18.52399953	6.43147135	0.63195127
18.52799953	6.43147135	0.63195127
18.53199953	6.43147135	0.63195127
18.53599953	6.43147135	0.63195127
18.53999953	6.27091551	0.63195127
18.54399953	6.43147135	0.63195127
18.54799953	6.43147135	0.63195127
18.55199953	6.43147135	0.63195127
18.55599953	6.43147135	0.63195127
18.55999953	6.43147135	0.63195127
18.56399953	6.43147135	0.63195127
18.56799953	6.43147135	0.63195127
18.57199953	6.27091551	0.63195127
18.57599953	6.43147135	0.63195127
18.57999953	6.43147135	0.63195127
18.58399953	6.43147135	0.63195127
18.58799953	6.43147135	0.63195127
18.59199953	6.27091551	0.63195127
18.59599953	6.43147135	0.63195127
18.59999953	6.43147135	0.63195127
18.60399953	6.43147135	0.63195127
18.60799953	6.43147135	0.63195127
18.61199953	6.43147135	0.63195127
18.61599953	6.43147135	0.63195127
18.61999953	6.43147135	0.63195127
18.62399953	6.27091551	0.63195127
18.62799953	6.27091551	0.63195127
18.63199953	6.43147135	0.63195127
18.63599953	6.43147135	0.63195127
18.63999953	6.43147135	0.63195127
18.64399953	6.27091551	0.63195127
18.64799953	6.43147135	0.63195127
18.65199953	6.43147135	0.63195127
18.65599953	6.43147135	0.63195127
18.65999953	6.43147135	0.63195127
18.66399953	6.43147135	0.63195127
18.66799953	6.43147135	0.63195127
18.67199953	6.43147135	0.63195127
18.67599953	6.27091551	0.63195127
18.67999953	6.43147135	0.63195127
18.68399953	6.43147135	0.63195127
18.68799953	6.43147135	0.63195127
18.69199953	6.43147135	0.63195127
18.69599953	6.43147135	0.63195127
18.69999953	6.43147135	0.63195127
18.70399953	6.43147135	0.63195127
18.70799953	6.27091551	0.63195127
18.71199952	6.43147135	0.63195127
18.71599952	6.43147135	0.63195127
18.71999952	6.43147135	0.63195127
18.72399952	6.43147135	0.63195127
18.72799952	6.27091551	0.63195127
18.73199952	6.43147135	0.63195127
18.73599952	6.43147135	0.63195127
18.73999952	6.43147135	0.63195127
18.74399952	6.43147135	0.63195127
18.74799952	6.43147135	0.63195127
18.75199952	6.43147135	0.63195127
18.75599952	6.43147135	0.63195127
18.75999952	6.43147135	0.63195127
18.76399952	6.43147135	0.63195127
18.76799952	6.43147135	0.63195127
18.77199952	6.43147135	0.63195127
18.77599952	6.43147135	0.63195127
18.77999952	6.27091551	0.63195127
18.78399952	6.43147135	0.63195127
18.78799952	6.43147135	0.63195127
18.79199952	6.43147135	0.63195127
18.79599952	6.43147135	0.63195127
18.79999952	6.43147135	0.63195127
18.80399952	6.43147135	0.63195127
18.80799952	6.27091551	0.63195127
18.81199952	6.43147135	0.63195127
18.81599952	6.43147135	0.63195127
18.81999952	6.43147135	0.63195127
18.82399952	6.43147135	0.63195127
18.82799952	6.43147135	0.63195127
18.83199952	6.43147135	0.63195127
18.83599952	6.43147135	0.63195127
18.83999952	6.43147135	0.63195127
18.84399952	6.43147135	0.63195127
18.84799952	6.43147135	0.63195127
18.85199952	6.43147135	0.63195127
18.85599952	6.43147135	0.63195127
18.85999952	6.43147135	0.63195127
18.86399952	6.43147135	0.63195127
18.86799952	6.43147135	0.63195127
18.87199952	6.59264278	0.63195127
18.87599952	6.43147135	0.63195127
18.87999952	6.43147135	0.63195127
18.88399952	6.43147135	0.63195127
18.88799952	6.43147135	0.63195127
18.89199952	6.43147135	0.63195127
18.89599952	6.43147135	0.63195127
18.89999952	6.43147135	0.63195127
18.90399952	6.59264278	0.63195127
18.90799952	6.43147135	0.63195127
18.91199952	6.43147135	0.63195127
18.91599952	6.43147135	0.63195127
18.91999952	6.43147135	0.63195127
18.92399952	6.43147135	0.63195127
18.92799952	6.59264278	0.63195127
18.93199952	6.43147135	0.63195127
18.93599952	6.59264278	0.63195127
18.93999952	6.43147135	0.63195127
18.94399952	6.43147135	0.63195127
18.94799952	6.43147135	0.63195127
18.95199952	6.43147135	0.63195127
18.95599952	6.59264278	0.63195127
18.95999952	6.59264278	0.63195127
18.96399952	6.43147135	0.63195127
18.96799952	6.43147135	0.63195127
18.97199952	6.43147135	0.63195127
18.97599952	6.43147135	0.63195127
18.97999952	6.43147135	0.63195127
18.98399952	6.43147135	0.63195127
18.98799952	6.43147135	0.63195127
18.99199952	6.59264278	0.63195127
18.99599952	6.59264278	0.63195127
18.99999952	6.43147135	0.63195127
19.00399952	6.43147135	0.63195127
19.00799952	6.43147135	0.63195127
19.01199952	6.43147135	0.63195127
19.01599952	6.59264278	0.63195127
19.01999952	6.43147135	0.63195127
19.02399952	6.43147135	0.63195127
19.02799952	6.43147135	0.63195127
19.03199952	6.43147135	0.63195127
19.03599952	6.43147135	0.63195127
19.03999952	6.59264278	0.63195127
19.04399952	6.59264278	0.63195127
19.04799952	6.59264278	0.63195127
19.05199952	6.43147135	0.63195127
19.05599952	6.43147135	0.63195127
19.05999952	6.43147135	0.63195127
19.06399952	6.59264278	0.63195127
19.06799951	6.59264278	0.63195127
19.07199951	6.43147135	0.63195127
19.07599951	6.59264278	0.63195127
19.07999951	6.43147135	0.63195127
19.08399951	6.43147135	0.63195127
19.08799951	6.43147135	0.63195127
19.09199951	6.59264278	0.63195127
19.09599951	6.59264278	0.63195127
19.09999951	6.59264278	0.63195127
19.10399951	6.43147135	0.63195127
19.10799951	6.43147135	0.63195127
19.11199951	6.43147135	0.63195127
19.11599951	6.43147135	0.63195127
19.11999951	6.59264278	0.63195127
19.12399951	6.59264278	0.63195127
19.12799951	6.59264278	0.63195127
19.13199951	6.43147135	0.63195127
19.13599951	6.43147135	0.63195127
19.13999951	6.43147135	0.63195127
19.14399951	6.59264278	0.63195127
19.14799951	6.59264278	0.63195127
19.15199951	6.43147135	0.63195127
19.15599951	6.43147135	0.63195127
19.15999951	6.59264278	0.63195127
19.16399951	6.59264278	0.63195127
19.16799951	6.43147135	0.63195127
19.17199951	6.43147135	0.63195127
19.17599951	6.43147135	0.63195127
19.17999951	6.59264278	0.63195127
19.18399951	6.59264278	0.63195127
19.18799951	6.43147135	0.63195127
19.19199951	6.43147135	0.63195127
19.19599951	6.43147135	0.63195127
19.19999951	6.43147135	0.63195127
19.20399951	6.43147135	0.63195127
19.20799951	6.43147135	0.63195127
19.21199951	6.43147135	0.63195127
19.21599951	6.43147135	0.63195127
19.21999951	6.43147135	0.63195127
19.22399951	6.43147135	0.63195127
19.22799951	6.43147135	0.63195127
19.23199951	6.59264278	0.63195127
19.23599951	6.43147135	0.63195127
19.23999951	6.59264278	0.63195127
19.24399951	6.43147135	0.63195127
19.24799951	6.43147135	0.63195127
19.25199951	6.43147135	0.63195127
19.25599951	6.43147135	0.63195127
19.25999951	6.43147135	0.63195127
19.26399951	6.43147135	0.63195127
19.26799951	6.43147135	0.63195127
19.27199951	6.43147135	0.63195127
19.27599951	6.43147135	0.63195127
19.27999951	6.43147135	0.63195127
19.28399951	6.43147135	0.63195127
19.28799951	6.43147135	0.63195127
19.29199951	6.43147135	0.63195127
19.29599951	6.43147135	0.63195127
19.29999951	6.43147135	0.63195127
19.30399951	6.43147135	0.63195127
19.30799951	6.43147135	0.63195127
19.31199951	6.43147135	0.63195127
19.31599951	6.43147135	0.63195127
19.31999951	6.43147135	0.63195127
19.32399951	6.43147135	0.63195127
19.32799951	6.43147135	0.63195127
19.33199951	6.43147135	0.63195127
19.33599951	6.43147135	0.63195127
19.33999951	6.43147135	0.63195127
19.34399951	6.43147135	0.63195127
19.34799951	6.43147135	0.63195127
19.35199951	6.43147135	0.63195127
19.35599951	6.43147135	0.63195127
19.35999951	6.43147135	0.63195127
19.36399951	6.43147135	0.63195127
19.36799951	6.59264278	0.63195127
19.37199951	6.59264278	0.63195127
19.37599951	6.43147135	0.63195127
19.37999951	6.43147135	0.63195127
19.38399951	6.43147135	0.63195127
19.38799951	6.43147135	0.63195127
19.39199951	6.43147135	0.63195127
19.39599951	6.59264278	0.63195127
19.39999951	6.59264278	0.63195127
19.40399951	6.43147135	0.63195127
19.40799951	6.43147135	0.63195127
19.41199951	6.43147135	0.63195127
19.41599951	6.43147135	0.63195127
19.41999950	6.59264278	0.63195127
19.42399950	6.43147135	0.63195127
19.42799950	6.43147135	0.63195127
19.43199950	6.43147135	0.63195127
19.43599950	6.43147135	0.63195127
19.43999950	6.43147135	0.63195127
19.44399950	6.43147135	0.63195127
19.44799950	6.43147135	0.63195127
19.45199950	6.43147135	0.63195127
19.45599950	6.43147135	0.63195127
19.45999950	6.43147135	0.63195127
19.46399950	6.43147135	0.63195127
19.46799950	6.43147135	0.63195127
19.47199950	6.43147135	0.63195127
19.47599950	6.43147135	0.63195127
19.47999950	6.43147135	0.63195127
19.48399950	6.43147135	0.63195127
19.48799950	6.43147135	0.63195127
19.49199950	6.43147135	0.63195127
19.49599950	6.43147135	0.63195127
19.49999950	6.43147135	0.63195127
19.50399950	6.43147135	0.63195127
19.50799950	6.43147135	0.63195127
19.51199950	6.43147135	0.63195127
19.51599950	6.43147135	0.63195127
19.51999950	6.43147135	0.63195127
19.52399950	6.43147135	0.63195127
19.52799950	6.43147135	0.63195127
19.53199950	6.43147135	0.63195127
19.53599950	6.43147135	0.63195127
19.53999950	6.43147135	0.63195127
19.54399950	6.43147135	0.63195127
19.54799950	6.43147135	0.63195127
19.55199950	6.43147135	0.63195127
19.55599950	6.43147135	0.63195127
19.55999950	6.43147135	0.63195127
19.56399950	6.43147135	0.63195127
19.56799950	6.43147135	0.63195127
19.57199950	6.43147135	0.63195127
19.57599950	6.43147135	0.63195127
19.57999950	6.43147135	0.63195127
19.58399950	6.43147135	0.63195127
19.58799950	6.43147135	0.63195127
19.59199950	6.43147135	0.63195127
19.59599950	6.43147135	0.63195127
19.59999950	6.43147135	0.63195127
19.60399950	6.43147135	0.63195127
19.60799950	6.43147135	0.63195127
19.61199950	6.43147135	0.63195127
19.61599950	6.43147135	0.63195127
19.61999950	6.43147135	0.63195127
19.62399950	6.43147135	0.63195127
19.62799950	6.43147135	0.63195127
19.63199950	6.43147135	0.63195127
19.63599950	6.43147135	0.63195127
19.63999950	6.43147135	0.63195127
19.64399950	6.43147135	0.63195127
19.64799950	6.59264278	0.63195127
19.65199950	6.43147135	0.63195127
19.65599950	6.43147135	0.63195127
19.65999950	6.43147135	0.63195127
19.66399950	6.43147135	0.63195127
19.66799950	6.43147135	0.61614174
19.67199950	6.43147135	0.63195127
19.67599950	6.43147135	0.63195127
19.67999950	6.43147135	0.63195127
19.68399950	6.43147135	0.63195127
19.68799950	6.43147135	0.63195127
19.69199950	6.43147135	0.61614174
19.69599950	6.43147135	0.63195127
19.69999950	6.59264278	0.63195127
19.70399950	6.43147135	0.63195127
19.70799950	6.43147135	0.63195127
19.71199950	6.43147135	0.63195127
19.71599950	6.43147135	0.63195127
19.71999950	6.43147135	0.63195127
19.72399950	6.43147135	0.63195127
19.72799950	6.43147135	0.63195127
19.73199950	6.43147135	0.63195127
19.73599950	6.43147135	0.63195127
19.73999950	6.43147135	0.63195127
19.74399950	6.43147135	0.63195127
19.74799950	6.59264278	0.63195127
19.75199950	6.59264278	0.63195127
19.75599950	6.43147135	0.63195127
19.75999950	6.43147135	0.63195127
19.76399950	6.43147135	0.61614174
19.76799950	6.43147135	0.63195127
19.77199949	6.43147135	0.63195127
19.77599949	6.43147135	0.63195127
19.77999949	6.43147135	0.63195127
19.78399949	6.43147135	0.63195127
19.78799949	6.43147135	0.63195127
19.79199949	6.27091551	0.63195127
19.79599949	6.43147135	0.63195127
19.79999949	6.59264278	0.63195127
19.80399949	6.43147135	0.63195127
19.80799949	6.43147135	0.63195127
19.81199949	6.43147135	0.63195127
19.81599949	6.43147135	0.63195127
19.81999949	6.43147135	0.63195127
19.82399949	6.43147135	0.63195127
19.82799949	6.43147135	0.63195127
19.83199949	6.43147135	0.63195127
19.83599949	6.43147135	0.63195127
19.83999949	6.43147135	0.63195127
19.84399949	6.43147135	0.63195127
19.84799949	6.43147135	0.63195127
19.85199949	6.43147135	0.61614174
19.85599949	6.43147135	0.63195127
19.85999949	6.43147135	0.63195127
19.86399949	6.43147135	0.63195127
19.86799949	6.43147135	0.63195127
19.87199949	6.43147135	0.63195127
19.87599949	6.43147135	0.63195127
19.87999949	6.43147135	0.63195127
19.88399949	6.43147135	0.61614174
19.88799949	6.43147135	0.63195127
19.89199949	6.43147135	0.63195127
19.89599949	6.43147135	0.63195127
19.89999949	6.43147135	0.63195127
19.90399949	6.43147135	0.63195127
19.90799949	6.43147135	0.63195127
19.91199949	6.43147135	0.63195127
19.91599949	6.43147135	0.63195127
19.91999949	6.43147135	0.63195127
19.92399949	6.43147135	0.63195127
19.92799949	6.43147135	0.63195127
19.93199949	6.43147135	0.63195127
19.93599949	6.43147135	0.63195127
19.93999949	6.43147135	0.63195127
19.94399949	6.43147135	0.63195127
19.94799949	6.43147135	0.63195127
19.95199949	6.43147135	0.63195127
19.95599949	6.43147135	0.61614174
19.95999949	6.59264278	0.63195127
19.96399949	6.59264278	0.63195127
19.96799949	6.43147135	0.63195127
19.97199949	6.43147135	0.63195127
19.97599949	6.43147135	0.61614174
19.97999949	6.43147135	0.61614174
19.98399949	6.43147135	0.63195127
19.98799949	6.43147135	0.61614174
19.99199949	6.59264278	0.63195127
19.99599949	6.43147135	0.61614174
19.99999949	6.43147135	0.63195127
20.00399949	6.43147135	0.63195127
20.00799949	6.43147135	0.63195127
20.01199949	6.59264278	0.63195127
20.01599949	6.59264278	0.63195127
20.01999949	6.43147135	0.63195127
20.02399949	6.43147135	0.63195127
20.02799949	6.43147135	0.61614174
20.03199949	6.43147135	0.63195127
20.03599949	6.43147135	0.63195127
20.03999949	6.43147135	0.63195127
20.04399949	6.59264278	0.61614174
20.04799949	6.59264278	0.63195127
20.05199949	6.43147135	0.61614174
20.05599949	6.43147135	0.63195127
20.05999949	6.43147135	0.63195127
20.06399949	6.59264278	0.63195127
20.06799949	6.59264278	0.61614174
20.07199949	6.43147135	0.63195127
20.07599949	6.43147135	0.61614174
20.07999949	6.43147135	0.63195127
20.08399949	6.43147135	0.61614174
20.08799949	6.43147135	0.63195127
20.09199949	6.43147135	0.63195127
20.09599949	6.59264278	0.63195127
20.09999949	6.59264278	0.63195127
20.10399949	6.43147135	0.63195127
20.10799949	6.43147135	0.61614174
20.11199949	6.43147135	0.63195127
20.11599949	6.43147135	0.63195127
20.11999949	6.43147135	0.63195127
20.12399949	6.43147135	0.63195127
20.12799948	6.59264278	0.61614174
20.13199948	6.59264278	0.63195127
20.13599948	6.59264278	0.63195127
20.13999948	6.43147135	0.63195127
20.14399948	6.43147135	0.63195127
20.14799948	6.43147135	0.63195127
20.15199948	6.59264278	0.63195127
20.15599948	6.59264278	0.63195127
20.15999948	6.59264278	0.61614174
20.16399948	6.59264278	0.63195127
20.16799948	6.43147135	0.63195127
20.17199948	6.43147135	0.61614174
20.17599948	6.43147135	0.61614174
20.17999948	6.59264278	0.63195127
20.18399948	6.59264278	0.63195127
20.18799948	6.43147135	0.63195127
20.19199948	6.43147135	0.61614174
20.19599948	6.43147135	0.61614174
20.19999948	6.59264278	0.63195127
20.20399948	6.59264278	0.61614174
20.20799948	6.59264278	0.63195127
20.21199948	6.59264278	0.63195127
20.21599948	6.43147135	0.63195127
20.21999948	6.43147135	0.61614174
20.22399948	6.43147135	0.61614174
20.22799948	6.59264278	0.61614174
20.23199948	6.59264278	0.63195127
20.23599948	6.59264278	0.63195127
20.23999948	6.43147135	0.63195127
20.24399948	6.43147135	0.61614174
20.24799948	6.43147135	0.61614174
20.25199948	6.43147135	0.61614174
20.25599948	6.59264278	0.63195127
20.25999948	6.59264278	0.63195127
20.26399948	6.59264278	0.63195127
20.26799948	6.59264278	0.61614174
20.27199948	6.43147135	0.61614174
20.27599948	6.43147135	0.63195127
20.27999948	6.59264278	0.63195127
20.28399948	6.59264278	0.61614174
20.28799948	6.59264278	0.63195127
20.29199948	6.43147135	0.61614174
20.29599948	6.59264278	0.61614174
20.29999948	6.59264278	0.61614174
20.30399948	6.43147135	0.63195127
20.30799948	6.43147135	0.61614174
20.31199948	6.59264278	0.61614174
20.31599948	6.59264278	0.61614174
20.31999948	6.59264278	0.61614174
20.32399948	6.59264278	0.63195127
20.32799948	6.43147135	0.63195127
20.33199948	6.43147135	0.61614174
20.33599948	6.59264278	0.61614174
20.33999948	6.59264278	0.61614174
20.34399948	6.59264278	0.63195127
20.34799948	6.59264278	0.61614174
20.35199948	6.59264278	0.63195127
20.35599948	6.43147135	0.63195127
20.35999948	6.43147135	0.61614174
20.36399948	6.59264278	0.61614174
20.36799948	6.59264278	0.61614174
20.37199948	6.59264278	0.61614174
20.37599948	6.59264278	0.63195127
20.37999948	6.59264278	0.61614174
20.38399948	6.43147135	0.61614174
20.38799948	6.43147135	0.61614174
20.39199948	6.59264278	0.61614174
20.39599948	6.59264278	0.61614174
20.39999948	6.59264278	0.61614174
20.40399948	6.59264278	0.61614174
20.40799948	6.59264278	0.61614174
20.41199948	6.59264278	0.61614174
20.41599948	6.59264278	0.63195127
20.41999948	6.59264278	0.61614174
20.42399948	6.59264278	0.63195127
20.42799948	6.59264278	0.61614174
20.43199948	6.59264278	0.61614174
20.43599948	6.59264278	0.61614174
20.43999948	6.43147135	0.61614174
20.44399948	6.59264278	0.61614174
20.44799948	6.59264278	0.61614174
20.45199948	6.59264278	0.61614174
20.45599948	6.59264278	0.61614174
20.45999948	6.59264278	0.63195127
20.46399948	6.59264278	0.61614174
20.46799948	6.43147135	0.61614174
20.47199948	6.59264278	0.61614174
20.47599948	6.59264278	0.63195127
20.47999947	6.59264278	0.63195127
20.48399947	6.59264278	0.61614174
20.48799947	6.59264278	0.61614174
20.49199947	6.59264278	0.61614174
20.49599947	6.59264278	0.61614174
20.49999947	6.59264278	0.61614174
20.50399947	6.59264278	0.61614174
20.50799947	6.59264278	0.61614174
20.51199947	6.59264278	0.63195127
20.51599947	6.59264278	0.63195127
20.51999947	6.59264278	0.63195127
20.52399947	6.59264278	0.61614174
20.52799947	6.59264278	0.63195127
20.53199947	6.59264278	0.63195127
20.53599947	6.59264278	0.61614174
20.53999947	6.59264278	0.61614174
20.54399947	6.59264278	0.63195127
20.54799947	6.59264278	0.61614174
20.55199947	6.59264278	0.61614174
20.55599947	6.59264278	0.61614174
20.55999947	6.59264278	0.61614174
20.56399947	6.59264278	0.61614174
20.56799947	6.59264278	0.61614174
20.57199947	6.59264278	0.61614174
20.57599947	6.59264278	0.61614174
20.57999947	6.59264278	0.61614174
20.58399947	6.59264278	0.61614174
20.58799947	6.59264278	0.61614174
20.59199947	6.59264278	0.61614174
20.59599947	6.59264278	0.61614174
20.59999947	6.59264278	0.63195127
20.60399947	6.59264278	0.61614174
20.60799947	6.43147135	0.61614174
20.61199947	6.59264278	0.61614174
20.61599947	6.59264278	0.61614174
20.61999947	6.59264278	0.63195127
20.62399947	6.59264278	0.61614174
20.62799947	6.59264278	0.61614174
20.63199947	6.59264278	0.61614174
20.63599947	6.59264278	0.61614174
20.63999947	6.59264278	0.61614174
20.64399947	6.59264278	0.61614174
20.64799947	6.59264278	0.63195127
20.65199947	6.59264278	0.61614174
20.65599947	6.59264278	0.61614174
20.65999947	6.59264278	0.61614174
20.66399947	6.59264278	0.61614174
20.66799947	6.59264278	0.61614174
20.67199947	6.59264278	0.61614174
20.67599947	6.59264278	0.61614174
20.67999947	6.59264278	0.61614174
20.68399947	6.59264278	0.61614174
20.68799947	6.59264278	0.61614174
20.69199947	6.59264278	0.61614174
20.69599947	6.59264278	0.61614174
20.69999947	6.59264278	0.61614174
20.70399947	6.59264278	0.63195127
20.70799947	6.43147135	0.61614174
20.71199947	6.43147135	0.63195127
20.71599947	6.59264278	0.61614174
20.71999947	6.59264278	0.61614174
20.72399947	6.59264278	0.61614174
20.72799947	6.59264278	0.63195127
20.73199947	6.59264278	0.61614174
20.73599947	6.59264278	0.61614174
20.73999947	6.59264278	0.61614174
20.74399947	6.59264278	0.61614174
20.74799947	6.59264278	0.61614174
20.75199947	6.59264278	0.61614174
20.75599947	6.59264278	0.61614174
20.75999947	6.59264278	0.61614174
20.76399947	6.59264278	0.61614174
20.76799947	6.59264278	0.61614174
20.77199947	6.59264278	0.61614174
20.77599947	6.59264278	0.61614174
20.77999947	6.59264278	0.61614174
20.78399947	6.59264278	0.61614174
20.78799947	6.59264278	0.61614174
20.79199947	6.59264278	0.61614174
20.79599947	6.59264278	0.61614174
20.79999947	6.59264278	0.61614174
20.80399947	6.59264278	0.61614174
20.80799947	6.59264278	0.63195127
20.81199947	6.59264278	0.61614174
20.81599947	6.59264278	0.61614174
20.81999947	6.59264278	0.61614174
20.82399947	6.59264278	0.63195127
20.82799947	6.59264278	0.61614174
20.83199947	6.59264278	0.61614174
20.83599946	6.59264278	0.61614174
20.83999946	6.59264278	0.61614174
20.84399946	6.59264278	0.63195127
20.84799946	6.43147135	0.61614174
20.85199946	6.43147135	0.61614174
20.85599946	6.59264278	0.61614174
20.85999946	6.59264278	0.61614174
20.86399946	6.59264278	0.61614174
20.86799946	6.59264278	0.61614174
20.87199946	6.59264278	0.63195127
20.87599946	6.59264278	0.61614174
20.87999946	6.59264278	0.61614174
20.88399946	6.43147135	0.61614174
20.88799946	6.59264278	0.61614174
20.89199946	6.59264278	0.61614174
20.89599946	6.59264278	0.61614174
20.89999946	6.59264278	0.61614174
20.90399946	6.59264278	0.61614174
20.90799946	6.59264278	0.61614174
20.91199946	6.59264278	0.61614174
20.91599946	6.59264278	0.61614174
20.91999946	6.59264278	0.61614174
20.92399946	6.59264278	0.61614174
20.92799946	6.59264278	0.61614174
20.93199946	6.59264278	0.61614174
20.93599946	6.59264278	0.61614174
20.93999946	6.59264278	0.61614174
20.94399946	6.59264278	0.61614174
20.94799946	6.59264278	0.61614174
20.95199946	6.59264278	0.61614174
20.95599946	6.59264278	0.61614174
20.95999946	6.59264278	0.61614174
20.96399946	6.59264278	0.61614174
20.96799946	6.59264278	0.61614174
20.97199946	6.59264278	0.61614174
20.97599946	6.43147135	0.61614174
20.97999946	6.59264278	0.61614174
20.98399946	6.59264278	0.61614174
20.98799946	6.59264278	0.61614174
20.99199946	6.59264278	0.61614174
20.99599946	6.59264278	0.61614174
20.99999946	6.59264278	0.61614174
21.00399946	6.59264278	0.61614174
21.00799946	6.59264278	0.61614174
21.01199946	6.59264278	0.61614174
21.01599946	6.59264278	0.61614174
21.01999946	6.59264278	0.61614174
21.02399946	6.59264278	0.61614174
21.02799946	6.59264278	0.61614174
21.03199946	6.59264278	0.61614174
21.03599946	6.59264278	0.61614174
21.03999946	6.59264278	0.61614174
21.04399946	6.59264278	0.61614174
21.04799946	6.59264278	0.61614174
21.05199946	6.59264278	0.61614174
21.05599946	6.59264278	0.61614174
21.05999946	6.59264278	0.61614174
21.06399946	6.59264278	0.61614174
21.06799946	6.59264278	0.61614174
21.07199946	6.59264278	0.61614174
21.07599946	6.59264278	0.61614174
21.07999946	6.59264278	0.61614174
21.08399946	6.59264278	0.61614174
21.08799946	6.59264278	0.61614174
21.09199946	6.59264278	0.63195127
21.09599946	6.59264278	0.61614174
21.09999946	6.59264278	0.61614174
21.10399946	6.59264278	0.61614174
21.10799946	6.59264278	0.61614174
21.11199946	6.59264278	0.61614174
21.11599946	6.59264278	0.61614174
21.11999946	6.59264278	0.61614174
21.12399946	6.59264278	0.61614174
21.12799946	6.59264278	0.61614174
21.13199946	6.59264278	0.61614174
21.13599946	6.59264278	0.61614174
21.13999946	6.59264278	0.61614174
21.14399946	6.59264278	0.61614174
21.14799946	6.59264278	0.61614174
21.15199946	6.59264278	0.61614174
21.15599946	6.59264278	0.61614174
21.15999946	6.59264278	0.61614174
21.16399946	6.59264278	0.61614174
21.16799946	6.59264278	0.61614174
21.17199946	6.59264278	0.61614174
21.17599946	6.75319862	0.63195127
21.17999946	6.59264278	0.61614174
21.18399946	6.59264278	0.61614174
21.18799945	6.59264278	0.61614174
21.19199945	6.59264278	0.61614174
21.19599945	6.59264278	0.61614174
21.19999945	6.75319862	0.61614174
21.20399945	6.59264278	0.61614174
21.20799945	6.59264278	0.61614174
21.21199945	6.59264278	0.61614174
21.21599945	6.59264278	0.61614174
21.21999945	6.59264278	0.61614174
21.22399945	6.59264278	0.61614174
21.22799945	6.75319862	0.61614174
21.23199945	6.75319862	0.61614174
21.23599945	6.59264278	0.61614174
21.23999945	6.59264278	0.61614174
21.24399945	6.59264278	0.61614174
21.24799945	6.59264278	0.61614174
21.25199945	6.59264278	0.61614174
21.25599945	6.59264278	0.61614174
21.25999945	6.59264278	0.61614174
21.26399945	6.59264278	0.61614174
21.26799945	6.59264278	0.61614174
21.27199945	6.59264278	0.61614174
21.27599945	6.59264278	0.61614174
21.27999945	6.75319862	0.61614174
21.28399945	6.59264278	0.61614174
21.28799945	6.59264278	0.61614174
21.29199945	6.59264278	0.61614174
21.29599945	6.75319862	0.61614174
21.29999945	6.59264278	0.61614174
21.30399945	6.59264278	0.61614174
21.30799945	6.59264278	0.61614174
21.31199945	6.59264278	0.61614174
21.31599945	6.59264278	0.61614174
21.31999945	6.59264278	0.61614174
21.32399945	6.59264278	0.61614174
21.32799945	6.59264278	0.61614174
21.33199945	6.59264278	0.61614174
21.33599945	6.59264278	0.61614174
21.33999945	6.59264278	0.61614174
21.34399945	6.59264278	0.61614174
21.34799945	6.59264278	0.61614174
21.35199945	6.59264278	0.61614174
21.35599945	6.59264278	0.61614174
21.35999945	6.59264278	0.61614174
21.36399945	6.59264278	0.61614174
21.36799945	6.59264278	0.61614174
21.37199945	6.75319862	0.61614174
21.37599945	6.75319862	0.61614174
21.37999945	6.59264278	0.61614174
21.38399945	6.59264278	0.61614174
21.38799945	6.59264278	0.61614174
21.39199945	6.59264278	0.61614174
21.39599945	6.59264278	0.61614174
21.39999945	6.75319862	0.61614174
21.40399945	6.59264278	0.61614174
21.40799945	6.59264278	0.61614174
21.41199945	6.59264278	0.61614174
21.41599945	6.59264278	0.61614174
21.41999945	6.59264278	0.61614174
21.42399945	6.59264278	0.61614174
21.42799945	6.75319862	0.61614174
21.43199945	6.75319862	0.61614174
21.43599945	6.59264278	0.61614174
21.43999945	6.59264278	0.61614174
21.44399945	6.59264278	0.61614174
21.44799945	6.59264278	0.61614174
21.45199945	6.75319862	0.61614174
21.45599945	6.75319862	0.61614174
21.45999945	6.59264278	0.61614174
21.46399945	6.59264278	0.61614174
21.46799945	6.59264278	0.61614174
21.47199945	6.59264278	0.61614174
21.47599945	6.59264278	0.61614174
21.47999945	6.75319862	0.61614174
21.48399945	6.75319862	0.61614174
21.48799945	6.59264278	0.61614174
21.49199945	6.59264278	0.61614174
21.49599945	6.59264278	0.61614174
21.49999945	6.59264278	0.61614174
21.50399945	6.59264278	0.61614174
21.50799945	6.75319862	0.61614174
21.51199945	6.75319862	0.61614174
21.51599945	6.59264278	0.61614174
21.51999945	6.59264278	0.61614174
21.52399945	6.59264278	0.61614174
21.52799945	6.75319862	0.61614174
21.53199945	6.59264278	0.61614174
21.53599945	6.59264278	0.61614174
21.53999944	6.59264278	0.61614174
21.54399944	6.75319862	0.61614174
21.54799944	6.59264278	0.61614174
21.55199944	6.59264278	0.61614174
21.55599944	6.59264278	0.61614174
21.55999944	6.59264278	0.61614174
21.56399944	6.75319862	0.61614174
21.56799944	6.75319862	0.61614174
21.57199944	6.75319862	0.61614174
21.57599944	6.75319862	0.61614174
21.57999944	6.59264278	0.61614174
21.58399944	6.59264278	0.61614174
21.58799944	6.59264278	0.61614174
21.59199944	6.75319862	0.61614174
21.59599944	6.75319862	0.61614174
21.59999944	6.75319862	0.61614174
21.60399944	6.59264278	0.61614174
21.60799944	6.59264278	0.61614174
21.61199944	6.59264278	0.61614174
21.61599944	6.59264278	0.61614174
21.61999944	6.75319862	0.61614174
21.62399944	6.75319862	0.61614174
21.62799944	6.75319862	0.61614174
21.63199944	6.59264278	0.61614174
21.63599944	6.59264278	0.61614174
21.63999944	6.59264278	0.61614174
21.64399944	6.59264278	0.61614174
21.64799944	6.75319862	0.61614174
21.65199944	6.75319862	0.61614174
21.65599944	6.75319862	0.61614174
21.65999944	6.59264278	0.61614174
21.66399944	6.59264278	0.61614174
21.66799944	6.59264278	0.61614174
21.67199944	6.75319862	0.61614174
21.67599944	6.75319862	0.61614174
21.67999944	6.75319862	0.61614174
21.68399944	6.59264278	0.61614174
21.68799944	6.59264278	0.61614174
21.69199944	6.59264278	0.61614174
21.69599944	6.59264278	0.61614174
21.69999944	6.75319862	0.61614174
21.70399944	6.75319862	0.61614174
21.70799944	6.75319862	0.61614174
21.71199944	6.59264278	0.61614174
21.71599944	6.59264278	0.61614174
21.71999944	6.59264278	0.61614174
21.72399944	6.59264278	0.61614174
21.72799944	6.59264278	0.61614174
21.73199944	6.75319862	0.61614174
21.73599944	6.75319862	0.61614174
21.73999944	6.59264278	0.61614174
21.74399944	6.59264278	0.61614174
21.74799944	6.59264278	0.61614174
21.75199944	6.59264278	0.61614174
21.75599944	6.75319862	0.61614174
21.75999944	6.75319862	0.61614174
21.76399944	6.59264278	0.61614174
21.76799944	6.59264278	0.61614174
21.77199944	6.59264278	0.61614174
21.77599944	6.59264278	0.61614174
21.77999944	6.59264278	0.61614174
21.78399944	6.75319862	0.61614174
21.78799944	6.75319862	0.61614174
21.79199944	6.75319862	0.61614174
21.79599944	6.59264278	0.61614174
21.79999944	6.59264278	0.61614174
21.80399944	6.59264278	0.61614174
21.80799944	6.59264278	0.61614174
21.81199944	6.75319862	0.61614174
21.81599944	6.75319862	0.61614174
21.81999944	6.75319862	0.61614174
21.82399944	6.59264278	0.61614174
21.82799944	6.59264278	0.61614174
21.83199944	6.59264278	0.61614174
21.83599944	6.59264278	0.61614174
21.83999944	6.75319862	0.61614174
21.84399944	6.59264278	0.61614174
21.84799944	6.59264278	0.61614174
21.85199944	6.59264278	0.61614174
21.85599944	6.59264278	0.61614174
21.85999944	6.59264278	0.61614174
21.86399944	6.59264278	0.61614174
21.86799944	6.75319862	0.61614174
21.87199944	6.75319862	0.61614174
21.87599944	6.59264278	0.61614174
21.87999944	6.59264278	0.61614174
21.88399944	6.59264278	0.61614174
21.88799944	6.59264278	0.61614174
21.89199944	6.59264278	0.61614174
21.89599943	6.75319862	0.61614174
21.89999943	6.59264278	0.61614174
21.90399943	6.59264278	0.61614174
21.90799943	6.59264278	0.61614174
21.91199943	6.59264278	0.61614174
21.91599943	6.59264278	0.61614174
21.91999943	6.59264278	0.61614174
21.92399943	6.75319862	0.61614174
21.92799943	6.75319862	0.61614174
21.93199943	6.59264278	0.61614174
21.93599943	6.59264278	0.61614174
21.93999943	6.59264278	0.61614174
21.94399943	6.75319862	0.61614174
21.94799943	6.75319862	0.61614174
21.95199943	6.75319862	0.61614174
21.95599943	6.59264278	0.61614174
21.95999943	6.59264278	0.61614174
21.96399943	6.59264278	0.61614174
21.96799943	6.75319862	0.61614174
21.97199943	6.59264278	0.61614174
21.97599943	6.59264278	0.61614174
21.97999943	6.75319862	0.61614174
21.98399943	6.59264278	0.61614174
21.98799943	6.59264278	0.61614174
21.99199943	6.59264278	0.61614174
21.99599943	6.59264278	0.61614174
21.99999943	6.59264278	0.61614174
22.00399943	6.75319862	0.61614174
22.00799943	6.75319862	0.61614174
22.01199943	6.75319862	0.61614174
22.01599943	6.75319862	0.61614174
22.01999943	6.59264278	0.61614174
22.02399943	6.59264278	0.61614174
22.02799943	6.59264278	0.61614174
22.03199943	6.75319862	0.61614174
22.03599943	6.75319862	0.61614174
22.03999943	6.75319862	0.61614174
22.04399943	6.75319862	0.61614174
22.04799943	6.59264278	0.61614174
22.05199943	6.59264278	0.61614174
22.05599943	6.59264278	0.61614174
22.05999943	6.75319862	0.61614174
22.06399943	6.75319862	0.61614174
22.06799943	6.75319862	0.61614174
22.07199943	6.59264278	0.61614174
22.07599943	6.59264278	0.61614174
22.07999943	6.59264278	0.61614174
22.08399943	6.59264278	0.61614174
22.08799943	6.75319862	0.61614174
22.09199943	6.75319862	0.61614174
22.09599943	6.75319862	0.61614174
22.09999943	6.59264278	0.61614174
22.10399943	6.59264278	0.61614174
22.10799943	6.59264278	0.61614174
22.11199943	6.75319862	0.61614174
22.11599943	6.75319862	0.61614174
22.11999943	6.75319862	0.61614174
22.12399943	6.59264278	0.61614174
22.12799943	6.59264278	0.61614174
22.13199943	6.59264278	0.61614174
22.13599943	6.75319862	0.61614174
22.13999943	6.75319862	0.61614174
22.14399943	6.75319862	0.61614174
22.14799943	6.75319862	0.61614174
22.15199943	6.59264278	0.61614174
22.15599943	6.59264278	0.61614174
22.15999943	6.75319862	0.61614174
22.16399943	6.75319862	0.61614174
22.16799943	6.75319862	0.61614174
22.17199943	6.59264278	0.61614174
22.17599943	6.59264278	0.61614174
22.17999943	6.59264278	0.61614174
22.18399943	6.59264278	0.61614174
22.18799943	6.59264278	0.61614174
22.19199943	6.75319862	0.61614174
22.19599943	6.75319862	0.61614174
22.19999943	6.75319862	0.61614174
22.20399943	6.59264278	0.61614174
22.20799943	6.59264278	0.61614174
22.21199943	6.59264278	0.61614174
22.21599943	6.75319862	0.61614174
22.21999943	6.59264278	0.61614174
22.22399943	6.59264278	0.61614174
22.22799943	6.75319862	0.61614174
22.23199943	6.75319862	0.61614174
22.23599943	6.75319862	0.61614174
22.23999943	6.59264278	0.61614174
22.24399943	6.59264278	0.61614174
22.24799942	6.75319862	0.61614174
22.25199942	6.75319862	0.61614174
22.25599942	6.75319862	0.61614174
22.25999942	6.75319862	0.61614174
22.26399942	6.59264278	0.61614174
22.26799942	6.59264278	0.61614174
22.27199942	6.59264278	0.61614174
22.27599942	6.59264278	0.61614174
22.27999942	6.75319862	0.61614174
22.28399942	6.75319862	0.61614174
22.28799942	6.59264278	0.61614174
22.29199942	6.59264278	0.61614174
22.29599942	6.59264278	0.61614174
22.29999942	6.75319862	0.61614174
22.30399942	6.75319862	0.61614174
22.30799942	6.75319862	0.61614174
22.31199942	6.75319862	0.61614174
22.31599942	6.59264278	0.61614174
22.31999942	6.59264278	0.61614174
22.32399942	6.59264278	0.61614174
22.32799942	6.75319862	0.61614174
22.33199942	6.75319862	0.61614174
22.33599942	6.75319862	0.61614174
22.33999942	6.75319862	0.61614174
22.34399942	6.59264278	0.61614174
22.34799942	6.59264278	0.61614174
22.35199942	6.59264278	0.61614174
22.35599942	6.59264278	0.61614174
22.35999942	6.75319862	0.61614174
22.36399942	6.75319862	0.61614174
22.36799942	6.75319862	0.61614174
22.37199942	6.59264278	0.61614174
22.37599942	6.59264278	0.61614174
22.37999942	6.59264278	0.61614174
22.38399942	6.59264278	0.61614174
22.38799942	6.75319862	0.61614174
22.39199942	6.75319862	0.61614174
22.39599942	6.75319862	0.61614174
22.39999942	6.59264278	0.61614174
22.40399942	6.59264278	0.61614174
22.40799942	6.59264278	0.61614174
22.41199942	6.75319862	0.61614174
22.41599942	6.75319862	0.61614174
22.41999942	6.75319862	0.61614174
22.42399942	6.75319862	0.61614174
22.42799942	6.59264278	0.61614174
22.43199942	6.59264278	0.61614174
22.43599942	6.59264278	0.61614174
22.43999942	6.75319862	0.61614174
22.44399942	6.75319862	0.61614174
22.44799942	6.75319862	0.61614174
22.45199942	6.75319862	0.61614174
22.45599942	6.59264278	0.61614174
22.45999942	6.59264278	0.61614174
22.46399942	6.59264278	0.61614174
22.46799942	6.59264278	0.61614174
22.47199942	6.75319862	0.61614174
22.47599942	6.75319862	0.61614174
22.47999942	6.75319862	0.61614174
22.48399942	6.59264278	0.61614174
22.48799942	6.59264278	0.61614174
22.49199942	6.59264278	0.61614174
22.49599942	6.59264278	0.61614174
22.49999942	6.75319862	0.61614174
22.50399942	6.75319862	0.61614174
22.50799942	6.59264278	0.61614174
22.51199942	6.59264278	0.61614174
22.51599942	6.59264278	0.61614174
22.51999942	6.59264278	0.61614174
22.52399942	6.75319862	0.61614174
22.52799942	6.75319862	0.61614174
22.53199942	6.75319862	0.61614174
22.53599942	6.59264278	0.61614174
22.53999942	6.59264278	0.61614174
22.54399942	6.59264278	0.61614174
22.54799942	6.59264278	0.61614174
22.55199942	6.75319862	0.61614174
22.55599942	6.75319862	0.61614174
22.55999942	6.75319862	0.61614174
22.56399942	6.59264278	0.61614174
22.56799942	6.59264278	0.61614174
22.57199942	6.59264278	0.61614174
22.57599942	6.59264278	0.61614174
22.57999942	6.75319862	0.61614174
22.58399942	6.75319862	0.61614174
22.58799942	6.59264278	0.61614174
22.59199942	6.59264278	0.61614174
22.59599942	6.59264278	0.61614174
22.59999942	6.59264278	0.61614174
22.60399941	6.75319862	0.61614174
22.60799941	6.75319862	0.61614174
22.61199941	6.75319862	0.61614174
22.61599941	6.59264278	0.61614174
22.61999941	6.59264278	0.61614174
22.62399941	6.59264278	0.61614174
22.62799941	6.59264278	0.61614174
22.63199941	6.75319862	0.61614174
22.63599941	6.75319862	0.61614174
22.63999941	6.75319862	0.61614174
22.64399941	6.75319862	0.61614174
22.64799941	6.59264278	0.61614174
22.65199941	6.59264278	0.61614174
22.65599941	6.59264278	0.61614174
22.65999941	6.59264278	0.61614174
22.66399941	6.75319862	0.61614174
22.66799941	6.75319862	0.61614174
22.67199941	6.75319862	0.61614174
22.67599941	6.59264278	0.61614174
22.67999941	6.59264278	0.61614174
22.68399941	6.59264278	0.61614174
22.68799941	6.75319862	0.61614174
22.69199941	6.75319862	0.61614174
22.69599941	6.59264278	0.61614174
22.69999941	6.59264278	0.61614174
22.70399941	6.59264278	0.61614174
22.70799941	6.59264278	0.61614174
22.71199941	6.59264278	0.61614174
22.71599941	6.59264278	0.61614174
22.71999941	6.75319862	0.61614174
22.72399941	6.75319862	0.61614174
22.72799941	6.59264278	0.61614174
22.73199941	6.59264278	0.61614174
22.73599941	6.59264278	0.61614174
22.73999941	6.59264278	0.61614174
22.74399941	6.59264278	0.61614174
22.74799941	6.59264278	0.61614174
22.75199941	6.59264278	0.61614174
22.75599941	6.59264278	0.61614174
22.75999941	6.59264278	0.61614174
22.76399941	6.59264278	0.61614174
22.76799941	6.59264278	0.61614174
22.77199941	6.59264278	0.61614174
22.77599941	6.59264278	0.61614174
22.77999941	6.59264278	0.61614174
22.78399941	6.75319862	0.61614174
22.78799941	6.75319862	0.61614174
22.79199941	6.59264278	0.61614174
22.79599941	6.59264278	0.61614174
22.79999941	6.59264278	0.61614174
22.80399941	6.59264278	0.61614174
22.80799941	6.75319862	0.61614174
22.81199941	6.59264278	0.61614174
22.81599941	6.59264278	0.61614174
22.81999941	6.59264278	0.61614174
22.82399941	6.59264278	0.61614174
22.82799941	6.75319862	0.61614174
22.83199941	6.59264278	0.61614174
22.83599941	6.59264278	0.61614174
22.83999941	6.59264278	0.61614174
22.84399941	6.59264278	0.61614174
22.84799941	6.59264278	0.61614174
22.85199941	6.59264278	0.61614174
22.85599941	6.59264278	0.61614174
22.85999941	6.75319862	0.61614174
22.86399941	6.59264278	0.61614174
22.86799941	6.59264278	0.61614174
22.87199941	6.59264278	0.61614174
22.87599941	6.59264278	0.61614174
22.87999941	6.59264278	0.61614174
22.88399941	6.59264278	0.61614174
22.88799941	6.59264278	0.61614174
22.89199941	6.59264278	0.61614174
22.89599941	6.59264278	0.61614174
22.89999941	6.59264278	0.61614174
22.90399941	6.59264278	0.61614174
22.90799941	6.59264278	0.61614174
22.91199941	6.59264278	0.61614174
22.91599941	6.59264278	0.61614174
22.91999941	6.59264278	0.61614174
22.92399941	6.59264278	0.61614174
22.92799941	6.59264278	0.61614174
22.93199941	6.59264278	0.61614174
22.93599941	6.59264278	0.61614174
22.93999941	6.59264278	0.61614174
22.94399941	6.59264278	0.61614174
22.94799941	6.59264278	0.61614174
22.95199941	6.59264278	0.61614174
22.95599940	6.59264278	0.61614174
22.95999940	6.59264278	0.61614174
22.96399940	6.59264278	0.61614174
22.96799940	6.59264278	0.61614174
22.97199940	6.59264278	0.61614174
22.97599940	6.59264278	0.61614174
22.97999940	6.59264278	0.61614174
22.98399940	6.59264278	0.61614174
22.98799940	6.59264278	0.61614174
22.99199940	6.59264278	0.61614174
22.99599940	6.59264278	0.61614174
22.99999940	6.59264278	0.61614174
23.00399940	6.59264278	0.61614174
23.00799940	6.59264278	0.61614174
23.01199940	6.59264278	0.61614174
23.01599940	6.59264278	0.61614174
23.01999940	6.59264278	0.61614174
23.02399940	6.59264278	0.61614174
23.02799940	6.59264278	0.61614174
23.03199940	6.59264278	0.61614174
23.03599940	6.59264278	0.61614174
23.03999940	6.59264278	0.61614174
23.04399940	6.59264278	0.61614174
23.04799940	6.59264278	0.61614174
23.05199940	6.59264278	0.61614174
23.05599940	6.59264278	0.61614174
23.05999940	6.59264278	0.61614174
23.06399940	6.59264278	0.61614174
23.06799940	6.59264278	0.61614174
23.07199940	6.59264278	0.61614174
23.07599940	6.59264278	0.61614174
23.07999940	6.59264278	0.61614174
23.08399940	6.59264278	0.61614174
23.08799940	6.59264278	0.61614174
23.09199940	6.59264278	0.61614174
23.09599940	6.59264278	0.61614174
23.09999940	6.59264278	0.61614174
23.10399940	6.59264278	0.61614174
23.10799940	6.59264278	0.61614174
23.11199940	6.59264278	0.61614174
23.11599940	6.59264278	0.61614174
23.11999940	6.59264278	0.61614174
23.12399940	6.59264278	0.61614174
23.12799940	6.59264278	0.61614174
23.13199940	6.59264278	0.61614174
23.13599940	6.59264278	0.61614174
23.13999940	6.59264278	0.61614174
23.14399940	6.59264278	0.61614174
23.14799940	6.59264278	0.61614174
23.15199940	6.59264278	0.61614174
23.15599940	6.59264278	0.61614174
23.15999940	6.59264278	0.61614174
23.16399940	6.59264278	0.61614174
23.16799940	6.59264278	0.61614174
23.17199940	6.59264278	0.61614174
23.17599940	6.59264278	0.61614174
23.17999940	6.59264278	0.61614174
23.18399940	6.59264278	0.61614174
23.18799940	6.59264278	0.61614174
23.19199940	6.59264278	0.61614174
23.19599940	6.59264278	0.61614174
23.19999940	6.59264278	0.61614174
23.20399940	6.59264278	0.61614174
23.20799940	6.59264278	0.61614174
23.21199940	6.59264278	0.61614174
23.21599940	6.59264278	0.61614174
23.21999940	6.59264278	0.61614174
23.22399940	6.59264278	0.61614174
23.22799940	6.59264278	0.61614174
23.23199940	6.59264278	0.61614174
23.23599940	6.59264278	0.61614174
23.23999940	6.59264278	0.61614174
23.24399940	6.59264278	0.61614174
23.24799940	6.59264278	0.61614174
23.25199940	6.59264278	0.61614174
23.25599940	6.59264278	0.61614174
23.25999940	6.59264278	0.61614174
23.26399940	6.59264278	0.61614174
23.26799940	6.59264278	0.61614174
23.27199940	6.59264278	0.61614174
23.27599940	6.59264278	0.61614174
23.27999940	6.59264278	0.61614174
23.28399940	6.59264278	0.61614174
23.28799940	6.59264278	0.61614174
23.29199940	6.59264278	0.61614174
23.29599940	6.59264278	0.61614174
23.29999940	6.59264278	0.61614174
23.30399940	6.59264278	0.61614174
23.30799939	6.59264278	0.61614174
23.31199939	6.59264278	0.61614174
23.31599939	6.59264278	0.61614174
23.31999939	6.59264278	0.61614174
23.32399939	6.59264278	0.61614174
23.32799939	6.59264278	0.61614174
23.33199939	6.59264278	0.61614174
23.33599939	6.59264278	0.61614174
23.33999939	6.59264278	0.61614174
23.34399939	6.59264278	0.61614174
23.34799939	6.59264278	0.61614174
23.35199939	6.59264278	0.61614174
23.35599939	6.59264278	0.61614174
23.35999939	6.75319862	0.61614174
23.36399939	6.59264278	0.61614174
23.36799939	6.59264278	0.61614174
23.37199939	6.59264278	0.61614174
23.37599939	6.59264278	0.61614174
23.37999939	6.59264278	0.61614174
23.38399939	6.59264278	0.61614174
23.38799939	6.59264278	0.61614174
23.39199939	6.75319862	0.61614174
23.39599939	6.59264278	0.61614174
23.39999939	6.59264278	0.61614174
23.40399939	6.59264278	0.61614174
23.40799939	6.75319862	0.61614174
23.41199939	6.75319862	0.61614174
23.41599939	6.75319862	0.61614174
23.41999939	6.59264278	0.61614174
23.42399939	6.59264278	0.61614174
23.42799939	6.59264278	0.61614174
23.43199939	6.75319862	0.61614174
23.43599939	6.59264278	0.61614174
23.43999939	6.59264278	0.61614174
23.44399939	6.59264278	0.61614174
23.44799939	6.59264278	0.61614174
23.45199939	6.59264278	0.61614174
23.45599939	6.59264278	0.61614174
23.45999939	6.59264278	0.61614174
23.46399939	6.75319862	0.61614174
23.46799939	6.59264278	0.61614174
23.47199939	6.59264278	0.61614174
23.47599939	6.59264278	0.61614174
23.47999939	6.59264278	0.61614174
23.48399939	6.59264278	0.61614174
23.48799939	6.75319862	0.61614174
23.49199939	6.75319862	0.61614174
23.49599939	6.75319862	0.61614174
23.49999939	6.59264278	0.61614174
23.50399939	6.59264278	0.61614174
23.50799939	6.59264278	0.61614174
23.51199939	6.75319862	0.61614174
23.51599939	6.75319862	0.61614174
23.51999939	6.59264278	0.61614174
23.52399939	6.59264278	0.60033220
23.52799939	6.75319862	0.61614174
23.53199939	6.75319862	0.61614174
23.53599939	6.59264278	0.61614174
23.53999939	6.59264278	0.61614174
23.54399939	6.75319862	0.61614174
23.54799939	6.75319862	0.61614174
23.55199939	6.75319862	0.61614174
23.55599939	6.59264278	0.61614174
23.55999939	6.59264278	0.61614174
23.56399939	6.75319862	0.61614174
23.56799939	6.75319862	0.61614174
23.57199939	6.59264278	0.61614174
23.57599939	6.75319862	0.61614174
23.57999939	6.75319862	0.61614174
23.58399939	6.75319862	0.61614174
23.58799939	6.59264278	0.61614174
23.59199939	6.59264278	0.61614174
23.59599939	6.75319862	0.60033220
23.59999939	6.75319862	0.61614174
23.60399939	6.75319862	0.61614174
23.60799939	6.75319862	0.61614174
23.61199939	6.75319862	0.61614174
23.61599939	6.59264278	0.61614174
23.61999939	6.59264278	0.61614174
23.62399939	6.59264278	0.61614174
23.62799939	6.75319862	0.61614174
23.63199939	6.75319862	0.61614174
23.63599939	6.75319862	0.61614174
23.63999939	6.75319862	0.61614174
23.64399939	6.59264278	0.61614174
23.64799939	6.59264278	0.61614174
23.65199939	6.75319862	0.61614174
23.65599939	6.75319862	0.61614174
23.65999939	6.75319862	0.61614174
23.66399938	6.75319862	0.61614174
23.66799938	6.59264278	0.61614174
23.67199938	6.59264278	0.61614174
23.67599938	6.59264278	0.60033220
23.67999938	6.75319862	0.61614174
23.68399938	6.75319862	0.61614174
23.68799938	6.75319862	0.61614174
23.69199938	6.59264278	0.61614174
23.69599938	6.75319862	0.61614174
23.69999938	6.59264278	0.61614174
23.70399938	6.75319862	0.61614174
23.70799938	6.75319862	0.61614174
23.71199938	6.75319862	0.61614174
23.71599938	6.75319862	0.61614174
23.71999938	6.59264278	0.61614174
23.72399938	6.59264278	0.61614174
23.72799938	6.59264278	0.61614174
23.73199938	6.75319862	0.61614174
23.73599938	6.75319862	0.61614174
23.73999938	6.75319862	0.61614174
23.74399938	6.59264278	0.61614174
23.74799938	6.75319862	0.61614174
23.75199938	6.75319862	0.61614174
23.75599938	6.75319862	0.61614174
23.75999938	6.59264278	0.61614174
23.76399938	6.75319862	0.60033220
23.76799938	6.75319862	0.61614174
23.77199938	6.75319862	0.61614174
23.77599938	6.59264278	0.61614174
23.77999938	6.75319862	0.60033220
23.78399938	6.75319862	0.61614174
23.78799938	6.75319862	0.61614174
23.79199938	6.75319862	0.61614174
23.79599938	6.59264278	0.60033220
23.79999938	6.75319862	0.61614174
23.80399938	6.75319862	0.61614174
23.80799938	6.59264278	0.61614174
23.81199938	6.59264278	0.61614174
23.81599938	6.75319862	0.61614174
23.81999938	6.75319862	0.61614174
23.82399938	6.75319862	0.61614174
23.82799938	6.75319862	0.61614174
23.83199938	6.75319862	0.61614174
23.83599938	6.75319862	0.61614174
23.83999938	6.75319862	0.61614174
23.84399938	6.75319862	0.60033220
23.84799938	6.75319862	0.61614174
23.85199938	6.75319862	0.60033220
23.85599938	6.75319862	0.61614174
23.85999938	6.59264278	0.60033220
23.86399938	6.59264278	0.60033220
23.86799938	6.75319862	0.60033220
23.87199938	6.75319862	0.61614174
23.87599938	6.75319862	0.61614174
23.87999938	6.59264278	0.61614174
23.88399938	6.75319862	0.61614174
23.88799938	6.75319862	0.61614174
23.89199938	6.75319862	0.61614174
23.89599938	6.59264278	0.61614174
23.89999938	6.75319862	0.61614174
23.90399938	6.75319862	0.61614174
23.90799938	6.75319862	0.61614174
23.91199938	6.75319862	0.61614174
23.91599938	6.59264278	0.61614174
23.91999938	6.75319862	0.61614174
23.92399938	6.75319862	0.61614174
23.92799938	6.75319862	0.61614174
23.93199938	6.59264278	0.60033220
23.93599938	6.59264278	0.61614174
23.93999938	6.75319862	0.60033220
23.94399938	6.75319862	0.61614174
23.94799938	6.59264278	0.60033220
23.95199938	6.75319862	0.60033220
23.95599938	6.75319862	0.60033220
23.95999938	6.75319862	0.61614174
23.96399938	6.75319862	0.61614174
23.96799938	6.75319862	0.61614174
23.97199938	6.75319862	0.61614174
23.97599938	6.75319862	0.61614174
23.97999938	6.59264278	0.60033220
23.98399938	6.59264278	0.61614174
23.98799938	6.75319862	0.61614174
23.99199938	6.75319862	0.61614174
23.99599938	6.75319862	0.61614174
23.99999938	6.59264278	0.61614174
24.00399938	6.75319862	0.60033220
24.00799938	6.75319862	0.61614174
24.01199938	6.75319862	0.61614174
24.01599937	6.59264278	0.61614174
24.01999937	6.59264278	0.60033220
24.02399937	6.75319862	0.60033220
24.02799937	6.75319862	0.60033220
24.03199937	6.75319862	0.61614174
24.03599937	6.59264278	0.61614174
24.03999937	6.75319862	0.61614174
24.04399937	6.75319862	0.61614174
24.04799937	6.75319862	0.61614174
24.05199937	6.75319862	0.61614174
24.05599937	6.75319862	0.61614174
24.05999937	6.75319862	0.61614174
24.06399937	6.75319862	0.61614174
24.06799937	6.59264278	0.61614174
24.07199937	6.59264278	0.61614174
24.07599937	6.75319862	0.60033220
24.07999937	6.75319862	0.61614174
24.08399937	6.75319862	0.61614174
24.08799937	6.59264278	0.61614174
24.09199937	6.75319862	0.61614174
24.09599937	6.75319862	0.61614174
24.09999937	6.75319862	0.61614174
24.10399937	6.59264278	0.61614174
24.10799937	6.59264278	0.60033220
24.11199937	6.75319862	0.61614174
24.11599937	6.75319862	0.60033220
24.11999937	6.75319862	0.61614174
24.12399937	6.59264278	0.60033220
24.12799937	6.59264278	0.61614174
24.13199937	6.59264278	0.61614174
24.13599937	6.59264278	0.61614174
24.13999937	6.75319862	0.61614174
24.14399937	6.75319862	0.61614174
24.14799937	6.75319862	0.61614174
24.15199937	6.75319862	0.61614174
24.15599937	6.59264278	0.60033220
24.15999937	6.59264278	0.60033220
24.16399937	6.75319862	0.60033220
24.16799937	6.75319862	0.61614174
24.17199937	6.75319862	0.60033220
24.17599937	6.75319862	0.61614174
24.17999937	6.59264278	0.60033220
24.18399937	6.59264278	0.61614174
24.18799937	6.59264278	0.61614174
24.19199937	6.75319862	0.61614174
24.19599937	6.75319862	0.60033220
24.19999937	6.75319862	0.61614174
24.20399937	6.75319862	0.60033220
24.20799937	6.75319862	0.61614174
24.21199937	6.59264278	0.60033220
24.21599937	6.75319862	0.61614174
24.21999937	6.75319862	0.60033220
24.22399937	6.75319862	0.61614174
24.22799937	6.75319862	0.60033220
24.23199937	6.75319862	0.61614174
24.23599937	6.75319862	0.60033220
24.23999937	6.75319862	0.61614174
24.24399937	6.75319862	0.61614174
24.24799937	6.75319862	0.61614174
24.25199937	6.75319862	0.60033220
24.25599937	6.75319862	0.61614174
24.25999937	6.75319862	0.60033220
24.26399937	6.75319862	0.61614174
24.26799937	6.59264278	0.60033220
24.27199937	6.59264278	0.60033220
24.27599937	6.75319862	0.60033220
24.27999937	6.75319862	0.61614174
24.28399937	6.75319862	0.60033220
24.28799937	6.75319862	0.60033220
24.29199937	6.75319862	0.60033220
24.29599937	6.75319862	0.61614174
24.29999937	6.75319862	0.60033220
24.30399937	6.75319862	0.60033220
24.30799937	6.75319862	0.60033220
24.31199937	6.75319862	0.61614174
24.31599937	6.75319862	0.60033220
24.31999937	6.75319862	0.61614174
24.32399937	6.75319862	0.60033220
24.32799937	6.75319862	0.61614174
24.33199937	6.75319862	0.61614174
24.33599937	6.75319862	0.60033220
24.33999937	6.75319862	0.60033220
24.34399937	6.75319862	0.60033220
24.34799937	6.75319862	0.61614174
24.35199937	6.75319862	0.61614174
24.35599937	6.75319862	0.60033220
24.35999937	6.75319862	0.61614174
24.36399937	6.75319862	0.60033220
24.36799937	6.75319862	0.60033220
24.37199936	6.75319862	0.61614174
24.37599936	6.75319862	0.60033220
24.37999936	6.75319862	0.60033220
24.38399936	6.75319862	0.61614174
24.38799936	6.59264278	0.60033220
24.39199936	6.75319862	0.60033220
24.39599936	6.75319862	0.60033220
24.39999936	6.75319862	0.61614174
24.40399936	6.75319862	0.60033220
24.40799936	6.75319862	0.61614174
24.41199936	6.75319862	0.60033220
24.41599936	6.75319862	0.61614174
24.41999936	6.75319862	0.61614174
24.42399936	6.75319862	0.61614174
24.42799936	6.75319862	0.60033220
24.43199936	6.75319862	0.60033220
24.43599936	6.75319862	0.60033220
24.43999936	6.75319862	0.61614174
24.44399936	6.75319862	0.60033220
24.44799936	6.75319862	0.61614174
24.45199936	6.75319862	0.61614174
24.45599936	6.75319862	0.60033220
24.45999936	6.75319862	0.60033220
24.46399936	6.75319862	0.60033220
24.46799936	6.75319862	0.60033220
24.47199936	6.75319862	0.60033220
24.47599936	6.75319862	0.60033220
24.47999936	6.75319862	0.60033220
24.48399936	6.75319862	0.60033220
24.48799936	6.75319862	0.60033220
24.49199936	6.75319862	0.60033220
24.49599936	6.75319862	0.60033220
24.49999936	6.75319862	0.60033220
24.50399936	6.75319862	0.60033220
24.50799936	6.75319862	0.60033220
24.51199936	6.75319862	0.60033220
24.51599936	6.75319862	0.60033220
24.51999936	6.75319862	0.60033220
24.52399936	6.75319862	0.60033220
24.52799936	6.75319862	0.60033220
24.53199936	6.75319862	0.60033220
24.53599936	6.75319862	0.61614174
24.53999936	6.59264278	0.60033220
24.54399936	6.59264278	0.61614174
24.54799936	6.75319862	0.60033220
24.55199936	6.75319862	0.60033220
24.55599936	6.75319862	0.60033220
24.55999936	6.75319862	0.61614174
24.56399936	6.75319862	0.60033220
24.56799936	6.75319862	0.61614174
24.57199936	6.75319862	0.60033220
24.57599936	6.59264278	0.60033220
24.57999936	6.75319862	0.60033220
24.58399936	6.75319862	0.60033220
24.58799936	6.75319862	0.60033220
24.59199936	6.75319862	0.61614174
24.59599936	6.75319862	0.60033220
24.59999936	6.59264278	0.60033220
24.60399936	6.75319862	0.60033220
24.60799936	6.75319862	0.61614174
24.61199936	6.75319862	0.60033220
24.61599936	6.75319862	0.60033220
24.61999936	6.75319862	0.60033220
24.62399936	6.59264278	0.61614174
24.62799936	6.59264278	0.60033220
24.63199936	6.59264278	0.60033220
24.63599936	6.75319862	0.60033220
24.63999936	6.91437006	0.61614174
24.64399936	6.75319862	0.60033220
24.64799936	6.59264278	0.60033220
24.65199936	6.59264278	0.60033220
24.65599936	6.75319862	0.61614174
24.65999936	6.75319862	0.60033220
24.66399936	6.75319862	0.61614174
24.66799936	6.75319862	0.61614174
24.67199936	6.75319862	0.61614174
24.67599936	6.59264278	0.60033220
24.67999936	6.59264278	0.60033220
24.68399936	6.59264278	0.61614174
24.68799936	6.75319862	0.60033220
24.69199936	6.75319862	0.60033220
24.69599936	6.75319862	0.61614174
24.69999936	6.59264278	0.60033220
24.70399936	6.59264278	0.60033220
24.70799936	6.75319862	0.60033220
24.71199936	6.75319862	0.61614174
24.71599936	6.75319862	0.60033220
24.71999936	6.75319862	0.60033220
24.72399935	6.75319862	0.60033220
24.72799935	6.75319862	0.60033220
24.73199935	6.59264278	0.60033220
24.73599935	6.59264278	0.60033220
24.73999935	6.75319862	0.61614174
24.74399935	6.75319862	0.61614174
24.74799935	6.75319862	0.60033220
24.75199935	6.75319862	0.60033220
24.75599935	6.59264278	0.60033220
24.75999935	6.75319862	0.60033220
24.76399935	6.59264278	0.60033220
24.76799935	6.59264278	0.60033220
24.77199935	6.75319862	0.60033220
24.77599935	6.75319862	0.60033220
24.77999935	6.75319862	0.60033220
24.78399935	6.59264278	0.60033220
24.78799935	6.59264278	0.60033220
24.79199935	6.59264278	0.60033220
24.79599935	6.75319862	0.60033220
24.79999935	6.75319862	0.60033220
24.80399935	6.75319862	0.60033220
24.80799935	6.75319862	0.61614174
24.81199935	6.59264278	0.60033220
24.81599935	6.59264278	0.60033220
24.81999935	6.59264278	0.60033220
24.82399935	6.75319862	0.60033220
24.82799935	6.75319862	0.61614174
24.83199935	6.75319862	0.60033220
24.83599935	6.59264278	0.60033220
24.83999935	6.59264278	0.60033220
24.84399935	6.59264278	0.60033220
24.84799935	6.75319862	0.60033220
24.85199935	6.75319862	0.60033220
24.85599935	6.75319862	0.61614174
24.85999935	6.75319862	0.60033220
24.86399935	6.59264278	0.60033220
24.86799935	6.59264278	0.60033220
24.87199935	6.59264278	0.60033220
24.87599935	6.75319862	0.60033220
24.87999935	6.75319862	0.60033220
24.88399935	6.75319862	0.60033220
24.88799935	6.75319862	0.60033220
24.89199935	6.59264278	0.60033220
24.89599935	6.59264278	0.60033220
24.89999935	6.59264278	0.60033220
24.90399935	6.75319862	0.60033220
24.90799935	6.75319862	0.60033220
24.91199935	6.75319862	0.60033220
24.91599935	6.59264278	0.60033220
24.91999935	6.59264278	0.60033220
24.92399935	6.59264278	0.60033220
24.92799935	6.59264278	0.60033220
24.93199935	6.75319862	0.61614174
24.93599935	6.75319862	0.61614174
24.93999935	6.75319862	0.60033220
24.94399935	6.59264278	0.60033220
24.94799935	6.59264278	0.60033220
24.95199935	6.59264278	0.61614174
24.95599935	6.75319862	0.60033220
24.95999935	6.75319862	0.61614174
24.96399935	6.75319862	0.60033220
24.96799935	6.75319862	0.61614174
24.97199935	6.59264278	0.60033220
24.97599935	6.59264278	0.60033220
24.97999935	6.75319862	0.60033220
24.98399935	6.75319862	0.60033220
24.98799935	6.75319862	0.60033220
24.99199935	6.59264278	0.60033220
24.99599935	6.59264278	0.60033220
24.99999935	6.59264278	0.61614174
25.00399935	6.59264278	0.60033220
25.00799935	6.75319862	0.60033220
25.01199935	6.75319862	0.60033220
25.01599935	6.75319862	0.60033220
25.01999935	6.59264278	0.60033220
25.02399935	6.59264278	0.60033220
25.02799935	6.59264278	0.60033220
25.03199935	6.75319862	0.60033220
25.03599935	6.75319862	0.61614174
25.03999935	6.59264278	0.60033220
25.04399935	6.59264278	0.60033220
25.04799935	6.75319862	0.60033220
25.05199935	6.75319862	0.60033220
25.05599935	6.59264278	0.60033220
25.05999935	6.59264278	0.60033220
25.06399935	6.59264278	0.60033220
25.06799935	6.75319862	0.60033220
25.07199935	6.75319862	0.60033220
25.07599934	6.59264278	0.60033220
25.07999934	6.59264278	0.60033220
25.08399934	6.59264278	0.60033220
25.08799934	6.59264278	0.60033220
25.09199934	6.59264278	0.60033220
25.09599934	6.75319862	0.60033220
25.09999934	6.75319862	0.60033220
25.10399934	6.75319862	0.60033220
25.10799934	6.59264278	0.60033220
25.11199934	6.59264278	0.60033220
25.11599934	6.59264278	0.60033220
25.11999934	6.59264278	0.60033220
25.12399934	6.75319862	0.60033220
25.12799934	6.75319862	0.60033220
25.13199934	6.75319862	0.60033220
25.13599934	6.59264278	0.60033220
25.13999934	6.59264278	0.60033220
25.14399934	6.59264278	0.60033220
25.14799934	6.75319862	0.60033220
25.15199934	6.75319862	0.60033220
25.15599934	6.75319862	0.60033220
25.15999934	6.75319862	0.60033220
25.16399934	6.59264278	0.60033220
25.16799934	6.59264278	0.60033220
25.17199934	6.59264278	0.60033220
25.17599934	6.75319862	0.60033220
25.17999934	6.75319862	0.60033220
25.18399934	6.59264278	0.60033220
25.18799934	6.59264278	0.60033220
25.19199934	6.59264278	0.60033220
25.19599934	6.59264278	0.60033220
25.19999934	6.75319862	0.60033220
25.20399934	6.75319862	0.60033220
25.20799934	6.75319862	0.60033220
25.21199934	6.75319862	0.60033220
25.21599934	6.59264278	0.60033220
25.21999934	6.59264278	0.60033220
25.22399934	6.75319862	0.60033220
25.22799934	6.75319862	0.60033220
25.23199934	6.75319862	0.60033220
25.23599934	6.75319862	0.60033220
25.23999934	6.59264278	0.60033220
25.24399934	6.59264278	0.60033220
25.24799934	6.75319862	0.60033220
25.25199934	6.59264278	0.60033220
25.25599934	6.75319862	0.60033220
25.25999934	6.75319862	0.60033220
25.26399934	6.59264278	0.60033220
25.26799934	6.75319862	0.60033220
25.27199934	6.75319862	0.60033220
25.27599934	6.75319862	0.60033220
25.27999934	6.59264278	0.60033220
25.28399934	6.59264278	0.60033220
25.28799934	6.59264278	0.60033220
25.29199934	6.75319862	0.60033220
25.29599934	6.75319862	0.60033220
25.29999934	6.59264278	0.60033220
25.30399934	6.59264278	0.60033220
25.30799934	6.59264278	0.60033220
25.31199934	6.75319862	0.60033220
25.31599934	6.75319862	0.60033220
25.31999934	6.75319862	0.60033220
25.32399934	6.75319862	0.60033220
25.32799934	6.59264278	0.60033220
25.33199934	6.75319862	0.60033220
25.33599934	6.75319862	0.60033220
25.33999934	6.59264278	0.60033220
25.34399934	6.75319862	0.60033220
25.34799934	6.75319862	0.60033220
25.35199934	6.75319862	0.60033220
25.35599934	6.75319862	0.60033220
25.35999934	6.59264278	0.60033220
25.36399934	6.59264278	0.60033220
25.36799934	6.75319862	0.60033220
25.37199934	6.75319862	0.60033220
25.37599934	6.75319862	0.60033220
25.37999934	6.59264278	0.60033220
25.38399934	6.75319862	0.60033220
25.38799934	6.75319862	0.60033220
25.39199934	6.75319862	0.60033220
25.39599934	6.75319862	0.60033220
25.39999934	6.75319862	0.60033220
25.40399934	6.75319862	0.60033220
25.40799934	6.75319862	0.60033220
25.41199934	6.59264278	0.60033220
25.41599934	6.75319862	0.60033220
25.41999934	6.75319862	0.60033220
25.42399934	6.75319862	0.60033220
25.42799934	6.75319862	0.60033220
25.43199933	6.75319862	0.60033220
25.43599933	6.75319862	0.60033220
25.43999933	6.75319862	0.60033220
25.44399933	6.75319862	0.60033220
25.44799933	6.75319862	0.60033220
25.45199933	6.75319862	0.60033220
25.45599933	6.75319862	0.60033220
25.45999933	6.75319862	0.60033220
25.46399933	6.75319862	0.60033220
25.46799933	6.75319862	0.60033220
25.47199933	6.75319862	0.60033220
25.47599933	6.75319862	0.60033220
25.47999933	6.75319862	0.60033220
25.48399933	6.75319862	0.60033220
25.48799933	6.75319862	0.60033220
25.49199933	6.75319862	0.60033220
25.49599933	6.75319862	0.60033220
25.49999933	6.75319862	0.60033220
25.50399933	6.59264278	0.60033220
25.50799933	6.59264278	0.60033220
25.51199933	6.75319862	0.60033220
25.51599933	6.75319862	0.60033220
25.51999933	6.75319862	0.60033220
25.52399933	6.75319862	0.60033220
25.52799933	6.59264278	0.60033220
25.53199933	6.75319862	0.60033220
25.53599933	6.75319862	0.60033220
25.53999933	6.75319862	0.60033220
25.54399933	6.75319862	0.60033220
25.54799933	6.75319862	0.60033220
25.55199933	6.75319862	0.60033220
25.55599933	6.59264278	0.60033220
25.55999933	6.75319862	0.60033220
25.56399933	6.75319862	0.60033220
25.56799933	6.75319862	0.60033220
25.57199933	6.75319862	0.60033220
25.57599933	6.75319862	0.60033220
25.57999933	6.59264278	0.60033220
25.58399933	6.75319862	0.60033220
25.58799933	6.75319862	0.60033220
25.59199933	6.75319862	0.60033220
25.59599933	6.75319862	0.60033220
25.59999933	6.75319862	0.60033220
25.60399933	6.75319862	0.60033220
25.60799933	6.75319862	0.60033220
25.61199933	6.59264278	0.60033220
25.61599933	6.75319862	0.60033220
25.61999933	6.75319862	0.60033220
25.62399933	6.91437006	0.60033220
25.62799933	6.75319862	0.60033220
25.63199933	6.75319862	0.60033220
25.63599933	6.59264278	0.60033220
25.63999933	6.59264278	0.60033220
25.64399933	6.75319862	0.60033220
25.64799933	6.75319862	0.60033220
25.65199933	6.75319862	0.60033220
25.65599933	6.75319862	0.60033220
25.65999933	6.75319862	0.60033220
25.66399933	6.59264278	0.60033220
25.66799933	6.59264278	0.60033220
25.67199933	6.75319862	0.60033220
25.67599933	6.75319862	0.60033220
25.67999933	6.91437006	0.60033220
25.68399933	6.75319862	0.60033220
25.68799933	6.75319862	0.60033220
25.69199933	6.59264278	0.60033220
25.69599933	6.59264278	0.60033220
25.69999933	6.75319862	0.60033220
25.70399933	6.75319862	0.60033220
25.70799933	6.75319862	0.60033220
25.71199933	6.75319862	0.60033220
25.71599933	6.75319862	0.60033220
25.71999933	6.59264278	0.60033220
25.72399933	6.75319862	0.60033220
25.72799933	6.75319862	0.60033220
25.73199933	6.75319862	0.60033220
25.73599933	6.75319862	0.60033220
25.73999933	6.75319862	0.60033220
25.74399933	6.75319862	0.60033220
25.74799933	6.59264278	0.60033220
25.75199933	6.75319862	0.60033220
25.75599933	6.75319862	0.60033220
25.75999933	6.75319862	0.60033220
25.76399933	6.75319862	0.60033220
25.76799933	6.75319862	0.60033220
25.77199933	6.75319862	0.60033220
25.77599933	6.75319862	0.60033220
25.77999933	6.75319862	0.60033220
25.78399932	6.75319862	0.60033220
25.78799932	6.75319862	0.60033220
25.79199932	6.75319862	0.60033220
25.79599932	6.75319862	0.60033220
25.79999932	6.75319862	0.60033220
25.80399932	6.59264278	0.60033220
25.80799932	6.59264278	0.60033220
25.81199932	6.75319862	0.60033220
25.81599932	6.75319862	0.60033220
25.81999932	6.75319862	0.60033220
25.82399932	6.75319862	0.60033220
25.82799932	6.75319862	0.60033220
25.83199932	6.75319862	0.60033220
25.83599932	6.75319862	0.60033220
25.83999932	6.75319862	0.60033220
25.84399932	6.75319862	0.60033220
25.84799932	6.75319862	0.60033220
25.85199932	6.75319862	0.60033220
25.85599932	6.75319862	0.60033220
25.85999932	6.75319862	0.60033220
25.86399932	6.75319862	0.60033220
25.86799932	6.75319862	0.60033220
25.87199932	6.75319862	0.60033220
25.87599932	6.75319862	0.60033220
25.87999932	6.75319862	0.60033220
25.88399932	6.75319862	0.60033220
25.88799932	6.75319862	0.60033220
25.89199932	6.75319862	0.60033220
25.89599932	6.75319862	0.60033220
25.89999932	6.75319862	0.60033220
25.90399932	6.75319862	0.60033220
25.90799932	6.75319862	0.60033220
25.91199932	6.75319862	0.60033220
25.91599932	6.75319862	0.60033220
25.91999932	6.75319862	0.60033220
25.92399932	6.59264278	0.60033220
25.92799932	6.75319862	0.60033220
25.93199932	6.75319862	0.60033220
25.93599932	6.75319862	0.60033220
25.93999932	6.75319862	0.60033220
25.94399932	6.75319862	0.60033220
25.94799932	6.75319862	0.60033220
25.95199932	6.75319862	0.60033220
25.95599932	6.75319862	0.60033220
25.95999932	6.75319862	0.60033220
25.96399932	6.75319862	0.60033220
25.96799932	6.75319862	0.60033220
25.97199932	6.75319862	0.60033220
25.97599932	6.75319862	0.60033220
25.97999932	6.75319862	0.60033220
25.98399932	6.75319862	0.60033220
25.98799932	6.75319862	0.60033220
25.99199932	6.75319862	0.60033220
25.99599932	6.75319862	0.60033220
25.99999932	6.75319862	0.60033220
26.00399932	6.75319862	0.60033220
26.00799932	6.75319862	0.60033220
26.01199932	6.75319862	0.60033220
26.01599932	6.75319862	0.60033220
26.01999932	6.75319862	0.60033220
26.02399932	6.75319862	0.60033220
26.02799932	6.75319862	0.60033220
26.03199932	6.75319862	0.60033220
26.03599932	6.75319862	0.60033220
26.03999932	6.75319862	0.60033220
26.04399932	6.75319862	0.60033220
26.04799932	6.75319862	0.60033220
26.05199932	6.75319862	0.60033220
26.05599932	6.75319862	0.60033220
26.05999932	6.75319862	0.60033220
26.06399932	6.75319862	0.60033220
26.06799932	6.75319862	0.60033220
26.07199932	6.75319862	0.60033220
26.07599932	6.75319862	0.60033220
26.07999932	6.75319862	0.60033220
26.08399932	6.75319862	0.60033220
26.08799932	6.75319862	0.60033220
26.09199932	6.59264278	0.60033220
26.09599932	6.59264278	0.60033220
26.09999932	6.75319862	0.60033220
26.10399932	6.75319862	0.60033220
26.10799932	6.75319862	0.60033220
26.11199932	6.75319862	0.60033220
26.11599932	6.75319862	0.60033220
26.11999932	6.75319862	0.60033220
26.12399932	6.75319862	0.60033220
26.12799932	6.75319862	0.60033220
26.13199932	6.75319862	0.60033220
26.13599932	6.75319862	0.60033220
26.13999931	6.75319862	0.60033220
26.14399931	6.75319862	0.60033220
26.14799931	6.75319862	0.60033220
26.15199931	6.75319862	0.60033220
26.15599931	6.75319862	0.60033220
26.15999931	6.75319862	0.60033220
26.16399931	6.75319862	0.60033220
26.16799931	6.75319862	0.60033220
26.17199931	6.75319862	0.60033220
26.17599931	6.75319862	0.60033220
26.17999931	6.59264278	0.60033220
26.18399931	6.75319862	0.60033220
26.18799931	6.75319862	0.60033220
26.19199931	6.75319862	0.60033220
26.19599931	6.75319862	0.60033220
26.19999931	6.75319862	0.60033220
26.20399931	6.75319862	0.60033220
26.20799931	6.75319862	0.60033220
26.21199931	6.75319862	0.60033220
26.21599931	6.75319862	0.60033220
26.21999931	6.75319862	0.60033220
26.22399931	6.75319862	0.60033220
26.22799931	6.75319862	0.60033220
26.23199931	6.75319862	0.60033220
26.23599931	6.75319862	0.60033220
26.23999931	6.75319862	0.60033220
26.24399931	6.75319862	0.60033220
26.24799931	6.75319862	0.60033220
26.25199931	6.75319862	0.60033220
26.25599931	6.75319862	0.60033220
26.25999931	6.75319862	0.60033220
26.26399931	6.75319862	0.60033220
26.26799931	6.75319862	0.60033220
26.27199931	6.75319862	0.60033220
26.27599931	6.75319862	0.60033220
26.27999931	6.75319862	0.60033220
26.28399931	6.75319862	0.60033220
26.28799931	6.75319862	0.60033220
26.29199931	6.75319862	0.60033220
26.29599931	6.75319862	0.60033220
26.29999931	6.75319862	0.60033220
26.30399931	6.75319862	0.60033220
26.30799931	6.75319862	0.60033220
26.31199931	6.75319862	0.60033220
26.31599931	6.75319862	0.60033220
26.31999931	6.75319862	0.60033220
26.32399931	6.75319862	0.60033220
26.32799931	6.75319862	0.60033220
26.33199931	6.75319862	0.60033220
26.33599931	6.75319862	0.60033220
26.33999931	6.75319862	0.60033220
26.34399931	6.75319862	0.60033220
26.34799931	6.75319862	0.60033220
26.35199931	6.75319862	0.60033220
26.35599931	6.75319862	0.60033220
26.35999931	6.75319862	0.60033220
26.36399931	6.75319862	0.60033220
26.36799931	6.75319862	0.60033220
26.37199931	6.75319862	0.60033220
26.37599931	6.75319862	0.60033220
26.37999931	6.75319862	0.60033220
26.38399931	6.75319862	0.60033220
26.38799931	6.75319862	0.60033220
26.39199931	6.75319862	0.60033220
26.39599931	6.75319862	0.60033220
26.39999931	6.75319862	0.60033220
26.40399931	6.75319862	0.60033220
26.40799931	6.75319862	0.60033220
26.41199931	6.75319862	0.60033220
26.41599931	6.75319862	0.60033220
26.41999931	6.75319862	0.60033220
26.42399931	6.75319862	0.60033220
26.42799931	6.75319862	0.60033220
26.43199931	6.75319862	0.60033220
26.43599931	6.75319862	0.60033220
26.43999931	6.75319862	0.60033220
26.44399931	6.75319862	0.60033220
26.44799931	6.75319862	0.60033220
26.45199931	6.75319862	0.60033220
26.45599931	6.75319862	0.60033220
26.45999931	6.75319862	0.60033220
26.46399931	6.75319862	0.60033220
26.46799931	6.75319862	0.60033220
26.47199931	6.75319862	0.60033220
26.47599931	6.75319862	0.60033220
26.47999931	6.75319862	0.60033220
26.48399931	6.75319862	0.60033220
26.48799931	6.75319862	0.60033220
26.49199930	6.75319862	0.60033220
26.49599930	6.75319862	0.60033220
26.49999930	6.75319862	0.60033220
26.50399930	6.75319862	0.60033220
26.50799930	6.75319862	0.60033220
26.51199930	6.75319862	0.60033220
26.51599930	6.75319862	0.60033220
26.51999930	6.75319862	0.60033220
26.52399930	6.75319862	0.60033220
26.52799930	6.75319862	0.60033220
26.53199930	6.75319862	0.60033220
26.53599930	6.75319862	0.60033220
26.53999930	6.91437006	0.60033220
26.54399930	6.75319862	0.60033220
26.54799930	6.75319862	0.60033220
26.55199930	6.75319862	0.60033220
26.55599930	6.75319862	0.60033220
26.55999930	6.75319862	0.60033220
26.56399930	6.75319862	0.60033220
26.56799930	6.75319862	0.60033220
26.57199930	6.75319862	0.60033220
26.57599930	6.75319862	0.60033220
26.57999930	6.75319862	0.60033220
26.58399930	6.75319862	0.60033220
26.58799930	6.75319862	0.60033220
26.59199930	6.75319862	0.60033220
26.59599930	6.75319862	0.60033220
26.59999930	6.75319862	0.60033220
26.60399930	6.75319862	0.60033220
26.60799930	6.75319862	0.60033220
26.61199930	6.75319862	0.60033220
26.61599930	6.75319862	0.60033220
26.61999930	6.75319862	0.60033220
26.62399930	6.75319862	0.60033220
26.62799930	6.75319862	0.60033220
26.63199930	6.75319862	0.60033220
26.63599930	6.75319862	0.60033220
26.63999930	6.75319862	0.60033220
26.64399930	6.75319862	0.60033220
26.64799930	6.75319862	0.60033220
26.65199930	6.75319862	0.60033220
26.65599930	6.75319862	0.60033220
26.65999930	6.75319862	0.60033220
26.66399930	6.75319862	0.60033220
26.66799930	6.75319862	0.60033220
26.67199930	6.75319862	0.60033220
26.67599930	6.75319862	0.60033220
26.67999930	6.75319862	0.60033220
26.68399930	6.75319862	0.60033220
26.68799930	6.75319862	0.60033220
26.69199930	6.75319862	0.60033220
26.69599930	6.75319862	0.60033220
26.69999930	6.75319862	0.60033220
26.70399930	6.75319862	0.60033220
26.70799930	6.75319862	0.60033220
26.71199930	6.75319862	0.60033220
26.71599930	6.75319862	0.60033220
26.71999930	6.59264278	0.60033220
26.72399930	6.75319862	0.60033220
26.72799930	6.75319862	0.60033220
26.73199930	6.75319862	0.60033220
26.73599930	6.75319862	0.60033220
26.73999930	6.75319862	0.60033220
26.74399930	6.75319862	0.60033220
26.74799930	6.75319862	0.60033220
26.75199930	6.75319862	0.60033220
26.75599930	6.75319862	0.60033220
26.75999930	6.75319862	0.60033220
26.76399930	6.75319862	0.60033220
26.76799930	6.75319862	0.60033220
26.77199930	6.75319862	0.60033220
26.77599930	6.75319862	0.60033220
26.77999930	6.75319862	0.60033220
26.78399930	6.75319862	0.60033220
26.78799930	6.75319862	0.60033220
26.79199930	6.75319862	0.60033220
26.79599930	6.75319862	0.60033220
26.79999930	6.75319862	0.60033220
26.80399930	6.75319862	0.60033220
26.80799930	6.75319862	0.60033220
26.81199930	6.59264278	0.60033220
26.81599930	6.75319862	0.60033220
26.81999930	6.75319862	0.60033220
26.82399930	6.91437006	0.60033220
26.82799930	6.75319862	0.60033220
26.83199930	6.75319862	0.60033220
26.83599930	6.75319862	0.60033220
26.83999930	6.75319862	0.60033220
26.84399929	6.75319862	0.60033220
26.84799929	6.75319862	0.60033220
26.85199929	6.75319862	0.60033220
26.85599929	6.75319862	0.60033220
26.85999929	6.75319862	0.58452266
26.86399929	6.75319862	0.60033220
26.86799929	6.59264278	0.60033220
26.87199929	6.75319862	0.60033220
26.87599929	6.75319862	0.60033220
26.87999929	6.75319862	0.60033220
26.88399929	6.75319862	0.60033220
26.88799929	6.75319862	0.60033220
26.89199929	6.75319862	0.60033220
26.89599929	6.75319862	0.60033220
26.89999929	6.75319862	0.60033220
26.90399929	6.75319862	0.60033220
26.90799929	6.75319862	0.60033220
26.91199929	6.75319862	0.60033220
26.91599929	6.75319862	0.60033220
26.91999929	6.75319862	0.60033220
26.92399929	6.75319862	0.60033220
26.92799929	6.75319862	0.60033220
26.93199929	6.75319862	0.60033220
26.93599929	6.75319862	0.60033220
26.93999929	6.75319862	0.60033220
26.94399929	6.75319862	0.60033220
26.94799929	6.75319862	0.58452266
26.95199929	6.75319862	0.60033220
26.95599929	6.75319862	0.58452266
26.95999929	6.75319862	0.60033220
26.96399929	6.75319862	0.58452266
26.96799929	6.75319862	0.60033220
26.97199929	6.75319862	0.60033220
26.97599929	6.75319862	0.60033220
26.97999929	6.75319862	0.60033220
26.98399929	6.75319862	0.60033220
26.98799929	6.91437006	0.60033220
26.99199929	6.75319862	0.60033220
26.99599929	6.75319862	0.60033220
26.99999929	6.75319862	0.60033220
27.00399929	6.75319862	0.60033220
27.00799929	6.75319862	0.60033220
27.01199929	6.75319862	0.60033220
27.01599929	6.75319862	0.60033220
27.01999929	6.91437006	0.60033220
27.02399929	6.75319862	0.60033220
27.02799929	6.75319862	0.60033220
27.03199929	6.75319862	0.60033220
27.03599929	6.75319862	0.60033220
27.03999929	6.75319862	0.60033220
27.04399929	6.75319862	0.58452266
27.04799929	6.75319862	0.58452266
27.05199929	6.75319862	0.60033220
27.05599929	6.75319862	0.60033220
27.05999929	6.75319862	0.60033220
27.06399929	6.75319862	0.60033220
27.06799929	6.75319862	0.58452266
27.07199929	6.75319862	0.60033220
27.07599929	6.91437006	0.60033220
27.07999929	6.75319862	0.60033220
27.08399929	6.75319862	0.60033220
27.08799929	6.75319862	0.60033220
27.09199929	6.75319862	0.60033220
27.09599929	6.75319862	0.60033220
27.09999929	6.75319862	0.60033220
27.10399929	6.75319862	0.60033220
27.10799929	6.75319862	0.60033220
27.11199929	6.75319862	0.60033220
27.11599929	6.75319862	0.60033220
27.11999929	6.75319862	0.60033220
27.12399929	6.75319862	0.60033220
27.12799929	6.75319862	0.60033220
27.13199929	6.75319862	0.60033220
27.13599929	6.75319862	0.60033220
27.13999929	6.75319862	0.58452266
27.14399929	6.75319862	0.60033220
27.14799929	6.75319862	0.60033220
27.15199929	6.75319862	0.60033220
27.15599929	6.75319862	0.58452266
27.15999929	6.91437006	0.60033220
27.16399929	6.75319862	0.60033220
27.16799929	6.75319862	0.60033220
27.17199929	6.75319862	0.60033220
27.17599929	6.91437006	0.60033220
27.17999929	6.91437006	0.60033220
27.18399929	6.75319862	0.60033220
27.18799929	6.75319862	0.58452266
27.19199929	6.75319862	0.60033220
27.19599929	6.75319862	0.60033220
27.19999928	6.91437006	0.60033220
27.20399928	6.75319862	0.60033220
27.20799928	6.75319862	0.60033220
27.21199928	6.75319862	0.60033220
27.21599928	6.75319862	0.60033220
27.21999928	6.75319862	0.58452266
27.22399928	6.75319862	0.60033220
27.22799928	6.75319862	0.60033220
27.23199928	6.75319862	0.60033220
27.23599928	6.75319862	0.60033220
27.23999928	6.75319862	0.60033220
27.24399928	6.75319862	0.58452266
27.24799928	6.91437006	0.60033220
27.25199928	6.75319862	0.60033220
27.25599928	6.75319862	0.60033220
27.25999928	6.75319862	0.58452266
27.26399928	6.75319862	0.60033220
27.26799928	6.91437006	0.58452266
27.27199928	6.75319862	0.60033220
27.27599928	6.75319862	0.58452266
27.27999928	6.75319862	0.60033220
27.28399928	6.75319862	0.60033220
27.28799928	6.75319862	0.60033220
27.29199928	6.75319862	0.58452266
27.29599928	6.75319862	0.60033220
27.29999928	6.75319862	0.60033220
27.30399928	6.75319862	0.60033220
27.30799928	6.75319862	0.60033220
27.31199928	6.75319862	0.60033220
27.31599928	6.75319862	0.58452266
27.31999928	6.91437006	0.60033220
27.32399928	6.75319862	0.60033220
27.32799928	6.75319862	0.60033220
27.33199928	6.75319862	0.58452266
27.33599928	6.75319862	0.60033220
27.33999928	6.75319862	0.58452266
27.34399928	6.75319862	0.60033220
27.34799928	6.75319862	0.60033220
27.35199928	6.75319862	0.60033220
27.35599928	6.75319862	0.60033220
27.35999928	6.75319862	0.60033220
27.36399928	6.75319862	0.58452266
27.36799928	6.91437006	0.60033220
27.37199928	6.91437006	0.60033220
27.37599928	6.75319862	0.60033220
27.37999928	6.75319862	0.58452266
27.38399928	6.75319862	0.60033220
27.38799928	6.75319862	0.58452266
27.39199928	6.91437006	0.60033220
27.39599928	6.75319862	0.60033220
27.39999928	6.75319862	0.60033220
27.40399928	6.75319862	0.60033220
27.40799928	6.75319862	0.58452266
27.41199928	6.75319862	0.58452266
27.41599928	6.75319862	0.60033220
27.41999928	6.75319862	0.60033220
27.42399928	6.75319862	0.60033220
27.42799928	6.75319862	0.58452266
27.43199928	6.75319862	0.60033220
27.43599928	6.75319862	0.58452266
27.43999928	6.75319862	0.60033220
27.44399928	6.75319862	0.58452266
27.44799928	6.75319862	0.58452266
27.45199928	6.75319862	0.60033220
27.45599928	6.75319862	0.60033220
27.45999928	6.75319862	0.58452266
27.46399928	6.75319862	0.60033220
27.46799928	6.75319862	0.60033220
27.47199928	6.75319862	0.58452266
27.47599928	6.75319862	0.58452266
27.47999928	6.75319862	0.60033220
27.48399928	6.75319862	0.60033220
27.48799928	6.75319862	0.60033220
27.49199928	6.75319862	0.58452266
27.49599928	6.75319862	0.60033220
27.49999928	6.75319862	0.60033220
27.50399928	6.75319862	0.60033220
27.50799928	6.75319862	0.58452266
27.51199928	6.75319862	0.60033220
27.51599928	6.75319862	0.60033220
27.51999928	6.75319862	0.60033220
27.52399928	6.75319862	0.58452266
27.52799928	6.75319862	0.60033220
27.53199928	6.75319862	0.58452266
27.53599928	6.75319862	0.60033220
27.53999928	6.75319862	0.60033220
27.54399928	6.75319862	0.60033220
27.54799928	6.75319862	0.58452266
27.55199927	6.91437006	0.58452266
27.55599927	6.75319862	0.60033220
27.55999927	6.75319862	0.60033220
27.56399927	6.75319862	0.58452266
27.56799927	6.75319862	0.58452266
27.57199927	6.75319862	0.58452266
27.57599927	6.75319862	0.58452266
27.57999927	6.75319862	0.58452266
27.58399927	6.91437006	0.60033220
27.58799927	6.75319862	0.60033220
27.59199927	6.75319862	0.60033220
27.59599927	6.59264278	0.58452266
27.59999927	6.75319862	0.58452266
27.60399927	6.91437006	0.60033220
27.60799927	6.91437006	0.60033220
27.61199927	6.75319862	0.60033220
27.61599927	6.75319862	0.60033220
27.61999927	6.75319862	0.58452266
27.62399927	6.75319862	0.60033220
27.62799927	6.75319862	0.58452266
27.63199927	6.75319862	0.60033220
27.63599927	6.75319862	0.58452266
27.63999927	6.75319862	0.60033220
27.64399927	6.75319862	0.58452266
27.64799927	6.75319862	0.58452266
27.65199927	6.75319862	0.58452266
27.65599927	6.75319862	0.60033220
27.65999927	6.75319862	0.58452266
27.66399927	6.75319862	0.60033220
27.66799927	6.75319862	0.58452266
27.67199927	6.75319862	0.58452266
27.67599927	6.75319862	0.60033220
27.67999927	6.75319862	0.60033220
27.68399927	6.75319862	0.58452266
27.68799927	6.75319862	0.60033220
27.69199927	6.75319862	0.58452266
27.69599927	6.75319862	0.58452266
27.69999927	6.75319862	0.60033220
27.70399927	6.75319862	0.60033220
27.70799927	6.75319862	0.58452266
27.71199927	6.75319862	0.60033220
27.71599927	6.59264278	0.58452266
27.71999927	6.75319862	0.58452266
27.72399927	6.75319862	0.58452266
27.72799927	6.75319862	0.60033220
27.73199927	6.75319862	0.60033220
27.73599927	6.75319862	0.58452266
27.73999927	6.75319862	0.58452266
27.74399927	6.75319862	0.58452266
27.74799927	6.75319862	0.58452266
27.75199927	6.75319862	0.58452266
27.75599927	6.75319862	0.58452266
27.75999927	6.75319862	0.60033220
27.76399927	6.75319862	0.58452266
27.76799927	6.75319862	0.58452266
27.77199927	6.75319862	0.58452266
27.77599927	6.75319862	0.58452266
27.77999927	6.75319862	0.58452266
27.78399927	6.75319862	0.60033220
27.78799927	6.75319862	0.58452266
27.79199927	6.75319862	0.58452266
27.79599927	6.75319862	0.58452266
27.79999927	6.75319862	0.58452266
27.80399927	6.75319862	0.58452266
27.80799927	6.75319862	0.60033220
27.81199927	6.75319862	0.58452266
27.81599927	6.75319862	0.60033220
27.81999927	6.75319862	0.60033220
27.82399927	6.75319862	0.58452266
27.82799927	6.75319862	0.58452266
27.83199927	6.75319862	0.60033220
27.83599927	6.75319862	0.58452266
27.83999927	6.75319862	0.58452266
27.84399927	6.75319862	0.58452266
27.84799927	6.75319862	0.60033220
27.85199927	6.75319862	0.60033220
27.85599927	6.75319862	0.60033220
27.85999927	6.75319862	0.58452266
27.86399927	6.75319862	0.58452266
27.86799927	6.75319862	0.58452266
27.87199927	6.75319862	0.58452266
27.87599927	6.75319862	0.58452266
27.87999927	6.75319862	0.58452266
27.88399927	6.75319862	0.58452266
27.88799927	6.75319862	0.58452266
27.89199927	6.75319862	0.58452266
27.89599927	6.75319862	0.58452266
27.89999927	6.75319862	0.58452266
27.90399926	6.75319862	0.58452266
27.90799926	6.75319862	0.58452266
27.91199926	6.75319862	0.58452266
27.91599926	6.75319862	0.58452266
27.91999926	6.75319862	0.58452266
27.92399926	6.75319862	0.58452266
27.92799926	6.75319862	0.58452266
27.93199926	6.75319862	0.58452266
27.93599926	6.59264278	0.58452266
27.93999926	6.75319862	0.58452266
27.94399926	6.75319862	0.58452266
27.94799926	6.75319862	0.60033220
27.95199926	6.75319862	0.60033220
27.95599926	6.75319862	0.58452266
27.95999926	6.75319862	0.58452266
27.96399926	6.75319862	0.58452266
27.96799926	6.75319862	0.58452266
27.97199926	6.75319862	0.58452266
27.97599926	6.75319862	0.58452266
27.97999926	6.75319862	0.58452266
27.98399926	6.75319862	0.58452266
27.98799926	6.59264278	0.58452266
27.99199926	6.75319862	0.58452266
27.99599926	6.75319862	0.58452266
27.99999926	6.75319862	0.60033220
28.00399926	6.75319862	0.58452266
28.00799926	6.59264278	0.58452266
28.01199926	6.75319862	0.58452266
28.01599926	6.75319862	0.58452266
28.01999926	6.75319862	0.58452266
28.02399926	6.75319862	0.60033220
28.02799926	6.75319862	0.58452266
28.03199926	6.59264278	0.58452266
28.03599926	6.75319862	0.58452266
28.03999926	6.75319862	0.58452266
28.04399926	6.75319862	0.58452266
28.04799926	6.75319862	0.58452266
28.05199926	6.75319862	0.60033220
28.05599926	6.75319862	0.58452266
28.05999926	6.75319862	0.58452266
28.06399926	6.75319862	0.60033220
28.06799926	6.75319862	0.58452266
28.07199926	6.75319862	0.58452266
28.07599926	6.75319862	0.58452266
28.07999926	6.75319862	0.58452266
28.08399926	6.75319862	0.58452266
28.08799926	6.75319862	0.58452266
28.09199926	6.75319862	0.58452266
28.09599926	6.75319862	0.58452266
28.09999926	6.75319862	0.60033220
28.10399926	6.75319862	0.58452266
28.10799926	6.75319862	0.58452266
28.11199926	6.75319862	0.58452266
28.11599926	6.75319862	0.58452266
28.11999926	6.75319862	0.58452266
28.12399926	6.75319862	0.58452266
28.12799926	6.75319862	0.58452266
28.13199926	6.75319862	0.58452266
28.13599926	6.75319862	0.58452266
28.13999926	6.75319862	0.58452266
28.14399926	6.75319862	0.58452266
28.14799926	6.75319862	0.58452266
28.15199926	6.75319862	0.58452266
28.15599926	6.75319862	0.58452266
28.15999926	6.75319862	0.58452266
28.16399926	6.59264278	0.58452266
28.16799926	6.75319862	0.58452266
28.17199926	6.75319862	0.58452266
28.17599926	6.75319862	0.58452266
28.17999926	6.75319862	0.58452266
28.18399926	6.75319862	0.58452266
28.18799926	6.75319862	0.58452266
28.19199926	6.75319862	0.58452266
28.19599926	6.75319862	0.58452266
28.19999926	6.75319862	0.58452266
28.20399926	6.75319862	0.58452266
28.20799926	6.75319862	0.58452266
28.21199926	6.75319862	0.58452266
28.21599926	6.75319862	0.58452266
28.21999926	6.75319862	0.58452266
28.22399926	6.75319862	0.58452266
28.22799926	6.75319862	0.58452266
28.23199926	6.75319862	0.58452266
28.23599926	6.75319862	0.58452266
28.23999926	6.75319862	0.58452266
28.24399926	6.59264278	0.58452266
28.24799926	6.75319862	0.58452266
28.25199926	6.75319862	0.58452266
28.25599926	6.75319862	0.58452266
28.25999925	6.75319862	0.58452266
28.26399925	6.75319862	0.58452266
28.26799925	6.75319862	0.58452266
28.27199925	6.75319862	0.58452266
28.27599925	6.75319862	0.58452266
28.27999925	6.75319862	0.58452266
28.28399925	6.75319862	0.58452266
28.28799925	6.75319862	0.58452266
28.29199925	6.75319862	0.58452266
28.29599925	6.75319862	0.58452266
28.29999925	6.75319862	0.58452266
28.30399925	6.75319862	0.58452266
28.30799925	6.75319862	0.58452266
28.31199925	6.91437006	0.58452266
28.31599925	6.75319862	0.58452266
28.31999925	6.75319862	0.58452266
28.32399925	6.75319862	0.58452266
28.32799925	6.75319862	0.58452266
28.33199925	6.75319862	0.58452266
28.33599925	6.75319862	0.58452266
28.33999925	6.75319862	0.58452266
28.34399925	6.75319862	0.58452266
28.34799925	6.75319862	0.58452266
28.35199925	6.75319862	0.58452266
28.35599925	6.75319862	0.58452266
28.35999925	6.75319862	0.58452266
28.36399925	6.75319862	0.58452266
28.36799925	6.75319862	0.58452266
28.37199925	6.75319862	0.58452266
28.37599925	6.75319862	0.58452266
28.37999925	6.75319862	0.58452266
28.38399925	6.75319862	0.58452266
28.38799925	6.75319862	0.58452266
28.39199925	6.75319862	0.58452266
28.39599925	6.75319862	0.58452266
28.39999925	6.75319862	0.58452266
28.40399925	6.91437006	0.58452266
28.40799925	6.91437006	0.58452266
28.41199925	6.75319862	0.58452266
28.41599925	6.75319862	0.58452266
28.41999925	6.75319862	0.58452266
28.42399925	6.91437006	0.58452266
28.42799925	6.75319862	0.58452266
28.43199925	6.75319862	0.58452266
28.43599925	6.75319862	0.58452266
28.43999925	6.75319862	0.58452266
28.44399925	6.75319862	0.58452266
28.44799925	6.75319862	0.58452266
28.45199925	6.75319862	0.58452266
28.45599925	6.75319862	0.58452266
28.45999925	6.75319862	0.58452266
28.46399925	6.75319862	0.58452266
28.46799925	6.75319862	0.58452266
28.47199925	6.75319862	0.58452266
28.47599925	6.75319862	0.58452266
28.47999925	6.75319862	0.58452266
28.48399925	6.91437006	0.58452266
28.48799925	6.75319862	0.58452266
28.49199925	6.75319862	0.58452266
28.49599925	6.75319862	0.58452266
28.49999925	6.75319862	0.58452266
28.50399925	6.91437006	0.58452266
28.50799925	6.91437006	0.58452266
28.51199925	6.75319862	0.58452266
28.51599925	6.75319862	0.58452266
28.51999925	6.75319862	0.58452266
28.52399925	6.75319862	0.58452266
28.52799925	6.75319862	0.58452266
28.53199925	6.91437006	0.58452266
28.53599925	6.75319862	0.58452266
28.53999925	6.75319862	0.58452266
28.54399925	6.75319862	0.58452266
28.54799925	6.75319862	0.58452266
28.55199925	6.75319862	0.58452266
28.55599925	6.75319862	0.58452266
28.55999925	6.75319862	0.58452266
28.56399925	6.91437006	0.58452266
28.56799925	6.75319862	0.58452266
28.57199925	6.75319862	0.58452266
28.57599925	6.75319862	0.58452266
28.57999925	6.75319862	0.58452266
28.58399925	6.91437006	0.58452266
28.58799925	6.91437006	0.58452266
28.59199925	6.75319862	0.58452266
28.59599925	6.75319862	0.58452266
28.59999925	6.75319862	0.58452266
28.60399925	6.91437006	0.58452266
28.60799925	6.75319862	0.58452266
28.61199924	6.75319862	0.58452266
28.61599924	6.91437006	0.58452266
28.61999924	6.75319862	0.58452266
28.62399924	6.75319862	0.58452266
28.62799924	6.75319862	0.58452266
28.63199924	6.75319862	0.58452266
28.63599924	6.75319862	0.58452266
28.63999924	6.91437006	0.58452266
28.64399924	6.75319862	0.58452266
28.64799924	6.75319862	0.58452266
28.65199924	6.75319862	0.58452266
28.65599924	6.75319862	0.58452266
28.65999924	6.75319862	0.58452266
28.66399924	6.75319862	0.58452266
28.66799924	6.75319862	0.58452266
28.67199924	6.91437006	0.58452266
28.67599924	6.75319862	0.58452266
28.67999924	6.75319862	0.58452266
28.68399924	6.75319862	0.58452266
28.68799924	6.75319862	0.58452266
28.69199924	6.75319862	0.58452266
28.69599924	6.75319862	0.58452266
28.69999924	6.75319862	0.58452266
28.70399924	6.91437006	0.58452266
28.70799924	6.91437006	0.58452266
28.71199924	6.75319862	0.58452266
28.71599924	6.75319862	0.58452266
28.71999924	6.75319862	0.58452266
28.72399924	6.91437006	0.58452266
28.72799924	6.91437006	0.58452266
28.73199924	6.91437006	0.58452266
28.73599924	6.75319862	0.58452266
28.73999924	6.75319862	0.58452266
28.74399924	6.75319862	0.58452266
28.74799924	6.75319862	0.58452266
28.75199924	6.75319862	0.58452266
28.75599924	6.91437006	0.58452266
28.75999924	6.91437006	0.60033220
28.76399924	6.75319862	0.58452266
28.76799924	6.75319862	0.58452266
28.77199924	6.75319862	0.58452266
28.77599924	6.75319862	0.58452266
28.77999924	6.91437006	0.58452266
28.78399924	6.91437006	0.58452266
28.78799924	6.91437006	0.58452266
28.79199924	6.91437006	0.60033220
28.79599924	6.75319862	0.58452266
28.79999924	6.75319862	0.58452266
28.80399924	6.91437006	0.58452266
28.80799924	6.91437006	0.58452266
28.81199924	6.91437006	0.58452266
28.81599924	6.75319862	0.58452266
28.81999924	6.75319862	0.58452266
28.82399924	6.75319862	0.58452266
28.82799924	6.91437006	0.58452266
28.83199924	6.75319862	0.58452266
28.83599924	6.91437006	0.58452266
28.83999924	6.91437006	0.58452266
28.84399924	6.75319862	0.58452266
28.84799924	6.75319862	0.58452266
28.85199924	6.75319862	0.58452266
28.85599924	6.91437006	0.58452266
28.85999924	6.91437006	0.58452266
28.86399924	6.91437006	0.58452266
28.86799924	6.75319862	0.58452266
28.87199924	6.91437006	0.58452266
28.87599924	6.75319862	0.58452266
28.87999924	6.75319862	0.58452266
28.88399924	6.75319862	0.58452266
28.88799924	6.91437006	0.58452266
28.89199924	6.91437006	0.58452266
28.89599924	6.75319862	0.58452266
28.89999924	6.75319862	0.58452266
28.90399924	6.91437006	0.58452266
28.90799924	6.91437006	0.58452266
28.91199924	6.91437006	0.58452266
28.91599924	6.75319862	0.58452266
28.91999924	6.75319862	0.58452266
28.92399924	6.91437006	0.58452266
28.92799924	6.91437006	0.58452266
28.93199924	6.75319862	0.58452266
28.93599924	6.75319862	0.58452266
28.93999924	6.75319862	0.58452266
28.94399924	6.91437006	0.58452266
28.94799924	6.91437006	0.58452266
28.95199924	6.91437006	0.58452266
28.95599924	6.75319862	0.58452266
28.95999924	6.75319862	0.58452266
28.96399924	6.75319862	0.58452266
28.96799923	6.75319862	0.58452266
28.97199923	6.91437006	0.58452266
28.97599923	6.91437006	0.58452266
28.97999923	6.91437006	0.58452266
28.98399923	6.75319862	0.58452266
28.98799923	6.75319862	0.58452266
28.99199923	6.75319862	0.58452266
28.99599923	6.75319862	0.58452266
28.99999923	6.75319862	0.58452266
29.00399923	6.91437006	0.58452266
29.00799923	6.91437006	0.58452266
29.01199923	6.75319862	0.58452266
29.01599923	6.75319862	0.58452266
29.01999923	6.75319862	0.58452266
29.02399923	6.75319862	0.58452266
29.02799923	6.91437006	0.58452266
29.03199923	6.91437006	0.58452266
29.03599923	6.75319862	0.58452266
29.03999923	6.75319862	0.58452266
29.04399923	6.75319862	0.58452266
29.04799923	6.75319862	0.58452266
29.05199923	6.75319862	0.58452266
29.05599923	6.75319862	0.58452266
29.05999923	6.75319862	0.58452266
29.06399923	6.91437006	0.58452266
29.06799923	6.75319862	0.58452266
29.07199923	6.75319862	0.58452266
29.07599923	6.75319862	0.58452266
29.07999923	6.75319862	0.58452266
29.08399923	6.91437006	0.58452266
29.08799923	6.91437006	0.58452266
29.09199923	6.91437006	0.58452266
29.09599923	6.75319862	0.58452266
29.09999923	6.75319862	0.58452266
29.10399923	6.75319862	0.58452266
29.10799923	6.91437006	0.58452266
29.11199923	6.91437006	0.58452266
29.11599923	6.75319862	0.58452266
29.11999923	6.75319862	0.58452266
29.12399923	6.75319862	0.58452266
29.12799923	6.75319862	0.58452266
29.13199923	6.75319862	0.58452266
29.13599923	6.91437006	0.58452266
29.13999923	6.91437006	0.58452266
29.14399923	6.75319862	0.58452266
29.14799923	6.75319862	0.58452266
29.15199923	6.75319862	0.58452266
29.15599923	6.75319862	0.58452266
29.15999923	6.75319862	0.58452266
29.16399923	6.75319862	0.58452266
29.16799923	6.75319862	0.58452266
29.17199923	6.75319862	0.58452266
29.17599923	6.75319862	0.58452266
29.17999923	6.75319862	0.58452266
29.18399923	6.75319862	0.58452266
29.18799923	6.75319862	0.58452266
29.19199923	6.91437006	0.58452266
29.19599923	6.75319862	0.58452266
29.19999923	6.75319862	0.58452266
29.20399923	6.75319862	0.58452266
29.20799923	6.75319862	0.58452266
29.21199923	6.75319862	0.58452266
29.21599923	6.75319862	0.58452266
29.21999923	6.75319862	0.58452266
29.22399923	6.75319862	0.58452266
29.22799923	6.75319862	0.58452266
29.23199923	6.75319862	0.58452266
29.23599923	6.75319862	0.58452266
29.23999923	6.75319862	0.58452266
29.24399923	6.91437006	0.58452266
29.24799923	6.75319862	0.58452266
29.25199923	6.75319862	0.58452266
29.25599923	6.75319862	0.58452266
29.25999923	6.75319862	0.58452266
29.26399923	6.75319862	0.58452266
29.26799923	6.75319862	0.58452266
29.27199923	6.75319862	0.58452266
29.27599923	6.75319862	0.58452266
29.27999923	6.75319862	0.58452266
29.28399923	6.75319862	0.58452266
29.28799923	6.75319862	0.58452266
29.29199923	6.75319862	0.58452266
29.29599923	6.91437006	0.58452266
29.29999923	6.75319862	0.58452266
29.30399923	6.75319862	0.58452266
29.30799923	6.75319862	0.58452266
29.31199923	6.91437006	0.58452266
29.31599923	6.75319862	0.58452266
29.31999922	6.75319862	0.58452266
29.32399922	6.75319862	0.58452266
29.32799922	6.91437006	0.58452266
29.33199922	6.91437006	0.58452266
29.33599922	6.75319862	0.58452266
29.33999922	6.75319862	0.58452266
29.34399922	6.75319862	0.58452266
29.34799922	6.75319862	0.58452266
29.35199922	6.75319862	0.58452266
29.35599922	6.75319862	0.58452266
29.35999922	6.91437006	0.58452266
29.36399922	6.91437006	0.58452266
29.36799922	6.75319862	0.58452266
29.37199922	6.75319862	0.58452266
29.37599922	6.75319862	0.58452266
29.37999922	6.91437006	0.58452266
29.38399922	6.91437006	0.58452266
29.38799922	6.75319862	0.58452266
29.39199922	6.75319862	0.58452266
29.39599922	6.75319862	0.58452266
29.39999922	6.75319862	0.58452266
29.40399922	6.75319862	0.58452266
29.40799922	6.75319862	0.58452266
29.41199922	6.91437006	0.58452266
29.41599922	6.75319862	0.58452266
29.41999922	6.75319862	0.58452266
29.42399922	6.75319862	0.58452266
29.42799922	6.75319862	0.58452266
29.43199922	6.75319862	0.58452266
29.43599922	6.91437006	0.58452266
29.43999922	6.75319862	0.58452266
29.44399922	6.75319862	0.58452266
29.44799922	6.75319862	0.58452266
29.45199922	6.75319862	0.58452266
29.45599922	6.75319862	0.58452266
29.45999922	6.91437006	0.58452266
29.46399922	6.91437006	0.58452266
29.46799922	6.75319862	0.58452266
29.47199922	6.75319862	0.58452266
29.47599922	6.75319862	0.58452266
29.47999922	6.75319862	0.58452266
29.48399922	6.75319862	0.58452266
29.48799922	6.91437006	0.58452266
29.49199922	6.75319862	0.58452266
29.49599922	6.75319862	0.58452266
29.49999922	6.75319862	0.58452266
29.50399922	6.75319862	0.58452266
29.50799922	6.91437006	0.58452266
29.51199922	6.75319862	0.58452266
29.51599922	6.75319862	0.58452266
29.51999922	6.75319862	0.58452266
29.52399922	6.75319862	0.58452266
29.52799922	6.75319862	0.58452266
29.53199922	6.75319862	0.58452266
29.53599922	6.75319862	0.58452266
29.53999922	6.75319862	0.58452266
29.54399922	6.75319862	0.58452266
29.54799922	6.75319862	0.58452266
29.55199922	6.75319862	0.58452266
29.55599922	6.75319862	0.58452266
29.55999922	6.75319862	0.58452266
29.56399922	6.75319862	0.58452266
29.56799922	6.75319862	0.58452266
29.57199922	6.75319862	0.58452266
29.57599922	6.75319862	0.58452266
29.57999922	6.91437006	0.58452266
29.58399922	6.75319862	0.58452266
29.58799922	6.75319862	0.58452266
29.59199922	6.75319862	0.58452266
29.59599922	6.75319862	0.58452266
29.59999922	6.75319862	0.58452266
29.60399922	6.75319862	0.58452266
29.60799922	6.91437006	0.58452266
29.61199922	6.75319862	0.58452266
29.61599922	6.75319862	0.58452266
29.61999922	6.75319862	0.58452266
29.62399922	6.75319862	0.58452266
29.62799922	6.75319862	0.58452266
29.63199922	6.75319862	0.58452266
29.63599922	6.75319862	0.58452266
29.63999922	6.75319862	0.58452266
29.64399922	6.75319862	0.58452266
29.64799922	6.75319862	0.58452266
29.65199922	6.75319862	0.58452266
29.65599922	6.75319862	0.58452266
29.65999922	6.75319862	0.58452266
29.66399922	6.75319862	0.58452266
29.66799922	6.75319862	0.58452266
29.67199921	6.75319862	0.58452266
29.67599921	6.75319862	0.58452266
29.67999921	6.75319862	0.58452266
29.68399921	6.75319862	0.58452266
29.68799921	6.75319862	0.58452266
29.69199921	6.75319862	0.58452266
29.69599921	6.75319862	0.58452266
29.69999921	6.75319862	0.58452266
29.70399921	6.75319862	0.58452266
29.70799921	6.75319862	0.58452266
29.71199921	6.75319862	0.58452266
29.71599921	6.75319862	0.58452266
29.71999921	6.75319862	0.58452266
29.72399921	6.75319862	0.58452266
29.72799921	6.75319862	0.58452266
29.73199921	6.75319862	0.58452266
29.73599921	6.91437006	0.58452266
29.73999921	6.75319862	0.58452266
29.74399921	6.75319862	0.58452266
29.74799921	6.75319862	0.58452266
29.75199921	6.75319862	0.58452266
29.75599921	6.75319862	0.58452266
29.75999921	6.75319862	0.58452266
29.76399921	6.75319862	0.58452266
29.76799921	6.75319862	0.58452266
29.77199921	6.75319862	0.58452266
29.77599921	6.75319862	0.58452266
29.77999921	6.75319862	0.58452266
29.78399921	6.75319862	0.58452266
29.78799921	6.75319862	0.58452266
29.79199921	6.75319862	0.58452266
29.79599921	6.75319862	0.58452266
29.79999921	6.75319862	0.58452266
29.80399921	6.75319862	0.58452266
29.80799921	6.75319862	0.58452266
29.81199921	6.75319862	0.58452266
29.81599921	6.75319862	0.58452266
29.81999921	6.75319862	0.58452266
29.82399921	6.75319862	0.58452266
29.82799921	6.75319862	0.58452266
29.83199921	6.75319862	0.58452266
29.83599921	6.75319862	0.58452266
29.83999921	6.75319862	0.58452266
29.84399921	6.75319862	0.58452266
29.84799921	6.75319862	0.58452266
29.85199921	6.75319862	0.58452266
29.85599921	6.75319862	0.58452266
29.85999921	6.75319862	0.58452266
29.86399921	6.75319862	0.58452266
29.86799921	6.75319862	0.58452266
29.87199921	6.75319862	0.58452266
29.87599921	6.75319862	0.58452266
29.87999921	6.75319862	0.58452266
29.88399921	6.75319862	0.58452266
29.88799921	6.75319862	0.58452266
29.89199921	6.75319862	0.58452266
29.89599921	6.75319862	0.58452266
29.89999921	6.75319862	0.58452266
29.90399921	6.75319862	0.58452266
29.90799921	6.75319862	0.58452266
29.91199921	6.75319862	0.58452266
29.91599921	6.75319862	0.58452266
29.91999921	6.75319862	0.58452266
29.92399921	6.75319862	0.58452266
29.92799921	6.75319862	0.58452266
29.93199921	6.75319862	0.58452266
29.93599921	6.75319862	0.58452266
29.93999921	6.75319862	0.58452266
29.94399921	6.75319862	0.58452266
29.94799921	6.75319862	0.58452266
29.95199921	6.75319862	0.58452266
29.95599921	6.91437006	0.58452266
29.95999921	6.91437006	0.58452266
29.96399921	6.75319862	0.58452266
29.96799921	6.75319862	0.58452266
29.97199921	6.75319862	0.58452266
29.97599921	6.91437006	0.58452266
29.97999921	6.91437006	0.58452266
29.98399921	6.91437006	0.58452266
29.98799921	6.75319862	0.58452266
29.99199921	6.75319862	0.58452266
29.99599921	6.75319862	0.58452266
29.99999921	6.75319862	0.58452266
30.00399921	6.75319862	0.58452266
30.00799921	6.91437006	0.58452266
30.01199921	6.91437006	0.58452266
30.01599921	6.75319862	0.58452266
30.01999921	6.75319862	0.58452266
30.02399921	6.75319862	0.58452266
30.02799920	6.91437006	0.58452266
30.03199920	6.75319862	0.58452266
30.03599920	6.75319862	0.58452266
30.03999920	6.91437006	0.58452266
30.04399920	6.75319862	0.58452266
30.04799920	6.75319862	0.58452266
30.05199920	6.75319862	0.58452266
30.05599920	6.75319862	0.58452266
30.05999920	6.91437006	0.58452266
30.06399920	6.91437006	0.58452266
30.06799920	6.91437006	0.58452266
30.07199920	6.75319862	0.58452266
30.07599920	6.75319862	0.58452266
30.07999920	6.91437006	0.58452266
30.08399920	6.75319862	0.58452266
30.08799920	6.75319862	0.58452266
30.09199920	6.75319862	0.58452266
30.09599920	6.91437006	0.58452266
30.09999920	6.91437006	0.58452266
30.10399920	6.75319862	0.58452266
30.10799920	6.75319862	0.58452266
30.11199920	6.75319862	0.58452266
30.11599920	6.91437006	0.58452266
30.11999920	6.91437006	0.58452266
30.12399920	6.91437006	0.58452266
30.12799920	6.91437006	0.58452266
30.13199920	6.75319862	0.58452266
30.13599920	6.75319862	0.58452266
30.13999920	6.75319862	0.58452266
30.14399920	6.91437006	0.58452266
30.14799920	6.91437006	0.58452266
30.15199920	6.91437006	0.58452266
30.15599920	6.91437006	0.58452266
30.15999920	6.75319862	0.58452266
30.16399920	6.75319862	0.58452266
30.16799920	6.91437006	0.58452266
30.17199920	6.91437006	0.58452266
30.17599920	6.91437006	0.58452266
30.17999920	6.91437006	0.58452266
30.18399920	6.91437006	0.58452266
30.18799920	6.75319862	0.58452266
30.19199920	6.75319862	0.58452266
30.19599920	6.75319862	0.58452266
30.19999920	6.91437006	0.58452266
30.20399920	6.91437006	0.58452266
30.20799920	6.91437006	0.58452266
30.21199920	6.75319862	0.58452266
30.21599920	6.75319862	0.58452266
30.21999920	6.75319862	0.58452266
30.22399920	6.91437006	0.58452266
30.22799920	6.91437006	0.58452266
30.23199920	6.91437006	0.58452266
30.23599920	6.91437006	0.58452266
30.23999920	6.75319862	0.58452266
30.24399920	6.75319862	0.58452266
30.24799920	6.91437006	0.58452266
30.25199920	6.91437006	0.58452266
30.25599920	6.91437006	0.58452266
30.25999920	6.91437006	0.58452266
30.26399920	6.91437006	0.58452266
30.26799920	6.75319862	0.58452266
30.27199920	6.75319862	0.58452266
30.27599920	6.75319862	0.58452266
30.27999920	6.91437006	0.58452266
30.28399920	6.91437006	0.58452266
30.28799920	6.91437006	0.58452266
30.29199920	6.91437006	0.58452266
30.29599920	6.91437006	0.58452266
30.29999920	6.75319862	0.58452266
30.30399920	6.91437006	0.58452266
30.30799920	6.75319862	0.58452266
30.31199920	6.91437006	0.58452266
30.31599920	6.75319862	0.58452266
30.31999920	6.75319862	0.58452266
30.32399920	6.75319862	0.58452266
30.32799920	6.91437006	0.58452266
30.33199920	6.91437006	0.58452266
30.33599920	6.91437006	0.58452266
30.33999920	6.75319862	0.58452266
30.34399920	6.91437006	0.58452266
30.34799920	6.91437006	0.58452266
30.35199920	6.91437006	0.58452266
30.35599920	6.75319862	0.58452266
30.35999920	6.75319862	0.58452266
30.36399920	6.91437006	0.58452266
30.36799920	6.91437006	0.58452266
30.37199920	6.91437006	0.58452266
30.37599920	6.91437006	0.58452266
30.37999919	6.91437006	0.58452266
30.38399919	6.75319862	0.58452266
30.38799919	6.75319862	0.58452266
30.39199919	6.75319862	0.58452266
30.39599919	6.91437006	0.58452266
30.39999919	6.75319862	0.58452266
30.40399919	6.91437006	0.58452266
30.40799919	6.91437006	0.58452266
30.41199919	6.91437006	0.58452266
30.41599919	6.75319862	0.58452266
30.41999919	6.75319862	0.58452266
30.42399919	6.91437006	0.58452266
30.42799919	6.91437006	0.58452266
30.43199919	6.91437006	0.58452266
30.43599919	6.75319862	0.58452266
30.43999919	6.75319862	0.58452266
30.44399919	6.91437006	0.58452266
30.44799919	6.91437006	0.58452266
30.45199919	6.91437006	0.58452266
30.45599919	6.91437006	0.58452266
30.45999919	6.91437006	0.58452266
30.46399919	6.91437006	0.58452266
30.46799919	6.91437006	0.58452266
30.47199919	6.75319862	0.58452266
30.47599919	6.75319862	0.58452266
30.47999919	6.91437006	0.58452266
30.48399919	6.91437006	0.58452266
30.48799919	6.91437006	0.58452266
30.49199919	6.91437006	0.56877458
30.49599919	6.91437006	0.58452266
30.49999919	6.91437006	0.58452266
30.50399919	6.75319862	0.58452266
30.50799919	6.75319862	0.58452266
30.51199919	6.91437006	0.58452266
30.51599919	6.91437006	0.58452266
30.51999919	6.91437006	0.58452266
30.52399919	6.75319862	0.58452266
30.52799919	6.75319862	0.58452266
30.53199919	6.75319862	0.58452266
30.53599919	6.75319862	0.58452266
30.53999919	6.91437006	0.58452266
30.54399919	6.91437006	0.58452266
30.54799919	6.91437006	0.58452266
30.55199919	6.91437006	0.58452266
30.55599919	6.75319862	0.58452266
30.55999919	6.75319862	0.58452266
30.56399919	6.75319862	0.58452266
30.56799919	6.91437006	0.58452266
30.57199919	6.91437006	0.58452266
30.57599919	6.75319862	0.58452266
30.57999919	6.75319862	0.58452266
30.58399919	6.75319862	0.58452266
30.58799919	6.91437006	0.58452266
30.59199919	6.75319862	0.58452266
30.59599919	6.91437006	0.58452266
30.59999919	6.91437006	0.58452266
30.60399919	6.75319862	0.56877458
30.60799919	6.75319862	0.58452266
30.61199919	6.75319862	0.58452266
30.61599919	6.91437006	0.58452266
30.61999919	6.91437006	0.58452266
30.62399919	6.91437006	0.58452266
30.62799919	6.75319862	0.58452266
30.63199919	6.75319862	0.58452266
30.63599919	6.75319862	0.56877458
30.63999919	6.91437006	0.58452266
30.64399919	6.91437006	0.56877458
30.64799919	6.91437006	0.58452266
30.65199919	6.91437006	0.56877458
30.65599919	6.75319862	0.56877458
30.65999919	6.75319862	0.56877458
30.66399919	6.91437006	0.58452266
30.66799919	6.91437006	0.58452266
30.67199919	6.91437006	0.58452266
30.67599919	6.91437006	0.58452266
30.67999919	6.75319862	0.58452266
30.68399919	6.75319862	0.56877458
30.68799919	6.91437006	0.56877458
30.69199919	6.91437006	0.58452266
30.69599919	6.75319862	0.58452266
30.69999919	6.75319862	0.58452266
30.70399919	6.75319862	0.58452266
30.70799919	6.91437006	0.58452266
30.71199919	6.91437006	0.58452266
30.71599919	6.91437006	0.58452266
30.71999919	6.91437006	0.58452266
30.72399919	6.91437006	0.58452266
30.72799919	6.75319862	0.58452266
30.73199919	6.75319862	0.56877458
30.73599918	6.91437006	0.58452266
30.73999918	6.91437006	0.58452266
30.74399918	6.91437006	0.58452266
30.74799918	6.75319862	0.58452266
30.75199918	6.75319862	0.58452266
30.75599918	6.91437006	0.58452266
30.75999918	6.91437006	0.58452266
30.76399918	6.75319862	0.58452266
30.76799918	6.91437006	0.58452266
30.77199918	6.91437006	0.58452266
30.77599918	6.91437006	0.58452266
30.77999918	6.75319862	0.56877458
30.78399918	6.75319862	0.58452266
30.78799918	6.91437006	0.58452266
30.79199918	6.91437006	0.58452266
30.79599918	6.91437006	0.58452266
30.79999918	6.75319862	0.56877458
30.80399918	6.75319862	0.56877458
30.80799918	6.91437006	0.58452266
30.81199918	6.75319862	0.58452266
30.81599918	6.75319862	0.58452266
30.81999918	6.91437006	0.58452266
30.82399918	6.91437006	0.58452266
30.82799918	6.91437006	0.58452266
30.83199918	6.75319862	0.58452266
30.83599918	6.91437006	0.56877458
30.83999918	6.91437006	0.58452266
30.84399918	6.91437006	0.56877458
30.84799918	6.91437006	0.58452266
30.85199918	6.91437006	0.56877458
30.85599918	6.91437006	0.58452266
30.85999918	6.91437006	0.58452266
30.86399918	6.75319862	0.58452266
30.86799918	6.75319862	0.58452266
30.87199918	6.91437006	0.58452266
30.87599918	6.91437006	0.58452266
30.87999918	6.91437006	0.58452266
30.88399918	6.91437006	0.56877458
30.88799918	6.75319862	0.56877458
30.89199918	6.75319862	0.58452266
30.89599918	6.75319862	0.58452266
30.89999918	6.91437006	0.58452266
30.90399918	6.91437006	0.58452266
30.90799918	6.91437006	0.58452266
30.91199918	6.75319862	0.58452266
30.91599918	6.75319862	0.58452266
30.91999918	6.75319862	0.58452266
30.92399918	6.91437006	0.56877458
30.92799918	6.91437006	0.58452266
30.93199918	6.91437006	0.58452266
30.93599918	6.91437006	0.58452266
30.93999918	6.91437006	0.56877458
30.94399918	6.75319862	0.58452266
30.94799918	6.75319862	0.56877458
30.95199918	6.75319862	0.58452266
30.95599918	6.91437006	0.58452266
30.95999918	6.91437006	0.58452266
30.96399918	6.91437006	0.58452266
30.96799918	6.75319862	0.58452266
30.97199918	6.75319862	0.56877458
30.97599918	6.91437006	0.58452266
30.97999918	6.91437006	0.58452266
30.98399918	6.91437006	0.58452266
30.98799918	6.91437006	0.58452266
30.99199918	6.91437006	0.58452266
30.99599918	6.91437006	0.58452266
30.99999918	6.75319862	0.58452266
31.00399918	6.75319862	0.56877458
31.00799918	6.75319862	0.58452266
31.01199918	6.91437006	0.58452266
31.01599918	6.91437006	0.58452266
31.01999918	6.91437006	0.56877458
31.02399918	6.75319862	0.58452266
31.02799918	6.75319862	0.56877458
31.03199918	6.75319862	0.58452266
31.03599918	6.91437006	0.56877458
31.03999918	6.91437006	0.58452266
31.04399918	6.91437006	0.56877458
31.04799918	6.91437006	0.58452266
31.05199918	6.75319862	0.56877458
31.05599918	6.75319862	0.58452266
31.05999918	6.75319862	0.56877458
31.06399918	6.91437006	0.58452266
31.06799918	6.91437006	0.58452266
31.07199918	6.91437006	0.58452266
31.07599918	6.75319862	0.58452266
31.07999918	6.91437006	0.58452266
31.08399918	6.75319862	0.56877458
31.08799917	6.75319862	0.58452266
31.09199917	6.91437006	0.56877458
31.09599917	6.91437006	0.58452266
31.09999917	6.91437006	0.58452266
31.10399917	6.75319862	0.56877458
31.10799917	6.75319862	0.56877458
31.11199917	6.75319862	0.56877458
31.11599917	6.91437006	0.58452266
31.11999917	6.91437006	0.58452266
31.12399917	6.91437006	0.56877458
31.12799917	6.91437006	0.56877458
31.13199917	6.91437006	0.56877458
31.13599917	6.75319862	0.56877458
31.13999917	6.91437006	0.56877458
31.14399917	6.91437006	0.56877458
31.14799917	6.91437006	0.56877458
31.15199917	6.91437006	0.58452266
31.15599917	6.75319862	0.56877458
31.15999917	6.91437006	0.56877458
31.16399917	6.91437006	0.56877458
31.16799917	6.91437006	0.58452266
31.17199917	6.91437006	0.56877458
31.17599917	6.91437006	0.56877458
31.17999917	6.91437006	0.56877458
31.18399917	6.91437006	0.56877458
31.18799917	6.91437006	0.56877458
31.19199917	6.75319862	0.58452266
31.19599917	6.75319862	0.56877458
31.19999917	6.91437006	0.58452266
31.20399917	6.91437006	0.56877458
31.20799917	6.91437006	0.56877458
31.21199917	6.75319862	0.58452266
31.21599917	6.75319862	0.56877458
31.21999917	6.91437006	0.56877458
31.22399917	6.91437006	0.58452266
31.22799917	6.91437006	0.56877458
31.23199917	6.91437006	0.56877458
31.23599917	6.91437006	0.56877458
31.23999917	6.91437006	0.58452266
31.24399917	6.75319862	0.56877458
31.24799917	6.75319862	0.56877458
31.25199917	6.91437006	0.56877458
31.25599917	6.91437006	0.56877458
31.25999917	6.91437006	0.56877458
31.26399917	6.91437006	0.56877458
31.26799917	6.91437006	0.56877458
31.27199917	6.91437006	0.56877458
31.27599917	6.91437006	0.56877458
31.27999917	6.75319862	0.58452266
31.28399917	6.91437006	0.56877458
31.28799917	6.91437006	0.58452266
31.29199917	6.91437006	0.56877458
31.29599917	6.91437006	0.58452266
31.29999917	6.75319862	0.56877458
31.30399917	6.75319862	0.56877458
31.30799917	6.91437006	0.56877458
31.31199917	6.91437006	0.58452266
31.31599917	6.91437006	0.58452266
31.31999917	6.91437006	0.56877458
31.32399917	6.75319862	0.58452266
31.32799917	6.75319862	0.56877458
31.33199917	6.91437006	0.56877458
31.33599917	6.91437006	0.56877458
31.33999917	6.91437006	0.58452266
31.34399917	6.91437006	0.58452266
31.34799917	6.91437006	0.56877458
31.35199917	6.91437006	0.58452266
31.35599917	6.75319862	0.56877458
31.35999917	6.75319862	0.56877458
31.36399917	6.75319862	0.56877458
31.36799917	6.91437006	0.56877458
31.37199917	6.91437006	0.56877458
31.37599917	6.91437006	0.58452266
31.37999917	6.75319862	0.56877458
31.38399917	6.75319862	0.56877458
31.38799917	6.75319862	0.56877458
31.39199917	6.91437006	0.56877458
31.39599917	6.91437006	0.56877458
31.39999917	6.91437006	0.58452266
31.40399917	6.91437006	0.56877458
31.40799917	6.75319862	0.56877458
31.41199917	6.75319862	0.56877458
31.41599917	6.75319862	0.56877458
31.41999917	6.91437006	0.56877458
31.42399917	6.91437006	0.58452266
31.42799917	6.91437006	0.56877458
31.43199917	6.91437006	0.56877458
31.43599917	6.75319862	0.56877458
31.43999916	6.75319862	0.56877458
31.44399916	6.75319862	0.56877458
31.44799916	6.91437006	0.58452266
31.45199916	6.91437006	0.56877458
31.45599916	6.91437006	0.56877458
31.45999916	6.91437006	0.56877458
31.46399916	6.75319862	0.56877458
31.46799916	6.75319862	0.56877458
31.47199916	6.75319862	0.56877458
31.47599916	6.91437006	0.56877458
31.47999916	6.91437006	0.58452266
31.48399916	6.91437006	0.56877458
31.48799916	6.75319862	0.58452266
31.49199916	6.75319862	0.56877458
31.49599916	6.91437006	0.56877458
31.49999916	6.75319862	0.56877458
31.50399916	6.91437006	0.56877458
31.50799916	6.91437006	0.56877458
31.51199916	6.91437006	0.58452266
31.51599916	6.91437006	0.58452266
31.51999916	6.75319862	0.56877458
31.52399916	6.75319862	0.56877458
31.52799916	6.91437006	0.56877458
31.53199916	6.91437006	0.56877458
31.53599916	6.91437006	0.56877458
31.53999916	6.91437006	0.56877458
31.54399916	6.75319862	0.56877458
31.54799916	6.75319862	0.56877458
31.55199916	6.75319862	0.56877458
31.55599916	6.75319862	0.56877458
31.55999916	6.91437006	0.56877458
31.56399916	6.91437006	0.58452266
31.56799916	6.91437006	0.56877458
31.57199916	6.75319862	0.56877458
31.57599916	6.75319862	0.56877458
31.57999916	6.75319862	0.56877458
31.58399916	6.91437006	0.58452266
31.58799916	6.91437006	0.56877458
31.59199916	6.91437006	0.56877458
31.59599916	6.91437006	0.56877458
31.59999916	6.91437006	0.56877458
31.60399916	6.75319862	0.56877458
31.60799916	6.75319862	0.58452266
31.61199916	6.91437006	0.56877458
31.61599916	6.91437006	0.56877458
31.61999916	6.91437006	0.56877458
31.62399916	6.91437006	0.56877458
31.62799916	6.75319862	0.56877458
31.63199916	6.91437006	0.56877458
31.63599916	6.91437006	0.56877458
31.63999916	6.91437006	0.58452266
31.64399916	6.91437006	0.56877458
31.64799916	6.91437006	0.56877458
31.65199916	6.75319862	0.56877458
31.65599916	6.75319862	0.56877458
31.65999916	6.91437006	0.56877458
31.66399916	6.91437006	0.56877458
31.66799916	6.91437006	0.56877458
31.67199916	6.91437006	0.56877458
31.67599916	6.75319862	0.56877458
31.67999916	6.75319862	0.56877458
31.68399916	6.91437006	0.56877458
31.68799916	6.91437006	0.56877458
31.69199916	6.91437006	0.56877458
31.69599916	6.91437006	0.58452266
31.69999916	6.91437006	0.56877458
31.70399916	6.91437006	0.58452266
31.70799916	6.75319862	0.56877458
31.71199916	6.75319862	0.56877458
31.71599916	6.91437006	0.56877458
31.71999916	6.91437006	0.56877458
31.72399916	6.91437006	0.56877458
31.72799916	6.91437006	0.56877458
31.73199916	6.75319862	0.56877458
31.73599916	6.75319862	0.56877458
31.73999916	6.91437006	0.56877458
31.74399916	6.91437006	0.56877458
31.74799916	6.91437006	0.56877458
31.75199916	6.91437006	0.56877458
31.75599916	6.91437006	0.56877458
31.75999916	6.75319862	0.56877458
31.76399916	6.75319862	0.56877458
31.76799916	6.91437006	0.56877458
31.77199916	6.91437006	0.56877458
31.77599916	6.91437006	0.56877458
31.77999916	6.91437006	0.56877458
31.78399916	6.91437006	0.56877458
31.78799916	6.91437006	0.56877458
31.79199916	6.75319862	0.56877458
31.79599915	6.75319862	0.56877458
31.79999915	6.91437006	0.56877458
31.80399915	6.91437006	0.56877458
31.80799915	6.91437006	0.56877458
31.81199915	6.75319862	0.56877458
31.81599915	6.75319862	0.56877458
31.81999915	6.91437006	0.56877458
31.82399915	6.91437006	0.56877458
31.82799915	6.91437006	0.56877458
31.83199915	6.91437006	0.56877458
31.83599915	6.91437006	0.56877458
31.83999915	6.91437006	0.56877458
31.84399915	6.75319862	0.56877458
31.84799915	6.75319862	0.56877458
31.85199915	6.91437006	0.56877458
31.85599915	6.91437006	0.56877458
31.85999915	6.91437006	0.56877458
31.86399915	6.91437006	0.56877458
31.86799915	6.75319862	0.56877458
31.87199915	6.75319862	0.56877458
31.87599915	6.75319862	0.56877458
31.87999915	6.91437006	0.56877458
31.88399915	6.91437006	0.56877458
31.88799915	6.91437006	0.56877458
31.89199915	6.91437006	0.56877458
31.89599915	6.91437006	0.56877458
31.89999915	6.75319862	0.56877458
31.90399915	6.75319862	0.56877458
31.90799915	6.91437006	0.56877458
31.91199915	6.91437006	0.56877458
31.91599915	6.91437006	0.56877458
31.91999915	6.91437006	0.56877458
31.92399915	6.75319862	0.56877458
31.92799915	6.75319862	0.56877458
31.93199915	6.75319862	0.56877458
31.93599915	6.91437006	0.56877458
31.93999915	6.91437006	0.56877458
31.94399915	6.91437006	0.56877458
31.94799915	6.91437006	0.56877458
31.95199915	6.91437006	0.56877458
31.95599915	6.75319862	0.56877458
31.95999915	6.75319862	0.56877458
31.96399915	6.91437006	0.56877458
31.96799915	6.91437006	0.56877458
31.97199915	6.91437006	0.56877458
31.97599915	6.75319862	0.56877458
31.97999915	6.75319862	0.56877458
31.98399915	6.91437006	0.56877458
31.98799915	6.91437006	0.56877458
31.99199915	6.91437006	0.56877458
31.99599915	6.75319862	0.56877458
31.99999915	6.91437006	0.56877458
32.00399915	6.91437006	0.56877458
32.00799915	6.91437006	0.56877458
32.01199915	6.75319862	0.56877458
32.01599915	6.75319862	0.56877458
32.01999915	6.91437006	0.56877458
32.02399915	6.91437006	0.56877458
32.02799915	6.75319862	0.56877458
32.03199915	6.75319862	0.56877458
32.03599915	6.91437006	0.56877458
32.03999915	6.91437006	0.56877458
32.04399915	6.91437006	0.56877458
32.04799915	6.91437006	0.56877458
32.05199915	6.91437006	0.56877458
32.05599915	6.91437006	0.56877458
32.05999915	6.91437006	0.56877458
32.06399915	6.91437006	0.56877458
32.06799915	6.91437006	0.56877458
32.07199915	6.91437006	0.56877458
32.07599915	6.91437006	0.56877458
32.07999915	6.91437006	0.56877458
32.08399915	6.91437006	0.56877458
32.08799915	6.91437006	0.56877458
32.09199915	6.91437006	0.56877458
32.09599915	6.91437006	0.56877458
32.09999915	6.91437006	0.56877458
32.10399915	6.91437006	0.56877458
32.10799915	6.91437006	0.56877458
32.11199915	6.91437006	0.56877458
32.11599915	6.91437006	0.56877458
32.11999915	6.91437006	0.56877458
32.12399915	6.91437006	0.56877458
32.12799915	6.91437006	0.56877458
32.13199915	6.91437006	0.56877458
32.13599915	6.91437006	0.56877458
32.13999915	6.91437006	0.56877458
32.14399915	6.91437006	0.56877458
32.14799914	6.91437006	0.56877458
32.15199914	6.91437006	0.56877458
32.15599914	6.91437006	0.56877458
32.15999914	6.91437006	0.56877458
32.16399914	6.91437006	0.56877458
32.16799914	6.91437006	0.56877458
32.17199914	6.91437006	0.56877458
32.17599914	6.91437006	0.56877458
32.17999914	6.91437006	0.56877458
32.18399914	6.91437006	0.56877458
32.18799914	6.91437006	0.56877458
32.19199914	6.91437006	0.56877458
32.19599914	6.91437006	0.56877458
32.19999914	6.91437006	0.56877458
32.20399914	6.91437006	0.56877458
32.20799914	6.91437006	0.56877458
32.21199914	6.91437006	0.56877458
32.21599914	6.91437006	0.56877458
32.21999914	6.91437006	0.56877458
32.22399914	6.91437006	0.56877458
32.22799914	6.91437006	0.56877458
32.23199914	6.91437006	0.56877458
32.23599914	6.91437006	0.56877458
32.23999914	6.91437006	0.56877458
32.24399914	6.91437006	0.56877458
32.24799914	6.91437006	0.56877458
32.25199914	6.91437006	0.56877458
32.25599914	6.91437006	0.56877458
32.25999914	6.91437006	0.56877458
32.26399914	6.91437006	0.56877458
32.26799914	6.91437006	0.56877458
32.27199914	6.91437006	0.56877458
32.27599914	6.91437006	0.56877458
32.27999914	6.91437006	0.56877458
32.28399914	6.91437006	0.56877458
32.28799914	6.91437006	0.56877458
32.29199914	6.91437006	0.56877458
32.29599914	6.91437006	0.56877458
32.29999914	6.91437006	0.56877458
32.30399914	6.91437006	0.56877458
32.30799914	6.91437006	0.56877458
32.31199914	6.91437006	0.56877458
32.31599914	6.91437006	0.56877458
32.31999914	6.91437006	0.56877458
32.32399914	6.91437006	0.56877458
32.32799914	6.91437006	0.56877458
32.33199914	6.91437006	0.56877458
32.33599914	6.91437006	0.56877458
32.33999914	6.91437006	0.56877458
32.34399914	6.91437006	0.56877458
32.34799914	6.91437006	0.56877458
32.35199914	6.91437006	0.56877458
32.35599914	6.91437006	0.56877458
32.35999914	6.91437006	0.56877458
32.36399914	6.91437006	0.56877458
32.36799914	6.91437006	0.56877458
32.37199914	6.91437006	0.56877458
32.37599914	6.91437006	0.56877458
32.37999914	6.91437006	0.56877458
32.38399914	6.91437006	0.56877458
32.38799914	6.91437006	0.56877458
32.39199914	6.91437006	0.56877458
32.39599914	6.75319862	0.56877458
32.39999914	6.91437006	0.56877458
32.40399914	6.91437006	0.56877458
32.40799914	6.91437006	0.56877458
32.41199914	6.91437006	0.56877458
32.41599914	6.91437006	0.56877458
32.41999914	6.91437006	0.56877458
32.42399914	6.91437006	0.56877458
32.42799914	6.91437006	0.56877458
32.43199914	6.91437006	0.56877458
32.43599914	6.91437006	0.56877458
32.43999914	6.91437006	0.56877458
32.44399914	6.75319862	0.56877458
32.44799914	6.91437006	0.56877458
32.45199914	6.91437006	0.56877458
32.45599914	6.91437006	0.56877458
32.45999914	6.91437006	0.56877458
32.46399914	6.91437006	0.56877458
32.46799914	6.91437006	0.56877458
32.47199914	6.91437006	0.56877458
32.47599914	6.91437006	0.56877458
32.47999914	6.91437006	0.56877458
32.48399914	6.91437006	0.56877458
32.48799914	6.91437006	0.56877458
32.49199914	6.91437006	0.56877458
32.49599914	6.91437006	0.56877458
32.49999914	6.91437006	0.56877458
32.50399913	6.91437006	0.56877458
32.50799913	6.91437006	0.56877458
32.51199913	6.91437006	0.56877458
32.51599913	6.91437006	0.56877458
32.51999913	6.91437006	0.56877458
32.52399913	6.91437006	0.56877458
32.52799913	6.75319862	0.56877458
32.53199913	6.75319862	0.56877458
32.53599913	6.91437006	0.56877458
32.53999913	6.91437006	0.56877458
32.54399913	6.91437006	0.56877458
32.54799913	6.91437006	0.56877458
32.55199913	6.91437006	0.56877458
32.55599913	6.91437006	0.56877458
32.55999913	6.91437006	0.56877458
32.56399913	6.91437006	0.56877458
32.56799913	6.91437006	0.56877458
32.57199913	6.91437006	0.56877458
32.57599913	6.91437006	0.56877458
32.57999913	6.91437006	0.56877458
32.58399913	6.91437006	0.56877458
32.58799913	6.91437006	0.56877458
32.59199913	6.91437006	0.56877458
32.59599913	6.91437006	0.56877458
32.59999913	6.91437006	0.56877458
32.60399913	6.91437006	0.56877458
32.60799913	6.91437006	0.56877458
32.61199913	6.75319862	0.56877458
32.61599913	6.91437006	0.56877458
32.61999913	6.91437006	0.56877458
32.62399913	6.91437006	0.56877458
32.62799913	6.91437006	0.56877458
32.63199913	6.91437006	0.56877458
32.63599913	6.91437006	0.56877458
32.63999913	6.91437006	0.56877458
32.64399913	6.91437006	0.56877458
32.64799913	6.91437006	0.56877458
32.65199913	6.91437006	0.56877458
32.65599913	6.91437006	0.56877458
32.65999913	6.91437006	0.56877458
32.66399913	6.91437006	0.56877458
32.66799913	6.91437006	0.56877458
32.67199913	6.91437006	0.56877458
32.67599913	6.91437006	0.56877458
32.67999913	6.91437006	0.56877458
32.68399913	6.91437006	0.56877458
32.68799913	6.91437006	0.56877458
32.69199913	6.91437006	0.56877458
32.69599913	6.91437006	0.56877458
32.69999913	6.91437006	0.56877458
32.70399913	6.91437006	0.56877458
32.70799913	6.91437006	0.56877458
32.71199913	6.91437006	0.56877458
32.71599913	6.91437006	0.56877458
32.71999913	6.91437006	0.56877458
32.72399913	6.91437006	0.56877458
32.72799913	6.91437006	0.56877458
32.73199913	6.91437006	0.56877458
32.73599913	6.91437006	0.56877458
32.73999913	6.91437006	0.56877458
32.74399913	6.91437006	0.56877458
32.74799913	6.91437006	0.56877458
32.75199913	6.91437006	0.56877458
32.75599913	6.91437006	0.56877458
32.75999913	6.91437006	0.56877458
32.76399913	6.91437006	0.56877458
32.76799913	6.91437006	0.56877458
32.77199913	6.91437006	0.56877458
32.77599913	6.91437006	0.56877458
32.77999913	6.91437006	0.56877458
32.78399913	6.91437006	0.56877458
32.78799913	6.91437006	0.56877458
32.79199913	6.91437006	0.56877458
32.79599913	6.91437006	0.56877458
32.79999913	6.91437006	0.56877458
32.80399913	6.91437006	0.56877458
32.80799913	6.91437006	0.56877458
32.81199913	6.91437006	0.56877458
32.81599913	6.91437006	0.56877458
32.81999913	6.91437006	0.56877458
32.82399913	6.91437006	0.56877458
32.82799913	6.91437006	0.56877458
32.83199913	6.91437006	0.56877458
32.83599913	6.91437006	0.56877458
32.83999913	6.91437006	0.56877458
32.84399913	6.91437006	0.56877458
32.84799913	6.91437006	0.56877458
32.85199913	6.91437006	0.56877458
32.85599912	6.75319862	0.56877458
32.85999912	6.91437006	0.56877458
32.86399912	6.91437006	0.56877458
32.86799912	6.91437006	0.56877458
32.87199912	6.91437006	0.56877458
32.87599912	6.91437006	0.56877458
32.87999912	6.91437006	0.56877458
32.88399912	6.91437006	0.56877458
32.88799912	6.91437006	0.56877458
32.89199912	6.91437006	0.56877458
32.89599912	6.91437006	0.56877458
32.89999912	6.91437006	0.56877458
32.90399912	6.91437006	0.56877458
32.90799912	6.91437006	0.56877458
32.91199912	6.91437006	0.56877458
32.91599912	6.91437006	0.56877458
32.91999912	6.91437006	0.56877458
32.92399912	6.91437006	0.56877458
32.92799912	6.91437006	0.56877458
32.93199912	6.91437006	0.56877458
32.93599912	6.91437006	0.56877458
32.93999912	6.91437006	0.56877458
32.94399912	6.91437006	0.56877458
32.94799912	6.91437006	0.56877458
32.95199912	6.91437006	0.56877458
32.95599912	6.91437006	0.56877458
32.95999912	6.91437006	0.56877458
32.96399912	6.91437006	0.56877458
32.96799912	6.91437006	0.56877458
32.97199912	6.91437006	0.56877458
32.97599912	6.91437006	0.56877458
32.97999912	6.91437006	0.56877458
32.98399912	6.91437006	0.56877458
32.98799912	6.91437006	0.56877458
32.99199912	6.91437006	0.56877458
32.99599912	6.91437006	0.56877458
32.99999912	6.91437006	0.56877458
33.00399912	6.91437006	0.56877458
33.00799912	6.91437006	0.56877458
33.01199912	6.91437006	0.56877458
33.01599912	6.91437006	0.56877458
33.01999912	6.91437006	0.56877458
33.02399912	6.91437006	0.56877458
33.02799912	6.91437006	0.56877458
33.03199912	6.91437006	0.56877458
33.03599912	6.91437006	0.56877458
33.03999912	6.91437006	0.56877458
33.04399912	6.91437006	0.56877458
33.04799912	6.91437006	0.56877458
33.05199912	6.91437006	0.56877458
33.05599912	6.91437006	0.56877458
33.05999912	6.91437006	0.56877458
33.06399912	6.91437006	0.56877458
33.06799912	6.91437006	0.56877458
33.07199912	6.91437006	0.56877458
33.07599912	6.91437006	0.56877458
33.07999912	6.91437006	0.56877458
33.08399912	6.91437006	0.56877458
33.08799912	6.91437006	0.56877458
33.09199912	6.91437006	0.56877458
33.09599912	6.91437006	0.56877458
33.09999912	6.91437006	0.56877458
33.10399912	6.91437006	0.56877458
33.10799912	6.91437006	0.56877458
33.11199912	6.91437006	0.56877458
33.11599912	6.91437006	0.56877458
33.11999912	6.91437006	0.56877458
33.12399912	6.91437006	0.56877458
33.12799912	6.91437006	0.56877458
33.13199912	6.91437006	0.56877458
33.13599912	6.91437006	0.56877458
33.13999912	6.91437006	0.56877458
33.14399912	6.91437006	0.56877458
33.14799912	6.91437006	0.56877458
33.15199912	6.91437006	0.56877458
33.15599912	6.91437006	0.56877458
33.15999912	6.91437006	0.56877458
33.16399912	6.91437006	0.56877458
33.16799912	6.91437006	0.56877458
33.17199912	6.91437006	0.56877458
33.17599912	6.91437006	0.56877458
33.17999912	6.91437006	0.56877458
33.18399912	6.91437006	0.56877458
33.18799912	6.91437006	0.56877458
33.19199912	6.91437006	0.56877458
33.19599912	6.91437006	0.56877458
33.19999912	6.91437006	0.56877458
33.20399912	6.91437006	0.56877458
33.20799911	6.91437006	0.56877458
33.21199911	6.91437006	0.56877458
33.21599911	6.91437006	0.56877458
33.21999911	6.91437006	0.56877458
33.22399911	6.91437006	0.56877458
33.22799911	6.91437006	0.56877458
33.23199911	6.91437006	0.56877458
33.23599911	6.91437006	0.56877458
33.23999911	6.91437006	0.56877458
33.24399911	6.91437006	0.56877458
33.24799911	6.91437006	0.56877458
33.25199911	6.91437006	0.56877458
33.25599911	6.91437006	0.56877458
33.25999911	6.91437006	0.56877458
33.26399911	6.91437006	0.56877458
33.26799911	6.91437006	0.56877458
33.27199911	6.91437006	0.56877458
33.27599911	6.91437006	0.56877458
33.27999911	6.91437006	0.56877458
33.28399911	6.91437006	0.56877458
33.28799911	6.91437006	0.56877458
33.29199911	6.91437006	0.56877458
33.29599911	6.91437006	0.56877458
33.29999911	6.91437006	0.56877458
33.30399911	6.91437006	0.56877458
33.30799911	6.91437006	0.56877458
33.31199911	6.91437006	0.56877458
33.31599911	6.91437006	0.56877458
33.31999911	6.91437006	0.56877458
33.32399911	6.91437006	0.56877458
33.32799911	6.91437006	0.56877458
33.33199911	6.91437006	0.56877458
33.33599911	6.91437006	0.56877458
33.33999911	6.91437006	0.56877458
33.34399911	6.91437006	0.56877458
33.34799911	6.91437006	0.56877458
33.35199911	6.91437006	0.56877458
33.35599911	6.91437006	0.56877458
33.35999911	7.07492638	0.56877458
33.36399911	6.91437006	0.56877458
33.36799911	6.91437006	0.56877458
33.37199911	6.91437006	0.55296504
33.37599911	6.91437006	0.56877458
33.37999911	6.91437006	0.56877458
33.38399911	6.91437006	0.56877458
33.38799911	6.91437006	0.56877458
33.39199911	6.91437006	0.56877458
33.39599911	6.91437006	0.56877458
33.39999911	6.91437006	0.56877458
33.40399911	6.75319862	0.56877458
33.40799911	6.91437006	0.56877458
33.41199911	6.91437006	0.56877458
33.41599911	6.91437006	0.56877458
33.41999911	6.91437006	0.56877458
33.42399911	6.91437006	0.56877458
33.42799911	6.91437006	0.56877458
33.43199911	6.91437006	0.56877458
33.43599911	6.91437006	0.55296504
33.43999911	6.91437006	0.56877458
33.44399911	6.91437006	0.56877458
33.44799911	6.91437006	0.56877458
33.45199911	6.91437006	0.56877458
33.45599911	6.91437006	0.56877458
33.45999911	6.91437006	0.56877458
33.46399911	6.91437006	0.56877458
33.46799911	6.91437006	0.56877458
33.47199911	6.91437006	0.56877458
33.47599911	6.91437006	0.56877458
33.47999911	6.91437006	0.56877458
33.48399911	6.91437006	0.56877458
33.48799911	6.91437006	0.56877458
33.49199911	6.91437006	0.56877458
33.49599911	6.91437006	0.56877458
33.49999911	6.91437006	0.55296504
33.50399911	6.91437006	0.56877458
33.50799911	6.91437006	0.56877458
33.51199911	6.91437006	0.56877458
33.51599911	6.91437006	0.56877458
33.51999911	6.91437006	0.56877458
33.52399911	6.91437006	0.55296504
33.52799911	6.91437006	0.56877458
33.53199911	6.91437006	0.56877458
33.53599911	6.91437006	0.56877458
33.53999911	6.91437006	0.56877458
33.54399911	6.91437006	0.56877458
33.54799911	6.91437006	0.55296504
33.55199911	6.91437006	0.56877458
33.55599911	6.91437006	0.55296504
33.55999911	6.91437006	0.56877458
33.56399910	6.91437006	0.56877458
33.56799910	6.91437006	0.56877458
33.57199910	6.91437006	0.56877458
33.57599910	6.91437006	0.56877458
33.57999910	6.91437006	0.55296504
33.58399910	6.91437006	0.56877458
33.58799910	6.91437006	0.56877458
33.59199910	6.91437006	0.56877458
33.59599910	6.91437006	0.55296504
33.59999910	6.91437006	0.55296504
33.60399910	6.91437006	0.55296504
33.60799910	6.91437006	0.56877458
33.61199910	6.91437006	0.55296504
33.61599910	6.91437006	0.56877458
33.61999910	6.91437006	0.55296504
33.62399910	6.91437006	0.56877458
33.62799910	6.91437006	0.56877458
33.63199910	6.91437006	0.56877458
33.63599910	6.91437006	0.56877458
33.63999910	6.91437006	0.56877458
33.64399910	6.91437006	0.55296504
33.64799910	6.91437006	0.56877458
33.65199910	6.91437006	0.55296504
33.65599910	6.91437006	0.56877458
33.65999910	6.91437006	0.55296504
33.66399910	6.91437006	0.56877458
33.66799910	6.91437006	0.56877458
33.67199910	6.91437006	0.55296504
33.67599910	6.91437006	0.56877458
33.67999910	6.91437006	0.56877458
33.68399910	6.91437006	0.56877458
33.68799910	6.91437006	0.56877458
33.69199910	6.91437006	0.56877458
33.69599910	6.91437006	0.56877458
33.69999910	6.91437006	0.55296504
33.70399910	6.91437006	0.56877458
33.70799910	6.91437006	0.56877458
33.71199910	6.91437006	0.56877458
33.71599910	6.91437006	0.56877458
33.71999910	6.91437006	0.55296504
33.72399910	6.91437006	0.55296504
33.72799910	6.91437006	0.55296504
33.73199910	6.91437006	0.56877458
33.73599910	6.91437006	0.55296504
33.73999910	6.91437006	0.55296504
33.74399910	6.91437006	0.56877458
33.74799910	6.91437006	0.55296504
33.75199910	6.91437006	0.56877458
33.75599910	6.91437006	0.55296504
33.75999910	6.91437006	0.56877458
33.76399910	6.91437006	0.55296504
33.76799910	6.91437006	0.56877458
33.77199910	6.91437006	0.56877458
33.77599910	6.91437006	0.56877458
33.77999910	6.91437006	0.56877458
33.78399910	6.91437006	0.55296504
33.78799910	6.91437006	0.55296504
33.79199910	6.91437006	0.56877458
33.79599910	6.91437006	0.56877458
33.79999910	6.91437006	0.56877458
33.80399910	6.91437006	0.55296504
33.80799910	6.91437006	0.56877458
33.81199910	6.91437006	0.56877458
33.81599910	6.91437006	0.56877458
33.81999910	6.91437006	0.55296504
33.82399910	6.91437006	0.56877458
33.82799910	6.91437006	0.55296504
33.83199910	6.91437006	0.56877458
33.83599910	6.91437006	0.56877458
33.83999910	6.91437006	0.56877458
33.84399910	6.91437006	0.55296504
33.84799910	6.91437006	0.55296504
33.85199910	6.91437006	0.55296504
33.85599910	6.91437006	0.56877458
33.85999910	6.91437006	0.55296504
33.86399910	6.91437006	0.56877458
33.86799910	6.91437006	0.55296504
33.87199910	6.91437006	0.56877458
33.87599910	6.91437006	0.55296504
33.87999910	6.91437006	0.55296504
33.88399910	6.91437006	0.55296504
33.88799910	6.91437006	0.55296504
33.89199910	6.91437006	0.55296504
33.89599910	6.91437006	0.55296504
33.89999910	6.91437006	0.55296504
33.90399910	6.91437006	0.55296504
33.90799910	6.91437006	0.56877458
33.91199910	7.07492638	0.56877458
33.91599909	6.91437006	0.55296504
33.91999909	6.91437006	0.55296504
33.92399909	6.91437006	0.55296504
33.92799909	6.91437006	0.55296504
33.93199909	6.91437006	0.55296504
33.93599909	6.91437006	0.55296504
33.93999909	7.07492638	0.55296504
33.94399909	6.91437006	0.56877458
33.94799909	6.91437006	0.55296504
33.95199909	6.91437006	0.55296504
33.95599909	6.91437006	0.55296504
33.95999909	6.91437006	0.55296504
33.96399909	7.07492638	0.55296504
33.96799909	6.91437006	0.55296504
33.97199909	6.91437006	0.56877458
33.97599909	6.91437006	0.56877458
33.97999909	6.91437006	0.55296504
33.98399909	6.91437006	0.55296504
33.98799909	6.91437006	0.55296504
33.99199909	6.91437006	0.55296504
33.99599909	6.91437006	0.55296504
33.99999909	7.07492638	0.55296504
34.00399909	6.91437006	0.55296504
34.00799909	6.91437006	0.55296504
34.01199909	6.91437006	0.55296504
34.01599909	6.91437006	0.56877458
34.01999909	6.91437006	0.55296504
34.02399909	6.91437006	0.55296504
34.02799909	6.91437006	0.55296504
34.03199909	7.07492638	0.55296504
34.03599909	6.91437006	0.55296504
34.03999909	6.91437006	0.55296504
34.04399909	6.91437006	0.55296504
34.04799909	6.91437006	0.55296504
34.05199909	6.91437006	0.55296504
34.05599909	6.91437006	0.55296504
34.05999909	6.91437006	0.55296504
34.06399909	7.07492638	0.55296504
34.06799909	6.91437006	0.55296504
34.07199909	6.91437006	0.55296504
34.07599909	6.91437006	0.55296504
34.07999909	7.07492638	0.55296504
34.08399909	7.07492638	0.55296504
34.08799909	7.07492638	0.56877458
34.09199909	6.91437006	0.55296504
34.09599909	6.91437006	0.55296504
34.09999909	6.91437006	0.55296504
34.10399909	7.07492638	0.55296504
34.10799909	6.91437006	0.56877458
34.11199909	6.91437006	0.56877458
34.11599909	6.91437006	0.55296504
34.11999909	7.07492638	0.55296504
34.12399909	6.91437006	0.55296504
34.12799909	6.91437006	0.55296504
34.13199909	7.07492638	0.55296504
34.13599909	7.07492638	0.56877458
34.13999909	6.91437006	0.56877458
34.14399909	6.91437006	0.55296504
34.14799909	6.91437006	0.55296504
34.15199909	7.07492638	0.55296504
34.15599909	7.07492638	0.55296504
34.15999909	7.07492638	0.55296504
34.16399909	7.07492638	0.55296504
34.16799909	7.07492638	0.55296504
34.17199909	6.91437006	0.55296504
34.17599909	6.91437006	0.55296504
34.17999909	6.91437006	0.55296504
34.18399909	7.07492638	0.56877458
34.18799909	7.07492638	0.55296504
34.19199909	6.91437006	0.55296504
34.19599909	6.91437006	0.55296504
34.19999909	6.91437006	0.55296504
34.20399909	7.07492638	0.55296504
34.20799909	6.91437006	0.56877458
34.21199909	6.91437006	0.55296504
34.21599909	7.07492638	0.55296504
34.21999909	7.07492638	0.55296504
34.22399909	6.91437006	0.55296504
34.22799909	6.91437006	0.55296504
34.23199909	7.07492638	0.56877458
34.23599909	7.07492638	0.55296504
34.23999909	6.91437006	0.55296504
34.24399909	6.91437006	0.55296504
34.24799909	6.91437006	0.55296504
34.25199909	7.07492638	0.55296504
34.25599909	7.07492638	0.56877458
34.25999909	6.91437006	0.55296504
34.26399909	6.91437006	0.55296504
34.26799909	7.07492638	0.55296504
34.27199908	7.07492638	0.55296504
34.27599908	6.91437006	0.55296504
34.27999908	6.91437006	0.55296504
34.28399908	7.07492638	0.55296504
34.28799908	7.07492638	0.55296504
34.29199908	6.91437006	0.55296504
34.29599908	6.91437006	0.55296504
34.29999908	7.07492638	0.55296504
34.30399908	7.07492638	0.55296504
34.30799908	6.91437006	0.55296504
34.31199908	6.91437006	0.55296504
34.31599908	6.91437006	0.55296504
34.31999908	7.07492638	0.55296504
34.32399908	7.07492638	0.55296504
34.32799908	6.91437006	0.56877458
34.33199908	6.91437006	0.55296504
34.33599908	6.91437006	0.55296504
34.33999908	7.07492638	0.55296504
34.34399908	6.91437006	0.55296504
34.34799908	6.91437006	0.55296504
34.35199908	7.07492638	0.55296504
34.35599908	7.07492638	0.55296504
34.35999908	6.91437006	0.55296504
34.36399908	6.91437006	0.55296504
34.36799908	6.91437006	0.55296504
34.37199908	6.91437006	0.55296504
34.37599908	7.07492638	0.55296504
34.37999908	7.07492638	0.55296504
34.38399908	6.91437006	0.55296504
34.38799908	6.91437006	0.55296504
34.39199908	6.91437006	0.55296504
34.39599908	6.91437006	0.55296504
34.39999908	6.91437006	0.55296504
34.40399908	7.07492638	0.55296504
34.40799908	7.07492638	0.55296504
34.41199908	6.91437006	0.55296504
34.41599908	6.91437006	0.55296504
34.41999908	6.91437006	0.55296504
34.42399908	6.91437006	0.55296504
34.42799908	6.91437006	0.55296504
34.43199908	6.91437006	0.55296504
34.43599908	7.07492638	0.55296504
34.43999908	7.07492638	0.55296504
34.44399908	6.91437006	0.55296504
34.44799908	6.91437006	0.55296504
34.45199908	6.91437006	0.55296504
34.45599908	6.91437006	0.55296504
34.45999908	7.07492638	0.55296504
34.46399908	6.91437006	0.55296504
34.46799908	6.91437006	0.55296504
34.47199908	6.91437006	0.55296504
34.47599908	6.91437006	0.55296504
34.47999908	6.91437006	0.55296504
34.48399908	6.91437006	0.55296504
34.48799908	7.07492638	0.55296504
34.49199908	6.91437006	0.55296504
34.49599908	6.91437006	0.55296504
34.49999908	6.91437006	0.55296504
34.50399908	6.91437006	0.55296504
34.50799908	7.07492638	0.55296504
34.51199908	6.91437006	0.55296504
34.51599908	6.91437006	0.55296504
34.51999908	6.91437006	0.55296504
34.52399908	7.07492638	0.55296504
34.52799908	6.91437006	0.55296504
34.53199908	6.91437006	0.55296504
34.53599908	6.91437006	0.55296504
34.53999908	7.07492638	0.55296504
34.54399908	6.91437006	0.55296504
34.54799908	6.91437006	0.55296504
34.55199908	6.91437006	0.55296504
34.55599908	7.07492638	0.55296504
34.55999908	6.91437006	0.55296504
34.56399908	6.91437006	0.55296504
34.56799908	6.91437006	0.55296504
34.57199908	6.91437006	0.55296504
34.57599908	6.91437006	0.55296504
34.57999908	7.07492638	0.55296504
34.58399908	6.91437006	0.55296504
34.58799908	6.91437006	0.55296504
34.59199908	6.91437006	0.55296504
34.59599908	6.91437006	0.55296504
34.59999908	6.91437006	0.55296504
34.60399908	7.07492638	0.55296504
34.60799908	7.07492638	0.55296504
34.61199908	6.91437006	0.55296504
34.61599908	6.91437006	0.55296504
34.61999908	6.91437006	0.55296504
34.62399907	6.91437006	0.55296504
34.62799907	6.91437006	0.55296504
34.63199907	7.07492638	0.55296504
34.63599907	7.07492638	0.55296504
34.63999907	6.91437006	0.55296504
34.64399907	6.91437006	0.55296504
34.64799907	6.91437006	0.55296504
34.65199907	7.07492638	0.55296504
34.65599907	7.07492638	0.55296504
34.65999907	6.91437006	0.55296504
34.66399907	6.91437006	0.55296504
34.66799907	6.91437006	0.55296504
34.67199907	6.91437006	0.55296504
34.67599907	6.91437006	0.55296504
34.67999907	6.91437006	0.55296504
34.68399907	7.07492638	0.55296504
34.68799907	6.91437006	0.55296504
34.69199907	6.91437006	0.55296504
34.69599907	6.91437006	0.55296504
34.69999907	6.91437006	0.55296504
34.70399907	6.91437006	0.55296504
34.70799907	6.91437006	0.55296504
34.71199907	6.91437006	0.55296504
34.71599907	6.91437006	0.55296504
34.71999907	6.91437006	0.55296504
34.72399907	6.91437006	0.55296504
34.72799907	6.91437006	0.55296504
34.73199907	6.91437006	0.55296504
34.73599907	6.91437006	0.55296504
34.73999907	6.91437006	0.55296504
34.74399907	6.91437006	0.55296504
34.74799907	6.91437006	0.55296504
34.75199907	6.91437006	0.55296504
34.75599907	6.91437006	0.55296504
34.75999907	6.91437006	0.55296504
34.76399907	6.91437006	0.55296504
34.76799907	6.91437006	0.55296504
34.77199907	6.91437006	0.55296504
34.77599907	6.91437006	0.55296504
34.77999907	6.91437006	0.55296504
34.78399907	6.91437006	0.55296504
34.78799907	6.91437006	0.55296504
34.79199907	6.91437006	0.55296504
34.79599907	6.91437006	0.55296504
34.79999907	6.91437006	0.55296504
34.80399907	6.91437006	0.55296504
34.80799907	6.91437006	0.55296504
34.81199907	6.91437006	0.55296504
34.81599907	6.91437006	0.55296504
34.81999907	7.07492638	0.55296504
34.82399907	6.91437006	0.55296504
34.82799907	6.91437006	0.55296504
34.83199907	6.91437006	0.55296504
34.83599907	6.91437006	0.55296504
34.83999907	6.91437006	0.55296504
34.84399907	6.91437006	0.55296504
34.84799907	7.07492638	0.55296504
34.85199907	6.91437006	0.55296504
34.85599907	6.91437006	0.55296504
34.85999907	6.91437006	0.55296504
34.86399907	6.91437006	0.55296504
34.86799907	6.91437006	0.55296504
34.87199907	6.91437006	0.55296504
34.87599907	6.91437006	0.55296504
34.87999907	7.07492638	0.55296504
34.88399907	6.91437006	0.55296504
34.88799907	6.91437006	0.55296504
34.89199907	6.91437006	0.55296504
34.89599907	6.91437006	0.55296504
34.89999907	7.07492638	0.55296504
34.90399907	7.07492638	0.55296504
34.90799907	6.91437006	0.55296504
34.91199907	6.91437006	0.55296504
34.91599907	6.91437006	0.55296504
34.91999907	6.91437006	0.55296504
34.92399907	6.91437006	0.55296504
34.92799907	7.07492638	0.55296504
34.93199907	7.07492638	0.55296504
34.93599907	6.91437006	0.55296504
34.93999907	6.91437006	0.55296504
34.94399907	6.91437006	0.55296504
34.94799907	6.91437006	0.55296504
34.95199907	6.91437006	0.55296504
34.95599907	6.91437006	0.55296504
34.95999907	7.07492638	0.55296504
34.96399907	6.91437006	0.55296504
34.96799907	6.91437006	0.55296504
34.97199907	6.91437006	0.55296504
34.97599906	6.91437006	0.55296504
34.97999906	6.91437006	0.55296504
34.98399906	7.07492638	0.55296504
34.98799906	7.07492638	0.55296504
34.99199906	6.91437006	0.55296504
34.99599906	6.91437006	0.55296504
34.99999906	6.91437006	0.55296504
35.00399906	6.91437006	0.55296504
35.00799906	7.07492638	0.55296504
35.01199906	7.07492638	0.55296504
35.01599906	6.91437006	0.55296504
35.01999906	6.91437006	0.55296504
35.02399906	6.91437006	0.55296504
35.02799906	6.91437006	0.55296504
35.03199906	6.91437006	0.55296504
35.03599906	7.07492638	0.55296504
35.03999906	7.07492638	0.55296504
35.04399906	6.91437006	0.55296504
35.04799906	6.91437006	0.55296504
35.05199906	6.91437006	0.55296504
35.05599906	6.91437006	0.55296504
35.05999906	6.91437006	0.55296504
35.06399906	7.07492638	0.55296504
35.06799906	7.07492638	0.55296504
35.07199906	6.91437006	0.55296504
35.07599906	6.91437006	0.55296504
35.07999906	6.91437006	0.55296504
35.08399906	6.91437006	0.55296504
35.08799906	7.07492638	0.55296504
35.09199906	6.91437006	0.55296504
35.09599906	6.91437006	0.55296504
35.09999906	6.91437006	0.55296504
35.10399906	6.91437006	0.55296504
35.10799906	6.91437006	0.55296504
35.11199906	6.91437006	0.55296504
35.11599906	6.91437006	0.55296504
35.11999906	7.07492638	0.55296504
35.12399906	7.07492638	0.55296504
35.12799906	6.91437006	0.55296504
35.13199906	6.91437006	0.55296504
35.13599906	6.91437006	0.55296504
35.13999906	6.91437006	0.55296504
35.14399906	7.07492638	0.55296504
35.14799906	7.07492638	0.55296504
35.15199906	6.91437006	0.55296504
35.15599906	6.91437006	0.55296504
35.15999906	6.91437006	0.55296504
35.16399906	6.91437006	0.55296504
35.16799906	6.91437006	0.55296504
35.17199906	7.07492638	0.55296504
35.17599906	7.07492638	0.55296504
35.17999906	6.91437006	0.55296504
35.18399906	6.91437006	0.55296504
35.18799906	6.91437006	0.55296504
35.19199906	7.07492638	0.55296504
35.19599906	7.07492638	0.55296504
35.19999906	7.07492638	0.55296504
35.20399906	7.07492638	0.55296504
35.20799906	7.07492638	0.55296504
35.21199906	6.91437006	0.55296504
35.21599906	6.91437006	0.55296504
35.21999906	6.91437006	0.55296504
35.22399906	7.07492638	0.55296504
35.22799906	7.07492638	0.55296504
35.23199906	7.07492638	0.55296504
35.23599906	6.91437006	0.55296504
35.23999906	6.91437006	0.55296504
35.24399906	6.91437006	0.55296504
35.24799906	7.07492638	0.55296504
35.25199906	7.07492638	0.55296504
35.25599906	7.07492638	0.55296504
35.25999906	7.07492638	0.55296504
35.26399906	7.07492638	0.55296504
35.26799906	6.91437006	0.55296504
35.27199906	6.91437006	0.55296504
35.27599906	7.07492638	0.55296504
35.27999906	7.07492638	0.55296504
35.28399906	7.07492638	0.55296504
35.28799906	6.91437006	0.55296504
35.29199906	6.91437006	0.55296504
35.29599906	7.07492638	0.55296504
35.29999906	7.07492638	0.55296504
35.30399906	6.91437006	0.55296504
35.30799906	6.91437006	0.55296504
35.31199906	7.07492638	0.55296504
35.31599906	7.07492638	0.55296504
35.31999906	7.07492638	0.55296504
35.32399906	6.91437006	0.55296504
35.32799906	7.07492638	0.55296504
35.33199905	7.07492638	0.55296504
35.33599905	7.07492638	0.55296504
35.33999905	7.07492638	0.55296504
35.34399905	7.07492638	0.55296504
35.34799905	6.91437006	0.55296504
35.35199905	6.91437006	0.55296504
35.35599905	6.91437006	0.55296504
35.35999905	7.07492638	0.55296504
35.36399905	7.07492638	0.55296504
35.36799905	7.07492638	0.55296504
35.37199905	7.07492638	0.55296504
35.37599905	6.91437006	0.55296504
35.37999905	6.91437006	0.55296504
35.38399905	6.91437006	0.55296504
35.38799905	7.07492638	0.55296504
35.39199905	7.07492638	0.55296504
35.39599905	7.07492638	0.55296504
35.39999905	6.91437006	0.55296504
35.40399905	6.91437006	0.55296504
35.40799905	6.91437006	0.55296504
35.41199905	6.91437006	0.55296504
35.41599905	7.07492638	0.55296504
35.41999905	7.07492638	0.55296504
35.42399905	7.07492638	0.55296504
35.42799905	6.91437006	0.55296504
35.43199905	6.91437006	0.55296504
35.43599905	6.91437006	0.55296504
35.43999905	7.07492638	0.55296504
35.44399905	7.07492638	0.55296504
35.44799905	7.07492638	0.55296504
35.45199905	6.91437006	0.55296504
35.45599905	6.91437006	0.55296504
35.45999905	6.91437006	0.55296504
35.46399905	7.07492638	0.55296504
35.46799905	7.07492638	0.55296504
35.47199905	7.07492638	0.55296504
35.47599905	7.07492638	0.55296504
35.47999905	6.91437006	0.55296504
35.48399905	6.91437006	0.55296504
35.48799905	6.91437006	0.55296504
35.49199905	7.07492638	0.55296504
35.49599905	7.07492638	0.55296504
35.49999905	7.07492638	0.55296504
35.50399905	7.07492638	0.55296504
35.50799905	6.91437006	0.55296504
35.51199905	6.91437006	0.55296504
35.51599905	7.07492638	0.55296504
35.51999905	7.07492638	0.55296504
35.52399905	7.07492638	0.55296504
35.52799905	7.07492638	0.55296504
35.53199905	7.07492638	0.55296504
35.53599905	6.91437006	0.55296504
35.53999905	6.91437006	0.55296504
35.54399905	7.07492638	0.55296504
35.54799905	7.07492638	0.55296504
35.55199905	7.07492638	0.55296504
35.55599905	7.07492638	0.55296504
35.55999905	6.91437006	0.55296504
35.56399905	6.91437006	0.55296504
35.56799905	7.07492638	0.55296504
35.57199905	7.07492638	0.55296504
35.57599905	7.07492638	0.55296504
35.57999905	7.07492638	0.55296504
35.58399905	7.07492638	0.55296504
35.58799905	7.07492638	0.55296504
35.59199905	7.07492638	0.55296504
35.59599905	7.07492638	0.55296504
35.59999905	7.07492638	0.55296504
35.60399905	7.07492638	0.55296504
35.60799905	7.07492638	0.55296504
35.61199905	6.91437006	0.55296504
35.61599905	7.07492638	0.55296504
35.61999905	7.07492638	0.55296504
35.62399905	7.07492638	0.55296504
35.62799905	7.07492638	0.55296504
35.63199905	7.07492638	0.55296504
35.63599905	7.07492638	0.55296504
35.63999905	7.07492638	0.55296504
35.64399905	7.07492638	0.55296504
35.64799905	6.91437006	0.55296504
35.65199905	7.07492638	0.55296504
35.65599905	7.07492638	0.55296504
35.65999905	7.07492638	0.55296504
35.66399905	7.07492638	0.55296504
35.66799905	7.07492638	0.55296504
35.67199905	7.07492638	0.55296504
35.67599905	7.07492638	0.55296504
35.67999905	6.91437006	0.55296504
35.68399904	7.07492638	0.55296504
35.68799904	7.07492638	0.55296504
35.69199904	7.07492638	0.55296504
35.69599904	7.07492638	0.55296504
35.69999904	6.91437006	0.55296504
35.70399904	6.91437006	0.55296504
35.70799904	7.07492638	0.55296504
35.71199904	7.07492638	0.55296504
35.71599904	7.07492638	0.55296504
35.71999904	7.07492638	0.55296504
35.72399904	7.07492638	0.55296504
35.72799904	7.07492638	0.55296504
35.73199904	6.91437006	0.55296504
35.73599904	7.07492638	0.55296504
35.73999904	7.07492638	0.55296504
35.74399904	7.07492638	0.55296504
35.74799904	7.07492638	0.55296504
35.75199904	7.07492638	0.55296504
35.75599904	7.07492638	0.55296504
35.75999904	7.07492638	0.55296504
35.76399904	7.07492638	0.55296504
35.76799904	7.07492638	0.55296504
35.77199904	7.07492638	0.55296504
35.77599904	7.07492638	0.55296504
35.77999904	7.07492638	0.55296504
35.78399904	7.07492638	0.55296504
35.78799904	6.91437006	0.55296504
35.79199904	7.07492638	0.55296504
35.79599904	7.07492638	0.55296504
35.79999904	7.07492638	0.55296504
35.80399904	7.07492638	0.53715551
35.80799904	7.07492638	0.55296504
35.81199904	7.07492638	0.55296504
35.81599904	7.07492638	0.55296504
35.81999904	7.07492638	0.55296504
35.82399904	7.07492638	0.55296504
35.82799904	7.07492638	0.55296504
35.83199904	7.07492638	0.55296504
35.83599904	7.07492638	0.55296504
35.83999904	6.91437006	0.55296504
35.84399904	7.07492638	0.55296504
35.84799904	7.07492638	0.55296504
35.85199904	7.07492638	0.55296504
35.85599904	7.07492638	0.55296504
35.85999904	7.07492638	0.55296504
35.86399904	7.07492638	0.55296504
35.86799904	7.07492638	0.55296504
35.87199904	6.91437006	0.55296504
35.87599904	7.07492638	0.55296504
35.87999904	7.07492638	0.55296504
35.88399904	7.07492638	0.55296504
35.88799904	7.07492638	0.55296504
35.89199904	7.07492638	0.55296504
35.89599904	7.07492638	0.55296504
35.89999904	7.07492638	0.55296504
35.90399904	7.07492638	0.55296504
35.90799904	7.07492638	0.55296504
35.91199904	7.23548222	0.55296504
35.91599904	7.07492638	0.55296504
35.91999904	7.07492638	0.55296504
35.92399904	7.07492638	0.55296504
35.92799904	7.07492638	0.55296504
35.93199904	7.07492638	0.55296504
35.93599904	7.07492638	0.55296504
35.93999904	7.07492638	0.55296504
35.94399904	7.07492638	0.55296504
35.94799904	7.07492638	0.55296504
35.95199904	7.07492638	0.55296504
35.95599904	7.07492638	0.55296504
35.95999904	7.07492638	0.55296504
35.96399904	7.07492638	0.55296504
35.96799904	7.07492638	0.55296504
35.97199904	7.07492638	0.55296504
35.97599904	7.07492638	0.55296504
35.97999904	7.07492638	0.55296504
35.98399904	7.07492638	0.55296504
35.98799904	7.07492638	0.55296504
35.99199904	7.07492638	0.55296504
35.99599904	7.07492638	0.55296504
35.99999904	7.07492638	0.55296504
36.00399904	7.07492638	0.55296504
36.00799904	7.07492638	0.55296504
36.01199904	7.07492638	0.55296504
36.01599904	7.07492638	0.55296504
36.01999904	7.07492638	0.55296504
36.02399904	7.07492638	0.55296504
36.02799904	7.07492638	0.53715551
36.03199904	7.07492638	0.55296504
36.03599904	7.07492638	0.55296504
36.03999903	7.07492638	0.55296504
36.04399903	7.07492638	0.55296504
36.04799903	7.07492638	0.55296504
36.05199903	7.07492638	0.55296504
36.05599903	7.07492638	0.55296504
36.05999903	7.07492638	0.55296504
36.06399903	7.07492638	0.55296504
36.06799903	7.07492638	0.55296504
36.07199903	7.07492638	0.55296504
36.07599903	7.07492638	0.55296504
36.07999903	7.07492638	0.55296504
36.08399903	7.07492638	0.55296504
36.08799903	7.07492638	0.55296504
36.09199903	7.07492638	0.55296504
36.09599903	7.07492638	0.55296504
36.09999903	7.07492638	0.53715551
36.10399903	7.07492638	0.55296504
36.10799903	7.07492638	0.55296504
36.11199903	7.07492638	0.55296504
36.11599903	7.07492638	0.55296504
36.11999903	7.07492638	0.55296504
36.12399903	7.07492638	0.53715551
36.12799903	7.07492638	0.55296504
36.13199903	7.07492638	0.55296504
36.13599903	7.07492638	0.53715551
36.13999903	7.07492638	0.53715551
36.14399903	7.07492638	0.55296504
36.14799903	7.07492638	0.55296504
36.15199903	7.07492638	0.55296504
36.15599903	7.07492638	0.55296504
36.15999903	7.07492638	0.55296504
36.16399903	7.07492638	0.55296504
36.16799903	7.07492638	0.55296504
36.17199903	7.07492638	0.53715551
36.17599903	7.07492638	0.55296504
36.17999903	7.07492638	0.55296504
36.18399903	7.07492638	0.55296504
36.18799903	7.07492638	0.55296504
36.19199903	7.07492638	0.55296504
36.19599903	7.07492638	0.55296504
36.19999903	7.07492638	0.55296504
36.20399903	7.07492638	0.53715551
36.20799903	7.07492638	0.55296504
36.21199903	7.07492638	0.55296504
36.21599903	7.07492638	0.55296504
36.21999903	6.91437006	0.55296504
36.22399903	7.07492638	0.55296504
36.22799903	7.07492638	0.55296504
36.23199903	7.23548222	0.55296504
36.23599903	7.07492638	0.53715551
36.23999903	7.07492638	0.55296504
36.24399903	7.07492638	0.53715551
36.24799903	7.07492638	0.55296504
36.25199903	7.07492638	0.55296504
36.25599903	7.07492638	0.55296504
36.25999903	7.07492638	0.53715551
36.26399903	7.23548222	0.55296504
36.26799903	7.07492638	0.55296504
36.27199903	7.07492638	0.53715551
36.27599903	7.07492638	0.55296504
36.27999903	7.07492638	0.55296504
36.28399903	7.07492638	0.55296504
36.28799903	7.07492638	0.55296504
36.29199903	7.07492638	0.55296504
36.29599903	7.07492638	0.55296504
36.29999903	7.07492638	0.55296504
36.30399903	7.07492638	0.55296504
36.30799903	7.07492638	0.55296504
36.31199903	7.07492638	0.53715551
36.31599903	7.07492638	0.53715551
36.31999903	7.07492638	0.55296504
36.32399903	7.07492638	0.53715551
36.32799903	7.07492638	0.55296504
36.33199903	7.07492638	0.55296504
36.33599903	7.07492638	0.55296504
36.33999903	7.07492638	0.53715551
36.34399903	7.07492638	0.53715551
36.34799903	7.07492638	0.53715551
36.35199903	7.07492638	0.55296504
36.35599903	7.07492638	0.55296504
36.35999903	7.07492638	0.53715551
36.36399903	7.07492638	0.53715551
36.36799903	7.07492638	0.55296504
36.37199903	7.07492638	0.55296504
36.37599903	7.07492638	0.55296504
36.37999903	7.07492638	0.55296504
36.38399903	7.07492638	0.55296504
36.38799903	7.07492638	0.53715551
36.39199902	7.07492638	0.55296504
36.39599902	7.07492638	0.53715551
36.39999902	7.07492638	0.53715551
36.40399902	7.07492638	0.53715551
36.40799902	7.07492638	0.55296504
36.41199902	7.07492638	0.53715551
36.41599902	7.07492638	0.55296504
36.41999902	7.07492638	0.53715551
36.42399902	7.07492638	0.55296504
36.42799902	7.07492638	0.53715551
36.43199902	7.07492638	0.55296504
36.43599902	7.07492638	0.53715551
36.43999902	7.07492638	0.53715551
36.44399902	7.07492638	0.53715551
36.44799902	7.07492638	0.55296504
36.45199902	7.07492638	0.55296504
36.45599902	7.07492638	0.55296504
36.45999902	7.07492638	0.53715551
36.46399902	7.07492638	0.53715551
36.46799902	7.07492638	0.53715551
36.47199902	7.07492638	0.55296504
36.47599902	7.07492638	0.53715551
36.47999902	7.07492638	0.55296504
36.48399902	7.07492638	0.55296504
36.48799902	7.07492638	0.55296504
36.49199902	7.07492638	0.53715551
36.49599902	7.07492638	0.55296504
36.49999902	7.07492638	0.53715551
36.50399902	7.07492638	0.55296504
36.50799902	7.07492638	0.53715551
36.51199902	7.07492638	0.55296504
36.51599902	7.07492638	0.53715551
36.51999902	7.07492638	0.55296504
36.52399902	7.07492638	0.53715551
36.52799902	7.07492638	0.55296504
36.53199902	7.07492638	0.53715551
36.53599902	7.07492638	0.55296504
36.53999902	7.07492638	0.53715551
36.54399902	7.07492638	0.55296504
36.54799902	7.07492638	0.53715551
36.55199902	7.07492638	0.53715551
36.55599902	7.07492638	0.53715551
36.55999902	7.07492638	0.53715551
36.56399902	7.07492638	0.53715551
36.56799902	7.07492638	0.53715551
36.57199902	7.07492638	0.53715551
36.57599902	7.07492638	0.55296504
36.57999902	7.07492638	0.53715551
36.58399902	7.07492638	0.53715551
36.58799902	7.07492638	0.53715551
36.59199902	7.07492638	0.53715551
36.59599902	7.07492638	0.55296504
36.59999902	7.07492638	0.55296504
36.60399902	7.07492638	0.53715551
36.60799902	7.07492638	0.55296504
36.61199902	7.07492638	0.55296504
36.61599902	7.07492638	0.53715551
36.61999902	7.07492638	0.53715551
36.62399902	7.07492638	0.55296504
36.62799902	7.07492638	0.53715551
36.63199902	7.07492638	0.53715551
36.63599902	7.07492638	0.53715551
36.63999902	7.07492638	0.55296504
36.64399902	7.07492638	0.53715551
36.64799902	7.07492638	0.53715551
36.65199902	7.07492638	0.53715551
36.65599902	6.91437006	0.53715551
36.65999902	7.07492638	0.53715551
36.66399902	7.07492638	0.53715551
36.66799902	7.07492638	0.53715551
36.67199902	7.07492638	0.53715551
36.67599902	7.07492638	0.53715551
36.67999902	7.07492638	0.53715551
36.68399902	7.07492638	0.53715551
36.68799902	7.07492638	0.53715551
36.69199902	7.07492638	0.53715551
36.69599902	7.07492638	0.55296504
36.69999902	7.07492638	0.55296504
36.70399902	7.07492638	0.55296504
36.70799902	7.07492638	0.53715551
36.71199902	7.07492638	0.53715551
36.71599902	7.07492638	0.53715551
36.71999902	7.07492638	0.55296504
36.72399902	7.07492638	0.53715551
36.72799902	7.07492638	0.53715551
36.73199902	7.07492638	0.53715551
36.73599902	7.07492638	0.53715551
36.73999902	7.07492638	0.53715551
36.74399901	7.07492638	0.55296504
36.74799901	7.07492638	0.53715551
36.75199901	7.07492638	0.53715551
36.75599901	7.07492638	0.53715551
36.75999901	7.07492638	0.53715551
36.76399901	7.07492638	0.53715551
36.76799901	7.07492638	0.53715551
36.77199901	7.07492638	0.53715551
36.77599901	7.07492638	0.53715551
36.77999901	7.07492638	0.53715551
36.78399901	7.07492638	0.53715551
36.78799901	7.07492638	0.53715551
36.79199901	7.07492638	0.55296504
36.79599901	7.07492638	0.53715551
36.79999901	7.07492638	0.53715551
36.80399901	7.07492638	0.53715551
36.80799901	7.07492638	0.53715551
36.81199901	7.07492638	0.55296504
36.81599901	7.07492638	0.55296504
36.81999901	7.07492638	0.53715551
36.82399901	7.07492638	0.53715551
36.82799901	7.07492638	0.53715551
36.83199901	7.07492638	0.55296504
36.83599901	7.07492638	0.53715551
36.83999901	7.07492638	0.53715551
36.84399901	7.07492638	0.53715551
36.84799901	7.07492638	0.53715551
36.85199901	7.07492638	0.53715551
36.85599901	7.07492638	0.53715551
36.85999901	7.07492638	0.53715551
36.86399901	7.07492638	0.53715551
36.86799901	7.07492638	0.53715551
36.87199901	7.07492638	0.53715551
36.87599901	7.07492638	0.53715551
36.87999901	7.07492638	0.53715551
36.88399901	7.07492638	0.53715551
36.88799901	7.07492638	0.53715551
36.89199901	7.07492638	0.53715551
36.89599901	7.07492638	0.53715551
36.89999901	7.07492638	0.53715551
36.90399901	7.07492638	0.53715551
36.90799901	7.07492638	0.53715551
36.91199901	7.07492638	0.53715551
36.91599901	7.07492638	0.53715551
36.91999901	7.07492638	0.53715551
36.92399901	7.23548222	0.53715551
36.92799901	7.07492638	0.55296504
36.93199901	7.07492638	0.53715551
36.93599901	6.91437006	0.53715551
36.93999901	6.91437006	0.53715551
36.94399901	7.07492638	0.53715551
36.94799901	7.07492638	0.53715551
36.95199901	7.07492638	0.53715551
36.95599901	7.07492638	0.53715551
36.95999901	7.07492638	0.53715551
36.96399901	7.07492638	0.53715551
36.96799901	7.07492638	0.53715551
36.97199901	7.07492638	0.53715551
36.97599901	7.07492638	0.53715551
36.97999901	7.07492638	0.53715551
36.98399901	7.07492638	0.53715551
36.98799901	7.07492638	0.53715551
36.99199901	7.07492638	0.53715551
36.99599901	7.07492638	0.53715551
36.99999901	7.07492638	0.53715551
37.00399901	7.07492638	0.53715551
37.00799901	7.07492638	0.53715551
37.01199901	7.07492638	0.53715551
37.01599901	7.07492638	0.53715551
37.01999901	7.07492638	0.53715551
37.02399901	7.07492638	0.53715551
37.02799901	7.07492638	0.53715551
37.03199901	7.07492638	0.53715551
37.03599901	7.07492638	0.53715551
37.03999901	7.23548222	0.53715551
37.04399901	7.07492638	0.53715551
37.04799901	7.07492638	0.53715551
37.05199901	7.07492638	0.53715551
37.05599901	7.07492638	0.53715551
37.05999901	7.07492638	0.53715551
37.06399901	7.07492638	0.53715551
37.06799901	7.07492638	0.53715551
37.07199901	7.07492638	0.53715551
37.07599901	7.07492638	0.53715551
37.07999901	7.07492638	0.53715551
37.08399901	7.07492638	0.53715551
37.08799901	7.07492638	0.53715551
37.09199901	7.07492638	0.53715551
37.09599901	7.07492638	0.53715551
37.09999900	7.07492638	0.53715551
37.10399900	7.07492638	0.53715551
37.10799900	7.07492638	0.53715551
37.11199900	7.07492638	0.53715551
37.11599900	7.07492638	0.53715551
37.11999900	7.07492638	0.53715551
37.12399900	7.07492638	0.53715551
37.12799900	7.07492638	0.53715551
37.13199900	7.07492638	0.53715551
37.13599900	7.07492638	0.53715551
37.13999900	7.07492638	0.53715551
37.14399900	7.07492638	0.53715551
37.14799900	7.23548222	0.53715551
37.15199900	7.23548222	0.55296504
37.15599900	7.07492638	0.53715551
37.15999900	7.07492638	0.53715551
37.16399900	7.07492638	0.53715551
37.16799900	7.07492638	0.53715551
37.17199900	7.07492638	0.53715551
37.17599900	7.23548222	0.53715551
37.17999900	7.07492638	0.53715551
37.18399900	7.07492638	0.53715551
37.18799900	7.07492638	0.53715551
37.19199900	7.07492638	0.53715551
37.19599900	7.07492638	0.53715551
37.19999900	7.23548222	0.53715551
37.20399900	7.07492638	0.53715551
37.20799900	7.07492638	0.53715551
37.21199900	7.07492638	0.53715551
37.21599900	7.07492638	0.53715551
37.21999900	7.07492638	0.53715551
37.22399900	7.07492638	0.53715551
37.22799900	7.07492638	0.53715551
37.23199900	7.07492638	0.53715551
37.23599900	7.07492638	0.53715551
37.23999900	7.07492638	0.53715551
37.24399900	7.07492638	0.53715551
37.24799900	7.07492638	0.53715551
37.25199900	7.07492638	0.53715551
37.25599900	7.23548222	0.53715551
37.25999900	7.07492638	0.53715551
37.26399900	7.07492638	0.53715551
37.26799900	7.07492638	0.53715551
37.27199900	7.07492638	0.53715551
37.27599900	7.07492638	0.53715551
37.27999900	7.07492638	0.53715551
37.28399900	7.07492638	0.53715551
37.28799900	7.23548222	0.53715551
37.29199900	7.07492638	0.53715551
37.29599900	7.07492638	0.53715551
37.29999900	7.07492638	0.53715551
37.30399900	7.07492638	0.53715551
37.30799900	7.23548222	0.53715551
37.31199900	7.07492638	0.53715551
37.31599900	7.07492638	0.53715551
37.31999900	7.07492638	0.53715551
37.32399900	7.07492638	0.53715551
37.32799900	7.07492638	0.53715551
37.33199900	7.07492638	0.53715551
37.33599900	7.23548222	0.53715551
37.33999900	7.23548222	0.53715551
37.34399900	7.07492638	0.53715551
37.34799900	7.07492638	0.53715551
37.35199900	7.07492638	0.53715551
37.35599900	7.07492638	0.53715551
37.35999900	7.07492638	0.53715551
37.36399900	7.07492638	0.53715551
37.36799900	7.07492638	0.53715551
37.37199900	7.07492638	0.53715551
37.37599900	7.07492638	0.53715551
37.37999900	7.07492638	0.53715551
37.38399900	7.23548222	0.53715551
37.38799900	7.23548222	0.53715551
37.39199900	7.07492638	0.53715551
37.39599900	7.07492638	0.53715551
37.39999900	7.07492638	0.53715551
37.40399900	7.23548222	0.53715551
37.40799900	7.07492638	0.53715551
37.41199900	7.07492638	0.53715551
37.41599900	7.07492638	0.53715551
37.41999900	7.07492638	0.53715551
37.42399900	7.23548222	0.53715551
37.42799900	7.07492638	0.53715551
37.43199900	7.07492638	0.53715551
37.43599900	7.07492638	0.53715551
37.43999900	7.23548222	0.53715551
37.44399900	7.07492638	0.53715551
37.44799900	7.07492638	0.53715551
37.45199899	7.07492638	0.53715551
37.45599899	7.07492638	0.53715551
37.45999899	7.07492638	0.53715551
37.46399899	7.07492638	0.53715551
37.46799899	7.07492638	0.53715551
37.47199899	7.23548222	0.53715551
37.47599899	7.07492638	0.53715551
37.47999899	7.07492638	0.53715551
37.48399899	7.07492638	0.53715551
37.48799899	7.07492638	0.53715551
37.49199899	7.07492638	0.53715551
37.49599899	7.07492638	0.53715551
37.49999899	7.07492638	0.53715551
37.50399899	7.07492638	0.53715551
37.50799899	7.07492638	0.53715551
37.51199899	7.07492638	0.53715551
37.51599899	7.07492638	0.53715551
37.51999899	7.07492638	0.53715551
37.52399899	7.23548222	0.53715551
37.52799899	7.07492638	0.53715551
37.53199899	7.07492638	0.53715551
37.53599899	7.07492638	0.53715551
37.53999899	7.07492638	0.53715551
37.54399899	7.07492638	0.53715551
37.54799899	7.07492638	0.53715551
37.55199899	7.07492638	0.53715551
37.55599899	7.07492638	0.53715551
37.55999899	7.07492638	0.53715551
37.56399899	7.07492638	0.53715551
37.56799899	7.07492638	0.53715551
37.57199899	7.23548222	0.53715551
37.57599899	7.23548222	0.53715551
37.57999899	7.07492638	0.53715551
37.58399899	7.07492638	0.53715551
37.58799899	7.07492638	0.53715551
37.59199899	7.23548222	0.53715551
37.59599899	7.07492638	0.53715551
37.59999899	7.07492638	0.53715551
37.60399899	7.07492638	0.53715551
37.60799899	7.07492638	0.53715551
37.61199899	7.07492638	0.53715551
37.61599899	7.07492638	0.53715551
37.61999899	7.23548222	0.53715551
37.62399899	7.23548222	0.53715551
37.62799899	7.07492638	0.53715551
37.63199899	7.07492638	0.53715551
37.63599899	7.07492638	0.53715551
37.63999899	7.07492638	0.53715551
37.64399899	7.07492638	0.53715551
37.64799899	7.07492638	0.53715551
37.65199899	7.23548222	0.53715551
37.65599899	7.23548222	0.53715551
37.65999899	7.07492638	0.53715551
37.66399899	7.07492638	0.53715551
37.66799899	7.23548222	0.53715551
37.67199899	7.23548222	0.53715551
37.67599899	7.07492638	0.53715551
37.67999899	7.07492638	0.53715551
37.68399899	7.07492638	0.53715551
37.68799899	7.23548222	0.53715551
37.69199899	7.23548222	0.53715551
37.69599899	7.07492638	0.53715551
37.69999899	7.07492638	0.53715551
37.70399899	7.23548222	0.53715551
37.70799899	7.07492638	0.53715551
37.71199899	7.07492638	0.53715551
37.71599899	7.07492638	0.53715551
37.71999899	7.23548222	0.53715551
37.72399899	7.23548222	0.53715551
37.72799899	7.07492638	0.53715551
37.73199899	7.07492638	0.53715551
37.73599899	7.07492638	0.53715551
37.73999899	7.07492638	0.53715551
37.74399899	7.07492638	0.53715551
37.74799899	7.07492638	0.53715551
37.75199899	7.23548222	0.53715551
37.75599899	7.23548222	0.53715551
37.75999899	7.07492638	0.53715551
37.76399899	7.07492638	0.53715551
37.76799899	7.07492638	0.53715551
37.77199899	7.23548222	0.53715551
37.77599899	7.23548222	0.53715551
37.77999899	7.07492638	0.53715551
37.78399899	7.07492638	0.53715551
37.78799899	7.07492638	0.53715551
37.79199899	7.23548222	0.53715551
37.79599899	7.23548222	0.53715551
37.79999899	7.07492638	0.53715551
37.80399899	7.07492638	0.53715551
37.80799898	7.23548222	0.53715551
37.81199898	7.23548222	0.53715551
37.81599898	7.07492638	0.53715551
37.81999898	7.07492638	0.53715551
37.82399898	7.07492638	0.53715551
37.82799898	7.07492638	0.53715551
37.83199898	7.07492638	0.53715551
37.83599898	7.07492638	0.53715551
37.83999898	7.23548222	0.53715551
37.84399898	7.23548222	0.53715551
37.84799898	7.07492638	0.53715551
37.85199898	7.07492638	0.53715551
37.85599898	7.07492638	0.53715551
37.85999898	7.23548222	0.53715551
37.86399898	7.23548222	0.53715551
37.86799898	7.07492638	0.53715551
37.87199898	7.07492638	0.53715551
37.87599898	7.07492638	0.53715551
37.87999898	7.07492638	0.53715551
37.88399898	7.07492638	0.53715551
37.88799898	7.07492638	0.53715551
37.89199898	7.23548222	0.53715551
37.89599898	7.23548222	0.53715551
37.89999898	7.07492638	0.53715551
37.90399898	7.07492638	0.53715551
37.90799898	7.07492638	0.53715551
37.91199898	7.23548222	0.53715551
37.91599898	7.23548222	0.53715551
37.91999898	7.07492638	0.53715551
37.92399898	7.23548222	0.53715551
37.92799898	7.23548222	0.53715551
37.93199898	7.23548222	0.53715551
37.93599898	7.07492638	0.53715551
37.93999898	7.07492638	0.53715551
37.94399898	7.07492638	0.53715551
37.94799898	7.23548222	0.53715551
37.95199898	7.23548222	0.53715551
37.95599898	7.23548222	0.53715551
37.95999898	7.07492638	0.53715551
37.96399898	7.07492638	0.53715551
37.96799898	7.07492638	0.53715551
37.97199898	7.23548222	0.53715551
37.97599898	7.23548222	0.53715551
37.97999898	7.23548222	0.53715551
37.98399898	7.23548222	0.53715551
37.98799898	7.07492638	0.53715551
37.99199898	7.07492638	0.53715551
37.99599898	7.07492638	0.53715551
37.99999898	7.07492638	0.53715551
38.00399898	7.23548222	0.53715551
38.00799898	7.23548222	0.53715551
38.01199898	7.07492638	0.53715551
38.01599898	7.07492638	0.53715551
38.01999898	7.07492638	0.53715551
38.02399898	7.07492638	0.53715551
38.02799898	7.07492638	0.53715551
38.03199898	7.23548222	0.53715551
38.03599898	7.23548222	0.53715551
38.03999898	7.23548222	0.53715551
38.04399898	7.07492638	0.53715551
38.04799898	7.23548222	0.53715551
38.05199898	7.07492638	0.53715551
38.05599898	7.07492638	0.53715551
38.05999898	7.07492638	0.53715551
38.06399898	7.07492638	0.53715551
38.06799898	7.23548222	0.53715551
38.07199898	7.07492638	0.53715551
38.07599898	7.07492638	0.53715551
38.07999898	7.07492638	0.53715551
38.08399898	7.07492638	0.53715551
38.08799898	7.23548222	0.53715551
38.09199898	7.23548222	0.53715551
38.09599898	7.23548222	0.53715551
38.09999898	7.07492638	0.53715551
38.10399898	7.07492638	0.53715551
38.10799898	7.07492638	0.53715551
38.11199898	7.23548222	0.53715551
38.11599898	7.23548222	0.53715551
38.11999898	7.23548222	0.53715551
38.12399898	7.07492638	0.53715551
38.12799898	7.07492638	0.53715551
38.13199898	7.07492638	0.53715551
38.13599898	7.07492638	0.53715551
38.13999898	7.07492638	0.53715551
38.14399898	7.23548222	0.53715551
38.14799898	7.23548222	0.53715551
38.15199898	7.23548222	0.53715551
38.15599898	7.07492638	0.53715551
38.15999897	7.07492638	0.53715551
38.16399897	7.07492638	0.53715551
38.16799897	7.23548222	0.53715551
38.17199897	7.23548222	0.53715551
38.17599897	7.23548222	0.53715551
38.17999897	7.07492638	0.53715551
38.18399897	7.07492638	0.53715551
38.18799897	7.07492638	0.53715551
38.19199897	7.07492638	0.53715551
38.19599897	7.23548222	0.53715551
38.19999897	7.23548222	0.53715551
38.20399897	7.23548222	0.53715551
38.20799897	7.07492638	0.53715551
38.21199897	7.07492638	0.53715551
38.21599897	7.07492638	0.53715551
38.21999897	7.07492638	0.53715551
38.22399897	7.07492638	0.53715551
38.22799897	7.23548222	0.53715551
38.23199897	7.23548222	0.53715551
38.23599897	7.07492638	0.53715551
38.23999897	7.07492638	0.53715551
38.24399897	7.07492638	0.53715551
38.24799897	7.07492638	0.53715551
38.25199897	7.07492638	0.53715551
38.25599897	7.07492638	0.53715551
38.25999897	7.07492638	0.53715551
38.26399897	7.23548222	0.53715551
38.26799897	7.07492638	0.53715551
38.27199897	7.07492638	0.53715551
38.27599897	7.07492638	0.53715551
38.27999897	7.07492638	0.53715551
38.28399897	7.07492638	0.53715551
38.28799897	7.07492638	0.53715551
38.29199897	7.23548222	0.53715551
38.29599897	7.07492638	0.53715551
38.29999897	7.07492638	0.53715551
38.30399897	7.07492638	0.53715551
38.30799897	7.07492638	0.53715551
38.31199897	7.23548222	0.53715551
38.31599897	7.23548222	0.53715551
38.31999897	7.07492638	0.53715551
38.32399897	7.07492638	0.53715551
38.32799897	7.07492638	0.53715551
38.33199897	7.07492638	0.53715551
38.33599897	7.07492638	0.53715551
38.33999897	7.23548222	0.53715551
38.34399897	7.23548222	0.53715551
38.34799897	7.23548222	0.53715551
38.35199897	7.07492638	0.53715551
38.35599897	7.07492638	0.53715551
38.35999897	7.07492638	0.53715551
38.36399897	7.23548222	0.53715551
38.36799897	7.23548222	0.53715551
38.37199897	7.23548222	0.53715551
38.37599897	7.23548222	0.53715551
38.37999897	7.07492638	0.53715551
38.38399897	7.07492638	0.53715551
38.38799897	7.07492638	0.53715551
38.39199897	7.23548222	0.53715551
38.39599897	7.23548222	0.53715551
38.39999897	7.23548222	0.53715551
38.40399897	7.07492638	0.53715551
38.40799897	7.07492638	0.53715551
38.41199897	7.07492638	0.53715551
38.41599897	7.07492638	0.53715551
38.41999897	7.23548222	0.53715551
38.42399897	7.23548222	0.53715551
38.42799897	7.23548222	0.53715551
38.43199897	7.07492638	0.53715551
38.43599897	7.07492638	0.53715551
38.43999897	7.07492638	0.53715551
38.44399897	7.23548222	0.53715551
38.44799897	7.23548222	0.53715551
38.45199897	7.23548222	0.53715551
38.45599897	7.07492638	0.53715551
38.45999897	7.07492638	0.53715551
38.46399897	7.07492638	0.53715551
38.46799897	7.07492638	0.53715551
38.47199897	7.07492638	0.53715551
38.47599897	7.23548222	0.53715551
38.47999897	7.23548222	0.53715551
38.48399897	7.23548222	0.53715551
38.48799897	7.07492638	0.53715551
38.49199897	7.07492638	0.53715551
38.49599897	7.07492638	0.53715551
38.49999897	7.23548222	0.53715551
38.50399897	7.23548222	0.53715551
38.50799897	7.23548222	0.53715551
38.51199896	7.07492638	0.53715551
38.51599896	7.07492638	0.53715551
38.51999896	7.07492638	0.53715551
38.52399896	7.07492638	0.53715551
38.52799896	7.23548222	0.53715551
38.53199896	7.23548222	0.53715551
38.53599896	7.23548222	0.53715551
38.53999896	7.07492638	0.53715551
38.54399896	7.07492638	0.53715551
38.54799896	7.23548222	0.53715551
38.55199896	7.23548222	0.53715551
38.55599896	7.23548222	0.53715551
38.55999896	7.07492638	0.53715551
38.56399896	7.07492638	0.53715551
38.56799896	7.07492638	0.53715551
38.57199896	7.07492638	0.53715551
38.57599896	7.23548222	0.53715551
38.57999896	7.23548222	0.53715551
38.58399896	7.23548222	0.53715551
38.58799896	7.23548222	0.53715551
38.59199896	7.07492638	0.53715551
38.59599896	7.07492638	0.53715551
38.59999896	7.07492638	0.53715551
38.60399896	7.23548222	0.53715551
38.60799896	7.23548222	0.53715551
38.61199896	7.23548222	0.53715551
38.61599896	7.07492638	0.53715551
38.61999896	7.07492638	0.53715551
38.62399896	7.07492638	0.53715551
38.62799896	7.23548222	0.52134597
38.63199896	7.23548222	0.53715551
38.63599896	7.23548222	0.53715551
38.63999896	7.23548222	0.53715551
38.64399896	7.07492638	0.53715551
38.64799896	7.07492638	0.53715551
38.65199896	7.07492638	0.52134597
38.65599896	7.23548222	0.53715551
38.65999896	7.23548222	0.53715551
38.66399896	7.23548222	0.53715551
38.66799896	7.23548222	0.53715551
38.67199896	7.07492638	0.53715551
38.67599896	7.07492638	0.53715551
38.67999896	7.07492638	0.53715551
38.68399896	7.07492638	0.53715551
38.68799896	7.23548222	0.53715551
38.69199896	7.23548222	0.53715551
38.69599896	7.23548222	0.53715551
38.69999896	7.07492638	0.53715551
38.70399896	7.07492638	0.53715551
38.70799896	7.07492638	0.53715551
38.71199896	7.23548222	0.53715551
38.71599896	7.23548222	0.53715551
38.71999896	7.07492638	0.53715551
38.72399896	7.23548222	0.53715551
38.72799896	7.23548222	0.53715551
38.73199896	7.07492638	0.53715551
38.73599896	7.07492638	0.53715551
38.73999896	7.07492638	0.52134597
38.74399896	7.23548222	0.53715551
38.74799896	7.23548222	0.53715551
38.75199896	7.23548222	0.53715551
38.75599896	7.07492638	0.53715551
38.75999896	7.07492638	0.52134597
38.76399896	7.23548222	0.53715551
38.76799896	7.23548222	0.53715551
38.77199896	7.23548222	0.53715551
38.77599896	7.23548222	0.53715551
38.77999896	7.23548222	0.52134597
38.78399896	7.07492638	0.53715551
38.78799896	7.07492638	0.53715551
38.79199896	7.07492638	0.53715551
38.79599896	7.23548222	0.53715551
38.79999896	7.23548222	0.53715551
38.80399896	7.23548222	0.53715551
38.80799896	7.07492638	0.53715551
38.81199896	7.07492638	0.53715551
38.81599896	7.07492638	0.53715551
38.81999896	7.23548222	0.53715551
38.82399896	7.23548222	0.53715551
38.82799896	7.23548222	0.53715551
38.83199896	7.23548222	0.53715551
38.83599896	7.07492638	0.52134597
38.83999896	7.07492638	0.53715551
38.84399896	7.07492638	0.53715551
38.84799896	7.07492638	0.53715551
38.85199896	7.23548222	0.52134597
38.85599896	7.23548222	0.53715551
38.85999896	7.23548222	0.52134597
38.86399896	7.23548222	0.53715551
38.86799895	7.07492638	0.53715551
38.87199895	7.23548222	0.53715551
38.87599895	7.07492638	0.53715551
38.87999895	7.23548222	0.53715551
38.88399895	7.23548222	0.53715551
38.88799895	7.23548222	0.53715551
38.89199895	7.07492638	0.53715551
38.89599895	7.07492638	0.53715551
38.89999895	7.23548222	0.53715551
38.90399895	7.23548222	0.53715551
38.90799895	7.23548222	0.52134597
38.91199895	7.23548222	0.53715551
38.91599895	7.23548222	0.53715551
38.91999895	7.07492638	0.53715551
38.92399895	7.23548222	0.52134597
38.92799895	7.07492638	0.53715551
38.93199895	7.23548222	0.53715551
38.93599895	7.23548222	0.53715551
38.93999895	7.07492638	0.53715551
38.94399895	7.07492638	0.53715551
38.94799895	7.07492638	0.52134597
38.95199895	7.23548222	0.53715551
38.95599895	7.23548222	0.53715551
38.95999895	7.23548222	0.53715551
38.96399895	7.07492638	0.52134597
38.96799895	7.23548222	0.53715551
38.97199895	7.23548222	0.52134597
38.97599895	7.07492638	0.53715551
38.97999895	7.07492638	0.53715551
38.98399895	7.23548222	0.53715551
38.98799895	7.23548222	0.52134597
38.99199895	7.23548222	0.53715551
38.99599895	7.23548222	0.52134597
38.99999895	7.23548222	0.53715551
39.00399895	7.23548222	0.53715551
39.00799895	7.23548222	0.53715551
39.01199895	7.07492638	0.53715551
39.01599895	7.23548222	0.52134597
39.01999895	7.23548222	0.53715551
39.02399895	7.23548222	0.53715551
39.02799895	7.07492638	0.53715551
39.03199895	7.23548222	0.53715551
39.03599895	7.23548222	0.52134597
39.03999895	7.23548222	0.53715551
39.04399895	7.23548222	0.53715551
39.04799895	7.23548222	0.53715551
39.05199895	7.23548222	0.52134597
39.05599895	7.23548222	0.53715551
39.05999895	7.07492638	0.53715551
39.06399895	7.23548222	0.52134597
39.06799895	7.07492638	0.53715551
39.07199895	7.23548222	0.52134597
39.07599895	7.23548222	0.53715551
39.07999895	7.23548222	0.53715551
39.08399895	7.23548222	0.52134597
39.08799895	7.23548222	0.53715551
39.09199895	7.07492638	0.53715551
39.09599895	7.23548222	0.53715551
39.09999895	7.23548222	0.53715551
39.10399895	7.23548222	0.52134597
39.10799895	7.23548222	0.52134597
39.11199895	7.23548222	0.52134597
39.11599895	7.07492638	0.52134597
39.11999895	7.23548222	0.52134597
39.12399895	7.23548222	0.53715551
39.12799895	7.23548222	0.53715551
39.13199895	7.23548222	0.52134597
39.13599895	7.23548222	0.52134597
39.13999895	7.23548222	0.52134597
39.14399895	7.07492638	0.52134597
39.14799895	7.07492638	0.52134597
39.15199895	7.23548222	0.53715551
39.15599895	7.23548222	0.53715551
39.15999895	7.23548222	0.53715551
39.16399895	7.23548222	0.52134597
39.16799895	7.07492638	0.52134597
39.17199895	7.23548222	0.52134597
39.17599895	7.23548222	0.53715551
39.17999895	7.23548222	0.52134597
39.18399895	7.23548222	0.52134597
39.18799895	7.23548222	0.53715551
39.19199895	7.23548222	0.53715551
39.19599895	7.07492638	0.52134597
39.19999895	7.23548222	0.53715551
39.20399895	7.23548222	0.52134597
39.20799895	7.23548222	0.53715551
39.21199895	7.23548222	0.52134597
39.21599895	7.07492638	0.52134597
39.21999894	7.07492638	0.53715551
39.22399894	7.23548222	0.52134597
39.22799894	7.23548222	0.52134597
39.23199894	7.23548222	0.53715551
39.23599894	7.23548222	0.53715551
39.23999894	7.23548222	0.52134597
39.24399894	7.23548222	0.52134597
39.24799894	7.23548222	0.52134597
39.25199894	7.23548222	0.52134597
39.25599894	7.23548222	0.53715551
39.25999894	7.23548222	0.53715551
39.26399894	7.07492638	0.53715551
39.26799894	7.07492638	0.52134597
39.27199894	7.23548222	0.52134597
39.27599894	7.23548222	0.52134597
39.27999894	7.23548222	0.53715551
39.28399894	7.07492638	0.52134597
39.28799894	7.23548222	0.53715551
39.29199894	7.23548222	0.52134597
39.29599894	7.23548222	0.52134597
39.29999894	7.23548222	0.53715551
39.30399894	7.23548222	0.53715551
39.30799894	7.23548222	0.52134597
39.31199894	7.23548222	0.53715551
39.31599894	7.23548222	0.52134597
39.31999894	7.23548222	0.52134597
39.32399894	7.23548222	0.52134597
39.32799894	7.23548222	0.53715551
39.33199894	7.23548222	0.53715551
39.33599894	7.23548222	0.52134597
39.33999894	7.23548222	0.52134597
39.34399894	7.23548222	0.52134597
39.34799894	7.23548222	0.52134597
39.35199894	7.23548222	0.52134597
39.35599894	7.23548222	0.52134597
39.35999894	7.23548222	0.52134597
39.36399894	7.07492638	0.52134597
39.36799894	7.23548222	0.52134597
39.37199894	7.23548222	0.52134597
39.37599894	7.23548222	0.52134597
39.37999894	7.23548222	0.52134597
39.38399894	7.07492638	0.53715551
39.38799894	7.07492638	0.52134597
39.39199894	7.23548222	0.52134597
39.39599894	7.23548222	0.52134597
39.39999894	7.23548222	0.53715551
39.40399894	7.23548222	0.52134597
39.40799894	7.07492638	0.53715551
39.41199894	7.23548222	0.52134597
39.41599894	7.23548222	0.52134597
39.41999894	7.23548222	0.52134597
39.42399894	7.23548222	0.53715551
39.42799894	7.23548222	0.52134597
39.43199894	7.23548222	0.52134597
39.43599894	7.07492638	0.52134597
39.43999894	7.07492638	0.52134597
39.44399894	7.23548222	0.52134597
39.44799894	7.23548222	0.52134597
39.45199894	7.23548222	0.52134597
39.45599894	7.07492638	0.52134597
39.45999894	7.07492638	0.52134597
39.46399894	7.23548222	0.52134597
39.46799894	7.23548222	0.52134597
39.47199894	7.23548222	0.52134597
39.47599894	7.23548222	0.52134597
39.47999894	7.23548222	0.52134597
39.48399894	7.23548222	0.52134597
39.48799894	7.23548222	0.53715551
39.49199894	7.23548222	0.52134597
39.49599894	7.23548222	0.52134597
39.49999894	7.23548222	0.52134597
39.50399894	7.23548222	0.53715551
39.50799894	7.07492638	0.52134597
39.51199894	7.23548222	0.52134597
39.51599894	7.23548222	0.52134597
39.51999894	7.23548222	0.52134597
39.52399894	7.07492638	0.52134597
39.52799894	7.23548222	0.52134597
39.53199894	7.23548222	0.52134597
39.53599894	7.23548222	0.53715551
39.53999894	7.23548222	0.52134597
39.54399894	7.23548222	0.52134597
39.54799894	7.23548222	0.52134597
39.55199894	7.23548222	0.52134597
39.55599894	7.23548222	0.52134597
39.55999894	7.23548222	0.52134597
39.56399894	7.23548222	0.52134597
39.56799894	7.23548222	0.53715551
39.57199894	7.23548222	0.52134597
39.57599893	7.23548222	0.52134597
39.57999893	7.23548222	0.52134597
39.58399893	7.23548222	0.52134597
39.58799893	7.23548222	0.52134597
39.59199893	7.23548222	0.52134597
39.59599893	7.23548222	0.52134597
39.59999893	7.23548222	0.52134597
39.60399893	7.23548222	0.52134597
39.60799893	7.23548222	0.52134597
39.61199893	7.23548222	0.52134597
39.61599893	7.23548222	0.52134597
39.61999893	7.23548222	0.52134597
39.62399893	7.07492638	0.52134597
39.62799893	7.07492638	0.52134597
39.63199893	7.23548222	0.52134597
39.63599893	7.23548222	0.52134597
39.63999893	7.23548222	0.52134597
39.64399893	7.23548222	0.52134597
39.64799893	7.07492638	0.52134597
39.65199893	7.07492638	0.52134597
39.65599893	7.23548222	0.52134597
39.65999893	7.23548222	0.52134597
39.66399893	7.23548222	0.52134597
39.66799893	7.23548222	0.52134597
39.67199893	7.07492638	0.52134597
39.67599893	7.07492638	0.52134597
39.67999893	7.23548222	0.52134597
39.68399893	7.23548222	0.52134597
39.68799893	7.23548222	0.52134597
39.69199893	7.23548222	0.52134597
39.69599893	7.23548222	0.52134597
39.69999893	7.07492638	0.52134597
39.70399893	7.23548222	0.52134597
39.70799893	7.23548222	0.52134597
39.71199893	7.23548222	0.52134597
39.71599893	7.23548222	0.52134597
39.71999893	7.23548222	0.52134597
39.72399893	7.23548222	0.52134597
39.72799893	7.23548222	0.52134597
39.73199893	7.23548222	0.52134597
39.73599893	7.23548222	0.52134597
39.73999893	7.23548222	0.52134597
39.74399893	7.07492638	0.52134597
39.74799893	7.23548222	0.52134597
39.75199893	7.23548222	0.52134597
39.75599893	7.23548222	0.52134597
39.75999893	7.23548222	0.52134597
39.76399893	7.23548222	0.52134597
39.76799893	7.23548222	0.52134597
39.77199893	7.23548222	0.52134597
39.77599893	7.07492638	0.52134597
39.77999893	7.07492638	0.52134597
39.78399893	7.23548222	0.52134597
39.78799893	7.23548222	0.52134597
39.79199893	7.23548222	0.52134597
39.79599893	7.23548222	0.52134597
39.79999893	7.23548222	0.52134597
39.80399893	7.23548222	0.52134597
39.80799893	7.23548222	0.52134597
39.81199893	7.23548222	0.52134597
39.81599893	7.23548222	0.52134597
39.81999893	7.23548222	0.52134597
39.82399893	7.07492638	0.52134597
39.82799893	7.23548222	0.52134597
39.83199893	7.23548222	0.52134597
39.83599893	7.23548222	0.52134597
39.83999893	7.23548222	0.52134597
39.84399893	7.23548222	0.52134597
39.84799893	7.23548222	0.52134597
39.85199893	7.23548222	0.52134597
39.85599893	7.23548222	0.52134597
39.85999893	7.23548222	0.52134597
39.86399893	7.23548222	0.52134597
39.86799893	7.23548222	0.52134597
39.87199893	7.23548222	0.52134597
39.87599893	7.23548222	0.52134597
39.87999893	7.23548222	0.52134597
39.88399893	7.23548222	0.52134597
39.88799893	7.07492638	0.52134597
39.89199893	7.23548222	0.52134597
39.89599893	7.23548222	0.52134597
39.89999893	7.23548222	0.52134597
39.90399893	7.23548222	0.52134597
39.90799893	7.07492638	0.52134597
39.91199893	7.07492638	0.52134597
39.91599893	7.07492638	0.52134597
39.91999893	7.23548222	0.52134597
39.92399893	7.23548222	0.52134597
39.92799892	7.23548222	0.52134597
39.93199892	7.23548222	0.52134597
39.93599892	7.07492638	0.52134597
39.93999892	7.23548222	0.52134597
39.94399892	7.23548222	0.52134597
39.94799892	7.23548222	0.52134597
39.95199892	7.23548222	0.52134597
39.95599892	7.23548222	0.52134597
39.95999892	7.23548222	0.52134597
39.96399892	7.23548222	0.52134597
39.96799892	7.23548222	0.52134597
39.97199892	7.23548222	0.52134597
39.97599892	7.23548222	0.52134597
39.97999892	7.23548222	0.52134597
39.98399892	7.07492638	0.52134597
39.98799892	7.23548222	0.52134597
39.99199892	7.23548222	0.52134597
39.99599892	7.23548222	0.52134597
39.99999892	7.23548222	0.52134597
40.00399892	7.23548222	0.52134597
40.00799892	7.23548222	0.52134597
40.01199892	7.23548222	0.52134597
40.01599892	7.23548222	0.52134597
40.01999892	7.23548222	0.52134597
40.02399892	7.23548222	0.52134597
40.02799892	7.23548222	0.52134597
40.03199892	7.23548222	0.52134597
40.03599892	7.23548222	0.52134597
40.03999892	7.23548222	0.52134597
40.04399892	7.23548222	0.52134597
40.04799892	7.23548222	0.52134597
40.05199892	7.07492638	0.52134597
40.05599892	7.23548222	0.52134597
40.05999892	7.23548222	0.52134597
40.06399892	7.23548222	0.52134597
40.06799892	7.23548222	0.52134597
40.07199892	7.23548222	0.52134597
40.07599892	7.23548222	0.52134597
40.07999892	7.07492638	0.52134597
40.08399892	7.23548222	0.52134597
40.08799892	7.23548222	0.52134597
40.09199892	7.23548222	0.52134597
40.09599892	7.23548222	0.52134597
40.09999892	7.07492638	0.52134597
40.10399892	7.23548222	0.52134597
40.10799892	7.23548222	0.52134597
40.11199892	7.23548222	0.52134597
40.11599892	7.23548222	0.52134597
40.11999892	7.23548222	0.52134597
40.12399892	7.23548222	0.52134597
40.12799892	7.23548222	0.52134597
40.13199892	7.23548222	0.52134597
40.13599892	7.23548222	0.52134597
40.13999892	7.23548222	0.52134597
40.14399892	7.23548222	0.52134597
40.14799892	7.23548222	0.52134597
40.15199892	7.23548222	0.52134597
40.15599892	7.07492638	0.52134597
40.15999892	7.23548222	0.52134597
40.16399892	7.23548222	0.52134597
40.16799892	7.23548222	0.52134597
40.17199892	7.07492638	0.52134597
40.17599892	7.07492638	0.52134597
40.17999892	7.23548222	0.52134597
40.18399892	7.23548222	0.52134597
40.18799892	7.07492638	0.52134597
40.19199892	7.07492638	0.52134597
40.19599892	7.23548222	0.52134597
40.19999892	7.23548222	0.52134597
40.20399892	7.23548222	0.52134597
40.20799892	7.07492638	0.52134597
40.21199892	7.23548222	0.52134597
40.21599892	7.23548222	0.52134597
40.21999892	7.23548222	0.52134597
40.22399892	7.07492638	0.52134597
40.22799892	7.07492638	0.52134597
40.23199892	7.23548222	0.52134597
40.23599892	7.23548222	0.52134597
40.23999892	7.07492638	0.52134597
40.24399892	7.23548222	0.52134597
40.24799892	7.23548222	0.52134597
40.25199892	7.23548222	0.52134597
40.25599892	7.23548222	0.52134597
40.25999892	7.07492638	0.52134597
40.26399892	7.07492638	0.52134597
40.26799892	7.23548222	0.52134597
40.27199892	7.23548222	0.52134597
40.27599892	7.23548222	0.52134597
40.27999891	7.23548222	0.52134597
40.28399891	7.23548222	0.52134597
40.28799891	7.07492638	0.52134597
40.29199891	7.07492638	0.52134597
40.29599891	7.23548222	0.52134597
40.29999891	7.23548222	0.52134597
40.30399891	7.23548222	0.52134597
40.30799891	7.23548222	0.52134597
40.31199891	7.07492638	0.52134597
40.31599891	7.07492638	0.52134597
40.31999891	7.23548222	0.52134597
40.32399891	7.23548222	0.52134597
40.32799891	7.23548222	0.52134597
40.33199891	7.23548222	0.52134597
40.33599891	7.23548222	0.52134597
40.33999891	7.23548222	0.52134597
40.34399891	7.07492638	0.52134597
40.34799891	7.07492638	0.52134597
40.35199891	7.23548222	0.52134597
40.35599891	7.23548222	0.52134597
40.35999891	7.23548222	0.52134597
40.36399891	7.23548222	0.52134597
40.36799891	7.07492638	0.52134597
40.37199891	7.23548222	0.52134597
40.37599891	7.23548222	0.52134597
40.37999891	7.23548222	0.52134597
40.38399891	7.23548222	0.52134597
40.38799891	7.23548222	0.52134597
40.39199891	7.23548222	0.52134597
40.39599891	7.07492638	0.52134597
40.39999891	7.07492638	0.52134597
40.40399891	7.23548222	0.52134597
40.40799891	7.23548222	0.52134597
40.41199891	7.23548222	0.52134597
40.41599891	7.23548222	0.52134597
40.41999891	7.23548222	0.52134597
40.42399891	7.23548222	0.52134597
40.42799891	7.23548222	0.52134597
40.43199891	7.23548222	0.52134597
40.43599891	7.23548222	0.52134597
40.43999891	7.23548222	0.52134597
40.44399891	7.23548222	0.52134597
40.44799891	7.23548222	0.52134597
40.45199891	7.23548222	0.52134597
40.45599891	7.07492638	0.52134597
40.45999891	7.07492638	0.52134597
40.46399891	7.23548222	0.52134597
40.46799891	7.23548222	0.52134597
40.47199891	7.23548222	0.52134597
40.47599891	7.23548222	0.52134597
40.47999891	7.07492638	0.52134597
40.48399891	7.23548222	0.52134597
40.48799891	7.23548222	0.52134597
40.49199891	7.23548222	0.52134597
40.49599891	7.23548222	0.52134597
40.49999891	7.23548222	0.52134597
40.50399891	7.23548222	0.52134597
40.50799891	7.23548222	0.52134597
40.51199891	7.23548222	0.52134597
40.51599891	7.07492638	0.52134597
40.51999891	7.07492638	0.52134597
40.52399891	7.23548222	0.52134597
40.52799891	7.23548222	0.52134597
40.53199891	7.23548222	0.52134597
40.53599891	7.23548222	0.52134597
40.53999891	7.23548222	0.52134597
40.54399891	7.07492638	0.52134597
40.54799891	7.23548222	0.52134597
40.55199891	7.23548222	0.52134597
40.55599891	7.23548222	0.52134597
40.55999891	7.23548222	0.52134597
40.56399891	7.07492638	0.52134597
40.56799891	7.07492638	0.52134597
40.57199891	7.23548222	0.52134597
40.57599891	7.23548222	0.52134597
40.57999891	7.23548222	0.52134597
40.58399891	7.23548222	0.52134597
40.58799891	7.23548222	0.52134597
40.59199891	7.07492638	0.52134597
40.59599891	7.07492638	0.52134597
40.59999891	7.23548222	0.52134597
40.60399891	7.23548222	0.52134597
40.60799891	7.23548222	0.52134597
40.61199891	7.23548222	0.52134597
40.61599891	7.23548222	0.52134597
40.61999891	7.23548222	0.52134597
40.62399891	7.23548222	0.52134597
40.62799891	7.23548222	0.52134597
40.63199891	7.23548222	0.52134597
40.63599890	7.23548222	0.52134597
40.63999890	7.23548222	0.52134597
40.64399890	7.23548222	0.52134597
40.64799890	7.23548222	0.52134597
40.65199890	7.23548222	0.52134597
40.65599890	7.23548222	0.52134597
40.65999890	7.23548222	0.52134597
40.66399890	7.23548222	0.52134597
40.66799890	7.23548222	0.52134597
40.67199890	7.23548222	0.52134597
40.67599890	7.23548222	0.52134597
40.67999890	7.23548222	0.52134597
40.68399890	7.23548222	0.52134597
40.68799890	7.23548222	0.52134597
40.69199890	7.23548222	0.52134597
40.69599890	7.23548222	0.52134597
40.69999890	7.23548222	0.52134597
40.70399890	7.23548222	0.52134597
40.70799890	7.23548222	0.52134597
40.71199890	7.07492638	0.52134597
40.71599890	7.07492638	0.52134597
40.71999890	7.23548222	0.52134597
40.72399890	7.23548222	0.52134597
40.72799890	7.23548222	0.52134597
40.73199890	7.07492638	0.52134597
40.73599890	7.07492638	0.52134597
40.73999890	7.23548222	0.52134597
40.74399890	7.23548222	0.52134597
40.74799890	7.23548222	0.52134597
40.75199890	7.23548222	0.52134597
40.75599890	7.23548222	0.52134597
40.75999890	7.23548222	0.52134597
40.76399890	7.07492638	0.52134597
40.76799890	7.07492638	0.52134597
40.77199890	7.23548222	0.52134597
40.77599890	7.23548222	0.52134597
40.77999890	7.23548222	0.52134597
40.78399890	7.07492638	0.52134597
40.78799890	7.23548222	0.52134597
40.79199890	7.23548222	0.52134597
40.79599890	7.07492638	0.52134597
40.79999890	7.07492638	0.52134597
40.80399890	7.23548222	0.52134597
40.80799890	7.23548222	0.52134597
40.81199890	7.23548222	0.52134597
40.81599890	7.23548222	0.52134597
40.81999890	7.07492638	0.52134597
40.82399890	7.23548222	0.52134597
40.82799890	7.23548222	0.52134597
40.83199890	7.23548222	0.52134597
40.83599890	7.23548222	0.52134597
40.83999890	7.23548222	0.52134597
40.84399890	7.23548222	0.52134597
40.84799890	7.07492638	0.52134597
40.85199890	7.07492638	0.52134597
40.85599890	7.23548222	0.52134597
40.85999890	7.23548222	0.52134597
40.86399890	7.23548222	0.52134597
40.86799890	7.23548222	0.52134597
40.87199890	7.23548222	0.52134597
40.87599890	7.23548222	0.52134597
40.87999890	7.23548222	0.52134597
40.88399890	7.23548222	0.52134597
40.88799890	7.23548222	0.52134597
40.89199890	7.23548222	0.52134597
40.89599890	7.23548222	0.52134597
40.89999890	7.07492638	0.52134597
40.90399890	7.23548222	0.52134597
40.90799890	7.23548222	0.52134597
40.91199890	7.23548222	0.52134597
40.91599890	7.23548222	0.52134597
40.91999890	7.23548222	0.52134597
40.92399890	7.23548222	0.52134597
40.92799890	7.07492638	0.52134597
40.93199890	7.23548222	0.52134597
40.93599890	7.23548222	0.52134597
40.93999890	7.23548222	0.52134597
40.94399890	7.23548222	0.52134597
40.94799890	7.07492638	0.52134597
40.95199890	7.23548222	0.52134597
40.95599890	7.23548222	0.52134597
40.95999890	7.23548222	0.52134597
40.96399890	7.23548222	0.52134597
40.96799890	7.23548222	0.52134597
40.97199890	7.23548222	0.52134597
40.97599890	7.23548222	0.52134597
40.97999890	7.07492638	0.52134597
40.98399890	7.23548222	0.52134597
40.98799889	7.23548222	0.52134597
40.99199889	7.23548222	0.52134597
40.99599889	7.23548222	0.52134597
40.99999889	7.23548222	0.52134597
41.00399889	7.07492638	0.50553644
41.00799889	7.23548222	0.52134597
41.01199889	7.23548222	0.52134597
41.01599889	7.23548222	0.52134597
41.01999889	7.23548222	0.52134597
41.02399889	7.23548222	0.52134597
41.02799889	7.07492638	0.52134597
41.03199889	7.07492638	0.52134597
41.03599889	7.23548222	0.52134597
41.03999889	7.23548222	0.52134597
41.04399889	7.23548222	0.52134597
41.04799889	7.23548222	0.52134597
41.05199889	7.23548222	0.52134597
41.05599889	7.23548222	0.52134597
41.05999889	7.23548222	0.52134597
41.06399889	7.23548222	0.52134597
41.06799889	7.23548222	0.52134597
41.07199889	7.23548222	0.52134597
41.07599889	7.23548222	0.52134597
41.07999889	7.23548222	0.52134597
41.08399889	7.23548222	0.50553644
41.08799889	7.23548222	0.52134597
41.09199889	7.23548222	0.52134597
41.09599889	7.23548222	0.52134597
41.09999889	7.23548222	0.52134597
41.10399889	7.23548222	0.52134597
41.10799889	7.23548222	0.52134597
41.11199889	7.23548222	0.52134597
41.11599889	7.23548222	0.50553644
41.11999889	7.23548222	0.52134597
41.12399889	7.23548222	0.52134597
41.12799889	7.23548222	0.52134597
41.13199889	7.23548222	0.52134597
41.13599889	7.23548222	0.52134597
41.13999889	7.23548222	0.52134597
41.14399889	7.23548222	0.52134597
41.14799889	7.23548222	0.52134597
41.15199889	7.23548222	0.52134597
41.15599889	7.23548222	0.52134597
41.15999889	7.23548222	0.52134597
41.16399889	7.23548222	0.52134597
41.16799889	7.23548222	0.52134597
41.17199889	7.23548222	0.52134597
41.17599889	7.23548222	0.52134597
41.17999889	7.23548222	0.52134597
41.18399889	7.23548222	0.50553644
41.18799889	7.23548222	0.50553644
41.19199889	7.23548222	0.52134597
41.19599889	7.07492638	0.50553644
41.19999889	7.07492638	0.52134597
41.20399889	7.23548222	0.50553644
41.20799889	7.23548222	0.52134597
41.21199889	7.23548222	0.52134597
41.21599889	7.07492638	0.52134597
41.21999889	7.07492638	0.52134597
41.22399889	7.23548222	0.52134597
41.22799889	7.23548222	0.52134597
41.23199889	7.23548222	0.52134597
41.23599889	7.23548222	0.52134597
41.23999889	7.23548222	0.52134597
41.24399889	7.23548222	0.50553644
41.24799889	7.07492638	0.52134597
41.25199889	7.23548222	0.52134597
41.25599889	7.23548222	0.52134597
41.25999889	7.23548222	0.52134597
41.26399889	7.23548222	0.52134597
41.26799889	7.07492638	0.52134597
41.27199889	7.23548222	0.52134597
41.27599889	7.23548222	0.50553644
41.27999889	7.23548222	0.52134597
41.28399889	7.23548222	0.52134597
41.28799889	7.23548222	0.50553644
41.29199889	7.23548222	0.50553644
41.29599889	7.23548222	0.52134597
41.29999889	7.23548222	0.52134597
41.30399889	7.23548222	0.52134597
41.30799889	7.23548222	0.52134597
41.31199889	7.23548222	0.52134597
41.31599889	7.23548222	0.50553644
41.31999889	7.23548222	0.52134597
41.32399889	7.23548222	0.52134597
41.32799889	7.23548222	0.52134597
41.33199889	7.23548222	0.52134597
41.33599889	7.23548222	0.52134597
41.33999889	7.23548222	0.52134597
41.34399888	7.23548222	0.52134597
41.34799888	7.23548222	0.52134597
41.35199888	7.07492638	0.52134597
41.35599888	7.23548222	0.50553644
41.35999888	7.23548222	0.52134597
41.36399888	7.23548222	0.50553644
41.36799888	7.23548222	0.52134597
41.37199888	7.23548222	0.50553644
41.37599888	7.23548222	0.50553644
41.37999888	7.23548222	0.50553644
41.38399888	7.23548222	0.52134597
41.38799888	7.23548222	0.50553644
41.39199888	7.23548222	0.52134597
41.39599888	7.23548222	0.52134597
41.39999888	7.23548222	0.52134597
41.40399888	7.07492638	0.50553644
41.40799888	7.07492638	0.52134597
41.41199888	7.23548222	0.50553644
41.41599888	7.23548222	0.52134597
41.41999888	7.23548222	0.52134597
41.42399888	7.23548222	0.52134597
41.42799888	7.23548222	0.52134597
41.43199888	7.23548222	0.52134597
41.43599888	7.23548222	0.50553644
41.43999888	7.23548222	0.52134597
41.44399888	7.23548222	0.52134597
41.44799888	7.23548222	0.52134597
41.45199888	7.23548222	0.52134597
41.45599888	7.07492638	0.52134597
41.45999888	7.23548222	0.50553644
41.46399888	7.23548222	0.52134597
41.46799888	7.23548222	0.52134597
41.47199888	7.23548222	0.52134597
41.47599888	7.23548222	0.50553644
41.47999888	7.23548222	0.50553644
41.48399888	7.23548222	0.52134597
41.48799888	7.23548222	0.50553644
41.49199888	7.23548222	0.50553644
41.49599888	7.23548222	0.52134597
41.49999888	7.23548222	0.52134597
41.50399888	7.23548222	0.52134597
41.50799888	7.23548222	0.52134597
41.51199888	7.23548222	0.52134597
41.51599888	7.23548222	0.50553644
41.51999888	7.23548222	0.52134597
41.52399888	7.23548222	0.52134597
41.52799888	7.23548222	0.50553644
41.53199888	7.23548222	0.50553644
41.53599888	7.07492638	0.52134597
41.53999888	7.23548222	0.50553644
41.54399888	7.23548222	0.52134597
41.54799888	7.23548222	0.50553644
41.55199888	7.23548222	0.52134597
41.55599888	7.23548222	0.50553644
41.55999888	7.23548222	0.50553644
41.56399888	7.23548222	0.50553644
41.56799888	7.23548222	0.52134597
41.57199888	7.23548222	0.50553644
41.57599888	7.23548222	0.52134597
41.57999888	7.23548222	0.50553644
41.58399888	7.23548222	0.50553644
41.58799888	7.23548222	0.52134597
41.59199888	7.23548222	0.52134597
41.59599888	7.23548222	0.52134597
41.59999888	7.23548222	0.52134597
41.60399888	7.23548222	0.50553644
41.60799888	7.23548222	0.52134597
41.61199888	7.23548222	0.50553644
41.61599888	7.23548222	0.50553644
41.61999888	7.23548222	0.52134597
41.62399888	7.23548222	0.52134597
41.62799888	7.23548222	0.50553644
41.63199888	7.23548222	0.50553644
41.63599888	7.23548222	0.50553644
41.63999888	7.23548222	0.50553644
41.64399888	7.23548222	0.50553644
41.64799888	7.23548222	0.50553644
41.65199888	7.23548222	0.50553644
41.65599888	7.23548222	0.52134597
41.65999888	7.23548222	0.50553644
41.66399888	7.23548222	0.50553644
41.66799888	7.07492638	0.50553644
41.67199888	7.07492638	0.52134597
41.67599888	7.23548222	0.50553644
41.67999888	7.23548222	0.52134597
41.68399888	7.39665365	0.50553644
41.68799888	7.23548222	0.52134597
41.69199888	7.07492638	0.50553644
41.69599887	7.07492638	0.50553644
41.69999887	7.23548222	0.50553644
41.70399887	7.23548222	0.50553644
41.70799887	7.23548222	0.50553644
41.71199887	7.23548222	0.50553644
41.71599887	7.23548222	0.50553644
41.71999887	7.23548222	0.50553644
41.72399887	7.07492638	0.50553644
41.72799887	7.07492638	0.50553644
41.73199887	7.23548222	0.50553644
41.73599887	7.23548222	0.52134597
41.73999887	7.23548222	0.50553644
41.74399887	7.07492638	0.50553644
41.74799887	7.23548222	0.50553644
41.75199887	7.23548222	0.52134597
41.75599887	7.23548222	0.52134597
41.75999887	7.23548222	0.52134597
41.76399887	7.23548222	0.50553644
41.76799887	7.23548222	0.50553644
41.77199887	7.23548222	0.50553644
41.77599887	7.07492638	0.52134597
41.77999887	7.07492638	0.50553644
41.78399887	7.23548222	0.50553644
41.78799887	7.23548222	0.50553644
41.79199887	7.23548222	0.52134597
41.79599887	7.07492638	0.50553644
41.79999887	7.07492638	0.50553644
41.80399887	7.23548222	0.50553644
41.80799887	7.23548222	0.52134597
41.81199887	7.23548222	0.50553644
41.81599887	7.23548222	0.50553644
41.81999887	7.23548222	0.50553644
41.82399887	7.23548222	0.50553644
41.82799887	7.07492638	0.50553644
41.83199887	7.07492638	0.50553644
41.83599887	7.23548222	0.52134597
41.83999887	7.23548222	0.50553644
41.84399887	7.23548222	0.50553644
41.84799887	7.23548222	0.50553644
41.85199887	7.23548222	0.50553644
41.85599887	7.23548222	0.50553644
41.85999887	7.07492638	0.50553644
41.86399887	7.23548222	0.50553644
41.86799887	7.23548222	0.50553644
41.87199887	7.23548222	0.50553644
41.87599887	7.23548222	0.50553644
41.87999887	7.23548222	0.50553644
41.88399887	7.23548222	0.50553644
41.88799887	7.23548222	0.50553644
41.89199887	7.07492638	0.50553644
41.89599887	7.23548222	0.50553644
41.89999887	7.23548222	0.50553644
41.90399887	7.23548222	0.50553644
41.90799887	7.23548222	0.50553644
41.91199887	7.23548222	0.50553644
41.91599887	7.23548222	0.50553644
41.91999887	7.07492638	0.50553644
41.92399887	7.23548222	0.50553644
41.92799887	7.23548222	0.50553644
41.93199887	7.23548222	0.50553644
41.93599887	7.23548222	0.50553644
41.93999887	7.23548222	0.50553644
41.94399887	7.07492638	0.50553644
41.94799887	7.23548222	0.50553644
41.95199887	7.23548222	0.50553644
41.95599887	7.23548222	0.50553644
41.95999887	7.23548222	0.50553644
41.96399887	7.23548222	0.50553644
41.96799887	7.07492638	0.50553644
41.97199887	7.07492638	0.50553644
41.97599887	7.23548222	0.50553644
41.97999887	7.23548222	0.50553644
41.98399887	7.23548222	0.50553644
41.98799887	7.23548222	0.50553644
41.99199887	7.23548222	0.50553644
41.99599887	7.07492638	0.50553644
41.99999887	7.23548222	0.50553644
42.00399887	7.23548222	0.50553644
42.00799887	7.23548222	0.50553644
42.01199887	7.23548222	0.50553644
42.01599887	7.23548222	0.50553644
42.01999887	7.23548222	0.50553644
42.02399887	7.23548222	0.50553644
42.02799887	7.23548222	0.50553644
42.03199887	7.23548222	0.50553644
42.03599887	7.23548222	0.50553644
42.03999887	7.23548222	0.50553644
42.04399887	7.23548222	0.50553644
42.04799886	7.23548222	0.50553644
42.05199886	7.23548222	0.50553644
42.05599886	7.23548222	0.50553644
42.05999886	7.23548222	0.50553644
42.06399886	7.23548222	0.50553644
42.06799886	7.23548222	0.50553644
42.07199886	7.23548222	0.50553644
42.07599886	7.23548222	0.50553644
42.07999886	7.07492638	0.50553644
42.08399886	7.23548222	0.50553644
42.08799886	7.23548222	0.50553644
42.09199886	7.23548222	0.50553644
42.09599886	7.23548222	0.50553644
42.09999886	7.07492638	0.50553644
42.10399886	7.23548222	0.50553644
42.10799886	7.23548222	0.50553644
42.11199886	7.23548222	0.50553644
42.11599886	7.23548222	0.50553644
42.11999886	7.23548222	0.50553644
42.12399886	7.23548222	0.50553644
42.12799886	7.23548222	0.50553644
42.13199886	7.23548222	0.50553644
42.13599886	7.23548222	0.50553644
42.13999886	7.23548222	0.50553644
42.14399886	7.23548222	0.50553644
42.14799886	7.07492638	0.50553644
42.15199886	7.23548222	0.50553644
42.15599886	7.23548222	0.50553644
42.15999886	7.23548222	0.50553644
42.16399886	7.23548222	0.50553644
42.16799886	7.23548222	0.50553644
42.17199886	7.23548222	0.50553644
42.17599886	7.23548222	0.50553644
42.17999886	7.23548222	0.50553644
42.18399886	7.23548222	0.50553644
42.18799886	7.23548222	0.50553644
42.19199886	7.23548222	0.50553644
42.19599886	7.23548222	0.50553644
42.19999886	7.23548222	0.50553644
42.20399886	7.23548222	0.50553644
42.20799886	7.23548222	0.50553644
42.21199886	7.23548222	0.50553644
42.21599886	7.23548222	0.50553644
42.21999886	7.23548222	0.50553644
42.22399886	7.23548222	0.50553644
42.22799886	7.23548222	0.50553644
42.23199886	7.23548222	0.50553644
42.23599886	7.23548222	0.50553644
42.23999886	7.23548222	0.50553644
42.24399886	7.23548222	0.50553644
42.24799886	7.23548222	0.50553644
42.25199886	7.23548222	0.50553644
42.25599886	7.23548222	0.50553644
42.25999886	7.23548222	0.50553644
42.26399886	7.23548222	0.50553644
42.26799886	7.23548222	0.50553644
42.27199886	7.23548222	0.50553644
42.27599886	7.23548222	0.50553644
42.27999886	7.23548222	0.50553644
42.28399886	7.23548222	0.50553644
42.28799886	7.23548222	0.50553644
42.29199886	7.23548222	0.50553644
42.29599886	7.23548222	0.50553644
42.29999886	7.23548222	0.50553644
42.30399886	7.23548222	0.50553644
42.30799886	7.23548222	0.50553644
42.31199886	7.23548222	0.50553644
42.31599886	7.23548222	0.50553644
42.31999886	7.23548222	0.50553644
42.32399886	7.23548222	0.50553644
42.32799886	7.23548222	0.50553644
42.33199886	7.23548222	0.50553644
42.33599886	7.23548222	0.50553644
42.33999886	7.07492638	0.50553644
42.34399886	7.23548222	0.50553644
42.34799886	7.23548222	0.50553644
42.35199886	7.23548222	0.50553644
42.35599886	7.23548222	0.50553644
42.35999886	7.23548222	0.50553644
42.36399886	7.23548222	0.50553644
42.36799886	7.23548222	0.50553644
42.37199886	7.23548222	0.50553644
42.37599886	7.23548222	0.50553644
42.37999886	7.23548222	0.50553644
42.38399886	7.23548222	0.50553644
42.38799886	7.23548222	0.50553644
42.39199886	7.23548222	0.50553644
42.39599886	7.23548222	0.50553644
42.39999886	7.23548222	0.50553644
42.40399885	7.23548222	0.50553644
42.40799885	7.23548222	0.50553644
42.41199885	7.23548222	0.50553644
42.41599885	7.23548222	0.50553644
42.41999885	7.23548222	0.50553644
42.42399885	7.23548222	0.50553644
42.42799885	7.23548222	0.50553644
42.43199885	7.23548222	0.50553644
42.43599885	7.23548222	0.50553644
42.43999885	7.23548222	0.50553644
42.44399885	7.23548222	0.50553644
42.44799885	7.23548222	0.50553644
42.45199885	7.23548222	0.50553644
42.45599885	7.23548222	0.50553644
42.45999885	7.23548222	0.50553644
42.46399885	7.07492638	0.50553644
42.46799885	7.23548222	0.50553644
42.47199885	7.23548222	0.50553644
42.47599885	7.23548222	0.50553644
42.47999885	7.23548222	0.50553644
42.48399885	7.23548222	0.50553644
42.48799885	7.23548222	0.50553644
42.49199885	7.23548222	0.50553644
42.49599885	7.23548222	0.50553644
42.49999885	7.23548222	0.50553644
42.50399885	7.23548222	0.50553644
42.50799885	7.23548222	0.50553644
42.51199885	7.23548222	0.50553644
42.51599885	7.23548222	0.50553644
42.51999885	7.23548222	0.50553644
42.52399885	7.23548222	0.50553644
42.52799885	7.23548222	0.50553644
42.53199885	7.23548222	0.50553644
42.53599885	7.23548222	0.50553644
42.53999885	7.23548222	0.50553644
42.54399885	7.07492638	0.50553644
42.54799885	7.23548222	0.50553644
42.55199885	7.23548222	0.50553644
42.55599885	7.23548222	0.50553644
42.55999885	7.23548222	0.50553644
42.56399885	7.23548222	0.50553644
42.56799885	7.23548222	0.50553644
42.57199885	7.23548222	0.50553644
42.57599885	7.23548222	0.50553644
42.57999885	7.23548222	0.50553644
42.58399885	7.23548222	0.50553644
42.58799885	7.23548222	0.50553644
42.59199885	7.23548222	0.50553644
42.59599885	7.23548222	0.50553644
42.59999885	7.23548222	0.50553644
42.60399885	7.23548222	0.50553644
42.60799885	7.23548222	0.50553644
42.61199885	7.07492638	0.50553644
42.61599885	7.23548222	0.50553644
42.61999885	7.23548222	0.50553644
42.62399885	7.23548222	0.50553644
42.62799885	7.23548222	0.50553644
42.63199885	7.23548222	0.50553644
42.63599885	7.23548222	0.50553644
42.63999885	7.07492638	0.50553644
42.64399885	7.07492638	0.50553644
42.64799885	7.23548222	0.50553644
42.65199885	7.23548222	0.50553644
42.65599885	7.23548222	0.50553644
42.65999885	7.23548222	0.50553644
42.66399885	7.23548222	0.50553644
42.66799885	7.23548222	0.50553644
42.67199885	7.23548222	0.50553644
42.67599885	7.07492638	0.50553644
42.67999885	7.23548222	0.50553644
42.68399885	7.23548222	0.50553644
42.68799885	7.23548222	0.50553644
42.69199885	7.07492638	0.50553644
42.69599885	7.07492638	0.50553644
42.69999885	7.23548222	0.50553644
42.70399885	7.23548222	0.50553644
42.70799885	7.23548222	0.50553644
42.71199885	7.07492638	0.50553644
42.71599885	7.23548222	0.50553644
42.71999885	7.23548222	0.50553644
42.72399885	7.23548222	0.50553644
42.72799885	7.23548222	0.50553644
42.73199885	7.23548222	0.50553644
42.73599885	7.23548222	0.50553644
42.73999885	7.23548222	0.50553644
42.74399885	7.23548222	0.50553644
42.74799885	7.07492638	0.50553644
42.75199885	7.23548222	0.50553644
42.75599884	7.23548222	0.50553644
42.75999884	7.23548222	0.50553644
42.76399884	7.23548222	0.50553644
42.76799884	7.23548222	0.50553644
42.77199884	7.23548222	0.50553644
42.77599884	7.23548222	0.50553644
42.77999884	7.23548222	0.50553644
42.78399884	7.07492638	0.50553644
42.78799884	7.23548222	0.50553644
42.79199884	7.23548222	0.50553644
42.79599884	7.23548222	0.50553644
42.79999884	7.07492638	0.50553644
42.80399884	7.23548222	0.50553644
42.80799884	7.23548222	0.50553644
42.81199884	7.23548222	0.50553644
42.81599884	7.07492638	0.50553644
42.81999884	7.23548222	0.50553644
42.82399884	7.23548222	0.50553644
42.82799884	7.23548222	0.50553644
42.83199884	7.07492638	0.50553644
42.83599884	7.07492638	0.50553644
42.83999884	7.23548222	0.50553644
42.84399884	7.23548222	0.50553644
42.84799884	7.23548222	0.50553644
42.85199884	7.23548222	0.50553644
42.85599884	7.23548222	0.50553644
42.85999884	7.23548222	0.50553644
42.86399884	7.07492638	0.50553644
42.86799884	7.07492638	0.50553644
42.87199884	7.07492638	0.50553644
42.87599884	7.23548222	0.50553644
42.87999884	7.23548222	0.50553644
42.88399884	7.23548222	0.50553644
42.88799884	7.23548222	0.50553644
42.89199884	7.23548222	0.50553644
42.89599884	7.07492638	0.50553644
42.89999884	7.07492638	0.50553644
42.90399884	7.23548222	0.50553644
42.90799884	7.23548222	0.50553644
42.91199884	7.23548222	0.50553644
42.91599884	7.07492638	0.50553644
42.91999884	7.23548222	0.50553644
42.92399884	7.23548222	0.50553644
42.92799884	7.23548222	0.50553644
42.93199884	7.23548222	0.50553644
42.93599884	7.23548222	0.50553644
42.93999884	7.23548222	0.50553644
42.94399884	7.23548222	0.50553644
42.94799884	7.23548222	0.50553644
42.95199884	7.23548222	0.50553644
42.95599884	7.23548222	0.50553644
42.95999884	7.23548222	0.50553644
42.96399884	7.23548222	0.50553644
42.96799884	7.07492638	0.50553644
42.97199884	7.07492638	0.50553644
42.97599884	7.23548222	0.50553644
42.97999884	7.23548222	0.50553644
42.98399884	7.23548222	0.50553644
42.98799884	7.07492638	0.50553644
42.99199884	7.23548222	0.50553644
42.99599884	7.23548222	0.50553644
42.99999884	7.23548222	0.50553644
43.00399884	7.23548222	0.50553644
43.00799884	7.23548222	0.50553644
43.01199884	7.23548222	0.50553644
43.01599884	7.23548222	0.50553644
43.01999884	7.07492638	0.50553644
43.02399884	7.23548222	0.50553644
43.02799884	7.23548222	0.50553644
43.03199884	7.23548222	0.50553644
43.03599884	7.23548222	0.50553644
43.03999884	7.07492638	0.50553644
43.04399884	7.23548222	0.50553644
43.04799884	7.23548222	0.50553644
43.05199884	7.07492638	0.50553644
43.05599884	7.23548222	0.50553644
43.05999884	7.23548222	0.50553644
43.06399884	7.23548222	0.50553644
43.06799884	7.23548222	0.50553644
43.07199884	7.07492638	0.50553644
43.07599884	7.23548222	0.50553644
43.07999884	7.23548222	0.50553644
43.08399884	7.23548222	0.50553644
43.08799884	7.23548222	0.50553644
43.09199884	7.23548222	0.50553644
43.09599884	7.23548222	0.50553644
43.09999884	7.23548222	0.50553644
43.10399884	7.07492638	0.50553644
43.10799884	7.07492638	0.50553644
43.11199883	7.23548222	0.50553644
43.11599883	7.23548222	0.50553644
43.11999883	7.23548222	0.50553644
43.12399883	7.23548222	0.50553644
43.12799883	7.23548222	0.50553644
43.13199883	7.07492638	0.48972687
43.13599883	7.07492638	0.50553644
43.13999883	7.23548222	0.50553644
43.14399883	7.23548222	0.50553644
43.14799883	7.23548222	0.50553644
43.15199883	7.07492638	0.50553644
43.15599883	7.23548222	0.50553644
43.15999883	7.07492638	0.48972687
43.16399883	7.23548222	0.48972687
43.16799883	7.23548222	0.50553644
43.17199883	7.23548222	0.48972687
43.17599883	7.23548222	0.50553644
43.17999883	7.23548222	0.50553644
43.18399883	7.07492638	0.50553644
43.18799883	7.23548222	0.50553644
43.19199883	7.23548222	0.50553644
43.19599883	7.23548222	0.50553644
43.19999883	7.23548222	0.50553644
43.20399883	7.23548222	0.50553644
43.20799883	7.07492638	0.50553644
43.21199883	7.07492638	0.50553644
43.21599883	7.23548222	0.50553644
43.21999883	7.23548222	0.50553644
43.22399883	7.23548222	0.50553644
43.22799883	7.23548222	0.48972687
43.23199883	7.07492638	0.50553644
43.23599883	7.23548222	0.50553644
43.23999883	7.23548222	0.48972687
43.24399883	7.23548222	0.48972687
43.24799883	7.07492638	0.50553644
43.25199883	7.07492638	0.50553644
43.25599883	7.23548222	0.48972687
43.25999883	7.23548222	0.48972687
43.26399883	7.23548222	0.48972687
43.26799883	7.23548222	0.50553644
43.27199883	7.23548222	0.50553644
43.27599883	7.23548222	0.50553644
43.27999883	7.23548222	0.50553644
43.28399883	7.23548222	0.50553644
43.28799883	7.23548222	0.50553644
43.29199883	7.23548222	0.50553644
43.29599883	7.23548222	0.50553644
43.29999883	7.23548222	0.50553644
43.30399883	7.23548222	0.50553644
43.30799883	7.07492638	0.50553644
43.31199883	7.23548222	0.50553644
43.31599883	7.23548222	0.50553644
43.31999883	7.23548222	0.50553644
43.32399883	7.23548222	0.50553644
43.32799883	7.07492638	0.50553644
43.33199883	7.23548222	0.50553644
43.33599883	7.23548222	0.48972687
43.33999883	7.23548222	0.50553644
43.34399883	7.23548222	0.50553644
43.34799883	7.07492638	0.48972687
43.35199883	7.23548222	0.50553644
43.35599883	7.23548222	0.48972687
43.35999883	7.07492638	0.50553644
43.36399883	7.23548222	0.50553644
43.36799883	7.23548222	0.50553644
43.37199883	7.23548222	0.50553644
43.37599883	7.23548222	0.50553644
43.37999883	7.07492638	0.48972687
43.38399883	7.07492638	0.50553644
43.38799883	7.07492638	0.48972687
43.39199883	7.23548222	0.50553644
43.39599883	7.23548222	0.50553644
43.39999883	7.07492638	0.50553644
43.40399883	7.23548222	0.50553644
43.40799883	7.07492638	0.50553644
43.41199883	7.23548222	0.50553644
43.41599883	7.23548222	0.50553644
43.41999883	7.23548222	0.48972687
43.42399883	7.23548222	0.50553644
43.42799883	7.23548222	0.48972687
43.43199883	7.07492638	0.48972687
43.43599883	7.07492638	0.50553644
43.43999883	7.07492638	0.48972687
43.44399883	7.23548222	0.48972687
43.44799883	7.23548222	0.50553644
43.45199883	7.23548222	0.48972687
43.45599883	7.23548222	0.50553644
43.45999883	7.23548222	0.48972687
43.46399882	7.07492638	0.48972687
43.46799882	7.07492638	0.48972687
43.47199882	7.23548222	0.50553644
43.47599882	7.23548222	0.48972687
43.47999882	7.23548222	0.50553644
43.48399882	7.23548222	0.48972687
43.48799882	7.07492638	0.48972687
43.49199882	7.23548222	0.50553644
43.49599882	7.07492638	0.50553644
43.49999882	7.23548222	0.48972687
43.50399882	7.23548222	0.48972687
43.50799882	7.23548222	0.50553644
43.51199882	7.23548222	0.50553644
43.51599882	7.23548222	0.48972687
43.51999882	7.23548222	0.50553644
43.52399882	7.23548222	0.50553644
43.52799882	7.23548222	0.48972687
43.53199882	7.23548222	0.48972687
43.53599882	7.23548222	0.50553644
43.53999882	7.23548222	0.48972687
43.54399882	7.23548222	0.48972687
43.54799882	7.23548222	0.48972687
43.55199882	7.23548222	0.48972687
43.55599882	7.23548222	0.48972687
43.55999882	7.23548222	0.48972687
43.56399882	7.23548222	0.48972687
43.56799882	7.23548222	0.50553644
43.57199882	7.23548222	0.48972687
43.57599882	7.23548222	0.50553644
43.57999882	7.23548222	0.48972687
43.58399882	7.23548222	0.50553644
43.58799882	7.23548222	0.50553644
43.59199882	7.23548222	0.48972687
43.59599882	7.07492638	0.48972687
43.59999882	7.23548222	0.50553644
43.60399882	7.23548222	0.48972687
43.60799882	7.23548222	0.50553644
43.61199882	7.23548222	0.48972687
43.61599882	7.23548222	0.50553644
43.61999882	7.07492638	0.50553644
43.62399882	7.07492638	0.50553644
43.62799882	7.23548222	0.48972687
43.63199882	7.23548222	0.48972687
43.63599882	7.23548222	0.48972687
43.63999882	7.23548222	0.48972687
43.64399882	7.23548222	0.48972687
43.64799882	7.23548222	0.50553644
43.65199882	7.23548222	0.48972687
43.65599882	7.23548222	0.48972687
43.65999882	7.23548222	0.48972687
43.66399882	7.23548222	0.48972687
43.66799882	7.23548222	0.48972687
43.67199882	7.23548222	0.50553644
43.67599882	7.23548222	0.48972687
43.67999882	7.23548222	0.50553644
43.68399882	7.23548222	0.48972687
43.68799882	7.23548222	0.48972687
43.69199882	7.23548222	0.48972687
43.69599882	7.23548222	0.48972687
43.69999882	7.23548222	0.48972687
43.70399882	7.23548222	0.48972687
43.70799882	7.23548222	0.48972687
43.71199882	7.23548222	0.48972687
43.71599882	7.23548222	0.48972687
43.71999882	7.23548222	0.48972687
43.72399882	7.23548222	0.48972687
43.72799882	7.23548222	0.48972687
43.73199882	7.23548222	0.48972687
43.73599882	7.23548222	0.50553644
43.73999882	7.23548222	0.48972687
43.74399882	7.23548222	0.48972687
43.74799882	7.07492638	0.48972687
43.75199882	7.23548222	0.48972687
43.75599882	7.23548222	0.48972687
43.75999882	7.23548222	0.48972687
43.76399882	7.07492638	0.48972687
43.76799882	7.07492638	0.48972687
43.77199882	7.23548222	0.48972687
43.77599882	7.23548222	0.48972687
43.77999882	7.07492638	0.48972687
43.78399882	7.23548222	0.48972687
43.78799882	7.23548222	0.48972687
43.79199882	7.23548222	0.50553644
43.79599882	7.07492638	0.48972687
43.79999882	7.07492638	0.48972687
43.80399882	7.23548222	0.48972687
43.80799882	7.23548222	0.48972687
43.81199882	7.23548222	0.48972687
43.81599881	7.23548222	0.48972687
43.81999881	7.23548222	0.48972687
43.82399881	7.23548222	0.48972687
43.82799881	7.07492638	0.48972687
43.83199881	7.07492638	0.48972687
43.83599881	7.23548222	0.48972687
43.83999881	7.23548222	0.48972687
43.84399881	7.23548222	0.48972687
43.84799881	7.23548222	0.48972687
43.85199881	7.07492638	0.48972687
43.85599881	7.23548222	0.48972687
43.85999881	7.23548222	0.48972687
43.86399881	7.23548222	0.48972687
43.86799881	7.23548222	0.48972687
43.87199881	7.23548222	0.48972687
43.87599881	7.23548222	0.48972687
43.87999881	7.23548222	0.48972687
43.88399881	7.07492638	0.48972687
43.88799881	7.07492638	0.48972687
43.89199881	7.23548222	0.48972687
43.89599881	7.23548222	0.48972687
43.89999881	7.23548222	0.48972687
43.90399881	7.07492638	0.48972687
43.90799881	7.23548222	0.48972687
43.91199881	7.23548222	0.48972687
43.91599881	7.23548222	0.48972687
43.91999881	7.23548222	0.48972687
43.92399881	7.23548222	0.48972687
43.92799881	7.23548222	0.48972687
43.93199881	7.23548222	0.48972687
43.93599881	7.07492638	0.48972687
43.93999881	7.23548222	0.48972687
43.94399881	7.23548222	0.48972687
43.94799881	7.23548222	0.48972687
43.95199881	7.23548222	0.48972687
43.95599881	7.23548222	0.48972687
43.95999881	7.07492638	0.48972687
43.96399881	7.23548222	0.48972687
43.96799881	7.23548222	0.48972687
43.97199881	7.23548222	0.48972687
43.97599881	7.23548222	0.48972687
43.97999881	7.07492638	0.48972687
43.98399881	7.07492638	0.48972687
43.98799881	7.23548222	0.48972687
43.99199881	7.23548222	0.48972687
43.99599881	7.23548222	0.48972687
43.99999881	7.23548222	0.48972687
44.00399881	7.23548222	0.48972687
44.00799881	7.23548222	0.50553644
44.01199881	7.07492638	0.48972687
44.01599881	7.23548222	0.48972687
44.01999881	7.23548222	0.48972687
44.02399881	7.23548222	0.48972687
44.02799881	7.23548222	0.48972687
44.03199881	7.23548222	0.48972687
44.03599881	7.07492638	0.48972687
44.03999881	7.23548222	0.48972687
44.04399881	7.23548222	0.48972687
44.04799881	7.23548222	0.48972687
44.05199881	7.23548222	0.48972687
44.05599881	7.23548222	0.48972687
44.05999881	7.23548222	0.48972687
44.06399881	7.23548222	0.48972687
44.06799881	7.23548222	0.48972687
44.07199881	7.07492638	0.48972687
44.07599881	7.23548222	0.48972687
44.07999881	7.23548222	0.48972687
44.08399881	7.23548222	0.48972687
44.08799881	7.23548222	0.48972687
44.09199881	7.07492638	0.48972687
44.09599881	7.07492638	0.48972687
44.09999881	7.07492638	0.48972687
44.10399881	7.23548222	0.48972687
44.10799881	7.23548222	0.48972687
44.11199881	7.23548222	0.48972687
44.11599881	7.23548222	0.48972687
44.11999881	7.23548222	0.48972687
44.12399881	7.07492638	0.48972687
44.12799881	7.07492638	0.48972687
44.13199881	7.23548222	0.48972687
44.13599881	7.23548222	0.48972687
44.13999881	7.23548222	0.48972687
44.14399881	7.23548222	0.48972687
44.14799881	7.07492638	0.48972687
44.15199881	7.07492638	0.48972687
44.15599881	7.07492638	0.48972687
44.15999881	7.23548222	0.48972687
44.16399881	7.23548222	0.48972687
44.16799881	7.23548222	0.48972687
44.17199880	7.23548222	0.48972687
44.17599880	7.23548222	0.48972687
44.17999880	7.23548222	0.48972687
44.18399880	7.23548222	0.48972687
44.18799880	7.23548222	0.48972687
44.19199880	7.23548222	0.48972687
44.19599880	7.23548222	0.48972687
44.19999880	7.23548222	0.48972687
44.20399880	7.07492638	0.48972687
44.20799880	7.23548222	0.48972687
44.21199880	7.23548222	0.48972687
44.21599880	7.23548222	0.48972687
44.21999880	7.23548222	0.48972687
44.22399880	7.23548222	0.48972687
44.22799880	7.23548222	0.48972687
44.23199880	7.23548222	0.48972687
44.23599880	7.07492638	0.48972687
44.23999880	7.23548222	0.48972687
44.24399880	7.23548222	0.48972687
44.24799880	7.23548222	0.48972687
44.25199880	7.23548222	0.48972687
44.25599880	7.07492638	0.48972687
44.25999880	7.23548222	0.48972687
44.26399880	7.23548222	0.48972687
44.26799880	7.23548222	0.48972687
44.27199880	7.07492638	0.48972687
44.27599880	7.23548222	0.48972687
44.27999880	7.23548222	0.48972687
44.28399880	7.23548222	0.48972687
44.28799880	7.23548222	0.48972687
44.29199880	7.07492638	0.48972687
44.29599880	7.23548222	0.48972687
44.29999880	7.23548222	0.48972687
44.30399880	7.23548222	0.48972687
44.30799880	7.23548222	0.48972687
44.31199880	7.23548222	0.48972687
44.31599880	7.23548222	0.48972687
44.31999880	7.07492638	0.48972687
44.32399880	7.07492638	0.48972687
44.32799880	7.23548222	0.48972687
44.33199880	7.23548222	0.48972687
44.33599880	7.23548222	0.48972687
44.33999880	7.07492638	0.48972687
44.34399880	7.07492638	0.48972687
44.34799880	7.23548222	0.48972687
44.35199880	7.23548222	0.48972687
44.35599880	7.07492638	0.48972687
44.35999880	7.23548222	0.48972687
44.36399880	7.23548222	0.48972687
44.36799880	7.23548222	0.48972687
44.37199880	7.23548222	0.48972687
44.37599880	7.07492638	0.48972687
44.37999880	7.07492638	0.48972687
44.38399880	7.23548222	0.48972687
44.38799880	7.23548222	0.48972687
44.39199880	7.07492638	0.48972687
44.39599880	7.07492638	0.48972687
44.39999880	7.23548222	0.48972687
44.40399880	7.23548222	0.48972687
44.40799880	7.23548222	0.48972687
44.41199880	7.07492638	0.48972687
44.41599880	7.23548222	0.48972687
44.41999880	7.23548222	0.48972687
44.42399880	7.23548222	0.48972687
44.42799880	7.07492638	0.48972687
44.43199880	7.07492638	0.48972687
44.43599880	7.23548222	0.48972687
44.43999880	7.23548222	0.48972687
44.44399880	7.07492638	0.48972687
44.44799880	7.07492638	0.48972687
44.45199880	7.23548222	0.48972687
44.45599880	7.23548222	0.48972687
44.45999880	7.23548222	0.48972687
44.46399880	7.23548222	0.48972687
44.46799880	7.23548222	0.48972687
44.47199880	7.23548222	0.48972687
44.47599880	7.23548222	0.48972687
44.47999880	7.07492638	0.48972687
44.48399880	7.23548222	0.48972687
44.48799880	7.23548222	0.48972687
44.49199880	7.23548222	0.48972687
44.49599880	7.07492638	0.48972687
44.49999880	7.23548222	0.48972687
44.50399880	7.23548222	0.48972687
44.50799880	7.07492638	0.48972687
44.51199880	7.07492638	0.48972687
44.51599880	7.07492638	0.48972687
44.51999880	7.23548222	0.48972687
44.52399879	7.23548222	0.48972687
44.52799879	7.23548222	0.48972687
44.53199879	7.07492638	0.48972687
44.53599879	7.23548222	0.48972687
44.53999879	7.23548222	0.48972687
44.54399879	7.07492638	0.48972687
44.54799879	7.23548222	0.48972687
44.55199879	7.23548222	0.48972687
44.55599879	7.23548222	0.48972687
44.55999879	7.07492638	0.48972687
44.56399879	7.07492638	0.48972687
44.56799879	7.23548222	0.48972687
44.57199879	7.23548222	0.48972687
44.57599879	7.23548222	0.48972687
44.57999879	7.23548222	0.48972687
44.58399879	7.23548222	0.48972687
44.58799879	7.07492638	0.48972687
44.59199879	7.07492638	0.48972687
44.59599879	7.07492638	0.48972687
44.59999879	7.23548222	0.48972687
44.60399879	7.23548222	0.48972687
44.60799879	7.23548222	0.48972687
44.61199879	7.07492638	0.48972687
44.61599879	7.07492638	0.48972687
44.61999879	7.07492638	0.48972687
44.62399879	7.23548222	0.48972687
44.62799879	7.07492638	0.48972687
44.63199879	7.23548222	0.48972687
44.63599879	7.07492638	0.48972687
44.63999879	7.23548222	0.48972687
44.64399879	7.07492638	0.48972687
44.64799879	7.07492638	0.48972687
44.65199879	7.23548222	0.48972687
44.65599879	7.23548222	0.48972687
44.65999879	7.23548222	0.48972687
44.66399879	7.23548222	0.48972687
44.66799879	7.07492638	0.48972687
44.67199879	7.07492638	0.48972687
44.67599879	7.23548222	0.48972687
44.67999879	7.23548222	0.48972687
44.68399879	7.23548222	0.48972687
44.68799879	7.23548222	0.48972687
44.69199879	7.23548222	0.48972687
44.69599879	7.23548222	0.48972687
44.69999879	7.07492638	0.48972687
44.70399879	7.07492638	0.48972687
44.70799879	7.23548222	0.48972687
44.71199879	7.23548222	0.48972687
44.71599879	7.23548222	0.48972687
44.71999879	7.07492638	0.48972687
44.72399879	7.07492638	0.48972687
44.72799879	7.07492638	0.48972687
44.73199879	7.23548222	0.48972687
44.73599879	7.23548222	0.48972687
44.73999879	7.23548222	0.48972687
44.74399879	7.23548222	0.48972687
44.74799879	7.23548222	0.48972687
44.75199879	7.23548222	0.48972687
44.75599879	7.07492638	0.48972687
44.75999879	7.07492638	0.48972687
44.76399879	7.23548222	0.48972687
44.76799879	7.23548222	0.48972687
44.77199879	7.07492638	0.48972687
44.77599879	7.07492638	0.48972687
44.77999879	7.07492638	0.48972687
44.78399879	7.23548222	0.48972687
44.78799879	7.23548222	0.48972687
44.79199879	7.23548222	0.48972687
44.79599879	7.23548222	0.48972687
44.79999879	7.23548222	0.48972687
44.80399879	7.07492638	0.48972687
44.80799879	7.07492638	0.48972687
44.81199879	7.23548222	0.48972687
44.81599879	7.23548222	0.48972687
44.81999879	7.23548222	0.48972687
44.82399879	7.07492638	0.48972687
44.82799879	7.07492638	0.48972687
44.83199879	7.07492638	0.48972687
44.83599879	7.23548222	0.48972687
44.83999879	7.07492638	0.48972687
44.84399879	7.23548222	0.48972687
44.84799879	7.23548222	0.48972687
44.85199879	7.23548222	0.48972687
44.85599879	7.07492638	0.48972687
44.85999879	7.07492638	0.47397885
44.86399879	7.07492638	0.48972687
44.86799879	7.23548222	0.48972687
44.87199879	7.23548222	0.48972687
44.87599878	7.23548222	0.48972687
44.87999878	7.23548222	0.48972687
44.88399878	7.07492638	0.48972687
44.88799878	7.07492638	0.48972687
44.89199878	7.23548222	0.48972687
44.89599878	7.23548222	0.48972687
44.89999878	7.23548222	0.48972687
44.90399878	7.23548222	0.48972687
44.90799878	7.07492638	0.48972687
44.91199878	7.07492638	0.48972687
44.91599878	7.23548222	0.48972687
44.91999878	7.23548222	0.48972687
44.92399878	7.23548222	0.48972687
44.92799878	7.23548222	0.48972687
44.93199878	7.23548222	0.48972687
44.93599878	7.23548222	0.48972687
44.93999878	7.07492638	0.48972687
44.94399878	7.23548222	0.48972687
44.94799878	7.23548222	0.48972687
44.95199878	7.23548222	0.48972687
44.95599878	7.23548222	0.47397885
44.95999878	7.07492638	0.48972687
44.96399878	7.07492638	0.48972687
44.96799878	7.23548222	0.48972687
44.97199878	7.23548222	0.48972687
44.97599878	7.07492638	0.47397885
44.97999878	7.23548222	0.47397885
44.98399878	7.23548222	0.48972687
44.98799878	7.23548222	0.47397885
44.99199878	7.07492638	0.48972687
44.99599878	7.23548222	0.48972687
44.99999878	7.23548222	0.48972687
45.00399878	7.23548222	0.48972687
45.00799878	7.23548222	0.48972687
45.01199878	7.23548222	0.48972687
45.01599878	7.07492638	0.48972687
45.01999878	7.23548222	0.48972687
45.02399878	7.23548222	0.48972687
45.02799878	7.23548222	0.48972687
45.03199878	7.23548222	0.48972687
45.03599878	7.23548222	0.48972687
45.03999878	7.23548222	0.48972687
45.04399878	7.07492638	0.48972687
45.04799878	7.07492638	0.48972687
45.05199878	7.23548222	0.47397885
45.05599878	7.23548222	0.48972687
45.05999878	7.23548222	0.48972687
45.06399878	7.23548222	0.48972687
45.06799878	7.23548222	0.47397885
45.07199878	7.23548222	0.48972687
45.07599878	7.07492638	0.48972687
45.07999878	7.07492638	0.48972687
45.08399878	7.23548222	0.47397885
45.08799878	7.23548222	0.48972687
45.09199878	7.23548222	0.48972687
45.09599878	7.07492638	0.48972687
45.09999878	7.07492638	0.48972687
45.10399878	7.23548222	0.47397885
45.10799878	7.23548222	0.48972687
45.11199878	7.23548222	0.48972687
45.11599878	7.23548222	0.48972687
45.11999878	7.23548222	0.48972687
45.12399878	7.23548222	0.47397885
45.12799878	7.23548222	0.48972687
45.13199878	7.23548222	0.47397885
45.13599878	7.23548222	0.48972687
45.13999878	7.23548222	0.48972687
45.14399878	7.23548222	0.48972687
45.14799878	7.07492638	0.47397885
45.15199878	7.07492638	0.48972687
45.15599878	7.23548222	0.48972687
45.15999878	7.23548222	0.48972687
45.16399878	7.23548222	0.48972687
45.16799878	7.07492638	0.48972687
45.17199878	7.23548222	0.47397885
45.17599878	7.23548222	0.48972687
45.17999878	7.23548222	0.47397885
45.18399878	7.23548222	0.48972687
45.18799878	7.23548222	0.48972687
45.19199878	7.23548222	0.48972687
45.19599878	7.23548222	0.47397885
45.19999878	7.07492638	0.48972687
45.20399878	7.07492638	0.48972687
45.20799878	7.23548222	0.48972687
45.21199878	7.23548222	0.48972687
45.21599878	7.23548222	0.48972687
45.21999878	7.07492638	0.47397885
45.22399878	7.23548222	0.47397885
45.22799878	7.23548222	0.47397885
45.23199877	7.23548222	0.48972687
45.23599877	7.07492638	0.48972687
45.23999877	7.23548222	0.47397885
45.24399877	7.23548222	0.47397885
45.24799877	7.23548222	0.47397885
45.25199877	7.23548222	0.48972687
45.25599877	7.23548222	0.48972687
45.25999877	7.23548222	0.47397885
45.26399877	7.23548222	0.47397885
45.26799877	7.23548222	0.47397885
45.27199877	7.23548222	0.48972687
45.27599877	7.23548222	0.47397885
45.27999877	7.23548222	0.48972687
45.28399877	7.23548222	0.48972687
45.28799877	7.23548222	0.48972687
45.29199877	7.07492638	0.47397885
45.29599877	7.23548222	0.48972687
45.29999877	7.23548222	0.48972687
45.30399877	7.23548222	0.47397885
45.30799877	7.23548222	0.47397885
45.31199877	7.23548222	0.48972687
45.31599877	7.23548222	0.47397885
45.31999877	7.23548222	0.47397885
45.32399877	7.23548222	0.47397885
45.32799877	7.23548222	0.47397885
45.33199877	7.23548222	0.47397885
45.33599877	7.23548222	0.48972687
45.33999877	7.23548222	0.47397885
45.34399877	7.23548222	0.48972687
45.34799877	7.23548222	0.47397885
45.35199877	7.23548222	0.47397885
45.35599877	7.23548222	0.48972687
45.35999877	7.23548222	0.47397885
45.36399877	7.23548222	0.47397885
45.36799877	7.23548222	0.48972687
45.37199877	7.23548222	0.47397885
45.37599877	7.23548222	0.47397885
45.37999877	7.23548222	0.47397885
45.38399877	7.23548222	0.48972687
45.38799877	7.07492638	0.47397885
45.39199877	7.23548222	0.47397885
45.39599877	7.23548222	0.47397885
45.39999877	7.23548222	0.47397885
45.40399877	7.23548222	0.47397885
45.40799877	7.23548222	0.48972687
45.41199877	7.23548222	0.47397885
45.41599877	7.07492638	0.47397885
45.41999877	7.07492638	0.47397885
45.42399877	7.23548222	0.47397885
45.42799877	7.23548222	0.47397885
45.43199877	7.23548222	0.47397885
45.43599877	7.23548222	0.47397885
45.43999877	7.07492638	0.48972687
45.44399877	7.07492638	0.47397885
45.44799877	7.07492638	0.47397885
45.45199877	7.23548222	0.47397885
45.45599877	7.23548222	0.48972687
45.45999877	7.23548222	0.47397885
45.46399877	7.23548222	0.47397885
45.46799877	7.07492638	0.47397885
45.47199877	7.07492638	0.47397885
45.47599877	7.23548222	0.47397885
45.47999877	7.23548222	0.48972687
45.48399877	7.23548222	0.47397885
45.48799877	7.23548222	0.47397885
45.49199877	7.23548222	0.47397885
45.49599877	7.23548222	0.47397885
45.49999877	7.07492638	0.47397885
45.50399877	7.07492638	0.47397885
45.50799877	7.23548222	0.47397885
45.51199877	7.23548222	0.47397885
45.51599877	7.23548222	0.47397885
45.51999877	7.07492638	0.47397885
45.52399877	7.23548222	0.47397885
45.52799877	7.23548222	0.48972687
45.53199877	7.23548222	0.47397885
45.53599877	7.07492638	0.47397885
45.53999877	7.23548222	0.47397885
45.54399877	7.23548222	0.47397885
45.54799877	7.23548222	0.47397885
45.55199877	7.07492638	0.48972687
45.55599877	7.07492638	0.47397885
45.55999877	7.23548222	0.47397885
45.56399877	7.23548222	0.47397885
45.56799877	7.23548222	0.47397885
45.57199877	7.07492638	0.47397885
45.57599877	7.23548222	0.47397885
45.57999877	7.23548222	0.47397885
45.58399876	7.23548222	0.47397885
45.58799876	7.07492638	0.47397885
45.59199876	7.23548222	0.47397885
45.59599876	7.23548222	0.47397885
45.59999876	7.23548222	0.47397885
45.60399876	7.23548222	0.47397885
45.60799876	7.23548222	0.47397885
45.61199876	7.07492638	0.47397885
45.61599876	7.23548222	0.47397885
45.61999876	7.23548222	0.47397885
45.62399876	7.23548222	0.47397885
45.62799876	7.23548222	0.47397885
45.63199876	7.23548222	0.47397885
45.63599876	7.23548222	0.47397885
45.63999876	7.07492638	0.48972687
45.64399876	7.07492638	0.47397885
45.64799876	7.23548222	0.47397885
45.65199876	7.23548222	0.47397885
45.65599876	7.23548222	0.47397885
45.65999876	7.07492638	0.47397885
45.66399876	7.07492638	0.47397885
45.66799876	7.23548222	0.47397885
45.67199876	7.23548222	0.47397885
45.67599876	7.23548222	0.47397885
45.67999876	7.23548222	0.47397885
45.68399876	7.23548222	0.47397885
45.68799876	7.23548222	0.47397885
45.69199876	7.23548222	0.47397885
45.69599876	7.23548222	0.47397885
45.69999876	7.07492638	0.47397885
45.70399876	7.23548222	0.47397885
45.70799876	7.23548222	0.47397885
45.71199876	7.23548222	0.47397885
45.71599876	7.23548222	0.47397885
45.71999876	7.23548222	0.47397885
45.72399876	7.23548222	0.47397885
45.72799876	7.07492638	0.47397885
45.73199876	7.23548222	0.47397885
45.73599876	7.23548222	0.47397885
45.73999876	7.23548222	0.47397885
45.74399876	7.23548222	0.47397885
45.74799876	7.23548222	0.47397885
45.75199876	7.23548222	0.47397885
45.75599876	7.23548222	0.47397885
45.75999876	7.23548222	0.47397885
45.76399876	7.23548222	0.47397885
45.76799876	7.23548222	0.47397885
45.77199876	7.23548222	0.47397885
45.77599876	7.23548222	0.47397885
45.77999876	7.23548222	0.47397885
45.78399876	7.23548222	0.47397885
45.78799876	7.23548222	0.47397885
45.79199876	7.23548222	0.47397885
45.79599876	7.23548222	0.47397885
45.79999876	7.23548222	0.47397885
45.80399876	7.23548222	0.47397885
45.80799876	7.07492638	0.47397885
45.81199876	7.23548222	0.47397885
45.81599876	7.23548222	0.47397885
45.81999876	7.23548222	0.47397885
45.82399876	7.23548222	0.47397885
45.82799876	7.23548222	0.47397885
45.83199876	7.07492638	0.47397885
45.83599876	7.07492638	0.47397885
45.83999876	7.23548222	0.47397885
45.84399876	7.23548222	0.47397885
45.84799876	7.23548222	0.47397885
45.85199876	7.23548222	0.47397885
45.85599876	7.23548222	0.47397885
45.85999876	7.07492638	0.47397885
45.86399876	7.07492638	0.47397885
45.86799876	7.23548222	0.47397885
45.87199876	7.23548222	0.47397885
45.87599876	7.23548222	0.47397885
45.87999876	7.23548222	0.47397885
45.88399876	7.07492638	0.47397885
45.88799876	7.07492638	0.47397885
45.89199876	7.23548222	0.47397885
45.89599876	7.23548222	0.47397885
45.89999876	7.23548222	0.47397885
45.90399876	7.23548222	0.47397885
45.90799876	7.23548222	0.47397885
45.91199876	7.23548222	0.47397885
45.91599876	7.07492638	0.47397885
45.91999876	7.23548222	0.47397885
45.92399876	7.23548222	0.47397885
45.92799876	7.23548222	0.47397885
45.93199876	7.23548222	0.47397885
45.93599876	7.07492638	0.47397885
45.93999875	7.07492638	0.47397885
45.94399875	7.23548222	0.47397885
45.94799875	7.23548222	0.47397885
45.95199875	7.07492638	0.47397885
45.95599875	7.07492638	0.47397885
45.95999875	7.23548222	0.47397885
45.96399875	7.23548222	0.47397885
45.96799875	7.23548222	0.47397885
45.97199875	7.23548222	0.47397885
45.97599875	7.23548222	0.47397885
45.97999875	7.23548222	0.47397885
45.98399875	7.07492638	0.47397885
45.98799875	7.23548222	0.47397885
45.99199875	7.23548222	0.47397885
45.99599875	7.23548222	0.47397885
45.99999875	7.23548222	0.47397885
46.00399875	7.07492638	0.47397885
46.00799875	7.07492638	0.47397885
46.01199875	7.23548222	0.47397885
46.01599875	7.23548222	0.47397885
46.01999875	7.23548222	0.47397885
46.02399875	7.23548222	0.47397885
46.02799875	7.07492638	0.47397885
46.03199875	7.23548222	0.47397885
46.03599875	7.23548222	0.47397885
46.03999875	7.23548222	0.47397885
46.04399875	7.23548222	0.47397885
46.04799875	7.07492638	0.47397885
46.05199875	7.23548222	0.47397885
46.05599875	7.07492638	0.47397885
46.05999875	7.23548222	0.47397885
46.06399875	7.07492638	0.47397885
46.06799875	7.23548222	0.47397885
46.07199875	7.23548222	0.47397885
46.07599875	7.23548222	0.47397885
46.07999875	7.07492638	0.47397885
46.08399875	7.07492638	0.47397885
46.08799875	7.23548222	0.47397885
46.09199875	7.23548222	0.47397885
46.09599875	7.07492638	0.47397885
46.09999875	7.07492638	0.47397885
46.10399875	7.23548222	0.47397885
46.10799875	7.23548222	0.47397885
46.11199875	7.23548222	0.47397885
46.11599875	7.07492638	0.47397885
46.11999875	7.07492638	0.47397885
46.12399875	7.23548222	0.47397885
46.12799875	7.23548222	0.47397885
46.13199875	7.23548222	0.47397885
46.13599875	7.07492638	0.47397885
46.13999875	7.23548222	0.47397885
46.14399875	7.23548222	0.47397885
46.14799875	7.23548222	0.47397885
46.15199875	7.07492638	0.47397885
46.15599875	7.07492638	0.47397885
46.15999875	7.23548222	0.47397885
46.16399875	7.23548222	0.47397885
46.16799875	7.23548222	0.47397885
46.17199875	7.07492638	0.47397885
46.17599875	7.07492638	0.47397885
46.17999875	7.23548222	0.47397885
46.18399875	7.23548222	0.47397885
46.18799875	7.23548222	0.47397885
46.19199875	7.23548222	0.47397885
46.19599875	7.23548222	0.47397885
46.19999875	7.23548222	0.47397885
46.20399875	7.23548222	0.47397885
46.20799875	7.07492638	0.47397885
46.21199875	7.23548222	0.47397885
46.21599875	7.23548222	0.47397885
46.21999875	7.23548222	0.47397885
46.22399875	7.23548222	0.47397885
46.22799875	7.07492638	0.47397885
46.23199875	7.07492638	0.47397885
46.23599875	7.23548222	0.47397885
46.23999875	7.23548222	0.47397885
46.24399875	7.23548222	0.47397885
46.24799875	7.23548222	0.47397885
46.25199875	7.23548222	0.47397885
46.25599875	7.23548222	0.47397885
46.25999875	7.07492638	0.47397885
46.26399875	7.23548222	0.47397885
46.26799875	7.23548222	0.47397885
46.27199875	7.23548222	0.47397885
46.27599875	7.07492638	0.47397885
46.27999875	7.07492638	0.47397885
46.28399875	7.23548222	0.47397885
46.28799875	7.23548222	0.47397885
46.29199874	7.07492638	0.47397885
46.29599874	7.07492638	0.47397885
46.29999874	7.23548222	0.47397885
46.30399874	7.23548222	0.47397885
46.30799874	7.23548222	0.47397885
46.31199874	7.23548222	0.47397885
46.31599874	7.07492638	0.47397885
46.31999874	7.23548222	0.47397885
46.32399874	7.07492638	0.47397885
46.32799874	7.23548222	0.47397885
46.33199874	7.23548222	0.47397885
46.33599874	7.23548222	0.47397885
46.33999874	7.07492638	0.47397885
46.34399874	7.07492638	0.47397885
46.34799874	7.23548222	0.47397885
46.35199874	7.23548222	0.47397885
46.35599874	7.23548222	0.47397885
46.35999874	7.07492638	0.47397885
46.36399874	7.07492638	0.47397885
46.36799874	7.07492638	0.47397885
46.37199874	7.23548222	0.47397885
46.37599874	7.23548222	0.47397885
46.37999874	7.23548222	0.47397885
46.38399874	7.23548222	0.47397885
46.38799874	7.23548222	0.47397885
46.39199874	7.23548222	0.47397885
46.39599874	7.07492638	0.47397885
46.39999874	7.07492638	0.47397885
46.40399874	7.23548222	0.47397885
46.40799874	7.23548222	0.47397885
46.41199874	7.23548222	0.47397885
46.41599874	7.23548222	0.47397885
46.41999874	7.07492638	0.47397885
46.42399874	7.07492638	0.47397885
46.42799874	7.23548222	0.47397885
46.43199874	7.23548222	0.47397885
46.43599874	7.23548222	0.47397885
46.43999874	7.23548222	0.47397885
46.44399874	7.23548222	0.47397885
46.44799874	7.07492638	0.47397885
46.45199874	7.07492638	0.47397885
46.45599874	7.23548222	0.47397885
46.45999874	7.23548222	0.47397885
46.46399874	7.23548222	0.47397885
46.46799874	7.23548222	0.47397885
46.47199874	7.23548222	0.47397885
46.47599874	7.07492638	0.47397885
46.47999874	7.07492638	0.47397885
46.48399874	7.07492638	0.47397885
46.48799874	7.23548222	0.47397885
46.49199874	7.23548222	0.47397885
46.49599874	7.23548222	0.47397885
46.49999874	7.07492638	0.47397885
46.50399874	7.07492638	0.47397885
46.50799874	7.07492638	0.47397885
46.51199874	7.07492638	0.47397885
46.51599874	7.07492638	0.47397885
46.51999874	7.23548222	0.47397885
46.52399874	7.23548222	0.47397885
46.52799874	7.07492638	0.47397885
46.53199874	7.07492638	0.47397885
46.53599874	7.07492638	0.47397885
46.53999874	7.07492638	0.47397885
46.54399874	7.23548222	0.47397885
46.54799874	7.23548222	0.47397885
46.55199874	7.07492638	0.47397885
46.55599874	7.07492638	0.47397885
46.55999874	7.07492638	0.47397885
46.56399874	7.23548222	0.45816928
46.56799874	7.07492638	0.47397885
46.57199874	7.07492638	0.45816928
46.57599874	7.23548222	0.47397885
46.57999874	7.23548222	0.45816928
46.58399874	7.07492638	0.47397885
46.58799874	7.07492638	0.45816928
46.59199874	7.07492638	0.47397885
46.59599874	7.23548222	0.47397885
46.59999874	7.23548222	0.47397885
46.60399874	7.07492638	0.47397885
46.60799874	7.07492638	0.47397885
46.61199874	7.07492638	0.47397885
46.61599874	7.07492638	0.47397885
46.61999874	7.07492638	0.45816928
46.62399874	7.07492638	0.47397885
46.62799874	7.07492638	0.47397885
46.63199874	7.23548222	0.47397885
46.63599874	7.07492638	0.47397885
46.63999874	7.07492638	0.47397885
46.64399873	7.07492638	0.47397885
46.64799873	7.07492638	0.47397885
46.65199873	7.07492638	0.45816928
46.65599873	7.07492638	0.47397885
46.65999873	7.07492638	0.47397885
46.66399873	7.07492638	0.47397885
46.66799873	7.07492638	0.47397885
46.67199873	7.07492638	0.47397885
46.67599873	7.07492638	0.47397885
46.67999873	7.07492638	0.47397885
46.68399873	7.07492638	0.45816928
46.68799873	7.07492638	0.47397885
46.69199873	7.07492638	0.47397885
46.69599873	7.07492638	0.45816928
46.69999873	7.07492638	0.47397885
46.70399873	7.07492638	0.47397885
46.70799873	7.07492638	0.45816928
46.71199873	7.23548222	0.47397885
46.71599873	7.23548222	0.47397885
46.71999873	7.07492638	0.47397885
46.72399873	7.07492638	0.47397885
46.72799873	7.07492638	0.47397885
46.73199873	7.23548222	0.45816928
46.73599873	7.07492638	0.47397885
46.73999873	7.07492638	0.47397885
46.74399873	7.07492638	0.47397885
46.74799873	7.07492638	0.47397885
46.75199873	7.07492638	0.47397885
46.75599873	7.07492638	0.45816928
46.75999873	7.07492638	0.47397885
46.76399873	7.07492638	0.45816928
46.76799873	7.07492638	0.47397885
46.77199873	7.07492638	0.45816928
46.77599873	7.07492638	0.47397885
46.77999873	7.07492638	0.45816928
46.78399873	7.07492638	0.47397885
46.78799873	7.07492638	0.45816928
46.79199873	7.07492638	0.47397885
46.79599873	7.07492638	0.45816928
46.79999873	7.23548222	0.47397885
46.80399873	7.23548222	0.45816928
46.80799873	7.07492638	0.47397885
46.81199873	7.07492638	0.45816928
46.81599873	7.07492638	0.45816928
46.81999873	7.07492638	0.45816928
46.82399873	7.23548222	0.47397885
46.82799873	7.23548222	0.45816928
46.83199873	7.07492638	0.47397885
46.83599873	7.07492638	0.47397885
46.83999873	7.07492638	0.47397885
46.84399873	7.07492638	0.45816928
46.84799873	7.07492638	0.45816928
46.85199873	7.23548222	0.45816928
46.85599873	7.23548222	0.47397885
46.85999873	7.07492638	0.45816928
46.86399873	7.07492638	0.45816928
46.86799873	7.07492638	0.45816928
46.87199873	7.07492638	0.45816928
46.87599873	7.07492638	0.45816928
46.87999873	7.07492638	0.45816928
46.88399873	7.07492638	0.45816928
46.88799873	7.23548222	0.45816928
46.89199873	7.07492638	0.45816928
46.89599873	7.07492638	0.45816928
46.89999873	7.07492638	0.45816928
46.90399873	7.23548222	0.47397885
46.90799873	7.23548222	0.45816928
46.91199873	7.23548222	0.47397885
46.91599873	7.07492638	0.45816928
46.91999873	7.07492638	0.45816928
46.92399873	7.07492638	0.45816928
46.92799873	7.07492638	0.47397885
46.93199873	7.07492638	0.45816928
46.93599873	7.23548222	0.45816928
46.93999873	7.23548222	0.45816928
46.94399873	7.07492638	0.47397885
46.94799873	7.07492638	0.45816928
46.95199873	7.07492638	0.45816928
46.95599873	7.23548222	0.45816928
46.95999873	7.23548222	0.45816928
46.96399873	7.23548222	0.45816928
46.96799873	7.23548222	0.45816928
46.97199873	7.23548222	0.45816928
46.97599873	7.07492638	0.45816928
46.97999873	7.07492638	0.45816928
46.98399873	7.23548222	0.47397885
46.98799873	7.23548222	0.45816928
46.99199873	7.23548222	0.47397885
46.99599873	7.07492638	0.45816928
46.99999872	7.07492638	0.45816928
47.00399872	7.07492638	0.45816928
47.00799872	7.07492638	0.47397885
47.01199872	7.07492638	0.47397885
47.01599872	7.23548222	0.45816928
47.01999872	7.23548222	0.45816928
47.02399872	7.23548222	0.47397885
47.02799872	7.07492638	0.45816928
47.03199872	7.07492638	0.45816928
47.03599872	7.07492638	0.45816928
47.03999872	7.07492638	0.45816928
47.04399872	7.07492638	0.45816928
47.04799872	7.23548222	0.45816928
47.05199872	7.23548222	0.45816928
47.05599872	7.23548222	0.45816928
47.05999872	7.07492638	0.45816928
47.06399872	7.07492638	0.45816928
47.06799872	7.07492638	0.45816928
47.07199872	7.23548222	0.45816928
47.07599872	7.23548222	0.45816928
47.07999872	7.07492638	0.45816928
47.08399872	7.07492638	0.45816928
47.08799872	7.07492638	0.45816928
47.09199872	7.07492638	0.45816928
47.09599872	7.07492638	0.45816928
47.09999872	7.07492638	0.45816928
47.10399872	7.23548222	0.45816928
47.10799872	7.07492638	0.45816928
47.11199872	7.07492638	0.45816928
47.11599872	7.07492638	0.45816928
47.11999872	7.07492638	0.45816928
47.12399872	7.07492638	0.45816928
47.12799872	7.23548222	0.45816928
47.13199872	7.07492638	0.45816928
47.13599872	7.07492638	0.45816928
47.13999872	7.07492638	0.45816928
47.14399872	7.07492638	0.45816928
47.14799872	7.07492638	0.45816928
47.15199872	7.07492638	0.45816928
47.15599872	7.23548222	0.45816928
47.15999872	7.23548222	0.45816928
47.16399872	7.07492638	0.45816928
47.16799872	7.07492638	0.45816928
47.17199872	7.07492638	0.45816928
47.17599872	7.23548222	0.45816928
47.17999872	7.07492638	0.45816928
47.18399872	7.07492638	0.45816928
47.18799872	7.07492638	0.45816928
47.19199872	7.23548222	0.45816928
47.19599872	7.23548222	0.45816928
47.19999872	7.07492638	0.45816928
47.20399872	7.07492638	0.45816928
47.20799872	7.07492638	0.45816928
47.21199872	7.07492638	0.45816928
47.21599872	7.07492638	0.45816928
47.21999872	7.07492638	0.45816928
47.22399872	7.23548222	0.45816928
47.22799872	7.23548222	0.45816928
47.23199872	7.07492638	0.45816928
47.23599872	7.07492638	0.45816928
47.23999872	7.07492638	0.45816928
47.24399872	7.23548222	0.45816928
47.24799872	7.07492638	0.45816928
47.25199872	7.07492638	0.45816928
47.25599872	7.07492638	0.45816928
47.25999872	7.07492638	0.45816928
47.26399872	7.07492638	0.45816928
47.26799872	7.07492638	0.45816928
47.27199872	7.07492638	0.45816928
47.27599872	7.23548222	0.45816928
47.27999872	7.07492638	0.45816928
47.28399872	7.07492638	0.45816928
47.28799872	7.07492638	0.45816928
47.29199872	7.07492638	0.45816928
47.29599872	7.07492638	0.45816928
47.29999872	7.07492638	0.45816928
47.30399872	7.07492638	0.45816928
47.30799872	7.07492638	0.45816928
47.31199872	7.23548222	0.45816928
47.31599872	7.07492638	0.45816928
47.31999872	7.07492638	0.45816928
47.32399872	7.07492638	0.45816928
47.32799872	7.23548222	0.45816928
47.33199872	7.07492638	0.45816928
47.33599872	7.07492638	0.45816928
47.33999872	7.07492638	0.45816928
47.34399872	7.23548222	0.45816928
47.34799872	7.23548222	0.45816928
47.35199871	7.07492638	0.45816928
47.35599871	7.07492638	0.45816928
47.35999871	7.07492638	0.45816928
47.36399871	7.23548222	0.45816928
47.36799871	7.23548222	0.45816928
47.37199871	7.07492638	0.45816928
47.37599871	7.07492638	0.45816928
47.37999871	7.07492638	0.45816928
47.38399871	7.07492638	0.45816928
47.38799871	7.07492638	0.45816928
47.39199871	7.07492638	0.45816928
47.39599871	7.07492638	0.45816928
47.39999871	7.23548222	0.45816928
47.40399871	7.07492638	0.45816928
47.40799871	7.07492638	0.45816928
47.41199871	7.07492638	0.45816928
47.41599871	7.23548222	0.45816928
47.41999871	7.07492638	0.45816928
47.42399871	7.07492638	0.45816928
47.42799871	7.07492638	0.45816928
47.43199871	7.07492638	0.45816928
47.43599871	7.07492638	0.45816928
47.43999871	7.07492638	0.45816928
47.44399871	7.23548222	0.45816928
47.44799871	7.23548222	0.45816928
47.45199871	7.07492638	0.45816928
47.45599871	7.07492638	0.45816928
47.45999871	7.07492638	0.45816928
47.46399871	7.23548222	0.45816928
47.46799871	7.23548222	0.45816928
47.47199871	7.07492638	0.45816928
47.47599871	7.07492638	0.45816928
47.47999871	7.07492638	0.45816928
47.48399871	7.23548222	0.45816928
47.48799871	7.07492638	0.45816928
47.49199871	7.07492638	0.45816928
47.49599871	7.23548222	0.45816928
47.49999871	7.23548222	0.45816928
47.50399871	7.07492638	0.45816928
47.50799871	7.07492638	0.45816928
47.51199871	7.07492638	0.45816928
47.51599871	7.23548222	0.45816928
47.51999871	7.23548222	0.45816928
47.52399871	7.07492638	0.45816928
47.52799871	7.07492638	0.45816928
47.53199871	7.07492638	0.45816928
47.53599871	7.07492638	0.45816928
47.53999871	7.07492638	0.45816928
47.54399871	7.23548222	0.45816928
47.54799871	7.23548222	0.45816928
47.55199871	7.23548222	0.45816928
47.55599871	7.07492638	0.45816928
47.55999871	7.07492638	0.45816928
47.56399871	7.07492638	0.45816928
47.56799871	7.07492638	0.45816928
47.57199871	7.07492638	0.45816928
47.57599871	7.07492638	0.45816928
47.57999871	7.07492638	0.45816928
47.58399871	7.07492638	0.45816928
47.58799871	7.07492638	0.45816928
47.59199871	7.07492638	0.45816928
47.59599871	7.07492638	0.45816928
47.59999871	7.07492638	0.45816928
47.60399871	7.23548222	0.45816928
47.60799871	7.23548222	0.45816928
47.61199871	7.07492638	0.45816928
47.61599871	7.07492638	0.45816928
47.61999871	7.07492638	0.45816928
47.62399871	7.23548222	0.45816928
47.62799871	7.07492638	0.45816928
47.63199871	7.07492638	0.45816928
47.63599871	7.07492638	0.45816928
47.63999871	7.07492638	0.45816928
47.64399871	7.07492638	0.45816928
47.64799871	7.07492638	0.45816928
47.65199871	7.07492638	0.45816928
47.65599871	7.23548222	0.45816928
47.65999871	7.07492638	0.45816928
47.66399871	7.07492638	0.45816928
47.66799871	7.07492638	0.45816928
47.67199871	7.07492638	0.45816928
47.67599871	7.07492638	0.45816928
47.67999871	7.07492638	0.45816928
47.68399871	7.07492638	0.45816928
47.68799871	7.23548222	0.45816928
47.69199871	7.07492638	0.45816928
47.69599871	7.07492638	0.45816928
47.69999871	7.07492638	0.45816928
47.70399871	7.23548222	0.45816928
47.70799870	7.23548222	0.45816928
47.71199870	7.07492638	0.45816928
47.71599870	7.07492638	0.45816928
47.71999870	7.07492638	0.45816928
47.72399870	7.23548222	0.45816928
47.72799870	7.07492638	0.45816928
47.73199870	7.07492638	0.45816928
47.73599870	7.07492638	0.45816928
47.73999870	7.07492638	0.45816928
47.74399870	7.07492638	0.45816928
47.74799870	7.07492638	0.45816928
47.75199870	7.07492638	0.45816928
47.75599870	7.07492638	0.45816928
47.75999870	7.07492638	0.45816928
47.76399870	7.07492638	0.45816928
47.76799870	7.07492638	0.45816928
47.77199870	7.07492638	0.45816928
47.77599870	7.07492638	0.45816928
47.77999870	7.07492638	0.45816928
47.78399870	7.07492638	0.45816928
47.78799870	7.07492638	0.45816928
47.79199870	7.07492638	0.45816928
47.79599870	7.07492638	0.45816928
47.79999870	7.07492638	0.45816928
47.80399870	7.07492638	0.45816928
47.80799870	7.07492638	0.45816928
47.81199870	7.07492638	0.45816928
47.81599870	7.07492638	0.45816928
47.81999870	7.07492638	0.45816928
47.82399870	7.07492638	0.45816928
47.82799870	7.07492638	0.45816928
47.83199870	7.07492638	0.45816928
47.83599870	7.07492638	0.45816928
47.83999870	7.07492638	0.45816928
47.84399870	7.07492638	0.45816928
47.84799870	7.07492638	0.45816928
47.85199870	7.07492638	0.45816928
47.85599870	7.07492638	0.45816928
47.85999870	7.07492638	0.45816928
47.86399870	7.07492638	0.45816928
47.86799870	7.07492638	0.45816928
47.87199870	7.07492638	0.45816928
47.87599870	7.07492638	0.45816928
47.87999870	7.07492638	0.45816928
47.88399870	7.07492638	0.45816928
47.88799870	7.07492638	0.45816928
47.89199870	7.07492638	0.45816928
47.89599870	7.07492638	0.45816928
47.89999870	7.07492638	0.45816928
47.90399870	7.07492638	0.45816928
47.90799870	7.07492638	0.45816928
47.91199870	7.07492638	0.45816928
47.91599870	7.07492638	0.45816928
47.91999870	7.23548222	0.45816928
47.92399870	7.07492638	0.45816928
47.92799870	7.07492638	0.45816928
47.93199870	7.07492638	0.44235975
47.93599870	7.07492638	0.45816928
47.93999870	7.07492638	0.44235975
47.94399870	7.07492638	0.45816928
47.94799870	7.07492638	0.45816928
47.95199870	7.07492638	0.44235975
47.95599870	7.07492638	0.45816928
47.95999870	7.07492638	0.45816928
47.96399870	7.07492638	0.45816928
47.96799870	7.07492638	0.45816928
47.97199870	7.07492638	0.44235975
47.97599870	7.23548222	0.45816928
47.97999870	7.23548222	0.45816928
47.98399870	7.07492638	0.45816928
47.98799870	7.07492638	0.45816928
47.99199870	7.07492638	0.45816928
47.99599870	7.07492638	0.44235975
47.99999870	7.07492638	0.45816928
48.00399870	7.23548222	0.45816928
48.00799870	7.07492638	0.45816928
48.01199870	7.07492638	0.45816928
48.01599870	7.07492638	0.45816928
48.01999870	7.07492638	0.45816928
48.02399870	7.07492638	0.45816928
48.02799870	7.07492638	0.45816928
48.03199870	7.23548222	0.45816928
48.03599870	7.07492638	0.45816928
48.03999870	7.07492638	0.45816928
48.04399870	7.07492638	0.44235975
48.04799870	7.07492638	0.44235975
48.05199870	7.07492638	0.45816928
48.05599870	7.23548222	0.45816928
48.05999869	7.07492638	0.44235975
48.06399869	7.07492638	0.45816928
48.06799869	7.07492638	0.45816928
48.07199869	7.07492638	0.45816928
48.07599869	7.07492638	0.45816928
48.07999869	7.07492638	0.45816928
48.08399869	7.07492638	0.44235975
48.08799869	7.07492638	0.45816928
48.09199869	7.07492638	0.45816928
48.09599869	7.07492638	0.45816928
48.09999869	7.07492638	0.45816928
48.10399869	7.07492638	0.45816928
48.10799869	7.07492638	0.44235975
48.11199869	7.07492638	0.45816928
48.11599869	7.23548222	0.45816928
48.11999869	7.07492638	0.45816928
48.12399869	7.07492638	0.44235975
48.12799869	7.07492638	0.45816928
48.13199869	7.07492638	0.44235975
48.13599869	7.23548222	0.45816928
48.13999869	7.23548222	0.45816928
48.14399869	7.23548222	0.45816928
48.14799869	7.07492638	0.45816928
48.15199869	7.07492638	0.45816928
48.15599869	7.07492638	0.44235975
48.15999869	7.23548222	0.45816928
48.16399869	7.07492638	0.45816928
48.16799869	7.23548222	0.45816928
48.17199869	7.07492638	0.44235975
48.17599869	7.07492638	0.45816928
48.17999869	7.07492638	0.44235975
48.18399869	7.07492638	0.45816928
48.18799869	7.07492638	0.44235975
48.19199869	7.23548222	0.45816928
48.19599869	7.23548222	0.45816928
48.19999869	7.07492638	0.44235975
48.20399869	7.07492638	0.44235975
48.20799869	7.07492638	0.45816928
48.21199869	7.07492638	0.44235975
48.21599869	7.07492638	0.45816928
48.21999869	7.07492638	0.44235975
48.22399869	7.23548222	0.44235975
48.22799869	7.23548222	0.44235975
48.23199869	7.07492638	0.45816928
48.23599869	7.07492638	0.44235975
48.23999869	7.07492638	0.45816928
48.24399869	7.07492638	0.44235975
48.24799869	7.07492638	0.45816928
48.25199869	7.07492638	0.44235975
48.25599869	7.23548222	0.44235975
48.25999869	7.23548222	0.44235975
48.26399869	7.07492638	0.45816928
48.26799869	7.07492638	0.44235975
48.27199869	7.07492638	0.44235975
48.27599869	7.23548222	0.44235975
48.27999869	7.23548222	0.45816928
48.28399869	7.07492638	0.44235975
48.28799869	7.07492638	0.45816928
48.29199869	7.07492638	0.44235975
48.29599869	7.07492638	0.44235975
48.29999869	7.07492638	0.44235975
48.30399869	7.07492638	0.44235975
48.30799869	7.07492638	0.44235975
48.31199869	7.23548222	0.45816928
48.31599869	7.07492638	0.44235975
48.31999869	7.07492638	0.44235975
48.32399869	7.07492638	0.44235975
48.32799869	7.07492638	0.44235975
48.33199869	7.23548222	0.44235975
48.33599869	7.23548222	0.45816928
48.33999869	7.07492638	0.44235975
48.34399869	7.07492638	0.44235975
48.34799869	7.07492638	0.44235975
48.35199869	7.07492638	0.45816928
48.35599869	7.07492638	0.44235975
48.35999869	7.07492638	0.45816928
48.36399869	7.07492638	0.44235975
48.36799869	7.23548222	0.44235975
48.37199869	7.07492638	0.44235975
48.37599869	7.07492638	0.45816928
48.37999869	7.07492638	0.44235975
48.38399869	7.07492638	0.44235975
48.38799869	7.07492638	0.44235975
48.39199869	7.07492638	0.44235975
48.39599869	7.07492638	0.44235975
48.39999869	7.23548222	0.44235975
48.40399869	7.07492638	0.44235975
48.40799869	7.07492638	0.44235975
48.41199868	7.07492638	0.44235975
48.41599868	7.07492638	0.44235975
48.41999868	7.07492638	0.44235975
48.42399868	7.23548222	0.44235975
48.42799868	7.07492638	0.44235975
48.43199868	7.07492638	0.44235975
48.43599868	7.07492638	0.44235975
48.43999868	7.07492638	0.44235975
48.44399868	7.07492638	0.44235975
48.44799868	7.07492638	0.45816928
48.45199868	7.07492638	0.44235975
48.45599868	7.07492638	0.44235975
48.45999868	7.07492638	0.44235975
48.46399868	7.07492638	0.44235975
48.46799868	7.07492638	0.44235975
48.47199868	7.23548222	0.44235975
48.47599868	7.23548222	0.44235975
48.47999868	7.07492638	0.44235975
48.48399868	7.07492638	0.44235975
48.48799868	7.07492638	0.44235975
48.49199868	7.07492638	0.44235975
48.49599868	7.07492638	0.44235975
48.49999868	7.07492638	0.44235975
48.50399868	7.07492638	0.44235975
48.50799868	7.07492638	0.44235975
48.51199868	7.07492638	0.44235975
48.51599868	7.07492638	0.44235975
48.51999868	7.07492638	0.44235975
48.52399868	7.07492638	0.44235975
48.52799868	7.07492638	0.44235975
48.53199868	7.07492638	0.44235975
48.53599868	7.07492638	0.44235975
48.53999868	7.23548222	0.44235975
48.54399868	7.07492638	0.44235975
48.54799868	7.07492638	0.44235975
48.55199868	7.07492638	0.44235975
48.55599868	7.07492638	0.44235975
48.55999868	7.07492638	0.44235975
48.56399868	7.07492638	0.44235975
48.56799868	7.07492638	0.44235975
48.57199868	7.07492638	0.44235975
48.57599868	7.07492638	0.44235975
48.57999868	7.07492638	0.44235975
48.58399868	7.07492638	0.44235975
48.58799868	7.07492638	0.44235975
48.59199868	7.07492638	0.44235975
48.59599868	7.07492638	0.44235975
48.59999868	7.07492638	0.44235975
48.60399868	7.07492638	0.44235975
48.60799868	7.07492638	0.44235975
48.61199868	7.07492638	0.44235975
48.61599868	7.07492638	0.44235975
48.61999868	7.07492638	0.44235975
48.62399868	7.07492638	0.44235975
48.62799868	7.07492638	0.44235975
48.63199868	7.07492638	0.44235975
48.63599868	7.07492638	0.44235975
48.63999868	7.23548222	0.44235975
48.64399868	7.07492638	0.44235975
48.64799868	7.07492638	0.44235975
48.65199868	7.07492638	0.44235975
48.65599868	7.07492638	0.44235975
48.65999868	7.07492638	0.44235975
48.66399868	7.07492638	0.44235975
48.66799868	7.07492638	0.44235975
48.67199868	7.07492638	0.44235975
48.67599868	7.07492638	0.44235975
48.67999868	7.07492638	0.44235975
48.68399868	7.07492638	0.44235975
48.68799868	7.07492638	0.44235975
48.69199868	7.07492638	0.44235975
48.69599868	7.07492638	0.44235975
48.69999868	7.07492638	0.44235975
48.70399868	7.07492638	0.44235975
48.70799868	7.07492638	0.44235975
48.71199868	7.07492638	0.44235975
48.71599868	7.07492638	0.44235975
48.71999868	7.07492638	0.44235975
48.72399868	7.23548222	0.44235975
48.72799868	7.07492638	0.44235975
48.73199868	7.07492638	0.44235975
48.73599868	7.07492638	0.44235975
48.73999868	7.07492638	0.44235975
48.74399868	7.23548222	0.44235975
48.74799868	7.07492638	0.44235975
48.75199868	7.07492638	0.44235975
48.75599868	7.07492638	0.44235975
48.75999868	7.07492638	0.44235975
48.76399868	7.07492638	0.44235975
48.76799867	7.07492638	0.44235975
48.77199867	7.07492638	0.44235975
48.77599867	7.07492638	0.44235975
48.77999867	7.07492638	0.44235975
48.78399867	7.07492638	0.44235975
48.78799867	7.07492638	0.44235975
48.79199867	7.07492638	0.44235975
48.79599867	7.07492638	0.44235975
48.79999867	7.07492638	0.44235975
48.80399867	7.07492638	0.44235975
48.80799867	7.07492638	0.44235975
48.81199867	7.07492638	0.44235975
48.81599867	7.07492638	0.44235975
48.81999867	7.07492638	0.44235975
48.82399867	7.07492638	0.44235975
48.82799867	7.07492638	0.44235975
48.83199867	7.07492638	0.44235975
48.83599867	7.07492638	0.44235975
48.83999867	7.07492638	0.44235975
48.84399867	7.07492638	0.44235975
48.84799867	7.07492638	0.44235975
48.85199867	7.07492638	0.44235975
48.85599867	7.07492638	0.44235975
48.85999867	7.07492638	0.44235975
48.86399867	7.07492638	0.44235975
48.86799867	7.07492638	0.44235975
48.87199867	7.07492638	0.44235975
48.87599867	7.07492638	0.44235975
48.87999867	7.23548222	0.44235975
48.88399867	7.07492638	0.44235975
48.88799867	7.07492638	0.44235975
48.89199867	7.07492638	0.44235975
48.89599867	7.07492638	0.44235975
48.89999867	7.07492638	0.44235975
48.90399867	7.07492638	0.44235975
48.90799867	7.07492638	0.44235975
48.91199867	7.07492638	0.44235975
48.91599867	7.07492638	0.44235975
48.91999867	7.07492638	0.44235975
48.92399867	7.07492638	0.44235975
48.92799867	7.23548222	0.44235975
48.93199867	7.23548222	0.44235975
48.93599867	7.07492638	0.44235975
48.93999867	7.07492638	0.44235975
48.94399867	7.07492638	0.44235975
48.94799867	7.07492638	0.44235975
48.95199867	7.07492638	0.44235975
48.95599867	7.07492638	0.44235975
48.95999867	7.07492638	0.44235975
48.96399867	7.07492638	0.44235975
48.96799867	7.07492638	0.44235975
48.97199867	7.07492638	0.44235975
48.97599867	7.07492638	0.44235975
48.97999867	7.07492638	0.44235975
48.98399867	7.07492638	0.44235975
48.98799867	7.07492638	0.44235975
48.99199867	7.07492638	0.44235975
48.99599867	7.07492638	0.44235975
48.99999867	7.07492638	0.44235975
49.00399867	7.07492638	0.44235975
49.00799867	7.07492638	0.44235975
49.01199867	7.07492638	0.44235975
49.01599867	7.07492638	0.44235975
49.01999867	7.07492638	0.44235975
49.02399867	7.07492638	0.44235975
49.02799867	7.07492638	0.44235975
49.03199867	7.07492638	0.44235975
49.03599867	7.07492638	0.44235975
49.03999867	7.07492638	0.44235975
49.04399867	7.07492638	0.44235975
49.04799867	7.07492638	0.44235975
49.05199867	7.07492638	0.44235975
49.05599867	7.07492638	0.44235975
49.05999867	7.07492638	0.44235975
49.06399867	7.07492638	0.44235975
49.06799867	7.07492638	0.44235975
49.07199867	7.07492638	0.44235975
49.07599867	7.07492638	0.44235975
49.07999867	7.07492638	0.44235975
49.08399867	7.07492638	0.44235975
49.08799867	7.07492638	0.44235975
49.09199867	7.07492638	0.44235975
49.09599867	7.23548222	0.44235975
49.09999867	7.07492638	0.44235975
49.10399867	7.07492638	0.44235975
49.10799867	7.07492638	0.44235975
49.11199867	7.07492638	0.44235975
49.11599867	7.07492638	0.44235975
49.11999866	7.07492638	0.44235975
49.12399866	7.07492638	0.44235975
49.12799866	7.07492638	0.44235975
49.13199866	7.07492638	0.44235975
49.13599866	7.07492638	0.44235975
49.13999866	7.07492638	0.44235975
49.14399866	7.07492638	0.44235975
49.14799866	7.07492638	0.44235975
49.15199866	7.07492638	0.44235975
49.15599866	7.07492638	0.44235975
49.15999866	7.07492638	0.44235975
49.16399866	7.07492638	0.44235975
49.16799866	7.07492638	0.44235975
49.17199866	7.07492638	0.44235975
49.17599866	7.07492638	0.44235975
49.17999866	7.07492638	0.44235975
49.18399866	7.07492638	0.44235975
49.18799866	7.07492638	0.44235975
49.19199866	7.07492638	0.44235975
49.19599866	7.07492638	0.44235975
49.19999866	7.07492638	0.44235975
49.20399866	7.07492638	0.44235975
49.20799866	7.07492638	0.44235975
49.21199866	7.07492638	0.44235975
49.21599866	7.07492638	0.44235975
49.21999866	7.07492638	0.44235975
49.22399866	7.07492638	0.44235975
49.22799866	7.07492638	0.44235975
49.23199866	7.07492638	0.44235975
49.23599866	7.23548222	0.44235975
49.23999866	7.07492638	0.44235975
49.24399866	7.07492638	0.44235975
49.24799866	7.07492638	0.44235975
49.25199866	7.07492638	0.44235975
49.25599866	7.07492638	0.44235975
49.25999866	7.07492638	0.44235975
49.26399866	7.07492638	0.44235975
49.26799866	7.07492638	0.44235975
49.27199866	7.07492638	0.44235975
49.27599866	7.07492638	0.44235975
49.27999866	7.07492638	0.44235975
49.28399866	7.07492638	0.44235975
49.28799866	7.07492638	0.44235975
49.29199866	7.07492638	0.44235975
49.29599866	7.07492638	0.44235975
49.29999866	7.23548222	0.44235975
49.30399866	7.23548222	0.44235975
49.30799866	7.07492638	0.44235975
49.31199866	6.91437006	0.44235975
49.31599866	7.07492638	0.44235975
49.31999866	7.23548222	0.44235975
49.32399866	7.23548222	0.44235975
49.32799866	7.07492638	0.44235975
49.33199866	7.07492638	0.44235975
49.33599866	7.07492638	0.44235975
49.33999866	7.07492638	0.44235975
49.34399866	7.07492638	0.44235975
49.34799866	7.07492638	0.44235975
49.35199866	7.07492638	0.44235975
49.35599866	7.07492638	0.44235975
49.35999866	7.07492638	0.44235975
49.36399866	7.07492638	0.44235975
49.36799866	7.07492638	0.42655021
49.37199866	7.07492638	0.44235975
49.37599866	7.07492638	0.44235975
49.37999866	7.07492638	0.44235975
49.38399866	7.07492638	0.44235975
49.38799866	7.07492638	0.44235975
49.39199866	7.07492638	0.44235975
49.39599866	7.07492638	0.44235975
49.39999866	7.07492638	0.44235975
49.40399866	7.07492638	0.44235975
49.40799866	7.07492638	0.44235975
49.41199866	7.07492638	0.44235975
49.41599866	7.07492638	0.44235975
49.41999866	7.07492638	0.44235975
49.42399866	7.07492638	0.44235975
49.42799866	7.07492638	0.44235975
49.43199866	7.07492638	0.44235975
49.43599866	7.07492638	0.42655021
49.43999866	7.07492638	0.44235975
49.44399866	7.07492638	0.44235975
49.44799866	7.07492638	0.44235975
49.45199866	7.07492638	0.42655021
49.45599866	7.07492638	0.44235975
49.45999866	7.07492638	0.44235975
49.46399866	7.07492638	0.42655021
49.46799866	7.07492638	0.42655021
49.47199866	7.07492638	0.44235975
49.47599865	7.07492638	0.42655021
49.47999865	7.07492638	0.42655021
49.48399865	7.07492638	0.42655021
49.48799865	7.07492638	0.44235975
49.49199865	7.07492638	0.42655021
49.49599865	6.91437006	0.42655021
49.49999865	7.07492638	0.42655021
49.50399865	7.07492638	0.44235975
49.50799865	7.07492638	0.44235975
49.51199865	7.07492638	0.44235975
49.51599865	6.91437006	0.42655021
49.51999865	7.07492638	0.44235975
49.52399865	7.07492638	0.44235975
49.52799865	7.07492638	0.44235975
49.53199865	7.07492638	0.44235975
49.53599865	7.07492638	0.44235975
49.53999865	7.07492638	0.44235975
49.54399865	7.07492638	0.44235975
49.54799865	6.91437006	0.42655021
49.55199865	7.07492638	0.42655021
49.55599865	7.07492638	0.42655021
49.55999865	7.07492638	0.44235975
49.56399865	7.07492638	0.42655021
49.56799865	6.91437006	0.42655021
49.57199865	7.07492638	0.42655021
49.57599865	7.23548222	0.44235975
49.57999865	7.07492638	0.42655021
49.58399865	7.07492638	0.44235975
49.58799865	7.07492638	0.42655021
49.59199865	7.07492638	0.42655021
49.59599865	7.07492638	0.42655021
49.59999865	7.07492638	0.44235975
49.60399865	7.07492638	0.44235975
49.60799865	7.07492638	0.44235975
49.61199865	7.07492638	0.42655021
49.61599865	6.91437006	0.42655021
49.61999865	6.91437006	0.42655021
49.62399865	7.07492638	0.42655021
49.62799865	7.23548222	0.44235975
49.63199865	7.07492638	0.44235975
49.63599865	6.91437006	0.42655021
49.63999865	7.07492638	0.42655021
49.64399865	7.07492638	0.42655021
49.64799865	7.07492638	0.44235975
49.65199865	7.07492638	0.42655021
49.65599865	7.07492638	0.44235975
49.65999865	7.07492638	0.42655021
49.66399865	7.07492638	0.44235975
49.66799865	7.07492638	0.42655021
49.67199865	7.07492638	0.44235975
49.67599865	6.91437006	0.42655021
49.67999865	7.07492638	0.42655021
49.68399865	7.07492638	0.42655021
49.68799865	7.07492638	0.42655021
49.69199865	7.07492638	0.42655021
49.69599865	7.07492638	0.44235975
49.69999865	7.07492638	0.42655021
49.70399865	7.07492638	0.42655021
49.70799865	7.07492638	0.42655021
49.71199865	7.07492638	0.42655021
49.71599865	7.07492638	0.42655021
49.71999865	7.07492638	0.44235975
49.72399865	7.07492638	0.42655021
49.72799865	7.07492638	0.42655021
49.73199865	7.07492638	0.42655021
49.73599865	7.07492638	0.42655021
49.73999865	7.07492638	0.42655021
49.74399865	7.07492638	0.42655021
49.74799865	7.07492638	0.42655021
49.75199865	7.07492638	0.42655021
49.75599865	7.07492638	0.42655021
49.75999865	7.07492638	0.42655021
49.76399865	7.07492638	0.42655021
49.76799865	7.07492638	0.44235975
49.77199865	7.07492638	0.42655021
49.77599865	7.07492638	0.44235975
49.77999865	7.07492638	0.42655021
49.78399865	7.07492638	0.42655021
49.78799865	7.07492638	0.42655021
49.79199865	7.07492638	0.42655021
49.79599865	7.07492638	0.42655021
49.79999865	7.07492638	0.42655021
49.80399865	7.07492638	0.42655021
49.80799865	7.07492638	0.42655021
49.81199865	7.07492638	0.42655021
49.81599865	7.07492638	0.42655021
49.81999865	7.07492638	0.42655021
49.82399865	7.07492638	0.42655021
49.82799864	7.07492638	0.42655021
49.83199864	7.07492638	0.42655021
49.83599864	7.07492638	0.42655021
49.83999864	7.07492638	0.42655021
49.84399864	7.07492638	0.42655021
49.84799864	7.07492638	0.42655021
49.85199864	7.07492638	0.42655021
49.85599864	7.07492638	0.42655021
49.85999864	7.07492638	0.42655021
49.86399864	7.07492638	0.44235975
49.86799864	7.07492638	0.42655021
49.87199864	7.07492638	0.42655021
49.87599864	7.07492638	0.42655021
49.87999864	7.07492638	0.42655021
49.88399864	7.07492638	0.42655021
49.88799864	7.07492638	0.42655021
49.89199864	7.07492638	0.42655021
49.89599864	7.07492638	0.42655021
49.89999864	7.07492638	0.42655021
49.90399864	7.07492638	0.42655021
49.90799864	7.07492638	0.42655021
49.91199864	7.07492638	0.42655021
49.91599864	7.07492638	0.42655021
49.91999864	7.07492638	0.42655021
49.92399864	7.07492638	0.42655021
49.92799864	7.07492638	0.42655021
49.93199864	7.07492638	0.42655021
49.93599864	7.07492638	0.42655021
49.93999864	7.07492638	0.42655021
49.94399864	7.07492638	0.42655021
49.94799864	7.07492638	0.42655021
49.95199864	7.07492638	0.42655021
49.95599864	7.07492638	0.42655021
49.95999864	7.07492638	0.42655021
49.96399864	7.07492638	0.42655021
49.96799864	7.07492638	0.42655021
49.97199864	7.07492638	0.42655021
49.97599864	7.07492638	0.42655021
49.97999864	7.07492638	0.42655021
49.98399864	7.07492638	0.42655021
49.98799864	7.07492638	0.42655021
49.99199864	7.07492638	0.42655021
49.99599864	7.07492638	0.42655021
49.99999864	7.07492638	0.42655021
50.00399864	7.07492638	0.42655021
50.00799864	7.07492638	0.42655021
50.01199864	7.07492638	0.42655021
50.01599864	7.07492638	0.42655021
50.01999864	7.07492638	0.42655021
50.02399864	7.07492638	0.42655021
50.02799864	7.07492638	0.42655021
50.03199864	7.07492638	0.42655021
50.03599864	7.07492638	0.42655021
50.03999864	7.07492638	0.42655021
50.04399864	7.07492638	0.42655021
50.04799864	7.07492638	0.42655021
50.05199864	7.07492638	0.42655021
50.05599864	7.07492638	0.42655021
50.05999864	7.07492638	0.42655021
50.06399864	7.07492638	0.42655021
50.06799864	7.07492638	0.42655021
50.07199864	7.07492638	0.42655021
50.07599864	7.07492638	0.42655021
50.07999864	7.07492638	0.42655021
50.08399864	7.07492638	0.42655021
50.08799864	7.07492638	0.42655021
50.09199864	7.07492638	0.42655021
50.09599864	7.07492638	0.42655021
50.09999864	7.07492638	0.42655021
50.10399864	7.07492638	0.42655021
50.10799864	7.07492638	0.42655021
50.11199864	7.07492638	0.42655021
50.11599864	7.07492638	0.42655021
50.11999864	7.07492638	0.42655021
50.12399864	7.07492638	0.42655021
50.12799864	7.07492638	0.42655021
50.13199864	7.07492638	0.42655021
50.13599864	7.07492638	0.42655021
50.13999864	7.07492638	0.42655021
50.14399864	7.07492638	0.42655021
50.14799864	7.07492638	0.42655021
50.15199864	7.07492638	0.42655021
50.15599864	7.07492638	0.42655021
50.15999864	7.07492638	0.42655021
50.16399864	7.07492638	0.42655021
50.16799864	7.07492638	0.42655021
50.17199864	7.07492638	0.42655021
50.17599864	7.07492638	0.42655021
50.17999863	6.91437006	0.42655021
50.18399863	7.07492638	0.42655021
50.18799863	7.23548222	0.42655021
50.19199863	7.07492638	0.42655021
50.19599863	7.07492638	0.42655021
50.19999863	6.91437006	0.42655021
50.20399863	6.91437006	0.42655021
50.20799863	7.07492638	0.42655021
50.21199863	7.07492638	0.42655021
50.21599863	7.07492638	0.42655021
50.21999863	7.07492638	0.42655021
50.22399863	6.91437006	0.42655021
50.22799863	7.07492638	0.42655021
50.23199863	7.07492638	0.42655021
50.23599863	7.07492638	0.42655021
50.23999863	7.07492638	0.42655021
50.24399863	7.07492638	0.42655021
50.24799863	7.07492638	0.42655021
50.25199863	7.07492638	0.42655021
50.25599863	7.07492638	0.42655021
50.25999863	7.07492638	0.42655021
50.26399863	7.07492638	0.42655021
50.26799863	7.07492638	0.42655021
50.27199863	7.07492638	0.42655021
50.27599863	7.07492638	0.42655021
50.27999863	6.91437006	0.42655021
50.28399863	6.91437006	0.42655021
50.28799863	7.07492638	0.42655021
50.29199863	7.07492638	0.42655021
50.29599863	7.07492638	0.42655021
50.29999863	6.91437006	0.42655021
50.30399863	7.07492638	0.42655021
50.30799863	7.07492638	0.42655021
50.31199863	7.07492638	0.42655021
50.31599863	7.07492638	0.42655021
50.31999863	7.07492638	0.42655021
50.32399863	7.07492638	0.42655021
50.32799863	7.07492638	0.42655021
50.33199863	6.91437006	0.42655021
50.33599863	7.07492638	0.42655021
50.33999863	7.07492638	0.42655021
50.34399863	7.07492638	0.42655021
50.34799863	7.07492638	0.42655021
50.35199863	7.07492638	0.42655021
50.35599863	6.91437006	0.42655021
50.35999863	7.07492638	0.42655021
50.36399863	7.07492638	0.42655021
50.36799863	7.07492638	0.42655021
50.37199863	7.07492638	0.42655021
50.37599863	7.07492638	0.42655021
50.37999863	7.07492638	0.42655021
50.38399863	6.91437006	0.42655021
50.38799863	6.91437006	0.42655021
50.39199863	7.07492638	0.42655021
50.39599863	7.07492638	0.42655021
50.39999863	7.07492638	0.42655021
50.40399863	7.07492638	0.42655021
50.40799863	7.07492638	0.42655021
50.41199863	7.07492638	0.42655021
50.41599863	7.07492638	0.42655021
50.41999863	7.07492638	0.42655021
50.42399863	7.07492638	0.42655021
50.42799863	7.07492638	0.42655021
50.43199863	7.07492638	0.42655021
50.43599863	7.07492638	0.42655021
50.43999863	6.91437006	0.42655021
50.44399863	6.91437006	0.42655021
50.44799863	7.07492638	0.42655021
50.45199863	7.07492638	0.42655021
50.45599863	7.07492638	0.42655021
50.45999863	7.07492638	0.42655021
50.46399863	7.07492638	0.42655021
50.46799863	7.07492638	0.42655021
50.47199863	6.91437006	0.42655021
50.47599863	7.07492638	0.42655021
50.47999863	7.07492638	0.42655021
50.48399863	7.07492638	0.42655021
50.48799863	7.07492638	0.42655021
50.49199863	6.91437006	0.42655021
50.49599863	6.91437006	0.42655021
50.49999863	7.07492638	0.42655021
50.50399863	7.07492638	0.42655021
50.50799863	7.07492638	0.42655021
50.51199863	7.07492638	0.42655021
50.51599863	7.07492638	0.42655021
50.51999863	7.07492638	0.42655021
50.52399863	6.91437006	0.42655021
50.52799863	7.07492638	0.42655021
50.53199863	7.07492638	0.42655021
50.53599862	7.07492638	0.42655021
50.53999862	7.07492638	0.42655021
50.54399862	6.91437006	0.42655021
50.54799862	7.07492638	0.41074064
50.55199862	7.07492638	0.42655021
50.55599862	7.07492638	0.42655021
50.55999862	7.07492638	0.42655021
50.56399862	7.07492638	0.42655021
50.56799862	7.07492638	0.42655021
50.57199862	7.07492638	0.42655021
50.57599862	7.07492638	0.42655021
50.57999862	6.91437006	0.42655021
50.58399862	7.07492638	0.42655021
50.58799862	7.07492638	0.42655021
50.59199862	7.07492638	0.42655021
50.59599862	6.91437006	0.42655021
50.59999862	7.07492638	0.42655021
50.60399862	7.07492638	0.41074064
50.60799862	7.07492638	0.42655021
50.61199862	7.07492638	0.41074064
50.61599862	7.07492638	0.42655021
50.61999862	7.07492638	0.41074064
50.62399862	7.07492638	0.42655021
50.62799862	7.07492638	0.42655021
50.63199862	7.07492638	0.42655021
50.63599862	7.07492638	0.41074064
50.63999862	7.07492638	0.42655021
50.64399862	7.07492638	0.42655021
50.64799862	7.07492638	0.42655021
50.65199862	7.07492638	0.41074064
50.65599862	7.07492638	0.42655021
50.65999862	7.07492638	0.42655021
50.66399862	7.07492638	0.42655021
50.66799862	7.07492638	0.41074064
50.67199862	7.07492638	0.42655021
50.67599862	7.07492638	0.42655021
50.67999862	7.07492638	0.42655021
50.68399862	7.07492638	0.41074064
50.68799862	7.07492638	0.42655021
50.69199862	7.07492638	0.41074064
50.69599862	7.07492638	0.42655021
50.69999862	7.07492638	0.41074064
50.70399862	7.07492638	0.42655021
50.70799862	7.23548222	0.42655021
50.71199862	7.07492638	0.42655021
50.71599862	7.07492638	0.41074064
50.71999862	7.07492638	0.41074064
50.72399862	7.07492638	0.42655021
50.72799862	7.07492638	0.42655021
50.73199862	7.07492638	0.42655021
50.73599862	7.07492638	0.42655021
50.73999862	7.07492638	0.41074064
50.74399862	7.07492638	0.42655021
50.74799862	7.07492638	0.42655021
50.75199862	7.07492638	0.42655021
50.75599862	7.07492638	0.42655021
50.75999862	7.07492638	0.42655021
50.76399862	7.07492638	0.41074064
50.76799862	7.07492638	0.42655021
50.77199862	7.07492638	0.41074064
50.77599862	7.07492638	0.42655021
50.77999862	7.07492638	0.41074064
50.78399862	7.07492638	0.42655021
50.78799862	7.07492638	0.41074064
50.79199862	7.07492638	0.41074064
50.79599862	7.23548222	0.41074064
50.79999862	7.23548222	0.42655021
50.80399862	7.07492638	0.42655021
50.80799862	7.07492638	0.41074064
50.81199862	7.07492638	0.41074064
50.81599862	7.07492638	0.42655021
50.81999862	7.07492638	0.41074064
50.82399862	7.07492638	0.42655021
50.82799862	7.07492638	0.42655021
50.83199862	7.07492638	0.42655021
50.83599862	7.07492638	0.41074064
50.83999862	7.07492638	0.41074064
50.84399862	7.07492638	0.41074064
50.84799862	7.07492638	0.42655021
50.85199862	7.23548222	0.41074064
50.85599862	7.07492638	0.42655021
50.85999862	7.07492638	0.41074064
50.86399862	7.07492638	0.41074064
50.86799862	7.07492638	0.42655021
50.87199862	7.07492638	0.42655021
50.87599862	7.07492638	0.41074064
50.87999862	7.07492638	0.41074064
50.88399862	7.07492638	0.41074064
50.88799861	7.07492638	0.41074064
50.89199861	7.07492638	0.41074064
50.89599861	7.07492638	0.41074064
50.89999861	7.07492638	0.41074064
50.90399861	7.23548222	0.42655021
50.90799861	7.07492638	0.41074064
50.91199861	7.07492638	0.41074064
50.91599861	7.07492638	0.41074064
50.91999861	7.07492638	0.41074064
50.92399861	7.23548222	0.41074064
50.92799861	7.07492638	0.41074064
50.93199861	7.07492638	0.41074064
50.93599861	7.07492638	0.41074064
50.93999861	7.07492638	0.41074064
50.94399861	7.07492638	0.42655021
50.94799861	7.07492638	0.41074064
50.95199861	7.07492638	0.42655021
50.95599861	7.07492638	0.41074064
50.95999861	7.07492638	0.41074064
50.96399861	7.07492638	0.41074064
50.96799861	7.07492638	0.41074064
50.97199861	7.07492638	0.41074064
50.97599861	7.07492638	0.41074064
50.97999861	7.07492638	0.41074064
50.98399861	7.07492638	0.41074064
50.98799861	7.07492638	0.41074064
50.99199861	7.07492638	0.41074064
50.99599861	7.07492638	0.41074064
50.99999861	7.07492638	0.41074064
51.00399861	7.07492638	0.41074064
51.00799861	7.07492638	0.41074064
51.01199861	7.07492638	0.41074064
51.01599861	7.23548222	0.41074064
51.01999861	7.07492638	0.41074064
51.02399861	7.07492638	0.42655021
51.02799861	7.07492638	0.41074064
51.03199861	7.07492638	0.41074064
51.03599861	7.23548222	0.41074064
51.03999861	7.07492638	0.41074064
51.04399861	7.07492638	0.41074064
51.04799861	7.07492638	0.41074064
51.05199861	7.07492638	0.41074064
51.05599861	7.07492638	0.41074064
51.05999861	7.07492638	0.41074064
51.06399861	7.07492638	0.41074064
51.06799861	7.23548222	0.41074064
51.07199861	7.07492638	0.41074064
51.07599861	7.07492638	0.41074064
51.07999861	7.07492638	0.41074064
51.08399861	7.07492638	0.41074064
51.08799861	7.07492638	0.42655021
51.09199861	7.07492638	0.41074064
51.09599861	7.07492638	0.41074064
51.09999861	7.07492638	0.41074064
51.10399861	7.07492638	0.42655021
51.10799861	7.07492638	0.41074064
51.11199861	7.07492638	0.41074064
51.11599861	7.07492638	0.41074064
51.11999861	7.07492638	0.41074064
51.12399861	7.07492638	0.41074064
51.12799861	7.07492638	0.41074064
51.13199861	7.07492638	0.41074064
51.13599861	7.07492638	0.41074064
51.13999861	7.07492638	0.41074064
51.14399861	7.07492638	0.41074064
51.14799861	7.07492638	0.41074064
51.15199861	7.07492638	0.41074064
51.15599861	7.07492638	0.41074064
51.15999861	7.07492638	0.41074064
51.16399861	7.07492638	0.41074064
51.16799861	7.07492638	0.41074064
51.17199861	7.07492638	0.41074064
51.17599861	7.07492638	0.41074064
51.17999861	7.07492638	0.41074064
51.18399861	7.07492638	0.41074064
51.18799861	7.07492638	0.41074064
51.19199861	7.07492638	0.41074064
51.19599861	7.07492638	0.41074064
51.19999861	7.07492638	0.41074064
51.20399861	7.07492638	0.41074064
51.20799861	7.07492638	0.41074064
51.21199861	7.07492638	0.41074064
51.21599861	7.07492638	0.41074064
51.21999861	7.07492638	0.41074064
51.22399861	7.07492638	0.41074064
51.22799861	7.07492638	0.41074064
51.23199861	7.07492638	0.41074064
51.23599861	7.07492638	0.41074064
51.23999861	7.07492638	0.41074064
51.24399860	7.07492638	0.41074064
51.24799860	7.07492638	0.41074064
51.25199860	7.07492638	0.41074064
51.25599860	7.07492638	0.41074064
51.25999860	7.07492638	0.41074064
51.26399860	7.07492638	0.41074064
51.26799860	7.07492638	0.41074064
51.27199860	7.07492638	0.41074064
51.27599860	7.07492638	0.41074064
51.27999860	7.07492638	0.41074064
51.28399860	7.07492638	0.41074064
51.28799860	7.07492638	0.41074064
51.29199860	7.07492638	0.41074064
51.29599860	7.07492638	0.41074064
51.29999860	7.07492638	0.41074064
51.30399860	7.07492638	0.41074064
51.30799860	7.07492638	0.41074064
51.31199860	7.07492638	0.41074064
51.31599860	7.07492638	0.41074064
51.31999860	7.07492638	0.41074064
51.32399860	7.07492638	0.41074064
51.32799860	7.07492638	0.41074064
51.33199860	7.07492638	0.41074064
51.33599860	7.07492638	0.41074064
51.33999860	7.07492638	0.41074064
51.34399860	7.07492638	0.41074064
51.34799860	7.07492638	0.41074064
51.35199860	7.07492638	0.41074064
51.35599860	7.07492638	0.41074064
51.35999860	7.23548222	0.41074064
51.36399860	7.07492638	0.41074064
51.36799860	7.07492638	0.41074064
51.37199860	7.07492638	0.41074064
51.37599860	7.07492638	0.41074064
51.37999860	7.07492638	0.41074064
51.38399860	7.07492638	0.41074064
51.38799860	7.07492638	0.41074064
51.39199860	7.07492638	0.41074064
51.39599860	7.07492638	0.41074064
51.39999860	7.07492638	0.41074064
51.40399860	7.07492638	0.41074064
51.40799860	7.07492638	0.41074064
51.41199860	7.07492638	0.41074064
51.41599860	7.23548222	0.41074064
51.41999860	7.07492638	0.41074064
51.42399860	7.07492638	0.41074064
51.42799860	7.07492638	0.41074064
51.43199860	7.07492638	0.41074064
51.43599860	7.07492638	0.41074064
51.43999860	7.07492638	0.41074064
51.44399860	7.07492638	0.41074064
51.44799860	7.07492638	0.41074064
51.45199860	7.07492638	0.41074064
51.45599860	7.07492638	0.41074064
51.45999860	7.07492638	0.41074064
51.46399860	7.07492638	0.41074064
51.46799860	7.07492638	0.41074064
51.47199860	7.07492638	0.41074064
51.47599860	7.07492638	0.41074064
51.47999860	7.23548222	0.41074064
51.48399860	7.07492638	0.41074064
51.48799860	7.07492638	0.41074064
51.49199860	7.07492638	0.41074064
51.49599860	7.23548222	0.41074064
51.49999860	7.07492638	0.41074064
51.50399860	7.07492638	0.41074064
51.50799860	7.07492638	0.41074064
51.51199860	7.07492638	0.41074064
51.51599860	7.07492638	0.41074064
51.51999860	7.07492638	0.41074064
51.52399860	7.07492638	0.41074064
51.52799860	7.23548222	0.41074064
51.53199860	7.07492638	0.41074064
51.53599860	7.07492638	0.41074064
51.53999860	7.07492638	0.41074064
51.54399860	7.07492638	0.41074064
51.54799860	7.07492638	0.41074064
51.55199860	7.07492638	0.41074064
51.55599860	7.07492638	0.41074064
51.55999860	7.07492638	0.41074064
51.56399860	7.07492638	0.41074064
51.56799860	7.07492638	0.41074064
51.57199860	7.07492638	0.41074064
51.57599860	7.07492638	0.41074064
51.57999860	7.07492638	0.41074064
51.58399860	7.07492638	0.41074064
51.58799860	7.07492638	0.41074064
51.59199860	7.07492638	0.41074064
51.59599859	7.07492638	0.41074064
51.59999859	7.07492638	0.41074064
51.60399859	7.07492638	0.41074064
51.60799859	7.07492638	0.41074064
51.61199859	7.07492638	0.41074064
51.61599859	7.07492638	0.41074064
51.61999859	7.07492638	0.41074064
51.62399859	7.07492638	0.41074064
51.62799859	7.07492638	0.41074064
51.63199859	7.07492638	0.41074064
51.63599859	7.07492638	0.41074064
51.63999859	7.07492638	0.41074064
51.64399859	6.91437006	0.41074064
51.64799859	7.07492638	0.41074064
51.65199859	7.23548222	0.41074064
51.65599859	7.23548222	0.41074064
51.65999859	7.07492638	0.41074064
51.66399859	7.07492638	0.41074064
51.66799859	7.07492638	0.41074064
51.67199859	7.07492638	0.41074064
51.67599859	7.07492638	0.41074064
51.67999859	7.07492638	0.41074064
51.68399859	7.07492638	0.41074064
51.68799859	7.07492638	0.41074064
51.69199859	6.91437006	0.41074064
51.69599859	6.91437006	0.41074064
51.69999859	7.07492638	0.41074064
51.70399859	7.23548222	0.41074064
51.70799859	7.07492638	0.41074064
51.71199859	7.07492638	0.41074064
51.71599859	7.07492638	0.41074064
51.71999859	7.07492638	0.41074064
51.72399859	7.07492638	0.41074064
51.72799859	7.07492638	0.41074064
51.73199859	7.07492638	0.41074064
51.73599859	7.23548222	0.41074064
51.73999859	7.07492638	0.41074064
51.74399859	7.07492638	0.41074064
51.74799859	6.91437006	0.41074064
51.75199859	7.07492638	0.41074064
51.75599859	7.07492638	0.41074064
51.75999859	7.07492638	0.41074064
51.76399859	7.07492638	0.41074064
51.76799859	7.07492638	0.41074064
51.77199859	7.07492638	0.41074064
51.77599859	7.07492638	0.41074064
51.77999859	7.07492638	0.41074064
51.78399859	7.07492638	0.41074064
51.78799859	7.07492638	0.41074064
51.79199859	7.07492638	0.41074064
51.79599859	7.07492638	0.41074064
51.79999859	7.07492638	0.41074064
51.80399859	7.07492638	0.41074064
51.80799859	7.07492638	0.41074064
51.81199859	7.07492638	0.41074064
51.81599859	7.07492638	0.41074064
51.81999859	7.07492638	0.41074064
51.82399859	7.07492638	0.41074064
51.82799859	7.07492638	0.41074064
51.83199859	7.07492638	0.41074064
51.83599859	7.07492638	0.41074064
51.83999859	7.23548222	0.41074064
51.84399859	7.07492638	0.41074064
51.84799859	7.07492638	0.41074064
51.85199859	7.07492638	0.41074064
51.85599859	7.23548222	0.41074064
51.85999859	7.07492638	0.41074064
51.86399859	7.07492638	0.41074064
51.86799859	7.07492638	0.41074064
51.87199859	7.07492638	0.41074064
51.87599859	7.07492638	0.41074064
51.87999859	7.07492638	0.41074064
51.88399859	7.07492638	0.41074064
51.88799859	7.07492638	0.41074064
51.89199859	7.07492638	0.41074064
51.89599859	7.07492638	0.41074064
51.89999859	7.07492638	0.41074064
51.90399859	7.07492638	0.41074064
51.90799859	7.23548222	0.41074064
51.91199859	7.07492638	0.41074064
51.91599859	7.07492638	0.41074064
51.91999859	7.07492638	0.41074064
51.92399859	7.07492638	0.41074064
51.92799859	7.23548222	0.41074064
51.93199859	7.07492638	0.41074064
51.93599859	7.07492638	0.41074064
51.93999859	7.07492638	0.41074064
51.94399859	7.07492638	0.41074064
51.94799858	7.07492638	0.39493111
51.95199858	7.07492638	0.41074064
51.95599858	7.07492638	0.41074064
51.95999858	7.23548222	0.41074064
51.96399858	7.07492638	0.39493111
51.96799858	7.07492638	0.39493111
51.97199858	7.07492638	0.39493111
51.97599858	7.23548222	0.41074064
51.97999858	7.23548222	0.41074064
51.98399858	7.07492638	0.41074064
51.98799858	7.07492638	0.41074064
51.99199858	7.07492638	0.41074064
51.99599858	7.07492638	0.41074064
51.99999858	7.07492638	0.41074064
52.00399858	7.07492638	0.41074064
52.00799858	7.07492638	0.41074064
52.01199858	7.07492638	0.39493111
52.01599858	7.07492638	0.41074064
52.01999858	7.07492638	0.41074064
52.02399858	7.07492638	0.41074064
52.02799858	7.07492638	0.39493111
52.03199858	7.07492638	0.41074064
52.03599858	7.07492638	0.41074064
52.03999858	7.07492638	0.41074064
52.04399858	7.07492638	0.39493111
52.04799858	7.07492638	0.41074064
52.05199858	7.07492638	0.41074064
52.05599858	7.07492638	0.41074064
52.05999858	7.07492638	0.39493111
52.06399858	7.07492638	0.41074064
52.06799858	7.07492638	0.41074064
52.07199858	7.07492638	0.41074064
52.07599858	7.07492638	0.39493111
52.07999858	7.07492638	0.41074064
52.08399858	7.07492638	0.39493111
52.08799858	7.07492638	0.41074064
52.09199858	7.07492638	0.39493111
52.09599858	7.07492638	0.41074064
52.09999858	7.07492638	0.41074064
52.10399858	7.07492638	0.41074064
52.10799858	7.07492638	0.41074064
52.11199858	7.07492638	0.41074064
52.11599858	7.07492638	0.39493111
52.11999858	7.07492638	0.41074064
52.12399858	7.07492638	0.39493111
52.12799858	7.07492638	0.41074064
52.13199858	7.07492638	0.39493111
52.13599858	7.07492638	0.41074064
52.13999858	7.07492638	0.41074064
52.14399858	7.07492638	0.39493111
52.14799858	7.07492638	0.39493111
52.15199858	7.07492638	0.39493111
52.15599858	7.07492638	0.39493111
52.15999858	6.91437006	0.41074064
52.16399858	6.91437006	0.39493111
52.16799858	7.07492638	0.39493111
52.17199858	7.23548222	0.39493111
52.17599858	7.07492638	0.41074064
52.17999858	7.07492638	0.39493111
52.18399858	7.07492638	0.39493111
52.18799858	7.07492638	0.39493111
52.19199858	7.07492638	0.41074064
52.19599858	7.07492638	0.39493111
52.19999858	7.07492638	0.41074064
52.20399858	7.07492638	0.39493111
52.20799858	7.07492638	0.39493111
52.21199858	7.07492638	0.39493111
52.21599858	7.07492638	0.39493111
52.21999858	7.07492638	0.39493111
52.22399858	7.07492638	0.41074064
52.22799858	7.07492638	0.39493111
52.23199858	7.07492638	0.39493111
52.23599858	7.07492638	0.39493111
52.23999858	7.07492638	0.39493111
52.24399858	7.07492638	0.39493111
52.24799858	7.07492638	0.39493111
52.25199858	7.07492638	0.39493111
52.25599858	7.07492638	0.41074064
52.25999858	7.07492638	0.39493111
52.26399858	7.07492638	0.41074064
52.26799858	7.07492638	0.39493111
52.27199858	7.07492638	0.41074064
52.27599858	7.07492638	0.39493111
52.27999858	7.07492638	0.39493111
52.28399858	7.07492638	0.39493111
52.28799858	7.07492638	0.39493111
52.29199858	7.07492638	0.39493111
52.29599858	7.07492638	0.39493111
52.29999858	7.07492638	0.39493111
52.30399857	7.07492638	0.39493111
52.30799857	7.07492638	0.39493111
52.31199857	7.07492638	0.41074064
52.31599857	7.07492638	0.39493111
52.31999857	7.07492638	0.39493111
52.32399857	7.07492638	0.39493111
52.32799857	7.07492638	0.39493111
52.33199857	7.07492638	0.39493111
52.33599857	7.07492638	0.41074064
52.33999857	7.07492638	0.41074064
52.34399857	7.07492638	0.39493111
52.34799857	7.07492638	0.39493111
52.35199857	7.07492638	0.39493111
52.35599857	7.07492638	0.39493111
52.35999857	7.07492638	0.39493111
52.36399857	7.07492638	0.39493111
52.36799857	7.07492638	0.41074064
52.37199857	6.91437006	0.39493111
52.37599857	7.07492638	0.39493111
52.37999857	7.07492638	0.39493111
52.38399857	7.07492638	0.39493111
52.38799857	7.07492638	0.39493111
52.39199857	7.07492638	0.39493111
52.39599857	7.07492638	0.39493111
52.39999857	7.07492638	0.39493111
52.40399857	7.07492638	0.39493111
52.40799857	7.07492638	0.39493111
52.41199857	7.07492638	0.39493111
52.41599857	7.07492638	0.41074064
52.41999857	7.07492638	0.39493111
52.42399857	7.07492638	0.39493111
52.42799857	7.07492638	0.39493111
52.43199857	7.07492638	0.39493111
52.43599857	7.07492638	0.39493111
52.43999857	7.07492638	0.39493111
52.44399857	7.07492638	0.39493111
52.44799857	7.07492638	0.39493111
52.45199857	7.07492638	0.39493111
52.45599857	7.07492638	0.41074064
52.45999857	7.07492638	0.39493111
52.46399857	7.07492638	0.39493111
52.46799857	7.07492638	0.39493111
52.47199857	7.07492638	0.39493111
52.47599857	7.07492638	0.39493111
52.47999857	7.07492638	0.39493111
52.48399857	7.07492638	0.39493111
52.48799857	7.07492638	0.39493111
52.49199857	7.07492638	0.39493111
52.49599857	7.07492638	0.39493111
52.49999857	7.07492638	0.39493111
52.50399857	7.07492638	0.39493111
52.50799857	7.07492638	0.39493111
52.51199857	7.07492638	0.39493111
52.51599857	7.07492638	0.39493111
52.51999857	7.07492638	0.39493111
52.52399857	7.07492638	0.39493111
52.52799857	7.07492638	0.39493111
52.53199857	7.07492638	0.39493111
52.53599857	7.07492638	0.39493111
52.53999857	7.07492638	0.39493111
52.54399857	7.07492638	0.39493111
52.54799857	7.07492638	0.39493111
52.55199857	7.07492638	0.39493111
52.55599857	7.07492638	0.39493111
52.55999857	7.07492638	0.39493111
52.56399857	7.07492638	0.39493111
52.56799857	7.07492638	0.39493111
52.57199857	7.07492638	0.39493111
52.57599857	7.07492638	0.39493111
52.57999857	7.07492638	0.39493111
52.58399857	7.07492638	0.39493111
52.58799857	7.07492638	0.39493111
52.59199857	7.07492638	0.39493111
52.59599857	7.07492638	0.39493111
52.59999857	7.07492638	0.39493111
52.60399857	7.07492638	0.39493111
52.60799857	7.07492638	0.39493111
52.61199857	7.07492638	0.39493111
52.61599857	7.07492638	0.39493111
52.61999857	7.07492638	0.39493111
52.62399857	7.07492638	0.39493111
52.62799857	7.07492638	0.39493111
52.63199857	7.07492638	0.39493111
52.63599857	7.07492638	0.39493111
52.63999857	7.07492638	0.39493111
52.64399857	7.07492638	0.39493111
52.64799857	7.07492638	0.39493111
52.65199857	7.07492638	0.39493111
52.65599856	7.07492638	0.39493111
52.65999856	7.07492638	0.39493111
52.66399856	7.07492638	0.39493111
52.66799856	7.07492638	0.39493111
52.67199856	7.07492638	0.39493111
52.67599856	7.07492638	0.39493111
52.67999856	7.07492638	0.39493111
52.68399856	7.07492638	0.39493111
52.68799856	7.07492638	0.39493111
52.69199856	7.07492638	0.39493111
52.69599856	7.07492638	0.39493111
52.69999856	7.07492638	0.39493111
52.70399856	7.07492638	0.39493111
52.70799856	7.07492638	0.39493111
52.71199856	7.07492638	0.39493111
52.71599856	7.07492638	0.39493111
52.71999856	7.07492638	0.39493111
52.72399856	7.07492638	0.39493111
52.72799856	7.07492638	0.39493111
52.73199856	7.07492638	0.39493111
52.73599856	7.07492638	0.39493111
52.73999856	7.07492638	0.39493111
52.74399856	7.07492638	0.39493111
52.74799856	7.07492638	0.39493111
52.75199856	7.07492638	0.39493111
52.75599856	7.07492638	0.39493111
52.75999856	6.91437006	0.39493111
52.76399856	7.07492638	0.39493111
52.76799856	7.07492638	0.39493111
52.77199856	7.07492638	0.39493111
52.77599856	7.07492638	0.39493111
52.77999856	7.07492638	0.39493111
52.78399856	7.07492638	0.39493111
52.78799856	7.07492638	0.39493111
52.79199856	7.07492638	0.39493111
52.79599856	7.07492638	0.39493111
52.79999856	7.07492638	0.39493111
52.80399856	7.07492638	0.39493111
52.80799856	7.07492638	0.39493111
52.81199856	6.91437006	0.39493111
52.81599856	7.07492638	0.39493111
52.81999856	7.07492638	0.39493111
52.82399856	7.07492638	0.39493111
52.82799856	7.07492638	0.39493111
52.83199856	7.07492638	0.39493111
52.83599856	7.07492638	0.39493111
52.83999856	7.07492638	0.39493111
52.84399856	7.07492638	0.39493111
52.84799856	7.07492638	0.39493111
52.85199856	7.07492638	0.39493111
52.85599856	7.07492638	0.39493111
52.85999856	7.07492638	0.39493111
52.86399856	7.07492638	0.39493111
52.86799856	7.07492638	0.39493111
52.87199856	7.07492638	0.39493111
52.87599856	7.07492638	0.39493111
52.87999856	6.91437006	0.39493111
52.88399856	7.07492638	0.37918308
52.88799856	7.23548222	0.39493111
52.89199856	7.23548222	0.39493111
52.89599856	7.07492638	0.39493111
52.89999856	7.07492638	0.39493111
52.90399856	7.07492638	0.39493111
52.90799856	7.07492638	0.39493111
52.91199856	7.07492638	0.39493111
52.91599856	7.07492638	0.39493111
52.91999856	7.07492638	0.39493111
52.92399856	7.07492638	0.39493111
52.92799856	7.07492638	0.39493111
52.93199856	7.07492638	0.39493111
52.93599856	7.07492638	0.39493111
52.93999856	7.07492638	0.39493111
52.94399856	7.07492638	0.39493111
52.94799856	7.07492638	0.39493111
52.95199856	7.07492638	0.39493111
52.95599856	7.07492638	0.39493111
52.95999856	7.07492638	0.39493111
52.96399856	7.07492638	0.39493111
52.96799856	7.07492638	0.39493111
52.97199856	7.07492638	0.39493111
52.97599856	7.07492638	0.39493111
52.97999856	7.07492638	0.39493111
52.98399856	7.07492638	0.39493111
52.98799856	7.07492638	0.39493111
52.99199856	7.07492638	0.39493111
52.99599856	7.07492638	0.39493111
52.99999856	7.23548222	0.39493111
53.00399856	7.07492638	0.39493111
53.00799856	7.07492638	0.39493111
53.01199855	7.07492638	0.39493111
53.01599855	7.07492638	0.39493111
53.01999855	7.07492638	0.39493111
53.02399855	7.07492638	0.39493111
53.02799855	7.07492638	0.39493111
53.03199855	7.23548222	0.39493111
53.03599855	7.07492638	0.39493111
53.03999855	7.07492638	0.39493111
53.04399855	7.07492638	0.39493111
53.04799855	7.07492638	0.39493111
53.05199855	7.23548222	0.39493111
53.05599855	7.07492638	0.39493111
53.05999855	7.07492638	0.39493111
53.06399855	7.23548222	0.39493111
53.06799855	7.07492638	0.39493111
53.07199855	7.07492638	0.39493111
53.07599855	7.07492638	0.39493111
53.07999855	7.07492638	0.39493111
53.08399855	7.07492638	0.37918308
53.08799855	7.23548222	0.39493111
53.09199855	7.07492638	0.39493111
53.09599855	7.23548222	0.39493111
53.09999855	7.07492638	0.39493111
53.10399855	7.07492638	0.39493111
53.10799855	7.07492638	0.39493111
53.11199855	7.07492638	0.39493111
53.11599855	7.23548222	0.39493111
53.11999855	7.23548222	0.39493111
53.12399855	7.23548222	0.39493111
53.12799855	7.07492638	0.39493111
53.13199855	7.07492638	0.39493111
53.13599855	7.07492638	0.39493111
53.13999855	7.07492638	0.39493111
53.14399855	7.07492638	0.39493111
53.14799855	7.07492638	0.39493111
53.15199855	7.23548222	0.39493111
53.15599855	7.07492638	0.39493111
53.15999855	7.07492638	0.39493111
53.16399855	7.07492638	0.39493111
53.16799855	7.07492638	0.39493111
53.17199855	7.23548222	0.39493111
53.17599855	7.07492638	0.39493111
53.17999855	7.07492638	0.37918308
53.18399855	7.07492638	0.39493111
53.18799855	7.07492638	0.39493111
53.19199855	7.07492638	0.39493111
53.19599855	7.07492638	0.37918308
53.19999855	7.07492638	0.39493111
53.20399855	7.07492638	0.39493111
53.20799855	7.23548222	0.39493111
53.21199855	7.07492638	0.39493111
53.21599855	7.07492638	0.39493111
53.21999855	7.07492638	0.39493111
53.22399855	7.23548222	0.39493111
53.22799855	7.23548222	0.39493111
53.23199855	7.07492638	0.39493111
53.23599855	7.07492638	0.39493111
53.23999855	7.23548222	0.39493111
53.24399855	7.23548222	0.39493111
53.24799855	7.07492638	0.39493111
53.25199855	7.07492638	0.37918308
53.25599855	7.23548222	0.39493111
53.25999855	7.23548222	0.39493111
53.26399855	7.23548222	0.39493111
53.26799855	7.07492638	0.39493111
53.27199855	7.07492638	0.39493111
53.27599855	7.23548222	0.39493111
53.27999855	7.23548222	0.39493111
53.28399855	7.07492638	0.39493111
53.28799855	7.23548222	0.39493111
53.29199855	7.23548222	0.39493111
53.29599855	7.07492638	0.39493111
53.29999855	7.07492638	0.37918308
53.30399855	7.07492638	0.39493111
53.30799855	7.23548222	0.39493111
53.31199855	7.23548222	0.39493111
53.31599855	7.23548222	0.39493111
53.31999855	7.07492638	0.39493111
53.32399855	7.07492638	0.39493111
53.32799855	7.23548222	0.39493111
53.33199855	7.23548222	0.39493111
53.33599855	7.07492638	0.39493111
53.33999855	7.23548222	0.37918308
53.34399855	7.23548222	0.39493111
53.34799855	7.23548222	0.39493111
53.35199855	7.07492638	0.39493111
53.35599855	7.07492638	0.37918308
53.35999855	7.07492638	0.39493111
53.36399854	7.23548222	0.39493111
53.36799854	7.23548222	0.39493111
53.37199854	7.07492638	0.37918308
53.37599854	7.23548222	0.39493111
53.37999854	7.23548222	0.39493111
53.38399854	7.23548222	0.39493111
53.38799854	7.07492638	0.39493111
53.39199854	7.23548222	0.39493111
53.39599854	7.23548222	0.39493111
53.39999854	7.23548222	0.39493111
53.40399854	7.23548222	0.37918308
53.40799854	7.23548222	0.39493111
53.41199854	7.23548222	0.37918308
53.41599854	7.23548222	0.39493111
53.41999854	7.23548222	0.37918308
53.42399854	7.23548222	0.39493111
53.42799854	7.07492638	0.37918308
53.43199854	7.23548222	0.39493111
53.43599854	7.23548222	0.37918308
53.43999854	7.23548222	0.39493111
53.44399854	7.23548222	0.37918308
53.44799854	7.23548222	0.39493111
53.45199854	7.23548222	0.39493111
53.45599854	7.23548222	0.37918308
53.45999854	7.07492638	0.37918308
53.46399854	7.23548222	0.37918308
53.46799854	7.23548222	0.37918308
53.47199854	7.23548222	0.39493111
53.47599854	7.23548222	0.37918308
53.47999854	7.23548222	0.39493111
53.48399854	7.23548222	0.39493111
53.48799854	7.07492638	0.39493111
53.49199854	7.23548222	0.37918308
53.49599854	7.23548222	0.39493111
53.49999854	7.23548222	0.37918308
53.50399854	7.23548222	0.37918308
53.50799854	7.23548222	0.39493111
53.51199854	7.23548222	0.39493111
53.51599854	7.23548222	0.37918308
53.51999854	7.23548222	0.39493111
53.52399854	7.23548222	0.37918308
53.52799854	7.23548222	0.37918308
53.53199854	7.23548222	0.37918308
53.53599854	7.23548222	0.37918308
53.53999854	7.23548222	0.37918308
53.54399854	7.07492638	0.39493111
53.54799854	7.23548222	0.37918308
53.55199854	7.23548222	0.37918308
53.55599854	7.23548222	0.39493111
53.55999854	7.23548222	0.39493111
53.56399854	7.23548222	0.37918308
53.56799854	7.23548222	0.39493111
53.57199854	7.23548222	0.39493111
53.57599854	7.23548222	0.39493111
53.57999854	7.23548222	0.39493111
53.58399854	7.23548222	0.37918308
53.58799854	7.23548222	0.37918308
53.59199854	7.23548222	0.37918308
53.59599854	7.23548222	0.37918308
53.59999854	7.23548222	0.37918308
53.60399854	7.23548222	0.37918308
53.60799854	7.23548222	0.37918308
53.61199854	7.23548222	0.37918308
53.61599854	7.23548222	0.39493111
53.61999854	7.23548222	0.37918308
53.62399854	7.23548222	0.39493111
53.62799854	7.23548222	0.39493111
53.63199854	7.23548222	0.39493111
53.63599854	7.23548222	0.37918308
53.63999854	7.23548222	0.39493111
53.64399854	7.07492638	0.37918308
53.64799854	7.23548222	0.37918308
53.65199854	7.23548222	0.37918308
53.65599854	7.23548222	0.39493111
53.65999854	7.23548222	0.37918308
53.66399854	7.07492638	0.37918308
53.66799854	7.07492638	0.37918308
53.67199854	7.23548222	0.39493111
53.67599854	7.23548222	0.37918308
53.67999854	7.23548222	0.37918308
53.68399854	7.23548222	0.37918308
53.68799854	7.23548222	0.39493111
53.69199854	7.23548222	0.37918308
53.69599854	7.23548222	0.37918308
53.69999854	7.23548222	0.37918308
53.70399854	7.23548222	0.39493111
53.70799854	7.23548222	0.37918308
53.71199854	7.23548222	0.39493111
53.71599853	7.23548222	0.37918308
53.71999853	7.23548222	0.37918308
53.72399853	7.23548222	0.37918308
53.72799853	7.23548222	0.39493111
53.73199853	7.23548222	0.37918308
53.73599853	7.23548222	0.37918308
53.73999853	7.23548222	0.37918308
53.74399853	7.23548222	0.37918308
53.74799853	7.23548222	0.37918308
53.75199853	7.23548222	0.39493111
53.75599853	7.23548222	0.37918308
53.75999853	7.23548222	0.37918308
53.76399853	7.23548222	0.37918308
53.76799853	7.23548222	0.37918308
53.77199853	7.23548222	0.37918308
53.77599853	7.23548222	0.37918308
53.77999853	7.23548222	0.37918308
53.78399853	7.23548222	0.37918308
53.78799853	7.23548222	0.37918308
53.79199853	7.23548222	0.37918308
53.79599853	7.23548222	0.37918308
53.79999853	7.23548222	0.37918308
53.80399853	7.23548222	0.37918308
53.80799853	7.23548222	0.37918308
53.81199853	7.23548222	0.37918308
53.81599853	7.23548222	0.37918308
53.81999853	7.23548222	0.37918308
53.82399853	7.23548222	0.37918308
53.82799853	7.23548222	0.37918308
53.83199853	7.23548222	0.37918308
53.83599853	7.23548222	0.37918308
53.83999853	7.23548222	0.37918308
53.84399853	7.23548222	0.37918308
53.84799853	7.23548222	0.37918308
53.85199853	7.23548222	0.37918308
53.85599853	7.23548222	0.37918308
53.85999853	7.23548222	0.37918308
53.86399853	7.23548222	0.37918308
53.86799853	7.23548222	0.37918308
53.87199853	7.23548222	0.37918308
53.87599853	7.23548222	0.37918308
53.87999853	7.23548222	0.37918308
53.88399853	7.23548222	0.37918308
53.88799853	7.23548222	0.37918308
53.89199853	7.23548222	0.37918308
53.89599853	7.23548222	0.37918308
53.89999853	7.23548222	0.37918308
53.90399853	7.23548222	0.37918308
53.90799853	7.23548222	0.37918308
53.91199853	7.23548222	0.37918308
53.91599853	7.23548222	0.37918308
53.91999853	7.23548222	0.37918308
53.92399853	7.23548222	0.37918308
53.92799853	7.23548222	0.37918308
53.93199853	7.23548222	0.37918308
53.93599853	7.23548222	0.37918308
53.93999853	7.23548222	0.37918308
53.94399853	7.23548222	0.37918308
53.94799853	7.23548222	0.37918308
53.95199853	7.23548222	0.37918308
53.95599853	7.23548222	0.37918308
53.95999853	7.23548222	0.37918308
53.96399853	7.23548222	0.37918308
53.96799853	7.23548222	0.37918308
53.97199853	7.23548222	0.37918308
53.97599853	7.23548222	0.37918308
53.97999853	7.23548222	0.37918308
53.98399853	7.07492638	0.37918308
53.98799853	7.07492638	0.37918308
53.99199853	7.23548222	0.37918308
53.99599853	7.23548222	0.37918308
53.99999853	7.23548222	0.37918308
54.00399853	7.23548222	0.37918308
54.00799853	7.23548222	0.37918308
54.01199853	7.23548222	0.37918308
54.01599853	7.23548222	0.37918308
54.01999853	7.07492638	0.37918308
54.02399853	7.23548222	0.37918308
54.02799853	7.23548222	0.37918308
54.03199853	7.23548222	0.37918308
54.03599853	7.23548222	0.37918308
54.03999853	7.07492638	0.37918308
54.04399853	7.23548222	0.37918308
54.04799853	7.23548222	0.37918308
54.05199853	7.23548222	0.37918308
54.05599853	7.23548222	0.37918308
54.05999853	7.23548222	0.37918308
54.06399853	7.23548222	0.37918308
54.06799853	7.23548222	0.37918308
54.07199852	7.07492638	0.37918308
54.07599852	7.07492638	0.37918308
54.07999852	7.23548222	0.37918308
54.08399852	7.23548222	0.37918308
54.08799852	7.23548222	0.37918308
54.09199852	7.07492638	0.37918308
54.09599852	7.23548222	0.37918308
54.09999852	7.23548222	0.37918308
54.10399852	7.23548222	0.37918308
54.10799852	7.23548222	0.37918308
54.11199852	7.23548222	0.37918308
54.11599852	7.23548222	0.37918308
54.11999852	7.23548222	0.37918308
54.12399852	7.07492638	0.37918308
54.12799852	7.23548222	0.37918308
54.13199852	7.23548222	0.37918308
54.13599852	7.23548222	0.37918308
54.13999852	7.23548222	0.37918308
54.14399852	7.23548222	0.37918308
54.14799852	7.23548222	0.37918308
54.15199852	7.23548222	0.37918308
54.15599852	7.23548222	0.37918308
54.15999852	7.23548222	0.37918308
54.16399852	7.23548222	0.37918308
54.16799852	7.23548222	0.37918308
54.17199852	7.23548222	0.37918308
54.17599852	7.23548222	0.37918308
54.17999852	7.23548222	0.37918308
54.18399852	7.23548222	0.37918308
54.18799852	7.23548222	0.37918308
54.19199852	7.23548222	0.37918308
54.19599852	7.23548222	0.37918308
54.19999852	7.23548222	0.37918308
54.20399852	7.23548222	0.37918308
54.20799852	7.23548222	0.37918308
54.21199852	7.23548222	0.37918308
54.21599852	7.23548222	0.37918308
54.21999852	7.23548222	0.37918308
54.22399852	7.23548222	0.37918308
54.22799852	7.23548222	0.37918308
54.23199852	7.23548222	0.37918308
54.23599852	7.23548222	0.37918308
54.23999852	7.23548222	0.37918308
54.24399852	7.23548222	0.37918308
54.24799852	7.23548222	0.37918308
54.25199852	7.23548222	0.37918308
54.25599852	7.23548222	0.37918308
54.25999852	7.23548222	0.37918308
54.26399852	7.23548222	0.37918308
54.26799852	7.23548222	0.37918308
54.27199852	7.23548222	0.37918308
54.27599852	7.07492638	0.37918308
54.27999852	7.23548222	0.37918308
54.28399852	7.23548222	0.37918308
54.28799852	7.23548222	0.37918308
54.29199852	7.23548222	0.37918308
54.29599852	7.23548222	0.37918308
54.29999852	7.23548222	0.37918308
54.30399852	7.23548222	0.37918308
54.30799852	7.23548222	0.37918308
54.31199852	7.07492638	0.37918308
54.31599852	7.23548222	0.37918308
54.31999852	7.23548222	0.37918308
54.32399852	7.23548222	0.37918308
54.32799852	7.23548222	0.37918308
54.33199852	7.23548222	0.37918308
54.33599852	7.23548222	0.37918308
54.33999852	7.07492638	0.37918308
54.34399852	7.23548222	0.37918308
54.34799852	7.23548222	0.37918308
54.35199852	7.23548222	0.37918308
54.35599852	7.07492638	0.37918308
54.35999852	7.07492638	0.37918308
54.36399852	7.07492638	0.37918308
54.36799852	7.23548222	0.37918308
54.37199852	7.23548222	0.37918308
54.37599852	7.07492638	0.37918308
54.37999852	7.07492638	0.37918308
54.38399852	7.07492638	0.37918308
54.38799852	7.23548222	0.37918308
54.39199852	7.23548222	0.37918308
54.39599852	7.23548222	0.37918308
54.39999852	7.07492638	0.37918308
54.40399852	7.07492638	0.37918308
54.40799852	7.07492638	0.37918308
54.41199852	7.07492638	0.37918308
54.41599852	7.23548222	0.37918308
54.41999852	7.23548222	0.37918308
54.42399851	7.07492638	0.37918308
54.42799851	7.07492638	0.37918308
54.43199851	7.07492638	0.37918308
54.43599851	7.23548222	0.37918308
54.43999851	7.07492638	0.37918308
54.44399851	7.07492638	0.37918308
54.44799851	7.23548222	0.37918308
54.45199851	7.23548222	0.37918308
54.45599851	7.07492638	0.37918308
54.45999851	7.07492638	0.37918308
54.46399851	7.07492638	0.37918308
54.46799851	7.23548222	0.37918308
54.47199851	7.23548222	0.37918308
54.47599851	7.23548222	0.37918308
54.47999851	7.07492638	0.37918308
54.48399851	7.23548222	0.37918308
54.48799851	7.07492638	0.37918308
54.49199851	7.07492638	0.37918308
54.49599851	7.07492638	0.37918308
54.49999851	7.23548222	0.37918308
54.50399851	7.23548222	0.37918308
54.50799851	7.07492638	0.37918308
54.51199851	7.07492638	0.37918308
54.51599851	7.07492638	0.37918308
54.51999851	7.07492638	0.37918308
54.52399851	7.23548222	0.37918308
54.52799851	7.07492638	0.37918308
54.53199851	7.23548222	0.37918308
54.53599851	7.23548222	0.37918308
54.53999851	7.07492638	0.37918308
54.54399851	7.07492638	0.37918308
54.54799851	7.07492638	0.37918308
54.55199851	7.23548222	0.37918308
54.55599851	7.23548222	0.37918308
54.55999851	7.23548222	0.37918308
54.56399851	7.07492638	0.37918308
54.56799851	7.07492638	0.37918308
54.57199851	7.07492638	0.37918308
54.57599851	7.07492638	0.37918308
54.57999851	7.23548222	0.37918308
54.58399851	7.23548222	0.37918308
54.58799851	7.23548222	0.37918308
54.59199851	7.07492638	0.37918308
54.59599851	7.07492638	0.37918308
54.59999851	7.07492638	0.37918308
54.60399851	7.07492638	0.37918308
54.60799851	7.23548222	0.37918308
54.61199851	7.23548222	0.37918308
54.61599851	7.07492638	0.37918308
54.61999851	7.07492638	0.37918308
54.62399851	7.07492638	0.37918308
54.62799851	7.07492638	0.37918308
54.63199851	7.23548222	0.37918308
54.63599851	7.07492638	0.37918308
54.63999851	7.07492638	0.37918308
54.64399851	7.07492638	0.37918308
54.64799851	7.23548222	0.37918308
54.65199851	7.07492638	0.37918308
54.65599851	7.07492638	0.37918308
54.65999851	7.07492638	0.37918308
54.66399851	7.23548222	0.37918308
54.66799851	7.23548222	0.37918308
54.67199851	7.07492638	0.37918308
54.67599851	7.07492638	0.37918308
54.67999851	7.07492638	0.37918308
54.68399851	7.07492638	0.37918308
54.68799851	7.07492638	0.37918308
54.69199851	7.07492638	0.37918308
54.69599851	7.23548222	0.37918308
54.69999851	7.23548222	0.37918308
54.70399851	7.07492638	0.37918308
54.70799851	7.07492638	0.37918308
54.71199851	7.07492638	0.37918308
54.71599851	7.07492638	0.37918308
54.71999851	7.23548222	0.37918308
54.72399851	7.23548222	0.37918308
54.72799851	7.07492638	0.37918308
54.73199851	7.07492638	0.37918308
54.73599851	7.07492638	0.37918308
54.73999851	7.07492638	0.37918308
54.74399851	7.07492638	0.37918308
54.74799851	7.23548222	0.37918308
54.75199851	7.23548222	0.37918308
54.75599851	7.07492638	0.37918308
54.75999851	7.07492638	0.37918308
54.76399851	7.07492638	0.37918308
54.76799851	7.07492638	0.37918308
54.77199851	7.23548222	0.37918308
54.77599851	7.07492638	0.37918308
54.77999850	7.23548222	0.37918308
54.78399850	7.23548222	0.37918308
54.78799850	7.07492638	0.37918308
54.79199850	7.07492638	0.37918308
54.79599850	7.07492638	0.37918308
54.79999850	7.23548222	0.37918308
54.80399850	7.23548222	0.37918308
54.80799850	7.23548222	0.37918308
54.81199850	7.07492638	0.37918308
54.81599850	7.07492638	0.37918308
54.81999850	7.07492638	0.37918308
54.82399850	7.07492638	0.37918308
54.82799850	7.23548222	0.37918308
54.83199850	7.23548222	0.37918308
54.83599850	7.23548222	0.37918308
54.83999850	7.07492638	0.37918308
54.84399850	7.07492638	0.37918308
54.84799850	7.07492638	0.37918308
54.85199850	7.07492638	0.37918308
54.85599850	7.23548222	0.37918308
54.85999850	7.23548222	0.37918308
54.86399850	7.07492638	0.37918308
54.86799850	7.23548222	0.37918308
54.87199850	7.07492638	0.37918308
54.87599850	7.07492638	0.37918308
54.87999850	7.07492638	0.37918308
54.88399850	7.07492638	0.37918308
54.88799850	7.23548222	0.37918308
54.89199850	7.23548222	0.37918308
54.89599850	7.07492638	0.37918308
54.89999850	7.07492638	0.37918308
54.90399850	7.07492638	0.37918308
54.90799850	7.07492638	0.37918308
54.91199850	7.07492638	0.37918308
54.91599850	7.23548222	0.37918308
54.91999850	7.23548222	0.37918308
54.92399850	7.07492638	0.36337352
54.92799850	7.23548222	0.37918308
54.93199850	7.07492638	0.37918308
54.93599850	7.07492638	0.37918308
54.93999850	7.23548222	0.37918308
54.94399850	7.23548222	0.37918308
54.94799850	7.23548222	0.37918308
54.95199850	7.07492638	0.37918308
54.95599850	7.07492638	0.37918308
54.95999850	7.07492638	0.37918308
54.96399850	7.23548222	0.37918308
54.96799850	7.07492638	0.37918308
54.97199850	7.07492638	0.37918308
54.97599850	7.07492638	0.37918308
54.97999850	7.23548222	0.37918308
54.98399850	7.07492638	0.37918308
54.98799850	7.07492638	0.37918308
54.99199850	7.23548222	0.37918308
54.99599850	7.23548222	0.37918308
54.99999850	7.23548222	0.37918308
55.00399850	7.07492638	0.36337352
55.00799850	7.07492638	0.37918308
55.01199850	7.07492638	0.37918308
55.01599850	7.23548222	0.37918308
55.01999850	7.07492638	0.37918308
55.02399850	7.07492638	0.37918308
55.02799850	7.23548222	0.36337352
55.03199850	7.23548222	0.37918308
55.03599850	7.07492638	0.37918308
55.03999850	7.07492638	0.37918308
55.04399850	7.07492638	0.36337352
55.04799850	7.23548222	0.37918308
55.05199850	7.23548222	0.36337352
55.05599850	7.07492638	0.37918308
55.05999850	7.07492638	0.36337352
55.06399850	7.23548222	0.36337352
55.06799850	7.23548222	0.37918308
55.07199850	7.07492638	0.37918308
55.07599850	7.07492638	0.37918308
55.07999850	7.07492638	0.37918308
55.08399850	7.23548222	0.36337352
55.08799850	7.07492638	0.37918308
55.09199850	7.07492638	0.36337352
55.09599850	7.07492638	0.37918308
55.09999850	7.07492638	0.36337352
55.10399850	7.07492638	0.37918308
55.10799850	7.07492638	0.37918308
55.11199850	7.23548222	0.37918308
55.11599850	7.23548222	0.37918308
55.11999850	7.23548222	0.37918308
55.12399850	7.07492638	0.36337352
55.12799850	7.07492638	0.37918308
55.13199849	7.07492638	0.36337352
55.13599849	7.23548222	0.37918308
55.13999849	7.07492638	0.36337352
55.14399849	7.07492638	0.37918308
55.14799849	7.07492638	0.36337352
55.15199849	7.07492638	0.37918308
55.15599849	7.07492638	0.36337352
55.15999849	7.07492638	0.37918308
55.16399849	7.07492638	0.36337352
55.16799849	7.07492638	0.36337352
55.17199849	7.07492638	0.36337352
55.17599849	7.07492638	0.37918308
55.17999849	7.07492638	0.36337352
55.18399849	7.07492638	0.37918308
55.18799849	7.07492638	0.37918308
55.19199849	7.07492638	0.37918308
55.19599849	7.07492638	0.36337352
55.19999849	7.07492638	0.37918308
55.20399849	7.07492638	0.37918308
55.20799849	7.07492638	0.37918308
55.21199849	7.07492638	0.36337352
55.21599849	7.07492638	0.37918308
55.21999849	7.07492638	0.36337352
55.22399849	7.07492638	0.36337352
55.22799849	7.07492638	0.37918308
55.23199849	7.07492638	0.37918308
55.23599849	7.07492638	0.36337352
55.23999849	7.07492638	0.37918308
55.24399849	7.07492638	0.36337352
55.24799849	7.07492638	0.36337352
55.25199849	7.07492638	0.36337352
55.25599849	7.07492638	0.37918308
55.25999849	7.07492638	0.36337352
55.26399849	7.07492638	0.36337352
55.26799849	7.07492638	0.36337352
55.27199849	7.07492638	0.37918308
55.27599849	7.07492638	0.37918308
55.27999849	7.07492638	0.37918308
55.28399849	7.07492638	0.36337352
55.28799849	7.07492638	0.36337352
55.29199849	7.07492638	0.36337352
55.29599849	7.07492638	0.37918308
55.29999849	7.07492638	0.36337352
55.30399849	7.07492638	0.37918308
55.30799849	7.07492638	0.36337352
55.31199849	7.07492638	0.36337352
55.31599849	7.07492638	0.36337352
55.31999849	7.07492638	0.37918308
55.32399849	7.07492638	0.36337352
55.32799849	7.07492638	0.37918308
55.33199849	7.07492638	0.36337352
55.33599849	7.07492638	0.36337352
55.33999849	7.07492638	0.36337352
55.34399849	7.07492638	0.36337352
55.34799849	7.07492638	0.36337352
55.35199849	7.07492638	0.37918308
55.35599849	7.07492638	0.36337352
55.35999849	7.07492638	0.36337352
55.36399849	7.07492638	0.36337352
55.36799849	7.07492638	0.36337352
55.37199849	7.07492638	0.36337352
55.37599849	7.23548222	0.37918308
55.37999849	7.07492638	0.36337352
55.38399849	7.07492638	0.36337352
55.38799849	7.07492638	0.36337352
55.39199849	7.07492638	0.37918308
55.39599849	7.07492638	0.36337352
55.39999849	7.07492638	0.36337352
55.40399849	7.07492638	0.36337352
55.40799849	7.07492638	0.36337352
55.41199849	7.07492638	0.36337352
55.41599849	7.07492638	0.37918308
55.41999849	7.07492638	0.36337352
55.42399849	7.23548222	0.36337352
55.42799849	7.07492638	0.36337352
55.43199849	7.07492638	0.37918308
55.43599849	7.07492638	0.36337352
55.43999849	7.07492638	0.37918308
55.44399849	7.07492638	0.36337352
55.44799849	7.07492638	0.37918308
55.45199849	7.07492638	0.36337352
55.45599849	7.07492638	0.36337352
55.45999849	7.07492638	0.36337352
55.46399849	7.07492638	0.36337352
55.46799849	7.07492638	0.36337352
55.47199849	7.07492638	0.36337352
55.47599849	7.07492638	0.36337352
55.47999849	7.07492638	0.36337352
55.48399848	7.07492638	0.36337352
55.48799848	7.07492638	0.36337352
55.49199848	7.07492638	0.36337352
55.49599848	7.07492638	0.36337352
55.49999848	7.07492638	0.36337352
55.50399848	7.07492638	0.36337352
55.50799848	7.07492638	0.36337352
55.51199848	7.07492638	0.36337352
55.51599848	7.07492638	0.36337352
55.51999848	7.23548222	0.36337352
55.52399848	7.07492638	0.36337352
55.52799848	7.07492638	0.36337352
55.53199848	7.07492638	0.36337352
55.53599848	7.07492638	0.36337352
55.53999848	7.07492638	0.36337352
55.54399848	7.07492638	0.36337352
55.54799848	7.07492638	0.36337352
55.55199848	7.07492638	0.36337352
55.55599848	7.07492638	0.36337352
55.55999848	7.07492638	0.36337352
55.56399848	7.07492638	0.36337352
55.56799848	7.23548222	0.36337352
55.57199848	7.07492638	0.36337352
55.57599848	7.07492638	0.36337352
55.57999848	7.07492638	0.36337352
55.58399848	7.07492638	0.36337352
55.58799848	7.07492638	0.36337352
55.59199848	7.07492638	0.36337352
55.59599848	7.07492638	0.36337352
55.59999848	7.07492638	0.36337352
55.60399848	7.23548222	0.36337352
55.60799848	7.07492638	0.36337352
55.61199848	7.07492638	0.36337352
55.61599848	7.07492638	0.36337352
55.61999848	7.23548222	0.36337352
55.62399848	7.23548222	0.36337352
55.62799848	7.07492638	0.36337352
55.63199848	7.07492638	0.36337352
55.63599848	7.07492638	0.36337352
55.63999848	7.23548222	0.36337352
55.64399848	7.07492638	0.36337352
55.64799848	7.07492638	0.36337352
55.65199848	7.07492638	0.36337352
55.65599848	7.07492638	0.36337352
55.65999848	7.07492638	0.36337352
55.66399848	7.23548222	0.36337352
55.66799848	7.07492638	0.36337352
55.67199848	7.07492638	0.36337352
55.67599848	7.07492638	0.36337352
55.67999848	7.07492638	0.36337352
55.68399848	7.23548222	0.36337352
55.68799848	7.23548222	0.36337352
55.69199848	7.07492638	0.36337352
55.69599848	7.07492638	0.36337352
55.69999848	7.07492638	0.36337352
55.70399848	7.23548222	0.36337352
55.70799848	7.23548222	0.36337352
55.71199848	7.07492638	0.36337352
55.71599848	7.07492638	0.36337352
55.71999848	7.07492638	0.36337352
55.72399848	7.07492638	0.36337352
55.72799848	7.07492638	0.36337352
55.73199848	7.07492638	0.36337352
55.73599848	7.23548222	0.36337352
55.73999848	7.23548222	0.36337352
55.74399848	7.23548222	0.36337352
55.74799848	7.07492638	0.36337352
55.75199848	7.07492638	0.36337352
55.75599848	7.07492638	0.36337352
55.75999848	7.07492638	0.36337352
55.76399848	7.23548222	0.36337352
55.76799848	7.23548222	0.36337352
55.77199848	7.23548222	0.36337352
55.77599848	7.07492638	0.36337352
55.77999848	7.07492638	0.36337352
55.78399848	7.07492638	0.36337352
55.78799848	7.23548222	0.36337352
55.79199848	7.23548222	0.36337352
55.79599848	7.23548222	0.36337352
55.79999848	7.07492638	0.36337352
55.80399848	7.07492638	0.36337352
55.80799848	7.07492638	0.36337352
55.81199848	7.23548222	0.36337352
55.81599848	7.23548222	0.36337352
55.81999848	7.07492638	0.36337352
55.82399848	7.23548222	0.36337352
55.82799848	7.23548222	0.36337352
55.83199848	7.23548222	0.36337352
55.83599848	7.07492638	0.36337352
55.83999847	7.07492638	0.36337352
55.84399847	7.23548222	0.36337352
55.84799847	7.23548222	0.36337352
55.85199847	7.23548222	0.36337352
55.85599847	7.23548222	0.36337352
55.85999847	7.23548222	0.36337352
55.86399847	7.07492638	0.36337352
55.86799847	7.07492638	0.36337352
55.87199847	7.07492638	0.36337352
55.87599847	7.07492638	0.36337352
55.87999847	7.23548222	0.36337352
55.88399847	7.07492638	0.36337352
55.88799847	7.07492638	0.36337352
55.89199847	7.07492638	0.36337352
55.89599847	7.07492638	0.36337352
55.89999847	7.23548222	0.36337352
55.90399847	7.23548222	0.36337352
55.90799847	7.07492638	0.36337352
55.91199847	7.23548222	0.36337352
55.91599847	7.23548222	0.36337352
55.91999847	7.23548222	0.36337352
55.92399847	7.07492638	0.36337352
55.92799847	7.07492638	0.36337352
55.93199847	7.23548222	0.36337352
55.93599847	7.23548222	0.36337352
55.93999847	7.23548222	0.36337352
55.94399847	7.23548222	0.36337352
55.94799847	7.07492638	0.36337352
55.95199847	7.07492638	0.36337352
55.95599847	7.23548222	0.36337352
55.95999847	7.23548222	0.36337352
55.96399847	7.23548222	0.36337352
55.96799847	7.23548222	0.36337352
55.97199847	7.07492638	0.36337352
55.97599847	7.07492638	0.36337352
55.97999847	7.23548222	0.36337352
55.98399847	7.23548222	0.36337352
55.98799847	7.23548222	0.36337352
55.99199847	7.23548222	0.36337352
55.99599847	7.23548222	0.36337352
55.99999847	7.23548222	0.36337352
56.00399847	7.07492638	0.36337352
56.00799847	7.23548222	0.36337352
56.01199847	7.23548222	0.36337352
56.01599847	7.23548222	0.36337352
56.01999847	7.23548222	0.36337352
56.02399847	7.23548222	0.36337352
56.02799847	7.07492638	0.36337352
56.03199847	7.23548222	0.36337352
56.03599847	7.23548222	0.36337352
56.03999847	7.23548222	0.36337352
56.04399847	7.07492638	0.36337352
56.04799847	7.23548222	0.36337352
56.05199847	7.23548222	0.36337352
56.05599847	7.23548222	0.36337352
56.05999847	7.07492638	0.36337352
56.06399847	7.07492638	0.36337352
56.06799847	7.07492638	0.36337352
56.07199847	7.23548222	0.36337352
56.07599847	7.23548222	0.36337352
56.07999847	7.23548222	0.36337352
56.08399847	7.07492638	0.36337352
56.08799847	7.23548222	0.36337352
56.09199847	7.23548222	0.36337352
56.09599847	7.07492638	0.36337352
56.09999847	7.07492638	0.36337352
56.10399847	7.23548222	0.36337352
56.10799847	7.23548222	0.36337352
56.11199847	7.07492638	0.36337352
56.11599847	7.07492638	0.36337352
56.11999847	7.07492638	0.36337352
56.12399847	7.23548222	0.36337352
56.12799847	7.23548222	0.36337352
56.13199847	7.07492638	0.36337352
56.13599847	7.23548222	0.36337352
56.13999847	7.07492638	0.36337352
56.14399847	7.23548222	0.36337352
56.14799847	7.07492638	0.36337352
56.15199847	7.07492638	0.36337352
56.15599847	7.07492638	0.36337352
56.15999847	7.23548222	0.36337352
56.16399847	7.07492638	0.36337352
56.16799847	7.23548222	0.36337352
56.17199847	7.07492638	0.36337352
56.17599847	7.07492638	0.36337352
56.17999847	7.07492638	0.36337352
56.18399847	7.23548222	0.36337352
56.18799847	7.23548222	0.36337352
56.19199846	7.23548222	0.36337352
56.19599846	7.07492638	0.36337352
56.19999846	7.07492638	0.36337352
56.20399846	7.07492638	0.36337352
56.20799846	7.07492638	0.36337352
56.21199846	7.23548222	0.36337352
56.21599846	7.23548222	0.36337352
56.21999846	7.07492638	0.36337352
56.22399846	7.23548222	0.36337352
56.22799846	7.07492638	0.36337352
56.23199846	7.07492638	0.36337352
56.23599846	7.07492638	0.36337352
56.23999846	7.23548222	0.36337352
56.24399846	7.23548222	0.36337352
56.24799846	7.07492638	0.36337352
56.25199846	7.07492638	0.36337352
56.25599846	7.07492638	0.36337352
56.25999846	7.23548222	0.36337352
56.26399846	7.23548222	0.36337352
56.26799846	7.07492638	0.36337352
56.27199846	7.07492638	0.36337352
56.27599846	7.07492638	0.36337352
56.27999846	7.07492638	0.36337352
56.28399846	7.07492638	0.36337352
56.28799846	7.23548222	0.36337352
56.29199846	7.07492638	0.36337352
56.29599846	7.07492638	0.36337352
56.29999846	7.07492638	0.36337352
56.30399846	7.23548222	0.36337352
56.30799846	7.23548222	0.36337352
56.31199846	7.07492638	0.36337352
56.31599846	7.07492638	0.36337352
56.31999846	7.07492638	0.36337352
56.32399846	7.07492638	0.36337352
56.32799846	7.23548222	0.36337352
56.33199846	7.07492638	0.36337352
56.33599846	7.23548222	0.36337352
56.33999846	7.07492638	0.36337352
56.34399846	7.07492638	0.36337352
56.34799846	7.07492638	0.34756398
56.35199846	7.07492638	0.36337352
56.35599846	7.23548222	0.36337352
56.35999846	7.23548222	0.36337352
56.36399846	7.23548222	0.36337352
56.36799846	7.07492638	0.36337352
56.37199846	7.07492638	0.36337352
56.37599846	7.23548222	0.36337352
56.37999846	7.23548222	0.36337352
56.38399846	7.23548222	0.36337352
56.38799846	7.07492638	0.36337352
56.39199846	7.07492638	0.36337352
56.39599846	7.23548222	0.36337352
56.39999846	7.07492638	0.36337352
56.40399846	7.07492638	0.36337352
56.40799846	7.07492638	0.36337352
56.41199846	7.23548222	0.34756398
56.41599846	7.23548222	0.36337352
56.41999846	7.07492638	0.36337352
56.42399846	7.07492638	0.36337352
56.42799846	7.07492638	0.36337352
56.43199846	7.23548222	0.36337352
56.43599846	7.07492638	0.36337352
56.43999846	7.07492638	0.36337352
56.44399846	7.23548222	0.36337352
56.44799846	7.23548222	0.36337352
56.45199846	7.07492638	0.36337352
56.45599846	7.07492638	0.36337352
56.45999846	7.07492638	0.34756398
56.46399846	7.07492638	0.36337352
56.46799846	7.07492638	0.36337352
56.47199846	7.07492638	0.36337352
56.47599846	7.23548222	0.36337352
56.47999846	7.23548222	0.36337352
56.48399846	7.07492638	0.36337352
56.48799846	7.07492638	0.36337352
56.49199846	7.07492638	0.34756398
56.49599846	7.23548222	0.36337352
56.49999846	7.23548222	0.36337352
56.50399846	7.23548222	0.36337352
56.50799846	7.07492638	0.36337352
56.51199846	7.07492638	0.36337352
56.51599846	7.07492638	0.34756398
56.51999846	7.23548222	0.36337352
56.52399846	7.23548222	0.34756398
56.52799846	7.23548222	0.36337352
56.53199846	7.07492638	0.36337352
56.53599846	7.07492638	0.36337352
56.53999846	7.07492638	0.34756398
56.54399846	7.07492638	0.34756398
56.54799845	7.23548222	0.36337352
56.55199845	7.23548222	0.36337352
56.55599845	7.07492638	0.36337352
56.55999845	7.07492638	0.36337352
56.56399845	7.07492638	0.34756398
56.56799845	7.23548222	0.36337352
56.57199845	7.23548222	0.36337352
56.57599845	7.07492638	0.36337352
56.57999845	7.23548222	0.36337352
56.58399845	7.07492638	0.36337352
56.58799845	7.07492638	0.34756398
56.59199845	7.07492638	0.36337352
56.59599845	7.07492638	0.36337352
56.59999845	7.23548222	0.36337352
56.60399845	7.23548222	0.36337352
56.60799845	7.23548222	0.36337352
56.61199845	7.23548222	0.34756398
56.61599845	7.23548222	0.36337352
56.61999845	7.23548222	0.36337352
56.62399845	7.07492638	0.36337352
56.62799845	7.07492638	0.36337352
56.63199845	7.07492638	0.36337352
56.63599845	7.23548222	0.34756398
56.63999845	7.23548222	0.36337352
56.64399845	7.07492638	0.34756398
56.64799845	7.07492638	0.36337352
56.65199845	7.07492638	0.34756398
56.65599845	7.23548222	0.36337352
56.65999845	7.23548222	0.34756398
56.66399845	7.23548222	0.36337352
56.66799845	7.23548222	0.36337352
56.67199845	7.23548222	0.36337352
56.67599845	7.07492638	0.34756398
56.67999845	7.07492638	0.36337352
56.68399845	7.07492638	0.34756398
56.68799845	7.23548222	0.36337352
56.69199845	7.23548222	0.36337352
56.69599845	7.23548222	0.36337352
56.69999845	7.23548222	0.34756398
56.70399845	7.07492638	0.36337352
56.70799845	7.07492638	0.34756398
56.71199845	7.23548222	0.34756398
56.71599845	7.23548222	0.34756398
56.71999845	7.23548222	0.34756398
56.72399845	7.23548222	0.34756398
56.72799845	7.23548222	0.36337352
56.73199845	7.07492638	0.34756398
56.73599845	7.23548222	0.36337352
56.73999845	7.23548222	0.34756398
56.74399845	7.23548222	0.36337352
56.74799845	7.23548222	0.36337352
56.75199845	7.23548222	0.36337352
56.75599845	7.23548222	0.34756398
56.75999845	7.23548222	0.36337352
56.76399845	7.23548222	0.36337352
56.76799845	7.23548222	0.36337352
56.77199845	7.23548222	0.36337352
56.77599845	7.23548222	0.36337352
56.77999845	7.23548222	0.34756398
56.78399845	7.23548222	0.34756398
56.78799845	7.23548222	0.34756398
56.79199845	7.23548222	0.36337352
56.79599845	7.23548222	0.34756398
56.79999845	7.23548222	0.36337352
56.80399845	7.23548222	0.34756398
56.80799845	7.23548222	0.34756398
56.81199845	7.23548222	0.34756398
56.81599845	7.23548222	0.34756398
56.81999845	7.23548222	0.34756398
56.82399845	7.23548222	0.36337352
56.82799845	7.23548222	0.34756398
56.83199845	7.07492638	0.34756398
56.83599845	7.23548222	0.34756398
56.83999845	7.23548222	0.36337352
56.84399845	7.23548222	0.34756398
56.84799845	7.23548222	0.36337352
56.85199845	7.07492638	0.34756398
56.85599845	7.07492638	0.36337352
56.85999845	7.23548222	0.34756398
56.86399845	7.23548222	0.36337352
56.86799845	7.23548222	0.34756398
56.87199845	7.23548222	0.36337352
56.87599845	7.23548222	0.34756398
56.87999845	7.23548222	0.36337352
56.88399845	7.23548222	0.34756398
56.88799845	7.23548222	0.36337352
56.89199845	7.23548222	0.34756398
56.89599845	7.23548222	0.34756398
56.89999844	7.23548222	0.34756398
56.90399844	7.23548222	0.34756398
56.90799844	7.23548222	0.34756398
56.91199844	7.23548222	0.34756398
56.91599844	7.23548222	0.34756398
56.91999844	7.23548222	0.34756398
56.92399844	7.23548222	0.34756398
56.92799844	7.23548222	0.36337352
56.93199844	7.23548222	0.34756398
56.93599844	7.23548222	0.36337352
56.93999844	7.07492638	0.34756398
56.94399844	7.07492638	0.34756398
56.94799844	7.23548222	0.34756398
56.95199844	7.39665365	0.36337352
56.95599844	7.23548222	0.34756398
56.95999844	7.23548222	0.36337352
56.96399844	7.23548222	0.34756398
56.96799844	7.23548222	0.34756398
56.97199844	7.23548222	0.34756398
56.97599844	7.23548222	0.36337352
56.97999844	7.23548222	0.36337352
56.98399844	7.23548222	0.34756398
56.98799844	7.23548222	0.34756398
56.99199844	7.23548222	0.34756398
56.99599844	7.07492638	0.34756398
56.99999844	7.23548222	0.34756398
57.00399844	7.07492638	0.34756398
57.00799844	7.23548222	0.34756398
57.01199844	7.23548222	0.34756398
57.01599844	7.23548222	0.34756398
57.01999844	7.23548222	0.34756398
57.02399844	7.07492638	0.36337352
57.02799844	7.07492638	0.34756398
57.03199844	7.07492638	0.34756398
57.03599844	7.23548222	0.34756398
57.03999844	7.23548222	0.34756398
57.04399844	7.23548222	0.34756398
57.04799844	7.23548222	0.36337352
57.05199844	7.07492638	0.34756398
57.05599844	7.23548222	0.34756398
57.05999844	7.23548222	0.34756398
57.06399844	7.23548222	0.36337352
57.06799844	7.23548222	0.34756398
57.07199844	7.23548222	0.34756398
57.07599844	7.23548222	0.34756398
57.07999844	7.23548222	0.34756398
57.08399844	7.23548222	0.34756398
57.08799844	7.23548222	0.34756398
57.09199844	7.23548222	0.34756398
57.09599844	7.23548222	0.34756398
57.09999844	7.07492638	0.34756398
57.10399844	7.07492638	0.34756398
57.10799844	7.23548222	0.34756398
57.11199844	7.23548222	0.34756398
57.11599844	7.23548222	0.34756398
57.11999844	7.07492638	0.34756398
57.12399844	7.23548222	0.34756398
57.12799844	7.23548222	0.34756398
57.13199844	7.23548222	0.34756398
57.13599844	7.23548222	0.34756398
57.13999844	7.23548222	0.34756398
57.14399844	7.23548222	0.34756398
57.14799844	7.23548222	0.34756398
57.15199844	7.07492638	0.34756398
57.15599844	7.07492638	0.34756398
57.15999844	7.23548222	0.34756398
57.16399844	7.23548222	0.34756398
57.16799844	7.23548222	0.34756398
57.17199844	7.07492638	0.34756398
57.17599844	7.23548222	0.34756398
57.17999844	7.23548222	0.34756398
57.18399844	7.23548222	0.34756398
57.18799844	7.23548222	0.34756398
57.19199844	7.23548222	0.34756398
57.19599844	7.23548222	0.34756398
57.19999844	7.23548222	0.34756398
57.20399844	7.07492638	0.34756398
57.20799844	7.07492638	0.34756398
57.21199844	7.23548222	0.34756398
57.21599844	7.23548222	0.34756398
57.21999844	7.23548222	0.34756398
57.22399844	7.07492638	0.34756398
57.22799844	7.07492638	0.34756398
57.23199844	7.23548222	0.34756398
57.23599844	7.23548222	0.34756398
57.23999844	7.23548222	0.34756398
57.24399844	7.23548222	0.34756398
57.24799844	7.23548222	0.34756398
57.25199843	7.23548222	0.34756398
57.25599843	7.23548222	0.34756398
57.25999843	7.23548222	0.34756398
57.26399843	7.23548222	0.34756398
57.26799843	7.23548222	0.34756398
57.27199843	7.23548222	0.34756398
57.27599843	7.23548222	0.34756398
57.27999843	7.23548222	0.34756398
57.28399843	7.23548222	0.34756398
57.28799843	7.23548222	0.34756398
57.29199843	7.23548222	0.34756398
57.29599843	7.07492638	0.34756398
57.29999843	7.23548222	0.34756398
57.30399843	7.23548222	0.34756398
57.30799843	7.23548222	0.34756398
57.31199843	7.23548222	0.34756398
57.31599843	7.07492638	0.34756398
57.31999843	7.07492638	0.34756398
57.32399843	7.23548222	0.34756398
57.32799843	7.23548222	0.34756398
57.33199843	7.23548222	0.34756398
57.33599843	7.23548222	0.34756398
57.33999843	7.07492638	0.34756398
57.34399843	7.23548222	0.34756398
57.34799843	7.23548222	0.34756398
57.35199843	7.23548222	0.34756398
57.35599843	7.23548222	0.34756398
57.35999843	7.23548222	0.34756398
57.36399843	7.23548222	0.34756398
57.36799843	7.23548222	0.34756398
57.37199843	7.07492638	0.34756398
57.37599843	7.07492638	0.34756398
57.37999843	7.23548222	0.34756398
57.38399843	7.23548222	0.36337352
57.38799843	7.23548222	0.34756398
57.39199843	7.07492638	0.34756398
57.39599843	7.23548222	0.34756398
57.39999843	7.23548222	0.34756398
57.40399843	7.23548222	0.34756398
57.40799843	7.23548222	0.34756398
57.41199843	7.07492638	0.34756398
57.41599843	7.23548222	0.34756398
57.41999843	7.23548222	0.34756398
57.42399843	7.07492638	0.34756398
57.42799843	7.07492638	0.34756398
57.43199843	7.23548222	0.34756398
57.43599843	7.23548222	0.34756398
57.43999843	7.23548222	0.34756398
57.44399843	7.07492638	0.34756398
57.44799843	7.07492638	0.34756398
57.45199843	7.23548222	0.34756398
57.45599843	7.23548222	0.34756398
57.45999843	7.07492638	0.34756398
57.46399843	7.07492638	0.34756398
57.46799843	7.23548222	0.34756398
57.47199843	7.23548222	0.34756398
57.47599843	7.23548222	0.34756398
57.47999843	7.23548222	0.34756398
57.48399843	7.23548222	0.34756398
57.48799843	7.23548222	0.34756398
57.49199843	7.07492638	0.34756398
57.49599843	7.07492638	0.34756398
57.49999843	7.23548222	0.34756398
57.50399843	7.23548222	0.34756398
57.50799843	7.23548222	0.34756398
57.51199843	7.07492638	0.34756398
57.51599843	7.07492638	0.34756398
57.51999843	7.07492638	0.34756398
57.52399843	7.23548222	0.34756398
57.52799843	7.23548222	0.34756398
57.53199843	7.07492638	0.34756398
57.53599843	7.23548222	0.34756398
57.53999843	7.23548222	0.34756398
57.54399843	7.23548222	0.34756398
57.54799843	7.07492638	0.34756398
57.55199843	7.07492638	0.34756398
57.55599843	7.23548222	0.34756398
57.55999843	7.23548222	0.34756398
57.56399843	7.23548222	0.34756398
57.56799843	7.07492638	0.34756398
57.57199843	7.07492638	0.34756398
57.57599843	7.07492638	0.34756398
57.57999843	7.23548222	0.34756398
57.58399843	7.23548222	0.34756398
57.58799843	7.23548222	0.34756398
57.59199843	7.07492638	0.34756398
57.59599843	7.23548222	0.34756398
57.59999843	7.07492638	0.34756398
57.60399843	7.07492638	0.34756398
57.60799842	7.23548222	0.34756398
57.61199842	7.23548222	0.34756398
57.61599842	7.23548222	0.34756398
57.61999842	7.07492638	0.34756398
57.62399842	7.07492638	0.34756398
57.62799842	7.07492638	0.34756398
57.63199842	7.07492638	0.34756398
57.63599842	7.23548222	0.34756398
57.63999842	7.07492638	0.34756398
57.64399842	7.23548222	0.34756398
57.64799842	7.07492638	0.34756398
57.65199842	7.23548222	0.34756398
57.65599842	7.23548222	0.34756398
57.65999842	7.07492638	0.34756398
57.66399842	7.07492638	0.34756398
57.66799842	7.07492638	0.34756398
57.67199842	7.07492638	0.34756398
57.67599842	7.23548222	0.34756398
57.67999842	7.07492638	0.34756398
57.68399842	7.23548222	0.34756398
57.68799842	7.07492638	0.34756398
57.69199842	7.07492638	0.34756398
57.69599842	7.07492638	0.34756398
57.69999842	7.07492638	0.34756398
57.70399842	7.23548222	0.34756398
57.70799842	7.23548222	0.34756398
57.71199842	7.23548222	0.34756398
57.71599842	7.23548222	0.34756398
57.71999842	7.23548222	0.34756398
57.72399842	7.07492638	0.34756398
57.72799842	7.07492638	0.34756398
57.73199842	7.23548222	0.34756398
57.73599842	7.23548222	0.34756398
57.73999842	7.23548222	0.34756398
57.74399842	7.07492638	0.34756398
57.74799842	7.23548222	0.34756398
57.75199842	7.23548222	0.34756398
57.75599842	7.07492638	0.34756398
57.75999842	7.07492638	0.34756398
57.76399842	7.23548222	0.34756398
57.76799842	7.23548222	0.34756398
57.77199842	7.23548222	0.34756398
57.77599842	7.07492638	0.34756398
57.77999842	7.07492638	0.34756398
57.78399842	7.07492638	0.34756398
57.78799842	7.23548222	0.34756398
57.79199842	7.23548222	0.34756398
57.79599842	7.07492638	0.34756398
57.79999842	7.23548222	0.34756398
57.80399842	7.07492638	0.34756398
57.80799842	7.07492638	0.34756398
57.81199842	7.07492638	0.34756398
57.81599842	7.07492638	0.34756398
57.81999842	7.07492638	0.34756398
57.82399842	7.23548222	0.34756398
57.82799842	7.23548222	0.34756398
57.83199842	7.23548222	0.34756398
57.83599842	7.07492638	0.34756398
57.83999842	7.07492638	0.34756398
57.84399842	7.07492638	0.34756398
57.84799842	7.23548222	0.34756398
57.85199842	7.23548222	0.34756398
57.85599842	7.23548222	0.34756398
57.85999842	7.07492638	0.34756398
57.86399842	7.07492638	0.34756398
57.86799842	7.07492638	0.34756398
57.87199842	7.07492638	0.34756398
57.87599842	7.07492638	0.34756398
57.87999842	7.07492638	0.34756398
57.88399842	7.23548222	0.34756398
57.88799842	7.07492638	0.34756398
57.89199842	7.07492638	0.34756398
57.89599842	7.07492638	0.34756398
57.89999842	7.07492638	0.34756398
57.90399842	7.23548222	0.34756398
57.90799842	7.23548222	0.34756398
57.91199842	7.23548222	0.34756398
57.91599842	7.07492638	0.34756398
57.91999842	7.07492638	0.34756398
57.92399842	7.23548222	0.34756398
57.92799842	7.23548222	0.34756398
57.93199842	7.07492638	0.34756398
57.93599842	7.07492638	0.34756398
57.93999842	7.23548222	0.34756398
57.94399842	7.23548222	0.34756398
57.94799842	7.07492638	0.34756398
57.95199842	7.07492638	0.34756398
57.95599842	7.07492638	0.34756398
57.95999841	7.07492638	0.34756398
57.96399841	7.07492638	0.33175442
57.96799841	7.07492638	0.34756398
57.97199841	7.07492638	0.34756398
57.97599841	7.07492638	0.34756398
57.97999841	7.07492638	0.34756398
57.98399841	7.07492638	0.34756398
57.98799841	7.07492638	0.34756398
57.99199841	7.23548222	0.34756398
57.99599841	7.07492638	0.34756398
57.99999841	7.07492638	0.34756398
58.00399841	7.07492638	0.34756398
58.00799841	7.07492638	0.34756398
58.01199841	7.07492638	0.34756398
58.01599841	7.07492638	0.34756398
58.01999841	7.07492638	0.34756398
58.02399841	7.07492638	0.34756398
58.02799841	7.23548222	0.34756398
58.03199841	7.07492638	0.34756398
58.03599841	7.07492638	0.34756398
58.03999841	7.07492638	0.34756398
58.04399841	7.07492638	0.34756398
58.04799841	7.07492638	0.34756398
58.05199841	7.07492638	0.34756398
58.05599841	7.23548222	0.34756398
58.05999841	7.07492638	0.34756398
58.06399841	7.07492638	0.34756398
58.06799841	7.07492638	0.34756398
58.07199841	7.07492638	0.34756398
58.07599841	7.07492638	0.34756398
58.07999841	7.07492638	0.34756398
58.08399841	7.07492638	0.34756398
58.08799841	7.07492638	0.34756398
58.09199841	7.07492638	0.34756398
58.09599841	7.07492638	0.34756398
58.09999841	7.07492638	0.34756398
58.10399841	7.07492638	0.34756398
58.10799841	7.07492638	0.34756398
58.11199841	7.07492638	0.34756398
58.11599841	7.07492638	0.34756398
58.11999841	7.07492638	0.34756398
58.12399841	7.07492638	0.34756398
58.12799841	7.07492638	0.34756398
58.13199841	7.07492638	0.34756398
58.13599841	7.07492638	0.34756398
58.13999841	7.23548222	0.34756398
58.14399841	7.07492638	0.34756398
58.14799841	7.07492638	0.34756398
58.15199841	7.07492638	0.34756398
58.15599841	7.07492638	0.33175442
58.15999841	7.07492638	0.34756398
58.16399841	7.07492638	0.34756398
58.16799841	7.07492638	0.34756398
58.17199841	7.07492638	0.34756398
58.17599841	7.23548222	0.34756398
58.17999841	7.07492638	0.34756398
58.18399841	7.07492638	0.34756398
58.18799841	7.07492638	0.33175442
58.19199841	7.07492638	0.34756398
58.19599841	7.07492638	0.34756398
58.19999841	7.07492638	0.34756398
58.20399841	7.07492638	0.34756398
58.20799841	7.07492638	0.34756398
58.21199841	7.07492638	0.34756398
58.21599841	7.07492638	0.34756398
58.21999841	7.07492638	0.33175442
58.22399841	7.07492638	0.34756398
58.22799841	7.23548222	0.34756398
58.23199841	7.07492638	0.34756398
58.23599841	7.07492638	0.33175442
58.23999841	7.07492638	0.33175442
58.24399841	7.07492638	0.34756398
58.24799841	7.07492638	0.34756398
58.25199841	7.07492638	0.34756398
58.25599841	7.07492638	0.34756398
58.25999841	7.07492638	0.34756398
58.26399841	7.07492638	0.34756398
58.26799841	7.07492638	0.33175442
58.27199841	7.07492638	0.34756398
58.27599841	7.23548222	0.34756398
58.27999841	7.23548222	0.34756398
58.28399841	7.07492638	0.34756398
58.28799841	7.07492638	0.34756398
58.29199841	7.07492638	0.33175442
58.29599841	7.07492638	0.34756398
58.29999841	7.07492638	0.34756398
58.30399841	7.07492638	0.34756398
58.30799841	7.07492638	0.33175442
58.31199841	7.07492638	0.34756398
58.31599840	7.07492638	0.33175442
58.31999840	7.07492638	0.33175442
58.32399840	7.07492638	0.33175442
58.32799840	7.23548222	0.34756398
58.33199840	7.07492638	0.33175442
58.33599840	7.07492638	0.34756398
58.33999840	7.07492638	0.33175442
58.34399840	7.07492638	0.34756398
58.34799840	7.07492638	0.33175442
58.35199840	7.07492638	0.34756398
58.35599840	7.07492638	0.34756398
58.35999840	7.23548222	0.34756398
58.36399840	7.23548222	0.33175442
58.36799840	7.07492638	0.34756398
58.37199840	7.07492638	0.34756398
58.37599840	7.07492638	0.34756398
58.37999840	7.07492638	0.33175442
58.38399840	7.23548222	0.34756398
58.38799840	7.07492638	0.33175442
58.39199840	7.07492638	0.34756398
58.39599840	7.07492638	0.33175442
58.39999840	7.07492638	0.34756398
58.40399840	7.07492638	0.33175442
58.40799840	7.07492638	0.34756398
58.41199840	7.23548222	0.33175442
58.41599840	7.07492638	0.34756398
58.41999840	7.07492638	0.33175442
58.42399840	7.07492638	0.34756398
58.42799840	7.07492638	0.33175442
58.43199840	7.23548222	0.34756398
58.43599840	7.07492638	0.34756398
58.43999840	7.07492638	0.33175442
58.44399840	7.07492638	0.33175442
58.44799840	7.23548222	0.33175442
58.45199840	7.23548222	0.34756398
58.45599840	7.07492638	0.34756398
58.45999840	7.07492638	0.33175442
58.46399840	7.07492638	0.33175442
58.46799840	7.23548222	0.33175442
58.47199840	7.07492638	0.34756398
58.47599840	7.07492638	0.33175442
58.47999840	7.23548222	0.34756398
58.48399840	7.23548222	0.33175442
58.48799840	7.07492638	0.34756398
58.49199840	7.07492638	0.33175442
58.49599840	7.07492638	0.33175442
58.49999840	7.23548222	0.33175442
58.50399840	7.23548222	0.33175442
58.50799840	7.07492638	0.33175442
58.51199840	7.07492638	0.33175442
58.51599840	7.07492638	0.33175442
58.51999840	7.23548222	0.33175442
58.52399840	7.07492638	0.33175442
58.52799840	7.07492638	0.34756398
58.53199840	7.07492638	0.33175442
58.53599840	7.23548222	0.33175442
58.53999840	7.07492638	0.33175442
58.54399840	7.07492638	0.33175442
58.54799840	7.07492638	0.33175442
58.55199840	7.07492638	0.34756398
58.55599840	7.23548222	0.33175442
58.55999840	7.07492638	0.33175442
58.56399840	7.07492638	0.33175442
58.56799840	7.23548222	0.33175442
58.57199840	7.07492638	0.33175442
58.57599840	7.23548222	0.33175442
58.57999840	7.07492638	0.33175442
58.58399840	7.07492638	0.33175442
58.58799840	7.07492638	0.33175442
58.59199840	7.23548222	0.33175442
58.59599840	7.23548222	0.33175442
58.59999840	7.07492638	0.33175442
58.60399840	7.07492638	0.33175442
58.60799840	7.07492638	0.33175442
58.61199840	7.07492638	0.33175442
58.61599840	7.07492638	0.33175442
58.61999840	7.07492638	0.33175442
58.62399840	7.23548222	0.34756398
58.62799840	7.07492638	0.34756398
58.63199840	7.07492638	0.34756398
58.63599840	7.07492638	0.33175442
58.63999840	7.07492638	0.33175442
58.64399840	7.23548222	0.33175442
58.64799840	7.23548222	0.33175442
58.65199840	7.07492638	0.33175442
58.65599840	7.07492638	0.33175442
58.65999840	7.07492638	0.33175442
58.66399840	7.07492638	0.34756398
58.66799839	7.07492638	0.33175442
58.67199839	7.07492638	0.33175442
58.67599839	7.23548222	0.33175442
58.67999839	7.07492638	0.34756398
58.68399839	7.07492638	0.33175442
58.68799839	7.07492638	0.33175442
58.69199839	7.07492638	0.33175442
58.69599839	7.23548222	0.33175442
58.69999839	7.07492638	0.33175442
58.70399839	7.07492638	0.33175442
58.70799839	7.07492638	0.33175442
58.71199839	7.07492638	0.33175442
58.71599839	7.23548222	0.33175442
58.71999839	7.23548222	0.33175442
58.72399839	7.07492638	0.33175442
58.72799839	7.07492638	0.33175442
58.73199839	7.07492638	0.33175442
58.73599839	7.23548222	0.33175442
58.73999839	7.23548222	0.33175442
58.74399839	7.23548222	0.33175442
58.74799839	7.07492638	0.33175442
58.75199839	7.07492638	0.33175442
58.75599839	7.07492638	0.33175442
58.75999839	7.07492638	0.33175442
58.76399839	7.07492638	0.33175442
58.76799839	7.23548222	0.33175442
58.77199839	7.23548222	0.33175442
58.77599839	7.07492638	0.33175442
58.77999839	7.07492638	0.33175442
58.78399839	7.07492638	0.33175442
58.78799839	7.23548222	0.33175442
58.79199839	7.23548222	0.33175442
58.79599839	7.07492638	0.33175442
58.79999839	7.07492638	0.33175442
58.80399839	7.07492638	0.33175442
58.80799839	7.07492638	0.33175442
58.81199839	7.23548222	0.33175442
58.81599839	7.23548222	0.33175442
58.81999839	7.07492638	0.33175442
58.82399839	7.07492638	0.33175442
58.82799839	7.07492638	0.33175442
58.83199839	7.07492638	0.33175442
58.83599839	7.07492638	0.33175442
58.83999839	7.23548222	0.33175442
58.84399839	7.23548222	0.33175442
58.84799839	7.07492638	0.33175442
58.85199839	7.07492638	0.33175442
58.85599839	7.07492638	0.33175442
58.85999839	7.07492638	0.33175442
58.86399839	7.07492638	0.33175442
58.86799839	7.07492638	0.33175442
58.87199839	7.23548222	0.33175442
58.87599839	7.23548222	0.33175442
58.87999839	7.07492638	0.33175442
58.88399839	7.07492638	0.33175442
58.88799839	7.07492638	0.33175442
58.89199839	7.23548222	0.33175442
58.89599839	7.23548222	0.33175442
58.89999839	7.07492638	0.33175442
58.90399839	7.07492638	0.33175442
58.90799839	7.23548222	0.33175442
58.91199839	7.23548222	0.33175442
58.91599839	7.23548222	0.33175442
58.91999839	7.23548222	0.33175442
58.92399839	7.07492638	0.33175442
58.92799839	7.07492638	0.33175442
58.93199839	7.07492638	0.33175442
58.93599839	7.23548222	0.33175442
58.93999839	7.23548222	0.33175442
58.94399839	7.23548222	0.33175442
58.94799839	7.23548222	0.33175442
58.95199839	7.07492638	0.33175442
58.95599839	7.23548222	0.33175442
58.95999839	7.23548222	0.33175442
58.96399839	7.23548222	0.33175442
58.96799839	7.07492638	0.33175442
58.97199839	7.07492638	0.33175442
58.97599839	7.23548222	0.33175442
58.97999839	7.23548222	0.33175442
58.98399839	7.23548222	0.33175442
58.98799839	7.07492638	0.33175442
58.99199839	7.07492638	0.33175442
58.99599839	7.07492638	0.33175442
58.99999839	7.23548222	0.33175442
59.00399839	7.23548222	0.33175442
59.00799839	7.07492638	0.33175442
59.01199839	7.23548222	0.33175442
59.01599839	7.07492638	0.33175442
59.01999838	7.07492638	0.33175442
59.02399838	7.07492638	0.33175442
59.02799838	7.23548222	0.33175442
59.03199838	7.23548222	0.33175442
59.03599838	7.07492638	0.33175442
59.03999838	7.07492638	0.33175442
59.04399838	7.07492638	0.33175442
59.04799838	7.07492638	0.33175442
59.05199838	7.07492638	0.33175442
59.05599838	7.23548222	0.33175442
59.05999838	7.23548222	0.33175442
59.06399838	7.23548222	0.33175442
59.06799838	7.07492638	0.33175442
59.07199838	7.07492638	0.33175442
59.07599838	7.07492638	0.33175442
59.07999838	7.23548222	0.33175442
59.08399838	7.23548222	0.33175442
59.08799838	7.07492638	0.33175442
59.09199838	7.07492638	0.33175442
59.09599838	7.07492638	0.33175442
59.09999838	7.07492638	0.33175442
59.10399838	7.07492638	0.33175442
59.10799838	7.23548222	0.33175442
59.11199838	7.23548222	0.33175442
59.11599838	7.07492638	0.33175442
59.11999838	7.07492638	0.33175442
59.12399838	7.07492638	0.33175442
59.12799838	7.07492638	0.33175442
59.13199838	7.07492638	0.33175442
59.13599838	7.07492638	0.33175442
59.13999838	7.07492638	0.33175442
59.14399838	7.07492638	0.33175442
59.14799838	7.07492638	0.33175442
59.15199838	7.07492638	0.33175442
59.15599838	7.07492638	0.33175442
59.15999838	7.07492638	0.33175442
59.16399838	7.07492638	0.33175442
59.16799838	7.07492638	0.33175442
59.17199838	7.07492638	0.33175442
59.17599838	7.07492638	0.33175442
59.17999838	7.07492638	0.33175442
59.18399838	7.07492638	0.33175442
59.18799838	7.07492638	0.33175442
59.19199838	7.07492638	0.33175442
59.19599838	7.07492638	0.33175442
59.19999838	7.07492638	0.33175442
59.20399838	7.07492638	0.33175442
59.20799838	7.07492638	0.33175442
59.21199838	7.23548222	0.33175442
59.21599838	7.07492638	0.33175442
59.21999838	7.07492638	0.33175442
59.22399838	7.07492638	0.33175442
59.22799838	7.07492638	0.33175442
59.23199838	7.07492638	0.33175442
59.23599838	7.07492638	0.33175442
59.23999838	7.23548222	0.33175442
59.24399838	7.07492638	0.33175442
59.24799838	7.07492638	0.33175442
59.25199838	7.07492638	0.33175442
59.25599838	7.07492638	0.33175442
59.25999838	7.07492638	0.33175442
59.26399838	7.07492638	0.33175442
59.26799838	7.07492638	0.33175442
59.27199838	7.07492638	0.33175442
59.27599838	7.23548222	0.33175442
59.27999838	7.07492638	0.33175442
59.28399838	7.23548222	0.33175442
59.28799838	7.23548222	0.33175442
59.29199838	7.07492638	0.33175442
59.29599838	7.07492638	0.33175442
59.29999838	7.07492638	0.33175442
59.30399838	7.07492638	0.33175442
59.30799838	7.23548222	0.33175442
59.31199838	7.23548222	0.33175442
59.31599838	7.07492638	0.33175442
59.31999838	7.07492638	0.33175442
59.32399838	7.07492638	0.33175442
59.32799838	7.23548222	0.33175442
59.33199838	7.07492638	0.33175442
59.33599838	7.07492638	0.33175442
59.33999838	7.07492638	0.33175442
59.34399838	7.07492638	0.33175442
59.34799838	7.07492638	0.33175442
59.35199838	7.07492638	0.33175442
59.35599838	7.07492638	0.33175442
59.35999838	7.07492638	0.33175442
59.36399838	7.07492638	0.33175442
59.36799838	7.07492638	0.33175442
59.37199838	7.07492638	0.33175442
59.37599837	7.07492638	0.33175442
59.37999837	7.07492638	0.33175442
59.38399837	7.07492638	0.33175442
59.38799837	7.07492638	0.33175442
59.39199837	7.07492638	0.33175442
59.39599837	7.07492638	0.33175442
59.39999837	7.23548222	0.33175442
59.40399837	7.07492638	0.33175442
59.40799837	7.07492638	0.33175442
59.41199837	7.07492638	0.33175442
59.41599837	7.07492638	0.33175442
59.41999837	7.07492638	0.33175442
59.42399837	7.07492638	0.33175442
59.42799837	7.07492638	0.33175442
59.43199837	7.23548222	0.33175442
59.43599837	7.07492638	0.33175442
59.43999837	7.07492638	0.33175442
59.44399837	7.07492638	0.33175442
59.44799837	7.07492638	0.33175442
59.45199837	7.07492638	0.33175442
59.45599837	7.23548222	0.33175442
59.45999837	7.23548222	0.33175442
59.46399837	7.07492638	0.33175442
59.46799837	7.07492638	0.33175442
59.47199837	7.07492638	0.33175442
59.47599837	7.23548222	0.33175442
59.47999837	7.23548222	0.33175442
59.48399837	7.07492638	0.33175442
59.48799837	7.07492638	0.33175442
59.49199837	7.07492638	0.33175442
59.49599837	7.07492638	0.33175442
59.49999837	7.07492638	0.33175442
59.50399837	7.07492638	0.33175442
59.50799837	7.23548222	0.33175442
59.51199837	7.23548222	0.33175442
59.51599837	7.07492638	0.33175442
59.51999837	7.07492638	0.33175442
59.52399837	7.07492638	0.33175442
59.52799837	7.07492638	0.33175442
59.53199837	7.07492638	0.33175442
59.53599837	7.07492638	0.33175442
59.53999837	7.07492638	0.33175442
59.54399837	7.07492638	0.33175442
59.54799837	7.07492638	0.33175442
59.55199837	7.07492638	0.33175442
59.55599837	7.07492638	0.33175442
59.55999837	7.23548222	0.33175442
59.56399837	7.23548222	0.33175442
59.56799837	7.07492638	0.33175442
59.57199837	7.07492638	0.31594488
59.57599837	7.07492638	0.33175442
59.57999837	7.07492638	0.33175442
59.58399837	7.07492638	0.33175442
59.58799837	7.07492638	0.33175442
59.59199837	7.07492638	0.33175442
59.59599837	7.07492638	0.33175442
59.59999837	7.07492638	0.33175442
59.60399837	7.07492638	0.33175442
59.60799837	7.07492638	0.33175442
59.61199837	7.07492638	0.33175442
59.61599837	7.07492638	0.33175442
59.61999837	7.07492638	0.33175442
59.62399837	7.07492638	0.33175442
59.62799837	7.07492638	0.31594488
59.63199837	7.07492638	0.33175442
59.63599837	7.07492638	0.33175442
59.63999837	7.07492638	0.33175442
59.64399837	7.07492638	0.33175442
59.64799837	7.23548222	0.33175442
59.65199837	7.07492638	0.33175442
59.65599837	7.07492638	0.33175442
59.65999837	7.07492638	0.33175442
59.66399837	7.07492638	0.33175442
59.66799837	7.07492638	0.31594488
59.67199837	7.07492638	0.33175442
59.67599837	7.07492638	0.33175442
59.67999837	7.07492638	0.33175442
59.68399837	7.07492638	0.33175442
59.68799837	7.07492638	0.33175442
59.69199837	7.07492638	0.31594488
59.69599837	7.07492638	0.33175442
59.69999837	7.07492638	0.33175442
59.70399837	7.07492638	0.33175442
59.70799837	7.07492638	0.31594488
59.71199837	7.07492638	0.33175442
59.71599837	7.07492638	0.33175442
59.71999837	7.07492638	0.33175442
59.72399837	7.07492638	0.33175442
59.72799836	7.07492638	0.33175442
59.73199836	7.07492638	0.33175442
59.73599836	7.07492638	0.33175442
59.73999836	7.07492638	0.33175442
59.74399836	7.07492638	0.33175442
59.74799836	7.07492638	0.33175442
59.75199836	7.07492638	0.33175442
59.75599836	7.07492638	0.31594488
59.75999836	7.07492638	0.33175442
59.76399836	7.07492638	0.31594488
59.76799836	7.07492638	0.33175442
59.77199836	7.23548222	0.31594488
59.77599836	7.23548222	0.33175442
59.77999836	7.23548222	0.33175442
59.78399836	7.07492638	0.33175442
59.78799836	7.07492638	0.31594488
59.79199836	7.07492638	0.33175442
59.79599836	7.07492638	0.33175442
59.79999836	7.07492638	0.33175442
59.80399836	7.07492638	0.31594488
59.80799836	7.07492638	0.33175442
59.81199836	7.07492638	0.33175442
59.81599836	7.07492638	0.33175442
59.81999836	7.07492638	0.31594488
59.82399836	7.07492638	0.33175442
59.82799836	7.07492638	0.33175442
59.83199836	7.07492638	0.33175442
59.83599836	7.23548222	0.31594488
59.83999836	7.07492638	0.33175442
59.84399836	7.07492638	0.31594488
59.84799836	7.07492638	0.33175442
59.85199836	7.07492638	0.31594488
59.85599836	7.23548222	0.33175442
59.85999836	7.23548222	0.33175442
59.86399836	7.23548222	0.33175442
59.86799836	7.07492638	0.31594488
59.87199836	7.07492638	0.33175442
59.87599836	7.07492638	0.31594488
59.87999836	7.07492638	0.33175442
59.88399836	7.23548222	0.31594488
59.88799836	7.07492638	0.31594488
59.89199836	7.07492638	0.33175442
59.89599836	7.07492638	0.31594488
59.89999836	7.07492638	0.31594488
59.90399836	7.07492638	0.33175442
59.90799836	7.07492638	0.33175442
59.91199836	7.23548222	0.33175442
59.91599836	7.23548222	0.31594488
59.91999836	7.23548222	0.33175442
59.92399836	7.07492638	0.31594488
59.92799836	7.07492638	0.33175442
59.93199836	7.07492638	0.31594488
59.93599836	7.07492638	0.33175442
59.93999836	7.07492638	0.31594488
59.94399836	7.23548222	0.33175442
59.94799836	7.07492638	0.31594488
59.95199836	7.07492638	0.31594488
59.95599836	7.07492638	0.31594488
59.95999836	7.07492638	0.33175442
59.96399836	7.23548222	0.31594488
59.96799836	7.23548222	0.33175442
59.97199836	7.07492638	0.31594488
59.97599836	7.07492638	0.33175442
59.97999836	7.07492638	0.31594488
59.98399836	7.07492638	0.31594488
59.98799836	7.07492638	0.31594488
59.99199836	7.07492638	0.33175442
59.99599836	7.23548222	0.31594488
59.99999836	7.23548222	0.33175442
60.00399836	7.07492638	0.33175442
60.00799836	7.07492638	0.33175442
60.01199836	7.07492638	0.31594488
60.01599836	7.07492638	0.31594488
60.01999836	7.23548222	0.31594488
60.02399836	7.07492638	0.33175442
60.02799836	7.07492638	0.33175442
60.03199836	7.07492638	0.31594488
60.03599836	7.23548222	0.31594488
60.03999836	7.07492638	0.33175442
60.04399836	7.07492638	0.31594488
60.04799836	7.07492638	0.31594488
60.05199836	7.23548222	0.33175442
60.05599836	7.23548222	0.31594488
60.05999836	7.07492638	0.31594488
60.06399836	7.07492638	0.31594488
60.06799836	7.07492638	0.31594488
60.07199836	7.07492638	0.33175442
60.07599836	7.07492638	0.31594488
60.07999836	7.07492638	0.31594488
60.08399835	7.23548222	0.31594488
60.08799835	7.23548222	0.33175442
60.09199835	7.07492638	0.31594488
60.09599835	7.07492638	0.31594488
60.09999835	7.07492638	0.31594488
60.10399835	7.07492638	0.31594488
60.10799835	7.07492638	0.31594488
60.11199835	7.07492638	0.31594488
60.11599835	7.07492638	0.31594488
60.11999835	7.07492638	0.31594488
60.12399835	7.07492638	0.31594488
60.12799835	7.07492638	0.31594488
60.13199835	7.07492638	0.31594488
60.13599835	7.23548222	0.31594488
60.13999835	7.23548222	0.33175442
60.14399835	7.07492638	0.31594488
60.14799835	7.07492638	0.31594488
60.15199835	7.07492638	0.31594488
60.15599835	7.07492638	0.31594488
60.15999835	7.07492638	0.33175442
60.16399835	7.07492638	0.31594488
60.16799835	7.23548222	0.33175442
60.17199835	7.07492638	0.31594488
60.17599835	7.07492638	0.31594488
60.17999835	7.07492638	0.31594488
60.18399835	7.07492638	0.31594488
60.18799835	7.07492638	0.31594488
60.19199835	7.07492638	0.31594488
60.19599835	7.07492638	0.31594488
60.19999835	7.07492638	0.31594488
60.20399835	7.07492638	0.31594488
60.20799835	7.07492638	0.31594488
60.21199835	7.07492638	0.31594488
60.21599835	7.07492638	0.33175442
60.21999835	7.23548222	0.31594488
60.22399835	7.07492638	0.31594488
60.22799835	7.07492638	0.31594488
60.23199835	7.07492638	0.31594488
60.23599835	7.07492638	0.31594488
60.23999835	7.07492638	0.31594488
60.24399835	7.07492638	0.31594488
60.24799835	7.07492638	0.31594488
60.25199835	7.07492638	0.31594488
60.25599835	7.07492638	0.31594488
60.25999835	7.07492638	0.31594488
60.26399835	7.07492638	0.31594488
60.26799835	7.07492638	0.31594488
60.27199835	7.07492638	0.33175442
60.27599835	7.07492638	0.31594488
60.27999835	7.23548222	0.31594488
60.28399835	7.07492638	0.31594488
60.28799835	7.07492638	0.31594488
60.29199835	7.07492638	0.31594488
60.29599835	7.07492638	0.31594488
60.29999835	7.07492638	0.31594488
60.30399835	7.07492638	0.31594488
60.30799835	7.07492638	0.31594488
60.31199835	7.07492638	0.31594488
60.31599835	7.07492638	0.31594488
60.31999835	7.07492638	0.31594488
60.32399835	7.07492638	0.31594488
60.32799835	7.23548222	0.31594488
60.33199835	7.07492638	0.31594488
60.33599835	7.07492638	0.31594488
60.33999835	7.07492638	0.31594488
60.34399835	7.07492638	0.31594488
60.34799835	7.07492638	0.31594488
60.35199835	7.23548222	0.31594488
60.35599835	7.07492638	0.31594488
60.35999835	7.07492638	0.33175442
60.36399835	7.07492638	0.31594488
60.36799835	7.07492638	0.31594488
60.37199835	7.07492638	0.31594488
60.37599835	7.07492638	0.31594488
60.37999835	7.07492638	0.31594488
60.38399835	7.07492638	0.31594488
60.38799835	7.07492638	0.31594488
60.39199835	7.07492638	0.31594488
60.39599835	7.07492638	0.31594488
60.39999835	7.07492638	0.31594488
60.40399835	7.07492638	0.31594488
60.40799835	7.23548222	0.31594488
60.41199835	7.07492638	0.31594488
60.41599835	7.07492638	0.31594488
60.41999835	7.07492638	0.31594488
60.42399835	7.07492638	0.31594488
60.42799835	7.07492638	0.31594488
60.43199835	7.07492638	0.31594488
60.43599834	7.07492638	0.31594488
60.43999834	7.07492638	0.31594488
60.44399834	7.07492638	0.31594488
60.44799834	7.07492638	0.31594488
60.45199834	7.07492638	0.31594488
60.45599834	7.07492638	0.31594488
60.45999834	7.07492638	0.31594488
60.46399834	7.07492638	0.31594488
60.46799834	7.07492638	0.31594488
60.47199834	7.07492638	0.31594488
60.47599834	7.07492638	0.31594488
60.47999834	7.07492638	0.31594488
60.48399834	7.07492638	0.31594488
60.48799834	7.23548222	0.31594488
60.49199834	7.07492638	0.31594488
60.49599834	7.07492638	0.31594488
60.49999834	7.07492638	0.31594488
60.50399834	7.07492638	0.31594488
60.50799834	7.07492638	0.31594488
60.51199834	7.07492638	0.31594488
60.51599834	7.07492638	0.31594488
60.51999834	7.07492638	0.31594488
60.52399834	7.07492638	0.31594488
60.52799834	7.07492638	0.31594488
60.53199834	7.07492638	0.31594488
60.53599834	7.07492638	0.31594488
60.53999834	7.07492638	0.31594488
60.54399834	7.07492638	0.31594488
60.54799834	7.07492638	0.31594488
60.55199834	7.07492638	0.31594488
60.55599834	7.07492638	0.31594488
60.55999834	7.07492638	0.31594488
60.56399834	7.07492638	0.31594488
60.56799834	7.07492638	0.31594488
60.57199834	7.07492638	0.31594488
60.57599834	7.07492638	0.31594488
60.57999834	7.07492638	0.31594488
60.58399834	7.07492638	0.31594488
60.58799834	7.07492638	0.31594488
60.59199834	7.07492638	0.31594488
60.59599834	7.07492638	0.31594488
60.59999834	7.07492638	0.31594488
60.60399834	7.07492638	0.31594488
60.60799834	7.07492638	0.31594488
60.61199834	7.07492638	0.31594488
60.61599834	7.07492638	0.31594488
60.61999834	7.07492638	0.31594488
60.62399834	7.07492638	0.31594488
60.62799834	7.07492638	0.31594488
60.63199834	7.07492638	0.31594488
60.63599834	7.07492638	0.31594488
60.63999834	7.07492638	0.31594488
60.64399834	7.07492638	0.31594488
60.64799834	7.07492638	0.31594488
60.65199834	7.07492638	0.31594488
60.65599834	7.07492638	0.31594488
60.65999834	7.07492638	0.31594488
60.66399834	7.07492638	0.31594488
60.66799834	7.07492638	0.31594488
60.67199834	7.07492638	0.31594488
60.67599834	7.07492638	0.31594488
60.67999834	7.07492638	0.31594488
60.68399834	7.07492638	0.31594488
60.68799834	7.07492638	0.31594488
60.69199834	7.07492638	0.31594488
60.69599834	7.07492638	0.31594488
60.69999834	7.07492638	0.31594488
60.70399834	7.07492638	0.31594488
60.70799834	7.07492638	0.31594488
60.71199834	7.07492638	0.31594488
60.71599834	7.07492638	0.31594488
60.71999834	7.07492638	0.31594488
60.72399834	7.07492638	0.31594488
60.72799834	7.07492638	0.31594488
60.73199834	7.07492638	0.31594488
60.73599834	7.07492638	0.31594488
60.73999834	7.07492638	0.31594488
60.74399834	7.07492638	0.31594488
60.74799834	7.07492638	0.31594488
60.75199834	7.07492638	0.31594488
60.75599834	7.07492638	0.31594488
60.75999834	7.07492638	0.31594488
60.76399834	7.07492638	0.31594488
60.76799834	7.07492638	0.31594488
60.77199834	7.07492638	0.31594488
60.77599834	7.07492638	0.31594488
60.77999834	7.07492638	0.31594488
60.78399834	7.07492638	0.31594488
60.78799833	7.07492638	0.31594488
60.79199833	7.07492638	0.31594488
60.79599833	7.07492638	0.31594488
60.79999833	7.07492638	0.31594488
60.80399833	7.07492638	0.31594488
60.80799833	7.07492638	0.31594488
60.81199833	7.07492638	0.31594488
60.81599833	7.23548222	0.31594488
60.81999833	7.07492638	0.31594488
60.82399833	7.07492638	0.31594488
60.82799833	7.07492638	0.31594488
60.83199833	7.07492638	0.31594488
60.83599833	7.23548222	0.31594488
60.83999833	7.07492638	0.31594488
60.84399833	7.07492638	0.31594488
60.84799833	7.07492638	0.31594488
60.85199833	7.07492638	0.31594488
60.85599833	7.07492638	0.31594488
60.85999833	7.07492638	0.31594488
60.86399833	7.07492638	0.31594488
60.86799833	7.07492638	0.31594488
60.87199833	7.07492638	0.31594488
60.87599833	7.07492638	0.31594488
60.87999833	7.07492638	0.31594488
60.88399833	7.07492638	0.31594488
60.88799833	7.07492638	0.31594488
60.89199833	7.23548222	0.31594488
60.89599833	7.07492638	0.31594488
60.89999833	6.91437006	0.31594488
60.90399833	7.07492638	0.31594488
60.90799833	7.07492638	0.31594488
60.91199833	7.23548222	0.31594488
60.91599833	7.23548222	0.31594488
60.91999833	7.07492638	0.31594488
60.92399833	7.07492638	0.31594488
60.92799833	7.07492638	0.31594488
60.93199833	7.07492638	0.31594488
60.93599833	7.07492638	0.31594488
60.93999833	7.07492638	0.31594488
60.94399833	7.07492638	0.31594488
60.94799833	7.07492638	0.31594488
60.95199833	7.07492638	0.31594488
60.95599833	7.07492638	0.31594488
60.95999833	7.07492638	0.31594488
60.96399833	7.07492638	0.31594488
60.96799833	7.07492638	0.31594488
60.97199833	7.07492638	0.31594488
60.97599833	7.07492638	0.31594488
60.97999833	7.07492638	0.31594488
60.98399833	7.07492638	0.31594488
60.98799833	7.07492638	0.31594488
60.99199833	7.07492638	0.31594488
60.99599833	7.07492638	0.31594488
60.99999833	7.23548222	0.31594488
61.00399833	7.07492638	0.31594488
61.00799833	7.07492638	0.31594488
61.01199833	7.07492638	0.31594488
61.01599833	7.07492638	0.31594488
61.01999833	7.07492638	0.31594488
61.02399833	7.07492638	0.31594488
61.02799833	7.07492638	0.31594488
61.03199833	7.07492638	0.31594488
61.03599833	7.07492638	0.31594488
61.03999833	7.07492638	0.31594488
61.04399833	7.07492638	0.31594488
61.04799833	7.23548222	0.31594488
61.05199833	7.07492638	0.31594488
61.05599833	7.07492638	0.31594488
61.05999833	7.07492638	0.31594488
61.06399833	7.07492638	0.31594488
61.06799833	7.07492638	0.31594488
61.07199833	7.07492638	0.31594488
61.07599833	7.23548222	0.31594488
61.07999833	7.23548222	0.31594488
61.08399833	7.07492638	0.31594488
61.08799833	7.07492638	0.31594488
61.09199833	7.07492638	0.31594488
61.09599833	7.07492638	0.31594488
61.09999833	7.07492638	0.31594488
61.10399833	7.07492638	0.31594488
61.10799833	7.07492638	0.31594488
61.11199833	7.07492638	0.31594488
61.11599833	7.07492638	0.31594488
61.11999833	7.07492638	0.31594488
61.12399833	7.07492638	0.31594488
61.12799833	7.07492638	0.31594488
61.13199833	7.07492638	0.31594488
61.13599833	7.23548222	0.31594488
61.13999833	7.07492638	0.31594488
61.14399832	7.07492638	0.31594488
61.14799832	7.07492638	0.31594488
61.15199832	7.07492638	0.31594488
61.15599832	7.07492638	0.31594488
61.15999832	7.07492638	0.31594488
61.16399832	7.07492638	0.31594488
61.16799832	7.07492638	0.31594488
61.17199832	7.07492638	0.31594488
61.17599832	7.07492638	0.31594488
61.17999832	7.07492638	0.31594488
61.18399832	7.07492638	0.31594488
61.18799832	7.07492638	0.31594488
61.19199832	7.07492638	0.31594488
61.19599832	7.07492638	0.31594488
61.19999832	7.23548222	0.31594488
61.20399832	7.07492638	0.31594488
61.20799832	7.07492638	0.31594488
61.21199832	7.07492638	0.31594488
61.21599832	7.07492638	0.31594488
61.21999832	7.23548222	0.31594488
61.22399832	7.07492638	0.31594488
61.22799832	7.07492638	0.31594488
61.23199832	7.07492638	0.31594488
61.23599832	7.07492638	0.31594488
61.23999832	7.07492638	0.31594488
61.24399832	7.07492638	0.31594488
61.24799832	7.07492638	0.31594488
61.25199832	7.07492638	0.31594488
61.25599832	7.23548222	0.31594488
61.25999832	7.23548222	0.31594488
61.26399832	7.07492638	0.31594488
61.26799832	7.07492638	0.31594488
61.27199832	7.07492638	0.31594488
61.27599832	7.07492638	0.31594488
61.27999832	7.07492638	0.31594488
61.28399832	7.07492638	0.31594488
61.28799832	7.07492638	0.31594488
61.29199832	7.07492638	0.31594488
61.29599832	7.07492638	0.31594488
61.29999832	7.07492638	0.30013534
61.30399832	7.07492638	0.31594488
61.30799832	7.07492638	0.31594488
61.31199832	7.07492638	0.31594488
61.31599832	7.07492638	0.31594488
61.31999832	7.07492638	0.31594488
61.32399832	7.07492638	0.31594488
61.32799832	7.07492638	0.31594488
61.33199832	7.07492638	0.31594488
61.33599832	7.07492638	0.31594488
61.33999832	7.07492638	0.30013534
61.34399832	7.07492638	0.31594488
61.34799832	7.07492638	0.31594488
61.35199832	7.07492638	0.31594488
61.35599832	7.07492638	0.31594488
61.35999832	7.07492638	0.31594488
61.36399832	7.07492638	0.31594488
61.36799832	7.23548222	0.31594488
61.37199832	7.07492638	0.31594488
61.37599832	7.07492638	0.31594488
61.37999832	7.07492638	0.31594488
61.38399832	7.07492638	0.31594488
61.38799832	7.07492638	0.31594488
61.39199832	7.07492638	0.31594488
61.39599832	7.07492638	0.30013534
61.39999832	7.23548222	0.31594488
61.40399832	7.23548222	0.30013534
61.40799832	7.07492638	0.31594488
61.41199832	7.07492638	0.30013534
61.41599832	7.07492638	0.31594488
61.41999832	7.07492638	0.31594488
61.42399832	7.23548222	0.31594488
61.42799832	7.07492638	0.31594488
61.43199832	7.07492638	0.31594488
61.43599832	7.07492638	0.30013534
61.43999832	7.07492638	0.31594488
61.44399832	7.07492638	0.30013534
61.44799832	7.07492638	0.31594488
61.45199832	7.23548222	0.30013534
61.45599832	7.07492638	0.31594488
61.45999832	7.07492638	0.30013534
61.46399832	7.07492638	0.31594488
61.46799832	7.23548222	0.30013534
61.47199832	7.23548222	0.31594488
61.47599832	7.07492638	0.30013534
61.47999832	7.07492638	0.31594488
61.48399832	7.07492638	0.30013534
61.48799832	7.23548222	0.30013534
61.49199832	7.07492638	0.30013534
61.49599831	7.07492638	0.31594488
61.49999831	7.07492638	0.30013534
61.50399831	7.23548222	0.31594488
61.50799831	7.07492638	0.31594488
61.51199831	7.07492638	0.31594488
61.51599831	7.07492638	0.30013534
61.51999831	7.23548222	0.31594488
61.52399831	7.07492638	0.31594488
61.52799831	7.07492638	0.30013534
61.53199831	7.07492638	0.30013534
61.53599831	7.07492638	0.30013534
61.53999831	7.23548222	0.31594488
61.54399831	7.07492638	0.31594488
61.54799831	7.07492638	0.30013534
61.55199831	7.07492638	0.30013534
61.55599831	7.07492638	0.30013534
61.55999831	7.07492638	0.31594488
61.56399831	7.23548222	0.30013534
61.56799831	7.07492638	0.31594488
61.57199831	7.23548222	0.30013534
61.57599831	7.07492638	0.31594488
61.57999831	7.07492638	0.30013534
61.58399831	7.07492638	0.31594488
61.58799831	7.07492638	0.30013534
61.59199831	7.23548222	0.31594488
61.59599831	7.07492638	0.30013534
61.59999831	7.23548222	0.30013534
61.60399831	7.07492638	0.30013534
61.60799831	7.07492638	0.31594488
61.61199831	7.07492638	0.30013534
61.61599831	7.07492638	0.31594488
61.61999831	7.23548222	0.30013534
61.62399831	7.23548222	0.31594488
61.62799831	7.07492638	0.30013534
61.63199831	7.07492638	0.31594488
61.63599831	7.07492638	0.30013534
61.63999831	7.07492638	0.31594488
61.64399831	7.07492638	0.30013534
61.64799831	7.23548222	0.31594488
61.65199831	7.23548222	0.30013534
61.65599831	7.07492638	0.31594488
61.65999831	7.07492638	0.30013534
61.66399831	7.07492638	0.30013534
61.66799831	7.07492638	0.30013534
61.67199831	7.07492638	0.31594488
61.67599831	7.07492638	0.30013534
61.67999831	7.23548222	0.30013534
61.68399831	7.23548222	0.30013534
61.68799831	7.07492638	0.30013534
61.69199831	7.07492638	0.30013534
61.69599831	7.07492638	0.30013534
61.69999831	7.07492638	0.30013534
61.70399831	7.23548222	0.31594488
61.70799831	7.07492638	0.31594488
61.71199831	7.07492638	0.30013534
61.71599831	7.07492638	0.30013534
61.71999831	7.07492638	0.31594488
61.72399831	7.07492638	0.30013534
61.72799831	7.07492638	0.31594488
61.73199831	7.07492638	0.30013534
61.73599831	7.23548222	0.31594488
61.73999831	7.07492638	0.30013534
61.74399831	7.07492638	0.30013534
61.74799831	7.07492638	0.30013534
61.75199831	7.07492638	0.30013534
61.75599831	7.07492638	0.30013534
61.75999831	7.23548222	0.31594488
61.76399831	7.23548222	0.30013534
61.76799831	7.07492638	0.30013534
61.77199831	7.07492638	0.30013534
61.77599831	7.07492638	0.30013534
61.77999831	7.07492638	0.30013534
61.78399831	7.23548222	0.30013534
61.78799831	7.07492638	0.30013534
61.79199831	7.07492638	0.30013534
61.79599831	7.07492638	0.30013534
61.79999831	7.07492638	0.30013534
61.80399831	7.07492638	0.30013534
61.80799831	7.07492638	0.30013534
61.81199831	7.07492638	0.30013534
61.81599831	7.07492638	0.30013534
61.81999831	7.23548222	0.30013534
61.82399831	7.07492638	0.30013534
61.82799831	7.07492638	0.30013534
61.83199831	7.07492638	0.30013534
61.83599831	7.07492638	0.30013534
61.83999831	7.07492638	0.31594488
61.84399831	7.07492638	0.30013534
61.84799830	7.07492638	0.30013534
61.85199830	7.23548222	0.30013534
61.85599830	7.23548222	0.31594488
61.85999830	7.07492638	0.30013534
61.86399830	7.07492638	0.30013534
61.86799830	7.23548222	0.30013534
61.87199830	7.23548222	0.30013534
61.87599830	7.07492638	0.30013534
61.87999830	7.07492638	0.30013534
61.88399830	7.07492638	0.30013534
61.88799830	7.23548222	0.30013534
61.89199830	7.23548222	0.30013534
61.89599830	7.07492638	0.30013534
61.89999830	7.07492638	0.30013534
61.90399830	7.23548222	0.30013534
61.90799830	7.07492638	0.30013534
61.91199830	7.07492638	0.30013534
61.91599830	7.07492638	0.30013534
61.91999830	7.07492638	0.30013534
61.92399830	7.23548222	0.30013534
61.92799830	7.23548222	0.30013534
61.93199830	7.23548222	0.30013534
61.93599830	7.07492638	0.30013534
61.93999830	7.07492638	0.30013534
61.94399830	7.07492638	0.30013534
61.94799830	7.23548222	0.30013534
61.95199830	7.23548222	0.30013534
61.95599830	7.23548222	0.30013534
61.95999830	7.23548222	0.31594488
61.96399830	7.07492638	0.30013534
61.96799830	7.07492638	0.30013534
61.97199830	7.07492638	0.30013534
61.97599830	7.23548222	0.30013534
61.97999830	7.23548222	0.30013534
61.98399830	7.07492638	0.30013534
61.98799830	7.07492638	0.30013534
61.99199830	7.07492638	0.30013534
61.99599830	7.07492638	0.30013534
61.99999830	7.07492638	0.30013534
62.00399830	7.07492638	0.30013534
62.00799830	7.23548222	0.30013534
62.01199830	7.23548222	0.30013534
62.01599830	7.07492638	0.30013534
62.01999830	7.07492638	0.30013534
62.02399830	7.07492638	0.30013534
62.02799830	7.23548222	0.30013534
62.03199830	7.23548222	0.30013534
62.03599830	7.23548222	0.30013534
62.03999830	7.23548222	0.30013534
62.04399830	7.07492638	0.30013534
62.04799830	7.07492638	0.30013534
62.05199830	7.07492638	0.30013534
62.05599830	7.23548222	0.30013534
62.05999830	7.23548222	0.30013534
62.06399830	7.23548222	0.30013534
62.06799830	7.23548222	0.30013534
62.07199830	7.07492638	0.30013534
62.07599830	7.07492638	0.30013534
62.07999830	7.07492638	0.30013534
62.08399830	7.23548222	0.30013534
62.08799830	7.23548222	0.30013534
62.09199830	7.23548222	0.30013534
62.09599830	7.23548222	0.30013534
62.09999830	7.07492638	0.30013534
62.10399830	7.07492638	0.30013534
62.10799830	7.07492638	0.30013534
62.11199830	7.23548222	0.30013534
62.11599830	7.23548222	0.30013534
62.11999830	7.23548222	0.30013534
62.12399830	7.07492638	0.30013534
62.12799830	7.07492638	0.30013534
62.13199830	7.07492638	0.30013534
62.13599830	7.07492638	0.30013534
62.13999830	7.07492638	0.30013534
62.14399830	7.23548222	0.30013534
62.14799830	7.23548222	0.30013534
62.15199830	7.07492638	0.30013534
62.15599830	7.07492638	0.30013534
62.15999830	7.07492638	0.30013534
62.16399830	7.07492638	0.30013534
62.16799830	7.07492638	0.30013534
62.17199830	7.23548222	0.30013534
62.17599830	7.07492638	0.30013534
62.17999830	7.07492638	0.30013534
62.18399830	7.07492638	0.30013534
62.18799830	7.07492638	0.30013534
62.19199830	7.07492638	0.30013534
62.19599830	7.07492638	0.30013534
62.19999830	7.07492638	0.30013534
62.20399829	7.07492638	0.30013534
62.20799829	7.07492638	0.30013534
62.21199829	7.07492638	0.30013534
62.21599829	7.07492638	0.30013534
62.21999829	7.07492638	0.30013534
62.22399829	7.07492638	0.30013534
62.22799829	7.07492638	0.30013534
62.23199829	7.07492638	0.30013534
62.23599829	7.07492638	0.30013534
62.23999829	7.07492638	0.30013534
62.24399829	7.07492638	0.30013534
62.24799829	7.07492638	0.30013534
62.25199829	7.07492638	0.30013534
62.25599829	7.07492638	0.30013534
62.25999829	7.23548222	0.30013534
62.26399829	7.23548222	0.30013534
62.26799829	7.07492638	0.30013534
62.27199829	7.07492638	0.30013534
62.27599829	7.07492638	0.30013534
62.27999829	7.07492638	0.30013534
62.28399829	7.07492638	0.30013534
62.28799829	7.07492638	0.30013534
62.29199829	7.07492638	0.30013534
62.29599829	7.07492638	0.30013534
62.29999829	7.07492638	0.30013534
62.30399829	7.07492638	0.30013534
62.30799829	7.07492638	0.30013534
62.31199829	7.23548222	0.30013534
62.31599829	7.23548222	0.30013534
62.31999829	7.07492638	0.30013534
62.32399829	7.07492638	0.30013534
62.32799829	7.07492638	0.30013534
62.33199829	7.07492638	0.30013534
62.33599829	7.07492638	0.30013534
62.33999829	7.23548222	0.30013534
62.34399829	7.23548222	0.30013534
62.34799829	7.07492638	0.30013534
62.35199829	7.07492638	0.30013534
62.35599829	7.07492638	0.30013534
62.35999829	7.07492638	0.30013534
62.36399829	7.23548222	0.30013534
62.36799829	7.23548222	0.30013534
62.37199829	7.07492638	0.30013534
62.37599829	7.07492638	0.30013534
62.37999829	7.07492638	0.30013534
62.38399829	7.07492638	0.30013534
62.38799829	7.07492638	0.30013534
62.39199829	7.07492638	0.30013534
62.39599829	7.07492638	0.30013534
62.39999829	7.07492638	0.30013534
62.40399829	7.07492638	0.30013534
62.40799829	7.07492638	0.30013534
62.41199829	7.07492638	0.30013534
62.41599829	7.07492638	0.30013534
62.41999829	7.23548222	0.30013534
62.42399829	7.23548222	0.30013534
62.42799829	7.07492638	0.30013534
62.43199829	7.07492638	0.30013534
62.43599829	7.07492638	0.30013534
62.43999829	7.23548222	0.30013534
62.44399829	7.23548222	0.30013534
62.44799829	7.07492638	0.30013534
62.45199829	7.07492638	0.30013534
62.45599829	7.23548222	0.30013534
62.45999829	7.07492638	0.30013534
62.46399829	7.07492638	0.30013534
62.46799829	7.07492638	0.30013534
62.47199829	7.23548222	0.30013534
62.47599829	7.23548222	0.30013534
62.47999829	7.07492638	0.30013534
62.48399829	7.07492638	0.30013534
62.48799829	7.07492638	0.30013534
62.49199829	7.23548222	0.30013534
62.49599829	7.23548222	0.30013534
62.49999829	7.23548222	0.30013534
62.50399829	7.07492638	0.30013534
62.50799829	7.07492638	0.30013534
62.51199829	7.23548222	0.30013534
62.51599829	7.23548222	0.30013534
62.51999829	7.07492638	0.30013534
62.52399829	7.07492638	0.30013534
62.52799829	7.23548222	0.30013534
62.53199829	7.23548222	0.30013534
62.53599829	7.07492638	0.30013534
62.53999829	7.07492638	0.30013534
62.54399829	7.23548222	0.30013534
62.54799829	7.23548222	0.30013534
62.55199829	7.23548222	0.30013534
62.55599828	7.07492638	0.30013534
62.55999828	7.07492638	0.30013534
62.56399828	7.07492638	0.30013534
62.56799828	7.23548222	0.30013534
62.57199828	7.07492638	0.30013534
62.57599828	7.23548222	0.30013534
62.57999828	7.07492638	0.30013534
62.58399828	7.23548222	0.30013534
62.58799828	7.07492638	0.30013534
62.59199828	7.07492638	0.30013534
62.59599828	7.07492638	0.30013534
62.59999828	7.23548222	0.30013534
62.60399828	7.07492638	0.30013534
62.60799828	7.07492638	0.30013534
62.61199828	7.07492638	0.30013534
62.61599828	7.23548222	0.30013534
62.61999828	7.07492638	0.30013534
62.62399828	7.07492638	0.30013534
62.62799828	7.07492638	0.30013534
62.63199828	7.23548222	0.30013534
62.63599828	7.23548222	0.30013534
62.63999828	7.07492638	0.30013534
62.64399828	7.07492638	0.30013534
62.64799828	7.23548222	0.30013534
62.65199828	7.23548222	0.30013534
62.65599828	7.23548222	0.30013534
62.65999828	7.07492638	0.30013534
62.66399828	7.07492638	0.30013534
62.66799828	7.23548222	0.30013534
62.67199828	7.23548222	0.30013534
62.67599828	7.07492638	0.30013534
62.67999828	7.23548222	0.30013534
62.68399828	7.23548222	0.30013534
62.68799828	7.23548222	0.30013534
62.69199828	7.07492638	0.30013534
62.69599828	7.07492638	0.30013534
62.69999828	7.07492638	0.30013534
62.70399828	7.23548222	0.30013534
62.70799828	7.23548222	0.30013534
62.71199828	7.07492638	0.30013534
62.71599828	7.07492638	0.30013534
62.71999828	7.23548222	0.30013534
62.72399828	7.07492638	0.30013534
62.72799828	7.07492638	0.30013534
62.73199828	7.07492638	0.30013534
62.73599828	7.23548222	0.30013534
62.73999828	7.23548222	0.30013534
62.74399828	7.07492638	0.30013534
62.74799828	7.07492638	0.30013534
62.75199828	7.07492638	0.30013534
62.75599828	7.23548222	0.30013534
62.75999828	7.23548222	0.30013534
62.76399828	7.07492638	0.30013534
62.76799828	7.07492638	0.30013534
62.77199828	7.23548222	0.30013534
62.77599828	7.23548222	0.30013534
62.77999828	7.07492638	0.30013534
62.78399828	7.07492638	0.30013534
62.78799828	7.23548222	0.30013534
62.79199828	7.23548222	0.30013534
62.79599828	7.07492638	0.30013534
62.79999828	7.07492638	0.30013534
62.80399828	7.07492638	0.30013534
62.80799828	7.23548222	0.30013534
62.81199828	7.07492638	0.30013534
62.81599828	7.07492638	0.30013534
62.81999828	7.23548222	0.30013534
62.82399828	7.23548222	0.30013534
62.82799828	7.07492638	0.30013534
62.83199828	7.07492638	0.30013534
62.83599828	7.07492638	0.30013534
62.83999828	7.23548222	0.30013534
62.84399828	7.23548222	0.30013534
62.84799828	7.07492638	0.30013534
62.85199828	7.07492638	0.30013534
62.85599828	7.23548222	0.30013534
62.85999828	7.23548222	0.30013534
62.86399828	7.23548222	0.30013534
62.86799828	7.07492638	0.30013534
62.87199828	7.23548222	0.30013534
62.87599828	7.07492638	0.30013534
62.87999828	7.07492638	0.30013534
62.88399828	7.07492638	0.30013534
62.88799828	7.07492638	0.30013534
62.89199828	7.23548222	0.30013534
62.89599828	7.23548222	0.30013534
62.89999828	7.07492638	0.30013534
62.90399828	7.07492638	0.30013534
62.90799828	7.07492638	0.28438729
62.91199827	7.23548222	0.30013534
62.91599827	7.23548222	0.30013534
62.91999827	7.23548222	0.30013534
62.92399827	7.07492638	0.30013534
62.92799827	7.07492638	0.30013534
62.93199827	7.07492638	0.30013534
62.93599827	7.23548222	0.30013534
62.93999827	7.23548222	0.28438729
62.94399827	7.23548222	0.30013534
62.94799827	7.23548222	0.30013534
62.95199827	7.07492638	0.30013534
62.95599827	7.07492638	0.30013534
62.95999827	7.07492638	0.30013534
62.96399827	7.23548222	0.30013534
62.96799827	7.23548222	0.30013534
62.97199827	7.23548222	0.30013534
62.97599827	7.23548222	0.30013534
62.97999827	7.23548222	0.30013534
62.98399827	7.23548222	0.30013534
62.98799827	7.07492638	0.30013534
62.99199827	7.07492638	0.30013534
62.99599827	7.23548222	0.30013534
62.99999827	7.23548222	0.30013534
63.00399827	7.23548222	0.28438729
63.00799827	7.07492638	0.30013534
63.01199827	7.07492638	0.30013534
63.01599827	7.23548222	0.30013534
63.01999827	7.07492638	0.30013534
63.02399827	7.07492638	0.30013534
63.02799827	7.23548222	0.30013534
63.03199827	7.23548222	0.30013534
63.03599827	7.23548222	0.30013534
63.03999827	7.07492638	0.30013534
63.04399827	7.07492638	0.30013534
63.04799827	7.23548222	0.30013534
63.05199827	7.23548222	0.28438729
63.05599827	7.23548222	0.30013534
63.05999827	7.23548222	0.30013534
63.06399827	7.23548222	0.30013534
63.06799827	7.23548222	0.28438729
63.07199827	7.07492638	0.30013534
63.07599827	7.07492638	0.30013534
63.07999827	7.23548222	0.30013534
63.08399827	7.23548222	0.30013534
63.08799827	7.23548222	0.30013534
63.09199827	7.07492638	0.30013534
63.09599827	7.07492638	0.30013534
63.09999827	7.23548222	0.28438729
63.10399827	7.23548222	0.30013534
63.10799827	7.23548222	0.30013534
63.11199827	7.23548222	0.30013534
63.11599827	7.23548222	0.28438729
63.11999827	7.23548222	0.28438729
63.12399827	7.23548222	0.28438729
63.12799827	7.07492638	0.30013534
63.13199827	7.23548222	0.28438729
63.13599827	7.23548222	0.30013534
63.13999827	7.23548222	0.28438729
63.14399827	7.23548222	0.30013534
63.14799827	7.07492638	0.30013534
63.15199827	7.23548222	0.30013534
63.15599827	7.23548222	0.30013534
63.15999827	7.23548222	0.30013534
63.16399827	7.23548222	0.28438729
63.16799827	7.23548222	0.30013534
63.17199827	7.23548222	0.30013534
63.17599827	7.23548222	0.30013534
63.17999827	7.07492638	0.28438729
63.18399827	7.07492638	0.30013534
63.18799827	7.23548222	0.28438729
63.19199827	7.23548222	0.30013534
63.19599827	7.23548222	0.28438729
63.19999827	7.07492638	0.30013534
63.20399827	7.23548222	0.28438729
63.20799827	7.23548222	0.30013534
63.21199827	7.23548222	0.30013534
63.21599827	7.07492638	0.30013534
63.21999827	7.23548222	0.28438729
63.22399827	7.23548222	0.30013534
63.22799827	7.23548222	0.30013534
63.23199827	7.23548222	0.30013534
63.23599827	7.07492638	0.28438729
63.23999827	7.23548222	0.30013534
63.24399827	7.07492638	0.28438729
63.24799827	7.07492638	0.30013534
63.25199827	7.07492638	0.30013534
63.25599827	7.23548222	0.30013534
63.25999827	7.23548222	0.30013534
63.26399826	7.07492638	0.30013534
63.26799826	7.07492638	0.28438729
63.27199826	7.23548222	0.30013534
63.27599826	7.23548222	0.28438729
63.27999826	7.07492638	0.30013534
63.28399826	7.07492638	0.28438729
63.28799826	7.23548222	0.30013534
63.29199826	7.23548222	0.28438729
63.29599826	7.07492638	0.30013534
63.29999826	7.07492638	0.30013534
63.30399826	7.07492638	0.30013534
63.30799826	7.23548222	0.28438729
63.31199826	7.23548222	0.28438729
63.31599826	7.07492638	0.28438729
63.31999826	7.07492638	0.30013534
63.32399826	7.07492638	0.28438729
63.32799826	7.07492638	0.30013534
63.33199826	7.23548222	0.28438729
63.33599826	7.07492638	0.28438729
63.33999826	7.23548222	0.28438729
63.34399826	7.23548222	0.28438729
63.34799826	7.07492638	0.28438729
63.35199826	7.23548222	0.28438729
63.35599826	7.07492638	0.28438729
63.35999826	7.07492638	0.28438729
63.36399826	7.07492638	0.28438729
63.36799826	7.07492638	0.28438729
63.37199826	7.23548222	0.28438729
63.37599826	7.23548222	0.28438729
63.37999826	7.23548222	0.30013534
63.38399826	7.07492638	0.28438729
63.38799826	7.07492638	0.28438729
63.39199826	7.23548222	0.28438729
63.39599826	7.23548222	0.28438729
63.39999826	7.23548222	0.30013534
63.40399826	7.07492638	0.28438729
63.40799826	7.07492638	0.30013534
63.41199826	7.07492638	0.28438729
63.41599826	7.07492638	0.30013534
63.41999826	7.07492638	0.28438729
63.42399826	7.23548222	0.30013534
63.42799826	7.23548222	0.28438729
63.43199826	7.23548222	0.30013534
63.43599826	7.07492638	0.28438729
63.43999826	7.07492638	0.28438729
63.44399826	7.23548222	0.28438729
63.44799826	7.23548222	0.30013534
63.45199826	7.23548222	0.28438729
63.45599826	7.23548222	0.30013534
63.45999826	7.07492638	0.28438729
63.46399826	7.23548222	0.30013534
63.46799826	7.07492638	0.28438729
63.47199826	7.07492638	0.28438729
63.47599826	7.07492638	0.28438729
63.47999826	7.23548222	0.28438729
63.48399826	7.07492638	0.28438729
63.48799826	7.07492638	0.28438729
63.49199826	7.23548222	0.28438729
63.49599826	7.23548222	0.30013534
63.49999826	7.07492638	0.28438729
63.50399826	7.07492638	0.28438729
63.50799826	7.23548222	0.28438729
63.51199826	7.23548222	0.30013534
63.51599826	7.23548222	0.28438729
63.51999826	7.07492638	0.28438729
63.52399826	7.07492638	0.28438729
63.52799826	7.23548222	0.28438729
63.53199826	7.23548222	0.28438729
63.53599826	7.07492638	0.28438729
63.53999826	7.23548222	0.28438729
63.54399826	7.23548222	0.30013534
63.54799826	7.23548222	0.28438729
63.55199826	7.07492638	0.28438729
63.55599826	7.07492638	0.28438729
63.55999826	7.23548222	0.28438729
63.56399826	7.23548222	0.28438729
63.56799826	7.07492638	0.30013534
63.57199826	7.07492638	0.28438729
63.57599826	7.07492638	0.28438729
63.57999826	7.23548222	0.28438729
63.58399826	7.23548222	0.28438729
63.58799826	7.07492638	0.28438729
63.59199826	7.07492638	0.28438729
63.59599826	7.23548222	0.28438729
63.59999826	7.23548222	0.28438729
63.60399826	7.23548222	0.28438729
63.60799826	7.07492638	0.28438729
63.61199826	7.07492638	0.28438729
63.61599825	7.23548222	0.28438729
63.61999825	7.23548222	0.28438729
63.62399825	7.23548222	0.28438729
63.62799825	7.23548222	0.28438729
63.63199825	7.23548222	0.28438729
63.63599825	7.23548222	0.28438729
63.63999825	7.07492638	0.28438729
63.64399825	7.07492638	0.28438729
63.64799825	7.23548222	0.28438729
63.65199825	7.23548222	0.28438729
63.65599825	7.23548222	0.28438729
63.65999825	7.07492638	0.28438729
63.66399825	7.07492638	0.28438729
63.66799825	7.23548222	0.28438729
63.67199825	7.23548222	0.28438729
63.67599825	7.23548222	0.28438729
63.67999825	7.23548222	0.28438729
63.68399825	7.23548222	0.28438729
63.68799825	7.23548222	0.28438729
63.69199825	7.07492638	0.28438729
63.69599825	7.07492638	0.28438729
63.69999825	7.23548222	0.28438729
63.70399825	7.23548222	0.28438729
63.70799825	7.23548222	0.28438729
63.71199825	7.07492638	0.28438729
63.71599825	7.07492638	0.28438729
63.71999825	7.23548222	0.28438729
63.72399825	7.23548222	0.28438729
63.72799825	7.23548222	0.28438729
63.73199825	7.23548222	0.28438729
63.73599825	7.23548222	0.28438729
63.73999825	7.23548222	0.28438729
63.74399825	7.23548222	0.28438729
63.74799825	7.07492638	0.28438729
63.75199825	7.23548222	0.28438729
63.75599825	7.23548222	0.28438729
63.75999825	7.23548222	0.28438729
63.76399825	7.23548222	0.28438729
63.76799825	7.07492638	0.28438729
63.77199825	7.07492638	0.28438729
63.77599825	7.23548222	0.28438729
63.77999825	7.23548222	0.28438729
63.78399825	7.23548222	0.28438729
63.78799825	7.23548222	0.28438729
63.79199825	7.23548222	0.28438729
63.79599825	7.07492638	0.28438729
63.79999825	7.07492638	0.28438729
63.80399825	7.23548222	0.28438729
63.80799825	7.23548222	0.28438729
63.81199825	7.23548222	0.28438729
63.81599825	7.23548222	0.28438729
63.81999825	7.07492638	0.28438729
63.82399825	7.23548222	0.28438729
63.82799825	7.23548222	0.28438729
63.83199825	7.23548222	0.30013534
63.83599825	7.23548222	0.28438729
63.83999825	7.23548222	0.28438729
63.84399825	7.23548222	0.28438729
63.84799825	7.23548222	0.28438729
63.85199825	7.23548222	0.28438729
63.85599825	7.23548222	0.28438729
63.85999825	7.23548222	0.28438729
63.86399825	7.23548222	0.28438729
63.86799825	7.07492638	0.28438729
63.87199825	7.23548222	0.28438729
63.87599825	7.23548222	0.28438729
63.87999825	7.23548222	0.28438729
63.88399825	7.23548222	0.28438729
63.88799825	7.23548222	0.28438729
63.89199825	7.23548222	0.28438729
63.89599825	7.23548222	0.28438729
63.89999825	7.07492638	0.28438729
63.90399825	7.23548222	0.28438729
63.90799825	7.23548222	0.28438729
63.91199825	7.23548222	0.28438729
63.91599825	7.23548222	0.28438729
63.91999825	7.07492638	0.28438729
63.92399825	7.07492638	0.28438729
63.92799825	7.23548222	0.28438729
63.93199825	7.23548222	0.28438729
63.93599825	7.07492638	0.28438729
63.93999825	7.23548222	0.28438729
63.94399825	7.23548222	0.28438729
63.94799825	7.23548222	0.28438729
63.95199825	7.23548222	0.28438729
63.95599825	7.23548222	0.28438729
63.95999825	7.23548222	0.28438729
63.96399825	7.23548222	0.28438729
63.96799825	7.07492638	0.28438729
63.97199824	7.23548222	0.28438729
63.97599824	7.23548222	0.28438729
63.97999824	7.23548222	0.28438729
63.98399824	7.23548222	0.28438729
63.98799824	7.23548222	0.28438729
63.99199824	7.07492638	0.28438729
63.99599824	7.23548222	0.28438729
63.99999824	7.23548222	0.28438729
64.00399824	7.23548222	0.28438729
64.00799824	7.23548222	0.28438729
64.01199824	7.23548222	0.28438729
64.01599824	7.23548222	0.28438729
64.01999824	7.23548222	0.28438729
64.02399824	7.07492638	0.28438729
64.02799824	7.23548222	0.28438729
64.03199824	7.23548222	0.28438729
64.03599824	7.23548222	0.28438729
64.03999824	7.23548222	0.28438729
64.04399824	7.07492638	0.28438729
64.04799824	7.07492638	0.28438729
64.05199824	7.23548222	0.28438729
64.05599824	7.23548222	0.28438729
64.05999824	7.23548222	0.28438729
64.06399824	7.23548222	0.28438729
64.06799824	7.23548222	0.28438729
64.07199824	7.23548222	0.28438729
64.07599824	7.23548222	0.28438729
64.07999824	7.07492638	0.28438729
64.08399824	7.23548222	0.28438729
64.08799824	7.23548222	0.28438729
64.09199824	7.23548222	0.28438729
64.09599824	7.23548222	0.28438729
64.09999824	7.23548222	0.28438729
64.10399824	7.23548222	0.28438729
64.10799824	7.23548222	0.28438729
64.11199824	7.07492638	0.28438729
64.11599824	7.23548222	0.28438729
64.11999824	7.23548222	0.28438729
64.12399824	7.23548222	0.28438729
64.12799824	7.23548222	0.28438729
64.13199824	7.23548222	0.28438729
64.13599824	7.23548222	0.28438729
64.13999824	7.23548222	0.28438729
64.14399824	7.23548222	0.28438729
64.14799824	7.23548222	0.28438729
64.15199824	7.23548222	0.28438729
64.15599824	7.23548222	0.28438729
64.15999824	7.23548222	0.28438729
64.16399824	7.23548222	0.28438729
64.16799824	7.07492638	0.28438729
64.17199824	7.07492638	0.28438729
64.17599824	7.23548222	0.28438729
64.17999824	7.23548222	0.28438729
64.18399824	7.23548222	0.28438729
64.18799824	7.23548222	0.28438729
64.19199824	7.07492638	0.28438729
64.19599824	7.23548222	0.28438729
64.19999824	7.23548222	0.28438729
64.20399824	7.23548222	0.28438729
64.20799824	7.23548222	0.28438729
64.21199824	7.23548222	0.28438729
64.21599824	7.23548222	0.28438729
64.21999824	7.23548222	0.28438729
64.22399824	7.23548222	0.28438729
64.22799824	7.07492638	0.28438729
64.23199824	7.23548222	0.28438729
64.23599824	7.23548222	0.28438729
64.23999824	7.23548222	0.28438729
64.24399824	7.23548222	0.28438729
64.24799824	7.23548222	0.28438729
64.25199824	7.23548222	0.28438729
64.25599824	7.07492638	0.28438729
64.25999824	7.23548222	0.28438729
64.26399824	7.23548222	0.28438729
64.26799824	7.23548222	0.28438729
64.27199824	7.23548222	0.28438729
64.27599824	7.23548222	0.28438729
64.27999824	7.23548222	0.28438729
64.28399824	7.23548222	0.28438729
64.28799824	7.07492638	0.28438729
64.29199824	7.23548222	0.28438729
64.29599824	7.23548222	0.28438729
64.29999824	7.23548222	0.28438729
64.30399824	7.23548222	0.28438729
64.30799824	7.07492638	0.28438729
64.31199824	7.23548222	0.28438729
64.31599824	7.23548222	0.28438729
64.31999824	7.23548222	0.28438729
64.32399823	7.23548222	0.28438729
64.32799823	7.23548222	0.28438729
64.33199823	7.23548222	0.28438729
64.33599823	7.23548222	0.28438729
64.33999823	7.23548222	0.28438729
64.34399823	7.23548222	0.28438729
64.34799823	7.23548222	0.28438729
64.35199823	7.23548222	0.28438729
64.35599823	7.23548222	0.28438729
64.35999823	7.07492638	0.28438729
64.36399823	7.07492638	0.28438729
64.36799823	7.23548222	0.28438729
64.37199823	7.23548222	0.28438729
64.37599823	7.23548222	0.28438729
64.37999823	7.23548222	0.28438729
64.38399823	7.07492638	0.28438729
64.38799823	7.23548222	0.28438729
64.39199823	7.23548222	0.28438729
64.39599823	7.07492638	0.28438729
64.39999823	7.23548222	0.28438729
64.40399823	7.23548222	0.28438729
64.40799823	7.23548222	0.28438729
64.41199823	7.23548222	0.28438729
64.41599823	7.07492638	0.28438729
64.41999823	7.23548222	0.28438729
64.42399823	7.07492638	0.28438729
64.42799823	7.23548222	0.28438729
64.43199823	7.23548222	0.28438729
64.43599823	7.23548222	0.28438729
64.43999823	7.23548222	0.28438729
64.44399823	7.07492638	0.28438729
64.44799823	7.07492638	0.28438729
64.45199823	7.23548222	0.28438729
64.45599823	7.23548222	0.28438729
64.45999823	7.23548222	0.28438729
64.46399823	7.23548222	0.28438729
64.46799823	7.23548222	0.28438729
64.47199823	7.23548222	0.28438729
64.47599823	7.23548222	0.28438729
64.47999823	7.07492638	0.28438729
64.48399823	7.07492638	0.28438729
64.48799823	7.23548222	0.28438729
64.49199823	7.23548222	0.28438729
64.49599823	7.23548222	0.28438729
64.49999823	7.07492638	0.28438729
64.50399823	7.07492638	0.28438729
64.50799823	7.23548222	0.28438729
64.51199823	7.23548222	0.28438729
64.51599823	7.23548222	0.28438729
64.51999823	7.07492638	0.28438729
64.52399823	7.07492638	0.28438729
64.52799823	7.07492638	0.28438729
64.53199823	7.23548222	0.28438729
64.53599823	7.23548222	0.28438729
64.53999823	7.23548222	0.28438729
64.54399823	7.23548222	0.28438729
64.54799823	7.07492638	0.28438729
64.55199823	7.07492638	0.28438729
64.55599823	7.07492638	0.28438729
64.55999823	7.23548222	0.28438729
64.56399823	7.23548222	0.28438729
64.56799823	7.23548222	0.28438729
64.57199823	7.07492638	0.28438729
64.57599823	7.07492638	0.28438729
64.57999823	7.23548222	0.28438729
64.58399823	7.07492638	0.28438729
64.58799823	7.07492638	0.28438729
64.59199823	7.07492638	0.28438729
64.59599823	7.07492638	0.28438729
64.59999823	7.23548222	0.28438729
64.60399823	7.07492638	0.28438729
64.60799823	7.07492638	0.28438729
64.61199823	7.07492638	0.28438729
64.61599823	7.07492638	0.28438729
64.61999823	7.07492638	0.28438729
64.62399823	7.07492638	0.28438729
64.62799823	7.07492638	0.28438729
64.63199823	7.23548222	0.28438729
64.63599823	7.23548222	0.28438729
64.63999823	7.23548222	0.28438729
64.64399823	7.23548222	0.28438729
64.64799823	7.07492638	0.28438729
64.65199823	7.07492638	0.28438729
64.65599823	7.07492638	0.28438729
64.65999823	7.07492638	0.28438729
64.66399823	7.07492638	0.28438729
64.66799823	7.23548222	0.28438729
64.67199823	7.23548222	0.28438729
64.67599823	7.23548222	0.28438729
64.67999822	7.23548222	0.28438729
64.68399822	7.07492638	0.28438729
64.68799822	7.07492638	0.28438729
64.69199822	7.23548222	0.28438729
64.69599822	7.23548222	0.28438729
64.69999822	7.07492638	0.28438729
64.70399822	7.07492638	0.28438729
64.70799822	7.23548222	0.28438729
64.71199822	7.23548222	0.28438729
64.71599822	7.07492638	0.28438729
64.71999822	7.07492638	0.28438729
64.72399822	7.23548222	0.28438729
64.72799822	7.23548222	0.28438729
64.73199822	7.07492638	0.28438729
64.73599822	7.07492638	0.28438729
64.73999822	7.23548222	0.28438729
64.74399822	7.23548222	0.28438729
64.74799822	7.23548222	0.28438729
64.75199822	7.07492638	0.28438729
64.75599822	7.23548222	0.28438729
64.75999822	7.23548222	0.28438729
64.76399822	7.23548222	0.28438729
64.76799822	7.07492638	0.28438729
64.77199822	7.23548222	0.28438729
64.77599822	7.23548222	0.28438729
64.77999822	7.23548222	0.28438729
64.78399822	7.07492638	0.28438729
64.78799822	7.23548222	0.28438729
64.79199822	7.23548222	0.28438729
64.79599822	7.23548222	0.28438729
64.79999822	7.07492638	0.28438729
64.80399822	7.23548222	0.28438729
64.80799822	7.23548222	0.28438729
64.81199822	7.23548222	0.28438729
64.81599822	7.07492638	0.28438729
64.81999822	7.07492638	0.28438729
64.82399822	7.23548222	0.28438729
64.82799822	7.23548222	0.28438729
64.83199822	7.23548222	0.28438729
64.83599822	7.07492638	0.28438729
64.83999822	7.23548222	0.28438729
64.84399822	7.23548222	0.28438729
64.84799822	7.07492638	0.28438729
64.85199822	7.07492638	0.26857775
64.85599822	7.23548222	0.28438729
64.85999822	7.23548222	0.28438729
64.86399822	7.23548222	0.28438729
64.86799822	7.23548222	0.28438729
64.87199822	7.07492638	0.28438729
64.87599822	7.23548222	0.28438729
64.87999822	7.23548222	0.28438729
64.88399822	7.23548222	0.28438729
64.88799822	7.07492638	0.28438729
64.89199822	7.23548222	0.28438729
64.89599822	7.23548222	0.28438729
64.89999822	7.23548222	0.28438729
64.90399822	7.07492638	0.28438729
64.90799822	7.07492638	0.28438729
64.91199822	7.23548222	0.28438729
64.91599822	7.23548222	0.28438729
64.91999822	7.23548222	0.28438729
64.92399822	7.23548222	0.26857775
64.92799822	7.07492638	0.28438729
64.93199822	7.23548222	0.28438729
64.93599822	7.23548222	0.28438729
64.93999822	7.23548222	0.28438729
64.94399822	7.23548222	0.28438729
64.94799822	7.23548222	0.28438729
64.95199822	7.07492638	0.28438729
64.95599822	7.07492638	0.26857775
64.95999822	7.07492638	0.28438729
64.96399822	7.23548222	0.28438729
64.96799822	7.23548222	0.28438729
64.97199822	7.23548222	0.28438729
64.97599822	7.07492638	0.28438729
64.97999822	7.07492638	0.26857775
64.98399822	7.07492638	0.28438729
64.98799822	7.23548222	0.28438729
64.99199822	7.23548222	0.28438729
64.99599822	7.23548222	0.28438729
64.99999822	7.23548222	0.28438729
65.00399822	7.07492638	0.28438729
65.00799822	7.07492638	0.28438729
65.01199822	7.07492638	0.26857775
65.01599822	7.23548222	0.28438729
65.01999822	7.23548222	0.28438729
65.02399822	7.23548222	0.28438729
65.02799822	7.07492638	0.26857775
65.03199821	7.07492638	0.28438729
65.03599821	7.07492638	0.26857775
65.03999821	7.07492638	0.28438729
65.04399821	7.23548222	0.28438729
65.04799821	7.23548222	0.28438729
65.05199821	7.23548222	0.26857775
65.05599821	7.23548222	0.28438729
65.05999821	7.07492638	0.26857775
65.06399821	7.07492638	0.28438729
65.06799821	7.07492638	0.28438729
65.07199821	7.23548222	0.28438729
65.07599821	7.23548222	0.28438729
65.07999821	7.23548222	0.28438729
65.08399821	7.07492638	0.26857775
65.08799821	7.07492638	0.28438729
65.09199821	7.07492638	0.26857775
65.09599821	7.23548222	0.28438729
65.09999821	7.23548222	0.28438729
65.10399821	7.23548222	0.28438729
65.10799821	7.23548222	0.28438729
65.11199821	7.23548222	0.28438729
65.11599821	7.07492638	0.26857775
65.11999821	7.07492638	0.28438729
65.12399821	7.07492638	0.26857775
65.12799821	7.23548222	0.26857775
65.13199821	7.23548222	0.28438729
65.13599821	7.23548222	0.28438729
65.13999821	7.07492638	0.26857775
65.14399821	7.07492638	0.28438729
65.14799821	7.07492638	0.26857775
65.15199821	7.23548222	0.28438729
65.15599821	7.23548222	0.28438729
65.15999821	7.23548222	0.28438729
65.16399821	7.23548222	0.28438729
65.16799821	7.07492638	0.28438729
65.17199821	7.07492638	0.26857775
65.17599821	7.07492638	0.28438729
65.17999821	7.23548222	0.26857775
65.18399821	7.23548222	0.28438729
65.18799821	7.07492638	0.28438729
65.19199821	7.23548222	0.26857775
65.19599821	7.07492638	0.26857775
65.19999821	7.23548222	0.28438729
65.20399821	7.07492638	0.26857775
65.20799821	7.23548222	0.28438729
65.21199821	7.23548222	0.28438729
65.21599821	7.23548222	0.28438729
65.21999821	7.23548222	0.26857775
65.22399821	7.07492638	0.28438729
65.22799821	7.23548222	0.26857775
65.23199821	7.23548222	0.28438729
65.23599821	7.23548222	0.28438729
65.23999821	7.23548222	0.28438729
65.24399821	7.23548222	0.28438729
65.24799821	7.23548222	0.28438729
65.25199821	7.23548222	0.26857775
65.25599821	7.07492638	0.28438729
65.25999821	7.07492638	0.26857775
65.26399821	7.07492638	0.28438729
65.26799821	7.23548222	0.26857775
65.27199821	7.23548222	0.28438729
65.27599821	7.23548222	0.26857775
65.27999821	7.07492638	0.28438729
65.28399821	7.07492638	0.26857775
65.28799821	7.07492638	0.28438729
65.29199821	7.23548222	0.26857775
65.29599821	7.23548222	0.28438729
65.29999821	7.23548222	0.26857775
65.30399821	7.23548222	0.28438729
65.30799821	7.07492638	0.26857775
65.31199821	7.07492638	0.26857775
65.31599821	7.07492638	0.26857775
65.31999821	7.23548222	0.26857775
65.32399821	7.23548222	0.26857775
65.32799821	7.23548222	0.28438729
65.33199821	7.23548222	0.26857775
65.33599821	7.07492638	0.28438729
65.33999821	7.07492638	0.26857775
65.34399821	7.07492638	0.26857775
65.34799821	7.23548222	0.28438729
65.35199821	7.23548222	0.28438729
65.35599821	7.23548222	0.26857775
65.35999821	7.23548222	0.28438729
65.36399821	7.07492638	0.26857775
65.36799821	7.07492638	0.26857775
65.37199821	7.07492638	0.26857775
65.37599821	7.23548222	0.28438729
65.37999821	7.23548222	0.26857775
65.38399820	7.23548222	0.26857775
65.38799820	7.23548222	0.26857775
65.39199820	7.07492638	0.26857775
65.39599820	7.07492638	0.26857775
65.39999820	7.07492638	0.26857775
65.40399820	7.23548222	0.26857775
65.40799820	7.23548222	0.26857775
65.41199820	7.23548222	0.26857775
65.41599820	7.07492638	0.28438729
65.41999820	7.07492638	0.26857775
65.42399820	7.07492638	0.28438729
65.42799820	7.07492638	0.26857775
65.43199820	7.23548222	0.26857775
65.43599820	7.23548222	0.26857775
65.43999820	7.23548222	0.28438729
65.44399820	7.23548222	0.26857775
65.44799820	7.07492638	0.28438729
65.45199820	7.07492638	0.26857775
65.45599820	7.07492638	0.26857775
65.45999820	7.23548222	0.26857775
65.46399820	7.23548222	0.28438729
65.46799820	7.23548222	0.26857775
65.47199820	7.23548222	0.28438729
65.47599820	7.23548222	0.26857775
65.47999820	7.07492638	0.26857775
65.48399820	7.23548222	0.26857775
65.48799820	7.23548222	0.26857775
65.49199820	7.23548222	0.26857775
65.49599820	7.23548222	0.26857775
65.49999820	7.23548222	0.26857775
65.50399820	7.23548222	0.26857775
65.50799820	7.23548222	0.26857775
65.51199820	7.23548222	0.28438729
65.51599820	7.23548222	0.26857775
65.51999820	7.23548222	0.28438729
65.52399820	7.23548222	0.26857775
65.52799820	7.23548222	0.26857775
65.53199820	7.07492638	0.26857775
65.53599820	7.23548222	0.26857775
65.53999820	7.23548222	0.26857775
65.54399820	7.23548222	0.26857775
65.54799820	7.23548222	0.26857775
65.55199820	7.23548222	0.26857775
65.55599820	7.23548222	0.26857775
65.55999820	7.23548222	0.26857775
65.56399820	7.07492638	0.26857775
65.56799820	7.23548222	0.26857775
65.57199820	7.23548222	0.26857775
65.57599820	7.23548222	0.26857775
65.57999820	7.23548222	0.26857775
65.58399820	7.07492638	0.26857775
65.58799820	7.07492638	0.26857775
65.59199820	7.07492638	0.26857775
65.59599820	7.23548222	0.26857775
65.59999820	7.23548222	0.26857775
65.60399820	7.07492638	0.26857775
65.60799820	7.07492638	0.26857775
65.61199820	7.23548222	0.26857775
65.61599820	7.23548222	0.26857775
65.61999820	7.23548222	0.26857775
65.62399820	7.23548222	0.26857775
65.62799820	7.23548222	0.26857775
65.63199820	7.23548222	0.26857775
65.63599820	7.23548222	0.26857775
65.63999820	7.07492638	0.26857775
65.64399820	7.07492638	0.26857775
65.64799820	7.23548222	0.26857775
65.65199820	7.23548222	0.26857775
65.65599820	7.23548222	0.26857775
65.65999820	7.23548222	0.26857775
65.66399820	7.23548222	0.26857775
65.66799820	7.23548222	0.26857775
65.67199820	7.23548222	0.26857775
65.67599820	7.23548222	0.26857775
65.67999820	7.23548222	0.26857775
65.68399820	7.23548222	0.26857775
65.68799820	7.07492638	0.26857775
65.69199820	7.07492638	0.26857775
65.69599820	7.23548222	0.26857775
65.69999820	7.23548222	0.26857775
65.70399820	7.23548222	0.26857775
65.70799820	7.23548222	0.26857775
65.71199820	7.23548222	0.26857775
65.71599820	7.23548222	0.26857775
65.71999820	7.23548222	0.26857775
65.72399820	7.23548222	0.26857775
65.72799820	7.23548222	0.26857775
65.73199820	7.23548222	0.26857775
65.73599820	7.23548222	0.26857775
65.73999819	7.23548222	0.26857775
65.74399819	7.07492638	0.26857775
65.74799819	7.07492638	0.26857775
65.75199819	7.07492638	0.26857775
65.75599819	7.23548222	0.26857775
65.75999819	7.23548222	0.26857775
65.76399819	7.07492638	0.26857775
65.76799819	7.23548222	0.26857775
65.77199819	7.23548222	0.26857775
65.77599819	7.23548222	0.26857775
65.77999819	7.07492638	0.26857775
65.78399819	7.07492638	0.26857775
65.78799819	7.07492638	0.26857775
65.79199819	7.23548222	0.26857775
65.79599819	7.23548222	0.26857775
65.79999819	7.07492638	0.26857775
65.80399819	7.07492638	0.26857775
65.80799819	7.23548222	0.26857775
65.81199819	7.23548222	0.26857775
65.81599819	7.23548222	0.26857775
65.81999819	7.07492638	0.26857775
65.82399819	7.23548222	0.26857775
65.82799819	7.07492638	0.26857775
65.83199819	7.23548222	0.26857775
65.83599819	7.07492638	0.26857775
65.83999819	7.23548222	0.26857775
65.84399819	7.23548222	0.26857775
65.84799819	7.23548222	0.26857775
65.85199819	7.07492638	0.26857775
65.85599819	7.07492638	0.26857775
65.85999819	7.07492638	0.26857775
65.86399819	7.23548222	0.26857775
65.86799819	7.07492638	0.26857775
65.87199819	7.07492638	0.26857775
65.87599819	7.07492638	0.26857775
65.87999819	7.07492638	0.26857775
65.88399819	7.07492638	0.26857775
65.88799819	7.07492638	0.26857775
65.89199819	7.23548222	0.26857775
65.89599819	7.07492638	0.26857775
65.89999819	7.07492638	0.26857775
65.90399819	7.07492638	0.26857775
65.90799819	7.07492638	0.26857775
65.91199819	7.23548222	0.26857775
65.91599819	7.23548222	0.26857775
65.91999819	7.23548222	0.26857775
65.92399819	7.07492638	0.26857775
65.92799819	7.07492638	0.26857775
65.93199819	7.07492638	0.26857775
65.93599819	7.07492638	0.26857775
65.93999819	7.07492638	0.26857775
65.94399819	7.23548222	0.26857775
65.94799819	7.23548222	0.26857775
65.95199819	7.23548222	0.26857775
65.95599819	7.07492638	0.26857775
65.95999819	7.07492638	0.26857775
65.96399819	7.07492638	0.26857775
65.96799819	7.07492638	0.26857775
65.97199819	7.07492638	0.26857775
65.97599819	7.23548222	0.26857775
65.97999819	7.23548222	0.26857775
65.98399819	7.07492638	0.26857775
65.98799819	7.07492638	0.26857775
65.99199819	7.07492638	0.26857775
65.99599819	7.07492638	0.26857775
65.99999819	7.23548222	0.26857775
66.00399819	7.23548222	0.26857775
66.00799819	7.23548222	0.26857775
66.01199819	7.07492638	0.26857775
66.01599819	6.91437006	0.26857775
66.01999819	7.07492638	0.26857775
66.02399819	7.23548222	0.26857775
66.02799819	7.23548222	0.26857775
66.03199819	7.07492638	0.26857775
66.03599819	7.07492638	0.26857775
66.03999819	7.07492638	0.26857775
66.04399819	7.07492638	0.26857775
66.04799819	7.07492638	0.26857775
66.05199819	7.07492638	0.26857775
66.05599819	7.23548222	0.26857775
66.05999819	7.23548222	0.26857775
66.06399819	7.07492638	0.26857775
66.06799819	6.91437006	0.26857775
66.07199819	7.07492638	0.26857775
66.07599819	7.07492638	0.26857775
66.07999819	7.23548222	0.26857775
66.08399819	7.07492638	0.26857775
66.08799819	7.07492638	0.26857775
66.09199818	7.07492638	0.26857775
66.09599818	7.07492638	0.26857775
66.09999818	7.07492638	0.26857775
66.10399818	7.07492638	0.26857775
66.10799818	7.07492638	0.26857775
66.11199818	7.07492638	0.26857775
66.11599818	7.07492638	0.26857775
66.11999818	7.07492638	0.26857775
66.12399818	7.07492638	0.26857775
66.12799818	7.07492638	0.26857775
66.13199818	7.07492638	0.26857775
66.13599818	7.07492638	0.26857775
66.13999818	7.07492638	0.26857775
66.14399818	7.07492638	0.26857775
66.14799818	7.07492638	0.26857775
66.15199818	7.07492638	0.26857775
66.15599818	7.07492638	0.26857775
66.15999818	7.07492638	0.26857775
66.16399818	7.07492638	0.26857775
66.16799818	7.07492638	0.26857775
66.17199818	7.07492638	0.26857775
66.17599818	7.07492638	0.26857775
66.17999818	7.07492638	0.26857775
66.18399818	7.07492638	0.26857775
66.18799818	7.07492638	0.26857775
66.19199818	7.07492638	0.26857775
66.19599818	7.07492638	0.26857775
66.19999818	7.07492638	0.26857775
66.20399818	7.07492638	0.26857775
66.20799818	7.07492638	0.26857775
66.21199818	7.07492638	0.26857775
66.21599818	7.07492638	0.26857775
66.21999818	7.07492638	0.26857775
66.22399818	7.07492638	0.26857775
66.22799818	7.07492638	0.26857775
66.23199818	7.07492638	0.26857775
66.23599818	7.07492638	0.26857775
66.23999818	7.07492638	0.26857775
66.24399818	7.07492638	0.26857775
66.24799818	7.07492638	0.26857775
66.25199818	7.07492638	0.26857775
66.25599818	7.07492638	0.26857775
66.25999818	7.07492638	0.26857775
66.26399818	7.07492638	0.26857775
66.26799818	7.07492638	0.26857775
66.27199818	7.07492638	0.26857775
66.27599818	7.23548222	0.26857775
66.27999818	7.07492638	0.26857775
66.28399818	7.07492638	0.26857775
66.28799818	7.07492638	0.26857775
66.29199818	7.23548222	0.26857775
66.29599818	7.23548222	0.26857775
66.29999818	7.07492638	0.26857775
66.30399818	7.07492638	0.26857775
66.30799818	7.07492638	0.26857775
66.31199818	7.23548222	0.26857775
66.31599818	7.07492638	0.26857775
66.31999818	7.07492638	0.26857775
66.32399818	7.07492638	0.26857775
66.32799818	7.23548222	0.26857775
66.33199818	7.23548222	0.26857775
66.33599818	7.07492638	0.26857775
66.33999818	7.07492638	0.26857775
66.34399818	7.07492638	0.26857775
66.34799818	7.23548222	0.26857775
66.35199818	7.07492638	0.26857775
66.35599818	7.07492638	0.26857775
66.35999818	7.07492638	0.26857775
66.36399818	7.23548222	0.26857775
66.36799818	7.07492638	0.26857775
66.37199818	7.07492638	0.26857775
66.37599818	7.07492638	0.26857775
66.37999818	7.23548222	0.26857775
66.38399818	7.23548222	0.26857775
66.38799818	7.07492638	0.26857775
66.39199818	7.07492638	0.26857775
66.39599818	7.07492638	0.26857775
66.39999818	7.23548222	0.26857775
66.40399818	7.07492638	0.26857775
66.40799818	7.07492638	0.26857775
66.41199818	7.07492638	0.26857775
66.41599818	7.23548222	0.26857775
66.41999818	7.07492638	0.26857775
66.42399818	7.07492638	0.26857775
66.42799818	7.07492638	0.26857775
66.43199818	7.23548222	0.26857775
66.43599818	7.23548222	0.26857775
66.43999818	7.07492638	0.26857775
66.44399818	7.07492638	0.26857775
66.44799817	7.07492638	0.26857775
66.45199817	7.23548222	0.26857775
66.45599817	7.23548222	0.26857775
66.45999817	7.07492638	0.26857775
66.46399817	7.07492638	0.26857775
66.46799817	7.07492638	0.26857775
66.47199817	7.07492638	0.26857775
66.47599817	7.07492638	0.26857775
66.47999817	7.07492638	0.26857775
66.48399817	7.07492638	0.26857775
66.48799817	7.23548222	0.26857775
66.49199817	7.07492638	0.26857775
66.49599817	7.07492638	0.26857775
66.49999817	7.07492638	0.26857775
66.50399817	7.07492638	0.26857775
66.50799817	7.07492638	0.26857775
66.51199817	7.23548222	0.26857775
66.51599817	7.23548222	0.26857775
66.51999817	7.07492638	0.26857775
66.52399817	7.07492638	0.26857775
66.52799817	7.07492638	0.26857775
66.53199817	7.07492638	0.26857775
66.53599817	7.23548222	0.26857775
66.53999817	7.23548222	0.26857775
66.54399817	7.07492638	0.26857775
66.54799817	7.07492638	0.26857775
66.55199817	7.07492638	0.26857775
66.55599817	7.07492638	0.26857775
66.55999817	7.07492638	0.26857775
66.56399817	7.07492638	0.26857775
66.56799817	7.07492638	0.26857775
66.57199817	7.07492638	0.26857775
66.57599817	7.07492638	0.26857775
66.57999817	7.07492638	0.26857775
66.58399817	7.07492638	0.26857775
66.58799817	7.07492638	0.26857775
66.59199817	7.23548222	0.26857775
66.59599817	7.07492638	0.26857775
66.59999817	7.07492638	0.26857775
66.60399817	7.07492638	0.26857775
66.60799817	7.07492638	0.26857775
66.61199817	7.23548222	0.26857775
66.61599817	7.07492638	0.26857775
66.61999817	7.07492638	0.26857775
66.62399817	7.07492638	0.26857775
66.62799817	7.07492638	0.26857775
66.63199817	7.07492638	0.26857775
66.63599817	7.07492638	0.26857775
66.63999817	7.07492638	0.26857775
66.64399817	7.07492638	0.26857775
66.64799817	7.07492638	0.26857775
66.65199817	7.07492638	0.26857775
66.65599817	7.07492638	0.26857775
66.65999817	7.07492638	0.25276822
66.66399817	7.07492638	0.26857775
66.66799817	7.23548222	0.26857775
66.67199817	7.23548222	0.26857775
66.67599817	7.07492638	0.25276822
66.67999817	7.07492638	0.26857775
66.68399817	7.07492638	0.25276822
66.68799817	7.07492638	0.26857775
66.69199817	7.07492638	0.26857775
66.69599817	7.23548222	0.26857775
66.69999817	7.23548222	0.26857775
66.70399817	7.07492638	0.26857775
66.70799817	7.07492638	0.26857775
66.71199817	7.07492638	0.26857775
66.71599817	7.07492638	0.26857775
66.71999817	7.07492638	0.26857775
66.72399817	7.07492638	0.26857775
66.72799817	7.07492638	0.26857775
66.73199817	7.23548222	0.26857775
66.73599817	7.23548222	0.26857775
66.73999817	7.07492638	0.26857775
66.74399817	7.07492638	0.26857775
66.74799817	7.07492638	0.26857775
66.75199817	7.07492638	0.26857775
66.75599817	7.07492638	0.26857775
66.75999817	7.23548222	0.26857775
66.76399817	7.23548222	0.26857775
66.76799817	7.23548222	0.26857775
66.77199817	7.07492638	0.26857775
66.77599817	7.07492638	0.26857775
66.77999817	7.07492638	0.25276822
66.78399817	7.23548222	0.26857775
66.78799817	7.23548222	0.26857775
66.79199817	7.07492638	0.26857775
66.79599817	7.07492638	0.25276822
66.79999816	7.07492638	0.26857775
66.80399816	7.07492638	0.26857775
66.80799816	7.07492638	0.26857775
66.81199816	7.07492638	0.26857775
66.81599816	7.23548222	0.26857775
66.81999816	7.23548222	0.26857775
66.82399816	7.07492638	0.26857775
66.82799816	7.07492638	0.26857775
66.83199816	7.07492638	0.26857775
66.83599816	7.07492638	0.26857775
66.83999816	7.23548222	0.26857775
66.84399816	7.23548222	0.26857775
66.84799816	7.23548222	0.26857775
66.85199816	7.07492638	0.26857775
66.85599816	7.07492638	0.26857775
66.85999816	7.07492638	0.26857775
66.86399816	7.07492638	0.26857775
66.86799816	7.07492638	0.25276822
66.87199816	7.23548222	0.26857775
66.87599816	7.23548222	0.26857775
66.87999816	7.07492638	0.26857775
66.88399816	7.07492638	0.26857775
66.88799816	7.07492638	0.26857775
66.89199816	7.07492638	0.25276822
66.89599816	7.23548222	0.26857775
66.89999816	7.23548222	0.25276822
66.90399816	7.07492638	0.26857775
66.90799816	7.07492638	0.26857775
66.91199816	7.07492638	0.26857775
66.91599816	7.07492638	0.26857775
66.91999816	7.07492638	0.26857775
66.92399816	7.23548222	0.26857775
66.92799816	7.23548222	0.26857775
66.93199816	7.23548222	0.26857775
66.93599816	7.07492638	0.26857775
66.93999816	7.07492638	0.25276822
66.94399816	7.07492638	0.26857775
66.94799816	7.23548222	0.25276822
66.95199816	7.23548222	0.26857775
66.95599816	7.07492638	0.25276822
66.95999816	7.07492638	0.26857775
66.96399816	7.23548222	0.26857775
66.96799816	7.07492638	0.26857775
66.97199816	7.07492638	0.26857775
66.97599816	7.07492638	0.26857775
66.97999816	7.23548222	0.25276822
66.98399816	7.23548222	0.26857775
66.98799816	7.07492638	0.26857775
66.99199816	7.07492638	0.26857775
66.99599816	7.07492638	0.25276822
66.99999816	7.23548222	0.26857775
67.00399816	7.23548222	0.26857775
67.00799816	7.07492638	0.26857775
67.01199816	7.07492638	0.26857775
67.01599816	7.23548222	0.26857775
67.01999816	7.07492638	0.25276822
67.02399816	7.07492638	0.26857775
67.02799816	7.07492638	0.25276822
67.03199816	7.23548222	0.26857775
67.03599816	7.23548222	0.25276822
67.03999816	7.07492638	0.26857775
67.04399816	7.07492638	0.25276822
67.04799816	7.23548222	0.25276822
67.05199816	7.23548222	0.25276822
67.05599816	7.07492638	0.26857775
67.05999816	7.07492638	0.25276822
67.06399816	7.07492638	0.25276822
67.06799816	7.07492638	0.25276822
67.07199816	7.23548222	0.26857775
67.07599816	7.07492638	0.26857775
67.07999816	7.23548222	0.26857775
67.08399816	7.23548222	0.25276822
67.08799816	7.07492638	0.26857775
67.09199816	7.07492638	0.25276822
67.09599816	7.07492638	0.26857775
67.09999816	7.23548222	0.26857775
67.10399816	7.23548222	0.26857775
67.10799816	7.07492638	0.26857775
67.11199816	7.07492638	0.25276822
67.11599816	7.07492638	0.25276822
67.11999816	7.23548222	0.26857775
67.12399816	7.07492638	0.26857775
67.12799816	7.07492638	0.25276822
67.13199816	7.23548222	0.25276822
67.13599816	7.23548222	0.26857775
67.13999816	7.23548222	0.26857775
67.14399816	7.07492638	0.26857775
67.14799816	7.07492638	0.25276822
67.15199815	7.07492638	0.26857775
67.15599815	7.07492638	0.25276822
67.15999815	7.07492638	0.26857775
67.16399815	7.23548222	0.25276822
67.16799815	7.23548222	0.26857775
67.17199815	7.07492638	0.25276822
67.17599815	7.07492638	0.26857775
67.17999815	7.07492638	0.25276822
67.18399815	7.23548222	0.26857775
67.18799815	7.23548222	0.25276822
67.19199815	7.23548222	0.26857775
67.19599815	7.07492638	0.25276822
67.19999815	7.07492638	0.26857775
67.20399815	7.07492638	0.25276822
67.20799815	7.23548222	0.25276822
67.21199815	7.23548222	0.25276822
67.21599815	7.23548222	0.25276822
67.21999815	7.23548222	0.25276822
67.22399815	7.23548222	0.25276822
67.22799815	7.07492638	0.25276822
67.23199815	7.07492638	0.25276822
67.23599815	7.07492638	0.25276822
67.23999815	7.23548222	0.25276822
67.24399815	7.23548222	0.25276822
67.24799815	7.23548222	0.26857775
67.25199815	7.07492638	0.25276822
67.25599815	7.07492638	0.25276822
67.25999815	7.23548222	0.25276822
67.26399815	7.23548222	0.25276822
67.26799815	7.23548222	0.25276822
67.27199815	7.23548222	0.26857775
67.27599815	7.23548222	0.25276822
67.27999815	7.23548222	0.26857775
67.28399815	7.07492638	0.25276822
67.28799815	7.07492638	0.25276822
67.29199815	7.23548222	0.25276822
67.29599815	7.23548222	0.25276822
67.29999815	7.23548222	0.25276822
67.30399815	7.23548222	0.25276822
67.30799815	7.07492638	0.25276822
67.31199815	7.23548222	0.25276822
67.31599815	7.23548222	0.25276822
67.31999815	7.23548222	0.25276822
67.32399815	7.23548222	0.25276822
67.32799815	7.23548222	0.26857775
67.33199815	7.23548222	0.25276822
67.33599815	7.07492638	0.25276822
67.33999815	7.07492638	0.25276822
67.34399815	7.23548222	0.26857775
67.34799815	7.23548222	0.25276822
67.35199815	7.23548222	0.26857775
67.35599815	7.07492638	0.25276822
67.35999815	7.23548222	0.25276822
67.36399815	7.23548222	0.25276822
67.36799815	7.23548222	0.26857775
67.37199815	7.23548222	0.25276822
67.37599815	7.23548222	0.25276822
67.37999815	7.23548222	0.25276822
67.38399815	7.23548222	0.25276822
67.38799815	7.23548222	0.25276822
67.39199815	7.07492638	0.25276822
67.39599815	7.23548222	0.25276822
67.39999815	7.23548222	0.25276822
67.40399815	7.23548222	0.25276822
67.40799815	7.23548222	0.25276822
67.41199815	7.23548222	0.25276822
67.41599815	7.23548222	0.25276822
67.41999815	7.23548222	0.25276822
67.42399815	7.23548222	0.25276822
67.42799815	7.23548222	0.25276822
67.43199815	7.23548222	0.25276822
67.43599815	7.23548222	0.25276822
67.43999815	7.23548222	0.25276822
67.44399815	7.23548222	0.25276822
67.44799815	7.23548222	0.25276822
67.45199815	7.23548222	0.25276822
67.45599815	7.23548222	0.25276822
67.45999815	7.23548222	0.25276822
67.46399815	7.23548222	0.26857775
67.46799815	7.23548222	0.25276822
67.47199815	7.23548222	0.26857775
67.47599815	7.23548222	0.25276822
67.47999815	7.07492638	0.25276822
67.48399815	7.23548222	0.25276822
67.48799815	7.23548222	0.25276822
67.49199815	7.23548222	0.25276822
67.49599815	7.07492638	0.25276822
67.49999815	7.07492638	0.25276822
67.50399815	7.23548222	0.25276822
67.50799814	7.23548222	0.25276822
67.51199814	7.23548222	0.25276822
67.51599814	7.23548222	0.25276822
67.51999814	7.23548222	0.25276822
67.52399814	7.23548222	0.25276822
67.52799814	7.23548222	0.25276822
67.53199814	7.23548222	0.25276822
67.53599814	7.23548222	0.25276822
67.53999814	7.39665365	0.25276822
67.54399814	7.23548222	0.26857775
67.54799814	7.07492638	0.25276822
67.55199814	7.07492638	0.25276822
67.55599814	7.23548222	0.25276822
67.55999814	7.23548222	0.25276822
67.56399814	7.23548222	0.25276822
67.56799814	7.23548222	0.25276822
67.57199814	7.23548222	0.25276822
67.57599814	7.23548222	0.25276822
67.57999814	7.23548222	0.25276822
67.58399814	7.07492638	0.25276822
67.58799814	7.07492638	0.26857775
67.59199814	7.23548222	0.25276822
67.59599814	7.23548222	0.25276822
67.59999814	7.23548222	0.26857775
67.60399814	7.23548222	0.25276822
67.60799814	7.23548222	0.25276822
67.61199814	7.23548222	0.25276822
67.61599814	7.23548222	0.25276822
67.61999814	7.07492638	0.25276822
67.62399814	7.23548222	0.25276822
67.62799814	7.23548222	0.25276822
67.63199814	7.23548222	0.25276822
67.63599814	7.07492638	0.25276822
67.63999814	7.07492638	0.25276822
67.64399814	7.23548222	0.25276822
67.64799814	7.39665365	0.26857775
67.65199814	7.23548222	0.25276822
67.65599814	7.07492638	0.26857775
67.65999814	7.23548222	0.25276822
67.66399814	7.23548222	0.26857775
67.66799814	7.23548222	0.25276822
67.67199814	7.23548222	0.25276822
67.67599814	7.23548222	0.25276822
67.67999814	7.23548222	0.25276822
67.68399814	7.23548222	0.25276822
67.68799814	7.07492638	0.25276822
67.69199814	7.07492638	0.25276822
67.69599814	7.23548222	0.25276822
67.69999814	7.23548222	0.25276822
67.70399814	7.23548222	0.25276822
67.70799814	7.23548222	0.25276822
67.71199814	7.23548222	0.25276822
67.71599814	7.07492638	0.25276822
67.71999814	7.07492638	0.25276822
67.72399814	7.23548222	0.25276822
67.72799814	7.23548222	0.25276822
67.73199814	7.23548222	0.25276822
67.73599814	7.23548222	0.25276822
67.73999814	7.07492638	0.25276822
67.74399814	7.07492638	0.25276822
67.74799814	7.23548222	0.25276822
67.75199814	7.23548222	0.25276822
67.75599814	7.23548222	0.25276822
67.75999814	7.07492638	0.25276822
67.76399814	7.07492638	0.25276822
67.76799814	7.23548222	0.25276822
67.77199814	7.07492638	0.25276822
67.77599814	7.07492638	0.25276822
67.77999814	7.23548222	0.25276822
67.78399814	7.23548222	0.25276822
67.78799814	7.23548222	0.25276822
67.79199814	7.07492638	0.25276822
67.79599814	7.07492638	0.25276822
67.79999814	7.23548222	0.25276822
67.80399814	7.23548222	0.25276822
67.80799814	7.23548222	0.25276822
67.81199814	7.07492638	0.25276822
67.81599814	7.23548222	0.25276822
67.81999814	7.23548222	0.25276822
67.82399814	7.23548222	0.25276822
67.82799814	7.07492638	0.25276822
67.83199814	7.23548222	0.25276822
67.83599814	7.23548222	0.25276822
67.83999814	7.23548222	0.25276822
67.84399814	7.07492638	0.25276822
67.84799814	7.07492638	0.25276822
67.85199814	7.23548222	0.25276822
67.85599814	7.23548222	0.25276822
67.85999813	7.07492638	0.25276822
67.86399813	7.23548222	0.25276822
67.86799813	7.23548222	0.25276822
67.87199813	7.23548222	0.25276822
67.87599813	7.07492638	0.25276822
67.87999813	7.07492638	0.25276822
67.88399813	7.23548222	0.25276822
67.88799813	7.23548222	0.25276822
67.89199813	7.23548222	0.25276822
67.89599813	7.07492638	0.25276822
67.89999813	7.23548222	0.25276822
67.90399813	7.23548222	0.25276822
67.90799813	7.23548222	0.25276822
67.91199813	7.23548222	0.25276822
67.91599813	7.23548222	0.25276822
67.91999813	7.23548222	0.25276822
67.92399813	7.23548222	0.25276822
67.92799813	7.23548222	0.25276822
67.93199813	7.07492638	0.25276822
67.93599813	7.23548222	0.25276822
67.93999813	7.23548222	0.25276822
67.94399813	7.23548222	0.25276822
67.94799813	7.23548222	0.25276822
67.95199813	7.07492638	0.25276822
67.95599813	7.23548222	0.25276822
67.95999813	7.23548222	0.25276822
67.96399813	7.07492638	0.25276822
67.96799813	7.23548222	0.25276822
67.97199813	7.23548222	0.25276822
67.97599813	7.23548222	0.25276822
67.97999813	7.23548222	0.25276822
67.98399813	7.07492638	0.25276822
67.98799813	7.07492638	0.25276822
67.99199813	7.23548222	0.25276822
67.99599813	7.23548222	0.25276822
67.99999813	7.23548222	0.25276822
68.00399813	7.23548222	0.25276822
68.00799813	7.23548222	0.25276822
68.01199813	7.07492638	0.25276822
68.01599813	7.07492638	0.25276822
68.01999813	7.23548222	0.25276822
68.02399813	7.23548222	0.25276822
68.02799813	7.23548222	0.25276822
68.03199813	7.23548222	0.25276822
68.03599813	7.23548222	0.25276822
68.03999813	7.07492638	0.25276822
68.04399813	7.23548222	0.25276822
68.04799813	7.23548222	0.25276822
68.05199813	7.23548222	0.25276822
68.05599813	7.23548222	0.25276822
68.05999813	7.07492638	0.25276822
68.06399813	7.23548222	0.25276822
68.06799813	7.07492638	0.25276822
68.07199813	7.23548222	0.25276822
68.07599813	7.23548222	0.25276822
68.07999813	7.23548222	0.25276822
68.08399813	7.23548222	0.25276822
68.08799813	7.23548222	0.25276822
68.09199813	7.23548222	0.25276822
68.09599813	7.07492638	0.25276822
68.09999813	7.23548222	0.25276822
68.10399813	7.23548222	0.25276822
68.10799813	7.23548222	0.25276822
68.11199813	7.23548222	0.25276822
68.11599813	7.07492638	0.25276822
68.11999813	7.07492638	0.25276822
68.12399813	7.23548222	0.25276822
68.12799813	7.23548222	0.25276822
68.13199813	7.23548222	0.25276822
68.13599813	7.23548222	0.25276822
68.13999813	7.23548222	0.25276822
68.14399813	7.23548222	0.25276822
68.14799813	7.07492638	0.25276822
68.15199813	7.23548222	0.25276822
68.15599813	7.23548222	0.25276822
68.15999813	7.23548222	0.25276822
68.16399813	7.23548222	0.25276822
68.16799813	7.23548222	0.25276822
68.17199813	7.07492638	0.25276822
68.17599813	7.07492638	0.25276822
68.17999813	7.23548222	0.25276822
68.18399813	7.23548222	0.25276822
68.18799813	7.23548222	0.25276822
68.19199813	7.23548222	0.25276822
68.19599813	7.23548222	0.25276822
68.19999813	7.07492638	0.25276822
68.20399813	7.07492638	0.25276822
68.20799813	7.23548222	0.25276822
68.21199813	7.23548222	0.25276822
68.21599812	7.23548222	0.25276822
68.21999812	7.07492638	0.25276822
68.22399812	7.07492638	0.25276822
68.22799812	7.07492638	0.25276822
68.23199812	7.23548222	0.25276822
68.23599812	7.07492638	0.25276822
68.23999812	7.23548222	0.25276822
68.24399812	7.23548222	0.25276822
68.24799812	7.23548222	0.25276822
68.25199812	7.07492638	0.25276822
68.25599812	7.07492638	0.25276822
68.25999812	7.07492638	0.25276822
68.26399812	7.23548222	0.25276822
68.26799812	7.23548222	0.25276822
68.27199812	7.07492638	0.25276822
68.27599812	7.07492638	0.25276822
68.27999812	7.07492638	0.25276822
68.28399812	7.07492638	0.25276822
68.28799812	7.23548222	0.25276822
68.29199812	7.23548222	0.25276822
68.29599812	7.23548222	0.25276822
68.29999812	7.23548222	0.25276822
68.30399812	7.07492638	0.25276822
68.30799812	7.07492638	0.25276822
68.31199812	7.07492638	0.25276822
68.31599812	7.23548222	0.25276822
68.31999812	7.23548222	0.25276822
68.32399812	7.23548222	0.25276822
68.32799812	7.23548222	0.25276822
68.33199812	7.23548222	0.25276822
68.33599812	7.07492638	0.25276822
68.33999812	7.07492638	0.25276822
68.34399812	7.23548222	0.25276822
68.34799812	7.23548222	0.25276822
68.35199812	7.23548222	0.25276822
68.35599812	7.07492638	0.25276822
68.35999812	7.07492638	0.25276822
68.36399812	7.07492638	0.25276822
68.36799812	7.07492638	0.25276822
68.37199812	7.23548222	0.25276822
68.37599812	7.23548222	0.25276822
68.37999812	7.23548222	0.25276822
68.38399812	7.23548222	0.25276822
68.38799812	7.07492638	0.25276822
68.39199812	7.07492638	0.25276822
68.39599812	7.23548222	0.25276822
68.39999812	7.23548222	0.25276822
68.40399812	7.23548222	0.25276822
68.40799812	7.07492638	0.25276822
68.41199812	7.07492638	0.25276822
68.41599812	7.23548222	0.25276822
68.41999812	7.23548222	0.25276822
68.42399812	7.07492638	0.25276822
68.42799812	7.07492638	0.25276822
68.43199812	7.23548222	0.25276822
68.43599812	7.23548222	0.25276822
68.43999812	7.23548222	0.25276822
68.44399812	7.07492638	0.25276822
68.44799812	7.07492638	0.25276822
68.45199812	7.23548222	0.25276822
68.45599812	7.23548222	0.25276822
68.45999812	7.23548222	0.25276822
68.46399812	7.07492638	0.25276822
68.46799812	7.07492638	0.25276822
68.47199812	7.23548222	0.25276822
68.47599812	7.23548222	0.25276822
68.47999812	7.23548222	0.25276822
68.48399812	7.23548222	0.25276822
68.48799812	7.23548222	0.25276822
68.49199812	7.07492638	0.25276822
68.49599812	7.07492638	0.25276822
68.49999812	7.23548222	0.25276822
68.50399812	7.23548222	0.25276822
68.50799812	7.23548222	0.25276822
68.51199812	7.07492638	0.25276822
68.51599812	7.07492638	0.25276822
68.51999812	7.23548222	0.25276822
68.52399812	7.23548222	0.25276822
68.52799812	7.07492638	0.25276822
68.53199812	7.23548222	0.25276822
68.53599812	7.23548222	0.25276822
68.53999812	7.23548222	0.25276822
68.54399812	7.07492638	0.25276822
68.54799812	7.07492638	0.25276822
68.55199812	7.23548222	0.25276822
68.55599812	7.23548222	0.25276822
68.55999812	7.23548222	0.25276822
68.56399812	7.07492638	0.25276822
68.56799811	7.07492638	0.25276822
68.57199811	7.23548222	0.23695867
68.57599811	7.23548222	0.25276822
68.57999811	7.23548222	0.25276822
68.58399811	7.23548222	0.25276822
68.58799811	7.23548222	0.25276822
68.59199811	7.07492638	0.25276822
68.59599811	7.07492638	0.25276822
68.59999811	7.07492638	0.25276822
68.60399811	7.23548222	0.25276822
68.60799811	7.23548222	0.25276822
68.61199811	7.23548222	0.25276822
68.61599811	7.23548222	0.25276822
68.61999811	7.07492638	0.25276822
68.62399811	7.07492638	0.25276822
68.62799811	7.23548222	0.25276822
68.63199811	7.23548222	0.25276822
68.63599811	7.23548222	0.25276822
68.63999811	7.23548222	0.25276822
68.64399811	7.23548222	0.25276822
68.64799811	7.23548222	0.25276822
68.65199811	7.07492638	0.25276822
68.65599811	7.23548222	0.25276822
68.65999811	7.23548222	0.25276822
68.66399811	7.23548222	0.25276822
68.66799811	7.23548222	0.25276822
68.67199811	7.23548222	0.25276822
68.67599811	7.23548222	0.25276822
68.67999811	7.07492638	0.25276822
68.68399811	7.07492638	0.25276822
68.68799811	7.23548222	0.25276822
68.69199811	7.23548222	0.25276822
68.69599811	7.23548222	0.25276822
68.69999811	7.23548222	0.25276822
68.70399811	7.07492638	0.25276822
68.70799811	7.23548222	0.25276822
68.71199811	7.23548222	0.25276822
68.71599811	7.23548222	0.25276822
68.71999811	7.23548222	0.25276822
68.72399811	7.23548222	0.25276822
68.72799811	7.23548222	0.25276822
68.73199811	7.23548222	0.25276822
68.73599811	7.07492638	0.25276822
68.73999811	7.23548222	0.25276822
68.74399811	7.23548222	0.25276822
68.74799811	7.23548222	0.25276822
68.75199811	7.23548222	0.25276822
68.75599811	7.07492638	0.23695867
68.75999811	7.23548222	0.25276822
68.76399811	7.23548222	0.25276822
68.76799811	7.23548222	0.25276822
68.77199811	7.23548222	0.25276822
68.77599811	7.23548222	0.25276822
68.77999811	7.23548222	0.25276822
68.78399811	7.07492638	0.25276822
68.78799811	7.23548222	0.25276822
68.79199811	7.23548222	0.25276822
68.79599811	7.23548222	0.23695867
68.79999811	7.23548222	0.25276822
68.80399811	7.23548222	0.25276822
68.80799811	7.23548222	0.25276822
68.81199811	7.07492638	0.25276822
68.81599811	7.07492638	0.25276822
68.81999811	7.23548222	0.25276822
68.82399811	7.23548222	0.25276822
68.82799811	7.23548222	0.25276822
68.83199811	7.23548222	0.25276822
68.83599811	7.23548222	0.25276822
68.83999811	7.23548222	0.25276822
68.84399811	7.07492638	0.23695867
68.84799811	7.07492638	0.25276822
68.85199811	7.23548222	0.23695867
68.85599811	7.23548222	0.25276822
68.85999811	7.23548222	0.25276822
68.86399811	7.07492638	0.25276822
68.86799811	7.07492638	0.25276822
68.87199811	7.23548222	0.25276822
68.87599811	7.23548222	0.25276822
68.87999811	7.23548222	0.25276822
68.88399811	7.23548222	0.25276822
68.88799811	7.23548222	0.25276822
68.89199811	7.23548222	0.25276822
68.89599811	7.23548222	0.25276822
68.89999811	7.07492638	0.25276822
68.90399811	7.23548222	0.25276822
68.90799811	7.23548222	0.25276822
68.91199811	7.23548222	0.25276822
68.91599811	7.07492638	0.25276822
68.91999810	7.07492638	0.25276822
68.92399810	7.23548222	0.25276822
68.92799810	7.23548222	0.25276822
68.93199810	7.07492638	0.25276822
68.93599810	7.23548222	0.25276822
68.93999810	7.23548222	0.25276822
68.94399810	7.23548222	0.25276822
68.94799810	7.07492638	0.25276822
68.95199810	7.07492638	0.25276822
68.95599810	7.23548222	0.25276822
68.95999810	7.23548222	0.25276822
68.96399810	7.23548222	0.25276822
68.96799810	7.23548222	0.25276822
68.97199810	7.23548222	0.25276822
68.97599810	7.23548222	0.25276822
68.97999810	7.07492638	0.25276822
68.98399810	7.07492638	0.25276822
68.98799810	7.23548222	0.25276822
68.99199810	7.23548222	0.25276822
68.99599810	7.23548222	0.25276822
68.99999810	7.07492638	0.25276822
69.00399810	7.07492638	0.25276822
69.00799810	7.23548222	0.25276822
69.01199810	7.23548222	0.25276822
69.01599810	7.23548222	0.25276822
69.01999810	7.23548222	0.23695867
69.02399810	7.23548222	0.25276822
69.02799810	7.23548222	0.25276822
69.03199810	7.23548222	0.25276822
69.03599810	7.23548222	0.23695867
69.03999810	7.23548222	0.25276822
69.04399810	7.23548222	0.25276822
69.04799810	7.23548222	0.25276822
69.05199810	7.07492638	0.23695867
69.05599810	7.23548222	0.25276822
69.05999810	7.23548222	0.25276822
69.06399810	7.23548222	0.25276822
69.06799810	7.23548222	0.25276822
69.07199810	7.23548222	0.25276822
69.07599810	7.23548222	0.23695867
69.07999810	7.23548222	0.25276822
69.08399810	7.23548222	0.23695867
69.08799810	7.07492638	0.25276822
69.09199810	7.23548222	0.23695867
69.09599810	7.23548222	0.25276822
69.09999810	7.23548222	0.23695867
69.10399810	7.23548222	0.25276822
69.10799810	7.23548222	0.25276822
69.11199810	7.23548222	0.25276822
69.11599810	7.23548222	0.25276822
69.11999810	7.23548222	0.25276822
69.12399810	7.23548222	0.23695867
69.12799810	7.23548222	0.25276822
69.13199810	7.23548222	0.25276822
69.13599810	7.23548222	0.25276822
69.13999810	7.23548222	0.23695867
69.14399810	7.23548222	0.23695867
69.14799810	7.23548222	0.23695867
69.15199810	7.23548222	0.25276822
69.15599810	7.23548222	0.25276822
69.15999810	7.23548222	0.25276822
69.16399810	7.23548222	0.23695867
69.16799810	7.23548222	0.25276822
69.17199810	7.23548222	0.23695867
69.17599810	7.23548222	0.25276822
69.17999810	7.23548222	0.25276822
69.18399810	7.23548222	0.25276822
69.18799810	7.23548222	0.23695867
69.19199810	7.23548222	0.23695867
69.19599810	7.23548222	0.23695867
69.19999810	7.23548222	0.25276822
69.20399810	7.23548222	0.25276822
69.20799810	7.23548222	0.25276822
69.21199810	7.07492638	0.23695867
69.21599810	7.07492638	0.25276822
69.21999810	7.23548222	0.23695867
69.22399810	7.23548222	0.25276822
69.22799810	7.23548222	0.25276822
69.23199810	7.23548222	0.25276822
69.23599810	7.23548222	0.23695867
69.23999810	7.23548222	0.25276822
69.24399810	7.23548222	0.23695867
69.24799810	7.23548222	0.23695867
69.25199810	7.23548222	0.23695867
69.25599810	7.23548222	0.25276822
69.25999810	7.23548222	0.23695867
69.26399810	7.07492638	0.23695867
69.26799810	7.07492638	0.23695867
69.27199810	7.23548222	0.25276822
69.27599809	7.23548222	0.23695867
69.27999809	7.23548222	0.25276822
69.28399809	7.23548222	0.25276822
69.28799809	7.23548222	0.25276822
69.29199809	7.23548222	0.23695867
69.29599809	7.07492638	0.25276822
69.29999809	7.23548222	0.23695867
69.30399809	7.23548222	0.25276822
69.30799809	7.23548222	0.25276822
69.31199809	7.23548222	0.25276822
69.31599809	7.23548222	0.23695867
69.31999809	7.23548222	0.23695867
69.32399809	7.23548222	0.23695867
69.32799809	7.23548222	0.25276822
69.33199809	7.23548222	0.25276822
69.33599809	7.23548222	0.25276822
69.33999809	7.23548222	0.23695867
69.34399809	7.23548222	0.25276822
69.34799809	7.23548222	0.23695867
69.35199809	7.23548222	0.23695867
69.35599809	7.23548222	0.25276822
69.35999809	7.07492638	0.23695867
69.36399809	7.23548222	0.23695867
69.36799809	7.23548222	0.23695867
69.37199809	7.23548222	0.23695867
69.37599809	7.23548222	0.25276822
69.37999809	7.23548222	0.23695867
69.38399809	7.23548222	0.23695867
69.38799809	7.23548222	0.23695867
69.39199809	7.23548222	0.23695867
69.39599809	7.23548222	0.23695867
69.39999809	7.23548222	0.25276822
69.40399809	7.23548222	0.23695867
69.40799809	7.23548222	0.23695867
69.41199809	7.23548222	0.23695867
69.41599809	7.23548222	0.23695867
69.41999809	7.23548222	0.23695867
69.42399809	7.23548222	0.25276822
69.42799809	7.23548222	0.25276822
69.43199809	7.23548222	0.25276822
69.43599809	7.23548222	0.23695867
69.43999809	7.23548222	0.25276822
69.44399809	7.23548222	0.25276822
69.44799809	7.23548222	0.23695867
69.45199809	7.23548222	0.23695867
69.45599809	7.23548222	0.25276822
69.45999809	7.23548222	0.23695867
69.46399809	7.23548222	0.25276822
69.46799809	7.23548222	0.25276822
69.47199809	7.23548222	0.23695867
69.47599809	7.23548222	0.23695867
69.47999809	7.23548222	0.23695867
69.48399809	7.23548222	0.23695867
69.48799809	7.23548222	0.23695867
69.49199809	7.23548222	0.23695867
69.49599809	7.23548222	0.23695867
69.49999809	7.23548222	0.23695867
69.50399809	7.23548222	0.23695867
69.50799809	7.23548222	0.23695867
69.51199809	7.39665365	0.23695867
69.51599809	7.23548222	0.23695867
69.51999809	7.23548222	0.23695867
69.52399809	7.23548222	0.23695867
69.52799809	7.23548222	0.25276822
69.53199809	7.23548222	0.23695867
69.53599809	7.23548222	0.25276822
69.53999809	7.23548222	0.23695867
69.54399809	7.23548222	0.25276822
69.54799809	7.23548222	0.23695867
69.55199809	7.23548222	0.23695867
69.55599809	7.23548222	0.23695867
69.55999809	7.23548222	0.23695867
69.56399809	7.23548222	0.23695867
69.56799809	7.23548222	0.25276822
69.57199809	7.23548222	0.23695867
69.57599809	7.23548222	0.23695867
69.57999809	7.07492638	0.23695867
69.58399809	7.07492638	0.23695867
69.58799809	7.23548222	0.23695867
69.59199809	7.23548222	0.23695867
69.59599809	7.23548222	0.23695867
69.59999809	7.23548222	0.23695867
69.60399809	7.23548222	0.23695867
69.60799809	7.23548222	0.25276822
69.61199809	7.07492638	0.23695867
69.61599809	7.07492638	0.23695867
69.61999809	7.23548222	0.23695867
69.62399809	7.39665365	0.25276822
69.62799808	7.23548222	0.23695867
69.63199808	7.23548222	0.23695867
69.63599808	7.07492638	0.23695867
69.63999808	7.23548222	0.23695867
69.64399808	7.23548222	0.23695867
69.64799808	7.23548222	0.23695867
69.65199808	7.23548222	0.23695867
69.65599808	7.23548222	0.25276822
69.65999808	7.23548222	0.23695867
69.66399808	7.23548222	0.23695867
69.66799808	7.23548222	0.23695867
69.67199808	7.23548222	0.23695867
69.67599808	7.23548222	0.23695867
69.67999808	7.23548222	0.23695867
69.68399808	7.23548222	0.23695867
69.68799808	7.23548222	0.23695867
69.69199808	7.23548222	0.23695867
69.69599808	7.23548222	0.25276822
69.69999808	7.23548222	0.23695867
69.70399808	7.23548222	0.23695867
69.70799808	7.23548222	0.23695867
69.71199808	7.23548222	0.23695867
69.71599808	7.23548222	0.23695867
69.71999808	7.23548222	0.23695867
69.72399808	7.07492638	0.23695867
69.72799808	7.23548222	0.23695867
69.73199808	7.23548222	0.23695867
69.73599808	7.23548222	0.25276822
69.73999808	7.07492638	0.23695867
69.74399808	7.07492638	0.23695867
69.74799808	7.23548222	0.23695867
69.75199808	7.23548222	0.23695867
69.75599808	7.23548222	0.23695867
69.75999808	7.23548222	0.23695867
69.76399808	7.23548222	0.23695867
69.76799808	7.23548222	0.23695867
69.77199808	7.07492638	0.23695867
69.77599808	7.07492638	0.23695867
69.77999808	7.23548222	0.23695867
69.78399808	7.23548222	0.25276822
69.78799808	7.23548222	0.23695867
69.79199808	7.23548222	0.23695867
69.79599808	7.23548222	0.23695867
69.79999808	7.23548222	0.23695867
69.80399808	7.23548222	0.23695867
69.80799808	7.07492638	0.23695867
69.81199808	7.23548222	0.23695867
69.81599808	7.23548222	0.23695867
69.81999808	7.23548222	0.23695867
69.82399808	7.07492638	0.23695867
69.82799808	7.07492638	0.23695867
69.83199808	7.23548222	0.23695867
69.83599808	7.39665365	0.23695867
69.83999808	7.23548222	0.23695867
69.84399808	7.07492638	0.23695867
69.84799808	7.23548222	0.23695867
69.85199808	7.23548222	0.23695867
69.85599808	7.23548222	0.23695867
69.85999808	7.07492638	0.23695867
69.86399808	7.23548222	0.23695867
69.86799808	7.23548222	0.23695867
69.87199808	7.23548222	0.23695867
69.87599808	7.23548222	0.23695867
69.87999808	7.23548222	0.23695867
69.88399808	7.23548222	0.23695867
69.88799808	7.23548222	0.25276822
69.89199808	7.23548222	0.23695867
69.89599808	7.23548222	0.23695867
69.89999808	7.23548222	0.23695867
69.90399808	7.23548222	0.23695867
69.90799808	7.23548222	0.23695867
69.91199808	7.23548222	0.23695867
69.91599808	7.23548222	0.23695867
69.91999808	7.23548222	0.23695867
69.92399808	7.23548222	0.23695867
69.92799808	7.23548222	0.23695867
69.93199808	7.23548222	0.23695867
69.93599808	7.23548222	0.23695867
69.93999808	7.23548222	0.23695867
69.94399808	7.23548222	0.23695867
69.94799808	7.23548222	0.23695867
69.95199808	7.23548222	0.23695867
69.95599808	7.23548222	0.23695867
69.95999808	7.23548222	0.23695867
69.96399808	7.23548222	0.23695867
69.96799808	7.07492638	0.23695867
69.97199808	7.23548222	0.23695867
69.97599808	7.23548222	0.23695867
69.97999808	7.23548222	0.23695867
69.98399807	7.23548222	0.23695867
69.98799807	7.23548222	0.23695867
69.99199807	7.23548222	0.23695867
69.99599807	7.23548222	0.23695867
69.99999807	7.23548222	0.23695867
70.00399807	7.23548222	0.23695867
70.00799807	7.39665365	0.23695867
70.01199807	7.23548222	0.23695867
70.01599807	7.23548222	0.25276822
70.01999807	7.23548222	0.23695867
70.02399807	7.23548222	0.23695867
70.02799807	7.23548222	0.23695867
70.03199807	7.23548222	0.23695867
70.03599807	7.23548222	0.23695867
70.03999807	7.23548222	0.23695867
70.04399807	7.23548222	0.23695867
70.04799807	7.23548222	0.23695867
70.05199807	7.23548222	0.23695867
70.05599807	7.23548222	0.23695867
70.05999807	7.23548222	0.23695867
70.06399807	7.23548222	0.23695867
70.06799807	7.23548222	0.23695867
70.07199807	7.07492638	0.23695867
70.07599807	7.23548222	0.23695867
70.07999807	7.23548222	0.23695867
70.08399807	7.23548222	0.23695867
70.08799807	7.23548222	0.23695867
70.09199807	7.23548222	0.23695867
70.09599807	7.23548222	0.23695867
70.09999807	7.23548222	0.23695867
70.10399807	7.23548222	0.23695867
70.10799807	7.23548222	0.23695867
70.11199807	7.23548222	0.23695867
70.11599807	7.23548222	0.23695867
70.11999807	7.23548222	0.23695867
70.12399807	7.23548222	0.23695867
70.12799807	7.23548222	0.23695867
70.13199807	7.23548222	0.23695867
70.13599807	7.23548222	0.23695867
70.13999807	7.23548222	0.23695867
70.14399807	7.23548222	0.23695867
70.14799807	7.23548222	0.23695867
70.15199807	7.23548222	0.23695867
70.15599807	7.23548222	0.23695867
70.15999807	7.23548222	0.23695867
70.16399807	7.23548222	0.23695867
70.16799807	7.23548222	0.23695867
70.17199807	7.39665365	0.23695867
70.17599807	7.23548222	0.23695867
70.17999807	7.23548222	0.23695867
70.18399807	7.23548222	0.23695867
70.18799807	7.23548222	0.23695867
70.19199807	7.23548222	0.23695867
70.19599807	7.23548222	0.23695867
70.19999807	7.39665365	0.23695867
70.20399807	7.39665365	0.23695867
70.20799807	7.23548222	0.23695867
70.21199807	7.23548222	0.23695867
70.21599807	7.23548222	0.23695867
70.21999807	7.23548222	0.23695867
70.22399807	7.23548222	0.23695867
70.22799807	7.23548222	0.23695867
70.23199807	7.23548222	0.23695867
70.23599807	7.23548222	0.23695867
70.23999807	7.23548222	0.23695867
70.24399807	7.23548222	0.23695867
70.24799807	7.23548222	0.23695867
70.25199807	7.39665365	0.23695867
70.25599807	7.39665365	0.23695867
70.25999807	7.23548222	0.23695867
70.26399807	7.23548222	0.23695867
70.26799807	7.23548222	0.23695867
70.27199807	7.23548222	0.23695867
70.27599807	7.23548222	0.23695867
70.27999807	7.23548222	0.23695867
70.28399807	7.39665365	0.23695867
70.28799807	7.39665365	0.23695867
70.29199807	7.23548222	0.23695867
70.29599807	7.23548222	0.23695867
70.29999807	7.23548222	0.23695867
70.30399807	7.23548222	0.23695867
70.30799807	7.23548222	0.23695867
70.31199807	7.23548222	0.23695867
70.31599807	7.23548222	0.23695867
70.31999807	7.23548222	0.23695867
70.32399807	7.23548222	0.23695867
70.32799807	7.23548222	0.23695867
70.33199807	7.23548222	0.23695867
70.33599806	7.23548222	0.23695867
70.33999806	7.23548222	0.23695867
70.34399806	7.23548222	0.23695867
70.34799806	7.23548222	0.23695867
70.35199806	7.23548222	0.23695867
70.35599806	7.23548222	0.23695867
70.35999806	7.39665365	0.23695867
70.36399806	7.23548222	0.23695867
70.36799806	7.23548222	0.23695867
70.37199806	7.23548222	0.23695867
70.37599806	7.23548222	0.23695867
70.37999806	7.23548222	0.23695867
70.38399806	7.23548222	0.23695867
70.38799806	7.23548222	0.23695867
70.39199806	7.23548222	0.23695867
70.39599806	7.23548222	0.23695867
70.39999806	7.23548222	0.23695867
70.40399806	7.23548222	0.23695867
70.40799806	7.23548222	0.23695867
70.41199806	7.39665365	0.23695867
70.41599806	7.23548222	0.23695867
70.41999806	7.23548222	0.23695867
70.42399806	7.23548222	0.23695867
70.42799806	7.23548222	0.23695867
70.43199806	7.23548222	0.23695867
70.43599806	7.39665365	0.23695867
70.43999806	7.39665365	0.23695867
70.44399806	7.23548222	0.23695867
70.44799806	7.23548222	0.23695867
70.45199806	7.23548222	0.23695867
70.45599806	7.23548222	0.23695867
70.45999806	7.23548222	0.23695867
70.46399806	7.23548222	0.23695867
70.46799806	7.23548222	0.23695867
70.47199806	7.39665365	0.23695867
70.47599806	7.23548222	0.23695867
70.47999806	7.23548222	0.23695867
70.48399806	7.23548222	0.23695867
70.48799806	7.23548222	0.23695867
70.49199806	7.23548222	0.23695867
70.49599806	7.23548222	0.23695867
70.49999806	7.23548222	0.23695867
70.50399806	7.39665365	0.23695867
70.50799806	7.23548222	0.23695867
70.51199806	7.07492638	0.23695867
70.51599806	7.23548222	0.23695867
70.51999806	7.23548222	0.23695867
70.52399806	7.39665365	0.23695867
70.52799806	7.23548222	0.23695867
70.53199806	7.23548222	0.23695867
70.53599806	7.23548222	0.23695867
70.53999806	7.23548222	0.23695867
70.54399806	7.23548222	0.23695867
70.54799806	7.23548222	0.23695867
70.55199806	7.23548222	0.23695867
70.55599806	7.39665365	0.23695867
70.55999806	7.23548222	0.23695867
70.56399806	7.23548222	0.23695867
70.56799806	7.23548222	0.23695867
70.57199806	7.23548222	0.23695867
70.57599806	7.23548222	0.23695867
70.57999806	7.23548222	0.23695867
70.58399806	7.23548222	0.23695867
70.58799806	7.23548222	0.23695867
70.59199806	7.23548222	0.23695867
70.59599806	7.23548222	0.23695867
70.59999806	7.23548222	0.23695867
70.60399806	7.23548222	0.23695867
70.60799806	7.39665365	0.23695867
70.61199806	7.23548222	0.23695867
70.61599806	7.23548222	0.23695867
70.61999806	7.23548222	0.23695867
70.62399806	7.23548222	0.23695867
70.62799806	7.23548222	0.23695867
70.63199806	7.23548222	0.23695867
70.63599806	7.23548222	0.23695867
70.63999806	7.23548222	0.23695867
70.64399806	7.39665365	0.23695867
70.64799806	7.23548222	0.23695867
70.65199806	7.23548222	0.23695867
70.65599806	7.23548222	0.23695867
70.65999806	7.39665365	0.23695867
70.66399806	7.23548222	0.23695867
70.66799806	7.23548222	0.23695867
70.67199806	7.23548222	0.23695867
70.67599806	7.23548222	0.23695867
70.67999806	7.23548222	0.23695867
70.68399806	7.23548222	0.23695867
70.68799805	7.23548222	0.23695867
70.69199805	7.23548222	0.23695867
70.69599805	7.39665365	0.23695867
70.69999805	7.23548222	0.23695867
70.70399805	7.23548222	0.23695867
70.70799805	7.23548222	0.23695867
70.71199805	7.23548222	0.23695867
70.71599805	7.23548222	0.23695867
70.71999805	7.39665365	0.23695867
70.72399805	7.39665365	0.23695867
70.72799805	7.39665365	0.23695867
70.73199805	7.23548222	0.23695867
70.73599805	7.23548222	0.23695867
70.73999805	7.23548222	0.23695867
70.74399805	7.39665365	0.23695867
70.74799805	7.39665365	0.23695867
70.75199805	7.23548222	0.23695867
70.75599805	7.23548222	0.23695867
70.75999805	7.23548222	0.23695867
70.76399805	7.23548222	0.23695867
70.76799805	7.39665365	0.23695867
70.77199805	7.39665365	0.23695867
70.77599805	7.39665365	0.23695867
70.77999805	7.39665365	0.23695867
70.78399805	7.23548222	0.23695867
70.78799805	7.23548222	0.23695867
70.79199805	7.23548222	0.23695867
70.79599805	7.23548222	0.23695867
70.79999805	7.23548222	0.23695867
70.80399805	7.23548222	0.23695867
70.80799805	7.23548222	0.23695867
70.81199805	7.23548222	0.23695867
70.81599805	7.23548222	0.23695867
70.81999805	7.23548222	0.23695867
70.82399805	7.39665365	0.23695867
70.82799805	7.23548222	0.23695867
70.83199805	7.23548222	0.23695867
70.83599805	7.23548222	0.23695867
70.83999805	7.23548222	0.23695867
70.84399805	7.23548222	0.23695867
70.84799805	7.23548222	0.23695867
70.85199805	7.23548222	0.23695867
70.85599805	7.23548222	0.23695867
70.85999805	7.23548222	0.23695867
70.86399805	7.39665365	0.23695867
70.86799805	7.23548222	0.23695867
70.87199805	7.23548222	0.23695867
70.87599805	7.23548222	0.23695867
70.87999805	7.23548222	0.23695867
70.88399805	7.39665365	0.23695867
70.88799805	7.39665365	0.23695867
70.89199805	7.23548222	0.23695867
70.89599805	7.23548222	0.23695867
70.89999805	7.23548222	0.23695867
70.90399805	7.39665365	0.23695867
70.90799805	7.23548222	0.23695867
70.91199805	7.23548222	0.23695867
70.91599805	7.23548222	0.23695867
70.91999805	7.23548222	0.23695867
70.92399805	7.23548222	0.23695867
70.92799805	7.23548222	0.23695867
70.93199805	7.23548222	0.23695867
70.93599805	7.39665365	0.23695867
70.93999805	7.39665365	0.23695867
70.94399805	7.23548222	0.23695867
70.94799805	7.23548222	0.23695867
70.95199805	7.23548222	0.23695867
70.95599805	7.39665365	0.23695867
70.95999805	7.39665365	0.23695867
70.96399805	7.39665365	0.23695867
70.96799805	7.23548222	0.23695867
70.97199805	7.23548222	0.23695867
70.97599805	7.23548222	0.23695867
70.97999805	7.23548222	0.23695867
70.98399805	7.23548222	0.23695867
70.98799805	7.39665365	0.23695867
70.99199805	7.23548222	0.23695867
70.99599805	7.23548222	0.23695867
70.99999805	7.23548222	0.23695867
71.00399805	7.23548222	0.23695867
71.00799805	7.23548222	0.23695867
71.01199805	7.23548222	0.23695867
71.01599805	7.39665365	0.23695867
71.01999805	7.39665365	0.23695867
71.02399805	7.39665365	0.23695867
71.02799805	7.23548222	0.23695867
71.03199805	7.23548222	0.23695867
71.03599805	7.23548222	0.23695867
71.03999805	7.39665365	0.23695867
71.04399804	7.39665365	0.23695867
71.04799804	7.23548222	0.23695867
71.05199804	7.23548222	0.23695867
71.05599804	7.23548222	0.23695867
71.05999804	7.23548222	0.23695867
71.06399804	7.23548222	0.23695867
71.06799804	7.23548222	0.23695867
71.07199804	7.39665365	0.23695867
71.07599804	7.39665365	0.23695867
71.07999804	7.23548222	0.23695867
71.08399804	7.23548222	0.23695867
71.08799804	7.23548222	0.23695867
71.09199804	7.39665365	0.23695867
71.09599804	7.39665365	0.23695867
71.09999804	7.23548222	0.23695867
71.10399804	7.23548222	0.23695867
71.10799804	7.39665365	0.23695867
71.11199804	7.23548222	0.23695867
71.11599804	7.23548222	0.23695867
71.11999804	7.23548222	0.23695867
71.12399804	7.39665365	0.23695867
71.12799804	7.39665365	0.23695867
71.13199804	7.23548222	0.23695867
71.13599804	7.23548222	0.23695867
71.13999804	7.23548222	0.23695867
71.14399804	7.23548222	0.23695867
71.14799804	7.23548222	0.23695867
71.15199804	7.39665365	0.23695867
71.15599804	7.23548222	0.23695867
71.15999804	7.23548222	0.23695867
71.16399804	7.23548222	0.23695867
71.16799804	7.23548222	0.23695867
71.17199804	7.23548222	0.23695867
71.17599804	7.23548222	0.23695867
71.17999804	7.23548222	0.23695867
71.18399804	7.39665365	0.23695867
71.18799804	7.39665365	0.23695867
71.19199804	7.23548222	0.23695867
71.19599804	7.23548222	0.23695867
71.19999804	7.23548222	0.23695867
71.20399804	7.39665365	0.23695867
71.20799804	7.39665365	0.23695867
71.21199804	7.23548222	0.23695867
71.21599804	7.23548222	0.23695867
71.21999804	7.23548222	0.23695867
71.22399804	7.23548222	0.23695867
71.22799804	7.23548222	0.23695867
71.23199804	7.23548222	0.23695867
71.23599804	7.23548222	0.23695867
71.23999804	7.23548222	0.23695867
71.24399804	7.23548222	0.23695867
71.24799804	7.23548222	0.23695867
71.25199804	7.23548222	0.23695867
71.25599804	7.23548222	0.23695867
71.25999804	7.23548222	0.23695867
71.26399804	7.23548222	0.23695867
71.26799804	7.23548222	0.23695867
71.27199804	7.39665365	0.23695867
71.27599804	7.23548222	0.23695867
71.27999804	7.23548222	0.23695867
71.28399804	7.23548222	0.23695867
71.28799804	7.23548222	0.23695867
71.29199804	7.23548222	0.23695867
71.29599804	7.23548222	0.23695867
71.29999804	7.23548222	0.23695867
71.30399804	7.23548222	0.23695867
71.30799804	7.23548222	0.23695867
71.31199804	7.23548222	0.23695867
71.31599804	7.23548222	0.23695867
71.31999804	7.23548222	0.23695867
71.32399804	7.23548222	0.23695867
71.32799804	7.23548222	0.23695867
71.33199804	7.23548222	0.23695867
71.33599804	7.39665365	0.23695867
71.33999804	7.39665365	0.23695867
71.34399804	7.39665365	0.23695867
71.34799804	7.23548222	0.23695867
71.35199804	7.23548222	0.23695867
71.35599804	7.23548222	0.23695867
71.35999804	7.23548222	0.23695867
71.36399804	7.23548222	0.23695867
71.36799804	7.39665365	0.23695867
71.37199804	7.39665365	0.23695867
71.37599804	7.39665365	0.23695867
71.37999804	7.23548222	0.23695867
71.38399804	7.23548222	0.23695867
71.38799804	7.23548222	0.23695867
71.39199804	7.23548222	0.23695867
71.39599803	7.39665365	0.23695867
71.39999803	7.39665365	0.23695867
71.40399803	7.39665365	0.23695867
71.40799803	7.23548222	0.23695867
71.41199803	7.23548222	0.23695867
71.41599803	7.23548222	0.23695867
71.41999803	7.23548222	0.23695867
71.42399803	7.39665365	0.23695867
71.42799803	7.23548222	0.23695867
71.43199803	7.23548222	0.23695867
71.43599803	7.23548222	0.23695867
71.43999803	7.23548222	0.23695867
71.44399803	7.23548222	0.23695867
71.44799803	7.39665365	0.23695867
71.45199803	7.23548222	0.23695867
71.45599803	7.23548222	0.23695867
71.45999803	7.23548222	0.22114912
71.46399803	7.23548222	0.23695867
71.46799803	7.23548222	0.23695867
71.47199803	7.23548222	0.23695867
71.47599803	7.23548222	0.23695867
71.47999803	7.23548222	0.23695867
71.48399803	7.23548222	0.23695867
71.48799803	7.23548222	0.23695867
71.49199803	7.23548222	0.23695867
71.49599803	7.23548222	0.23695867
71.49999803	7.23548222	0.23695867
71.50399803	7.23548222	0.23695867
71.50799803	7.23548222	0.23695867
71.51199803	7.23548222	0.23695867
71.51599803	7.23548222	0.23695867
71.51999803	7.23548222	0.23695867
71.52399803	7.23548222	0.23695867
71.52799803	7.23548222	0.23695867
71.53199803	7.23548222	0.23695867
71.53599803	7.39665365	0.23695867
71.53999803	7.39665365	0.23695867
71.54399803	7.23548222	0.23695867
71.54799803	7.23548222	0.23695867
71.55199803	7.23548222	0.23695867
71.55599803	7.23548222	0.23695867
71.55999803	7.23548222	0.23695867
71.56399803	7.39665365	0.23695867
71.56799803	7.39665365	0.23695867
71.57199803	7.23548222	0.23695867
71.57599803	7.23548222	0.23695867
71.57999803	7.23548222	0.23695867
71.58399803	7.23548222	0.23695867
71.58799803	7.39665365	0.23695867
71.59199803	7.39665365	0.23695867
71.59599803	7.39665365	0.23695867
71.59999803	7.23548222	0.23695867
71.60399803	7.23548222	0.22114912
71.60799803	7.23548222	0.23695867
71.61199803	7.23548222	0.22114912
71.61599803	7.39665365	0.23695867
71.61999803	7.23548222	0.23695867
71.62399803	7.23548222	0.23695867
71.62799803	7.23548222	0.23695867
71.63199803	7.23548222	0.23695867
71.63599803	7.23548222	0.23695867
71.63999803	7.39665365	0.23695867
71.64399803	7.23548222	0.23695867
71.64799803	7.23548222	0.23695867
71.65199803	7.23548222	0.22114912
71.65599803	7.23548222	0.23695867
71.65999803	7.23548222	0.22114912
71.66399803	7.23548222	0.23695867
71.66799803	7.39665365	0.23695867
71.67199803	7.39665365	0.23695867
71.67599803	7.23548222	0.23695867
71.67999803	7.23548222	0.23695867
71.68399803	7.23548222	0.22114912
71.68799803	7.23548222	0.23695867
71.69199803	7.39665365	0.23695867
71.69599803	7.39665365	0.23695867
71.69999803	7.23548222	0.23695867
71.70399803	7.23548222	0.23695867
71.70799803	7.23548222	0.23695867
71.71199803	7.23548222	0.23695867
71.71599803	7.23548222	0.23695867
71.71999803	7.39665365	0.23695867
71.72399803	7.39665365	0.23695867
71.72799803	7.23548222	0.23695867
71.73199803	7.23548222	0.23695867
71.73599803	7.23548222	0.23695867
71.73999803	7.23548222	0.23695867
71.74399803	7.23548222	0.23695867
71.74799803	7.23548222	0.23695867
71.75199802	7.23548222	0.22114912
71.75599802	7.23548222	0.22114912
71.75999802	7.23548222	0.23695867
71.76399802	7.23548222	0.22114912
71.76799802	7.23548222	0.23695867
71.77199802	7.23548222	0.23695867
71.77599802	7.39665365	0.23695867
71.77999802	7.39665365	0.23695867
71.78399802	7.23548222	0.23695867
71.78799802	7.23548222	0.23695867
71.79199802	7.23548222	0.23695867
71.79599802	7.23548222	0.23695867
71.79999802	7.23548222	0.23695867
71.80399802	7.39665365	0.23695867
71.80799802	7.23548222	0.23695867
71.81199802	7.23548222	0.23695867
71.81599802	7.23548222	0.23695867
71.81999802	7.23548222	0.22114912
71.82399802	7.23548222	0.23695867
71.82799802	7.39665365	0.23695867
71.83199802	7.39665365	0.23695867
71.83599802	7.23548222	0.23695867
71.83999802	7.23548222	0.23695867
71.84399802	7.23548222	0.22114912
71.84799802	7.23548222	0.23695867
71.85199802	7.39665365	0.23695867
71.85599802	7.39665365	0.23695867
71.85999802	7.23548222	0.23695867
71.86399802	7.23548222	0.23695867
71.86799802	7.23548222	0.23695867
71.87199802	7.23548222	0.23695867
71.87599802	7.39665365	0.23695867
71.87999802	7.39665365	0.23695867
71.88399802	7.23548222	0.23695867
71.88799802	7.23548222	0.23695867
71.89199802	7.23548222	0.23695867
71.89599802	7.23548222	0.23695867
71.89999802	7.23548222	0.23695867
71.90399802	7.23548222	0.23695867
71.90799802	7.39665365	0.23695867
71.91199802	7.39665365	0.23695867
71.91599802	7.39665365	0.22114912
71.91999802	7.23548222	0.23695867
71.92399802	7.23548222	0.23695867
71.92799802	7.23548222	0.23695867
71.93199802	7.39665365	0.22114912
71.93599802	7.39665365	0.23695867
71.93999802	7.23548222	0.23695867
71.94399802	7.39665365	0.23695867
71.94799802	7.23548222	0.23695867
71.95199802	7.23548222	0.23695867
71.95599802	7.23548222	0.23695867
71.95999802	7.23548222	0.22114912
71.96399802	7.23548222	0.22114912
71.96799802	7.39665365	0.23695867
71.97199802	7.39665365	0.23695867
71.97599802	7.23548222	0.23695867
71.97999802	7.23548222	0.23695867
71.98399802	7.23548222	0.23695867
71.98799802	7.23548222	0.23695867
71.99199802	7.39665365	0.23695867
71.99599802	7.39665365	0.22114912
71.99999802	7.23548222	0.22114912
72.00399802	7.23548222	0.22114912
72.00799802	7.23548222	0.23695867
72.01199802	7.23548222	0.22114912
72.01599802	7.23548222	0.22114912
72.01999802	7.39665365	0.23695867
72.02399802	7.39665365	0.23695867
72.02799802	7.39665365	0.23695867
72.03199802	7.23548222	0.23695867
72.03599802	7.23548222	0.22114912
72.03999802	7.23548222	0.23695867
72.04399802	7.39665365	0.23695867
72.04799802	7.39665365	0.23695867
72.05199802	7.39665365	0.23695867
72.05599802	7.39665365	0.23695867
72.05999802	7.23548222	0.23695867
72.06399802	7.23548222	0.23695867
72.06799802	7.23548222	0.22114912
72.07199802	7.23548222	0.23695867
72.07599802	7.39665365	0.23695867
72.07999802	7.39665365	0.23695867
72.08399802	7.23548222	0.22114912
72.08799802	7.23548222	0.23695867
72.09199802	7.23548222	0.22114912
72.09599802	7.23548222	0.22114912
72.09999802	7.23548222	0.22114912
72.10399801	7.23548222	0.23695867
72.10799801	7.23548222	0.22114912
72.11199801	7.39665365	0.23695867
72.11599801	7.23548222	0.23695867
72.11999801	7.23548222	0.23695867
72.12399801	7.23548222	0.22114912
72.12799801	7.23548222	0.23695867
72.13199801	7.39665365	0.23695867
72.13599801	7.39665365	0.23695867
72.13999801	7.23548222	0.23695867
72.14399801	7.23548222	0.23695867
72.14799801	7.23548222	0.23695867
72.15199801	7.39665365	0.23695867
72.15599801	7.23548222	0.23695867
72.15999801	7.23548222	0.23695867
72.16399801	7.23548222	0.22114912
72.16799801	7.39665365	0.23695867
72.17199801	7.23548222	0.22114912
72.17599801	7.23548222	0.23695867
72.17999801	7.23548222	0.22114912
72.18399801	7.23548222	0.22114912
72.18799801	7.39665365	0.23695867
72.19199801	7.23548222	0.23695867
72.19599801	7.23548222	0.22114912
72.19999801	7.23548222	0.22114912
72.20399801	7.23548222	0.22114912
72.20799801	7.23548222	0.23695867
72.21199801	7.23548222	0.23695867
72.21599801	7.23548222	0.22114912
72.21999801	7.23548222	0.23695867
72.22399801	7.23548222	0.23695867
72.22799801	7.23548222	0.22114912
72.23199801	7.23548222	0.23695867
72.23599801	7.23548222	0.22114912
72.23999801	7.23548222	0.22114912
72.24399801	7.23548222	0.23695867
72.24799801	7.23548222	0.23695867
72.25199801	7.23548222	0.22114912
72.25599801	7.23548222	0.23695867
72.25999801	7.23548222	0.23695867
72.26399801	7.23548222	0.23695867
72.26799801	7.23548222	0.23695867
72.27199801	7.23548222	0.23695867
72.27599801	7.39665365	0.23695867
72.27999801	7.23548222	0.23695867
72.28399801	7.23548222	0.22114912
72.28799801	7.23548222	0.22114912
72.29199801	7.23548222	0.22114912
72.29599801	7.23548222	0.23695867
72.29999801	7.23548222	0.22114912
72.30399801	7.23548222	0.22114912
72.30799801	7.23548222	0.22114912
72.31199801	7.23548222	0.23695867
72.31599801	7.23548222	0.22114912
72.31999801	7.23548222	0.22114912
72.32399801	7.23548222	0.22114912
72.32799801	7.39665365	0.23695867
72.33199801	7.23548222	0.23695867
72.33599801	7.23548222	0.23695867
72.33999801	7.23548222	0.22114912
72.34399801	7.23548222	0.23695867
72.34799801	7.39665365	0.23695867
72.35199801	7.23548222	0.22114912
72.35599801	7.23548222	0.22114912
72.35999801	7.23548222	0.22114912
72.36399801	7.23548222	0.22114912
72.36799801	7.23548222	0.22114912
72.37199801	7.23548222	0.22114912
72.37599801	7.23548222	0.23695867
72.37999801	7.39665365	0.22114912
72.38399801	7.23548222	0.23695867
72.38799801	7.23548222	0.22114912
72.39199801	7.23548222	0.22114912
72.39599801	7.23548222	0.23695867
72.39999801	7.23548222	0.22114912
72.40399801	7.23548222	0.23695867
72.40799801	7.23548222	0.23695867
72.41199801	7.23548222	0.22114912
72.41599801	7.23548222	0.23695867
72.41999801	7.23548222	0.22114912
72.42399801	7.23548222	0.23695867
72.42799801	7.23548222	0.22114912
72.43199801	7.39665365	0.23695867
72.43599801	7.23548222	0.22114912
72.43999801	7.23548222	0.23695867
72.44399801	7.23548222	0.22114912
72.44799801	7.23548222	0.22114912
72.45199801	7.39665365	0.22114912
72.45599800	7.23548222	0.23695867
72.45999800	7.23548222	0.22114912
72.46399800	7.23548222	0.23695867
72.46799800	7.23548222	0.22114912
72.47199800	7.23548222	0.23695867
72.47599800	7.23548222	0.22114912
72.47999800	7.23548222	0.22114912
72.48399800	7.23548222	0.22114912
72.48799800	7.23548222	0.23695867
72.49199800	7.23548222	0.22114912
72.49599800	7.23548222	0.22114912
72.49999800	7.23548222	0.22114912
72.50399800	7.39665365	0.23695867
72.50799800	7.23548222	0.22114912
72.51199800	7.23548222	0.22114912
72.51599800	7.23548222	0.22114912
72.51999800	7.39665365	0.23695867
72.52399800	7.23548222	0.22114912
72.52799800	7.23548222	0.22114912
72.53199800	7.23548222	0.22114912
72.53599800	7.39665365	0.22114912
72.53999800	7.39665365	0.23695867
72.54399800	7.23548222	0.23695867
72.54799800	7.23548222	0.22114912
72.55199800	7.23548222	0.23695867
72.55599800	7.23548222	0.22114912
72.55999800	7.23548222	0.22114912
72.56399800	7.23548222	0.22114912
72.56799800	7.39665365	0.22114912
72.57199800	7.39665365	0.22114912
72.57599800	7.23548222	0.23695867
72.57999800	7.23548222	0.22114912
72.58399800	7.23548222	0.22114912
72.58799800	7.39665365	0.22114912
72.59199800	7.39665365	0.22114912
72.59599800	7.23548222	0.22114912
72.59999800	7.23548222	0.22114912
72.60399800	7.23548222	0.22114912
72.60799800	7.23548222	0.22114912
72.61199800	7.23548222	0.22114912
72.61599800	7.39665365	0.22114912
72.61999800	7.39665365	0.22114912
72.62399800	7.39665365	0.22114912
72.62799800	7.23548222	0.22114912
72.63199800	7.23548222	0.22114912
72.63599800	7.23548222	0.22114912
72.63999800	7.23548222	0.23695867
72.64399800	7.39665365	0.22114912
72.64799800	7.39665365	0.23695867
72.65199800	7.39665365	0.22114912
72.65599800	7.23548222	0.23695867
72.65999800	7.23548222	0.22114912
72.66399800	7.23548222	0.23695867
72.66799800	7.23548222	0.22114912
72.67199800	7.39665365	0.22114912
72.67599800	7.39665365	0.22114912
72.67999800	7.39665365	0.22114912
72.68399800	7.23548222	0.22114912
72.68799800	7.23548222	0.22114912
72.69199800	7.23548222	0.22114912
72.69599800	7.39665365	0.22114912
72.69999800	7.39665365	0.22114912
72.70399800	7.39665365	0.22114912
72.70799800	7.23548222	0.22114912
72.71199800	7.23548222	0.22114912
72.71599800	7.23548222	0.22114912
72.71999800	7.39665365	0.22114912
72.72399800	7.39665365	0.22114912
72.72799800	7.23548222	0.22114912
72.73199800	7.39665365	0.22114912
72.73599800	7.39665365	0.22114912
72.73999800	7.23548222	0.22114912
72.74399800	7.23548222	0.22114912
72.74799800	7.23548222	0.22114912
72.75199800	7.39665365	0.23695867
72.75599800	7.39665365	0.22114912
72.75999800	7.39665365	0.22114912
72.76399800	7.23548222	0.22114912
72.76799800	7.23548222	0.22114912
72.77199800	7.23548222	0.22114912
72.77599800	7.39665365	0.22114912
72.77999800	7.23548222	0.22114912
72.78399800	7.39665365	0.22114912
72.78799800	7.39665365	0.22114912
72.79199800	7.23548222	0.23695867
72.79599800	7.23548222	0.22114912
72.79999800	7.23548222	0.22114912
72.80399800	7.23548222	0.22114912
72.80799800	7.39665365	0.22114912
72.81199799	7.39665365	0.22114912
72.81599799	7.23548222	0.22114912
72.81999799	7.23548222	0.22114912
72.82399799	7.23548222	0.22114912
72.82799799	7.23548222	0.22114912
72.83199799	7.23548222	0.23695867
72.83599799	7.39665365	0.22114912
72.83999799	7.39665365	0.23695867
72.84399799	7.23548222	0.23695867
72.84799799	7.23548222	0.22114912
72.85199799	7.23548222	0.22114912
72.85599799	7.39665365	0.22114912
72.85999799	7.39665365	0.22114912
72.86399799	7.39665365	0.22114912
72.86799799	7.39665365	0.22114912
72.87199799	7.39665365	0.22114912
72.87599799	7.23548222	0.22114912
72.87999799	7.23548222	0.22114912
72.88399799	7.23548222	0.22114912
72.88799799	7.39665365	0.22114912
72.89199799	7.39665365	0.22114912
72.89599799	7.39665365	0.22114912
72.89999799	7.39665365	0.22114912
72.90399799	7.39665365	0.22114912
72.90799799	7.23548222	0.22114912
72.91199799	7.23548222	0.23695867
72.91599799	7.23548222	0.22114912
72.91999799	7.39665365	0.22114912
72.92399799	7.39665365	0.22114912
72.92799799	7.23548222	0.22114912
72.93199799	7.23548222	0.22114912
72.93599799	7.23548222	0.22114912
72.93999799	7.39665365	0.22114912
72.94399799	7.39665365	0.22114912
72.94799799	7.23548222	0.22114912
72.95199799	7.39665365	0.23695867
72.95599799	7.23548222	0.22114912
72.95999799	7.23548222	0.22114912
72.96399799	7.23548222	0.22114912
72.96799799	7.23548222	0.22114912
72.97199799	7.39665365	0.22114912
72.97599799	7.39665365	0.22114912
72.97999799	7.23548222	0.22114912
72.98399799	7.23548222	0.22114912
72.98799799	7.23548222	0.22114912
72.99199799	7.23548222	0.22114912
72.99599799	7.23548222	0.22114912
72.99999799	7.39665365	0.22114912
73.00399799	7.39665365	0.22114912
73.00799799	7.23548222	0.22114912
73.01199799	7.23548222	0.22114912
73.01599799	7.23548222	0.22114912
73.01999799	7.23548222	0.22114912
73.02399799	7.39665365	0.22114912
73.02799799	7.39665365	0.22114912
73.03199799	7.39665365	0.22114912
73.03599799	7.23548222	0.22114912
73.03999799	7.23548222	0.22114912
73.04399799	7.23548222	0.22114912
73.04799799	7.23548222	0.22114912
73.05199799	7.39665365	0.22114912
73.05599799	7.39665365	0.22114912
73.05999799	7.39665365	0.22114912
73.06399799	7.23548222	0.22114912
73.06799799	7.23548222	0.22114912
73.07199799	7.23548222	0.22114912
73.07599799	7.39665365	0.22114912
73.07999799	7.39665365	0.22114912
73.08399799	7.23548222	0.22114912
73.08799799	7.39665365	0.22114912
73.09199799	7.23548222	0.22114912
73.09599799	7.23548222	0.22114912
73.09999799	7.23548222	0.22114912
73.10399799	7.23548222	0.22114912
73.10799799	7.39665365	0.22114912
73.11199799	7.39665365	0.22114912
73.11599799	7.23548222	0.22114912
73.11999799	7.23548222	0.22114912
73.12399799	7.23548222	0.22114912
73.12799799	7.23548222	0.22114912
73.13199799	7.23548222	0.22114912
73.13599799	7.39665365	0.22114912
73.13999799	7.39665365	0.22114912
73.14399799	7.39665365	0.22114912
73.14799799	7.23548222	0.22114912
73.15199799	7.23548222	0.22114912
73.15599799	7.39665365	0.22114912
73.15999799	7.39665365	0.22114912
73.16399798	7.39665365	0.22114912
73.16799798	7.23548222	0.22114912
73.17199798	7.23548222	0.22114912
73.17599798	7.39665365	0.22114912
73.17999798	7.23548222	0.22114912
73.18399798	7.23548222	0.22114912
73.18799798	7.23548222	0.22114912
73.19199798	7.39665365	0.22114912
73.19599798	7.39665365	0.22114912
73.19999798	7.23548222	0.22114912
73.20399798	7.23548222	0.22114912
73.20799798	7.23548222	0.22114912
73.21199798	7.23548222	0.22114912
73.21599798	7.39665365	0.22114912
73.21999798	7.23548222	0.22114912
73.22399798	7.23548222	0.22114912
73.22799798	7.23548222	0.22114912
73.23199798	7.23548222	0.22114912
73.23599798	7.23548222	0.22114912
73.23999798	7.23548222	0.22114912
73.24399798	7.39665365	0.22114912
73.24799798	7.39665365	0.22114912
73.25199798	7.23548222	0.22114912
73.25599798	7.23548222	0.22114912
73.25999798	7.23548222	0.22114912
73.26399798	7.23548222	0.22114912
73.26799798	7.23548222	0.22114912
73.27199798	7.39665365	0.22114912
73.27599798	7.39665365	0.22114912
73.27999798	7.23548222	0.22114912
73.28399798	7.23548222	0.22114912
73.28799798	7.23548222	0.22114912
73.29199798	7.23548222	0.22114912
73.29599798	7.39665365	0.22114912
73.29999798	7.39665365	0.22114912
73.30399798	7.23548222	0.22114912
73.30799798	7.23548222	0.22114912
73.31199798	7.23548222	0.22114912
73.31599798	7.23548222	0.22114912
73.31999798	7.39665365	0.22114912
73.32399798	7.39665365	0.22114912
73.32799798	7.23548222	0.22114912
73.33199798	7.23548222	0.22114912
73.33599798	7.23548222	0.22114912
73.33999798	7.23548222	0.22114912
73.34399798	7.23548222	0.22114912
73.34799798	7.39665365	0.22114912
73.35199798	7.23548222	0.22114912
73.35599798	7.23548222	0.22114912
73.35999798	7.23548222	0.22114912
73.36399798	7.23548222	0.22114912
73.36799798	7.23548222	0.22114912
73.37199798	7.23548222	0.22114912
73.37599798	7.23548222	0.22114912
73.37999798	7.39665365	0.22114912
73.38399798	7.39665365	0.22114912
73.38799798	7.23548222	0.22114912
73.39199798	7.23548222	0.22114912
73.39599798	7.23548222	0.22114912
73.39999798	7.23548222	0.22114912
73.40399798	7.23548222	0.22114912
73.40799798	7.39665365	0.22114912
73.41199798	7.39665365	0.22114912
73.41599798	7.23548222	0.22114912
73.41999798	7.23548222	0.22114912
73.42399798	7.23548222	0.22114912
73.42799798	7.23548222	0.22114912
73.43199798	7.39665365	0.22114912
73.43599798	7.39665365	0.22114912
73.43999798	7.23548222	0.22114912
73.44399798	7.23548222	0.22114912
73.44799798	7.23548222	0.22114912
73.45199798	7.23548222	0.22114912
73.45599798	7.23548222	0.22114912
73.45999798	7.23548222	0.22114912
73.46399798	7.39665365	0.22114912
73.46799798	7.23548222	0.22114912
73.47199798	7.23548222	0.22114912
73.47599798	7.23548222	0.22114912
73.47999798	7.23548222	0.22114912
73.48399798	7.23548222	0.22114912
73.48799798	7.39665365	0.22114912
73.49199798	7.39665365	0.22114912
73.49599798	7.23548222	0.22114912
73.49999798	7.23548222	0.22114912
73.50399798	7.23548222	0.22114912
73.50799798	7.39665365	0.22114912
73.51199798	7.23548222	0.22114912
73.51599798	7.39665365	0.22114912
73.51999797	7.39665365	0.22114912
73.52399797	7.23548222	0.22114912
73.52799797	7.23548222	0.22114912
73.53199797	7.23548222	0.22114912
73.53599797	7.23548222	0.22114912
73.53999797	7.39665365	0.22114912
73.54399797	7.39665365	0.22114912
73.54799797	7.23548222	0.22114912
73.55199797	7.23548222	0.22114912
73.55599797	7.23548222	0.22114912
73.55999797	7.23548222	0.22114912
73.56399797	7.23548222	0.22114912
73.56799797	7.39665365	0.22114912
73.57199797	7.39665365	0.22114912
73.57599797	7.39665365	0.23695867
73.57999797	7.23548222	0.22114912
73.58399797	7.23548222	0.22114912
73.58799797	7.23548222	0.22114912
73.59199797	7.39665365	0.22114912
73.59599797	7.39665365	0.22114912
73.59999797	7.39665365	0.22114912
73.60399797	7.39665365	0.22114912
73.60799797	7.23548222	0.22114912
73.61199797	7.23548222	0.22114912
73.61599797	7.23548222	0.22114912
73.61999797	7.39665365	0.22114912
73.62399797	7.39665365	0.22114912
73.62799797	7.39665365	0.22114912
73.63199797	7.23548222	0.22114912
73.63599797	7.23548222	0.22114912
73.63999797	7.39665365	0.22114912
73.64399797	7.39665365	0.22114912
73.64799797	7.39665365	0.22114912
73.65199797	7.39665365	0.22114912
73.65599797	7.39665365	0.22114912
73.65999797	7.39665365	0.22114912
73.66399797	7.23548222	0.22114912
73.66799797	7.23548222	0.22114912
73.67199797	7.39665365	0.22114912
73.67599797	7.39665365	0.22114912
73.67999797	7.39665365	0.22114912
73.68399797	7.23548222	0.22114912
73.68799797	7.23548222	0.22114912
73.69199797	7.39665365	0.22114912
73.69599797	7.39665365	0.22114912
73.69999797	7.23548222	0.22114912
73.70399797	7.39665365	0.22114912
73.70799797	7.39665365	0.22114912
73.71199797	7.39665365	0.22114912
73.71599797	7.39665365	0.22114912
73.71999797	7.23548222	0.22114912
73.72399797	7.39665365	0.22114912
73.72799797	7.39665365	0.22114912
73.73199797	7.39665365	0.22114912
73.73599797	7.23548222	0.22114912
73.73999797	7.39665365	0.22114912
73.74399797	7.39665365	0.22114912
73.74799797	7.39665365	0.22114912
73.75199797	7.39665365	0.22114912
73.75599797	7.39665365	0.22114912
73.75999797	7.39665365	0.22114912
73.76399797	7.39665365	0.22114912
73.76799797	7.39665365	0.22114912
73.77199797	7.39665365	0.22114912
73.77599797	7.39665365	0.22114912
73.77999797	7.39665365	0.22114912
73.78399797	7.39665365	0.22114912
73.78799797	7.39665365	0.22114912
73.79199797	7.39665365	0.22114912
73.79599797	7.39665365	0.22114912
73.79999797	7.39665365	0.22114912
73.80399797	7.23548222	0.22114912
73.80799797	7.39665365	0.22114912
73.81199797	7.39665365	0.22114912
73.81599797	7.39665365	0.22114912
73.81999797	7.39665365	0.22114912
73.82399797	7.23548222	0.22114912
73.82799797	7.39665365	0.22114912
73.83199797	7.39665365	0.22114912
73.83599797	7.39665365	0.22114912
73.83999797	7.39665365	0.22114912
73.84399797	7.39665365	0.22114912
73.84799797	7.39665365	0.22114912
73.85199797	7.39665365	0.22114912
73.85599797	7.23548222	0.22114912
73.85999797	7.39665365	0.22114912
73.86399797	7.39665365	0.22114912
73.86799797	7.39665365	0.22114912
73.87199796	7.23548222	0.22114912
73.87599796	7.23548222	0.22114912
73.87999796	7.39665365	0.22114912
73.88399796	7.39665365	0.22114912
73.88799796	7.39665365	0.22114912
73.89199796	7.23548222	0.22114912
73.89599796	7.39665365	0.22114912
73.89999796	7.39665365	0.22114912
73.90399796	7.39665365	0.22114912
73.90799796	7.23548222	0.22114912
73.91199796	7.39665365	0.22114912
73.91599796	7.39665365	0.22114912
73.91999796	7.39665365	0.22114912
73.92399796	7.23548222	0.22114912
73.92799796	7.23548222	0.22114912
73.93199796	7.39665365	0.22114912
73.93599796	7.39665365	0.22114912
73.93999796	7.39665365	0.22114912
73.94399796	7.39665365	0.22114912
73.94799796	7.23548222	0.22114912
73.95199796	7.39665365	0.22114912
73.95599796	7.39665365	0.22114912
73.95999796	7.23548222	0.22114912
73.96399796	7.39665365	0.22114912
73.96799796	7.39665365	0.22114912
73.97199796	7.39665365	0.22114912
73.97599796	7.23548222	0.22114912
73.97999796	7.23548222	0.22114912
73.98399796	7.39665365	0.22114912
73.98799796	7.39665365	0.22114912
73.99199796	7.39665365	0.22114912
73.99599796	7.23548222	0.22114912
73.99999796	7.39665365	0.22114912
74.00399796	7.39665365	0.22114912
74.00799796	7.39665365	0.22114912
74.01199796	7.23548222	0.22114912
74.01599796	7.39665365	0.22114912
74.01999796	7.39665365	0.22114912
74.02399796	7.39665365	0.22114912
74.02799796	7.23548222	0.22114912
74.03199796	7.23548222	0.22114912
74.03599796	7.39665365	0.22114912
74.03999796	7.39665365	0.22114912
74.04399796	7.39665365	0.22114912
74.04799796	7.23548222	0.22114912
74.05199796	7.23548222	0.22114912
74.05599796	7.39665365	0.22114912
74.05999796	7.39665365	0.22114912
74.06399796	7.39665365	0.22114912
74.06799796	7.39665365	0.22114912
74.07199796	7.39665365	0.22114912
74.07599796	7.39665365	0.22114912
74.07999796	7.23548222	0.22114912
74.08399796	7.23548222	0.22114912
74.08799796	7.39665365	0.22114912
74.09199796	7.39665365	0.22114912
74.09599796	7.39665365	0.22114912
74.09999796	7.23548222	0.22114912
74.10399796	7.23548222	0.22114912
74.10799796	7.39665365	0.22114912
74.11199796	7.39665365	0.22114912
74.11599796	7.39665365	0.22114912
74.11999796	7.39665365	0.22114912
74.12399796	7.39665365	0.22114912
74.12799796	7.23548222	0.22114912
74.13199796	7.23548222	0.22114912
74.13599796	7.39665365	0.22114912
74.13999796	7.39665365	0.22114912
74.14399796	7.39665365	0.22114912
74.14799796	7.39665365	0.22114912
74.15199796	7.39665365	0.22114912
74.15599796	7.39665365	0.22114912
74.15999796	7.39665365	0.22114912
74.16399796	7.39665365	0.22114912
74.16799796	7.39665365	0.22114912
74.17199796	7.39665365	0.22114912
74.17599796	7.39665365	0.22114912
74.17999796	7.39665365	0.22114912
74.18399796	7.39665365	0.22114912
74.18799796	7.23548222	0.22114912
74.19199796	7.23548222	0.22114912
74.19599796	7.39665365	0.22114912
74.19999796	7.39665365	0.22114912
74.20399796	7.39665365	0.22114912
74.20799796	7.39665365	0.22114912
74.21199796	7.39665365	0.22114912
74.21599796	7.39665365	0.22114912
74.21999796	7.23548222	0.22114912
74.22399795	7.23548222	0.22114912
74.22799795	7.39665365	0.22114912
74.23199795	7.39665365	0.22114912
74.23599795	7.39665365	0.22114912
74.23999795	7.23548222	0.22114912
74.24399795	7.23548222	0.22114912
74.24799795	7.39665365	0.22114912
74.25199795	7.39665365	0.22114912
74.25599795	7.23548222	0.22114912
74.25999795	7.23548222	0.22114912
74.26399795	7.39665365	0.22114912
74.26799795	7.39665365	0.22114912
74.27199795	7.39665365	0.22114912
74.27599795	7.23548222	0.22114912
74.27999795	7.39665365	0.22114912
74.28399795	7.39665365	0.22114912
74.28799795	7.39665365	0.22114912
74.29199795	7.23548222	0.22114912
74.29599795	7.39665365	0.22114912
74.29999795	7.39665365	0.22114912
74.30399795	7.39665365	0.22114912
74.30799795	7.39665365	0.22114912
74.31199795	7.23548222	0.22114912
74.31599795	7.23548222	0.22114912
74.31999795	7.39665365	0.22114912
74.32399795	7.39665365	0.22114912
74.32799795	7.39665365	0.22114912
74.33199795	7.39665365	0.22114912
74.33599795	7.23548222	0.22114912
74.33999795	7.23548222	0.22114912
74.34399795	7.23548222	0.22114912
74.34799795	7.23548222	0.22114912
74.35199795	7.39665365	0.22114912
74.35599795	7.39665365	0.22114912
74.35999795	7.39665365	0.22114912
74.36399795	7.23548222	0.22114912
74.36799795	7.23548222	0.22114912
74.37199795	7.39665365	0.22114912
74.37599795	7.39665365	0.22114912
74.37999795	7.39665365	0.22114912
74.38399795	7.23548222	0.22114912
74.38799795	7.39665365	0.22114912
74.39199795	7.39665365	0.22114912
74.39599795	7.39665365	0.22114912
74.39999795	7.23548222	0.22114912
74.40399795	7.39665365	0.22114912
74.40799795	7.39665365	0.22114912
74.41199795	7.23548222	0.22114912
74.41599795	7.23548222	0.22114912
74.41999795	7.39665365	0.22114912
74.42399795	7.39665365	0.22114912
74.42799795	7.39665365	0.22114912
74.43199795	7.23548222	0.22114912
74.43599795	7.23548222	0.22114912
74.43999795	7.39665365	0.22114912
74.44399795	7.39665365	0.22114912
74.44799795	7.39665365	0.22114912
74.45199795	7.39665365	0.22114912
74.45599795	7.39665365	0.22114912
74.45999795	7.39665365	0.22114912
74.46399795	7.39665365	0.22114912
74.46799795	7.23548222	0.22114912
74.47199795	7.23548222	0.22114912
74.47599795	7.39665365	0.22114912
74.47999795	7.39665365	0.22114912
74.48399795	7.39665365	0.22114912
74.48799795	7.39665365	0.22114912
74.49199795	7.39665365	0.22114912
74.49599795	7.23548222	0.22114912
74.49999795	7.23548222	0.22114912
74.50399795	7.39665365	0.22114912
74.50799795	7.39665365	0.22114912
74.51199795	7.39665365	0.22114912
74.51599795	7.23548222	0.22114912
74.51999795	7.23548222	0.22114912
74.52399795	7.23548222	0.22114912
74.52799795	7.39665365	0.22114912
74.53199795	7.23548222	0.22114912
74.53599795	7.23548222	0.22114912
74.53999795	7.39665365	0.22114912
74.54399795	7.39665365	0.22114912
74.54799795	7.39665365	0.22114912
74.55199795	7.23548222	0.22114912
74.55599795	7.39665365	0.22114912
74.55999795	7.39665365	0.22114912
74.56399795	7.39665365	0.22114912
74.56799795	7.39665365	0.22114912
74.57199795	7.23548222	0.22114912
74.57599795	7.39665365	0.22114912
74.57999794	7.39665365	0.22114912
74.58399794	7.23548222	0.22114912
74.58799794	7.39665365	0.22114912
74.59199794	7.39665365	0.22114912
74.59599794	7.39665365	0.22114912
74.59999794	7.23548222	0.22114912
74.60399794	7.39665365	0.22114912
74.60799794	7.39665365	0.22114912
74.61199794	7.39665365	0.22114912
74.61599794	7.39665365	0.22114912
74.61999794	7.23548222	0.22114912
74.62399794	7.23548222	0.22114912
74.62799794	7.39665365	0.22114912
74.63199794	7.39665365	0.22114912
74.63599794	7.39665365	0.22114912
74.63999794	7.39665365	0.22114912
74.64399794	7.39665365	0.22114912
74.64799794	7.39665365	0.22114912
74.65199794	7.23548222	0.22114912
74.65599794	7.23548222	0.22114912
74.65999794	7.39665365	0.22114912
74.66399794	7.39665365	0.22114912
74.66799794	7.39665365	0.22114912
74.67199794	7.23548222	0.22114912
74.67599794	7.23548222	0.22114912
74.67999794	7.23548222	0.22114912
74.68399794	7.23548222	0.22114912
74.68799794	7.39665365	0.22114912
74.69199794	7.39665365	0.22114912
74.69599794	7.39665365	0.22114912
74.69999794	7.23548222	0.22114912
74.70399794	7.23548222	0.22114912
74.70799794	7.39665365	0.22114912
74.71199794	7.39665365	0.22114912
74.71599794	7.39665365	0.22114912
74.71999794	7.39665365	0.22114912
74.72399794	7.39665365	0.22114912
74.72799794	7.39665365	0.22114912
74.73199794	7.23548222	0.22114912
74.73599794	7.23548222	0.22114912
74.73999794	7.23548222	0.22114912
74.74399794	7.39665365	0.22114912
74.74799794	7.39665365	0.22114912
74.75199794	7.39665365	0.22114912
74.75599794	7.23548222	0.22114912
74.75999794	7.39665365	0.22114912
74.76399794	7.39665365	0.22114912
74.76799794	7.39665365	0.22114912
74.77199794	7.23548222	0.22114912
74.77599794	7.39665365	0.22114912
74.77999794	7.39665365	0.22114912
74.78399794	7.39665365	0.22114912
74.78799794	7.23548222	0.22114912
74.79199794	7.23548222	0.22114912
74.79599794	7.39665365	0.22114912
74.79999794	7.39665365	0.22114912
74.80399794	7.23548222	0.22114912
74.80799794	7.23548222	0.22114912
74.81199794	7.39665365	0.22114912
74.81599794	7.39665365	0.22114912
74.81999794	7.39665365	0.22114912
74.82399794	7.23548222	0.22114912
74.82799794	7.39665365	0.22114912
74.83199794	7.39665365	0.22114912
74.83599794	7.39665365	0.22114912
74.83999794	7.23548222	0.22114912
74.84399794	7.39665365	0.22114912
74.84799794	7.39665365	0.22114912
74.85199794	7.39665365	0.22114912
74.85599794	7.39665365	0.22114912
74.85999794	7.23548222	0.22114912
74.86399794	7.39665365	0.22114912
74.86799794	7.39665365	0.20533957
74.87199794	7.39665365	0.22114912
74.87599794	7.39665365	0.22114912
74.87999794	7.39665365	0.22114912
74.88399794	7.39665365	0.22114912
74.88799794	7.39665365	0.22114912
74.89199794	7.23548222	0.22114912
74.89599794	7.23548222	0.22114912
74.89999794	7.39665365	0.22114912
74.90399794	7.39665365	0.22114912
74.90799794	7.39665365	0.22114912
74.91199794	7.39665365	0.22114912
74.91599794	7.23548222	0.22114912
74.91999794	7.23548222	0.22114912
74.92399794	7.39665365	0.22114912
74.92799794	7.39665365	0.22114912
74.93199793	7.39665365	0.22114912
74.93599793	7.39665365	0.22114912
74.93999793	7.39665365	0.22114912
74.94399793	7.39665365	0.22114912
74.94799793	7.23548222	0.22114912
74.95199793	7.23548222	0.22114912
74.95599793	7.23548222	0.22114912
74.95999793	7.39665365	0.22114912
74.96399793	7.39665365	0.22114912
74.96799793	7.39665365	0.22114912
74.97199793	7.23548222	0.22114912
74.97599793	7.23548222	0.22114912
74.97999793	7.23548222	0.22114912
74.98399793	7.23548222	0.22114912
74.98799793	7.39665365	0.22114912
74.99199793	7.39665365	0.22114912
74.99599793	7.39665365	0.22114912
74.99999793	7.23548222	0.22114912
75.00399793	7.23548222	0.22114912
75.00799793	7.39665365	0.22114912
75.01199793	7.39665365	0.22114912
75.01599793	7.23548222	0.22114912
75.01999793	7.39665365	0.22114912
75.02399793	7.39665365	0.22114912
75.02799793	7.39665365	0.22114912
75.03199793	7.23548222	0.22114912
75.03599793	7.23548222	0.22114912
75.03999793	7.39665365	0.22114912
75.04399793	7.39665365	0.22114912
75.04799793	7.39665365	0.22114912
75.05199793	7.23548222	0.22114912
75.05599793	7.23548222	0.22114912
75.05999793	7.23548222	0.22114912
75.06399793	7.23548222	0.22114912
75.06799793	7.39665365	0.22114912
75.07199793	7.39665365	0.22114912
75.07599793	7.39665365	0.22114912
75.07999793	7.39665365	0.22114912
75.08399793	7.23548222	0.22114912
75.08799793	7.23548222	0.22114912
75.09199793	7.23548222	0.22114912
75.09599793	7.39665365	0.22114912
75.09999793	7.39665365	0.22114912
75.10399793	7.39665365	0.22114912
75.10799793	7.23548222	0.22114912
75.11199793	7.23548222	0.22114912
75.11599793	7.23548222	0.20533957
75.11999793	7.23548222	0.22114912
75.12399793	7.39665365	0.22114912
75.12799793	7.39665365	0.22114912
75.13199793	7.23548222	0.22114912
75.13599793	7.23548222	0.22114912
75.13999793	7.23548222	0.20533957
75.14399793	7.23548222	0.22114912
75.14799793	7.39665365	0.22114912
75.15199793	7.39665365	0.22114912
75.15599793	7.39665365	0.22114912
75.15999793	7.39665365	0.22114912
75.16399793	7.23548222	0.22114912
75.16799793	7.23548222	0.22114912
75.17199793	7.23548222	0.22114912
75.17599793	7.39665365	0.22114912
75.17999793	7.39665365	0.22114912
75.18399793	7.23548222	0.22114912
75.18799793	7.23548222	0.22114912
75.19199793	7.23548222	0.22114912
75.19599793	7.23548222	0.20533957
75.19999793	7.39665365	0.22114912
75.20399793	7.39665365	0.22114912
75.20799793	7.39665365	0.22114912
75.21199793	7.39665365	0.22114912
75.21599793	7.23548222	0.22114912
75.21999793	7.23548222	0.22114912
75.22399793	7.23548222	0.22114912
75.22799793	7.23548222	0.22114912
75.23199793	7.39665365	0.22114912
75.23599793	7.23548222	0.22114912
75.23999793	7.23548222	0.22114912
75.24399793	7.23548222	0.20533957
75.24799793	7.23548222	0.22114912
75.25199793	7.23548222	0.22114912
75.25599793	7.23548222	0.22114912
75.25999793	7.39665365	0.22114912
75.26399793	7.39665365	0.22114912
75.26799793	7.23548222	0.22114912
75.27199793	7.23548222	0.22114912
75.27599793	7.23548222	0.22114912
75.27999793	7.23548222	0.22114912
75.28399793	7.23548222	0.22114912
75.28799792	7.23548222	0.22114912
75.29199792	7.39665365	0.22114912
75.29599792	7.39665365	0.22114912
75.29999792	7.23548222	0.20533957
75.30399792	7.23548222	0.22114912
75.30799792	7.23548222	0.20533957
75.31199792	7.23548222	0.22114912
75.31599792	7.39665365	0.20533957
75.31999792	7.39665365	0.22114912
75.32399792	7.23548222	0.22114912
75.32799792	7.23548222	0.22114912
75.33199792	7.23548222	0.22114912
75.33599792	7.39665365	0.22114912
75.33999792	7.23548222	0.22114912
75.34399792	7.23548222	0.22114912
75.34799792	7.23548222	0.22114912
75.35199792	7.39665365	0.22114912
75.35599792	7.23548222	0.22114912
75.35999792	7.23548222	0.22114912
75.36399792	7.23548222	0.20533957
75.36799792	7.39665365	0.22114912
75.37199792	7.39665365	0.22114912
75.37599792	7.23548222	0.22114912
75.37999792	7.23548222	0.20533957
75.38399792	7.39665365	0.22114912
75.38799792	7.23548222	0.20533957
75.39199792	7.23548222	0.22114912
75.39599792	7.23548222	0.22114912
75.39999792	7.39665365	0.22114912
75.40399792	7.39665365	0.22114912
75.40799792	7.23548222	0.22114912
75.41199792	7.23548222	0.22114912
75.41599792	7.23548222	0.22114912
75.41999792	7.39665365	0.22114912
75.42399792	7.23548222	0.22114912
75.42799792	7.23548222	0.20533957
75.43199792	7.23548222	0.22114912
75.43599792	7.39665365	0.22114912
75.43999792	7.39665365	0.22114912
75.44399792	7.39665365	0.22114912
75.44799792	7.23548222	0.22114912
75.45199792	7.23548222	0.22114912
75.45599792	7.23548222	0.22114912
75.45999792	7.23548222	0.22114912
75.46399792	7.23548222	0.22114912
75.46799792	7.39665365	0.20533957
75.47199792	7.39665365	0.22114912
75.47599792	7.23548222	0.22114912
75.47999792	7.23548222	0.20533957
75.48399792	7.23548222	0.20533957
75.48799792	7.23548222	0.22114912
75.49199792	7.39665365	0.22114912
75.49599792	7.23548222	0.22114912
75.49999792	7.23548222	0.20533957
75.50399792	7.23548222	0.20533957
75.50799792	7.39665365	0.20533957
75.51199792	7.23548222	0.22114912
75.51599792	7.23548222	0.20533957
75.51999792	7.23548222	0.22114912
75.52399792	7.23548222	0.20533957
75.52799792	7.23548222	0.20533957
75.53199792	7.23548222	0.20533957
75.53599792	7.23548222	0.22114912
75.53999792	7.23548222	0.22114912
75.54399792	7.39665365	0.22114912
75.54799792	7.23548222	0.20533957
75.55199792	7.23548222	0.22114912
75.55599792	7.23548222	0.22114912
75.55999792	7.23548222	0.22114912
75.56399792	7.39665365	0.22114912
75.56799792	7.23548222	0.22114912
75.57199792	7.23548222	0.22114912
75.57599792	7.23548222	0.22114912
75.57999792	7.39665365	0.20533957
75.58399792	7.39665365	0.22114912
75.58799792	7.23548222	0.22114912
75.59199792	7.23548222	0.22114912
75.59599792	7.23548222	0.20533957
75.59999792	7.39665365	0.22114912
75.60399792	7.23548222	0.20533957
75.60799792	7.23548222	0.22114912
75.61199792	7.23548222	0.20533957
75.61599792	7.23548222	0.22114912
75.61999792	7.23548222	0.20533957
75.62399792	7.23548222	0.22114912
75.62799792	7.23548222	0.20533957
75.63199792	7.23548222	0.22114912
75.63599792	7.23548222	0.22114912
75.63999791	7.23548222	0.22114912
75.64399791	7.23548222	0.20533957
75.64799791	7.39665365	0.20533957
75.65199791	7.39665365	0.22114912
75.65599791	7.23548222	0.22114912
75.65999791	7.23548222	0.22114912
75.66399791	7.23548222	0.20533957
75.66799791	7.39665365	0.22114912
75.67199791	7.39665365	0.22114912
75.67599791	7.23548222	0.22114912
75.67999791	7.23548222	0.22114912
75.68399791	7.23548222	0.22114912
75.68799791	7.23548222	0.20533957
75.69199791	7.23548222	0.20533957
75.69599791	7.23548222	0.22114912
75.69999791	7.23548222	0.20533957
75.70399791	7.23548222	0.20533957
75.70799791	7.23548222	0.22114912
75.71199791	7.23548222	0.22114912
75.71599791	7.23548222	0.20533957
75.71999791	7.39665365	0.22114912
75.72399791	7.23548222	0.20533957
75.72799791	7.23548222	0.22114912
75.73199791	7.23548222	0.20533957
75.73599791	7.39665365	0.22114912
75.73999791	7.23548222	0.20533957
75.74399791	7.23548222	0.22114912
75.74799791	7.23548222	0.22114912
75.75199791	7.23548222	0.20533957
75.75599791	7.23548222	0.20533957
75.75999791	7.23548222	0.22114912
75.76399791	7.23548222	0.22114912
75.76799791	7.23548222	0.22114912
75.77199791	7.39665365	0.20533957
75.77599791	7.23548222	0.22114912
75.77999791	7.23548222	0.20533957
75.78399791	7.23548222	0.22114912
75.78799791	7.39665365	0.22114912
75.79199791	7.23548222	0.22114912
75.79599791	7.23548222	0.20533957
75.79999791	7.23548222	0.20533957
75.80399791	7.39665365	0.22114912
75.80799791	7.39665365	0.22114912
75.81199791	7.23548222	0.20533957
75.81599791	7.23548222	0.22114912
75.81999791	7.23548222	0.20533957
75.82399791	7.23548222	0.22114912
75.82799791	7.23548222	0.20533957
75.83199791	7.23548222	0.20533957
75.83599791	7.39665365	0.20533957
75.83999791	7.39665365	0.22114912
75.84399791	7.23548222	0.20533957
75.84799791	7.23548222	0.20533957
75.85199791	7.23548222	0.20533957
75.85599791	7.23548222	0.22114912
75.85999791	7.23548222	0.20533957
75.86399791	7.39665365	0.20533957
75.86799791	7.39665365	0.20533957
75.87199791	7.39665365	0.22114912
75.87599791	7.23548222	0.20533957
75.87999791	7.23548222	0.20533957
75.88399791	7.23548222	0.20533957
75.88799791	7.39665365	0.20533957
75.89199791	7.39665365	0.22114912
75.89599791	7.39665365	0.20533957
75.89999791	7.23548222	0.20533957
75.90399791	7.23548222	0.20533957
75.90799791	7.23548222	0.20533957
75.91199791	7.39665365	0.20533957
75.91599791	7.39665365	0.22114912
75.91999791	7.39665365	0.22114912
75.92399791	7.39665365	0.20533957
75.92799791	7.23548222	0.22114912
75.93199791	7.23548222	0.20533957
75.93599791	7.23548222	0.22114912
75.93999791	7.39665365	0.20533957
75.94399791	7.39665365	0.22114912
75.94799791	7.39665365	0.22114912
75.95199791	7.23548222	0.20533957
75.95599791	7.23548222	0.20533957
75.95999791	7.39665365	0.22114912
75.96399791	7.23548222	0.20533957
75.96799791	7.23548222	0.20533957
75.97199791	7.39665365	0.20533957
75.97599791	7.39665365	0.22114912
75.97999791	7.39665365	0.20533957
75.98399791	7.23548222	0.22114912
75.98799791	7.23548222	0.20533957
75.99199790	7.39665365	0.20533957
75.99599790	7.39665365	0.20533957
75.99999790	7.23548222	0.20533957
76.00399790	7.23548222	0.20533957
76.00799790	7.39665365	0.20533957
76.01199790	7.39665365	0.20533957
76.01599790	7.23548222	0.22114912
76.01999790	7.23548222	0.20533957
76.02399790	7.23548222	0.22114912
76.02799790	7.39665365	0.20533957
76.03199790	7.39665365	0.22114912
76.03599790	7.39665365	0.20533957
76.03999790	7.23548222	0.22114912
76.04399790	7.23548222	0.20533957
76.04799790	7.39665365	0.20533957
76.05199790	7.23548222	0.20533957
76.05599790	7.23548222	0.20533957
76.05999790	7.39665365	0.20533957
76.06399790	7.39665365	0.20533957
76.06799790	7.39665365	0.20533957
76.07199790	7.23548222	0.20533957
76.07599790	7.23548222	0.20533957
76.07999790	7.39665365	0.20533957
76.08399790	7.39665365	0.20533957
76.08799790	7.39665365	0.20533957
76.09199790	7.23548222	0.20533957
76.09599790	7.23548222	0.20533957
76.09999790	7.23548222	0.20533957
76.10399790	7.39665365	0.20533957
76.10799790	7.39665365	0.20533957
76.11199790	7.23548222	0.20533957
76.11599790	7.23548222	0.20533957
76.11999790	7.23548222	0.20533957
76.12399790	7.39665365	0.20533957
76.12799790	7.39665365	0.22114912
76.13199790	7.23548222	0.20533957
76.13599790	7.39665365	0.22114912
76.13999790	7.39665365	0.20533957
76.14399790	7.39665365	0.22114912
76.14799790	7.39665365	0.20533957
76.15199790	7.39665365	0.22114912
76.15599790	7.39665365	0.20533957
76.15999790	7.23548222	0.20533957
76.16399790	7.23548222	0.20533957
76.16799790	7.39665365	0.20533957
76.17199790	7.39665365	0.20533957
76.17599790	7.39665365	0.20533957
76.17999790	7.23548222	0.20533957
76.18399790	7.23548222	0.20533957
76.18799790	7.39665365	0.20533957
76.19199790	7.39665365	0.22114912
76.19599790	7.23548222	0.20533957
76.19999790	7.23548222	0.22114912
76.20399790	7.23548222	0.20533957
76.20799790	7.39665365	0.20533957
76.21199790	7.39665365	0.20533957
76.21599790	7.39665365	0.22114912
76.21999790	7.39665365	0.20533957
76.22399790	7.39665365	0.20533957
76.22799790	7.39665365	0.20533957
76.23199790	7.39665365	0.20533957
76.23599790	7.23548222	0.20533957
76.23999790	7.39665365	0.20533957
76.24399790	7.39665365	0.20533957
76.24799790	7.39665365	0.20533957
76.25199790	7.39665365	0.20533957
76.25599790	7.23548222	0.20533957
76.25999790	7.39665365	0.20533957
76.26399790	7.39665365	0.22114912
76.26799790	7.39665365	0.22114912
76.27199790	7.39665365	0.22114912
76.27599790	7.39665365	0.20533957
76.27999790	7.39665365	0.20533957
76.28399790	7.39665365	0.20533957
76.28799790	7.23548222	0.20533957
76.29199790	7.23548222	0.20533957
76.29599790	7.39665365	0.20533957
76.29999790	7.39665365	0.20533957
76.30399790	7.39665365	0.22114912
76.30799790	7.23548222	0.22114912
76.31199790	7.23548222	0.20533957
76.31599790	7.39665365	0.20533957
76.31999790	7.39665365	0.20533957
76.32399790	7.23548222	0.20533957
76.32799790	7.39665365	0.20533957
76.33199790	7.39665365	0.20533957
76.33599790	7.39665365	0.22114912
76.33999790	7.23548222	0.20533957
76.34399790	7.23548222	0.20533957
76.34799789	7.39665365	0.20533957
76.35199789	7.39665365	0.22114912
76.35599789	7.39665365	0.20533957
76.35999789	7.23548222	0.20533957
76.36399789	7.23548222	0.20533957
76.36799789	7.39665365	0.20533957
76.37199789	7.39665365	0.20533957
76.37599789	7.39665365	0.20533957
76.37999789	7.39665365	0.20533957
76.38399789	7.39665365	0.20533957
76.38799789	7.39665365	0.20533957
76.39199789	7.23548222	0.20533957
76.39599789	7.39665365	0.20533957
76.39999789	7.39665365	0.20533957
76.40399789	7.39665365	0.20533957
76.40799789	7.39665365	0.20533957
76.41199789	7.39665365	0.20533957
76.41599789	7.39665365	0.20533957
76.41999789	7.39665365	0.20533957
76.42399789	7.23548222	0.22114912
76.42799789	7.23548222	0.20533957
76.43199789	7.39665365	0.20533957
76.43599789	7.39665365	0.20533957
76.43999789	7.39665365	0.20533957
76.44399789	7.39665365	0.20533957
76.44799789	7.23548222	0.20533957
76.45199789	7.23548222	0.20533957
76.45599789	7.23548222	0.20533957
76.45999789	7.23548222	0.20533957
76.46399789	7.39665365	0.20533957
76.46799789	7.39665365	0.20533957
76.47199789	7.39665365	0.22114912
76.47599789	7.23548222	0.20533957
76.47999789	7.23548222	0.20533957
76.48399789	7.39665365	0.20533957
76.48799789	7.39665365	0.20533957
76.49199789	7.39665365	0.20533957
76.49599789	7.39665365	0.20533957
76.49999789	7.39665365	0.20533957
76.50399789	7.23548222	0.20533957
76.50799789	7.23548222	0.20533957
76.51199789	7.23548222	0.20533957
76.51599789	7.39665365	0.20533957
76.51999789	7.39665365	0.20533957
76.52399789	7.23548222	0.20533957
76.52799789	7.23548222	0.20533957
76.53199789	7.23548222	0.20533957
76.53599789	7.39665365	0.20533957
76.53999789	7.39665365	0.20533957
76.54399789	7.39665365	0.20533957
76.54799789	7.39665365	0.20533957
76.55199789	7.39665365	0.20533957
76.55599789	7.23548222	0.20533957
76.55999789	7.23548222	0.20533957
76.56399789	7.23548222	0.20533957
76.56799789	7.39665365	0.22114912
76.57199789	7.39665365	0.20533957
76.57599789	7.39665365	0.20533957
76.57999789	7.23548222	0.20533957
76.58399789	7.23548222	0.20533957
76.58799789	7.39665365	0.20533957
76.59199789	7.23548222	0.20533957
76.59599789	7.23548222	0.20533957
76.59999789	7.39665365	0.20533957
76.60399789	7.39665365	0.20533957
76.60799789	7.23548222	0.20533957
76.61199789	7.23548222	0.20533957
76.61599789	7.39665365	0.20533957
76.61999789	7.39665365	0.20533957
76.62399789	7.39665365	0.20533957
76.62799789	7.23548222	0.20533957
76.63199789	7.39665365	0.20533957
76.63599789	7.39665365	0.20533957
76.63999789	7.23548222	0.20533957
76.64399789	7.23548222	0.20533957
76.64799789	7.23548222	0.20533957
76.65199789	7.39665365	0.20533957
76.65599789	7.39665365	0.20533957
76.65999789	7.39665365	0.20533957
76.66399789	7.23548222	0.20533957
76.66799789	7.23548222	0.20533957
76.67199789	7.23548222	0.20533957
76.67599789	7.39665365	0.20533957
76.67999789	7.23548222	0.20533957
76.68399789	7.39665365	0.20533957
76.68799789	7.39665365	0.20533957
76.69199789	7.23548222	0.20533957
76.69599789	7.23548222	0.20533957
76.69999788	7.23548222	0.20533957
76.70399788	7.39665365	0.20533957
76.70799788	7.39665365	0.20533957
76.71199788	7.39665365	0.20533957
76.71599788	7.23548222	0.20533957
76.71999788	7.39665365	0.20533957
76.72399788	7.23548222	0.20533957
76.72799788	7.23548222	0.20533957
76.73199788	7.23548222	0.20533957
76.73599788	7.39665365	0.20533957
76.73999788	7.39665365	0.20533957
76.74399788	7.39665365	0.20533957
76.74799788	7.23548222	0.20533957
76.75199788	7.23548222	0.20533957
76.75599788	7.39665365	0.20533957
76.75999788	7.39665365	0.20533957
76.76399788	7.39665365	0.20533957
76.76799788	7.23548222	0.20533957
76.77199788	7.23548222	0.20533957
76.77599788	7.39665365	0.20533957
76.77999788	7.23548222	0.20533957
76.78399788	7.23548222	0.20533957
76.78799788	7.23548222	0.20533957
76.79199788	7.39665365	0.20533957
76.79599788	7.39665365	0.20533957
76.79999788	7.23548222	0.20533957
76.80399788	7.23548222	0.20533957
76.80799788	7.23548222	0.20533957
76.81199788	7.23548222	0.20533957
76.81599788	7.23548222	0.20533957
76.81999788	7.23548222	0.20533957
76.82399788	7.39665365	0.20533957
76.82799788	7.39665365	0.20533957
76.83199788	7.39665365	0.20533957
76.83599788	7.23548222	0.20533957
76.83999788	7.23548222	0.20533957
76.84399788	7.39665365	0.20533957
76.84799788	7.23548222	0.20533957
76.85199788	7.39665365	0.20533957
76.85599788	7.39665365	0.20533957
76.85999788	7.39665365	0.20533957
76.86399788	7.23548222	0.20533957
76.86799788	7.23548222	0.20533957
76.87199788	7.23548222	0.20533957
76.87599788	7.39665365	0.20533957
76.87999788	7.39665365	0.20533957
76.88399788	7.39665365	0.20533957
76.88799788	7.23548222	0.20533957
76.89199788	7.23548222	0.20533957
76.89599788	7.23548222	0.20533957
76.89999788	7.39665365	0.20533957
76.90399788	7.39665365	0.20533957
76.90799788	7.39665365	0.20533957
76.91199788	7.39665365	0.20533957
76.91599788	7.23548222	0.20533957
76.91999788	7.23548222	0.20533957
76.92399788	7.23548222	0.20533957
76.92799788	7.23548222	0.20533957
76.93199788	7.39665365	0.20533957
76.93599788	7.39665365	0.20533957
76.93999788	7.23548222	0.20533957
76.94399788	7.23548222	0.20533957
76.94799788	7.23548222	0.20533957
76.95199788	7.39665365	0.20533957
76.95599788	7.39665365	0.20533957
76.95999788	7.39665365	0.20533957
76.96399788	7.23548222	0.20533957
76.96799788	7.23548222	0.20533957
76.97199788	7.23548222	0.20533957
76.97599788	7.23548222	0.20533957
76.97999788	7.23548222	0.20533957
76.98399788	7.23548222	0.20533957
76.98799788	7.39665365	0.20533957
76.99199788	7.39665365	0.20533957
76.99599788	7.23548222	0.20533957
76.99999788	7.23548222	0.20533957
77.00399788	7.23548222	0.20533957
77.00799788	7.39665365	0.20533957
77.01199788	7.23548222	0.20533957
77.01599788	7.23548222	0.20533957
77.01999788	7.39665365	0.20533957
77.02399788	7.39665365	0.20533957
77.02799788	7.23548222	0.20533957
77.03199788	7.23548222	0.20533957
77.03599788	7.39665365	0.20533957
77.03999788	7.39665365	0.20533957
77.04399788	7.23548222	0.20533957
77.04799788	7.23548222	0.20533957
77.05199787	7.39665365	0.20533957
77.05599787	7.39665365	0.20533957
77.05999787	7.23548222	0.20533957
77.06399787	7.23548222	0.20533957
77.06799787	7.23548222	0.20533957
77.07199787	7.39665365	0.20533957
77.07599787	7.23548222	0.20533957
77.07999787	7.23548222	0.20533957
77.08399787	7.23548222	0.20533957
77.08799787	7.39665365	0.20533957
77.09199787	7.39665365	0.20533957
77.09599787	7.23548222	0.20533957
77.09999787	7.23548222	0.20533957
77.10399787	7.39665365	0.20533957
77.10799787	7.39665365	0.20533957
77.11199787	7.23548222	0.20533957
77.11599787	7.23548222	0.20533957
77.11999787	7.23548222	0.20533957
77.12399787	7.39665365	0.20533957
77.12799787	7.39665365	0.20533957
77.13199787	7.39665365	0.20533957
77.13599787	7.39665365	0.20533957
77.13999787	7.39665365	0.20533957
77.14399787	7.39665365	0.20533957
77.14799787	7.23548222	0.20533957
77.15199787	7.23548222	0.20533957
77.15599787	7.23548222	0.20533957
77.15999787	7.39665365	0.20533957
77.16399787	7.23548222	0.20533957
77.16799787	7.23548222	0.20533957
77.17199787	7.23548222	0.20533957
77.17599787	7.39665365	0.20533957
77.17999787	7.23548222	0.20533957
77.18399787	7.23548222	0.20533957
77.18799787	7.23548222	0.20533957
77.19199787	7.39665365	0.20533957
77.19599787	7.23548222	0.20533957
77.19999787	7.23548222	0.20533957
77.20399787	7.39665365	0.20533957
77.20799787	7.39665365	0.20533957
77.21199787	7.23548222	0.20533957
77.21599787	7.23548222	0.20533957
77.21999787	7.23548222	0.20533957
77.22399787	7.39665365	0.20533957
77.22799787	7.39665365	0.20533957
77.23199787	7.39665365	0.20533957
77.23599787	7.23548222	0.20533957
77.23999787	7.23548222	0.20533957
77.24399787	7.23548222	0.20533957
77.24799787	7.23548222	0.20533957
77.25199787	7.39665365	0.20533957
77.25599787	7.39665365	0.20533957
77.25999787	7.23548222	0.20533957
77.26399787	7.23548222	0.20533957
77.26799787	7.23548222	0.20533957
77.27199787	7.39665365	0.20533957
77.27599787	7.23548222	0.20533957
77.27999787	7.23548222	0.20533957
77.28399787	7.39665365	0.20533957
77.28799787	7.23548222	0.20533957
77.29199787	7.23548222	0.20533957
77.29599787	7.23548222	0.20533957
77.29999787	7.23548222	0.20533957
77.30399787	7.39665365	0.20533957
77.30799787	7.23548222	0.20533957
77.31199787	7.23548222	0.20533957
77.31599787	7.23548222	0.20533957
77.31999787	7.23548222	0.20533957
77.32399787	7.39665365	0.20533957
77.32799787	7.23548222	0.20533957
77.33199787	7.23548222	0.20533957
77.33599787	7.23548222	0.20533957
77.33999787	7.23548222	0.20533957
77.34399787	7.23548222	0.20533957
77.34799787	7.23548222	0.20533957
77.35199787	7.23548222	0.20533957
77.35599787	7.39665365	0.20533957
77.35999787	7.39665365	0.20533957
77.36399787	7.23548222	0.20533957
77.36799787	7.23548222	0.20533957
77.37199787	7.23548222	0.20533957
77.37599787	7.39665365	0.20533957
77.37999787	7.39665365	0.20533957
77.38399787	7.23548222	0.20533957
77.38799787	7.23548222	0.20533957
77.39199787	7.23548222	0.20533957
77.39599787	7.23548222	0.20533957
77.39999787	7.23548222	0.20533957
77.40399787	7.23548222	0.20533957
77.40799786	7.23548222	0.20533957
77.41199786	7.23548222	0.20533957
77.41599786	7.23548222	0.20533957
77.41999786	7.39665365	0.20533957
77.42399786	7.39665365	0.20533957
77.42799786	7.23548222	0.20533957
77.43199786	7.23548222	0.20533957
77.43599786	7.23548222	0.20533957
77.43999786	7.23548222	0.20533957
77.44399786	7.39665365	0.20533957
77.44799786	7.23548222	0.20533957
77.45199786	7.23548222	0.20533957
77.45599786	7.23548222	0.20533957
77.45999786	7.23548222	0.20533957
77.46399786	7.23548222	0.20533957
77.46799786	7.23548222	0.20533957
77.47199786	7.23548222	0.20533957
77.47599786	7.23548222	0.20533957
77.47999786	7.23548222	0.20533957
77.48399786	7.23548222	0.20533957
77.48799786	7.23548222	0.20533957
77.49199786	7.23548222	0.20533957
77.49599786	7.39665365	0.20533957
77.49999786	7.23548222	0.20533957
77.50399786	7.23548222	0.20533957
77.50799786	7.23548222	0.20533957
77.51199786	7.39665365	0.20533957
77.51599786	7.23548222	0.20533957
77.51999786	7.23548222	0.20533957
77.52399786	7.23548222	0.20533957
77.52799786	7.39665365	0.20533957
77.53199786	7.39665365	0.20533957
77.53599786	7.23548222	0.20533957
77.53999786	7.23548222	0.20533957
77.54399786	7.23548222	0.20533957
77.54799786	7.39665365	0.20533957
77.55199786	7.23548222	0.20533957
77.55599786	7.23548222	0.20533957
77.55999786	7.23548222	0.20533957
77.56399786	7.39665365	0.20533957
77.56799786	7.23548222	0.20533957
77.57199786	7.23548222	0.20533957
77.57599786	7.23548222	0.20533957
77.57999786	7.23548222	0.20533957
77.58399786	7.23548222	0.20533957
77.58799786	7.23548222	0.20533957
77.59199786	7.23548222	0.20533957
77.59599786	7.23548222	0.20533957
77.59999786	7.23548222	0.20533957
77.60399786	7.23548222	0.20533957
77.60799786	7.23548222	0.20533957
77.61199786	7.39665365	0.20533957
77.61599786	7.23548222	0.20533957
77.61999786	7.23548222	0.20533957
77.62399786	7.39665365	0.20533957
77.62799786	7.23548222	0.20533957
77.63199786	7.23548222	0.20533957
77.63599786	7.23548222	0.20533957
77.63999786	7.39665365	0.20533957
77.64399786	7.39665365	0.20533957
77.64799786	7.23548222	0.20533957
77.65199786	7.23548222	0.20533957
77.65599786	7.23548222	0.20533957
77.65999786	7.23548222	0.20533957
77.66399786	7.39665365	0.20533957
77.66799786	7.23548222	0.20533957
77.67199786	7.23548222	0.20533957
77.67599786	7.23548222	0.20533957
77.67999786	7.23548222	0.20533957
77.68399786	7.23548222	0.20533957
77.68799786	7.23548222	0.20533957
77.69199786	7.23548222	0.20533957
77.69599786	7.23548222	0.20533957
77.69999786	7.23548222	0.20533957
77.70399786	7.23548222	0.20533957
77.70799786	7.39665365	0.20533957
77.71199786	7.23548222	0.20533957
77.71599786	7.23548222	0.20533957
77.71999786	7.23548222	0.20533957
77.72399786	7.23548222	0.20533957
77.72799786	7.39665365	0.20533957
77.73199786	7.23548222	0.20533957
77.73599786	7.23548222	0.20533957
77.73999786	7.23548222	0.20533957
77.74399786	7.23548222	0.20533957
77.74799786	7.23548222	0.20533957
77.75199786	7.23548222	0.20533957
77.75599786	7.23548222	0.20533957
77.75999785	7.23548222	0.20533957
77.76399785	7.23548222	0.20533957
77.76799785	7.23548222	0.20533957
77.77199785	7.23548222	0.20533957
77.77599785	7.23548222	0.20533957
77.77999785	7.39665365	0.20533957
77.78399785	7.23548222	0.20533957
77.78799785	7.23548222	0.20533957
77.79199785	7.23548222	0.20533957
77.79599785	7.23548222	0.20533957
77.79999785	7.39665365	0.20533957
77.80399785	7.23548222	0.20533957
77.80799785	7.23548222	0.20533957
77.81199785	7.23548222	0.20533957
77.81599785	7.23548222	0.20533957
77.81999785	7.23548222	0.20533957
77.82399785	7.23548222	0.20533957
77.82799785	7.23548222	0.20533957
77.83199785	7.23548222	0.20533957
77.83599785	7.23548222	0.20533957
77.83999785	7.23548222	0.20533957
77.84399785	7.23548222	0.20533957
77.84799785	7.23548222	0.20533957
77.85199785	7.23548222	0.20533957
77.85599785	7.23548222	0.20533957
77.85999785	7.23548222	0.20533957
77.86399785	7.23548222	0.20533957
77.86799785	7.23548222	0.20533957
77.87199785	7.23548222	0.20533957
77.87599785	7.39665365	0.20533957
77.87999785	7.23548222	0.20533957
77.88399785	7.23548222	0.20533957
77.88799785	7.23548222	0.20533957
77.89199785	7.39665365	0.20533957
77.89599785	7.39665365	0.20533957
77.89999785	7.23548222	0.20533957
77.90399785	7.23548222	0.20533957
77.90799785	7.23548222	0.20533957
77.91199785	7.23548222	0.20533957
77.91599785	7.23548222	0.20533957
77.91999785	7.23548222	0.20533957
77.92399785	7.23548222	0.20533957
77.92799785	7.39665365	0.20533957
77.93199785	7.23548222	0.20533957
77.93599785	7.23548222	0.20533957
77.93999785	7.23548222	0.20533957
77.94399785	7.39665365	0.20533957
77.94799785	7.39665365	0.20533957
77.95199785	7.23548222	0.20533957
77.95599785	7.23548222	0.20533957
77.95999785	7.23548222	0.20533957
77.96399785	7.39665365	0.20533957
77.96799785	7.39665365	0.20533957
77.97199785	7.23548222	0.20533957
77.97599785	7.39665365	0.20533957
77.97999785	7.39665365	0.20533957
77.98399785	7.39665365	0.20533957
77.98799785	7.23548222	0.20533957
77.99199785	7.23548222	0.20533957
77.99599785	7.39665365	0.20533957
77.99999785	7.39665365	0.20533957
78.00399785	7.23548222	0.20533957
78.00799785	7.23548222	0.20533957
78.01199785	7.39665365	0.20533957
78.01599785	7.39665365	0.20533957
78.01999785	7.23548222	0.20533957
78.02399785	7.39665365	0.20533957
78.02799785	7.39665365	0.20533957
78.03199785	7.39665365	0.20533957
78.03599785	7.39665365	0.20533957
78.03999785	7.23548222	0.20533957
78.04399785	7.23548222	0.20533957
78.04799785	7.39665365	0.20533957
78.05199785	7.39665365	0.20533957
78.05599785	7.23548222	0.20533957
78.05999785	7.39665365	0.20533957
78.06399785	7.23548222	0.20533957
78.06799785	7.23548222	0.20533957
78.07199785	7.23548222	0.20533957
78.07599785	7.23548222	0.20533957
78.07999785	7.39665365	0.20533957
78.08399785	7.39665365	0.20533957
78.08799785	7.23548222	0.20533957
78.09199785	7.23548222	0.20533957
78.09599785	7.39665365	0.20533957
78.09999785	7.39665365	0.20533957
78.10399785	7.39665365	0.20533957
78.10799785	7.23548222	0.20533957
78.11199785	7.23548222	0.20533957
78.11599784	7.39665365	0.20533957
78.11999784	7.23548222	0.20533957
78.12399784	7.23548222	0.20533957
78.12799784	7.23548222	0.20533957
78.13199784	7.39665365	0.20533957
78.13599784	7.39665365	0.20533957
78.13999784	7.39665365	0.20533957
78.14399784	7.23548222	0.20533957
78.14799784	7.23548222	0.20533957
78.15199784	7.23548222	0.20533957
78.15599784	7.23548222	0.20533957
78.15999784	7.39665365	0.20533957
78.16399784	7.55720949	0.20533957
78.16799784	7.39665365	0.20533957
78.17199784	7.23548222	0.20533957
78.17599784	7.07492638	0.20533957
78.17999784	7.23548222	0.20533957
78.18399784	7.39665365	0.20533957
78.18799784	7.39665365	0.20533957
78.19199784	7.23548222	0.20533957
78.19599784	7.39665365	0.20533957
78.19999784	7.39665365	0.20533957
78.20399784	7.23548222	0.20533957
78.20799784	7.23548222	0.20533957
78.21199784	7.39665365	0.20533957
78.21599784	7.55720949	0.20533957
78.21999784	7.39665365	0.20533957
78.22399784	7.23548222	0.20533957
78.22799784	7.23548222	0.18959154
78.23199784	7.23548222	0.20533957
78.23599784	7.39665365	0.20533957
78.23999784	7.23548222	0.20533957
78.24399784	7.39665365	0.20533957
78.24799784	7.39665365	0.20533957
78.25199784	7.39665365	0.20533957
78.25599784	7.23548222	0.20533957
78.25999784	7.23548222	0.20533957
78.26399784	7.39665365	0.20533957
78.26799784	7.39665365	0.20533957
78.27199784	7.39665365	0.20533957
78.27599784	7.39665365	0.20533957
78.27999784	7.23548222	0.20533957
78.28399784	7.23548222	0.20533957
78.28799784	7.23548222	0.20533957
78.29199784	7.23548222	0.18959154
78.29599784	7.39665365	0.20533957
78.29999784	7.39665365	0.20533957
78.30399784	7.39665365	0.20533957
78.30799784	7.23548222	0.20533957
78.31199784	7.23548222	0.20533957
78.31599784	7.23548222	0.20533957
78.31999784	7.23548222	0.20533957
78.32399784	7.39665365	0.20533957
78.32799784	7.39665365	0.20533957
78.33199784	7.39665365	0.20533957
78.33599784	7.39665365	0.20533957
78.33999784	7.23548222	0.20533957
78.34399784	7.23548222	0.20533957
78.34799784	7.39665365	0.20533957
78.35199784	7.39665365	0.20533957
78.35599784	7.39665365	0.20533957
78.35999784	7.39665365	0.20533957
78.36399784	7.39665365	0.20533957
78.36799784	7.39665365	0.20533957
78.37199784	7.23548222	0.20533957
78.37599784	7.23548222	0.20533957
78.37999784	7.39665365	0.20533957
78.38399784	7.39665365	0.20533957
78.38799784	7.39665365	0.20533957
78.39199784	7.39665365	0.20533957
78.39599784	7.23548222	0.20533957
78.39999784	7.23548222	0.20533957
78.40399784	7.23548222	0.18959154
78.40799784	7.39665365	0.20533957
78.41199784	7.39665365	0.20533957
78.41599784	7.39665365	0.20533957
78.41999784	7.39665365	0.20533957
78.42399784	7.23548222	0.20533957
78.42799784	7.23548222	0.18959154
78.43199784	7.39665365	0.20533957
78.43599784	7.55720949	0.20533957
78.43999784	7.55720949	0.20533957
78.44399784	7.39665365	0.20533957
78.44799784	7.23548222	0.20533957
78.45199784	7.23548222	0.20533957
78.45599784	7.39665365	0.20533957
78.45999784	7.39665365	0.20533957
78.46399784	7.39665365	0.20533957
78.46799783	7.39665365	0.20533957
78.47199783	7.39665365	0.20533957
78.47599783	7.39665365	0.20533957
78.47999783	7.23548222	0.20533957
78.48399783	7.23548222	0.20533957
78.48799783	7.39665365	0.20533957
78.49199783	7.39665365	0.20533957
78.49599783	7.39665365	0.20533957
78.49999783	7.39665365	0.18959154
78.50399783	7.39665365	0.20533957
78.50799783	7.39665365	0.20533957
78.51199783	7.39665365	0.20533957
78.51599783	7.23548222	0.18959154
78.51999783	7.39665365	0.20533957
78.52399783	7.39665365	0.18959154
78.52799783	7.39665365	0.20533957
78.53199783	7.39665365	0.20533957
78.53599783	7.23548222	0.20533957
78.53999783	7.23548222	0.18959154
78.54399783	7.39665365	0.20533957
78.54799783	7.39665365	0.20533957
78.55199783	7.39665365	0.20533957
78.55599783	7.39665365	0.20533957
78.55999783	7.39665365	0.20533957
78.56399783	7.23548222	0.18959154
78.56799783	7.39665365	0.20533957
78.57199783	7.39665365	0.18959154
78.57599783	7.39665365	0.20533957
78.57999783	7.39665365	0.20533957
78.58399783	7.23548222	0.20533957
78.58799783	7.23548222	0.20533957
78.59199783	7.23548222	0.20533957
78.59599783	7.39665365	0.20533957
78.59999783	7.39665365	0.20533957
78.60399783	7.39665365	0.20533957
78.60799783	7.39665365	0.20533957
78.61199783	7.23548222	0.20533957
78.61599783	7.23548222	0.20533957
78.61999783	7.39665365	0.20533957
78.62399783	7.55720949	0.20533957
78.62799783	7.39665365	0.20533957
78.63199783	7.39665365	0.20533957
78.63599783	7.23548222	0.18959154
78.63999783	7.23548222	0.18959154
78.64399783	7.39665365	0.20533957
78.64799783	7.39665365	0.20533957
78.65199783	7.39665365	0.20533957
78.65599783	7.39665365	0.20533957
78.65999783	7.39665365	0.18959154
78.66399783	7.23548222	0.20533957
78.66799783	7.23548222	0.20533957
78.67199783	7.39665365	0.20533957
78.67599783	7.39665365	0.20533957
78.67999783	7.39665365	0.20533957
78.68399783	7.39665365	0.20533957
78.68799783	7.39665365	0.20533957
78.69199783	7.23548222	0.20533957
78.69599783	7.39665365	0.20533957
78.69999783	7.23548222	0.20533957
78.70399783	7.23548222	0.20533957
78.70799783	7.39665365	0.20533957
78.71199783	7.39665365	0.20533957
78.71599783	7.39665365	0.20533957
78.71999783	7.23548222	0.20533957
78.72399783	7.23548222	0.20533957
78.72799783	7.23548222	0.20533957
78.73199783	7.23548222	0.18959154
78.73599783	7.39665365	0.20533957
78.73999783	7.39665365	0.20533957
78.74399783	7.39665365	0.20533957
78.74799783	7.39665365	0.18959154
78.75199783	7.23548222	0.20533957
78.75599783	7.39665365	0.18959154
78.75999783	7.39665365	0.18959154
78.76399783	7.39665365	0.18959154
78.76799783	7.39665365	0.20533957
78.77199783	7.23548222	0.20533957
78.77599783	7.23548222	0.20533957
78.77999783	7.39665365	0.18959154
78.78399783	7.39665365	0.20533957
78.78799783	7.39665365	0.20533957
78.79199783	7.23548222	0.20533957
78.79599783	7.39665365	0.20533957
78.79999783	7.39665365	0.20533957
78.80399783	7.23548222	0.20533957
78.80799783	7.23548222	0.20533957
78.81199783	7.39665365	0.18959154
78.81599783	7.39665365	0.20533957
78.81999782	7.39665365	0.20533957
78.82399782	7.23548222	0.20533957
78.82799782	7.23548222	0.20533957
78.83199782	7.23548222	0.20533957
78.83599782	7.23548222	0.20533957
78.83999782	7.39665365	0.20533957
78.84399782	7.39665365	0.18959154
78.84799782	7.39665365	0.20533957
78.85199782	7.39665365	0.20533957
78.85599782	7.23548222	0.20533957
78.85999782	7.23548222	0.18959154
78.86399782	7.39665365	0.20533957
78.86799782	7.39665365	0.18959154
78.87199782	7.39665365	0.20533957
78.87599782	7.39665365	0.20533957
78.87999782	7.23548222	0.20533957
78.88399782	7.23548222	0.18959154
78.88799782	7.23548222	0.18959154
78.89199782	7.39665365	0.20533957
78.89599782	7.39665365	0.18959154
78.89999782	7.39665365	0.20533957
78.90399782	7.23548222	0.20533957
78.90799782	7.23548222	0.18959154
78.91199782	7.23548222	0.18959154
78.91599782	7.39665365	0.20533957
78.91999782	7.39665365	0.20533957
78.92399782	7.39665365	0.20533957
78.92799782	7.39665365	0.20533957
78.93199782	7.39665365	0.18959154
78.93599782	7.23548222	0.18959154
78.93999782	7.23548222	0.18959154
78.94399782	7.23548222	0.20533957
78.94799782	7.39665365	0.18959154
78.95199782	7.39665365	0.20533957
78.95599782	7.39665365	0.18959154
78.95999782	7.23548222	0.20533957
78.96399782	7.23548222	0.18959154
78.96799782	7.23548222	0.20533957
78.97199782	7.23548222	0.18959154
78.97599782	7.39665365	0.18959154
78.97999782	7.39665365	0.18959154
78.98399782	7.23548222	0.20533957
78.98799782	7.23548222	0.20533957
78.99199782	7.23548222	0.20533957
78.99599782	7.39665365	0.20533957
78.99999782	7.39665365	0.20533957
79.00399782	7.39665365	0.18959154
79.00799782	7.39665365	0.20533957
79.01199782	7.39665365	0.20533957
79.01599782	7.23548222	0.20533957
79.01999782	7.23548222	0.18959154
79.02399782	7.23548222	0.20533957
79.02799782	7.39665365	0.20533957
79.03199782	7.39665365	0.20533957
79.03599782	7.39665365	0.18959154
79.03999782	7.39665365	0.18959154
79.04399782	7.39665365	0.18959154
79.04799782	7.39665365	0.18959154
79.05199782	7.23548222	0.18959154
79.05599782	7.39665365	0.18959154
79.05999782	7.39665365	0.18959154
79.06399782	7.39665365	0.18959154
79.06799782	7.39665365	0.18959154
79.07199782	7.39665365	0.18959154
79.07599782	7.39665365	0.20533957
79.07999782	7.23548222	0.20533957
79.08399782	7.23548222	0.18959154
79.08799782	7.39665365	0.20533957
79.09199782	7.39665365	0.18959154
79.09599782	7.39665365	0.20533957
79.09999782	7.39665365	0.20533957
79.10399782	7.23548222	0.20533957
79.10799782	7.39665365	0.18959154
79.11199782	7.39665365	0.18959154
79.11599782	7.39665365	0.18959154
79.11999782	7.39665365	0.20533957
79.12399782	7.39665365	0.18959154
79.12799782	7.23548222	0.20533957
79.13199782	7.39665365	0.18959154
79.13599782	7.39665365	0.18959154
79.13999782	7.39665365	0.18959154
79.14399782	7.39665365	0.20533957
79.14799782	7.39665365	0.18959154
79.15199782	7.23548222	0.20533957
79.15599782	7.39665365	0.18959154
79.15999782	7.39665365	0.20533957
79.16399782	7.39665365	0.18959154
79.16799782	7.39665365	0.20533957
79.17199782	7.39665365	0.20533957
79.17599781	7.23548222	0.18959154
79.17999781	7.23548222	0.18959154
79.18399781	7.39665365	0.20533957
79.18799781	7.39665365	0.20533957
79.19199781	7.39665365	0.20533957
79.19599781	7.39665365	0.20533957
79.19999781	7.39665365	0.18959154
79.20399781	7.39665365	0.18959154
79.20799781	7.39665365	0.18959154
79.21199781	7.39665365	0.18959154
79.21599781	7.39665365	0.18959154
79.21999781	7.39665365	0.18959154
79.22399781	7.39665365	0.20533957
79.22799781	7.39665365	0.18959154
79.23199781	7.39665365	0.20533957
79.23599781	7.39665365	0.20533957
79.23999781	7.39665365	0.20533957
79.24399781	7.39665365	0.18959154
79.24799781	7.39665365	0.20533957
79.25199781	7.39665365	0.18959154
79.25599781	7.39665365	0.20533957
79.25999781	7.39665365	0.20533957
79.26399781	7.39665365	0.20533957
79.26799781	7.39665365	0.18959154
79.27199781	7.39665365	0.18959154
79.27599781	7.39665365	0.18959154
79.27999781	7.39665365	0.20533957
79.28399781	7.39665365	0.18959154
79.28799781	7.39665365	0.20533957
79.29199781	7.39665365	0.18959154
79.29599781	7.39665365	0.18959154
79.29999781	7.39665365	0.18959154
79.30399781	7.39665365	0.18959154
79.30799781	7.39665365	0.18959154
79.31199781	7.23548222	0.18959154
79.31599781	7.39665365	0.18959154
79.31999781	7.39665365	0.20533957
79.32399781	7.39665365	0.18959154
79.32799781	7.39665365	0.20533957
79.33199781	7.39665365	0.18959154
79.33599781	7.39665365	0.20533957
79.33999781	7.39665365	0.18959154
79.34399781	7.23548222	0.20533957
79.34799781	7.23548222	0.18959154
79.35199781	7.39665365	0.18959154
79.35599781	7.39665365	0.20533957
79.35999781	7.39665365	0.20533957
79.36399781	7.23548222	0.18959154
79.36799781	7.23548222	0.18959154
79.37199781	7.23548222	0.18959154
79.37599781	7.39665365	0.18959154
79.37999781	7.39665365	0.18959154
79.38399781	7.39665365	0.18959154
79.38799781	7.39665365	0.18959154
79.39199781	7.39665365	0.20533957
79.39599781	7.23548222	0.18959154
79.39999781	7.23548222	0.18959154
79.40399781	7.39665365	0.18959154
79.40799781	7.39665365	0.20533957
79.41199781	7.39665365	0.18959154
79.41599781	7.39665365	0.18959154
79.41999781	7.39665365	0.18959154
79.42399781	7.23548222	0.20533957
79.42799781	7.23548222	0.18959154
79.43199781	7.39665365	0.20533957
79.43599781	7.39665365	0.18959154
79.43999781	7.55720949	0.18959154
79.44399781	7.39665365	0.18959154
79.44799781	7.23548222	0.20533957
79.45199781	7.23548222	0.18959154
79.45599781	7.23548222	0.18959154
79.45999781	7.55720949	0.18959154
79.46399781	7.55720949	0.20533957
79.46799781	7.39665365	0.18959154
79.47199781	7.39665365	0.20533957
79.47599781	7.23548222	0.18959154
79.47999781	7.23548222	0.18959154
79.48399781	7.23548222	0.18959154
79.48799781	7.39665365	0.18959154
79.49199781	7.55720949	0.18959154
79.49599781	7.55720949	0.20533957
79.49999781	7.23548222	0.18959154
79.50399781	7.07492638	0.18959154
79.50799781	7.07492638	0.18959154
79.51199781	7.39665365	0.18959154
79.51599781	7.39665365	0.18959154
79.51999781	7.39665365	0.18959154
79.52399781	7.39665365	0.18959154
79.52799780	7.39665365	0.18959154
79.53199780	7.23548222	0.18959154
79.53599780	7.23548222	0.18959154
79.53999780	7.23548222	0.18959154
79.54399780	7.39665365	0.18959154
79.54799780	7.39665365	0.18959154
79.55199780	7.39665365	0.20533957
79.55599780	7.23548222	0.18959154
79.55999780	7.23548222	0.18959154
79.56399780	7.23548222	0.18959154
79.56799780	7.39665365	0.18959154
79.57199780	7.39665365	0.20533957
79.57599780	7.39665365	0.20533957
79.57999780	7.39665365	0.18959154
79.58399780	7.23548222	0.18959154
79.58799780	7.23548222	0.18959154
79.59199780	7.23548222	0.18959154
79.59599780	7.39665365	0.18959154
79.59999780	7.39665365	0.18959154
79.60399780	7.39665365	0.18959154
79.60799780	7.23548222	0.18959154
79.61199780	7.23548222	0.18959154
79.61599780	7.39665365	0.18959154
79.61999780	7.39665365	0.18959154
79.62399780	7.39665365	0.20533957
79.62799780	7.39665365	0.18959154
79.63199780	7.39665365	0.20533957
79.63599780	7.39665365	0.18959154
79.63999780	7.23548222	0.18959154
79.64399780	7.23548222	0.18959154
79.64799780	7.39665365	0.18959154
79.65199780	7.39665365	0.18959154
79.65599780	7.39665365	0.20533957
79.65999780	7.39665365	0.18959154
79.66399780	7.39665365	0.18959154
79.66799780	7.39665365	0.18959154
79.67199780	7.39665365	0.18959154
79.67599780	7.39665365	0.18959154
79.67999780	7.39665365	0.18959154
79.68399780	7.39665365	0.18959154
79.68799780	7.39665365	0.18959154
79.69199780	7.39665365	0.18959154
79.69599780	7.23548222	0.18959154
79.69999780	7.39665365	0.18959154
79.70399780	7.39665365	0.18959154
79.70799780	7.39665365	0.18959154
79.71199780	7.23548222	0.18959154
79.71599780	7.23548222	0.18959154
79.71999780	7.39665365	0.18959154
79.72399780	7.39665365	0.18959154
79.72799780	7.39665365	0.18959154
79.73199780	7.23548222	0.18959154
79.73599780	7.39665365	0.18959154
79.73999780	7.39665365	0.18959154
79.74399780	7.39665365	0.20533957
79.74799780	7.23548222	0.18959154
79.75199780	7.23548222	0.18959154
79.75599780	7.39665365	0.18959154
79.75999780	7.39665365	0.18959154
79.76399780	7.39665365	0.18959154
79.76799780	7.23548222	0.20533957
79.77199780	7.23548222	0.18959154
79.77599780	7.39665365	0.18959154
79.77999780	7.39665365	0.18959154
79.78399780	7.39665365	0.18959154
79.78799780	7.39665365	0.18959154
79.79199780	7.55720949	0.18959154
79.79599780	7.39665365	0.18959154
79.79999780	7.23548222	0.20533957
79.80399780	7.23548222	0.18959154
79.80799780	7.39665365	0.18959154
79.81199780	7.55720949	0.18959154
79.81599780	7.39665365	0.20533957
79.81999780	7.23548222	0.18959154
79.82399780	7.23548222	0.18959154
79.82799780	7.39665365	0.18959154
79.83199780	7.39665365	0.18959154
79.83599780	7.23548222	0.18959154
79.83999780	7.39665365	0.18959154
79.84399780	7.39665365	0.18959154
79.84799780	7.39665365	0.20533957
79.85199780	7.23548222	0.18959154
79.85599780	7.23548222	0.18959154
79.85999780	7.39665365	0.18959154
79.86399780	7.39665365	0.20533957
79.86799780	7.39665365	0.18959154
79.87199780	7.23548222	0.18959154
79.87599780	7.39665365	0.18959154
79.87999780	7.39665365	0.18959154
79.88399779	7.23548222	0.18959154
79.88799779	7.23548222	0.18959154
79.89199779	7.39665365	0.18959154
79.89599779	7.55720949	0.18959154
79.89999779	7.39665365	0.18959154
79.90399779	7.23548222	0.18959154
79.90799779	7.23548222	0.18959154
79.91199779	7.39665365	0.18959154
79.91599779	7.39665365	0.18959154
79.91999779	7.39665365	0.18959154
79.92399779	7.39665365	0.18959154
79.92799779	7.39665365	0.18959154
79.93199779	7.23548222	0.18959154
79.93599779	7.23548222	0.18959154
79.93999779	7.39665365	0.18959154
79.94399779	7.39665365	0.18959154
79.94799779	7.39665365	0.18959154
79.95199779	7.39665365	0.18959154
79.95599779	7.39665365	0.18959154
79.95999779	7.39665365	0.18959154
79.96399779	7.39665365	0.18959154
79.96799779	7.39665365	0.18959154
79.97199779	7.39665365	0.18959154
79.97599779	7.39665365	0.18959154
79.97999779	7.39665365	0.18959154
79.98399779	7.39665365	0.18959154
79.98799779	7.23548222	0.18959154
79.99199779	7.23548222	0.18959154
79.99599779	7.39665365	0.18959154
79.99999779	7.39665365	0.18959154
80.00399779	7.39665365	0.18959154
80.00799779	7.39665365	0.18959154
80.01199779	7.39665365	0.18959154
80.01599779	7.39665365	0.18959154
80.01999779	7.39665365	0.18959154
80.02399779	7.39665365	0.18959154
80.02799779	7.39665365	0.18959154
80.03199779	7.39665365	0.18959154
80.03599779	7.39665365	0.18959154
80.03999779	7.23548222	0.18959154
80.04399779	7.23548222	0.18959154
80.04799779	7.39665365	0.18959154
80.05199779	7.39665365	0.18959154
80.05599779	7.39665365	0.20533957
80.05999779	7.23548222	0.18959154
80.06399779	7.23548222	0.18959154
80.06799779	7.39665365	0.18959154
80.07199779	7.39665365	0.18959154
80.07599779	7.23548222	0.18959154
80.07999779	7.23548222	0.18959154
80.08399779	7.39665365	0.18959154
80.08799779	7.39665365	0.18959154
80.09199779	7.39665365	0.18959154
80.09599779	7.39665365	0.18959154
80.09999779	7.39665365	0.18959154
80.10399779	7.39665365	0.20533957
80.10799779	7.23548222	0.18959154
80.11199779	7.23548222	0.18959154
80.11599779	7.39665365	0.18959154
80.11999779	7.39665365	0.18959154
80.12399779	7.39665365	0.18959154
80.12799779	7.23548222	0.18959154
80.13199779	7.23548222	0.18959154
80.13599779	7.23548222	0.18959154
80.13999779	7.39665365	0.18959154
80.14399779	7.39665365	0.18959154
80.14799779	7.39665365	0.18959154
80.15199779	7.39665365	0.18959154
80.15599779	7.23548222	0.18959154
80.15999779	7.23548222	0.18959154
80.16399779	7.23548222	0.18959154
80.16799779	7.39665365	0.18959154
80.17199779	7.39665365	0.18959154
80.17599779	7.39665365	0.18959154
80.17999779	7.23548222	0.18959154
80.18399779	7.23548222	0.18959154
80.18799779	7.23548222	0.18959154
80.19199779	7.39665365	0.20533957
80.19599779	7.39665365	0.18959154
80.19999779	7.39665365	0.18959154
80.20399779	7.39665365	0.18959154
80.20799779	7.39665365	0.18959154
80.21199779	7.23548222	0.18959154
80.21599779	7.23548222	0.18959154
80.21999779	7.39665365	0.18959154
80.22399779	7.39665365	0.18959154
80.22799779	7.39665365	0.18959154
80.23199779	7.23548222	0.18959154
80.23599778	7.39665365	0.18959154
80.23999778	7.39665365	0.18959154
80.24399778	7.39665365	0.18959154
80.24799778	7.39665365	0.18959154
80.25199778	7.23548222	0.18959154
80.25599778	7.39665365	0.18959154
80.25999778	7.39665365	0.18959154
80.26399778	7.39665365	0.18959154
80.26799778	7.39665365	0.18959154
80.27199778	7.39665365	0.18959154
80.27599778	7.23548222	0.18959154
80.27999778	7.23548222	0.18959154
80.28399778	7.23548222	0.18959154
80.28799778	7.39665365	0.18959154
80.29199778	7.39665365	0.18959154
80.29599778	7.39665365	0.18959154
80.29999778	7.23548222	0.18959154
80.30399778	7.23548222	0.18959154
80.30799778	7.39665365	0.18959154
80.31199778	7.39665365	0.18959154
80.31599778	7.39665365	0.18959154
80.31999778	7.39665365	0.18959154
80.32399778	7.39665365	0.18959154
80.32799778	7.39665365	0.18959154
80.33199778	7.39665365	0.18959154
80.33599778	7.39665365	0.18959154
80.33999778	7.39665365	0.18959154
80.34399778	7.39665365	0.18959154
80.34799778	7.39665365	0.18959154
80.35199778	7.39665365	0.18959154
80.35599778	7.39665365	0.18959154
80.35999778	7.39665365	0.18959154
80.36399778	7.23548222	0.18959154
80.36799778	7.39665365	0.18959154
80.37199778	7.39665365	0.18959154
80.37599778	7.39665365	0.18959154
80.37999778	7.39665365	0.18959154
80.38399778	7.23548222	0.18959154
80.38799778	7.39665365	0.18959154
80.39199778	7.39665365	0.18959154
80.39599778	7.39665365	0.18959154
80.39999778	7.23548222	0.18959154
80.40399778	7.23548222	0.18959154
80.40799778	7.39665365	0.18959154
80.41199778	7.39665365	0.18959154
80.41599778	7.23548222	0.18959154
80.41999778	7.23548222	0.18959154
80.42399778	7.39665365	0.18959154
80.42799778	7.39665365	0.18959154
80.43199778	7.39665365	0.18959154
80.43599778	7.23548222	0.18959154
80.43999778	7.23548222	0.18959154
80.44399778	7.23548222	0.18959154
80.44799778	7.39665365	0.18959154
80.45199778	7.39665365	0.18959154
80.45599778	7.39665365	0.18959154
80.45999778	7.23548222	0.18959154
80.46399778	7.39665365	0.18959154
80.46799778	7.39665365	0.18959154
80.47199778	7.39665365	0.18959154
80.47599778	7.39665365	0.18959154
80.47999778	7.39665365	0.18959154
80.48399778	7.39665365	0.18959154
80.48799778	7.23548222	0.18959154
80.49199778	7.23548222	0.18959154
80.49599778	7.39665365	0.18959154
80.49999778	7.39665365	0.18959154
80.50399778	7.39665365	0.20533957
80.50799778	7.23548222	0.18959154
80.51199778	7.23548222	0.18959154
80.51599778	7.39665365	0.18959154
80.51999778	7.39665365	0.18959154
80.52399778	7.23548222	0.18959154
80.52799778	7.23548222	0.18959154
80.53199778	7.39665365	0.18959154
80.53599778	7.39665365	0.18959154
80.53999778	7.23548222	0.18959154
80.54399778	7.23548222	0.18959154
80.54799778	7.39665365	0.18959154
80.55199778	7.39665365	0.18959154
80.55599778	7.39665365	0.18959154
80.55999778	7.23548222	0.18959154
80.56399778	7.23548222	0.18959154
80.56799778	7.23548222	0.18959154
80.57199778	7.39665365	0.18959154
80.57599778	7.23548222	0.18959154
80.57999778	7.39665365	0.18959154
80.58399778	7.39665365	0.18959154
80.58799777	7.39665365	0.18959154
80.59199777	7.39665365	0.18959154
80.59599777	7.23548222	0.18959154
80.59999777	7.23548222	0.18959154
80.60399777	7.39665365	0.18959154
80.60799777	7.39665365	0.18959154
80.61199777	7.39665365	0.18959154
80.61599777	7.39665365	0.18959154
80.61999777	7.39665365	0.18959154
80.62399777	7.39665365	0.18959154
80.62799777	7.39665365	0.18959154
80.63199777	7.39665365	0.18959154
80.63599777	7.39665365	0.18959154
80.63999777	7.39665365	0.18959154
80.64399777	7.39665365	0.18959154
80.64799777	7.39665365	0.18959154
80.65199777	7.39665365	0.18959154
80.65599777	7.39665365	0.18959154
80.65999777	7.39665365	0.18959154
80.66399777	7.39665365	0.18959154
80.66799777	7.39665365	0.18959154
80.67199777	7.23548222	0.18959154
80.67599777	7.39665365	0.18959154
80.67999777	7.39665365	0.18959154
80.68399777	7.39665365	0.18959154
80.68799777	7.39665365	0.18959154
80.69199777	7.39665365	0.18959154
80.69599777	7.39665365	0.18959154
80.69999777	7.39665365	0.18959154
80.70399777	7.23548222	0.18959154
80.70799777	7.39665365	0.18959154
80.71199777	7.39665365	0.18959154
80.71599777	7.39665365	0.18959154
80.71999777	7.39665365	0.18959154
80.72399777	7.39665365	0.18959154
80.72799777	7.39665365	0.18959154
80.73199777	7.39665365	0.18959154
80.73599777	7.39665365	0.18959154
80.73999777	7.39665365	0.18959154
80.74399777	7.39665365	0.18959154
80.74799777	7.39665365	0.18959154
80.75199777	7.39665365	0.18959154
80.75599777	7.39665365	0.18959154
80.75999777	7.39665365	0.18959154
80.76399777	7.39665365	0.18959154
80.76799777	7.39665365	0.18959154
80.77199777	7.39665365	0.18959154
80.77599777	7.39665365	0.18959154
80.77999777	7.23548222	0.18959154
80.78399777	7.39665365	0.18959154
80.78799777	7.39665365	0.18959154
80.79199777	7.39665365	0.18959154
80.79599777	7.39665365	0.18959154
80.79999777	7.23548222	0.18959154
80.80399777	7.39665365	0.18959154
80.80799777	7.39665365	0.18959154
80.81199777	7.39665365	0.18959154
80.81599777	7.39665365	0.18959154
80.81999777	7.39665365	0.18959154
80.82399777	7.39665365	0.18959154
80.82799777	7.23548222	0.18959154
80.83199777	7.23548222	0.18959154
80.83599777	7.39665365	0.18959154
80.83999777	7.55720949	0.18959154
80.84399777	7.39665365	0.18959154
80.84799777	7.39665365	0.18959154
80.85199777	7.39665365	0.18959154
80.85599777	7.39665365	0.18959154
80.85999777	7.39665365	0.18959154
80.86399777	7.39665365	0.18959154
80.86799777	7.39665365	0.18959154
80.87199777	7.55720949	0.18959154
80.87599777	7.39665365	0.18959154
80.87999777	7.39665365	0.18959154
80.88399777	7.39665365	0.18959154
80.88799777	7.39665365	0.18959154
80.89199777	7.39665365	0.18959154
80.89599777	7.39665365	0.18959154
80.89999777	7.39665365	0.18959154
80.90399777	7.39665365	0.18959154
80.90799777	7.39665365	0.18959154
80.91199777	7.23548222	0.18959154
80.91599777	7.23548222	0.18959154
80.91999777	7.39665365	0.18959154
80.92399777	7.39665365	0.18959154
80.92799777	7.39665365	0.18959154
80.93199777	7.39665365	0.18959154
80.93599777	7.23548222	0.18959154
80.93999777	7.39665365	0.18959154
80.94399776	7.23548222	0.18959154
80.94799776	7.39665365	0.18959154
80.95199776	7.39665365	0.18959154
80.95599776	7.39665365	0.18959154
80.95999776	7.39665365	0.18959154
80.96399776	7.39665365	0.18959154
80.96799776	7.23548222	0.18959154
80.97199776	7.23548222	0.18959154
80.97599776	7.39665365	0.18959154
80.97999776	7.39665365	0.18959154
80.98399776	7.39665365	0.18959154
80.98799776	7.39665365	0.18959154
80.99199776	7.23548222	0.18959154
80.99599776	7.23548222	0.18959154
80.99999776	7.39665365	0.18959154
81.00399776	7.39665365	0.18959154
81.00799776	7.39665365	0.18959154
81.01199776	7.39665365	0.18959154
81.01599776	7.39665365	0.18959154
81.01999776	7.23548222	0.18959154
81.02399776	7.23548222	0.18959154
81.02799776	7.39665365	0.18959154
81.03199776	7.39665365	0.18959154
81.03599776	7.39665365	0.18959154
81.03999776	7.39665365	0.18959154
81.04399776	7.23548222	0.18959154
81.04799776	7.23548222	0.18959154
81.05199776	7.39665365	0.18959154
81.05599776	7.39665365	0.18959154
81.05999776	7.39665365	0.18959154
81.06399776	7.39665365	0.18959154
81.06799776	7.39665365	0.18959154
81.07199776	7.39665365	0.18959154
81.07599776	7.23548222	0.18959154
81.07999776	7.39665365	0.18959154
81.08399776	7.39665365	0.18959154
81.08799776	7.39665365	0.18959154
81.09199776	7.39665365	0.18959154
81.09599776	7.39665365	0.18959154
81.09999776	7.23548222	0.18959154
81.10399776	7.39665365	0.18959154
81.10799776	7.39665365	0.18959154
81.11199776	7.39665365	0.18959154
81.11599776	7.39665365	0.18959154
81.11999776	7.39665365	0.18959154
81.12399776	7.39665365	0.18959154
81.12799776	7.39665365	0.18959154
81.13199776	7.39665365	0.18959154
81.13599776	7.39665365	0.18959154
81.13999776	7.39665365	0.18959154
81.14399776	7.39665365	0.18959154
81.14799776	7.39665365	0.18959154
81.15199776	7.39665365	0.18959154
81.15599776	7.39665365	0.18959154
81.15999776	7.39665365	0.18959154
81.16399776	7.39665365	0.18959154
81.16799776	7.39665365	0.18959154
81.17199776	7.39665365	0.18959154
81.17599776	7.39665365	0.18959154
81.17999776	7.39665365	0.18959154
81.18399776	7.39665365	0.18959154
81.18799776	7.39665365	0.18959154
81.19199776	7.39665365	0.18959154
81.19599776	7.39665365	0.18959154
81.19999776	7.39665365	0.18959154
81.20399776	7.39665365	0.18959154
81.20799776	7.39665365	0.18959154
81.21199776	7.39665365	0.18959154
81.21599776	7.39665365	0.18959154
81.21999776	7.39665365	0.18959154
81.22399776	7.39665365	0.18959154
81.22799776	7.39665365	0.18959154
81.23199776	7.39665365	0.18959154
81.23599776	7.39665365	0.18959154
81.23999776	7.39665365	0.18959154
81.24399776	7.39665365	0.18959154
81.24799776	7.39665365	0.18959154
81.25199776	7.39665365	0.18959154
81.25599776	7.39665365	0.18959154
81.25999776	7.39665365	0.18959154
81.26399776	7.39665365	0.18959154
81.26799776	7.39665365	0.18959154
81.27199776	7.39665365	0.18959154
81.27599776	7.39665365	0.18959154
81.27999776	7.23548222	0.18959154
81.28399776	7.39665365	0.18959154
81.28799776	7.39665365	0.18959154
81.29199776	7.39665365	0.18959154
81.29599775	7.39665365	0.18959154
81.29999775	7.39665365	0.18959154
81.30399775	7.39665365	0.18959154
81.30799775	7.39665365	0.18959154
81.31199775	7.39665365	0.18959154
81.31599775	7.39665365	0.18959154
81.31999775	7.39665365	0.18959154
81.32399775	7.39665365	0.18959154
81.32799775	7.39665365	0.18959154
81.33199775	7.39665365	0.18959154
81.33599775	7.39665365	0.18959154
81.33999775	7.39665365	0.18959154
81.34399775	7.39665365	0.18959154
81.34799775	7.39665365	0.18959154
81.35199775	7.39665365	0.18959154
81.35599775	7.39665365	0.18959154
81.35999775	7.39665365	0.18959154
81.36399775	7.39665365	0.18959154
81.36799775	7.39665365	0.18959154
81.37199775	7.39665365	0.18959154
81.37599775	7.39665365	0.18959154
81.37999775	7.39665365	0.18959154
81.38399775	7.39665365	0.18959154
81.38799775	7.39665365	0.18959154
81.39199775	7.39665365	0.18959154
81.39599775	7.39665365	0.18959154
81.39999775	7.39665365	0.18959154
81.40399775	7.39665365	0.18959154
81.40799775	7.39665365	0.18959154
81.41199775	7.39665365	0.18959154
81.41599775	7.39665365	0.18959154
81.41999775	7.39665365	0.18959154
81.42399775	7.39665365	0.18959154
81.42799775	7.39665365	0.18959154
81.43199775	7.39665365	0.18959154
81.43599775	7.39665365	0.18959154
81.43999775	7.39665365	0.18959154
81.44399775	7.39665365	0.18959154
81.44799775	7.39665365	0.18959154
81.45199775	7.39665365	0.18959154
81.45599775	7.39665365	0.18959154
81.45999775	7.39665365	0.18959154
81.46399775	7.39665365	0.18959154
81.46799775	7.39665365	0.18959154
81.47199775	7.39665365	0.18959154
81.47599775	7.39665365	0.18959154
81.47999775	7.39665365	0.18959154
81.48399775	7.39665365	0.18959154
81.48799775	7.39665365	0.18959154
81.49199775	7.39665365	0.18959154
81.49599775	7.39665365	0.18959154
81.49999775	7.39665365	0.18959154
81.50399775	7.39665365	0.18959154
81.50799775	7.39665365	0.18959154
81.51199775	7.39665365	0.18959154
81.51599775	7.39665365	0.18959154
81.51999775	7.23548222	0.18959154
81.52399775	7.23548222	0.18959154
81.52799775	7.39665365	0.18959154
81.53199775	7.39665365	0.18959154
81.53599775	7.39665365	0.18959154
81.53999775	7.23548222	0.18959154
81.54399775	7.23548222	0.18959154
81.54799775	7.39665365	0.18959154
81.55199775	7.39665365	0.18959154
81.55599775	7.39665365	0.18959154
81.55999775	7.39665365	0.18959154
81.56399775	7.39665365	0.18959154
81.56799775	7.39665365	0.18959154
81.57199775	7.39665365	0.18959154
81.57599775	7.39665365	0.18959154
81.57999775	7.39665365	0.18959154
81.58399775	7.39665365	0.18959154
81.58799775	7.39665365	0.18959154
81.59199775	7.39665365	0.18959154
81.59599775	7.39665365	0.18959154
81.59999775	7.39665365	0.18959154
81.60399775	7.39665365	0.18959154
81.60799775	7.39665365	0.18959154
81.61199775	7.39665365	0.18959154
81.61599775	7.23548222	0.18959154
81.61999775	7.39665365	0.18959154
81.62399775	7.39665365	0.18959154
81.62799775	7.39665365	0.18959154
81.63199775	7.39665365	0.18959154
81.63599775	7.39665365	0.18959154
81.63999775	7.39665365	0.18959154
81.64399775	7.39665365	0.18959154
81.64799775	7.39665365	0.18959154
81.65199774	7.39665365	0.18959154
81.65599774	7.39665365	0.18959154
81.65999774	7.39665365	0.18959154
81.66399774	7.39665365	0.18959154
81.66799774	7.39665365	0.18959154
81.67199774	7.39665365	0.18959154
81.67599774	7.39665365	0.18959154
81.67999774	7.23548222	0.18959154
81.68399774	7.23548222	0.18959154
81.68799774	7.39665365	0.18959154
81.69199774	7.39665365	0.18959154
81.69599774	7.39665365	0.18959154
81.69999774	7.39665365	0.18959154
81.70399774	7.23548222	0.18959154
81.70799774	7.23548222	0.18959154
81.71199774	7.23548222	0.18959154
81.71599774	7.39665365	0.18959154
81.71999774	7.39665365	0.18959154
81.72399774	7.39665365	0.18959154
81.72799774	7.39665365	0.18959154
81.73199774	7.23548222	0.18959154
81.73599774	7.23548222	0.18959154
81.73999774	7.23548222	0.18959154
81.74399774	7.39665365	0.18959154
81.74799774	7.39665365	0.18959154
81.75199774	7.39665365	0.18959154
81.75599774	7.39665365	0.18959154
81.75999774	7.23548222	0.18959154
81.76399774	7.23548222	0.18959154
81.76799774	7.39665365	0.18959154
81.77199774	7.39665365	0.18959154
81.77599774	7.39665365	0.18959154
81.77999774	7.39665365	0.18959154
81.78399774	7.39665365	0.18959154
81.78799774	7.39665365	0.18959154
81.79199774	7.39665365	0.18959154
81.79599774	7.39665365	0.18959154
81.79999774	7.39665365	0.18959154
81.80399774	7.39665365	0.18959154
81.80799774	7.39665365	0.18959154
81.81199774	7.23548222	0.18959154
81.81599774	7.23548222	0.18959154
81.81999774	7.39665365	0.18959154
81.82399774	7.39665365	0.18959154
81.82799774	7.39665365	0.18959154
81.83199774	7.23548222	0.18959154
81.83599774	7.23548222	0.18959154
81.83999774	7.39665365	0.18959154
81.84399774	7.39665365	0.18959154
81.84799774	7.39665365	0.18959154
81.85199774	7.39665365	0.18959154
81.85599774	7.39665365	0.18959154
81.85999774	7.39665365	0.18959154
81.86399774	7.39665365	0.18959154
81.86799774	7.23548222	0.18959154
81.87199774	7.39665365	0.18959154
81.87599774	7.39665365	0.18959154
81.87999774	7.39665365	0.18959154
81.88399774	7.39665365	0.18959154
81.88799774	7.39665365	0.18959154
81.89199774	7.39665365	0.18959154
81.89599774	7.39665365	0.18959154
81.89999774	7.39665365	0.18959154
81.90399774	7.39665365	0.18959154
81.90799774	7.39665365	0.18959154
81.91199774	7.39665365	0.18959154
81.91599774	7.39665365	0.18959154
81.91999774	7.39665365	0.18959154
81.92399774	7.23548222	0.18959154
81.92799774	7.39665365	0.18959154
81.93199774	7.39665365	0.18959154
81.93599774	7.39665365	0.18959154
81.93999774	7.39665365	0.18959154
81.94399774	7.39665365	0.18959154
81.94799774	7.39665365	0.18959154
81.95199774	7.39665365	0.18959154
81.95599774	7.39665365	0.18959154
81.95999774	7.39665365	0.18959154
81.96399774	7.39665365	0.18959154
81.96799774	7.39665365	0.18959154
81.97199774	7.39665365	0.18959154
81.97599774	7.39665365	0.18959154
81.97999774	7.39665365	0.18959154
81.98399774	7.39665365	0.18959154
81.98799774	7.39665365	0.18959154
81.99199774	7.39665365	0.18959154
81.99599774	7.23548222	0.18959154
81.99999774	7.39665365	0.18959154
82.00399773	7.39665365	0.18959154
82.00799773	7.39665365	0.18959154
82.01199773	7.39665365	0.18959154
82.01599773	7.23548222	0.18959154
82.01999773	7.39665365	0.18959154
82.02399773	7.39665365	0.18959154
82.02799773	7.39665365	0.18959154
82.03199773	7.39665365	0.18959154
82.03599773	7.39665365	0.18959154
82.03999773	7.39665365	0.18959154
82.04399773	7.23548222	0.18959154
82.04799773	7.23548222	0.18959154
82.05199773	7.39665365	0.18959154
82.05599773	7.39665365	0.18959154
82.05999773	7.39665365	0.18959154
82.06399773	7.39665365	0.18959154
82.06799773	7.39665365	0.18959154
82.07199773	7.39665365	0.18959154
82.07599773	7.23548222	0.18959154
82.07999773	7.23548222	0.18959154
82.08399773	7.39665365	0.18959154
82.08799773	7.39665365	0.18959154
82.09199773	7.39665365	0.18959154
82.09599773	7.39665365	0.18959154
82.09999773	7.23548222	0.18959154
82.10399773	7.23548222	0.18959154
82.10799773	7.39665365	0.18959154
82.11199773	7.39665365	0.18959154
82.11599773	7.39665365	0.18959154
82.11999773	7.39665365	0.18959154
82.12399773	7.39665365	0.18959154
82.12799773	7.23548222	0.18959154
82.13199773	7.23548222	0.18959154
82.13599773	7.39665365	0.18959154
82.13999773	7.39665365	0.18959154
82.14399773	7.39665365	0.18959154
82.14799773	7.39665365	0.18959154
82.15199773	7.39665365	0.18959154
82.15599773	7.23548222	0.18959154
82.15999773	7.39665365	0.18959154
82.16399773	7.39665365	0.18959154
82.16799773	7.39665365	0.18959154
82.17199773	7.39665365	0.18959154
82.17599773	7.39665365	0.18959154
82.17999773	7.39665365	0.18959154
82.18399773	7.23548222	0.18959154
82.18799773	7.39665365	0.18959154
82.19199773	7.39665365	0.18959154
82.19599773	7.39665365	0.18959154
82.19999773	7.39665365	0.18959154
82.20399773	7.23548222	0.18959154
82.20799773	7.23548222	0.18959154
82.21199773	7.23548222	0.18959154
82.21599773	7.39665365	0.18959154
82.21999773	7.39665365	0.18959154
82.22399773	7.39665365	0.18959154
82.22799773	7.39665365	0.18959154
82.23199773	7.39665365	0.18959154
82.23599773	7.23548222	0.18959154
82.23999773	7.39665365	0.18959154
82.24399773	7.39665365	0.18959154
82.24799773	7.39665365	0.18959154
82.25199773	7.39665365	0.18959154
82.25599773	7.39665365	0.18959154
82.25999773	7.39665365	0.18959154
82.26399773	7.39665365	0.18959154
82.26799773	7.39665365	0.18959154
82.27199773	7.39665365	0.18959154
82.27599773	7.39665365	0.18959154
82.27999773	7.39665365	0.18959154
82.28399773	7.39665365	0.18959154
82.28799773	7.39665365	0.18959154
82.29199773	7.39665365	0.18959154
82.29599773	7.39665365	0.18959154
82.29999773	7.39665365	0.18959154
82.30399773	7.39665365	0.18959154
82.30799773	7.39665365	0.18959154
82.31199773	7.39665365	0.18959154
82.31599773	7.39665365	0.18959154
82.31999773	7.23548222	0.18959154
82.32399773	7.39665365	0.18959154
82.32799773	7.39665365	0.18959154
82.33199773	7.39665365	0.18959154
82.33599773	7.39665365	0.18959154
82.33999773	7.39665365	0.18959154
82.34399773	7.39665365	0.18959154
82.34799773	7.39665365	0.18959154
82.35199773	7.23548222	0.18959154
82.35599772	7.39665365	0.18959154
82.35999772	7.39665365	0.18959154
82.36399772	7.39665365	0.18959154
82.36799772	7.39665365	0.18959154
82.37199772	7.23548222	0.18959154
82.37599772	7.39665365	0.18959154
82.37999772	7.39665365	0.18959154
82.38399772	7.39665365	0.18959154
82.38799772	7.39665365	0.18959154
82.39199772	7.39665365	0.18959154
82.39599772	7.39665365	0.18959154
82.39999772	7.39665365	0.18959154
82.40399772	7.39665365	0.17378199
82.40799772	7.39665365	0.18959154
82.41199772	7.39665365	0.18959154
82.41599772	7.39665365	0.18959154
82.41999772	7.39665365	0.18959154
82.42399772	7.23548222	0.18959154
82.42799772	7.39665365	0.18959154
82.43199772	7.39665365	0.18959154
82.43599772	7.39665365	0.18959154
82.43999772	7.39665365	0.18959154
82.44399772	7.39665365	0.18959154
82.44799772	7.39665365	0.18959154
82.45199772	7.39665365	0.18959154
82.45599772	7.39665365	0.18959154
82.45999772	7.39665365	0.18959154
82.46399772	7.39665365	0.18959154
82.46799772	7.39665365	0.18959154
82.47199772	7.39665365	0.18959154
82.47599772	7.39665365	0.18959154
82.47999772	7.39665365	0.18959154
82.48399772	7.39665365	0.18959154
82.48799772	7.39665365	0.18959154
82.49199772	7.39665365	0.17378199
82.49599772	7.39665365	0.18959154
82.49999772	7.39665365	0.18959154
82.50399772	7.39665365	0.18959154
82.50799772	7.39665365	0.18959154
82.51199772	7.39665365	0.18959154
82.51599772	7.23548222	0.18959154
82.51999772	7.23548222	0.18959154
82.52399772	7.39665365	0.17378199
82.52799772	7.39665365	0.18959154
82.53199772	7.39665365	0.18959154
82.53599772	7.39665365	0.18959154
82.53999772	7.39665365	0.18959154
82.54399772	7.39665365	0.18959154
82.54799772	7.23548222	0.18959154
82.55199772	7.39665365	0.18959154
82.55599772	7.39665365	0.18959154
82.55999772	7.39665365	0.18959154
82.56399772	7.39665365	0.18959154
82.56799772	7.39665365	0.18959154
82.57199772	7.39665365	0.17378199
82.57599772	7.39665365	0.18959154
82.57999772	7.39665365	0.18959154
82.58399772	7.39665365	0.18959154
82.58799772	7.39665365	0.18959154
82.59199772	7.39665365	0.18959154
82.59599772	7.39665365	0.17378199
82.59999772	7.39665365	0.18959154
82.60399772	7.39665365	0.18959154
82.60799772	7.39665365	0.18959154
82.61199772	7.39665365	0.17378199
82.61599772	7.39665365	0.18959154
82.61999772	7.39665365	0.18959154
82.62399772	7.39665365	0.18959154
82.62799772	7.39665365	0.18959154
82.63199772	7.39665365	0.18959154
82.63599772	7.39665365	0.17378199
82.63999772	7.39665365	0.18959154
82.64399772	7.39665365	0.18959154
82.64799772	7.39665365	0.18959154
82.65199772	7.39665365	0.17378199
82.65599772	7.39665365	0.18959154
82.65999772	7.23548222	0.17378199
82.66399772	7.39665365	0.18959154
82.66799772	7.39665365	0.18959154
82.67199772	7.39665365	0.18959154
82.67599772	7.39665365	0.18959154
82.67999772	7.39665365	0.18959154
82.68399772	7.39665365	0.18959154
82.68799772	7.23548222	0.18959154
82.69199772	7.23548222	0.18959154
82.69599772	7.39665365	0.18959154
82.69999772	7.39665365	0.18959154
82.70399772	7.39665365	0.18959154
82.70799772	7.39665365	0.18959154
82.71199771	7.39665365	0.18959154
82.71599771	7.39665365	0.17378199
82.71999771	7.39665365	0.18959154
82.72399771	7.39665365	0.18959154
82.72799771	7.39665365	0.18959154
82.73199771	7.39665365	0.17378199
82.73599771	7.39665365	0.18959154
82.73999771	7.23548222	0.18959154
82.74399771	7.39665365	0.18959154
82.74799771	7.39665365	0.18959154
82.75199771	7.39665365	0.18959154
82.75599771	7.23548222	0.18959154
82.75999771	7.23548222	0.18959154
82.76399771	7.39665365	0.18959154
82.76799771	7.39665365	0.18959154
82.77199771	7.39665365	0.18959154
82.77599771	7.39665365	0.18959154
82.77999771	7.39665365	0.17378199
82.78399771	7.39665365	0.18959154
82.78799771	7.39665365	0.18959154
82.79199771	7.39665365	0.18959154
82.79599771	7.39665365	0.18959154
82.79999771	7.39665365	0.18959154
82.80399771	7.39665365	0.18959154
82.80799771	7.39665365	0.18959154
82.81199771	7.23548222	0.17378199
82.81599771	7.39665365	0.18959154
82.81999771	7.39665365	0.17378199
82.82399771	7.39665365	0.18959154
82.82799771	7.39665365	0.17378199
82.83199771	7.39665365	0.18959154
82.83599771	7.39665365	0.17378199
82.83999771	7.39665365	0.18959154
82.84399771	7.23548222	0.18959154
82.84799771	7.39665365	0.18959154
82.85199771	7.39665365	0.18959154
82.85599771	7.39665365	0.18959154
82.85999771	7.39665365	0.18959154
82.86399771	7.39665365	0.18959154
82.86799771	7.39665365	0.18959154
82.87199771	7.23548222	0.18959154
82.87599771	7.39665365	0.17378199
82.87999771	7.39665365	0.18959154
82.88399771	7.39665365	0.18959154
82.88799771	7.39665365	0.18959154
82.89199771	7.23548222	0.17378199
82.89599771	7.23548222	0.17378199
82.89999771	7.39665365	0.17378199
82.90399771	7.39665365	0.18959154
82.90799771	7.39665365	0.18959154
82.91199771	7.39665365	0.18959154
82.91599771	7.39665365	0.18959154
82.91999771	7.39665365	0.18959154
82.92399771	7.23548222	0.17378199
82.92799771	7.39665365	0.18959154
82.93199771	7.39665365	0.18959154
82.93599771	7.39665365	0.18959154
82.93999771	7.39665365	0.18959154
82.94399771	7.39665365	0.18959154
82.94799771	7.23548222	0.18959154
82.95199771	7.23548222	0.18959154
82.95599771	7.39665365	0.17378199
82.95999771	7.39665365	0.18959154
82.96399771	7.55720949	0.18959154
82.96799771	7.39665365	0.18959154
82.97199771	7.39665365	0.17378199
82.97599771	7.23548222	0.18959154
82.97999771	7.39665365	0.17378199
82.98399771	7.39665365	0.17378199
82.98799771	7.39665365	0.17378199
82.99199771	7.39665365	0.18959154
82.99599771	7.39665365	0.17378199
82.99999771	7.23548222	0.18959154
83.00399771	7.23548222	0.17378199
83.00799771	7.39665365	0.18959154
83.01199771	7.39665365	0.17378199
83.01599771	7.39665365	0.18959154
83.01999771	7.39665365	0.18959154
83.02399771	7.39665365	0.18959154
83.02799771	7.39665365	0.17378199
83.03199771	7.39665365	0.18959154
83.03599771	7.39665365	0.18959154
83.03999771	7.55720949	0.18959154
83.04399771	7.55720949	0.18959154
83.04799771	7.39665365	0.18959154
83.05199771	7.39665365	0.18959154
83.05599771	7.23548222	0.18959154
83.05999771	7.39665365	0.17378199
83.06399770	7.39665365	0.18959154
83.06799770	7.39665365	0.18959154
83.07199770	7.39665365	0.18959154
83.07599770	7.39665365	0.17378199
83.07999770	7.39665365	0.18959154
83.08399770	7.39665365	0.18959154
83.08799770	7.39665365	0.18959154
83.09199770	7.39665365	0.17378199
83.09599770	7.55720949	0.18959154
83.09999770	7.55720949	0.17378199
83.10399770	7.39665365	0.18959154
83.10799770	7.39665365	0.17378199
83.11199770	7.39665365	0.18959154
83.11599770	7.39665365	0.18959154
83.11999770	7.39665365	0.18959154
83.12399770	7.39665365	0.17378199
83.12799770	7.39665365	0.18959154
83.13199770	7.39665365	0.17378199
83.13599770	7.39665365	0.18959154
83.13999770	7.39665365	0.18959154
83.14399770	7.39665365	0.18959154
83.14799770	7.39665365	0.17378199
83.15199770	7.39665365	0.17378199
83.15599770	7.39665365	0.17378199
83.15999770	7.39665365	0.17378199
83.16399770	7.39665365	0.18959154
83.16799770	7.39665365	0.17378199
83.17199770	7.39665365	0.17378199
83.17599770	7.39665365	0.18959154
83.17999770	7.39665365	0.17378199
83.18399770	7.55720949	0.18959154
83.18799770	7.39665365	0.17378199
83.19199770	7.39665365	0.18959154
83.19599770	7.39665365	0.17378199
83.19999770	7.39665365	0.17378199
83.20399770	7.55720949	0.18959154
83.20799770	7.55720949	0.18959154
83.21199770	7.39665365	0.18959154
83.21599770	7.39665365	0.18959154
83.21999770	7.39665365	0.17378199
83.22399770	7.39665365	0.18959154
83.22799770	7.39665365	0.17378199
83.23199770	7.39665365	0.18959154
83.23599770	7.39665365	0.18959154
83.23999770	7.39665365	0.18959154
83.24399770	7.39665365	0.17378199
83.24799770	7.39665365	0.18959154
83.25199770	7.39665365	0.17378199
83.25599770	7.39665365	0.18959154
83.25999770	7.39665365	0.17378199
83.26399770	7.39665365	0.17378199
83.26799770	7.39665365	0.17378199
83.27199770	7.39665365	0.17378199
83.27599770	7.39665365	0.17378199
83.27999770	7.39665365	0.18959154
83.28399770	7.39665365	0.18959154
83.28799770	7.39665365	0.18959154
83.29199770	7.39665365	0.17378199
83.29599770	7.39665365	0.18959154
83.29999770	7.39665365	0.17378199
83.30399770	7.55720949	0.18959154
83.30799770	7.55720949	0.18959154
83.31199770	7.39665365	0.18959154
83.31599770	7.39665365	0.17378199
83.31999770	7.39665365	0.17378199
83.32399770	7.39665365	0.17378199
83.32799770	7.39665365	0.18959154
83.33199770	7.39665365	0.18959154
83.33599770	7.39665365	0.18959154
83.33999770	7.39665365	0.17378199
83.34399770	7.39665365	0.17378199
83.34799770	7.39665365	0.17378199
83.35199770	7.39665365	0.18959154
83.35599770	7.39665365	0.17378199
83.35999770	7.39665365	0.17378199
83.36399770	7.39665365	0.17378199
83.36799770	7.39665365	0.17378199
83.37199770	7.39665365	0.17378199
83.37599770	7.39665365	0.18959154
83.37999770	7.39665365	0.18959154
83.38399770	7.39665365	0.18959154
83.38799770	7.39665365	0.17378199
83.39199770	7.39665365	0.17378199
83.39599770	7.55720949	0.18959154
83.39999770	7.39665365	0.18959154
83.40399770	7.39665365	0.18959154
83.40799770	7.39665365	0.17378199
83.41199770	7.39665365	0.17378199
83.41599770	7.39665365	0.17378199
83.41999769	7.55720949	0.17378199
83.42399769	7.55720949	0.18959154
83.42799769	7.39665365	0.17378199
83.43199769	7.39665365	0.17378199
83.43599769	7.23548222	0.17378199
83.43999769	7.39665365	0.17378199
83.44399769	7.55720949	0.17378199
83.44799769	7.55720949	0.18959154
83.45199769	7.39665365	0.17378199
83.45599769	7.39665365	0.17378199
83.45999769	7.39665365	0.17378199
83.46399769	7.39665365	0.18959154
83.46799769	7.39665365	0.18959154
83.47199769	7.55720949	0.18959154
83.47599769	7.55720949	0.18959154
83.47999769	7.39665365	0.18959154
83.48399769	7.39665365	0.17378199
83.48799769	7.39665365	0.18959154
83.49199769	7.39665365	0.18959154
83.49599769	7.39665365	0.18959154
83.49999769	7.39665365	0.17378199
83.50399769	7.39665365	0.17378199
83.50799769	7.39665365	0.17378199
83.51199769	7.39665365	0.18959154
83.51599769	7.39665365	0.17378199
83.51999769	7.39665365	0.18959154
83.52399769	7.39665365	0.17378199
83.52799769	7.39665365	0.18959154
83.53199769	7.39665365	0.17378199
83.53599769	7.39665365	0.18959154
83.53999769	7.39665365	0.17378199
83.54399769	7.39665365	0.18959154
83.54799769	7.39665365	0.17378199
83.55199769	7.55720949	0.18959154
83.55599769	7.39665365	0.17378199
83.55999769	7.39665365	0.18959154
83.56399769	7.39665365	0.17378199
83.56799769	7.39665365	0.18959154
83.57199769	7.39665365	0.18959154
83.57599769	7.39665365	0.18959154
83.57999769	7.39665365	0.17378199
83.58399769	7.39665365	0.18959154
83.58799769	7.39665365	0.18959154
83.59199769	7.39665365	0.18959154
83.59599769	7.39665365	0.17378199
83.59999769	7.39665365	0.18959154
83.60399769	7.39665365	0.17378199
83.60799769	7.55720949	0.18959154
83.61199769	7.39665365	0.17378199
83.61599769	7.39665365	0.17378199
83.61999769	7.39665365	0.17378199
83.62399769	7.39665365	0.17378199
83.62799769	7.39665365	0.17378199
83.63199769	7.39665365	0.17378199
83.63599769	7.39665365	0.17378199
83.63999769	7.39665365	0.17378199
83.64399769	7.39665365	0.17378199
83.64799769	7.39665365	0.18959154
83.65199769	7.39665365	0.17378199
83.65599769	7.39665365	0.18959154
83.65999769	7.39665365	0.17378199
83.66399769	7.39665365	0.18959154
83.66799769	7.39665365	0.18959154
83.67199769	7.39665365	0.18959154
83.67599769	7.39665365	0.17378199
83.67999769	7.39665365	0.17378199
83.68399769	7.39665365	0.17378199
83.68799769	7.39665365	0.18959154
83.69199769	7.39665365	0.17378199
83.69599769	7.39665365	0.18959154
83.69999769	7.39665365	0.17378199
83.70399769	7.39665365	0.17378199
83.70799769	7.39665365	0.17378199
83.71199769	7.39665365	0.17378199
83.71599769	7.39665365	0.17378199
83.71999769	7.39665365	0.17378199
83.72399769	7.39665365	0.17378199
83.72799769	7.39665365	0.18959154
83.73199769	7.39665365	0.17378199
83.73599769	7.39665365	0.17378199
83.73999769	7.39665365	0.17378199
83.74399769	7.39665365	0.18959154
83.74799769	7.39665365	0.17378199
83.75199769	7.39665365	0.17378199
83.75599769	7.39665365	0.17378199
83.75999769	7.39665365	0.18959154
83.76399769	7.39665365	0.17378199
83.76799769	7.39665365	0.18959154
83.77199768	7.39665365	0.17378199
83.77599768	7.39665365	0.18959154
83.77999768	7.39665365	0.18959154
83.78399768	7.39665365	0.18959154
83.78799768	7.39665365	0.17378199
83.79199768	7.39665365	0.17378199
83.79599768	7.39665365	0.17378199
83.79999768	7.39665365	0.18959154
83.80399768	7.39665365	0.17378199
83.80799768	7.39665365	0.18959154
83.81199768	7.39665365	0.17378199
83.81599768	7.39665365	0.17378199
83.81999768	7.39665365	0.17378199
83.82399768	7.39665365	0.18959154
83.82799768	7.39665365	0.17378199
83.83199768	7.39665365	0.17378199
83.83599768	7.39665365	0.17378199
83.83999768	7.39665365	0.17378199
83.84399768	7.39665365	0.17378199
83.84799768	7.39665365	0.17378199
83.85199768	7.39665365	0.17378199
83.85599768	7.39665365	0.18959154
83.85999768	7.39665365	0.17378199
83.86399768	7.39665365	0.18959154
83.86799768	7.39665365	0.17378199
83.87199768	7.39665365	0.18959154
83.87599768	7.39665365	0.17378199
83.87999768	7.39665365	0.18959154
83.88399768	7.39665365	0.17378199
83.88799768	7.39665365	0.18959154
83.89199768	7.39665365	0.17378199
83.89599768	7.39665365	0.18959154
83.89999768	7.39665365	0.17378199
83.90399768	7.39665365	0.17378199
83.90799768	7.39665365	0.17378199
83.91199768	7.39665365	0.17378199
83.91599768	7.55720949	0.17378199
83.91999768	7.39665365	0.18959154
83.92399768	7.39665365	0.17378199
83.92799768	7.39665365	0.17378199
83.93199768	7.39665365	0.17378199
83.93599768	7.39665365	0.17378199
83.93999768	7.39665365	0.18959154
83.94399768	7.39665365	0.17378199
83.94799768	7.55720949	0.17378199
83.95199768	7.55720949	0.17378199
83.95599768	7.39665365	0.17378199
83.95999768	7.39665365	0.17378199
83.96399768	7.39665365	0.17378199
83.96799768	7.55720949	0.17378199
83.97199768	7.39665365	0.17378199
83.97599768	7.39665365	0.18959154
83.97999768	7.39665365	0.17378199
83.98399768	7.39665365	0.17378199
83.98799768	7.39665365	0.17378199
83.99199768	7.39665365	0.18959154
83.99599768	7.39665365	0.17378199
83.99999768	7.39665365	0.18959154
84.00399768	7.55720949	0.18959154
84.00799768	7.39665365	0.18959154
84.01199768	7.39665365	0.17378199
84.01599768	7.39665365	0.17378199
84.01999768	7.39665365	0.17378199
84.02399768	7.39665365	0.17378199
84.02799768	7.39665365	0.17378199
84.03199768	7.39665365	0.17378199
84.03599768	7.39665365	0.17378199
84.03999768	7.39665365	0.17378199
84.04399768	7.39665365	0.17378199
84.04799768	7.39665365	0.17378199
84.05199768	7.39665365	0.17378199
84.05599768	7.55720949	0.18959154
84.05999768	7.39665365	0.17378199
84.06399768	7.39665365	0.17378199
84.06799768	7.39665365	0.17378199
84.07199768	7.39665365	0.18959154
84.07599768	7.39665365	0.17378199
84.07999768	7.39665365	0.18959154
84.08399768	7.55720949	0.17378199
84.08799768	7.55720949	0.18959154
84.09199768	7.39665365	0.17378199
84.09599768	7.39665365	0.17378199
84.09999768	7.39665365	0.17378199
84.10399768	7.55720949	0.18959154
84.10799768	7.39665365	0.17378199
84.11199768	7.39665365	0.18959154
84.11599768	7.39665365	0.17378199
84.11999768	7.39665365	0.17378199
84.12399767	7.39665365	0.17378199
84.12799767	7.39665365	0.17378199
84.13199767	7.39665365	0.17378199
84.13599767	7.55720949	0.17378199
84.13999767	7.39665365	0.17378199
84.14399767	7.39665365	0.18959154
84.14799767	7.23548222	0.17378199
84.15199767	7.39665365	0.17378199
84.15599767	7.39665365	0.17378199
84.15999767	7.55720949	0.17378199
84.16399767	7.39665365	0.17378199
84.16799767	7.39665365	0.17378199
84.17199767	7.39665365	0.17378199
84.17599767	7.39665365	0.17378199
84.17999767	7.39665365	0.17378199
84.18399767	7.39665365	0.17378199
84.18799767	7.39665365	0.18959154
84.19199767	7.39665365	0.18959154
84.19599767	7.39665365	0.17378199
84.19999767	7.39665365	0.17378199
84.20399767	7.39665365	0.17378199
84.20799767	7.39665365	0.17378199
84.21199767	7.55720949	0.17378199
84.21599767	7.39665365	0.17378199
84.21999767	7.39665365	0.17378199
84.22399767	7.39665365	0.17378199
84.22799767	7.39665365	0.17378199
84.23199767	7.39665365	0.17378199
84.23599767	7.39665365	0.17378199
84.23999767	7.39665365	0.17378199
84.24399767	7.55720949	0.17378199
84.24799767	7.39665365	0.18959154
84.25199767	7.39665365	0.17378199
84.25599767	7.39665365	0.17378199
84.25999767	7.39665365	0.17378199
84.26399767	7.39665365	0.18959154
84.26799767	7.39665365	0.17378199
84.27199767	7.39665365	0.17378199
84.27599767	7.39665365	0.17378199
84.27999767	7.39665365	0.17378199
84.28399767	7.23548222	0.17378199
84.28799767	7.39665365	0.17378199
84.29199767	7.39665365	0.17378199
84.29599767	7.39665365	0.17378199
84.29999767	7.39665365	0.17378199
84.30399767	7.39665365	0.17378199
84.30799767	7.39665365	0.17378199
84.31199767	7.39665365	0.17378199
84.31599767	7.39665365	0.17378199
84.31999767	7.39665365	0.17378199
84.32399767	7.39665365	0.17378199
84.32799767	7.55720949	0.17378199
84.33199767	7.55720949	0.17378199
84.33599767	7.39665365	0.18959154
84.33999767	7.39665365	0.17378199
84.34399767	7.39665365	0.18959154
84.34799767	7.39665365	0.17378199
84.35199767	7.39665365	0.17378199
84.35599767	7.39665365	0.17378199
84.35999767	7.39665365	0.17378199
84.36399767	7.39665365	0.17378199
84.36799767	7.39665365	0.17378199
84.37199767	7.39665365	0.17378199
84.37599767	7.39665365	0.17378199
84.37999767	7.39665365	0.17378199
84.38399767	7.39665365	0.17378199
84.38799767	7.39665365	0.17378199
84.39199767	7.39665365	0.17378199
84.39599767	7.39665365	0.17378199
84.39999767	7.39665365	0.17378199
84.40399767	7.39665365	0.17378199
84.40799767	7.39665365	0.17378199
84.41199767	7.39665365	0.17378199
84.41599767	7.39665365	0.17378199
84.41999767	7.39665365	0.17378199
84.42399767	7.39665365	0.17378199
84.42799767	7.55720949	0.17378199
84.43199767	7.39665365	0.17378199
84.43599767	7.39665365	0.17378199
84.43999767	7.39665365	0.17378199
84.44399767	7.39665365	0.17378199
84.44799767	7.39665365	0.17378199
84.45199767	7.39665365	0.17378199
84.45599767	7.39665365	0.18959154
84.45999767	7.39665365	0.17378199
84.46399767	7.39665365	0.17378199
84.46799767	7.39665365	0.17378199
84.47199767	7.39665365	0.17378199
84.47599767	7.39665365	0.17378199
84.47999766	7.39665365	0.17378199
84.48399766	7.39665365	0.17378199
84.48799766	7.39665365	0.17378199
84.49199766	7.39665365	0.17378199
84.49599766	7.39665365	0.17378199
84.49999766	7.39665365	0.17378199
84.50399766	7.39665365	0.17378199
84.50799766	7.39665365	0.17378199
84.51199766	7.39665365	0.17378199
84.51599766	7.39665365	0.17378199
84.51999766	7.39665365	0.18959154
84.52399766	7.39665365	0.17378199
84.52799766	7.39665365	0.17378199
84.53199766	7.39665365	0.17378199
84.53599766	7.39665365	0.17378199
84.53999766	7.39665365	0.17378199
84.54399766	7.39665365	0.17378199
84.54799766	7.39665365	0.17378199
84.55199766	7.39665365	0.18959154
84.55599766	7.39665365	0.17378199
84.55999766	7.23548222	0.17378199
84.56399766	7.39665365	0.17378199
84.56799766	7.55720949	0.17378199
84.57199766	7.55720949	0.17378199
84.57599766	7.55720949	0.17378199
84.57999766	7.39665365	0.17378199
84.58399766	7.39665365	0.17378199
84.58799766	7.39665365	0.17378199
84.59199766	7.39665365	0.17378199
84.59599766	7.55720949	0.17378199
84.59999766	7.55720949	0.17378199
84.60399766	7.39665365	0.17378199
84.60799766	7.39665365	0.17378199
84.61199766	7.39665365	0.17378199
84.61599766	7.39665365	0.17378199
84.61999766	7.39665365	0.17378199
84.62399766	7.55720949	0.18959154
84.62799766	7.55720949	0.17378199
84.63199766	7.55720949	0.17378199
84.63599766	7.39665365	0.17378199
84.63999766	7.23548222	0.17378199
84.64399766	7.39665365	0.17378199
84.64799766	7.55720949	0.17378199
84.65199766	7.55720949	0.17378199
84.65599766	7.55720949	0.17378199
84.65999766	7.39665365	0.17378199
84.66399766	7.39665365	0.17378199
84.66799766	7.39665365	0.17378199
84.67199766	7.39665365	0.17378199
84.67599766	7.39665365	0.17378199
84.67999766	7.55720949	0.17378199
84.68399766	7.55720949	0.17378199
84.68799766	7.39665365	0.17378199
84.69199766	7.39665365	0.17378199
84.69599766	7.39665365	0.17378199
84.69999766	7.55720949	0.17378199
84.70399766	7.55720949	0.17378199
84.70799766	7.39665365	0.17378199
84.71199766	7.39665365	0.17378199
84.71599766	7.39665365	0.17378199
84.71999766	7.55720949	0.18959154
84.72399766	7.39665365	0.17378199
84.72799766	7.39665365	0.17378199
84.73199766	7.39665365	0.17378199
84.73599766	7.55720949	0.17378199
84.73999766	7.55720949	0.17378199
84.74399766	7.39665365	0.17378199
84.74799766	7.39665365	0.17378199
84.75199766	7.39665365	0.17378199
84.75599766	7.39665365	0.17378199
84.75999766	7.55720949	0.17378199
84.76399766	7.55720949	0.17378199
84.76799766	7.55720949	0.17378199
84.77199766	7.39665365	0.17378199
84.77599766	7.39665365	0.17378199
84.77999766	7.39665365	0.17378199
84.78399766	7.39665365	0.17378199
84.78799766	7.55720949	0.17378199
84.79199766	7.55720949	0.17378199
84.79599766	7.39665365	0.17378199
84.79999766	7.39665365	0.17378199
84.80399766	7.39665365	0.17378199
84.80799766	7.39665365	0.17378199
84.81199766	7.55720949	0.17378199
84.81599766	7.55720949	0.17378199
84.81999766	7.55720949	0.17378199
84.82399766	7.39665365	0.17378199
84.82799766	7.39665365	0.17378199
84.83199765	7.39665365	0.17378199
84.83599765	7.39665365	0.17378199
84.83999765	7.55720949	0.17378199
84.84399765	7.55720949	0.17378199
84.84799765	7.55720949	0.17378199
84.85199765	7.39665365	0.17378199
84.85599765	7.39665365	0.17378199
84.85999765	7.39665365	0.17378199
84.86399765	7.39665365	0.17378199
84.86799765	7.55720949	0.17378199
84.87199765	7.55720949	0.17378199
84.87599765	7.39665365	0.17378199
84.87999765	7.39665365	0.17378199
84.88399765	7.39665365	0.17378199
84.88799765	7.39665365	0.17378199
84.89199765	7.39665365	0.17378199
84.89599765	7.39665365	0.17378199
84.89999765	7.39665365	0.17378199
84.90399765	7.39665365	0.17378199
84.90799765	7.39665365	0.17378199
84.91199765	7.39665365	0.17378199
84.91599765	7.39665365	0.17378199
84.91999765	7.39665365	0.17378199
84.92399765	7.39665365	0.17378199
84.92799765	7.39665365	0.17378199
84.93199765	7.39665365	0.17378199
84.93599765	7.39665365	0.17378199
84.93999765	7.39665365	0.17378199
84.94399765	7.39665365	0.17378199
84.94799765	7.39665365	0.17378199
84.95199765	7.39665365	0.17378199
84.95599765	7.39665365	0.17378199
84.95999765	7.39665365	0.17378199
84.96399765	7.39665365	0.17378199
84.96799765	7.39665365	0.17378199
84.97199765	7.39665365	0.17378199
84.97599765	7.39665365	0.17378199
84.97999765	7.55720949	0.17378199
84.98399765	7.39665365	0.17378199
84.98799765	7.39665365	0.17378199
84.99199765	7.39665365	0.17378199
84.99599765	7.39665365	0.17378199
84.99999765	7.55720949	0.17378199
85.00399765	7.39665365	0.17378199
85.00799765	7.39665365	0.17378199
85.01199765	7.39665365	0.17378199
85.01599765	7.39665365	0.17378199
85.01999765	7.39665365	0.17378199
85.02399765	7.39665365	0.17378199
85.02799765	7.39665365	0.17378199
85.03199765	7.39665365	0.17378199
85.03599765	7.39665365	0.17378199
85.03999765	7.39665365	0.17378199
85.04399765	7.39665365	0.17378199
85.04799765	7.39665365	0.17378199
85.05199765	7.39665365	0.17378199
85.05599765	7.39665365	0.17378199
85.05999765	7.39665365	0.17378199
85.06399765	7.39665365	0.17378199
85.06799765	7.39665365	0.17378199
85.07199765	7.39665365	0.17378199
85.07599765	7.39665365	0.17378199
85.07999765	7.39665365	0.17378199
85.08399765	7.39665365	0.17378199
85.08799765	7.55720949	0.17378199
85.09199765	7.39665365	0.17378199
85.09599765	7.39665365	0.17378199
85.09999765	7.39665365	0.17378199
85.10399765	7.39665365	0.17378199
85.10799765	7.39665365	0.17378199
85.11199765	7.39665365	0.17378199
85.11599765	7.39665365	0.17378199
85.11999765	7.39665365	0.17378199
85.12399765	7.39665365	0.17378199
85.12799765	7.39665365	0.17378199
85.13199765	7.39665365	0.17378199
85.13599765	7.39665365	0.17378199
85.13999765	7.55720949	0.17378199
85.14399765	7.55720949	0.17378199
85.14799765	7.39665365	0.17378199
85.15199765	7.23548222	0.17378199
85.15599765	7.23548222	0.17378199
85.15999765	7.39665365	0.17378199
85.16399765	7.55720949	0.17378199
85.16799765	7.55720949	0.18959154
85.17199765	7.39665365	0.17378199
85.17599765	7.39665365	0.17378199
85.17999765	7.39665365	0.17378199
85.18399765	7.23548222	0.17378199
85.18799764	7.39665365	0.17378199
85.19199764	7.55720949	0.17378199
85.19599764	7.55720949	0.17378199
85.19999764	7.39665365	0.17378199
85.20399764	7.39665365	0.17378199
85.20799764	7.39665365	0.17378199
85.21199764	7.39665365	0.17378199
85.21599764	7.39665365	0.17378199
85.21999764	7.55720949	0.17378199
85.22399764	7.55720949	0.17378199
85.22799764	7.39665365	0.17378199
85.23199764	7.39665365	0.17378199
85.23599764	7.39665365	0.17378199
85.23999764	7.39665365	0.17378199
85.24399764	7.55720949	0.17378199
85.24799764	7.55720949	0.17378199
85.25199764	7.55720949	0.17378199
85.25599764	7.39665365	0.17378199
85.25999764	7.39665365	0.17378199
85.26399764	7.39665365	0.17378199
85.26799764	7.39665365	0.17378199
85.27199764	7.55720949	0.17378199
85.27599764	7.55720949	0.17378199
85.27999764	7.55720949	0.17378199
85.28399764	7.39665365	0.17378199
85.28799764	7.39665365	0.17378199
85.29199764	7.39665365	0.17378199
85.29599764	7.39665365	0.17378199
85.29999764	7.55720949	0.17378199
85.30399764	7.55720949	0.17378199
85.30799764	7.39665365	0.17378199
85.31199764	7.39665365	0.17378199
85.31599764	7.23548222	0.17378199
85.31999764	7.39665365	0.17378199
85.32399764	7.39665365	0.17378199
85.32799764	7.39665365	0.17378199
85.33199764	7.55720949	0.17378199
85.33599764	7.39665365	0.17378199
85.33999764	7.39665365	0.17378199
85.34399764	7.23548222	0.17378199
85.34799764	7.39665365	0.17378199
85.35199764	7.39665365	0.17378199
85.35599764	7.55720949	0.17378199
85.35999764	7.55720949	0.17378199
85.36399764	7.39665365	0.17378199
85.36799764	7.39665365	0.17378199
85.37199764	7.23548222	0.17378199
85.37599764	7.39665365	0.17378199
85.37999764	7.55720949	0.17378199
85.38399764	7.55720949	0.17378199
85.38799764	7.55720949	0.17378199
85.39199764	7.39665365	0.17378199
85.39599764	7.39665365	0.17378199
85.39999764	7.39665365	0.17378199
85.40399764	7.39665365	0.17378199
85.40799764	7.55720949	0.17378199
85.41199764	7.39665365	0.17378199
85.41599764	7.39665365	0.17378199
85.41999764	7.39665365	0.17378199
85.42399764	7.39665365	0.17378199
85.42799764	7.39665365	0.17378199
85.43199764	7.39665365	0.17378199
85.43599764	7.39665365	0.17378199
85.43999764	7.55720949	0.17378199
85.44399764	7.55720949	0.17378199
85.44799764	7.39665365	0.17378199
85.45199764	7.23548222	0.17378199
85.45599764	7.23548222	0.17378199
85.45999764	7.55720949	0.17378199
85.46399764	7.55720949	0.17378199
85.46799764	7.55720949	0.17378199
85.47199764	7.39665365	0.17378199
85.47599764	7.39665365	0.17378199
85.47999764	7.39665365	0.17378199
85.48399764	7.39665365	0.17378199
85.48799764	7.39665365	0.17378199
85.49199764	7.39665365	0.17378199
85.49599764	7.55720949	0.17378199
85.49999764	7.39665365	0.17378199
85.50399764	7.39665365	0.17378199
85.50799764	7.39665365	0.17378199
85.51199764	7.39665365	0.17378199
85.51599764	7.55720949	0.17378199
85.51999764	7.39665365	0.17378199
85.52399764	7.39665365	0.17378199
85.52799764	7.39665365	0.17378199
85.53199764	7.39665365	0.17378199
85.53599764	7.39665365	0.17378199
85.53999763	7.39665365	0.17378199
85.54399763	7.39665365	0.17378199
85.54799763	7.55720949	0.17378199
85.55199763	7.39665365	0.17378199
85.55599763	7.23548222	0.17378199
85.55999763	7.39665365	0.17378199
85.56399763	7.39665365	0.17378199
85.56799763	7.39665365	0.17378199
85.57199763	7.39665365	0.17378199
85.57599763	7.55720949	0.17378199
85.57999763	7.39665365	0.17378199
85.58399763	7.23548222	0.17378199
85.58799763	7.23548222	0.17378199
85.59199763	7.39665365	0.17378199
85.59599763	7.55720949	0.17378199
85.59999763	7.55720949	0.17378199
85.60399763	7.39665365	0.17378199
85.60799763	7.39665365	0.17378199
85.61199763	7.23548222	0.17378199
85.61599763	7.39665365	0.17378199
85.61999763	7.39665365	0.17378199
85.62399763	7.39665365	0.17378199
85.62799763	7.39665365	0.17378199
85.63199763	7.39665365	0.17378199
85.63599763	7.39665365	0.17378199
85.63999763	7.23548222	0.17378199
85.64399763	7.39665365	0.17378199
85.64799763	7.55720949	0.17378199
85.65199763	7.55720949	0.17378199
85.65599763	7.39665365	0.17378199
85.65999763	7.39665365	0.17378199
85.66399763	7.39665365	0.17378199
85.66799763	7.39665365	0.17378199
85.67199763	7.39665365	0.17378199
85.67599763	7.39665365	0.17378199
85.67999763	7.39665365	0.17378199
85.68399763	7.55720949	0.17378199
85.68799763	7.39665365	0.17378199
85.69199763	7.39665365	0.17378199
85.69599763	7.39665365	0.17378199
85.69999763	7.39665365	0.17378199
85.70399763	7.39665365	0.17378199
85.70799763	7.39665365	0.17378199
85.71199763	7.39665365	0.17378199
85.71599763	7.55720949	0.17378199
85.71999763	7.39665365	0.17378199
85.72399763	7.39665365	0.17378199
85.72799763	7.23548222	0.17378199
85.73199763	7.39665365	0.17378199
85.73599763	7.39665365	0.17378199
85.73999763	7.39665365	0.17378199
85.74399763	7.39665365	0.17378199
85.74799763	7.39665365	0.17378199
85.75199763	7.39665365	0.17378199
85.75599763	7.39665365	0.17378199
85.75999763	7.39665365	0.17378199
85.76399763	7.39665365	0.17378199
85.76799763	7.55720949	0.17378199
85.77199763	7.55720949	0.17378199
85.77599763	7.39665365	0.17378199
85.77999763	7.39665365	0.17378199
85.78399763	7.39665365	0.17378199
85.78799763	7.39665365	0.17378199
85.79199763	7.39665365	0.17378199
85.79599763	7.39665365	0.17378199
85.79999763	7.39665365	0.17378199
85.80399763	7.39665365	0.17378199
85.80799763	7.23548222	0.17378199
85.81199763	7.39665365	0.17378199
85.81599763	7.39665365	0.17378199
85.81999763	7.55720949	0.17378199
85.82399763	7.39665365	0.17378199
85.82799763	7.39665365	0.17378199
85.83199763	7.39665365	0.17378199
85.83599763	7.39665365	0.17378199
85.83999763	7.39665365	0.17378199
85.84399763	7.39665365	0.17378199
85.84799763	7.39665365	0.17378199
85.85199763	7.39665365	0.17378199
85.85599763	7.39665365	0.17378199
85.85999763	7.39665365	0.17378199
85.86399763	7.39665365	0.17378199
85.86799763	7.39665365	0.17378199
85.87199763	7.39665365	0.17378199
85.87599763	7.39665365	0.17378199
85.87999763	7.39665365	0.17378199
85.88399763	7.39665365	0.17378199
85.88799763	7.39665365	0.17378199
85.89199762	7.39665365	0.17378199
85.89599762	7.39665365	0.17378199
85.89999762	7.39665365	0.17378199
85.90399762	7.39665365	0.17378199
85.90799762	7.39665365	0.17378199
85.91199762	7.39665365	0.17378199
85.91599762	7.23548222	0.17378199
85.91999762	7.39665365	0.17378199
85.92399762	7.39665365	0.17378199
85.92799762	7.39665365	0.17378199
85.93199762	7.39665365	0.17378199
85.93599762	7.39665365	0.17378199
85.93999762	7.39665365	0.17378199
85.94399762	7.39665365	0.17378199
85.94799762	7.39665365	0.17378199
85.95199762	7.39665365	0.17378199
85.95599762	7.39665365	0.17378199
85.95999762	7.39665365	0.17378199
85.96399762	7.39665365	0.17378199
85.96799762	7.39665365	0.17378199
85.97199762	7.39665365	0.17378199
85.97599762	7.39665365	0.17378199
85.97999762	7.39665365	0.17378199
85.98399762	7.39665365	0.17378199
85.98799762	7.39665365	0.17378199
85.99199762	7.39665365	0.17378199
85.99599762	7.39665365	0.17378199
85.99999762	7.23548222	0.17378199
86.00399762	7.39665365	0.17378199
86.00799762	7.39665365	0.17378199
86.01199762	7.39665365	0.17378199
86.01599762	7.39665365	0.17378199
86.01999762	7.39665365	0.17378199
86.02399762	7.39665365	0.17378199
86.02799762	7.39665365	0.17378199
86.03199762	7.39665365	0.17378199
86.03599762	7.39665365	0.17378199
86.03999762	7.39665365	0.17378199
86.04399762	7.39665365	0.17378199
86.04799762	7.39665365	0.17378199
86.05199762	7.39665365	0.17378199
86.05599762	7.39665365	0.17378199
86.05999762	7.39665365	0.17378199
86.06399762	7.39665365	0.17378199
86.06799762	7.39665365	0.17378199
86.07199762	7.39665365	0.17378199
86.07599762	7.39665365	0.17378199
86.07999762	7.39665365	0.17378199
86.08399762	7.39665365	0.17378199
86.08799762	7.39665365	0.17378199
86.09199762	7.55720949	0.17378199
86.09599762	7.39665365	0.17378199
86.09999762	7.39665365	0.17378199
86.10399762	7.39665365	0.17378199
86.10799762	7.39665365	0.17378199
86.11199762	7.39665365	0.17378199
86.11599762	7.39665365	0.17378199
86.11999762	7.39665365	0.17378199
86.12399762	7.39665365	0.17378199
86.12799762	7.39665365	0.17378199
86.13199762	7.39665365	0.17378199
86.13599762	7.39665365	0.17378199
86.13999762	7.39665365	0.17378199
86.14399762	7.39665365	0.17378199
86.14799762	7.55720949	0.17378199
86.15199762	7.39665365	0.17378199
86.15599762	7.39665365	0.17378199
86.15999762	7.39665365	0.17378199
86.16399762	7.39665365	0.17378199
86.16799762	7.39665365	0.17378199
86.17199762	7.39665365	0.17378199
86.17599762	7.39665365	0.17378199
86.17999762	7.39665365	0.17378199
86.18399762	7.39665365	0.17378199
86.18799762	7.39665365	0.17378199
86.19199762	7.39665365	0.17378199
86.19599762	7.39665365	0.17378199
86.19999762	7.55720949	0.17378199
86.20399762	7.39665365	0.17378199
86.20799762	7.39665365	0.17378199
86.21199762	7.39665365	0.17378199
86.21599762	7.39665365	0.17378199
86.21999762	7.39665365	0.17378199
86.22399762	7.39665365	0.17378199
86.22799762	7.39665365	0.17378199
86.23199762	7.39665365	0.17378199
86.23599762	7.39665365	0.17378199
86.23999762	7.39665365	0.17378199
86.24399762	7.39665365	0.17378199
86.24799761	7.39665365	0.17378199
86.25199761	7.39665365	0.17378199
86.25599761	7.39665365	0.17378199
86.25999761	7.39665365	0.17378199
86.26399761	7.39665365	0.17378199
86.26799761	7.39665365	0.17378199
86.27199761	7.39665365	0.17378199
86.27599761	7.39665365	0.17378199
86.27999761	7.39665365	0.17378199
86.28399761	7.39665365	0.17378199
86.28799761	7.39665365	0.17378199
86.29199761	7.39665365	0.17378199
86.29599761	7.39665365	0.17378199
86.29999761	7.39665365	0.17378199
86.30399761	7.39665365	0.17378199
86.30799761	7.39665365	0.17378199
86.31199761	7.39665365	0.17378199
86.31599761	7.39665365	0.17378199
86.31999761	7.39665365	0.17378199
86.32399761	7.39665365	0.17378199
86.32799761	7.39665365	0.17378199
86.33199761	7.39665365	0.17378199
86.33599761	7.39665365	0.17378199
86.33999761	7.39665365	0.17378199
86.34399761	7.39665365	0.17378199
86.34799761	7.39665365	0.17378199
86.35199761	7.39665365	0.17378199
86.35599761	7.39665365	0.17378199
86.35999761	7.39665365	0.17378199
86.36399761	7.39665365	0.17378199
86.36799761	7.39665365	0.17378199
86.37199761	7.39665365	0.17378199
86.37599761	7.39665365	0.17378199
86.37999761	7.39665365	0.17378199
86.38399761	7.39665365	0.17378199
86.38799761	7.39665365	0.17378199
86.39199761	7.39665365	0.17378199
86.39599761	7.55720949	0.17378199
86.39999761	7.39665365	0.17378199
86.40399761	7.39665365	0.17378199
86.40799761	7.39665365	0.17378199
86.41199761	7.39665365	0.17378199
86.41599761	7.55720949	0.17378199
86.41999761	7.39665365	0.17378199
86.42399761	7.39665365	0.17378199
86.42799761	7.39665365	0.17378199
86.43199761	7.39665365	0.17378199
86.43599761	7.39665365	0.17378199
86.43999761	7.39665365	0.17378199
86.44399761	7.39665365	0.17378199
86.44799761	7.55720949	0.17378199
86.45199761	7.39665365	0.17378199
86.45599761	7.39665365	0.17378199
86.45999761	7.39665365	0.17378199
86.46399761	7.39665365	0.17378199
86.46799761	7.39665365	0.17378199
86.47199761	7.39665365	0.17378199
86.47599761	7.39665365	0.17378199
86.47999761	7.55720949	0.17378199
86.48399761	7.55720949	0.17378199
86.48799761	7.39665365	0.17378199
86.49199761	7.39665365	0.17378199
86.49599761	7.39665365	0.17378199
86.49999761	7.39665365	0.17378199
86.50399761	7.39665365	0.17378199
86.50799761	7.39665365	0.17378199
86.51199761	7.39665365	0.17378199
86.51599761	7.55720949	0.17378199
86.51999761	7.39665365	0.17378199
86.52399761	7.39665365	0.17378199
86.52799761	7.39665365	0.17378199
86.53199761	7.55720949	0.17378199
86.53599761	7.39665365	0.17378199
86.53999761	7.39665365	0.17378199
86.54399761	7.39665365	0.17378199
86.54799761	7.55720949	0.17378199
86.55199761	7.55720949	0.17378199
86.55599761	7.39665365	0.17378199
86.55999761	7.39665365	0.17378199
86.56399761	7.39665365	0.17378199
86.56799761	7.39665365	0.17378199
86.57199761	7.39665365	0.17378199
86.57599761	7.39665365	0.17378199
86.57999761	7.39665365	0.17378199
86.58399761	7.55720949	0.17378199
86.58799761	7.39665365	0.17378199
86.59199761	7.39665365	0.17378199
86.59599761	7.39665365	0.17378199
86.59999760	7.39665365	0.17378199
86.60399760	7.39665365	0.17378199
86.60799760	7.39665365	0.17378199
86.61199760	7.39665365	0.17378199
86.61599760	7.39665365	0.17378199
86.61999760	7.39665365	0.17378199
86.62399760	7.39665365	0.17378199
86.62799760	7.39665365	0.17378199
86.63199760	7.39665365	0.17378199
86.63599760	7.39665365	0.17378199
86.63999760	7.39665365	0.17378199
86.64399760	7.39665365	0.17378199
86.64799760	7.39665365	0.17378199
86.65199760	7.39665365	0.17378199
86.65599760	7.55720949	0.17378199
86.65999760	7.39665365	0.17378199
86.66399760	7.39665365	0.17378199
86.66799760	7.39665365	0.17378199
86.67199760	7.39665365	0.17378199
86.67599760	7.39665365	0.17378199
86.67999760	7.39665365	0.17378199
86.68399760	7.39665365	0.17378199
86.68799760	7.39665365	0.17378199
86.69199760	7.39665365	0.17378199
86.69599760	7.39665365	0.17378199
86.69999760	7.39665365	0.17378199
86.70399760	7.39665365	0.17378199
86.70799760	7.39665365	0.17378199
86.71199760	7.39665365	0.17378199
86.71599760	7.55720949	0.17378199
86.71999760	7.55720949	0.17378199
86.72399760	7.39665365	0.17378199
86.72799760	7.39665365	0.17378199
86.73199760	7.39665365	0.17378199
86.73599760	7.39665365	0.17378199
86.73999760	7.39665365	0.17378199
86.74399760	7.55720949	0.17378199
86.74799760	7.39665365	0.17378199
86.75199760	7.39665365	0.17378199
86.75599760	7.39665365	0.17378199
86.75999760	7.39665365	0.17378199
86.76399760	7.39665365	0.17378199
86.76799760	7.39665365	0.17378199
86.77199760	7.39665365	0.17378199
86.77599760	7.39665365	0.17378199
86.77999760	7.39665365	0.17378199
86.78399760	7.39665365	0.17378199
86.78799760	7.39665365	0.17378199
86.79199760	7.39665365	0.17378199
86.79599760	7.39665365	0.17378199
86.79999760	7.39665365	0.17378199
86.80399760	7.39665365	0.17378199
86.80799760	7.39665365	0.17378199
86.81199760	7.39665365	0.17378199
86.81599760	7.39665365	0.17378199
86.81999760	7.55720949	0.17378199
86.82399760	7.39665365	0.17378199
86.82799760	7.39665365	0.17378199
86.83199760	7.39665365	0.17378199
86.83599760	7.55720949	0.17378199
86.83999760	7.55720949	0.17378199
86.84399760	7.39665365	0.17378199
86.84799760	7.39665365	0.17378199
86.85199760	7.39665365	0.17378199
86.85599760	7.39665365	0.17378199
86.85999760	7.39665365	0.17378199
86.86399760	7.55720949	0.17378199
86.86799760	7.55720949	0.17378199
86.87199760	7.39665365	0.17378199
86.87599760	7.39665365	0.17378199
86.87999760	7.39665365	0.17378199
86.88399760	7.39665365	0.17378199
86.88799760	7.55720949	0.17378199
86.89199760	7.55720949	0.17378199
86.89599760	7.39665365	0.17378199
86.89999760	7.39665365	0.17378199
86.90399760	7.39665365	0.17378199
86.90799760	7.39665365	0.17378199
86.91199760	7.39665365	0.17378199
86.91599760	7.55720949	0.17378199
86.91999760	7.55720949	0.17378199
86.92399760	7.39665365	0.17378199
86.92799760	7.39665365	0.17378199
86.93199760	7.39665365	0.17378199
86.93599760	7.39665365	0.17378199
86.93999760	7.55720949	0.17378199
86.94399760	7.55720949	0.17378199
86.94799760	7.39665365	0.17378199
86.95199760	7.39665365	0.17378199
86.95599759	7.39665365	0.17378199
86.95999759	7.39665365	0.17378199
86.96399759	7.39665365	0.17378199
86.96799759	7.39665365	0.17378199
86.97199759	7.55720949	0.17378199
86.97599759	7.55720949	0.17378199
86.97999759	7.39665365	0.17378199
86.98399759	7.39665365	0.17378199
86.98799759	7.39665365	0.17378199
86.99199759	7.39665365	0.17378199
86.99599759	7.55720949	0.17378199
86.99999759	7.39665365	0.17378199
87.00399759	7.39665365	0.17378199
87.00799759	7.39665365	0.17378199
87.01199759	7.39665365	0.17378199
87.01599759	7.39665365	0.17378199
87.01999759	7.39665365	0.17378199
87.02399759	7.55720949	0.17378199
87.02799759	7.55720949	0.17378199
87.03199759	7.39665365	0.17378199
87.03599759	7.39665365	0.17378199
87.03999759	7.39665365	0.17378199
87.04399759	7.39665365	0.17378199
87.04799759	7.39665365	0.17378199
87.05199759	7.39665365	0.17378199
87.05599759	7.39665365	0.17378199
87.05999759	7.55720949	0.17378199
87.06399759	7.55720949	0.17378199
87.06799759	7.39665365	0.17378199
87.07199759	7.39665365	0.17378199
87.07599759	7.39665365	0.17378199
87.07999759	7.55720949	0.17378199
87.08399759	7.55720949	0.17378199
87.08799759	7.39665365	0.17378199
87.09199759	7.39665365	0.17378199
87.09599759	7.39665365	0.17378199
87.09999759	7.39665365	0.17378199
87.10399759	7.39665365	0.17378199
87.10799759	7.55720949	0.17378199
87.11199759	7.55720949	0.17378199
87.11599759	7.39665365	0.17378199
87.11999759	7.39665365	0.17378199
87.12399759	7.39665365	0.17378199
87.12799759	7.55720949	0.17378199
87.13199759	7.55720949	0.17378199
87.13599759	7.39665365	0.17378199
87.13999759	7.39665365	0.17378199
87.14399759	7.39665365	0.17378199
87.14799759	7.39665365	0.17378199
87.15199759	7.39665365	0.17378199
87.15599759	7.39665365	0.17378199
87.15999759	7.55720949	0.17378199
87.16399759	7.55720949	0.17378199
87.16799759	7.39665365	0.17378199
87.17199759	7.39665365	0.17378199
87.17599759	7.39665365	0.17378199
87.17999759	7.55720949	0.17378199
87.18399759	7.55720949	0.17378199
87.18799759	7.39665365	0.17378199
87.19199759	7.39665365	0.17378199
87.19599759	7.39665365	0.17378199
87.19999759	7.39665365	0.17378199
87.20399759	7.39665365	0.15797244
87.20799759	7.39665365	0.17378199
87.21199759	7.55720949	0.17378199
87.21599759	7.55720949	0.17378199
87.21999759	7.39665365	0.17378199
87.22399759	7.39665365	0.17378199
87.22799759	7.39665365	0.17378199
87.23199759	7.55720949	0.17378199
87.23599759	7.55720949	0.17378199
87.23999759	7.39665365	0.17378199
87.24399759	7.39665365	0.17378199
87.24799759	7.39665365	0.17378199
87.25199759	7.39665365	0.17378199
87.25599759	7.39665365	0.17378199
87.25999759	7.39665365	0.17378199
87.26399759	7.55720949	0.17378199
87.26799759	7.55720949	0.17378199
87.27199759	7.39665365	0.17378199
87.27599759	7.23548222	0.15797244
87.27999759	7.39665365	0.15797244
87.28399759	7.55720949	0.17378199
87.28799759	7.55720949	0.17378199
87.29199759	7.39665365	0.17378199
87.29599759	7.39665365	0.17378199
87.29999759	7.55720949	0.17378199
87.30399759	7.39665365	0.17378199
87.30799758	7.39665365	0.17378199
87.31199758	7.39665365	0.17378199
87.31599758	7.55720949	0.17378199
87.31999758	7.55720949	0.17378199
87.32399758	7.39665365	0.17378199
87.32799758	7.39665365	0.17378199
87.33199758	7.39665365	0.17378199
87.33599758	7.39665365	0.17378199
87.33999758	7.39665365	0.17378199
87.34399758	7.39665365	0.17378199
87.34799758	7.55720949	0.17378199
87.35199758	7.55720949	0.17378199
87.35599758	7.39665365	0.17378199
87.35999758	7.23548222	0.17378199
87.36399758	7.39665365	0.17378199
87.36799758	7.55720949	0.17378199
87.37199758	7.55720949	0.17378199
87.37599758	7.39665365	0.17378199
87.37999758	7.39665365	0.17378199
87.38399758	7.39665365	0.15797244
87.38799758	7.39665365	0.17378199
87.39199758	7.39665365	0.17378199
87.39599758	7.39665365	0.17378199
87.39999758	7.55720949	0.17378199
87.40399758	7.55720949	0.17378199
87.40799758	7.39665365	0.17378199
87.41199758	7.23548222	0.17378199
87.41599758	7.39665365	0.17378199
87.41999758	7.39665365	0.17378199
87.42399758	7.55720949	0.17378199
87.42799758	7.39665365	0.17378199
87.43199758	7.39665365	0.17378199
87.43599758	7.39665365	0.17378199
87.43999758	7.39665365	0.17378199
87.44399758	7.39665365	0.17378199
87.44799758	7.39665365	0.17378199
87.45199758	7.39665365	0.17378199
87.45599758	7.55720949	0.17378199
87.45999758	7.39665365	0.17378199
87.46399758	7.39665365	0.17378199
87.46799758	7.39665365	0.15797244
87.47199758	7.39665365	0.17378199
87.47599758	7.39665365	0.17378199
87.47999758	7.39665365	0.17378199
87.48399758	7.55720949	0.17378199
87.48799758	7.55720949	0.17378199
87.49199758	7.39665365	0.17378199
87.49599758	7.39665365	0.17378199
87.49999758	7.39665365	0.17378199
87.50399758	7.39665365	0.17378199
87.50799758	7.55720949	0.17378199
87.51199758	7.39665365	0.17378199
87.51599758	7.39665365	0.17378199
87.51999758	7.39665365	0.17378199
87.52399758	7.39665365	0.17378199
87.52799758	7.55720949	0.17378199
87.53199758	7.39665365	0.17378199
87.53599758	7.39665365	0.17378199
87.53999758	7.55720949	0.17378199
87.54399758	7.39665365	0.17378199
87.54799758	7.39665365	0.17378199
87.55199758	7.23548222	0.17378199
87.55599758	7.39665365	0.17378199
87.55999758	7.39665365	0.17378199
87.56399758	7.39665365	0.17378199
87.56799758	7.39665365	0.17378199
87.57199758	7.39665365	0.17378199
87.57599758	7.39665365	0.17378199
87.57999758	7.39665365	0.17378199
87.58399758	7.39665365	0.17378199
87.58799758	7.39665365	0.17378199
87.59199758	7.55720949	0.17378199
87.59599758	7.39665365	0.17378199
87.59999758	7.39665365	0.17378199
87.60399758	7.39665365	0.17378199
87.60799758	7.39665365	0.17378199
87.61199758	7.39665365	0.17378199
87.61599758	7.39665365	0.17378199
87.61999758	7.39665365	0.17378199
87.62399758	7.39665365	0.17378199
87.62799758	7.39665365	0.17378199
87.63199758	7.39665365	0.17378199
87.63599758	7.39665365	0.17378199
87.63999758	7.39665365	0.17378199
87.64399758	7.39665365	0.17378199
87.64799758	7.39665365	0.17378199
87.65199758	7.39665365	0.15797244
87.65599758	7.39665365	0.17378199
87.65999757	7.39665365	0.17378199
87.66399757	7.39665365	0.17378199
87.66799757	7.39665365	0.17378199
87.67199757	7.39665365	0.17378199
87.67599757	7.39665365	0.17378199
87.67999757	7.39665365	0.17378199
87.68399757	7.39665365	0.17378199
87.68799757	7.39665365	0.17378199
87.69199757	7.39665365	0.17378199
87.69599757	7.39665365	0.17378199
87.69999757	7.39665365	0.17378199
87.70399757	7.39665365	0.17378199
87.70799757	7.39665365	0.17378199
87.71199757	7.39665365	0.17378199
87.71599757	7.39665365	0.17378199
87.71999757	7.39665365	0.17378199
87.72399757	7.39665365	0.17378199
87.72799757	7.39665365	0.17378199
87.73199757	7.39665365	0.17378199
87.73599757	7.39665365	0.17378199
87.73999757	7.39665365	0.17378199
87.74399757	7.39665365	0.17378199
87.74799757	7.39665365	0.17378199
87.75199757	7.39665365	0.17378199
87.75599757	7.39665365	0.17378199
87.75999757	7.39665365	0.17378199
87.76399757	7.39665365	0.17378199
87.76799757	7.39665365	0.17378199
87.77199757	7.39665365	0.17378199
87.77599757	7.39665365	0.17378199
87.77999757	7.39665365	0.17378199
87.78399757	7.39665365	0.17378199
87.78799757	7.39665365	0.17378199
87.79199757	7.39665365	0.17378199
87.79599757	7.39665365	0.17378199
87.79999757	7.39665365	0.17378199
87.80399757	7.39665365	0.17378199
87.80799757	7.39665365	0.17378199
87.81199757	7.39665365	0.17378199
87.81599757	7.39665365	0.17378199
87.81999757	7.39665365	0.15797244
87.82399757	7.23548222	0.17378199
87.82799757	7.39665365	0.17378199
87.83199757	7.39665365	0.17378199
87.83599757	7.39665365	0.17378199
87.83999757	7.39665365	0.17378199
87.84399757	7.39665365	0.17378199
87.84799757	7.39665365	0.17378199
87.85199757	7.39665365	0.17378199
87.85599757	7.39665365	0.17378199
87.85999757	7.39665365	0.17378199
87.86399757	7.39665365	0.17378199
87.86799757	7.39665365	0.17378199
87.87199757	7.39665365	0.17378199
87.87599757	7.39665365	0.17378199
87.87999757	7.39665365	0.17378199
87.88399757	7.39665365	0.17378199
87.88799757	7.39665365	0.17378199
87.89199757	7.39665365	0.15797244
87.89599757	7.39665365	0.17378199
87.89999757	7.39665365	0.17378199
87.90399757	7.39665365	0.17378199
87.90799757	7.39665365	0.15797244
87.91199757	7.39665365	0.17378199
87.91599757	7.39665365	0.17378199
87.91999757	7.39665365	0.17378199
87.92399757	7.39665365	0.17378199
87.92799757	7.39665365	0.17378199
87.93199757	7.23548222	0.17378199
87.93599757	7.23548222	0.17378199
87.93999757	7.39665365	0.17378199
87.94399757	7.55720949	0.17378199
87.94799757	7.39665365	0.17378199
87.95199757	7.23548222	0.17378199
87.95599757	7.39665365	0.17378199
87.95999757	7.39665365	0.17378199
87.96399757	7.39665365	0.17378199
87.96799757	7.39665365	0.17378199
87.97199757	7.39665365	0.17378199
87.97599757	7.39665365	0.17378199
87.97999757	7.39665365	0.17378199
87.98399757	7.23548222	0.17378199
87.98799757	7.39665365	0.15797244
87.99199757	7.39665365	0.17378199
87.99599757	7.39665365	0.17378199
87.99999757	7.39665365	0.17378199
88.00399757	7.39665365	0.15797244
88.00799757	7.39665365	0.17378199
88.01199757	7.39665365	0.17378199
88.01599756	7.39665365	0.17378199
88.01999756	7.23548222	0.17378199
88.02399756	7.39665365	0.17378199
88.02799756	7.39665365	0.17378199
88.03199756	7.39665365	0.17378199
88.03599756	7.23548222	0.17378199
88.03999756	7.23548222	0.17378199
88.04399756	7.39665365	0.15797244
88.04799756	7.39665365	0.17378199
88.05199756	7.39665365	0.17378199
88.05599756	7.39665365	0.17378199
88.05999756	7.39665365	0.15797244
88.06399756	7.39665365	0.17378199
88.06799756	7.39665365	0.17378199
88.07199756	7.39665365	0.17378199
88.07599756	7.39665365	0.15797244
88.07999756	7.39665365	0.17378199
88.08399756	7.39665365	0.17378199
88.08799756	7.39665365	0.17378199
88.09199756	7.23548222	0.15797244
88.09599756	7.39665365	0.17378199
88.09999756	7.39665365	0.17378199
88.10399756	7.39665365	0.17378199
88.10799756	7.39665365	0.17378199
88.11199756	7.39665365	0.17378199
88.11599756	7.39665365	0.15797244
88.11999756	7.39665365	0.17378199
88.12399756	7.39665365	0.17378199
88.12799756	7.39665365	0.17378199
88.13199756	7.39665365	0.17378199
88.13599756	7.39665365	0.17378199
88.13999756	7.39665365	0.15797244
88.14399756	7.39665365	0.17378199
88.14799756	7.39665365	0.17378199
88.15199756	7.39665365	0.17378199
88.15599756	7.23548222	0.17378199
88.15999756	7.23548222	0.17378199
88.16399756	7.39665365	0.15797244
88.16799756	7.39665365	0.17378199
88.17199756	7.39665365	0.17378199
88.17599756	7.23548222	0.17378199
88.17999756	7.23548222	0.17378199
88.18399756	7.39665365	0.15797244
88.18799756	7.39665365	0.17378199
88.19199756	7.39665365	0.17378199
88.19599756	7.39665365	0.17378199
88.19999756	7.39665365	0.17378199
88.20399756	7.39665365	0.17378199
88.20799756	7.39665365	0.17378199
88.21199756	7.23548222	0.15797244
88.21599756	7.39665365	0.17378199
88.21999756	7.39665365	0.15797244
88.22399756	7.55720949	0.17378199
88.22799756	7.39665365	0.17378199
88.23199756	7.39665365	0.17378199
88.23599756	7.23548222	0.15797244
88.23999756	7.39665365	0.17378199
88.24399756	7.39665365	0.15797244
88.24799756	7.39665365	0.17378199
88.25199756	7.39665365	0.15797244
88.25599756	7.39665365	0.17378199
88.25999756	7.39665365	0.17378199
88.26399756	7.23548222	0.17378199
88.26799756	7.39665365	0.17378199
88.27199756	7.39665365	0.17378199
88.27599756	7.39665365	0.17378199
88.27999756	7.39665365	0.17378199
88.28399756	7.39665365	0.15797244
88.28799756	7.39665365	0.17378199
88.29199756	7.39665365	0.15797244
88.29599756	7.39665365	0.17378199
88.29999756	7.39665365	0.15797244
88.30399756	7.39665365	0.17378199
88.30799756	7.39665365	0.15797244
88.31199756	7.39665365	0.17378199
88.31599756	7.39665365	0.15797244
88.31999756	7.39665365	0.17378199
88.32399756	7.39665365	0.15797244
88.32799756	7.39665365	0.17378199
88.33199756	7.39665365	0.15797244
88.33599756	7.39665365	0.17378199
88.33999756	7.39665365	0.15797244
88.34399756	7.39665365	0.17378199
88.34799756	7.23548222	0.17378199
88.35199756	7.39665365	0.17378199
88.35599756	7.39665365	0.15797244
88.35999756	7.39665365	0.17378199
88.36399756	7.39665365	0.17378199
88.36799755	7.39665365	0.17378199
88.37199755	7.39665365	0.15797244
88.37599755	7.39665365	0.17378199
88.37999755	7.39665365	0.17378199
88.38399755	7.39665365	0.17378199
88.38799755	7.39665365	0.15797244
88.39199755	7.39665365	0.17378199
88.39599755	7.39665365	0.17378199
88.39999755	7.23548222	0.17378199
88.40399755	7.23548222	0.15797244
88.40799755	7.39665365	0.17378199
88.41199755	7.55720949	0.15797244
88.41599755	7.55720949	0.17378199
88.41999755	7.39665365	0.15797244
88.42399755	7.39665365	0.17378199
88.42799755	7.39665365	0.15797244
88.43199755	7.39665365	0.17378199
88.43599755	7.39665365	0.15797244
88.43999755	7.55720949	0.17378199
88.44399755	7.55720949	0.17378199
88.44799755	7.39665365	0.17378199
88.45199755	7.23548222	0.15797244
88.45599755	7.23548222	0.17378199
88.45999755	7.39665365	0.17378199
88.46399755	7.39665365	0.17378199
88.46799755	7.39665365	0.17378199
88.47199755	7.39665365	0.15797244
88.47599755	7.39665365	0.15797244
88.47999755	7.39665365	0.15797244
88.48399755	7.39665365	0.15797244
88.48799755	7.39665365	0.15797244
88.49199755	7.39665365	0.17378199
88.49599755	7.39665365	0.17378199
88.49999755	7.39665365	0.15797244
88.50399755	7.39665365	0.15797244
88.50799755	7.23548222	0.15797244
88.51199755	7.39665365	0.15797244
88.51599755	7.39665365	0.15797244
88.51999755	7.55720949	0.17378199
88.52399755	7.39665365	0.17378199
88.52799755	7.39665365	0.17378199
88.53199755	7.39665365	0.15797244
88.53599755	7.39665365	0.17378199
88.53999755	7.39665365	0.17378199
88.54399755	7.39665365	0.17378199
88.54799755	7.55720949	0.15797244
88.55199755	7.39665365	0.17378199
88.55599755	7.39665365	0.15797244
88.55999755	7.23548222	0.17378199
88.56399755	7.23548222	0.15797244
88.56799755	7.39665365	0.15797244
88.57199755	7.55720949	0.17378199
88.57599755	7.39665365	0.17378199
88.57999755	7.39665365	0.15797244
88.58399755	7.23548222	0.15797244
88.58799755	7.23548222	0.15797244
88.59199755	7.23548222	0.17378199
88.59599755	7.39665365	0.15797244
88.59999755	7.39665365	0.17378199
88.60399755	7.55720949	0.15797244
88.60799755	7.39665365	0.15797244
88.61199755	7.23548222	0.15797244
88.61599755	7.23548222	0.15797244
88.61999755	7.39665365	0.17378199
88.62399755	7.55720949	0.15797244
88.62799755	7.39665365	0.17378199
88.63199755	7.39665365	0.15797244
88.63599755	7.39665365	0.15797244
88.63999755	7.39665365	0.17378199
88.64399755	7.39665365	0.15797244
88.64799755	7.39665365	0.15797244
88.65199755	7.39665365	0.15797244
88.65599755	7.39665365	0.15797244
88.65999755	7.39665365	0.15797244
88.66399755	7.39665365	0.15797244
88.66799755	7.39665365	0.15797244
88.67199755	7.23548222	0.17378199
88.67599755	7.39665365	0.17378199
88.67999755	7.39665365	0.15797244
88.68399755	7.39665365	0.15797244
88.68799755	7.39665365	0.15797244
88.69199755	7.39665365	0.15797244
88.69599755	7.39665365	0.17378199
88.69999755	7.39665365	0.17378199
88.70399755	7.39665365	0.17378199
88.70799755	7.39665365	0.15797244
88.71199755	7.39665365	0.15797244
88.71599755	7.39665365	0.15797244
88.71999755	7.39665365	0.17378199
88.72399754	7.39665365	0.15797244
88.72799754	7.39665365	0.17378199
88.73199754	7.39665365	0.15797244
88.73599754	7.39665365	0.15797244
88.73999754	7.39665365	0.15797244
88.74399754	7.39665365	0.17378199
88.74799754	7.39665365	0.15797244
88.75199754	7.39665365	0.15797244
88.75599754	7.39665365	0.15797244
88.75999754	7.39665365	0.15797244
88.76399754	7.39665365	0.15797244
88.76799754	7.39665365	0.17378199
88.77199754	7.39665365	0.17378199
88.77599754	7.39665365	0.17378199
88.77999754	7.23548222	0.15797244
88.78399754	7.39665365	0.15797244
88.78799754	7.39665365	0.15797244
88.79199754	7.39665365	0.17378199
88.79599754	7.39665365	0.15797244
88.79999754	7.39665365	0.17378199
88.80399754	7.39665365	0.15797244
88.80799754	7.39665365	0.17378199
88.81199754	7.39665365	0.15797244
88.81599754	7.39665365	0.17378199
88.81999754	7.39665365	0.15797244
88.82399754	7.39665365	0.17378199
88.82799754	7.39665365	0.15797244
88.83199754	7.39665365	0.15797244
88.83599754	7.39665365	0.15797244
88.83999754	7.39665365	0.17378199
88.84399754	7.39665365	0.15797244
88.84799754	7.39665365	0.15797244
88.85199754	7.39665365	0.15797244
88.85599754	7.39665365	0.17378199
88.85999754	7.39665365	0.15797244
88.86399754	7.39665365	0.17378199
88.86799754	7.39665365	0.17378199
88.87199754	7.39665365	0.17378199
88.87599754	7.39665365	0.17378199
88.87999754	7.39665365	0.17378199
88.88399754	7.39665365	0.15797244
88.88799754	7.39665365	0.15797244
88.89199754	7.39665365	0.15797244
88.89599754	7.39665365	0.15797244
88.89999754	7.39665365	0.15797244
88.90399754	7.39665365	0.15797244
88.90799754	7.39665365	0.15797244
88.91199754	7.39665365	0.17378199
88.91599754	7.39665365	0.15797244
88.91999754	7.39665365	0.15797244
88.92399754	7.39665365	0.15797244
88.92799754	7.39665365	0.17378199
88.93199754	7.39665365	0.15797244
88.93599754	7.39665365	0.15797244
88.93999754	7.39665365	0.15797244
88.94399754	7.39665365	0.15797244
88.94799754	7.23548222	0.15797244
88.95199754	7.39665365	0.15797244
88.95599754	7.39665365	0.15797244
88.95999754	7.55720949	0.15797244
88.96399754	7.39665365	0.15797244
88.96799754	7.39665365	0.15797244
88.97199754	7.39665365	0.15797244
88.97599754	7.39665365	0.15797244
88.97999754	7.39665365	0.15797244
88.98399754	7.39665365	0.15797244
88.98799754	7.39665365	0.15797244
88.99199754	7.39665365	0.17378199
88.99599754	7.39665365	0.15797244
88.99999754	7.39665365	0.15797244
89.00399754	7.39665365	0.15797244
89.00799754	7.39665365	0.15797244
89.01199754	7.39665365	0.15797244
89.01599754	7.39665365	0.17378199
89.01999754	7.39665365	0.15797244
89.02399754	7.39665365	0.15797244
89.02799754	7.39665365	0.15797244
89.03199754	7.39665365	0.17378199
89.03599754	7.39665365	0.15797244
89.03999754	7.55720949	0.15797244
89.04399754	7.39665365	0.15797244
89.04799754	7.39665365	0.17378199
89.05199754	7.39665365	0.15797244
89.05599754	7.39665365	0.15797244
89.05999754	7.55720949	0.15797244
89.06399754	7.39665365	0.17378199
89.06799754	7.39665365	0.15797244
89.07199754	7.39665365	0.15797244
89.07599753	7.39665365	0.15797244
89.07999753	7.39665365	0.15797244
89.08399753	7.39665365	0.15797244
89.08799753	7.39665365	0.15797244
89.09199753	7.55720949	0.15797244
89.09599753	7.39665365	0.15797244
89.09999753	7.39665365	0.15797244
89.10399753	7.39665365	0.15797244
89.10799753	7.39665365	0.15797244
89.11199753	7.39665365	0.17378199
89.11599753	7.39665365	0.15797244
89.11999753	7.39665365	0.15797244
89.12399753	7.39665365	0.15797244
89.12799753	7.39665365	0.17378199
89.13199753	7.39665365	0.15797244
89.13599753	7.39665365	0.15797244
89.13999753	7.39665365	0.15797244
89.14399753	7.55720949	0.15797244
89.14799753	7.55720949	0.15797244
89.15199753	7.39665365	0.15797244
89.15599753	7.39665365	0.15797244
89.15999753	7.55720949	0.15797244
89.16399753	7.55720949	0.15797244
89.16799753	7.39665365	0.17378199
89.17199753	7.39665365	0.15797244
89.17599753	7.39665365	0.17378199
89.17999753	7.55720949	0.15797244
89.18399753	7.39665365	0.17378199
89.18799753	7.39665365	0.15797244
89.19199753	7.39665365	0.17378199
89.19599753	7.39665365	0.15797244
89.19999753	7.55720949	0.17378199
89.20399753	7.39665365	0.15797244
89.20799753	7.39665365	0.15797244
89.21199753	7.39665365	0.15797244
89.21599753	7.39665365	0.17378199
89.21999753	7.39665365	0.15797244
89.22399753	7.39665365	0.15797244
89.22799753	7.55720949	0.15797244
89.23199753	7.55720949	0.15797244
89.23599753	7.55720949	0.15797244
89.23999753	7.39665365	0.15797244
89.24399753	7.39665365	0.15797244
89.24799753	7.39665365	0.15797244
89.25199753	7.39665365	0.15797244
89.25599753	7.55720949	0.15797244
89.25999753	7.39665365	0.15797244
89.26399753	7.39665365	0.15797244
89.26799753	7.39665365	0.15797244
89.27199753	7.39665365	0.15797244
89.27599753	7.39665365	0.15797244
89.27999753	7.39665365	0.17378199
89.28399753	7.55720949	0.17378199
89.28799753	7.39665365	0.17378199
89.29199753	7.39665365	0.15797244
89.29599753	7.39665365	0.17378199
89.29999753	7.39665365	0.15797244
89.30399753	7.55720949	0.17378199
89.30799753	7.39665365	0.15797244
89.31199753	7.39665365	0.17378199
89.31599753	7.39665365	0.15797244
89.31999753	7.39665365	0.15797244
89.32399753	7.39665365	0.15797244
89.32799753	7.39665365	0.15797244
89.33199753	7.55720949	0.15797244
89.33599753	7.55720949	0.17378199
89.33999753	7.55720949	0.15797244
89.34399753	7.39665365	0.15797244
89.34799753	7.39665365	0.15797244
89.35199753	7.39665365	0.17378199
89.35599753	7.39665365	0.15797244
89.35999753	7.39665365	0.17378199
89.36399753	7.39665365	0.15797244
89.36799753	7.39665365	0.17378199
89.37199753	7.39665365	0.15797244
89.37599753	7.39665365	0.17378199
89.37999753	7.39665365	0.17378199
89.38399753	7.39665365	0.17378199
89.38799753	7.39665365	0.15797244
89.39199753	7.55720949	0.15797244
89.39599753	7.39665365	0.15797244
89.39999753	7.39665365	0.15797244
89.40399753	7.39665365	0.15797244
89.40799753	7.39665365	0.15797244
89.41199753	7.39665365	0.15797244
89.41599753	7.39665365	0.15797244
89.41999753	7.39665365	0.15797244
89.42399753	7.55720949	0.15797244
89.42799752	7.55720949	0.15797244
89.43199752	7.39665365	0.15797244
89.43599752	7.39665365	0.15797244
89.43999752	7.39665365	0.15797244
89.44399752	7.55720949	0.15797244
89.44799752	7.55720949	0.15797244
89.45199752	7.55720949	0.15797244
89.45599752	7.39665365	0.17378199
89.45999752	7.39665365	0.15797244
89.46399752	7.39665365	0.17378199
89.46799752	7.39665365	0.15797244
89.47199752	7.55720949	0.15797244
89.47599752	7.55720949	0.15797244
89.47999752	7.55720949	0.17378199
89.48399752	7.39665365	0.15797244
89.48799752	7.23548222	0.15797244
89.49199752	7.39665365	0.15797244
89.49599752	7.55720949	0.15797244
89.49999752	7.55720949	0.15797244
89.50399752	7.55720949	0.17378199
89.50799752	7.55720949	0.15797244
89.51199752	7.39665365	0.15797244
89.51599752	7.39665365	0.15797244
89.51999752	7.39665365	0.15797244
89.52399752	7.55720949	0.15797244
89.52799752	7.55720949	0.17378199
89.53199752	7.55720949	0.15797244
89.53599752	7.39665365	0.15797244
89.53999752	7.39665365	0.15797244
89.54399752	7.39665365	0.15797244
89.54799752	7.39665365	0.15797244
89.55199752	7.39665365	0.15797244
89.55599752	7.55720949	0.15797244
89.55999752	7.55720949	0.15797244
89.56399752	7.39665365	0.15797244
89.56799752	7.39665365	0.17378199
89.57199752	7.39665365	0.15797244
89.57599752	7.55720949	0.15797244
89.57999752	7.55720949	0.15797244
89.58399752	7.39665365	0.15797244
89.58799752	7.39665365	0.15797244
89.59199752	7.39665365	0.15797244
89.59599752	7.39665365	0.15797244
89.59999752	7.39665365	0.15797244
89.60399752	7.39665365	0.15797244
89.60799752	7.39665365	0.15797244
89.61199752	7.55720949	0.15797244
89.61599752	7.39665365	0.15797244
89.61999752	7.39665365	0.15797244
89.62399752	7.39665365	0.15797244
89.62799752	7.55720949	0.15797244
89.63199752	7.55720949	0.15797244
89.63599752	7.55720949	0.15797244
89.63999752	7.39665365	0.15797244
89.64399752	7.39665365	0.15797244
89.64799752	7.39665365	0.15797244
89.65199752	7.39665365	0.15797244
89.65599752	7.39665365	0.15797244
89.65999752	7.55720949	0.15797244
89.66399752	7.55720949	0.15797244
89.66799752	7.39665365	0.15797244
89.67199752	7.39665365	0.15797244
89.67599752	7.39665365	0.15797244
89.67999752	7.39665365	0.15797244
89.68399752	7.55720949	0.15797244
89.68799752	7.39665365	0.15797244
89.69199752	7.39665365	0.15797244
89.69599752	7.39665365	0.15797244
89.69999752	7.39665365	0.15797244
89.70399752	7.39665365	0.15797244
89.70799752	7.55720949	0.15797244
89.71199752	7.55720949	0.15797244
89.71599752	7.55720949	0.15797244
89.71999752	7.39665365	0.15797244
89.72399752	7.39665365	0.15797244
89.72799752	7.39665365	0.15797244
89.73199752	7.39665365	0.15797244
89.73599752	7.39665365	0.15797244
89.73999752	7.55720949	0.15797244
89.74399752	7.55720949	0.15797244
89.74799752	7.39665365	0.15797244
89.75199752	7.39665365	0.17378199
89.75599752	7.39665365	0.15797244
89.75999752	7.55720949	0.15797244
89.76399752	7.55720949	0.15797244
89.76799752	7.39665365	0.15797244
89.77199752	7.39665365	0.15797244
89.77599752	7.55720949	0.15797244
89.77999752	7.55720949	0.15797244
89.78399751	7.39665365	0.15797244
89.78799751	7.23548222	0.15797244
89.79199751	7.39665365	0.15797244
89.79599751	7.71838093	0.15797244
89.79999751	7.55720949	0.15797244
89.80399751	7.39665365	0.15797244
89.80799751	7.23548222	0.15797244
89.81199751	7.39665365	0.15797244
89.81599751	7.55720949	0.15797244
89.81999751	7.39665365	0.15797244
89.82399751	7.23548222	0.15797244
89.82799751	7.39665365	0.15797244
89.83199751	7.55720949	0.15797244
89.83599751	7.55720949	0.15797244
89.83999751	7.39665365	0.15797244
89.84399751	7.39665365	0.15797244
89.84799751	7.55720949	0.15797244
89.85199751	7.55720949	0.15797244
89.85599751	7.55720949	0.15797244
89.85999751	7.39665365	0.15797244
89.86399751	7.39665365	0.15797244
89.86799751	7.55720949	0.15797244
89.87199751	7.39665365	0.15797244
89.87599751	7.39665365	0.15797244
89.87999751	7.39665365	0.15797244
89.88399751	7.55720949	0.15797244
89.88799751	7.55720949	0.15797244
89.89199751	7.39665365	0.15797244
89.89599751	7.39665365	0.15797244
89.89999751	7.39665365	0.15797244
89.90399751	7.39665365	0.15797244
89.90799751	7.39665365	0.15797244
89.91199751	7.39665365	0.15797244
89.91599751	7.55720949	0.15797244
89.91999751	7.55720949	0.15797244
89.92399751	7.39665365	0.15797244
89.92799751	7.23548222	0.15797244
89.93199751	7.39665365	0.15797244
89.93599751	7.55720949	0.17378199
89.93999751	7.39665365	0.15797244
89.94399751	7.39665365	0.15797244
89.94799751	7.39665365	0.15797244
89.95199751	7.55720949	0.15797244
89.95599751	7.39665365	0.15797244
89.95999751	7.39665365	0.15797244
89.96399751	7.39665365	0.15797244
89.96799751	7.55720949	0.15797244
89.97199751	7.39665365	0.15797244
89.97599751	7.39665365	0.17378199
89.97999751	7.23548222	0.15797244
89.98399751	7.39665365	0.15797244
89.98799751	7.55720949	0.15797244
89.99199751	7.39665365	0.17378199
89.99599751	7.39665365	0.15797244
89.99999751	7.39665365	0.15797244
90.00399751	7.39665365	0.15797244
